layer,direction,A_f,A_m,A_f_noen,A_m_noen,A_f_abs,A_m_abs,A_f_con,A_m_con,exc_auc,homo_auc_noun,homo_auc_verb,homo_auc_diff,multi_p_diff,cos_concreteness,A_f_lo,A_f_hi,A_m_lo,A_m_hi,A_f_noen_lo,A_f_noen_hi,A_m_noen_lo,A_m_noen_hi,A_f_abs_lo,A_f_abs_hi,A_m_abs_lo,A_m_abs_hi,A_f_con_lo,A_f_con_hi,A_m_con_lo,A_m_con_hi,exc_auc_lo,exc_auc_hi,homo_auc_noun_lo,homo_auc_noun_hi,homo_auc_verb_lo,homo_auc_verb_hi,homo_auc_diff_lo,homo_auc_diff_hi,multi_p_diff_lo,multi_p_diff_hi,regular_test_auc,p_ma_m,p_clipping_f,p_true_m,p_true_f,n_excm,n_excm_noen,n_conc_imputed_train,p_item_foto,p_item_moto,p_item_mano,multi_p_diff_lean_m,multi_p_diff_lean_f,matched_cv_auc
0,adom_matched,0.6029914529914531,0.5459866220735786,0.6222222222222222,0.5419254658385093,0.6109090909090908,0.5,0.6269230769230769,0.5719063545150502,0.358974358974359,0.6784476784476785,0.6784476784476785,0.0,0.0,0.037932214731399065,0.393568376068376,0.7555982905982905,0.3727633779264214,0.7115802675585284,0.37603174603174605,0.8238492063492062,0.30275621118012425,0.7670807453416149,0.32,0.858181818181818,0.26755050505050504,0.8333333333333333,0.35,0.8307692307692307,0.32433110367892976,0.769314381270903,0.0,0.8703703703703703,0.4749753118503119,0.8284592245989304,0.4749753118503119,0.8284592245989304,0.0,0.0,0.0,0.0,0.6497584541062802,0.43314491858717014,-0.41341056034091167,-0.009827918984996862,-0.30778254560105534,26,14,4,0.18565071081949258,-1.012471831501316,-0.30778254560105534,0.0,0.0,0.372
0,dom_matched,0.6824786324786324,0.5326086956521738,0.6857142857142858,0.5496894409937888,0.8109090909090909,0.505050505050505,0.5576923076923077,0.5618729096989967,0.6538461538461539,0.6666666666666666,0.6666666666666666,0.0,0.0,-0.03656393483186296,0.43331196581196585,0.8096260683760682,0.34945652173913044,0.719920568561873,0.38728174603174603,0.8396825396825396,0.32298136645962733,0.7732919254658385,0.4307727272727273,0.9236363636363636,0.23724747474747473,0.7828282828282828,0.3038461538461539,0.7808653846153846,0.3075250836120401,0.8026755852842808,0.10256410256410256,0.9487179487179488,0.4341295176607229,0.8035736268939392,0.4341295176607229,0.8035736268939392,0.0,0.0,0.0,0.0,0.714975845410628,0.19808335896913834,0.7252114288971991,0.32335408061048043,0.8888362451501257,26,14,4,1.5028279319458913,-0.05240507415149304,0.8888362451501257,0.0,0.0,0.41200000000000003
0,probe_matched,0.6782051282051282,0.5484949832775919,0.6857142857142858,0.5807453416149069,0.7636363636363637,0.48989898989898994,0.6000000000000001,0.6153846153846154,0.47435897435897434,0.7574497574497574,0.7574497574497574,0.0,0.0,-0.013665475926520317,0.45425213675213677,0.8145299145299144,0.35451505016722407,0.6916387959866219,0.40791666666666665,0.8318055555555555,0.33381211180124226,0.7748447204968943,0.4490454545454546,0.9564090909090909,0.1816919191919192,0.7525252525252525,0.3269230769230769,0.7981249999999999,0.3344481605351171,0.7926421404682275,0.11111111111111116,0.92,0.48502645458949967,0.8289646814404432,0.48502645458949967,0.8289646814404432,0.0,0.0,0.0,0.0,0.7178743961352657,0.09803200813754157,-0.1577765551803479,0.44171451996889227,0.3608892420022314,26,14,4,0.66884351515988,-0.9843966255205758,0.3608892420022314,0.0,0.0,0.332
0,dom_regular,0.8363247863247864,1.0,0.8,0.9999999999999999,0.8836363636363637,1.0,0.8461538461538461,1.0,0.0,1.0,1.0,0.0,0.0,-0.19277703219649658,0.6952564102564103,0.9264957264957265,0.9790551839464883,1.0,0.6031746031746033,0.9285714285714285,0.9875776397515528,1.0,0.6871818181818181,0.9927272727272727,0.9494949494949495,1.0,0.6230288461538461,0.9538461538461538,0.9731605351170569,1.0,0.0,0.1071428571428571,0.9999826749826749,1.0,0.9999826749826749,1.0,0.0,0.0,0.0,0.0,1.0,0.5873813473188929,0.23528976544261743,0.8436890283126647,0.346443614241972,26,14,12,0.3306656653957691,0.13991386548946577,0.346443614241972,0.0,0.0,
0,dom_regular_verberase,0.7542735042735043,0.9331103678929766,0.6841269841269841,0.9347826086956521,0.8327272727272728,0.888888888888889,0.7346153846153846,0.9565217391304348,0.025641025641025623,0.8045738045738046,0.8045738045738046,0.0,0.0,-0.15166916243026307,0.6062820512820514,0.8623931623931623,0.8469899665551839,0.9933528428093646,0.4967857142857143,0.8333531746031746,0.8571040372670807,1.0,0.6308636363636363,0.96,0.7222222222222222,1.0,0.5576442307692308,0.9019230769230769,0.8060200668896321,1.0,0.0,0.16099999999999984,0.6337673611111112,0.9002265471634511,0.6337673611111112,0.9002265471634511,0.0,0.0,0.0,0.0,0.9405797101449276,0.5653265787630783,0.17065922374780318,0.8587033685477197,0.25002676420924186,26,14,12,0.2758922825810625,0.06542616491454384,0.25002676420924186,0.0,0.0,
0,dom_regular_rank2,0.6995726495726495,0.9172240802675586,0.6174603174603175,0.9254658385093169,0.8036363636363637,0.8787878787878788,0.6384615384615385,0.9364548494983278,0.051282051282051246,0.7934857934857935,0.7934857934857935,0.0,0.0,-0.16189809860046306,0.566559829059829,0.8299145299145299,0.8227215719063545,0.9782608695652174,0.44440476190476186,0.788888888888889,0.8555512422360249,0.9891304347826086,0.5926818181818182,0.9418181818181818,0.7069444444444445,1.0,0.44605769230769227,0.8403846153846153,0.7892976588628763,1.0,0.0,0.16150000000000037,0.624984756097561,0.9040265583234334,0.624984756097561,0.9040265583234334,0.0,0.0,0.0,0.0,0.9309178743961353,0.5920215484500269,0.12310330950483094,0.8747288691739827,0.23721541383439657,26,14,12,0.23939549739462565,0.006811121615036226,0.23721541383439657,0.0,0.0,
1,adom_matched,0.6743589743589744,0.6521739130434783,0.7047619047619047,0.6475155279503105,0.5672727272727273,0.6818181818181819,0.823076923076923,0.6220735785953178,0.5384615384615384,0.8087318087318087,0.7616077616077617,0.04712404712404705,-0.03086020786265504,0.10448995153232314,0.39568376068376065,0.8119871794871795,0.36448578595317727,0.8378135451505017,0.4047222222222222,0.865079365079365,0.3164208074534162,0.83555900621118,0.22545454545454544,0.8255454545454546,0.3231060606060606,0.9090909090909091,0.4306730769230769,0.9538461538461538,0.27065217391304347,0.8494983277591973,0.0,1.0,0.5163414634146342,0.8788284532781965,0.4642682072829132,0.850163615593303,-0.03751387420718814,0.12397843486425038,-0.597517816769395,0.3531013214471526,0.8183574879227052,0.5152479500689706,0.15561357645965374,0.3560783920938677,1.3601736650591114,26,14,4,-0.49713766433562556,0.808364817254933,1.3601736650591114,0.019219533034630257,-0.0880941974595525,0.4
1,dom_matched,0.6008547008547008,0.7157190635451505,0.6158730158730159,0.7267080745341615,0.5672727272727274,0.6616161616161615,0.6192307692307693,0.7424749163879598,0.9230769230769231,0.7934857934857935,0.760914760914761,0.032571032571032554,-0.07013509662563182,-0.011387658572486692,0.35809829059829057,0.7872008547008548,0.4113503344481605,0.8478260869565217,0.3363888888888889,0.8222222222222222,0.39592391304347824,0.8757763975155279,0.2581818181818182,0.8364545454545453,0.30303030303030304,0.8838383838383838,0.3267307692307692,0.8999999999999999,0.34774247491638793,0.886371237458194,0.038461538461538436,1.0,0.5009787163329487,0.8949382702100093,0.46310106981981985,0.8697331947331947,-0.05003871058040103,0.11162798668233434,-0.7977159668836056,0.4396799886352701,0.8038647342995169,0.7340698749755109,1.977175836121734,0.9609841919459382,4.365007711812286,26,14,4,1.8192162634869682,2.1351354087564998,4.365007711812286,-0.0718811075241795,-0.06813965559872018,0.45600000000000007
1,probe_matched,0.6376068376068376,0.6655518394648828,0.607936507936508,0.7111801242236024,0.5963636363636364,0.5505050505050504,0.676923076923077,0.7157190635451506,0.9615384615384615,0.8523908523908524,0.7574497574497574,0.09494109494109504,0.027277770702676243,-0.005129329083416799,0.405982905982906,0.7983119658119658,0.4197324414715719,0.7927466555183945,0.346031746031746,0.8127380952380951,0.4177018633540373,0.8260869565217391,0.2836363636363637,0.8472727272727272,0.2828282828282828,0.8183080808080807,0.3460576923076923,0.8654807692307692,0.38127090301003347,0.8796822742474916,0.19573148148148153,1.0,0.5737823761261261,0.8909805253623189,0.464269008019008,0.8642062230297525,-0.024270097512284997,0.19274823210307077,-0.3759501519502909,0.6026735291129682,0.763768115942029,0.5889445275830244,1.9638111477920668,0.3050992152543534,2.2147593968446495,26,14,4,1.300589196714348,2.6270330988697856,2.2147593968446495,0.02905543781408947,0.025246151146775413,0.33599999999999997
1,dom_regular,0.9196581196581197,1.0,0.8904761904761904,1.0,0.92,1.0,0.95,1.0,0.0,1.0,1.0,0.0,0.01584317782691385,-0.10046562088133106,0.8187393162393162,0.9777777777777777,0.9882734113712375,1.0,0.7444047619047619,0.9857539682539682,0.9875776397515528,1.0,0.7563636363636365,1.0,0.9797979797979798,1.0,0.8461538461538461,1.0,0.9932274247491638,1.0,0.0,0.035780423280423204,0.9999999999999999,1.0,0.9999999999999999,1.0,-1.1102230246251565e-16,1.1102230246251565e-16,-0.002630462304813946,0.0398663230706784,1.0,0.670634121683064,0.06014058938465833,0.7669887063797695,0.22582146255910432,26,14,12,0.16203500045923958,-0.041753821689922914,0.22582146255910432,0.002010032803676049,0.03165248642489991,
1,dom_regular_verberase,0.888034188034188,0.6680602006688963,0.8507936507936508,0.7018633540372671,0.9345454545454545,0.7070707070707072,0.8807692307692307,0.6153846153846154,0.1794871794871795,0.7844767844767845,0.8212058212058212,-0.03672903672903671,0.02270620418488835,-0.13716540349342746,0.735042735042735,0.9607051282051282,0.48072742474916386,0.8144230769230769,0.6584126984126984,0.9698809523809522,0.476669254658385,0.8571428571428571,0.7672727272727273,1.0,0.40909090909090906,0.9191919191919191,0.6192307692307693,0.9769230769230769,0.36446488294314383,0.8193979933110368,0.0,0.5797037037037034,0.6544211208727337,0.8784958636521136,0.6722046084546084,0.8933298683298682,-0.07145751535286438,0.015643601190476066,-0.010185544849580522,0.06264913639018457,0.9579710144927536,0.11462287102810709,-0.2779930886633173,0.5869296078296321,-0.1715505907746144,26,14,12,-0.25553590794847353,-0.300450269378161,-0.1715505907746144,0.012427400503676269,0.034453408391987864,
1,dom_regular_rank2,0.8811965811965812,0.6521739130434783,0.846031746031746,0.6847826086956521,0.9381818181818181,0.696969696969697,0.8576923076923078,0.5953177257525084,0.1923076923076923,0.7623007623007624,0.8038808038808039,-0.04158004158004147,0.019679234889334197,-0.15227152495348967,0.7444017094017094,0.9581410256410257,0.4522993311036789,0.8018394648829431,0.6617460317460317,0.9651190476190475,0.4486413043478261,0.8354037267080744,0.7709090909090909,1.0,0.4190656565656565,0.898989898989899,0.5999038461538462,0.9692307692307692,0.3411371237458194,0.8093645484949833,0.0357142857142857,0.6604999999999995,0.6264802564277433,0.8641153590008397,0.6583219472935539,0.888483893557423,-0.0803395117348607,0.016625154216811433,-0.017794048047981317,0.05987363585972287,0.9449275362318841,0.10004975642981873,-0.20459307634674412,0.5679289417463612,-0.20790318911705755,26,14,12,-0.15237972226805294,-0.2568064304254353,-0.20790318911705755,0.0072006101191809035,0.03394052034093797,
2,adom_matched,0.7521367521367521,0.5175585284280937,0.7666666666666667,0.5031055900621119,0.7127272727272728,0.5303030303030303,0.8038461538461539,0.4916387959866221,0.5256410256410257,0.7373527373527374,0.7165627165627166,0.02079002079002079,0.0880960043048101,0.08514872841142027,0.36750000000000005,0.8521794871794871,0.26335702341137124,0.7986831103678927,0.3698015873015873,0.882579365079365,0.22814440993788823,0.7981366459627328,0.2762727272727272,0.9018181818181819,0.18661616161616168,0.8637626262626261,0.3153846153846154,0.9538461538461538,0.19055183946488297,0.8528428093645485,0.0,1.0,0.49044632370213764,0.8280635689225336,0.4815518775077598,0.8052700783169533,-0.09479094076655054,0.1227130614935492,-0.5765815591519426,0.9066030423424434,0.7821256038647343,0.07441797975525832,-0.3587800911023867,0.08539897826597508,0.8486414761275782,26,14,4,-1.2592006471887571,0.5416404649839838,0.8486414761275782,0.21166032591557168,-0.05312036325034602,0.368
2,dom_matched,0.5376068376068376,0.6680602006688963,0.5587301587301587,0.6599378881987578,0.5490909090909091,0.6515151515151515,0.4884615384615385,0.6521739130434783,0.9102564102564102,0.8156618156618157,0.7616077616077617,0.05405405405405406,0.10281933912839414,-0.07081105604629703,0.3213675213675214,0.8299358974358974,0.2942307692307692,0.8252717391304348,0.29837301587301585,0.8540079365079364,0.2670419254658385,0.8323369565217391,0.2399090909090909,0.8872727272727272,0.25757575757575757,0.8738636363636362,0.2191346153846154,0.8999999999999999,0.2573578595317726,0.8461538461538463,0.036309523809523805,1.0,0.5270641447368422,0.8634329097492656,0.511904761904762,0.8501776568849739,-0.07624070063094446,0.1384983467818944,-0.8034078916439348,1.216700485127051,0.7289855072463768,1.2930840473205856,6.201407830519069,2.261160673767781,7.456529609190468,26,14,4,7.082861592023578,5.31995406901456,7.456529609190468,0.21143623738178735,-0.021314258875483803,0.5040000000000001
2,probe_matched,0.6384615384615384,0.5568561872909699,0.6126984126984127,0.5543478260869565,0.7236363636363636,0.5252525252525252,0.5115384615384615,0.5618729096989966,0.9487179487179487,0.7983367983367984,0.7927927927927928,0.005544005544005581,-0.005736570034491868,-0.02420062041595386,0.41192307692307695,0.814551282051282,0.3235576923076923,0.7207566889632107,0.38095238095238093,0.8317857142857142,0.2934782608695652,0.75,0.41800000000000004,0.9199999999999999,0.20694444444444446,0.7626262626262627,0.25375,0.8231730769230768,0.2808528428093645,0.7993311036789298,0.3928571428571429,1.0,0.5987249195178559,0.8641456582633052,0.5792308937657775,0.8708422783933518,-0.07663859577922079,0.08960181451612903,-1.483346847336217,1.0360596142811314,0.6884057971014493,0.059264514224037355,2.1641496459422758,0.8522513810670561,4.189265196924314,26,14,4,1.6290323659682118,2.6992669259163398,4.189265196924314,0.11178467898752936,-0.1400465689168018,0.488
2,dom_regular,0.9247863247863247,0.9573578595317725,0.9079365079365079,0.9782608695652175,0.9127272727272727,0.9040404040404041,0.9653846153846154,0.9933110367892977,0.012820512820512811,1.0,1.0,0.0,0.060028124607397676,-0.03369142734030228,0.7673931623931624,0.9726495726495726,0.7365802675585285,1.0,0.7396825396825397,0.9857142857142857,0.7142857142857142,1.0,0.7054545454545454,0.9963636363636363,0.6363636363636364,1.0,0.7651923076923076,1.0,0.6923076923076924,1.0,0.0,0.4200144927536232,0.9999999999999999,1.0,0.9999999999999999,1.0,-1.1102230246251565e-16,1.1102230246251565e-16,0.030756896437343362,0.08935569571383105,1.0,0.5718076376869587,-0.2064806711532936,0.6835264056087471,0.034224147788137496,26,14,12,-0.16544654305869075,-0.24751479924789646,0.034224147788137496,0.0643288037467057,0.05511306273390278,
2,dom_regular_verberase,0.8837606837606838,0.5752508361204014,0.8603174603174604,0.6226708074534161,0.9018181818181817,0.5606060606060606,0.8769230769230769,0.5418060200668896,0.08974358974358976,0.8184338184338185,0.8828828828828829,-0.0644490644490644,0.07461422311930997,0.04603474249349962,0.7546367521367521,0.9572863247863247,0.38877508361204016,0.7316262541806019,0.6840873015873016,0.973015873015873,0.37418478260869553,0.796583850931677,0.7418181818181819,1.0,0.2928030303030303,0.843560606060606,0.6884615384615385,0.9807692307692307,0.28754180602006685,0.7558528428093646,0.0,0.27827777777777785,0.6715112920168068,0.8918942461625389,0.7409712420865227,0.9354166666666667,-0.11923611111111124,0.0,0.0227767223676497,0.1562822305444912,0.9400966183574878,-0.22384800637628488,-2.348483319533109,-0.0672768908143727,-1.7852581439170476,26,14,12,-2.9301403175692813,-1.7668263214969375,-1.7852581439170476,0.0871150546128858,0.060327558555223315,
2,dom_regular_rank2,0.8803418803418803,0.5476588628762542,0.861904761904762,0.562111801242236,0.9018181818181817,0.5656565656565657,0.8615384615384616,0.5083612040133779,0.1282051282051282,0.772002772002772,0.8572418572418573,-0.0852390852390853,0.07877570906160643,0.022517604789692638,0.7572435897435897,0.9589743589743589,0.3535744147157191,0.7024665551839464,0.6999603174603174,0.9746825396825396,0.34316770186335405,0.7437888198757765,0.7454545454545455,1.0,0.2877525252525252,0.8082070707070705,0.6499999999999999,0.9769230769230769,0.26421404682274247,0.7157190635451505,0.0,0.3858493589743586,0.6167426255895785,0.8659791883229383,0.7072570903361344,0.9201388888888888,-0.14941148165829332,-0.015934103260869553,0.0215159000339616,0.15563115077274117,0.9260869565217391,-0.28332428429365686,-2.147928230847525,-0.077250428304746,-1.724840181401223,26,14,12,-2.696945349177514,-1.598911112517536,-1.724840181401223,0.08552856051215298,0.07105816454669604,
3,adom_matched,0.7042735042735043,0.5351170568561874,0.7746031746031746,0.4906832298136646,0.6436363636363636,0.5757575757575757,0.7576923076923077,0.4983277591973244,0.1538461538461538,0.7456687456687456,0.7193347193347194,0.02633402633402626,0.03417259582149926,0.06832542035855398,0.3153418803418803,0.8231837606837606,0.26001254180602007,0.8269648829431439,0.3284920634920635,0.8794047619047618,0.2002329192546584,0.8184394409937886,0.1890909090909091,0.8581818181818182,0.2119949494949495,0.898989898989899,0.2692307692307693,0.9153846153846154,0.1906354515050167,0.8461538461538461,0.0,0.9814814814814815,0.44671445646579033,0.8482150468883204,0.46378100562072333,0.8336798336798337,-0.08614671960260198,0.09388742997198875,-1.2449738018045287,1.1519686588959699,0.761352657004831,0.13203882278181908,-2.0532846704698513,0.017671750761612953,-0.7831445855240443,26,14,4,-3.6971703168350354,-0.40939902410466744,-0.7831445855240443,0.12255492084136721,-0.06683577562977844,0.4800000000000001
3,dom_matched,0.45470085470085475,0.7391304347826086,0.49047619047619045,0.7065217391304348,0.4181818181818182,0.7676767676767677,0.43846153846153846,0.7023411371237458,0.8846153846153846,0.8267498267498268,0.814968814968815,0.011781011781011763,0.18512977858958424,-0.07920036719213616,0.26579059829059826,0.8026282051282051,0.31686872909699,0.8411371237458194,0.2507936507936508,0.8270238095238095,0.2841614906832298,0.8478649068322981,0.16718181818181818,0.84,0.26755050505050504,0.9191919191919191,0.18076923076923077,0.8616346153846154,0.23720735785953181,0.866304347826087,0.0,1.0,0.47804354435511115,0.8645557980404192,0.5033247791060291,0.862452876984127,-0.09447418572418562,0.08739007216381255,-1.4824965610665888,2.3423757395812257,0.721256038647343,1.7780055139459967,6.56165193970247,2.493734572422419,7.216894716858775,26,14,4,8.052681422246689,5.070622457158251,7.216894716858775,0.23791300733107776,0.12480608859930589,0.5599999999999999
3,probe_matched,0.5247863247863248,0.6914715719063544,0.5333333333333333,0.6739130434782609,0.5381818181818181,0.7070707070707071,0.4461538461538461,0.6923076923076923,0.8461538461538461,0.851004851004851,0.8426888426888427,0.008316008316008316,1.2042240853332732e-06,-0.034764172355580346,0.2888888888888889,0.7230769230769231,0.4246864548494983,0.823641304347826,0.27456349206349207,0.7589285714285712,0.39083850931677017,0.8416925465838508,0.2545454545454545,0.8000909090909091,0.393939393939394,0.8888888888888888,0.1576923076923077,0.7270192307692307,0.3612040133779264,0.882943143812709,0.2142857142857143,1.0,0.6370703619931898,0.8946246618827264,0.591620995451026,0.8948999386174767,-0.05997398229105554,0.11366445226739343,-0.7497497121430298,0.9357761681243099,0.7149758454106281,0.9033261102887298,2.417792061777581,1.1560302587223175,3.3764504865423235,26,14,4,1.9527029323765144,2.8828811911786483,3.3764504865423235,0.06663837136463911,-0.07615555822226185,0.64
3,dom_regular,0.9247863247863247,0.919732441471572,0.9079365079365079,0.9254658385093167,0.9018181818181819,0.8636363636363638,0.95,0.9665551839464883,0.012820512820512811,1.0,1.0,0.0,0.047277496510720496,-0.0761679243947513,0.7537606837606838,0.9718162393162393,0.7357859531772576,1.0,0.7047619047619048,0.9714285714285714,0.6876940993788819,1.0,0.628909090909091,0.989090909090909,0.6363636363636364,1.0,0.7653846153846153,1.0,0.6688127090301004,1.0,0.0,0.537037037037037,0.9999999999999999,1.0,0.9999999999999999,1.0,-1.1102230246251565e-16,1.1102230246251565e-16,0.019592939669664498,0.07573537539251632,1.0,0.6086232101816075,-0.3007956677839003,0.6423366570066809,-0.05870738624538083,26,14,12,-0.3693369611142431,-0.23225437445355757,-0.05870738624538083,0.05033516298894956,0.04378302053560159,
3,dom_regular_verberase,0.8717948717948718,0.5953177257525084,0.853968253968254,0.6599378881987578,0.9018181818181817,0.5757575757575758,0.8384615384615385,0.5785953177257526,0.10256410256410257,0.8066528066528066,0.8177408177408177,-0.011088011088011163,0.009549888094390285,0.03972823060325247,0.7324786324786325,0.9479273504273503,0.401316889632107,0.7567516722408028,0.6792460317460318,0.9571825396825396,0.400582298136646,0.8245341614906833,0.7380909090909091,1.0,0.2928030303030303,0.8282828282828283,0.6076923076923078,0.973076923076923,0.3142140468227425,0.7959866220735786,0.0,0.28200483091787437,0.663837458199856,0.885114243966431,0.6666487455197132,0.8946638946638946,-0.07596366558244147,0.05894166538697788,-0.047699577299211454,0.06815240784090307,0.9299516908212561,-0.30055028858389526,-3.345885247601735,-0.3035566216730483,-2.67680335570398,26,14,12,-4.840788158138028,-1.8509823370654426,-2.67680335570398,0.0032110086813197623,0.01679432170932802,
3,dom_regular_rank2,0.8623931623931624,0.5819397993311037,0.8523809523809524,0.6304347826086957,0.9054545454545454,0.5909090909090908,0.8,0.5551839464882943,0.11538461538461538,0.753984753984754,0.8024948024948025,-0.04851004851004859,0.022372317542978817,0.014773340523435178,0.7188034188034188,0.9461538461538461,0.37872073578595317,0.7308110367892977,0.6825396825396826,0.9492063492063492,0.3617624223602484,0.7981366459627329,0.7344545454545455,1.0,0.2978535353535353,0.8284090909090908,0.5575961538461539,0.9615384615384615,0.2974080267558529,0.7760033444816054,0.0,0.320558608058608,0.6112160290484391,0.849333304478301,0.6455018747559871,0.8797312801932368,-0.10525578905342618,0.029443021110883354,-0.03213280169217867,0.08312281030985501,0.9169082125603866,-0.3390784290369856,-3.1521200107079808,-0.32362220293937427,-2.6273266827180937,26,14,12,-4.649169226612909,-1.6550707948030519,-2.6273266827180937,0.012180862270429664,0.03401969499732072,
4,adom_matched,0.7435897435897436,0.5434782608695652,0.7746031746031746,0.5186335403726707,0.7309090909090908,0.6212121212121212,0.7615384615384615,0.47157190635451507,0.20512820512820512,0.787941787941788,0.7290367290367291,0.05890505890505893,-0.008689041102031505,0.06048900641874831,0.3093162393162393,0.8427777777777777,0.29262123745819396,0.8244983277591974,0.3174206349206349,0.8682539682539683,0.24988354037267088,0.827639751552795,0.22545454545454546,0.8981818181818182,0.23232323232323232,0.904040404040404,0.26913461538461536,0.9076923076923077,0.2206521739130435,0.8595317725752508,0.0,1.0,0.5038299397502904,0.8708412114845938,0.4552157531873614,0.851004851004851,-0.06305282155145367,0.15750044812438466,-1.3384805557653534,0.7220538309402423,0.7927536231884058,0.15742527958425767,-0.935081273009518,0.08042855008728571,-0.17892782081269107,26,14,4,-1.7256032646088257,-0.14455928141021038,-0.17892782081269107,-0.08764189047574893,0.08154278675364555,0.46399999999999997
4,dom_matched,0.47264957264957264,0.7491638795986623,0.4555555555555555,0.7562111801242236,0.45090909090909087,0.7777777777777778,0.4269230769230769,0.7090301003344481,0.9102564102564102,0.8205128205128205,0.7733887733887734,0.04712404712404705,0.13346805654733987,-0.07197225907364775,0.2649358974358974,0.7846581196581197,0.3811872909698997,0.8453177257525083,0.23646825396825397,0.8047619047619048,0.3493400621118012,0.8649456521739131,0.21072727272727274,0.8545454545454545,0.2676767676767677,0.9090909090909092,0.18846153846153846,0.8076923076923077,0.29088628762541807,0.8896321070234113,0.0197777777777778,1.0,0.5475240688131313,0.8691493855606758,0.5089141159579667,0.8522050127156295,-0.05365909679089022,0.13541666666666663,-1.0136649513884017,1.6992205306173307,0.7410628019323672,1.2190147214829352,3.831583776980696,1.4880889113844777,4.491338355508284,26,14,4,4.574628502707755,3.0885390512536373,4.491338355508284,0.0811402285524199,0.1932712885415341,0.528
4,probe_matched,0.5324786324786325,0.7433110367892977,0.4968253968253969,0.7422360248447204,0.5963636363636364,0.7626262626262627,0.41923076923076924,0.7357859531772575,0.858974358974359,0.8253638253638254,0.7262647262647264,0.09909909909909898,0.08426122018250326,-0.0378408554993302,0.28202991452991455,0.7401923076923077,0.4698369565217391,0.8570234113712375,0.26031746031746034,0.7334523809523807,0.4580357142857142,0.8835791925465838,0.2579090909090909,0.8472727272727273,0.3888888888888889,0.9141414141414141,0.14221153846153842,0.74625,0.3510869565217391,0.9096989966555185,0.1111111111111111,1.0,0.582590182346723,0.8857010135135134,0.46619138356562134,0.8510299411462202,-0.01755778828949568,0.20584808946877906,-0.23761472997168387,1.1095095876775518,0.7342995169082126,0.9055106319080771,1.6242388822806757,0.792845223887582,2.9416727238780997,26,14,4,1.3672269405827255,1.8812508239786259,2.9416727238780997,-0.00883727598403096,0.1906595015156852,0.5840000000000001
4,dom_regular,0.9358974358974359,0.955685618729097,0.9253968253968253,0.9611801242236024,0.9454545454545454,0.9040404040404041,0.95,0.9866220735785953,0.025641025641025623,1.0,1.0,0.0,0.04922948493536152,-0.09222920886850296,0.7683547008547009,0.9717948717948718,0.7533235785953177,1.0,0.7348015873015874,0.976190476190476,0.7204968944099378,1.0,0.7308181818181818,1.0,0.6464646464646465,1.0,0.7423076923076923,1.0,0.7189799331103679,1.0,0.0,0.3224358974358971,0.9999999999999999,1.0,0.9999999999999999,1.0,-1.1102230246251565e-16,1.1102230246251565e-16,0.020069924224396383,0.08126891178546261,1.0,0.6409991159389807,-0.19016620208091603,0.6775298191906624,0.09699707190985644,26,14,12,-0.2394990563358754,-0.14083334782595666,0.09699707190985644,0.05091631412261696,0.04730168014992675,
4,dom_regular_verberase,0.8717948717948718,0.7349498327759199,0.8476190476190476,0.7406832298136647,0.9127272727272726,0.702020202020202,0.8423076923076923,0.7056856187290971,0.08974358974358976,0.8932778932778933,0.7068607068607069,0.1864171864171864,0.0332262940969545,0.0021657555770427292,0.7281410256410257,0.9487393162393163,0.5425167224080268,0.8762750836120401,0.6776984126984127,0.9587698412698412,0.5093167701863354,0.9193322981366459,0.7236363636363636,1.0,0.4441919191919192,0.9193181818181816,0.6307692307692307,0.9769230769230769,0.4580267558528428,0.9063545150501673,0.0,0.26199999999999973,0.7541660830999066,0.9529262611725495,0.5448801359946722,0.8227265245493597,0.07409382082598844,0.3015404466966967,-0.02134762482405373,0.0895642136735551,0.9719806763285024,0.15209738879951146,-1.6628988958799837,0.2265376028669457,-1.0915015048250079,26,14,12,-2.6242882625209063,-0.7015095292390614,-1.0915015048250079,0.027540223420521207,0.03972466058430685,
4,dom_regular_rank2,0.8487179487179487,0.6546822742474916,0.834920634920635,0.6599378881987576,0.9090909090909091,0.6616161616161615,0.8076923076923077,0.6120401337792643,0.11538461538461538,0.8253638253638255,0.7463617463617463,0.07900207900207912,0.06195791252751568,-0.021522544849357214,0.7050641025641025,0.9384615384615385,0.4573369565217391,0.8118729096989967,0.6459920634920634,0.953968253968254,0.39130434782608703,0.8307453416149068,0.7160909090909091,1.0,0.3988636363636363,0.8991161616161615,0.5768269230769231,0.9577884615384615,0.35451505016722407,0.8362040133779264,0.0,0.36286231884057923,0.6701040583853083,0.9027542015914108,0.5780974665053903,0.8432619566765908,-0.01842024900164437,0.19048780487804876,-0.0021284015209857947,0.13678774607704006,0.9487922705314009,0.002272655728170105,-1.7816801050498718,0.11713569963101574,-1.2331562229244213,26,14,12,-2.9364558379937433,-0.6269043721060003,-1.2331562229244213,0.03276725706438853,0.09531866162823247,
5,adom_matched,0.6205128205128205,0.7307692307692307,0.6031746031746033,0.7282608695652174,0.5163636363636364,0.8131313131313131,0.6846153846153846,0.6387959866220736,0.6025641025641025,0.851004851004851,0.8281358281358281,0.022869022869022926,0.31209287733156926,0.06209683451288278,0.23583333333333334,0.8265170940170942,0.3436245819397994,0.862123745819398,0.21583333333333332,0.8619444444444444,0.2950310559006211,0.8835403726708074,0.14545454545454545,0.8438181818181816,0.297979797979798,0.9344696969696968,0.2152884615384615,0.9076923076923077,0.24414715719063546,0.8729933110367893,0.0,1.0,0.5440681003584229,0.8884285741707617,0.4830041580041579,0.8829348579348578,-0.08309659090909094,0.14735367063492058,-0.8644001727732663,1.8961130847319563,0.827536231884058,0.7385102990941491,0.7465527553849884,0.640318619058262,1.322408159334072,26,14,4,1.3364013048039651,0.15670420596601178,1.322408159334072,0.3753818626263219,0.2397626084232807,0.43200000000000005
5,dom_matched,0.35982905982905977,0.7951505016722408,0.3253968253968254,0.81055900621118,0.3563636363636363,0.797979797979798,0.3153846153846154,0.765886287625418,0.8333333333333333,0.8052668052668053,0.7768537768537769,0.028413028413028396,0.47271480961467444,-0.07733551614471103,0.17085470085470086,0.7863247863247863,0.4406354515050167,0.8821488294314381,0.13968253968253969,0.8001190476190474,0.39906832298136646,0.9053183229813664,0.12718181818181817,0.8328181818181818,0.37373737373737376,0.9343434343434344,0.09990384615384615,0.8116346153846153,0.3544314381270903,0.9030936454849497,0.029625000000000002,1.0,0.56665770609319,0.8998704662552949,0.5152191539704524,0.8917943129233452,-0.057349552724315626,0.13552234299516902,-2.7557283360685916,3.2200154895325612,0.7169082125603865,1.8817721631048367,4.137748793703333,1.8503119107179344,4.4780112604641635,26,14,4,5.880973488515155,2.3945240988915106,4.4780112604641635,0.4940975656260359,0.44827737417311836,0.56
5,probe_matched,0.5008547008547009,0.7675585284280936,0.46031746031746035,0.763975155279503,0.5781818181818181,0.7676767676767677,0.3846153846153846,0.7658862876254181,0.641025641025641,0.8690228690228691,0.8246708246708248,0.04435204435204432,0.3600306393211005,-0.02542108460910444,0.25891025641025645,0.7496153846153846,0.505831939799331,0.85873745819398,0.20793650793650797,0.7746825396825396,0.4642857142857143,0.888198757763975,0.23981818181818185,0.8290909090909091,0.4292929292929293,0.9191919191919192,0.13076923076923078,0.75,0.38428093645484956,0.8997491638795987,0.03796296296296297,1.0,0.6447121710526316,0.9328416823793231,0.5825451872822299,0.9198683131789303,-0.054056869369369376,0.14591716444418243,0.008101307013553966,1.510477529335286,0.772463768115942,1.0610798279866474,0.8391706910035888,0.6147265767443775,2.4031545590629975,26,14,4,0.7725852301977698,0.9057561518094078,2.4031545590629975,0.3666493240058367,0.3524664282528306,0.624
5,dom_regular,0.9632478632478632,0.9247491638795986,0.9634920634920635,0.9223602484472049,0.9527272727272728,0.8585858585858587,0.9923076923076923,0.959866220735786,0.03846153846153847,1.0,1.0,0.0,0.1952492868131842,-0.03004565887777212,0.8367307692307693,0.991474358974359,0.7850752508361204,1.0,0.8221825396825396,0.9936904761904761,0.7142468944099378,1.0,0.789,1.0,0.6363636363636365,1.0,0.8306730769230769,1.0,0.7692307692307693,1.0,0.0,0.1923076923076923,0.9999999999999999,1.0,0.9999999999999999,1.0,-1.1102230246251565e-16,1.1102230246251565e-16,0.11341598571700585,0.276997168385007,0.9990338164251208,0.5755638835622585,-0.2659422805935744,0.5813218841023978,0.13884609654903146,26,14,12,-0.37296475715561234,-0.1589198040315364,0.13884609654903146,0.23470496475165042,0.15015708345493697,
5,dom_regular_verberase,0.9384615384615383,0.7433110367892977,0.9301587301587301,0.717391304347826,0.949090909090909,0.7373737373737373,0.9576923076923077,0.7391304347826086,0.07692307692307694,0.76992376992377,0.6534996534996536,0.11642411642411643,0.1977008389934989,0.00814778776566462,0.8195726495726495,0.9811965811965812,0.5216973244147158,0.9373327759197324,0.7505555555555555,0.9857142857142858,0.4657996894409937,0.953416149068323,0.8035454545454546,1.0,0.44936868686868686,0.9696969696969697,0.7692307692307693,1.0,0.4781772575250836,0.9531772575250836,0.0,0.32470238095238063,0.6221436219785449,0.8669950089462284,0.4946018145161291,0.7826982877764127,0.014992545405258954,0.2160426606548939,0.10741153326840429,0.2982005707517736,0.9806763285024154,0.23504282231704865,-0.8671526265880258,0.27161166169281137,-0.21487347793512002,26,14,12,-1.2655502308306126,-0.46875502234543903,-0.21487347793512002,0.23788331598000306,0.1517780081517798,
5,dom_regular_rank2,0.9213675213675213,0.5861204013377926,0.9126984126984127,0.5760869565217391,0.9418181818181818,0.6414141414141414,0.9307692307692308,0.5284280936454849,0.10256410256410256,0.7595287595287595,0.6992376992376992,0.06029106029106035,0.2955453307225256,-0.012166479229428883,0.7674786324786325,0.9709401709401709,0.38206521739130433,0.8228051839464883,0.7317063492063492,0.976190476190476,0.358695652173913,0.8276785714285715,0.7708181818181818,1.0,0.3585858585858586,0.9193181818181817,0.7036538461538461,1.0,0.3076086956521739,0.8327759197324414,0.0,0.48403703703703665,0.5701215277777778,0.8489912181088651,0.5045121951219512,0.8177439731975743,-0.047858180761406514,0.15680734339270927,0.17370814171760476,0.4602295188954628,0.9589371980676329,0.054373085912176725,-1.1199352254469708,0.11522554744838404,-0.3836554372202652,26,14,12,-1.680696354295906,-0.5591740965980355,-0.3836554372202652,0.33479032244565804,0.2506939116103741,
6,adom_matched,0.6837606837606838,0.6672240802675585,0.7222222222222223,0.638198757763975,0.7127272727272727,0.6565656565656566,0.6192307692307693,0.6187290969899666,0.7051282051282051,0.9279279279279279,0.8884268884268884,0.03950103950103945,0.3633311369131805,-0.00939381870893593,0.3366880341880342,0.8683974358974359,0.33691471571906356,0.8203386287625418,0.3666269841269841,0.8905555555555554,0.315139751552795,0.8044642857142856,0.24000000000000002,0.9055454545454545,0.2926767676767677,0.8789141414141413,0.23461538461538461,0.9423076923076923,0.22399665551839468,0.853010033444816,0.012820512820512811,1.0,0.6279200854220524,0.936214597734255,0.5649289070861504,0.9348907418056355,-0.09212418390049965,0.14960907989171504,0.008981036750026651,1.8155720620081934,0.8299516908212562,0.5094342252061412,0.7381899951868042,0.5322627937735568,1.8284265946251272,26,14,4,0.9261465715291854,0.5502334188444229,1.8284265946251272,0.29176578913528417,0.4451201058022049,0.536
6,dom_matched,0.45128205128205123,0.7324414715719063,0.4761904761904762,0.7142857142857142,0.5490909090909091,0.7070707070707071,0.3192307692307692,0.7123745819397993,0.7435897435897436,0.8288288288288288,0.808038808038808,0.02079002079002079,0.38663924978106773,-0.15498594956032744,0.25213675213675213,0.7667094017094016,0.4380643812709031,0.8419732441471572,0.236468253968254,0.7746825396825396,0.41758540372670805,0.8463121118012422,0.23627272727272727,0.8581818181818182,0.3939393939393939,0.8939393939393939,0.11144230769230769,0.7730769230769231,0.35117056856187295,0.8763377926421405,0.06556776556776558,1.0,0.6325938940612854,0.9175637822696646,0.5630577788798535,0.9246396368577074,-0.08016097810747683,0.16268831315876156,-1.6065315392042343,3.526156261932691,0.6666666666666667,1.4076737727317186,1.6050508789044597,0.989562226091116,4.211470876315206,26,14,4,1.113069507230896,2.0970322505780237,4.211470876315206,0.2352382407428236,0.5596689743962039,0.688
6,probe_matched,0.6367521367521367,0.5978260869565217,0.6460317460317461,0.5745341614906833,0.76,0.4898989898989899,0.4615384615384615,0.6153846153846154,0.6282051282051282,0.8870408870408871,0.8108108108108109,0.07623007623007627,0.34834052656999104,-0.06993801853313394,0.3435897435897436,0.8008760683760684,0.3712165551839465,0.7793060200668896,0.3317460317460318,0.8271428571428571,0.3334627329192546,0.7810947204968944,0.3308181818181818,0.9128181818181818,0.21212121212121213,0.8031565656565656,0.19615384615384615,0.7538461538461538,0.3177257525083612,0.822742474916388,0.024750712250712237,1.0,0.6645875563063063,0.9467787114845938,0.5532099908052652,0.9168587589605736,-0.07042449359418282,0.21339763481231952,-0.33363417812938473,2.40878920634965,0.7086956521739131,0.5645982860688522,0.3225863512738626,0.1464042268359936,2.3079953108000324,26,14,4,-0.03943194867872514,0.6846046512264503,2.3079953108000324,0.31201444972134684,0.3898560429684414,0.5920000000000001
6,dom_regular,0.9777777777777776,0.9782608695652174,0.9793650793650792,0.9736024844720497,0.9818181818181818,0.9494949494949496,0.9923076923076923,0.9899665551839465,0.05128205128205128,1.0,1.0,0.0,0.18348664136987144,-0.06855064335098017,0.8256196581196581,0.9948717948717949,0.8536789297658863,0.9983277591973244,0.8301587301587302,0.9968253968253968,0.8090062111801242,1.0,0.7527272727272727,1.0,0.7222222222222222,1.0,0.7923076923076923,1.0,0.8561872909698997,1.0,0.0,0.2298055555555557,0.9999999999999999,1.0,0.9999999999999999,1.0,-1.1102230246251565e-16,1.1102230246251565e-16,0.11534138575333565,0.2577398263493368,1.0,0.5690429495836287,0.017175039108420977,0.6204847773665391,0.2599407744004062,26,14,12,0.0028482699344152505,0.031501808282426706,0.2599407744004062,0.21348404550787736,0.14920389378357896,
6,dom_regular_verberase,0.9615384615384616,0.8478260869565217,0.9317460317460318,0.8245341614906833,0.9781818181818182,0.8282828282828283,0.9961538461538462,0.8361204013377928,0.05128205128205128,0.916839916839917,0.8225918225918226,0.09424809424809433,0.1553036599792975,0.015709859257325317,0.8546794871794872,0.9957264957264956,0.6354096989966556,0.9431856187290971,0.7840873015873016,0.9952380952380951,0.5713121118012422,0.9549689440993788,0.8107272727272726,1.0,0.5202020202020202,0.9696969696969696,0.8845192307692308,1.0,0.5852006688963212,0.9666387959866221,0.0,0.46296296296296297,0.7670394862490452,0.9576906943186012,0.6525780790486673,0.9175492204016913,-0.02219935271405863,0.1884722222222221,0.0849600575740541,0.23606407508873778,1.0,0.3183224966329613,-0.13724192189249246,0.4634610492717313,0.09358907107417608,26,14,12,-0.123266358106911,-0.15121748567807392,0.09358907107417608,0.18780910652319976,0.11815457821483777,
6,dom_regular_rank2,0.9512820512820512,0.7282608695652174,0.9095238095238095,0.6832298136645963,0.96,0.7323232323232324,1.0,0.7123745819397993,0.2051282051282051,0.8911988911988913,0.8392238392238393,0.05197505197505203,0.23012468100704095,-0.01139155172219136,0.7948290598290598,0.9923076923076923,0.5108277591973244,0.8671195652173913,0.7348809523809523,0.9968253968253967,0.4331909937888198,0.8680124223602484,0.778090909090909,1.0,0.4140151515151515,0.9090909090909091,0.7228846153846153,1.0,0.41463210702341136,0.8762541806020068,0.0,0.6156410256410255,0.7222943578033605,0.9348897819997564,0.655187942937439,0.9224496479686057,-0.07049607369374798,0.13617908738548262,0.14427341258023138,0.3382796890543695,1.0,0.22410776367222707,-0.14774011814783844,0.4352815529018956,0.060868895839585546,26,14,12,-0.2829448846693141,-0.012535351626362792,0.060868895839585546,0.25478480048370106,0.20194168731942946,
7,adom_matched,0.5444444444444444,0.7207357859531773,0.5380952380952381,0.7282608695652173,0.4909090909090909,0.6616161616161617,0.5076923076923077,0.7458193979933111,0.3333333333333333,0.7006237006237007,0.8801108801108801,-0.1794871794871794,-0.0006278123599644281,-0.9812732909948325,0.3110042735042735,0.7940598290598291,0.26498745819397995,0.8270484949832775,0.29674603174603176,0.8301587301587302,0.2406444099378882,0.8478260869565217,0.17445454545454542,0.8728181818181818,0.2321969696969697,0.8888888888888888,0.2115384615384615,0.8307692307692308,0.18386287625418063,0.89314381270903,0.0,1.0,0.48178622668579624,0.8490650969529085,0.23491889999242943,0.9361328485687903,-0.3263670021022962,0.3562258687258688,-0.5271830791848965,0.979143205549483,0.7154589371980676,-2.7714233569527393,-26.42477457517068,-7.180174651584945,1.0730498461259534,26,14,4,-53.92397132339678,1.0744221730554138,1.0730498461259534,-0.00010183392188446965,-0.001228930574912952,0.472
7,dom_matched,0.41965811965811967,0.7525083612040133,0.40793650793650793,0.7562111801242237,0.34545454545454546,0.7171717171717171,0.35769230769230764,0.7625418060200669,0.3461538461538461,0.656964656964657,0.8662508662508663,-0.20928620928620933,-0.00041580269024131864,-0.9868530401675485,0.2529700854700855,0.7094017094017094,0.356061872909699,0.842056856187291,0.2539285714285714,0.7460714285714285,0.31665372670807457,0.849417701863354,0.13818181818181818,0.7854545454545454,0.297979797979798,0.8787878787878788,0.16923076923076924,0.7308653846153845,0.29423076923076924,0.8997491638795987,0.0,1.0,0.49024221336396195,0.8229172267025089,0.28399433686518083,0.9275534009998485,-0.33452216066481993,0.33409563409563414,-0.7377082261629432,0.9740993059881621,0.6632850241545895,-2.771834571452143,-26.413300718820057,-7.1773332194067825,1.0706261236778791,26,14,4,-53.89856551815067,1.0719640805105566,1.0706261236778791,0.00010918964035854558,-0.0010157939252125926,0.5519999999999999
7,probe_matched,0.5717948717948718,0.612876254180602,0.5666666666666667,0.6149068322981366,0.6145454545454545,0.5606060606060607,0.45384615384615384,0.5986622073578596,0.7435897435897436,0.8322938322938324,0.7068607068607069,0.12543312543312546,0.3567470348723731,-0.005640440277999907,0.3111111111111111,0.7547649572649572,0.34111622073578596,0.796007525083612,0.3142063492063492,0.7809920634920633,0.3400232919254658,0.7997670807453415,0.17809090909090908,0.8655454545454545,0.2575757575757576,0.8888888888888888,0.19615384615384615,0.7499999999999999,0.2775919732441472,0.8261705685618729,0.03707264957264963,1.0,0.6277872845626674,0.9111631944444445,0.5073800929643244,0.8446312739625093,-0.06946180555555564,0.2501969493976416,-1.7637141597361685,2.703949069304075,0.6932367149758454,0.7840389875430457,1.86819824264653,0.6365478569763751,2.385006973145972,26,14,4,3.500925206516681,0.23547127877637894,2.385006973145972,0.242546768577028,0.48726162492419595,0.704
7,dom_regular,0.6649572649572649,0.520066889632107,0.6984126984126984,0.48136645962732927,0.7418181818181818,0.494949494949495,0.676923076923077,0.5351170568561873,0.6410256410256411,0.7124047124047124,0.4851004851004851,0.22730422730422728,0.0012367303620386787,0.9956615512002986,0.4820299145299145,0.9043162393162393,0.31519648829431435,0.9707357859531772,0.47773809523809524,0.9143253968253967,0.27795031055900615,0.9674301242236024,0.3453636363636364,0.9709090909090908,0.23232323232323232,0.9696969696969696,0.4307692307692308,0.9731730769230769,0.2408026755852843,0.9933110367892977,0.0,1.0,0.46569646569646567,1.0,0.21318671218487395,1.0,-0.21883680555555554,0.3555596412739269,-0.044706999591935366,0.6940585793818256,0.667632850241546,-2.7479569576425273,-26.23792059874329,-7.125826727246679,1.0700704860793142,26,14,12,-53.54326431336018,1.0674231158736047,1.0700704860793142,0.0015907815730818783,0.0008321004065607363,
7,dom_regular_verberase,0.7632478632478632,0.8770903010033444,0.7365079365079364,0.8416149068322981,0.7890909090909091,0.8282828282828283,0.8923076923076922,0.903010033444816,0.11538461538461538,1.0,1.0,0.0,0.061796710875318094,0.9975008327878482,0.22476495726495724,0.8581623931623932,0.07692307692307693,0.9640677257525084,0.25710317460317456,0.8587698412698411,0.09934006211180123,0.9875776397515528,0.18545454545454548,0.9237272727272727,0.08585858585858586,1.0,0.09221153846153847,0.9846153846153846,0.03336120401337792,1.0,0.0,0.931474358974359,0.0,1.0,0.0,1.0,-1.1102230246251565e-16,1.1102230246251565e-16,0.020798256899511963,0.4191080508733143,0.9782608695652174,-1.7588975009458838,-18.77969575942849,-4.89995815141421,0.9187721722341406,26,14,12,-38.407441642898036,0.8480501240410597,0.9187721722341406,0.06702547042181639,0.055820985679320055,
7,dom_regular_rank2,0.6521367521367522,0.8511705685618729,0.646031746031746,0.8043478260869565,0.6472727272727273,0.8181818181818182,0.7423076923076922,0.8695652173913043,0.24358974358974356,0.9902979902979903,0.9993069993069993,-0.009009009009009028,0.07997539444227676,0.9974794376366457,0.32130341880341884,0.7760683760683761,0.09107441471571906,0.9615384615384615,0.3078571428571429,0.792063492063492,0.11956521739130435,0.9565217391304348,0.2726363636363636,0.8546363636363635,0.09090909090909091,1.0,0.19999999999999998,0.8999999999999999,0.0568561872909699,1.0,0.0,0.8148148148148148,0.004150590204369272,1.0,0.0,1.0,-0.0250022401433692,0.013890098722415797,0.025263046127829394,0.9333495784952744,0.9748792270531401,-1.9668959985453633,-20.303016516212928,-5.370468973465408,1.0189152784231656,26,14,12,-41.60050219407426,0.9944691616484065,1.0189152784231656,0.07819131220086317,0.08201434557532092,
8,adom_matched,0.49316239316239313,0.7307692307692308,0.4571428571428572,0.7624223602484472,0.48363636363636364,0.6262626262626263,0.4807692307692307,0.7558528428093646,0.3333333333333333,0.6888426888426888,0.9133749133749134,-0.22453222453222454,-0.0006131854403109596,-0.9775391583417513,0.3222008547008547,0.7821581196581195,0.27171822742474916,0.8227633779264214,0.2841269841269841,0.8127777777777777,0.2298136645962733,0.8509316770186335,0.2181818181818182,0.8509999999999999,0.26755050505050504,0.8334595959595958,0.19615384615384612,0.8653846153846153,0.23729096989966558,0.8963210702341137,0.0,1.0,0.43270030929038283,0.8109819635764433,0.14229279532241018,0.9614946030387206,-0.36935184144468175,0.38600291929560226,-0.4178739658048609,0.9712430794638591,0.6990338164251209,-2.7746193144439055,-26.44525878352826,-7.185861266771963,1.0768038950540169,26,14,4,-53.969978549987594,1.0794609829310715,1.0768038950540169,-0.00022006156465581475,-0.001062469869631125,0.472
8,dom_matched,0.4205128205128205,0.7374581939799332,0.3857142857142857,0.7686335403726708,0.4254545454545454,0.6515151515151515,0.3576923076923077,0.745819397993311,0.3461538461538461,0.6936936936936937,0.8995148995148995,-0.20582120582120578,-0.00022080656599682679,-0.9847282011115563,0.2769017094017094,0.6923931623931623,0.3418896321070234,0.8312081939799331,0.2523015873015873,0.7238492063492062,0.28408385093167704,0.8664596273291926,0.18545454545454548,0.7528181818181817,0.32310606060606056,0.8484848484848485,0.1769230769230769,0.7116346153846153,0.2976588628762542,0.882943143812709,0.0,1.0,0.46559116889999247,0.807958442313281,0.14930368589743592,0.9543109418282548,-0.35552406064601194,0.3756636424731182,-0.6768900816145079,0.7933935687341729,0.6579710144927536,-2.7733521399805436,-26.423701932378005,-7.1801377718866055,1.0739458580059855,26,14,4,-53.924426279401374,1.077022414645363,1.0739458580059855,0.00019046529766930925,-0.0006908315530438391,0.496
8,probe_matched,0.5564102564102564,0.5819397993311036,0.5619047619047619,0.579192546583851,0.5854545454545454,0.5303030303030303,0.45384615384615384,0.5819397993311037,0.641025641025641,0.7934857934857935,0.6687456687456688,0.12474012474012475,0.5622790824265699,-0.007145128220758997,0.31356837606837606,0.7547435897435897,0.34278846153846154,0.7651755852842808,0.30158730158730157,0.7921031746031745,0.3073757763975155,0.7718167701863353,0.19627272727272727,0.8401818181818181,0.2222222222222222,0.8335858585858584,0.19615384615384615,0.7538461538461538,0.29423076923076924,0.809448160535117,0.0,1.0,0.5587285201474882,0.8731825838443485,0.43340537891986064,0.831644144144144,-0.07423158846872088,0.2451016664593955,-5.263574599862594,6.783344939814237,0.6444444444444445,1.1112504095986793,3.1272727631587265,0.6218738734386503,2.2880944079543006,26,14,4,6.8250724529572935,-0.5705269266398406,2.2880944079543006,0.2568703801000538,0.9113175993711595,0.6799999999999999
8,dom_regular,0.6658119658119658,0.4331103678929766,0.7238095238095238,0.3649068322981367,0.6690909090909092,0.43939393939393945,0.6884615384615385,0.45150501672240806,0.6666666666666666,0.5932085932085932,0.2591822591822592,0.334026334026334,0.0020902208088603674,0.9950771499451563,0.4870299145299145,0.9120299145299144,0.2657608695652174,0.9615384615384615,0.485515873015873,0.9238492063492062,0.18940217391304348,0.9519021739130434,0.4326363636363637,0.9199999999999999,0.2222222222222222,0.9395202020202018,0.4461538461538461,1.0,0.2173076923076923,0.9899665551839465,0.0,1.0,0.4013683712121212,1.0,0.10296440309078177,1.0,-0.1939955051788157,0.4439251185238638,-0.1162659136141408,0.750741598884898,0.5975845410628019,-2.7492819603439056,-26.244797243030437,-7.12810700278884,1.0734554195509354,26,14,12,-53.56119659037413,1.0716021043132582,1.0734554195509354,0.0020999866898537816,0.002079059802010751,
8,dom_regular_verberase,0.8068376068376069,0.8770903010033444,0.7857142857142857,0.8416149068322981,0.8581818181818183,0.8282828282828283,0.8961538461538461,0.903010033444816,0.14102564102564102,1.0,1.0,0.0,0.08020800603998718,0.9968859601150838,0.18373931623931625,0.8957905982905983,0.08104096989966555,0.9882943143812709,0.1935714285714286,0.9063888888888887,0.09464285714285713,0.9845108695652174,0.14172727272727273,0.9637272727272727,0.08585858585858587,1.0,0.07692307692307693,0.9770192307692307,0.020066889632107027,1.0,0.0,0.8996428571428566,0.0,1.0,0.0,1.0,-1.1102230246251565e-16,1.1102230246251565e-16,0.0264923803295871,0.48338675119834795,0.9782608695652174,-1.7742766244679355,-18.839778102834014,-4.924824281314399,0.9323213097418264,26,14,12,-38.56434247149397,0.8847862658259436,0.9323213097418264,0.08281392953700387,0.07722980775768239,
8,dom_regular_rank2,0.6794871794871794,0.8528428093645486,0.7047619047619048,0.8105590062111802,0.7418181818181818,0.7676767676767677,0.7038461538461539,0.8929765886287626,0.6666666666666666,0.9799029799029799,1.0,-0.02009702009702008,0.0861006461278265,0.9968848596903178,0.2914529914529915,0.800042735042735,0.09782608695652174,0.9623954849498327,0.24440476190476193,0.8413492063492063,0.1520574534161491,0.9720885093167702,0.18163636363636365,0.9018181818181819,0.15656565656565657,0.9647727272727271,0.2728846153846154,0.8653846153846154,0.06688963210702342,1.0,0.0,1.0,0.01134588068181818,0.9993032324739642,0.0,1.0,-0.051939958016827825,0.026659663865546177,0.025519372692862433,1.039120230470905,0.9743961352657005,-1.9582134149507984,-20.14992916956077,-5.3349374614331175,1.0954053011968732,26,14,12,-41.41239507794636,1.1125367388248117,1.0954053011968732,0.08462256541751162,0.0877898812253292,
9,adom_matched,0.4615384615384615,0.7207357859531773,0.426984126984127,0.7546583850931676,0.5309090909090909,0.6717171717171717,0.4115384615384615,0.6923076923076923,0.4358974358974359,0.7061677061677062,0.8031878031878033,-0.09702009702009706,-0.0018304184033891698,-0.9759570585640096,0.28972222222222227,0.7787179487179486,0.28166806020066887,0.8311663879598662,0.2396825396825397,0.8317857142857142,0.2204580745341615,0.8618012422360248,0.27618181818181814,0.8181818181818181,0.2727272727272727,0.8484848484848485,0.18451923076923077,0.8769230769230769,0.2575250836120402,0.8697324414715717,0.0,1.0,0.4183137957192896,0.829191552149401,0.2505555555555556,0.8795131401882397,-0.22585392155704653,0.26238995819640976,-0.6975407263042988,1.4370952753458648,0.6855072463768116,-2.7790683538343584,-26.47773232034843,-7.195685339926985,1.0741316333872273,26,14,4,-54.03188403010252,1.0764193894056557,1.0741316333872273,-0.0019976198408078907,-0.0016393310463392037,0.528
9,dom_matched,0.4017094017094017,0.7265886287625418,0.36984126984126986,0.7701863354037267,0.46909090909090917,0.6868686868686869,0.34615384615384615,0.705685618729097,0.4615384615384615,0.690921690921691,0.7574497574497575,-0.06652806652806653,-0.0014055789213398876,-0.9836232965897161,0.2597435897435897,0.6974786324786325,0.349435618729097,0.8352842809364548,0.21265873015873016,0.7572222222222221,0.2809782608695652,0.8649068322981366,0.2327272727272727,0.7672727272727273,0.31313131313131315,0.8686868686868686,0.15,0.7423076923076923,0.2876254180602007,0.8729096989966555,0.0,1.0,0.4317299180713815,0.8140203373015873,0.23005349099099098,0.8516286030541248,-0.21275456128397308,0.30400084853209847,-0.5493957322442863,1.2867094843164881,0.6439613526570047,-2.77682831813185,-26.446856080196845,-7.187459336550119,1.070428386237274,26,14,4,-53.9665111665861,1.072799006192412,1.070428386237274,-0.0016884176340039195,-0.0010823346782952788,0.56
9,probe_matched,0.5811965811965812,0.5719063545150502,0.580952380952381,0.5791925465838509,0.5454545454545454,0.5909090909090909,0.55,0.5050167224080268,0.6794871794871795,0.7817047817047819,0.7165627165627166,0.06514206514206522,0.5652043160758923,-0.00809780577792218,0.3332905982905983,0.7872863247863247,0.3302675585284281,0.7576086956521739,0.32531746031746034,0.8206349206349207,0.3042701863354037,0.7748835403726707,0.2,0.8545454545454545,0.27765151515151515,0.8435606060606059,0.2653846153846154,0.8576923076923078,0.24414715719063546,0.7424749163879598,0.0,1.0,0.5581827248396708,0.861892177589852,0.46306521168211834,0.8489457774949464,-0.11042825277200272,0.2238526615257917,-4.212153288960882,5.8180388729211705,0.6618357487922706,0.8700593029590934,3.199830819153693,0.8579346720107477,1.777330685366038,26,14,4,7.05144743534531,-0.6517857970379244,1.777330685366038,0.39112915315165697,0.7641473594178756,0.6080000000000001
9,dom_regular,0.6658119658119658,0.3846153846153846,0.7158730158730159,0.3447204968944099,0.6072727272727273,0.41414141414141414,0.7230769230769231,0.38127090301003347,0.5384615384615384,0.5481635481635482,0.39778239778239777,0.1503811503811504,0.001794067050354392,0.9947322002729932,0.4802136752136752,0.9393162393162393,0.23902591973244147,0.9616220735785953,0.43492063492063493,0.9349603174603174,0.1800077639751553,0.9549689440993788,0.38899999999999996,0.9345454545454546,0.19684343434343432,0.9344696969696968,0.45384615384615384,0.9961538461538462,0.19063545150501673,0.9866220735785953,0.0,0.9614230769230768,0.3630803880803881,1.0,0.2333038808038808,1.0,-0.13026960784313735,0.26823995870870876,-0.1717156237002299,0.8413541106656367,0.576328502415459,-2.7493354950741775,-26.241476209950935,-7.127834483131718,1.0690019885814697,26,14,12,-53.54984743734087,1.0668950174390048,1.0690019885814697,0.0013352028090418953,0.002318483326140102,
9,dom_regular_verberase,0.8615384615384616,0.8787625418060201,0.8777777777777777,0.84472049689441,0.9054545454545454,0.8282828282828283,0.9153846153846154,0.9096989966555185,0.10256410256410256,1.0,1.0,0.0,0.08215662801873642,0.9966642776573059,0.12905982905982907,0.9376282051282051,0.07692307692307693,0.9916387959866221,0.10634920634920635,0.9555555555555555,0.08847049689440993,1.0,0.06545454545454546,0.9927272727272727,0.08585858585858587,1.0,0.057692307692307696,0.9846153846153847,0.023327759197324417,1.0,0.0,0.9615384615384615,0.0,1.0,0.0,1.0,-1.1102230246251565e-16,1.1102230246251565e-16,0.02757282071344215,0.5516727616146274,0.9782608695652174,-1.7858040954904806,-18.80054775323365,-4.933853093572722,0.8991711725582939,26,14,12,-38.4645152819192,0.8634197754518965,0.8991711725582939,0.08201775709049064,0.08231533765101735,
9,dom_regular_rank2,0.6957264957264957,0.826086956521739,0.7634920634920636,0.7748447204968943,0.7963636363636364,0.7171717171717171,0.7,0.862876254180602,0.3974358974358974,0.9729729729729729,1.0,-0.027027027027027084,0.06075850281943161,0.9966531642256947,0.28450854700854705,0.8153846153846154,0.13035117056856188,0.9381479933110367,0.1857142857142857,0.8985317460317459,0.15372670807453415,0.9456909937888198,0.1709090909090909,0.9381818181818181,0.1816919191919192,0.9090909090909091,0.2652884615384615,0.869326923076923,0.07692307692307693,1.0,0.0,0.7837499999999998,0.015621971899224799,0.9972223665973666,0.0,1.0,-0.06583995954869017,0.03605336105336102,0.018667492017789274,0.6666261268899302,0.9695652173913044,-1.9899731691740012,-20.34199175093118,-5.367943677343444,1.001655163551497,26,14,12,-41.706066656156636,1.02208315429428,1.001655163551497,0.05224358136152869,0.07048984162846353,
10,adom_matched,0.5324786324786325,0.705685618729097,0.4952380952380952,0.7422360248447205,0.5527272727272727,0.6262626262626263,0.5115384615384615,0.7224080267558529,0.4487179487179487,0.7207207207207207,0.7851697851697851,-0.0644490644490644,-0.0029600955755242422,-0.9762568908940785,0.3487179487179487,0.8222435897435898,0.32274247491638797,0.8110367892976588,0.29365079365079366,0.8603968253968254,0.24522515527950312,0.8571816770186336,0.2871818181818182,0.851,0.32815656565656565,0.8233585858585857,0.27298076923076925,0.9230769230769231,0.21404682274247494,0.8562709030100335,0.0,1.0,0.4015104133876857,0.833336236933798,0.29684208587782046,0.8779867220593026,-0.1788120557164878,0.20003808864265932,-0.08129132840591424,0.8795273269910002,0.7198067632850241,-2.7842632035032016,-26.525135511284155,-7.208209946522486,1.0777761835383728,26,14,4,-54.13036795256545,1.0800969299971408,1.0777761835383728,-0.0030717345202347273,-0.0028325082101408306,0.544
10,dom_matched,0.47692307692307695,0.714046822742475,0.426984126984127,0.7593167701863354,0.5272727272727273,0.6515151515151516,0.4230769230769231,0.725752508361204,0.4487179487179487,0.7013167013167013,0.7387387387387389,-0.037422037422037535,-0.0027129053304751558,-0.9841701473770722,0.3256196581196581,0.7445085470085469,0.3369565217391305,0.8102215719063545,0.24603174603174605,0.7431349206349203,0.29347826086956524,0.874223602484472,0.26163636363636367,0.7963636363636364,0.3282828282828283,0.8484848484848484,0.21923076923076923,0.8039423076923077,0.2808528428093645,0.8762541806020067,0.0,1.0,0.3951384654471545,0.8280713607255569,0.2811363160200369,0.8467051764927146,-0.16271577926441821,0.23370531822144727,-0.23024657255560313,1.020949076472266,0.6763285024154589,-2.7816430140061366,-26.49228472516617,-7.199456150196258,1.0744952880987104,26,14,4,-54.0606955240545,1.076126073722166,1.0744952880987104,-0.002906276198948005,-0.0024919100522204705,0.5680000000000001
10,probe_matched,0.6333333333333333,0.596989966555184,0.6238095238095238,0.5978260869565217,0.5454545454545455,0.5909090909090908,0.6807692307692308,0.5217391304347826,0.6923076923076923,0.6694386694386695,0.5897435897435898,0.07969507969507972,0.4435877049387143,-0.006100993325896338,0.37094017094017095,0.8215384615384613,0.35194397993311044,0.7692307692307692,0.30793650793650795,0.8492063492063492,0.3105201863354037,0.7718167701863354,0.19990909090909093,0.8546363636363636,0.2828282828282828,0.8585858585858586,0.3075961538461538,0.8885576923076922,0.26086956521739135,0.7558528428093646,0.0,1.0,0.47512428977272725,0.7913997879109226,0.3557710987943546,0.7579173667114694,-0.08573555599525132,0.24309489778239787,-0.9790638257365026,2.3271492599692514,0.711111111111111,0.7283694683671216,3.050441990349161,1.0003710397083632,1.460145738762628,26,14,4,6.117192331058394,-0.016308350360072194,1.460145738762628,0.23106612132106497,0.6864695147874563,0.6160000000000001
10,dom_regular,0.6247863247863248,0.407190635451505,0.6761904761904761,0.34472049689441,0.5599999999999999,0.46464646464646464,0.6846153846153846,0.38461538461538464,0.5641025641025641,0.5162855162855162,0.4365904365904366,0.07969507969507961,0.0012436309635543979,0.9947901411671528,0.4742948717948718,0.9462179487179486,0.25083612040133785,0.9557483277591973,0.4316269841269841,0.9651190476190475,0.17534937888198762,0.9503881987577639,0.3417272727272727,0.9563636363636362,0.26262626262626265,0.9444444444444444,0.4114423076923077,1.0,0.18051839464882946,0.979933110367893,0.0,0.9999999999999999,0.3416340184722538,1.0,0.2722951680672269,1.0,-0.11042633310249313,0.19930567653890813,-0.2951149293877616,0.6573552418891531,0.5487922705314009,-2.7520383946725047,-26.26188240052451,-7.133404852077379,1.0719239548304196,26,14,12,-53.59368032533533,1.0699155242863057,1.0719239548304196,0.0006717097050955518,0.001897255258935936,
10,dom_regular_verberase,0.8564102564102565,0.8804347826086956,0.8825396825396824,0.8478260869565217,0.9163636363636363,0.8282828282828283,0.9076923076923077,0.9096989966555185,0.10256410256410256,1.0,1.0,0.0,0.07709753594401134,0.9965895023292421,0.1427136752136752,0.9342094017094017,0.07692307692307693,0.9933110367892977,0.09837301587301589,0.9650793650793651,0.08222049689440993,1.0,0.054545454545454564,1.0,0.09090909090909091,1.0,0.07298076923076922,0.9847115384615385,0.026755852842809364,1.0,0.0,0.9259259259259259,0.0,1.0,0.0,1.0,-1.1102230246251565e-16,1.1102230246251565e-16,0.026285798524105567,0.5737657395740828,0.9782608695652174,-1.7946475791700265,-18.878264517600368,-4.946326776600045,0.9181157560784262,26,14,12,-38.61739196442324,0.8608629292225054,0.9181157560784262,0.08031071224402761,0.07342533445827841,
10,dom_regular_rank2,0.7521367521367521,0.7934782608695652,0.8507936507936509,0.7282608695652174,0.8036363636363637,0.7323232323232323,0.7653846153846154,0.8528428093645486,0.3846153846153846,0.9507969507969507,0.9986139986139986,-0.047817047817047875,0.05976699240670593,0.9966376718307246,0.23153846153846153,0.8666880341880342,0.17642140468227424,0.9080685618729099,0.13174603174603175,0.9444444444444444,0.22034161490683227,0.897554347826087,0.14890909090909094,0.9563636363636364,0.23232323232323232,0.9292929292929293,0.18067307692307694,0.9154807692307693,0.09030100334448163,1.0,0.0,0.7513888888888887,0.03541482588357588,0.9889249185760813,0.0,1.0,-0.09666551651845769,0.060992560504755614,0.015332930804234429,0.8022546610205952,0.9502415458937198,-2.045235650502938,-20.69418101234412,-5.4552333411713825,0.9906326518659601,26,14,12,-42.399143505056884,1.0107814803686412,0.9906326518659601,0.04605838738007048,0.0754339695800036,
11,adom_matched,0.5282051282051282,0.6605351170568561,0.46031746031746035,0.7236024844720497,0.49818181818181817,0.6313131313131313,0.5884615384615385,0.6187290969899666,0.3846153846153846,0.7338877338877339,0.8558558558558558,-0.1219681219681219,-0.0021142409766567267,-0.9768911279742183,0.3614529914529915,0.773525641025641,0.3377926421404682,0.7827341137123744,0.28095238095238095,0.8238492063492063,0.2235636645962733,0.849417701863354,0.2363636363636364,0.8113636363636361,0.28775252525252526,0.8333333333333333,0.3152884615384615,0.8616346153846154,0.26413043478260867,0.8027591973244147,0.0,1.0,0.37192264211886306,0.8376397162589136,0.2221811134601832,0.9149896665983468,-0.24881533101045286,0.23822971723044392,-0.40240675257225667,1.0144138547704848,0.6942028985507246,-2.780880076169542,-26.498121028936595,-7.199511003678469,1.0830175504914223,26,14,4,-54.08312430157907,1.0868822437058807,1.0830175504914223,-0.0030086345646557627,-0.0010920768760863994,0.4880000000000001
11,dom_matched,0.47435897435897445,0.6705685618729097,0.3968253968253968,0.7437888198757764,0.45454545454545453,0.6414141414141413,0.4961538461538461,0.6254180602006689,0.3974358974358974,0.7262647262647264,0.8350658350658351,-0.10880110880110871,-0.0017741292674040491,-0.9845488399003477,0.33331196581196576,0.6786965811965812,0.365363712374582,0.7842809364548494,0.25392857142857145,0.7492460317460317,0.259277950310559,0.8556288819875777,0.22536363636363638,0.7563636363636362,0.34835858585858587,0.8333333333333334,0.2652884615384615,0.7538461538461538,0.3177257525083612,0.7959866220735786,0.0,1.0,0.3748958333333333,0.8312616862880886,0.20025617583757116,0.9033864585335173,-0.24811402609824415,0.24784420289855066,-0.35784675395025806,1.4839432892617228,0.6676328502415458,-2.778452498850035,-26.469018120801564,-7.191744188639864,1.0790012596137344,26,14,4,-54.02041060185117,1.082374360248041,1.0790012596137344,-0.00271753423616917,-0.0006959521602439114,0.52
11,probe_matched,0.5341880341880343,0.6053511705685618,0.5523809523809524,0.5807453416149068,0.46545454545454545,0.6767676767676768,0.5423076923076923,0.5384615384615385,0.6794871794871795,0.6784476784476785,0.5703395703395704,0.10810810810810811,0.6833799873886218,-0.005927738501457874,0.30846153846153845,0.7513034188034188,0.36870819397993315,0.7592391304347825,0.2934920634920635,0.7761904761904762,0.31366459627329196,0.7717391304347827,0.1708181818181818,0.7927272727272727,0.31300505050505045,0.8838383838383839,0.24221153846153842,0.7961538461538461,0.25083612040133785,0.7860367892976589,0.0,1.0,0.46520991214539603,0.7828335375210375,0.3501018323996265,0.7727343340570487,-0.10384110046457609,0.24858456901330378,-5.3614355820975215,5.849953490335336,0.6405797101449276,1.279212527040292,5.397809971900023,1.2655342040969078,1.6379601138901372,26,14,4,10.672606330217514,0.12301361358253317,1.6379601138901372,0.4155694333979728,0.9894491919493638,0.592
11,dom_regular,0.5811965811965811,0.46070234113712377,0.6825396825396826,0.33850931677018636,0.5927272727272728,0.45454545454545453,0.5461538461538462,0.4916387959866221,0.641025641025641,0.4961884961884962,0.32571032571032577,0.17047817047817043,0.0020849016946823764,0.9948677673034175,0.4315811965811966,0.9615384615384615,0.30597826086956526,0.947366220735786,0.46174603174603174,0.9619047619047618,0.18167701863354035,0.9440993788819876,0.36,0.9346363636363636,0.25252525252525254,0.9344696969696968,0.3383653846153846,1.0,0.2875418060200669,0.9732441471571907,0.0,1.0,0.32318161231884057,1.0,0.1718066980023502,1.0,-0.12341437632135298,0.29902179621848735,-0.7390193524568813,0.6626243763480575,0.5516908212560386,-2.7498914505903045,-26.24872514263029,-7.129249565416688,1.0765019334760049,26,14,12,-53.57427504416785,1.0768247589072681,1.0765019334760049,0.0008295446176541511,0.003519595497000348,
11,dom_regular_verberase,0.8752136752136752,0.8804347826086956,0.8952380952380953,0.8478260869565217,0.8945454545454545,0.8282828282828283,0.9346153846153846,0.9063545150501673,0.15384615384615385,1.0,1.0,0.0,0.08306602883076174,0.9967265989697396,0.14269230769230767,0.9435897435897436,0.07606605351170569,0.98501254180602,0.11107142857142857,0.9667063492063491,0.08074534161490683,1.0,0.12345454545454546,0.9963636363636363,0.08585858585858586,1.0,0.05384615384615384,1.0,0.026755852842809364,1.0,0.0,0.8969780219780218,0.0,1.0,0.0,1.0,-1.1102230246251565e-16,1.1102230246251565e-16,0.02779901022865025,0.5477204505947975,0.9782608695652174,-1.7691829368850154,-18.6766623125337,-4.894320579458603,0.9207939833525057,26,14,12,-38.21238265503928,0.8590580299718785,0.9207939833525057,0.08114793182621845,0.08525813969309692,
11,dom_regular_rank2,0.7606837606837606,0.7734113712374582,0.8333333333333334,0.7267080745341615,0.8618181818181818,0.7272727272727274,0.7846153846153846,0.8160535117056856,0.5384615384615384,0.9293139293139293,0.9930699930699931,-0.0637560637560638,0.05892463982179238,0.9967337327079304,0.22732905982905982,0.8837606837606837,0.19972826086956522,0.8913043478260869,0.14603174603174607,0.9365079365079364,0.2235636645962733,0.9037267080745341,0.09454545454545456,0.9818181818181818,0.19696969696969693,0.9445707070707069,0.18836538461538457,0.9576923076923076,0.11697324414715721,0.9698996655518394,0.0,0.9259259259259259,0.0499579831932773,0.977840183933934,0.0034476784476784473,1.0,-0.11736111111111092,0.07353799792824178,0.016067176969204462,0.7142111060303287,0.9637681159420289,-2.0397705074028676,-20.519015045581682,-5.4404986837208975,1.0350298717724302,26,14,12,-42.05972053793936,1.0216904467760008,1.0350298717724302,0.04704076560745804,0.07250621035246019,
12,adom_matched,0.5085470085470086,0.6622073578595318,0.4301587301587302,0.7236024844720497,0.52,0.601010101010101,0.5461538461538462,0.6521739130434783,0.3846153846153846,0.7519057519057519,0.8482328482328482,-0.09632709632709624,-0.0014444492119474357,-0.9772651027685962,0.33491452991452997,0.7530555555555555,0.32441471571906355,0.7968227424749164,0.2444047619047619,0.7953571428571428,0.2577639751552795,0.8618012422360248,0.21090909090909093,0.8218181818181818,0.31313131313131315,0.8333333333333333,0.29615384615384616,0.8153846153846154,0.24414715719063546,0.8061872909698995,0.0,1.0,0.36104166666666665,0.8385639443791617,0.2310642549702808,0.9140679140679141,-0.2270833333333333,0.21641091853408018,-0.39885534123031385,1.074589140519272,0.6922705314009663,-2.7804004701999525,-26.497286226670838,-7.201309835313766,1.081641506247045,26,14,4,-54.07960936927074,1.0850369159290658,1.081641506247045,-0.002914823374342214,0.00023597840221802516,0.4960000000000001
12,dom_matched,0.47264957264957264,0.677257525083612,0.3952380952380953,0.7422360248447204,0.49090909090909085,0.601010101010101,0.4769230769230769,0.6521739130434783,0.423076923076923,0.7435897435897436,0.8128898128898129,-0.06930006930006927,-0.0010621235158856212,-0.9846929387872629,0.3162179487179487,0.6880555555555555,0.38545150501672243,0.7817725752508361,0.24603174603174605,0.7430158730158728,0.2981366459627329,0.8493788819875776,0.2326363636363636,0.7709090909090909,0.33333333333333337,0.8232323232323232,0.25384615384615383,0.7308653846153846,0.28093645484949836,0.8194816053511705,0.0,1.0,0.37008680555555556,0.8208482142857142,0.23600953594968643,0.9027867305458768,-0.2252679576898327,0.2223109088706836,-1.0696744361062174,1.2454192729738558,0.6652173913043479,-2.7783695065667025,-26.470622309061664,-7.194183864589629,1.077188024627419,26,14,4,-54.02154399006715,1.0802993719438239,1.077188024627419,-0.002637972367530373,0.0007388466002798089,0.552
12,probe_matched,0.5170940170940171,0.5903010033444817,0.5285714285714286,0.5698757763975155,0.48,0.6060606060606061,0.5038461538461538,0.5719063545150502,0.7307692307692307,0.6673596673596673,0.4719334719334719,0.19542619542619544,0.7842270235431532,-0.007200611387588312,0.28715811965811966,0.7316239316239316,0.35700250836120406,0.7667433110367893,0.2872619047619047,0.7762698412698412,0.2934006211180124,0.7671195652173913,0.18181818181818185,0.7854545454545454,0.2676767676767677,0.8434343434343434,0.20769230769230768,0.7615384615384615,0.29088628762541807,0.7860367892976589,0.0,1.0,0.45554920304920304,0.7798387867900063,0.2734276193260568,0.7153990198538709,-0.07275059125820912,0.3297511746634136,-6.055926174205963,8.141168823648892,0.6024154589371981,1.827799088586951,9.430097475272493,1.9658079897472895,2.2150640208978043,26,14,4,17.793391243732767,1.0668037068122211,2.2150640208978043,0.882833083973427,0.6715343830514114,0.6160000000000001
12,dom_regular,0.5880341880341879,0.4531772575250836,0.6873015873015874,0.34937888198757766,0.5490909090909091,0.494949494949495,0.5884615384615384,0.46153846153846156,0.641025641025641,0.47747747747747754,0.3333333333333334,0.14414414414414412,0.0025226824427775126,0.9947445647311366,0.42814102564102563,0.9419230769230769,0.2959657190635452,0.9365384615384614,0.4317063492063492,0.938095238095238,0.19095496894409938,0.9317158385093167,0.3235454545454545,0.9309090909090909,0.267550505050505,0.9343434343434344,0.37298076923076917,1.0,0.2440635451505017,0.979933110367893,0.0,1.0,0.3088112745098039,1.0,0.1811406532463155,1.0,-0.0996515679442509,0.2717711368874158,-1.0707188145031468,0.702936597526914,0.5347826086956522,-2.749499286495639,-26.249822839038945,-7.131554790040737,1.0761368199857813,26,14,12,-53.57589251526428,1.0762468371863858,1.0761368199857813,0.0008340479872381973,0.004452550391965301,
12,dom_regular_verberase,0.8726495726495727,0.8821070234113713,0.8968253968253969,0.8509316770186335,0.8981818181818182,0.8282828282828283,0.9192307692307692,0.9130434782608696,0.20512820512820512,1.0,1.0,0.0,0.0834907942882456,0.9965485332712098,0.12472222222222222,0.9410470085470086,0.07773829431438127,0.9924958193979933,0.10948412698412699,0.9651190476190475,0.07597049689440995,1.0,0.07990909090909093,0.989090909090909,0.09090909090909091,1.0,0.06538461538461537,0.9961538461538462,0.07692307692307693,1.0,0.0,0.8789855072463765,0.0,1.0,0.0,1.0,-1.1102230246251565e-16,1.1102230246251565e-16,0.026855648750397376,0.5356824783685675,0.9782608695652174,-1.7752508153948838,-18.732841418711562,-4.914853098088506,0.9452942980106137,26,14,12,-38.331224116685185,0.8655412792620614,0.9452942980106137,0.08340896980831262,0.08358430797959755,
12,dom_regular_rank2,0.7350427350427351,0.7290969899665551,0.826984126984127,0.6677018633540374,0.8363636363636363,0.6515151515151516,0.7076923076923077,0.765886287625418,0.5128205128205128,0.9237699237699237,0.988911988911989,-0.06514206514206522,0.05825997279282811,0.9965823120347551,0.23673076923076922,0.859017094017094,0.22989130434782606,0.8428302675585283,0.1411904761904762,0.9428571428571428,0.2731754658385093,0.8416149068322981,0.1308181818181818,0.9781818181818182,0.24747474747474746,0.858712121212121,0.23836538461538465,0.8730769230769231,0.17056856187290972,0.9264214046822743,0.0,0.9285714285714286,0.06200986059725158,0.9722805013820638,0.004260537790697674,1.0,-0.11419132236227827,0.0815391255635158,0.014499821567135166,0.9473241554063596,0.9342995169082126,-2.114502731605894,-21.11642431701843,-5.587685788958823,1.108344977051916,26,14,12,-43.23937162669908,1.0065229926622163,1.108344977051916,0.04201250328506684,0.07682850937312671,
13,adom_matched,0.5153846153846153,0.6145484949832776,0.41587301587301595,0.703416149068323,0.5418181818181819,0.5606060606060606,0.55,0.5685618729096991,0.4487179487179487,0.6936936936936936,0.8558558558558559,-0.16216216216216228,-0.0011138940954243508,-0.9764648844390141,0.34444444444444444,0.7444871794871795,0.36538461538461536,0.7625418060200668,0.2475793650793651,0.8000396825396825,0.2529503105590062,0.8292313664596274,0.23272727272727273,0.7891818181818181,0.3332070707070706,0.8282828282828283,0.29980769230769233,0.8116346153846153,0.27742474916387966,0.7826923076923077,0.0,1.0,0.3860961791194349,0.8248321598953523,0.20783523086654018,0.9196637982293868,-0.2903846153846154,0.2673865998012108,-0.6414750336743802,0.8984210124834059,0.6719806763285024,-2.7756325395306116,-26.474590855345543,-7.194503683496149,1.0817607554319921,26,14,4,-54.034065994411435,1.0848842837203476,1.0817607554319921,-0.002036124623914661,-5.991634857828195e-05,0.45600000000000007
13,dom_matched,0.47863247863247865,0.6413043478260869,0.38095238095238093,0.734472049689441,0.5490909090909091,0.5757575757575757,0.4653846153846154,0.5919732441471571,0.5128205128205128,0.6985446985446986,0.83991683991684,-0.14137214137214138,-0.0007559175757838608,-0.9844145921491142,0.3187606837606838,0.6658333333333334,0.41216555183946485,0.7533862876254179,0.20785714285714288,0.7380952380952381,0.283889751552795,0.8478260869565217,0.21809090909090909,0.7781818181818182,0.3027777777777778,0.848611111111111,0.26153846153846155,0.7424038461538461,0.3311036789297659,0.7726588628762542,0.0,1.0,0.3652719785059902,0.7990681484867531,0.20353821646699555,0.9054641245702827,-0.2773774582598112,0.26600694444444434,-0.5216896831959423,1.2887248120200883,0.6473429951690821,-2.774219112179724,-26.453760586612734,-7.189164980463077,1.0758906470258824,26,14,4,-53.986238427780215,1.078717254554745,1.0758906470258824,-0.0018107517492739168,0.0004496071939190598,0.504
13,probe_matched,0.4811965811965812,0.5719063545150502,0.48888888888888893,0.5512422360248448,0.43272727272727274,0.6363636363636364,0.4346153846153846,0.5618729096989967,0.6794871794871795,0.582120582120582,0.4684684684684685,0.11365211365211353,1.2451407015662104,-0.007605737522541481,0.2709401709401709,0.7069230769230769,0.32439381270903006,0.7500836120401337,0.2571428571428571,0.7429761904761903,0.2918866459627329,0.7625,0.14536363636363636,0.7748181818181815,0.2727272727272727,0.8587121212121211,0.1846153846153846,0.7269230769230769,0.2642140468227425,0.7759197324414716,0.0,1.0,0.40160313750384735,0.7237738580194621,0.2917482406228944,0.7062758228291316,-0.10814734088927638,0.2557711713061831,-8.595677947490582,7.298959772833285,0.5483091787439613,3.605700678355487,21.072979621891676,2.6861887208248896,3.2221484824723516,26,14,4,41.90454026606242,0.24141897772093596,3.2221484824723516,1.2664298779146705,1.2208102143108275,0.6799999999999999
13,dom_regular,0.5641025641025641,0.4816053511705686,0.673015873015873,0.36645962732919257,0.5127272727272727,0.5252525252525253,0.5769230769230769,0.5117056856187292,0.5384615384615384,0.49896049896049893,0.27997227997227997,0.21898821898821896,0.0026161138183622345,0.9946124111317278,0.40510683760683763,0.9418803418803419,0.3394648829431438,0.937311872909699,0.41587301587301584,0.9301587301587301,0.1878105590062112,0.927057453416149,0.28363636363636363,0.9454545454545454,0.32323232323232326,0.8991161616161615,0.3576923076923077,0.99625,0.3010033444816054,0.9665551839464883,0.0,1.0,0.3368381513730351,1.0,0.14578124999999997,1.0,-0.134972380050505,0.32362847222222224,-0.7179905302382533,1.1253348630033224,0.5483091787439613,-2.7453180347464983,-26.232569923781465,-7.126556922748253,1.0752250810979,26,14,12,-53.54013942028885,1.0749995727259225,1.0752250810979,0.0013213557656598974,0.004095837307164905,
13,dom_regular_verberase,0.8367521367521368,0.8829431438127089,0.8666666666666666,0.8524844720496894,0.84,0.8282828282828283,0.9307692307692308,0.9163879598662208,0.24358974358974358,1.0,1.0,0.0,0.0819515385904602,0.9964579160535165,0.1691880341880342,0.9179700854700855,0.07690217391304348,0.9966555183946488,0.14599206349206348,0.9523809523809523,0.08831521739130437,0.9984860248447205,0.16363636363636364,0.9636363636363636,0.08585858585858586,1.0,0.07307692307692308,0.9923076923076923,0.020066889632107027,1.0,0.0,0.8289239130434785,0.0,1.0,0.0,1.0,-1.1102230246251565e-16,1.1102230246251565e-16,0.0278386463883762,0.511253111937727,0.9782608695652174,-1.7587417792879763,-18.657768367292356,-4.875149577141289,0.9597179028242443,26,14,12,-38.19440836694818,0.878871632363471,0.9597179028242443,0.08096792655759061,0.08307566662802543,
13,dom_regular_rank2,0.72991452991453,0.7324414715719063,0.8158730158730159,0.6816770186335404,0.8218181818181818,0.6414141414141414,0.7,0.7892976588628763,0.5128205128205128,0.9092169092169092,0.9861399861399862,-0.07692307692307698,0.06371652027879565,0.9964568508591681,0.2504273504273504,0.849594017094017,0.21900083612040136,0.8637332775919733,0.17142857142857143,0.928611111111111,0.3104813664596273,0.8463509316770186,0.12718181818181817,0.9672727272727272,0.2828282828282828,0.8434343434343434,0.25384615384615383,0.8770192307692307,0.15041806020066892,0.9498327759197325,0.0,0.90858262108262,0.07201864681733265,0.9678046218487395,0.006927627758420443,1.0,-0.12754310729920498,0.09547447608423218,0.01611279132207121,0.9520361446484384,0.9222222222222222,-2.1077319508257784,-21.09115729276607,-5.558775340651292,1.1003912940087885,26,14,12,-43.17201183905668,0.9896972535245414,1.1003912940087885,0.0543543071415114,0.07441619243569188,
14,adom_matched,0.5094017094017094,0.6321070234113713,0.40634920634920635,0.7127329192546583,0.509090909090909,0.601010101010101,0.5192307692307692,0.6120401337792643,0.3461538461538461,0.7366597366597366,0.8586278586278586,-0.12196812196812201,-0.000947557590020447,-0.9753439631721893,0.3408974358974359,0.7598504273504273,0.33605769230769234,0.7643185618729096,0.2301190476190476,0.8095238095238095,0.21568322981366456,0.8478260869565217,0.24718181818181822,0.8073636363636364,0.2827020202020202,0.8383838383838383,0.30759615384615385,0.8307692307692307,0.23737458193979935,0.802675585284281,0.0,1.0,0.32745778518825946,0.8245230206167705,0.20196430144467936,0.9149884487198909,-0.22624285938239427,0.20495851233370277,-0.30392047052339166,0.8620866244075115,0.6594202898550725,-2.778704546140786,-26.484443944730504,-7.198551251583758,1.0834179023661272,26,14,4,-54.05801428157333,1.089126392112318,1.0834179023661272,-0.0014007141780017743,-0.00042966434661321557,0.44800000000000006
14,dom_matched,0.4683760683760684,0.6580267558528428,0.3666666666666667,0.75,0.4909090909090909,0.6262626262626263,0.4538461538461539,0.6354515050167224,0.4487179487179487,0.7311157311157311,0.83991683991684,-0.10880110880110883,-0.0005968334129221437,-0.9836400295984737,0.31104700854700856,0.6974999999999999,0.33438545150501675,0.7650919732441471,0.2046825396825397,0.763531746031746,0.2514751552795031,0.8571428571428571,0.23636363636363636,0.7673636363636362,0.3282828282828283,0.8082070707070707,0.23846153846153845,0.7576923076923077,0.3076086956521739,0.78938127090301,0.0,1.0,0.34025804924242425,0.8153817629694154,0.19997227997227995,0.9094649094585899,-0.21953288921779224,0.2143625992063492,-0.7965093987058013,0.9870077158737013,0.6381642512077295,-2.7774553747256054,-26.46447835083162,-7.193307526109366,1.0767540323943425,26,14,4,-54.01122668477239,1.0822699831091507,1.0767540323943425,-0.0011373290089559463,2.087583968791648e-05,0.43200000000000005
14,probe_matched,0.5051282051282051,0.5342809364548495,0.5095238095238095,0.5279503105590062,0.3890909090909091,0.6161616161616161,0.5269230769230768,0.48494983277591974,0.641025641025641,0.534996534996535,0.5003465003465004,0.03465003465003458,1.338729643806132,-0.007408952276514461,0.27850427350427354,0.7009188034188033,0.3252299331103679,0.7300794314381269,0.2698015873015872,0.7428968253968253,0.28412267080745335,0.7391304347826086,0.14154545454545453,0.7419090909090909,0.26262626262626265,0.8334595959595957,0.2423076923076923,0.7616346153846154,0.23068561872909701,0.749247491638796,0.0,1.0,0.34839507707008216,0.6925327735577044,0.2631423611111111,0.7581996058558558,-0.17829444134034234,0.21184142711962828,-4.61876017224803,7.672740927629935,0.5434782608695652,3.1603335731620548,22.015886333119823,1.4534174033003033,5.641638823645072,26,14,4,49.900932332003,-5.869159665763357,5.641638823645072,1.1908227972291074,1.5077660398941604,0.608
14,dom_regular,0.5931623931623932,0.4331103678929766,0.7015873015873016,0.31677018633540377,0.56,0.4797979797979798,0.5807692307692308,0.43143812709030105,0.641025641025641,0.4497574497574498,0.27997227997227997,0.16978516978516983,0.0026537756298548798,0.9944532048908902,0.43756410256410255,0.9163034188034188,0.2908653846153846,0.9130852842809365,0.4078968253968254,0.928611111111111,0.15993788819875776,0.9084239130434782,0.3163636363636364,0.9090909090909091,0.2523989898989899,0.8738636363636363,0.36538461538461536,0.9538461538461538,0.234113712374582,0.9565217391304348,0.0,1.0,0.30328716200264416,1.0,0.15550375331404653,1.0,-0.09725705193546762,0.2936895223344156,-0.6496085075802385,0.8630226607822592,0.5415458937198069,-2.7482921179385476,-26.23906261149824,-7.129923679209212,1.077016293050585,26,14,12,-53.5567868016772,1.0786615786807174,1.077016293050585,0.0018791844629041494,0.003539022677798571,
14,dom_regular_verberase,0.8170940170940171,0.8829431438127089,0.8507936507936508,0.8524844720496894,0.84,0.8282828282828283,0.9,0.9163879598662208,0.2564102564102564,1.0,1.0,0.0,0.08790353912024203,0.9962983689188794,0.1742948717948718,0.9102777777777779,0.07855351170568563,0.9966555183946488,0.15392857142857144,0.9412698412698413,0.07142857142857142,0.9999999999999999,0.1381818181818182,0.9709090909090908,0.0907828282828283,1.0,0.1,0.9846153846153846,0.0165551839464883,1.0,0.0,0.8522486772486769,0.0,1.0,0.0,1.0,-1.1102230246251565e-16,1.1102230246251565e-16,0.030642257230451105,0.5332294873989457,0.9782608695652174,-1.762614309001896,-18.686088512155973,-4.8914375214557735,0.9652678385075565,26,14,12,-38.280882596787336,0.9087055724753915,0.9652678385075565,0.08910827609871741,0.0865266968591273,
14,dom_regular_rank2,0.6811965811965812,0.741638795986622,0.7587301587301588,0.6940993788819877,0.7709090909090909,0.6363636363636365,0.6538461538461539,0.7993311036789298,0.5641025641025641,0.8835758835758836,0.984060984060984,-0.1004851004851004,0.055707905925643945,0.996282388506651,0.29651709401709403,0.8136752136752137,0.2298494983277592,0.860430602006689,0.21091269841269839,0.890515873015873,0.2373835403726708,0.8789208074534162,0.1962727272727273,0.9345454545454545,0.30303030303030304,0.8535353535353535,0.29615384615384616,0.8576923076923078,0.14707357859531775,0.9498327759197325,0.0,1.0,0.09654261267886143,0.9522201886294683,0.007963376761096803,1.0,-0.17159100596760438,0.11643718298130062,0.01553719319414368,0.9919789011701308,0.9082125603864735,-2.1099083995650387,-21.19487565459802,-5.588316411309766,1.1845281545763473,26,14,12,-43.41993406984097,1.030182760644925,1.1845281545763473,0.055120440619720726,0.05637929484669905,
15,adom_matched,0.4880341880341881,0.6513377926421404,0.42539682539682544,0.7034161490683231,0.43272727272727274,0.6161616161616161,0.5692307692307692,0.6588628762541806,0.3846153846153846,0.7512127512127512,0.8579348579348579,-0.10672210672210669,-0.001384050254241118,-0.9750764429941207,0.3281623931623931,0.7410256410256411,0.2883570234113712,0.7734322742474917,0.25226190476190474,0.7890079365079363,0.23128881987577637,0.8245341614906833,0.21445454545454548,0.8037272727272726,0.26262626262626265,0.8383838383838383,0.32307692307692304,0.8116346153846153,0.21730769230769234,0.8260869565217391,0.0,1.0,0.339849194250871,0.8166681184668989,0.20889563842688846,0.918932057057057,-0.2578124999999999,0.21176172828346723,-0.8246064539060098,0.8739150549434718,0.6603864734299517,-2.783826271916639,-26.5159931061281,-7.207701131138049,1.085242742449557,26,14,4,-54.12464119766163,1.0926549854054282,1.085242742449557,-0.0021104441117224147,-0.0005538858456910651,0.44800000000000006
15,dom_matched,0.4512820512820513,0.6688963210702341,0.39682539682539686,0.7267080745341614,0.4036363636363637,0.6515151515151515,0.49615384615384617,0.6588628762541806,0.47435897435897434,0.7221067221067221,0.8371448371448371,-0.11503811503811501,-0.00099260320067315,-0.9835261395061583,0.31023504273504277,0.6863461538461538,0.33444816053511706,0.7851588628762542,0.23007936507936505,0.7159126984126983,0.2826086956521739,0.8556288819875777,0.19272727272727272,0.7563636363636365,0.30303030303030304,0.8334595959595958,0.28076923076923077,0.7348076923076922,0.2675585284280937,0.8294314381270903,0.0,1.0,0.32778274790469913,0.8102703936688311,0.21296828736169549,0.9089651902427639,-0.25465756302521014,0.21603591624862187,-0.38982954921683755,0.9364182708297298,0.6502415458937197,-2.783921014133956,-26.50368298488395,-7.204678276794064,1.0777677764753788,26,14,4,-54.09257649932915,1.0852105295612453,1.0777677764753788,-0.0019388506395982526,8.88224438126811e-05,0.44800000000000006
15,probe_matched,0.5111111111111111,0.4899665551839465,0.5079365079365079,0.4906832298136646,0.4,0.5656565656565656,0.5076923076923077,0.4180602006688963,0.7307692307692307,0.5918225918225918,0.525987525987526,0.06583506583506582,-12.349760329540187,-0.006937396419520871,0.29572649572649573,0.7154487179487179,0.2892558528428094,0.7241011705685618,0.2888492063492063,0.7556746031746031,0.2421972049689441,0.7329192546583851,0.11263636363636365,0.7600909090909089,0.23219696969696968,0.8535353535353535,0.2267307692307692,0.7847115384615383,0.16045150501672242,0.749247491638796,0.0,1.0,0.39580706587796777,0.7143205574912892,0.26820738966318236,0.7652351559677225,-0.18700229987723493,0.27727683212058185,-6.155083427281544,8.296859813007512,0.5183574879227053,-7.0093719029238155,-160.08459621945548,-19.52633994147384,-37.07925304883656,26,14,4,-330.9453125850774,10.776120146166418,-37.07925304883656,-5.110048357720125,-20.62371686876312,0.664
15,dom_regular,0.6008547008547008,0.4214046822742475,0.6571428571428573,0.3493788819875776,0.6109090909090908,0.4444444444444445,0.5615384615384615,0.3946488294314381,0.6282051282051282,0.4490644490644491,0.28274428274428276,0.16632016632016633,0.0023547211128801,0.9942887476148035,0.4435470085470085,0.8726495726495727,0.2717391304347826,0.8863921404682273,0.4174603174603174,0.9142857142857143,0.17391304347826086,0.8866847826086957,0.34909090909090906,0.8946363636363636,0.2222222222222222,0.8686868686868687,0.3615384615384616,0.9501923076923074,0.21061872909699,0.9531772575250835,0.0,1.0,0.2847120098039216,0.9986310306077747,0.15695608221808682,1.0,-0.12615126556260278,0.29247647387182274,-0.4609490687749161,0.9708080581063584,0.5198067632850242,-2.7547584225013027,-26.278731052247856,-7.141802000033575,1.0778229809680702,26,14,12,-53.63911735286328,1.0816552483675708,1.0778229809680702,0.000953253780620972,0.0039563980640333896,
15,dom_regular_verberase,0.8025641025641026,0.8829431438127089,0.8317460317460318,0.8524844720496894,0.8472727272727273,0.8282828282828283,0.8769230769230769,0.9163879598662208,0.2564102564102564,1.0,1.0,0.0,0.0874240981908108,0.996054932381196,0.18711538461538463,0.8923290598290599,0.07608695652173914,0.9975125418060201,0.13964285714285715,0.928611111111111,0.07453416149068322,0.9984472049689441,0.12354545454545454,0.9636363636363636,0.08585858585858586,1.0,0.10375,0.9692307692307692,0.006688963210702345,1.0,0.0,0.8508928571428571,0.0,1.0,0.0,1.0,-1.1102230246251565e-16,1.1102230246251565e-16,0.028041765862065846,0.6059951942063577,0.9782608695652174,-1.7756325303833784,-18.779147500772343,-4.910984367564239,0.9727635477152367,26,14,12,-38.4683841550411,0.9100891534964156,0.9727635477152367,0.09248759455524248,0.08163724520288888,
15,dom_regular_rank2,0.6820512820512821,0.7132107023411371,0.7682539682539683,0.6645962732919255,0.7599999999999999,0.5959595959595959,0.6653846153846154,0.782608695652174,0.5897435897435898,0.8544698544698545,0.984060984060984,-0.1295911295911295,0.0558955616408081,0.9960715206606857,0.2931410256410256,0.8230982905982905,0.25250836120401343,0.8378135451505017,0.19841269841269843,0.9,0.28093944099378876,0.826086956521739,0.2108181818181818,0.9527272727272726,0.31313131313131315,0.8232323232323232,0.29586538461538464,0.84625,0.18729096989966557,0.9331103678929765,0.0,1.0,0.13395676445243715,0.9307082945013981,0.013128454063276581,1.0,-0.2047027902032951,0.15664914385844617,0.011210473008826643,1.288790920207768,0.8917874396135266,-2.1528761431185304,-21.55944989278504,-5.691582495438074,1.1781079903614267,26,14,12,-44.18228940996888,1.0633896243988028,1.1781079903614267,0.05952994853168527,0.051741976622662736,
16,adom_matched,0.49743589743589745,0.6454849498327759,0.47936507936507944,0.6785714285714286,0.44,0.6363636363636364,0.573076923076923,0.6321070234113713,0.3461538461538461,0.7165627165627165,0.8059598059598059,-0.08939708939708935,-0.0012009810665604365,-0.9740921252961895,0.3572435897435898,0.744465811965812,0.29178511705685617,0.7441471571906355,0.28730158730158734,0.7905555555555556,0.24829192546583848,0.8059006211180124,0.2142727272727273,0.8109090909090909,0.2525252525252525,0.8383838383838385,0.33451923076923074,0.819326923076923,0.2173913043478261,0.7959866220735786,0.0,1.0,0.37916666666666665,0.8025294525294525,0.2477808159329899,0.8795102184637068,-0.23962053571428563,0.22760018523538456,-0.6671395472751126,0.9376980782780512,0.6623188405797102,-2.7917003085981085,-26.568405463149116,-7.224053963643445,1.0922405977014167,26,14,4,-54.23696861844516,1.100157692146931,1.0922405977014167,-0.0033101178779246085,0.001209461003570045,0.44800000000000006
16,dom_matched,0.4641025641025641,0.6647157190635451,0.4380952380952381,0.7049689440993789,0.4254545454545454,0.6666666666666666,0.49615384615384617,0.6421404682274248,0.3846153846153846,0.6777546777546778,0.7886347886347886,-0.11088011088011085,-0.0007575094159666027,-0.9829249102951892,0.32222222222222224,0.6779487179487178,0.3143603678929766,0.7759197324414715,0.28567460317460314,0.7428571428571428,0.2530667701863354,0.8322981366459627,0.20363636363636364,0.7455454545454545,0.25252525252525254,0.8383838383838385,0.2921153846153846,0.7385576923076923,0.2408026755852843,0.8193979933110368,0.0,1.0,0.37209059233449476,0.7798611111111111,0.24169576353878677,0.8639303221288516,-0.24157141913319247,0.22417522564581374,-0.7527198742706455,0.6315962645856795,0.6545893719806763,-2.791470162979584,-26.55248202456943,-7.219878475385172,1.0845294519469648,26,14,4,-54.197468918690376,1.0925048695515174,1.0845294519469648,-0.0031602329573031094,0.001988460345560834,0.4720000000000001
16,probe_matched,0.5487179487179488,0.46655518394648826,0.5650793650793651,0.4409937888198757,0.4509090909090909,0.5707070707070707,0.5961538461538461,0.3879598662207358,0.7692307692307692,0.5911295911295911,0.46084546084546085,0.13028413028413022,7.07098536423568,-0.006730269264474131,0.29905982905982903,0.7247863247863248,0.28342391304347825,0.7165760869565216,0.2983730158730159,0.7857142857142857,0.2282608695652174,0.7127329192546583,0.09454545454545456,0.7855454545454544,0.25252525252525254,0.8434343434343434,0.27692307692307694,0.8077884615384615,0.17391304347826086,0.7290969899665553,0.07684294871794872,1.0,0.40973628475780566,0.6988978664568996,0.21731903724091226,0.695457314942609,-0.1341696787833321,0.3396069914452267,-9.163578667430325,7.523851832214341,0.538647342995169,0.4936297429460403,84.34025628479388,3.655311050530679,26.56983225757807,26,14,4,164.5898327191005,4.090679850487253,26.56983225757807,3.1432438534205613,11.559832805167243,0.648
16,dom_regular,0.6034188034188035,0.41304347826086957,0.638095238095238,0.36801242236024845,0.6,0.41919191919191917,0.573076923076923,0.4080267558528428,0.641025641025641,0.47886347886347885,0.3416493416493417,0.13721413721413717,0.003172070553886438,0.9940379667641691,0.43158119658119654,0.8744658119658119,0.27171822742474916,0.8838001672240803,0.4300396825396825,0.9270238095238095,0.21110248447204966,0.8742236024844721,0.3380909090909091,0.9019090909090909,0.17171717171717177,0.8686868686868686,0.3499038461538461,0.9653846153846154,0.21396321070234114,0.9298494983277592,0.0,1.0,0.32097839037321657,1.0,0.21129852484472048,1.0,-0.1465904512416141,0.2938256048387097,-0.7067873530190446,1.0308680731127149,0.5019323671497584,-2.7584090115747992,-26.293783749187657,-7.1478118427162975,1.082690734033622,26,14,12,-53.674481952359486,1.0869144539841726,1.082690734033622,0.00034231983611950024,0.00640607137419151,
16,dom_regular_verberase,0.8188034188034188,0.8829431438127089,0.8444444444444444,0.8524844720496894,0.84,0.8282828282828283,0.8846153846153846,0.9163879598662208,0.23076923076923075,1.0,1.0,0.0,0.08933528536658789,0.9959800676197165,0.17264957264957267,0.9034401709401709,0.07692307692307693,0.9933319397993311,0.16503968253968254,0.9412698412698413,0.07763975155279502,0.9968944099378881,0.1271818181818182,0.9672727272727272,0.08585858585858587,1.0,0.1,0.9730769230769231,0.02984949832775922,1.0,0.0,0.8098269230769229,0.0,1.0,0.0,1.0,-1.1102230246251565e-16,1.1102230246251565e-16,0.030206210769152638,0.5657898714092086,0.9782608695652174,-1.7681307006616351,-18.680032047729192,-4.887877650174942,0.9458406840948818,26,14,12,-38.26216236226167,0.9020982668032852,0.9458406840948818,0.09264967681845897,0.0855474094215924,
16,dom_regular_rank2,0.6846153846153846,0.6973244147157192,0.7349206349206349,0.6785714285714286,0.7781818181818182,0.5656565656565656,0.673076923076923,0.7591973244147158,0.6025641025641025,0.8918918918918919,0.9847539847539848,-0.0928620928620929,0.06162135731478535,0.9959797443209791,0.29732905982905977,0.8282051282051281,0.2783653846153846,0.8369565217391304,0.23964285714285713,0.8762698412698412,0.277833850931677,0.8493788819875776,0.1853636363636364,0.949090909090909,0.30303030303030304,0.7981060606060604,0.3114423076923077,0.8308653846153846,0.21371237458193984,0.9297658862876255,0.0,1.0,0.09303571428571429,0.9534798774150159,0.00743367575524833,1.0,-0.1581881533101045,0.10875621716830777,0.015267663617925453,1.097751383936872,0.8869565217391304,-2.135285823755665,-21.398577565261178,-5.688491589109055,1.1443806839671675,26,14,12,-43.903639539392124,1.1064844088697712,1.1443806839671675,0.05771367337035142,0.06608728182270984,
17,adom_matched,0.5376068376068376,0.6078595317725752,0.5031746031746032,0.65527950310559,0.48363636363636364,0.6313131313131313,0.5884615384615385,0.5852842809364549,0.358974358974359,0.6812196812196812,0.7581427581427581,-0.07692307692307687,-0.0038384307764701446,-0.9715997041560608,0.3657478632478633,0.7273931623931623,0.3010033444816054,0.7483904682274247,0.3348809523809524,0.7746031746031745,0.2187888198757764,0.7857531055900622,0.22172727272727272,0.7999999999999999,0.2272727272727273,0.8334595959595957,0.3384615384615384,0.8153846153846154,0.24071906354515052,0.7725752508361204,0.0,1.0,0.3720031399656637,0.7972496498599438,0.2563777307963354,0.8676546294193352,-0.21950233887733878,0.2280105936961892,-0.5037855298706417,0.8817257067471923,0.6830917874396135,-2.958900221387273,-27.708881194685212,-7.558564858464528,1.1471832940000384,26,14,4,-56.5761465924067,1.1583842030362796,1.1471832940000384,-0.005708395948948409,-0.0017013277222092716,0.45599999999999996
17,dom_matched,0.5034188034188034,0.6312709030100334,0.46984126984126984,0.6832298136645962,0.4509090909090909,0.6515151515151515,0.55,0.6120401337792643,0.3974358974358974,0.6756756756756757,0.7387387387387387,-0.06306306306306309,-0.003221804549260718,-0.9823189727874625,0.3434615384615385,0.700042735042735,0.3210702341137124,0.7608904682274248,0.2999603174603174,0.7382539682539682,0.27631987577639755,0.8230201863354037,0.21445454545454545,0.7672727272727272,0.26767676767676774,0.8686868686868686,0.2692307692307692,0.7577884615384615,0.2875418060200669,0.7960702341137124,0.0,1.0,0.3528940024171132,0.7871178995372544,0.22680658501310674,0.8369961160441096,-0.197281149301826,0.2287006421886936,-0.3803732189161997,0.8205805817010521,0.6652173913043478,-2.9584535918969403,-27.69070119232936,-7.554003746324383,1.1388319105946856,26,14,4,-56.53153156270164,1.150129178042914,1.1388319105946856,-0.005522716804893623,-0.0005921905428231134,0.496
17,probe_matched,0.5401709401709403,0.47491638795986624,0.5603174603174603,0.44720496894409933,0.4109090909090909,0.5707070707070707,0.6038461538461539,0.38461538461538464,0.717948717948718,0.5862785862785863,0.537075537075537,0.0492030492030493,-10.126587163891504,-0.006337357119474862,0.29138888888888886,0.7453846153846153,0.27339046822742474,0.7123954849498328,0.3015079365079365,0.8158730158730159,0.20958850931677017,0.6987577639751552,0.10536363636363635,0.7566363636363633,0.26262626262626265,0.8435606060606059,0.2615384615384615,0.8346153846153845,0.16714046822742476,0.7326086956521737,0.0,1.0,0.4121885774473922,0.7115197786431646,0.2944906444906445,0.7160742276101035,-0.15752143593607015,0.26434159209692754,-11.27222784878871,9.45730706989541,0.5304347826086956,-3.474088234499915,-81.04225709462214,-1.6313295534881032,-17.29160097207176,26,14,4,-168.70969836757047,6.625184178326177,-17.29160097207176,-6.269486476902369,-14.53470223473623,0.6559999999999999
17,dom_regular,0.5478632478632479,0.44230769230769235,0.6079365079365079,0.38509316770186336,0.5527272727272727,0.41414141414141414,0.5346153846153846,0.4448160535117057,0.641025641025641,0.5017325017325016,0.3811503811503811,0.12058212058212053,0.0008873764969025911,0.9944241181154095,0.39914529914529917,0.882051282051282,0.3034280936454849,0.8695652173913043,0.41107142857142853,0.900079365079365,0.21583850931677018,0.8680900621118012,0.33090909090909093,0.8690909090909091,0.19191919191919193,0.888888888888889,0.3192307692307692,0.9424038461538461,0.25744147157190633,0.926505016722408,0.0,1.0,0.3261228945168605,0.9986316633405811,0.23151496940559443,1.0,-0.10738627702328168,0.233212634948271,-0.526922835485926,0.8497484842160246,0.47681159420289854,-2.9250302986696166,-27.43144219119454,-7.4819846871396605,1.1369207595204407,26,14,12,-56.00756638139945,1.1446819990103683,1.1369207595204407,-0.0018847841140364366,0.0040555600522614805,
17,dom_regular_verberase,0.7923076923076923,0.8837792642140468,0.8174603174603174,0.8540372670807453,0.850909090909091,0.8282828282828283,0.8692307692307693,0.9163879598662208,0.24358974358974356,1.0,1.0,0.0,0.09047365420046821,0.9962326157897464,0.2093162393162393,0.8931623931623931,0.07692307692307693,0.9966555183946487,0.18408730158730158,0.9206746031746031,0.07294254658385094,1.0,0.1380909090909091,0.9709090909090908,0.09090909090909091,1.0,0.11923076923076924,0.9692307692307692,0.010033444816053514,1.0,0.0,0.84,0.0,1.0,0.0,1.0,-1.1102230246251565e-16,1.1102230246251565e-16,0.02770053568823649,0.9316434124980953,0.9782608695652174,-1.8425431019402858,-19.16893104710826,-5.027788030275291,0.973975411327706,26,14,12,-39.28107658313345,0.9432144889169299,0.973975411327706,0.0930778766907355,0.08749739992587702,
17,dom_regular_rank2,0.6982905982905983,0.705685618729097,0.7603174603174604,0.6940993788819876,0.7999999999999999,0.6565656565656566,0.6461538461538461,0.7290969899665551,0.6025641025641024,0.8946638946638946,0.9868329868329868,-0.09216909216909219,0.06297901379344809,0.9962541921992152,0.30512820512820515,0.8230982905982905,0.26001254180602007,0.8336329431438128,0.21904761904761905,0.8969444444444442,0.2560947204968944,0.8711180124223602,0.13799999999999998,0.949090909090909,0.303030303030303,0.8636363636363636,0.31125,0.8192307692307692,0.21396321070234117,0.903010033444816,0.0,0.9871794871794871,0.08594469403335683,0.9625779625779626,0.004298590403903496,1.0,-0.16029351613391912,0.10806976270965189,-0.4583945854185928,2.532503365025879,0.9043478260869565,-2.2309171521397992,-21.911893970344153,-5.8118534520003,1.1900387320536654,26,14,12,-44.997500890298696,1.1737129496103917,1.1900387320536654,0.049400972184036766,0.07849677563277532,
18,adom_matched,0.5564102564102564,0.5986622073578596,0.5285714285714286,0.65527950310559,0.5054545454545455,0.6313131313131313,0.6115384615384616,0.5484949832775919,0.358974358974359,0.6902286902286903,0.7609147609147611,-0.0706860706860708,-0.004350702683905417,-0.9706559130695227,0.3563034188034188,0.7496153846153846,0.32692307692307687,0.7492474916387959,0.3332936507936508,0.7699603174603173,0.2484083850931677,0.7951086956521738,0.23272727272727278,0.7854545454545454,0.267550505050505,0.8383838383838385,0.31913461538461535,0.8270192307692307,0.2508361204013378,0.7658862876254181,0.0,1.0,0.350191466650085,0.7914202035357323,0.22576008964296707,0.8530662020905923,-0.18753452759682865,0.21369875999180157,-0.4621629008199861,0.8378969623557453,0.6888888888888889,-2.9550629230891685,-27.6907245130074,-7.550388613408938,1.1486520711374817,26,14,4,-56.538062594773834,1.1566135687590333,1.1486520711374817,-0.00582193284335344,-0.002669296787393391,0.488
18,dom_matched,0.5282051282051282,0.6270903010033444,0.4888888888888889,0.6987577639751553,0.5054545454545455,0.6515151515151516,0.55,0.5852842809364549,0.3974358974358974,0.6749826749826751,0.7470547470547471,-0.072072072072072,-0.003778829816362428,-0.981861108850574,0.3666666666666667,0.6966666666666665,0.35449414715719063,0.7449832775919732,0.3110714285714286,0.7238888888888888,0.27783385093167695,0.8121506211180124,0.23272727272727273,0.7454545454545455,0.26742424242424245,0.8282828282828283,0.27692307692307694,0.773076923076923,0.30760869565217386,0.7658862876254181,0.0,1.0,0.35128669507575755,0.7828030760288824,0.22145354480277446,0.8375374052059849,-0.18772759103641445,0.23204529278239455,-0.21375102037324545,0.7546972880120102,0.6743961352657005,-2.9542764510054145,-27.671818794366857,-7.545873391683088,1.1401821662302842,26,14,4,-56.492206554272954,1.148568965539244,1.1401821662302842,-0.00557763698117108,-0.0017230501994382544,0.504
18,probe_matched,0.5376068376068377,0.4816053511705686,0.5682539682539682,0.4332298136645963,0.36727272727272725,0.6111111111111112,0.6269230769230769,0.37458193979933113,0.6794871794871795,0.5814275814275813,0.5606375606375607,0.02079002079002068,-15.182785485123263,-0.006045873249657074,0.288034188034188,0.7402136752136752,0.27669314381270904,0.7325041806020066,0.3221428571428572,0.8143253968253967,0.20019409937888197,0.6956909937888198,0.09809090909090912,0.7381818181818182,0.30290404040404034,0.8535353535353535,0.2769230769230769,0.8539423076923077,0.14707357859531772,0.7224916387959865,0.0,1.0,0.39283963585434173,0.7033957033957033,0.3309992249016639,0.7590821953781512,-0.20706729929375356,0.23634788634788637,-13.77750507994805,12.324805832635816,0.538647342995169,-9.519484512059751,-133.48334015897302,-6.278893867997486,-8.939139412270395,26,14,4,-281.3601720705321,14.39349175258606,-8.939139412270395,-8.586303518234068,-22.721622018710917,0.6400000000000001
18,dom_regular,0.5333333333333333,0.4673913043478261,0.5952380952380952,0.39906832298136646,0.5345454545454545,0.43939393939393945,0.4961538461538461,0.5083612040133779,0.641025641025641,0.48232848232848236,0.358974358974359,0.12335412335412338,0.00047254063852024706,0.9943552027364438,0.3734615384615384,0.8761324786324786,0.32021321070234116,0.8755016722408027,0.4142460317460317,0.8953571428571427,0.21428571428571427,0.8727096273291924,0.3163636363636364,0.9018181818181819,0.23232323232323232,0.8535353535353535,0.29615384615384616,0.9500961538461538,0.30426421404682275,0.9197324414715718,0.0,1.0,0.32151825716845883,0.9986139986139986,0.2300411702024605,1.0,-0.09162225259421955,0.24369823198096446,-0.48795234866424775,0.6400134125089356,0.48647342995169085,-2.9208036541127687,-27.411378731576313,-7.473703613896714,1.1376330393093168,26,14,12,-55.96561384080396,1.1428563776513343,1.1376330393093168,-0.0019629465198391233,0.0032559545337880994,
18,dom_regular_verberase,0.7957264957264958,0.8846153846153846,0.8158730158730158,0.8555900621118012,0.8290909090909091,0.8282828282828283,0.8653846153846154,0.919732441471572,0.3333333333333333,1.0,1.0,0.0,0.08975821263480759,0.9961564565587476,0.20252136752136748,0.8965811965811966,0.07690217391304348,0.9966555183946489,0.1571031746031746,0.926984126984127,0.07142857142857142,1.0,0.13090909090909092,0.9528181818181819,0.08585858585858586,1.0,0.09615384615384616,0.9692307692307692,0.0066053511705685625,1.0,0.0,0.7868589743589743,0.0,1.0,0.0,1.0,-1.1102230246251565e-16,1.1102230246251565e-16,0.0298381850782863,0.7697077887885373,0.9782608695652174,-1.839195167485616,-19.143869027459747,-5.0238003401793625,0.9960259772537209,26,14,12,-39.24423170790818,0.9564936529886853,0.9960259772537209,0.09025204922413821,0.08919382796128693,
18,dom_regular_rank2,0.6444444444444445,0.7441471571906354,0.6857142857142857,0.7313664596273292,0.7672727272727272,0.6767676767676768,0.5769230769230769,0.7792642140468228,0.6282051282051282,0.8884268884268884,0.9854469854469854,-0.09702009702009695,0.06508611366170697,0.9961716036206283,0.33495726495726497,0.7846581196581196,0.19228678929765888,0.8771321070234114,0.2666269841269841,0.8476190476190476,0.21875,0.8850931677018632,0.1890909090909091,0.9381818181818181,0.20707070707070707,0.8787878787878787,0.3228846153846154,0.7847115384615384,0.14381270903010032,0.9365384615384615,0.0,1.0,0.08289403271914492,0.9556861900281074,0.0,1.0,-0.16833451704545466,0.11975491190794495,-0.4502501434576924,2.1333341944442976,0.9096618357487922,-2.196265421177178,-21.861232893761702,-5.801251590066191,1.2089302735174061,26,14,12,-44.91832047201493,1.1958546844915279,1.2089302735174061,0.050362935501882436,0.08191260298722068,
19,adom_matched,0.5692307692307692,0.572742474916388,0.5095238095238095,0.6459627329192547,0.5345454545454545,0.5808080808080809,0.6,0.5551839464882944,0.3333333333333333,0.674982674982675,0.7006237006237006,-0.02564102564102566,-0.00570693007663922,-0.9690184684114184,0.37433760683760686,0.7317094017094017,0.331061872909699,0.7282608695652174,0.32849206349206356,0.7985317460317458,0.25613354037267083,0.7811335403726708,0.22909090909090907,0.7528181818181818,0.2928030303030303,0.8181818181818181,0.3382692307692308,0.8231730769230768,0.2642140468227425,0.7459030100334448,0.0,1.0,0.3457684339391656,0.7942790503298093,0.263408215661104,0.8258151431304229,-0.17148313492063486,0.18270833333333328,-0.5311821371389757,1.2619994388447855,0.6550724637681159,-2.9455825427187152,-27.618682004785803,-7.529601606383945,1.1511099510496516,26,14,4,-56.38668485445211,1.1493208448805088,1.1511099510496516,-0.0048117837956088705,-0.006729954397816762,0.48
19,dom_matched,0.5478632478632479,0.6045150501672241,0.4666666666666667,0.6925465838509317,0.5309090909090909,0.6363636363636364,0.5692307692307692,0.5618729096989967,0.37179487179487175,0.6632016632016632,0.6902286902286903,-0.027027027027027084,-0.004993963579501061,-0.9813375464757605,0.349508547008547,0.685576923076923,0.38125000000000003,0.7508988294314382,0.2904365079365079,0.7381349206349206,0.2996506211180124,0.8043866459627328,0.2507272727272727,0.7527272727272727,0.3179292929292929,0.8333333333333333,0.29230769230769227,0.7695192307692306,0.2876254180602007,0.7793478260869565,0.0,1.0,0.35275624274099887,0.7757099780701754,0.24586291039779415,0.801827474892396,-0.14660692401960793,0.1842321105224331,-0.3811630482226905,1.1677622021578151,0.6391304347826087,-2.9451928381955566,-27.60149032746568,-7.52577326670298,1.1412957843653488,26,14,4,-56.343187654742,1.1402069998106443,1.1412957843653488,-0.004361903636992051,-0.005716317799511358,0.496
19,probe_matched,0.523931623931624,0.48327759197324416,0.5507936507936508,0.4440993788819876,0.36000000000000004,0.601010101010101,0.6230769230769231,0.3846153846153847,0.6923076923076923,0.5862785862785863,0.638946638946639,-0.052668052668052634,-29.07060313345792,-0.006157754889451119,0.2948076923076923,0.7452991452991452,0.2692307692307693,0.7182483277591973,0.30952380952380953,0.8095238095238095,0.18784937888198758,0.6956909937888199,0.08,0.7347272727272727,0.26262626262626265,0.853661616161616,0.2923076923076923,0.8385576923076923,0.17048494983277593,0.7425585284280937,0.08803418803418815,1.0,0.3920376258611553,0.7159451403107311,0.37484609609609615,0.8290076563359619,-0.28401940285311433,0.18182133838383832,-10.370289939629428,13.256255918555782,0.5410628019323671,-15.638483502752326,-224.9999533349544,-7.302196097013327,3.135227074013496,26,14,4,-448.5507317212098,-1.4491749486990295,3.135227074013496,-22.684630507462394,-36.36885756316708,0.656
19,dom_regular,0.535042735042735,0.4966555183946489,0.6222222222222222,0.40683229813664595,0.5272727272727272,0.505050505050505,0.5153846153846153,0.49832775919732436,0.6282051282051282,0.4753984753984754,0.4303534303534304,0.04504504504504503,-0.0004209766896329276,0.9939389573783466,0.38117521367521373,0.9042948717948718,0.35779682274247493,0.870443143812709,0.4142460317460317,0.919126984126984,0.2561723602484472,0.8695652173913043,0.32,0.8981818181818182,0.267550505050505,0.8737373737373737,0.2961538461538461,0.9692307692307692,0.3210702341137124,0.9163879598662208,0.0,1.0,0.3188617839366705,1.0,0.2769270693689298,1.0,-0.11152291782150771,0.16633763784926575,-0.42339681864137513,0.5228363341204261,0.5212560386473429,-2.9099453743942165,-27.328350820148362,-7.449807971539989,1.138207223037041,26,14,12,-55.79164703441623,1.1349453941195071,1.138207223037041,-0.00038803294017937735,-0.00045862668900841376,
19,dom_regular_verberase,0.7923076923076923,0.8846153846153846,0.8158730158730159,0.8555900621118012,0.8327272727272728,0.8282828282828283,0.8615384615384616,0.919732441471572,0.28205128205128205,1.0,1.0,0.0,0.0939552462655412,0.995896805563799,0.20848290598290597,0.8914529914529914,0.07525083612040134,0.9966555183946488,0.17452380952380955,0.9175,0.07298136645962733,1.0,0.12363636363636366,0.9672727272727273,0.08585858585858586,1.0,0.08836538461538461,0.9692307692307692,0.006688963210702337,1.0,0.0,0.8,0.0,1.0,0.0,1.0,-1.1102230246251565e-16,1.1102230246251565e-16,0.029748173520299445,0.8476405782900492,0.9782608695652174,-1.841706808027584,-19.162254318920763,-5.024920363724275,0.9842264523645152,26,14,12,-39.26353758184242,0.9390289440008991,0.9842264523645152,0.09582525777494832,0.09181809025479018,
19,dom_regular_rank2,0.6393162393162394,0.7357859531772575,0.6603174603174603,0.7158385093167702,0.7454545454545455,0.6363636363636365,0.6038461538461538,0.7859531772575251,0.6153846153846154,0.9009009009009009,0.9854469854469854,-0.08454608454608448,0.06415688011603295,0.9958858280256128,0.3247435897435897,0.782094017094017,0.23910953177257524,0.86122491638796,0.30619047619047624,0.8317460317460318,0.24378881987577639,0.8882375776397514,0.19627272727272727,0.9381818181818181,0.3131313131313131,0.8585858585858586,0.3499038461538461,0.7923076923076923,0.14372909698996658,0.9432274247491639,0.0,1.0,0.0767480686085337,0.9609983435593192,0.002787456445993034,1.0,-0.14767167644183762,0.09758222582874086,-0.6279705236527139,2.164964658220352,0.8990338164251208,-2.211452788817387,-22.005825048410504,-5.841199254882675,1.2168716584346537,26,14,12,-45.163435819473904,1.1517857226528927,1.2168716584346537,0.04528994208804721,0.08571909500515949,
20,adom_matched,0.6196581196581197,0.5091973244147158,0.5349206349206349,0.6118012422360248,0.6763636363636363,0.48484848484848486,0.6076923076923078,0.5016722408026756,0.3333333333333333,0.6923076923076923,0.8177408177408176,-0.12543312543312535,-0.007248373539829947,-0.9645556962049553,0.3861965811965812,0.7752350427350427,0.33777173913043473,0.6814590301003344,0.3332936507936508,0.7888888888888889,0.26700310559006213,0.7780667701863353,0.2071818181818182,0.8509090909090908,0.2727272727272727,0.808080808080808,0.34615384615384615,0.8539423076923076,0.2575250836120402,0.7190635451505017,0.0,1.0,0.3108856738528243,0.8205208333333333,0.2014013120662437,0.9003484320557491,-0.21006369188115845,0.1993122632575757,-0.34927214740557394,1.3103871423014708,0.6637681159420289,-2.945734878338995,-27.676090147811177,-7.54778283520713,1.1707064955881992,26,14,4,-56.51657483560733,1.1643945399849727,1.1707064955881992,-0.0028949681858432166,-0.012223693944386207,0.45599999999999996
20,dom_matched,0.5923076923076923,0.5351170568561873,0.49682539682539684,0.6630434782608696,0.6581818181818182,0.4949494949494949,0.5461538461538461,0.5351170568561873,0.3461538461538461,0.6846846846846847,0.8073458073458074,-0.12266112266112272,-0.006326569414779953,-0.9781817110950732,0.32989316239316235,0.7197008547008548,0.36536371237458193,0.7107441471571907,0.3063095238095238,0.7476190476190476,0.32911490683229816,0.801281055900621,0.19636363636363635,0.8545454545454545,0.25252525252525254,0.8131313131313131,0.29596153846153844,0.7924038461538461,0.29431438127090304,0.7625418060200668,0.0,1.0,0.31357142857142856,0.8048808141142635,0.20798074606186562,0.8878559268236381,-0.2201562500000001,0.18676834701224942,-0.045309192972771486,1.5460642396711703,0.6531400966183575,-2.9454841764601993,-27.656210201328815,-7.543382929510582,1.158752083032451,26,14,4,-56.46550851820382,1.153088115546187,1.158752083032451,-0.002202072418487227,-0.011040280267685927,0.4720000000000001
20,probe_matched,0.558119658119658,0.4857859531772575,0.6126984126984127,0.4161490683229814,0.37454545454545457,0.6262626262626263,0.6769230769230768,0.39799331103678937,0.6794871794871795,0.6146916146916147,0.6548856548856549,-0.04019404019404016,2.7374469905606817,-0.0068521484095133,0.3179059829059829,0.7598290598290598,0.28678929765886285,0.7148829431438126,0.3491666666666666,0.8413095238095236,0.18315217391304348,0.6801242236024845,0.09809090909090912,0.720090909090909,0.28787878787878785,0.8838383838383839,0.30759615384615385,0.8730769230769231,0.14715719063545152,0.7526755852842808,0.0,1.0,0.4016852805098508,0.7433737964107752,0.3790785302942315,0.8316358995513844,-0.24675552653493835,0.20169865243394663,-16.177599346435276,15.564952468245101,0.6009661835748792,1.3557929366242565,13.83097883076351,-0.06854942768776073,-0.3896331840875429,26,14,4,28.520803665321953,-0.8588460037949347,-0.3896331840875429,2.3394262738723897,3.192327809633014,0.664
20,dom_regular,0.4914529914529915,0.56438127090301,0.6158730158730159,0.4363354037267081,0.3927272727272727,0.6060606060606061,0.5807692307692307,0.5551839464882944,0.6282051282051281,0.4310464310464311,0.31670131670131674,0.11434511434511435,0.0001706877564489737,0.992681581865656,0.33245726495726496,0.8992307692307692,0.40631270903010036,0.8887959866220736,0.42063492063492064,0.9302380952380952,0.26393633540372663,0.8664596273291926,0.1926363636363637,0.9129090909090908,0.3434343434343434,0.8940656565656564,0.3730769230769231,0.9731730769230769,0.35117056856187295,0.9298494983277591,0.0,1.0,0.2859788588796553,1.0,0.19649739583333337,1.0,-0.1355098026065768,0.21540992006558712,-0.2128168148994072,0.6765225271264997,0.5410628019323671,-2.8990158805488586,-27.291104006911965,-7.441530805406123,1.1536352595102108,26,14,12,-55.72691201304484,1.1447039992209105,1.1536352595102108,0.003459172189585513,-0.003587580167135642,
20,dom_regular_verberase,0.7735042735042734,0.8829431438127091,0.8031746031746031,0.8524844720496895,0.7854545454545455,0.8282828282828283,0.8692307692307691,0.9130434782608696,0.3333333333333333,0.9993069993069993,1.0,-0.0006930006930007115,0.1052040303862319,0.9951993277029545,0.2281837606837607,0.8735042735042734,0.07441471571906355,0.9983277591973244,0.18873015873015875,0.9238095238095237,0.07142857142857142,1.0,0.2290909090909091,0.9309090909090908,0.08585858585858587,1.0,0.12692307692307692,0.9730769230769231,0.016638795986622084,1.0,0.0,0.7571759259259256,0.0,1.0,0.0,1.0,-0.004158004158004158,0.0013937282229965161,0.03458360356949245,1.0328655020888957,0.9782608695652174,-1.836388897640822,-19.143677329287375,-5.021976428694228,1.0069394219268395,26,14,12,-39.24903678322406,0.9616821246493058,1.0069394219268395,0.10700747788996688,0.10314294752482052,
20,dom_regular_rank2,0.6102564102564103,0.7316053511705685,0.6412698412698412,0.6925465838509317,0.7381818181818182,0.6616161616161617,0.6076923076923076,0.7558528428093646,0.6410256410256411,0.9161469161469161,0.9916839916839917,-0.07553707553707556,0.06538433630343732,0.9951498686115684,0.35297008547008546,0.7581837606837606,0.22071488294314381,0.85625,0.31107142857142855,0.8429761904761903,0.2235636645962733,0.843167701863354,0.19636363636363638,0.9346363636363636,0.29292929292929293,0.8484848484848484,0.3345192307692308,0.7885576923076922,0.19063545150501673,0.9130434782608696,0.0,1.0,0.0675333471676624,0.9743848725432,0.0028971096837944643,1.0,-0.14133006634980377,0.10471106342074078,-0.6189643241209603,2.503785902784006,0.8758454106280192,-2.1888508601071304,-21.857542484388652,-5.819121955524772,1.2222526359566181,26,14,12,-44.90409254948711,1.1890075807098037,1.2222526359566181,0.03934593995934736,0.09514250355382588,
21,adom_matched,0.6547008547008547,0.4540133779264214,0.5714285714285714,0.5543478260869565,0.6763636363636363,0.4747474747474747,0.6692307692307692,0.40468227424749165,0.3333333333333333,0.6534996534996534,0.8135828135828136,-0.16008316008316015,-0.007403637299718231,-0.9618593336509825,0.3255982905982906,0.7743803418803419,0.3017976588628763,0.7232650501672241,0.36031746031746037,0.7875793650793648,0.28412267080745335,0.7251940993788819,0.16718181818181815,0.8619999999999999,0.23232323232323232,0.813131313131313,0.3423076923076923,0.8615384615384615,0.21070234113712377,0.7325250836120402,0.0,1.0,0.36827731092436977,0.7767874158499157,0.20137867647058824,0.8892223011363636,-0.26642293430627983,0.24447916666666666,-0.4333416924379483,1.1898235742509984,0.6473429951690821,-2.934277375182718,-27.605401821087273,-7.526154787028246,1.1771976124461017,26,14,4,-56.391998758534626,1.1811951163600776,1.1771976124461017,-0.002248557521267856,-0.01329515704651866,0.45600000000000007
21,dom_matched,0.6222222222222222,0.48578595317725753,0.5142857142857142,0.6195652173913043,0.6618181818181819,0.4797979797979798,0.6,0.4548494983277592,0.3461538461538461,0.6361746361746362,0.8004158004158004,-0.1642411642411642,-0.006510213291339815,-0.9764692655575276,0.3145299145299145,0.7598504273504274,0.31017976588628765,0.7241011705685619,0.33492063492063495,0.7507936507936508,0.33070652173913034,0.7671195652173913,0.15636363636363637,0.8727272727272728,0.26249999999999996,0.8181818181818181,0.326826923076923,0.8347115384615384,0.22408026755852847,0.7424749163879598,0.0,1.0,0.36853743888627605,0.7616444906444907,0.20503425389131572,0.8753097471811135,-0.2616873879928315,0.24750541482248792,-0.34553398678232833,1.1379089530091409,0.6458937198067632,-2.93572065524825,-27.599212755540645,-7.525755070987768,1.1635233896303734,26,14,4,-56.366454543960145,1.1680290328788565,1.1635233896303734,-0.001646246237487349,-0.01206903278145692,0.44000000000000006
21,probe_matched,0.5504273504273504,0.4698996655518395,0.5825396825396826,0.43012422360248453,0.36727272727272725,0.601010101010101,0.6615384615384615,0.3645484949832776,0.6538461538461539,0.5343035343035343,0.571032571032571,-0.03672903672903671,13.954619436289613,-0.008237523418691477,0.3162393162393162,0.7547649572649572,0.2733904682274248,0.7031772575250835,0.32539682539682535,0.8333333333333334,0.20958850931677017,0.6925465838509316,0.11636363636363636,0.709454545454545,0.2828282828282829,0.8585858585858585,0.31923076923076926,0.8653846153846154,0.1605351170568562,0.725752508361204,0.0,1.0,0.35444886665816905,0.6900522648083622,0.3268517819389913,0.7936491997537704,-0.24793373599439777,0.1731399181522483,-12.571413884833012,21.210231633319452,0.5512077294685991,6.370077853460313,91.42149016487268,0.8748869119190061,-15.754737131213824,26,14,4,194.33648013547835,-11.49349980573299,-15.754737131213824,12.366288446644933,15.769854853026391,0.64
21,dom_regular,0.4393162393162393,0.6262541806020068,0.5777777777777778,0.4937888198757764,0.3345454545454545,0.6212121212121212,0.5307692307692307,0.6488294314381271,0.641025641025641,0.4927234927234927,0.32848232848232845,0.16424116424116425,-0.00019983997713270295,0.9920171725274219,0.305982905982906,0.9000213675213675,0.4297658862876254,0.8712583612040135,0.4,0.9222222222222222,0.3166537267080745,0.8633928571428571,0.13454545454545455,0.9090909090909091,0.3584595959595959,0.904040404040404,0.3153846153846154,0.9308653846153846,0.3778428093645485,0.9163879598662207,0.0,1.0,0.3401834753787879,1.0,0.1959101839027393,1.0,-0.19096627718578946,0.2798780776515151,-0.4249642864342309,0.7622393419107376,0.5661835748792271,-2.8890658157287077,-27.230065119235494,-7.42279660382365,1.1571935267198892,26,14,12,-55.618367538341786,1.1582372998707995,1.1571935267198892,0.0037395199853328532,-0.00470196564852191,
21,dom_regular_verberase,0.7555555555555555,0.8829431438127091,0.7888888888888889,0.8524844720496894,0.7527272727272727,0.8282828282828283,0.8615384615384616,0.9130434782608696,0.34615384615384615,0.9993069993069993,1.0,-0.0006930006930007115,0.10422643571641688,0.9946970720821022,0.2358974358974359,0.8666880341880342,0.07859531772575251,0.9908235785953178,0.2267857142857143,0.9079365079365079,0.07604813664596273,0.9984472049689441,0.2071818181818182,0.9236363636363636,0.08585858585858587,1.0,0.13442307692307692,0.9692307692307692,0.010033444816053514,1.0,0.0,0.75,0.0,1.0,0.0,1.0,-0.004158004158004158,0.002079110360360362,0.034489019287448824,1.0033108582893073,0.9782608695652174,-1.829453049710727,-19.138702122103485,-5.014263807669571,1.003729068230934,26,14,12,-39.244055956724786,0.9666517125178128,1.003729068230934,0.10607982046222736,0.10210828172120487,
21,dom_regular_rank2,0.6444444444444444,0.7165551839464883,0.6714285714285714,0.6816770186335404,0.7490909090909091,0.6616161616161617,0.673076923076923,0.7391304347826086,0.6025641025641024,0.9154539154539154,0.9951489951489951,-0.07969507969507972,0.07038689651393916,0.9946862557047459,0.3589529914529914,0.7863675213675213,0.23070652173913042,0.840321906354515,0.31408730158730164,0.857142857142857,0.2592391304347826,0.8555900621118012,0.22545454545454546,0.9381818181818181,0.27777777777777773,0.888888888888889,0.3,0.8576923076923076,0.19055183946488294,0.903010033444816,0.0,0.9999999999999999,0.06544499860678304,0.9736664295874822,0.001388816701316702,1.0,-0.15246189269626767,0.09587159122042842,0.011707092346632733,1.9564884607009398,0.881159420289855,-2.161933716088538,-21.6047766611208,-5.722095509655438,1.2113272247391356,26,14,12,-44.40120240729897,1.1916490850573687,1.2113272247391356,0.04427136403244868,0.10023321934992824,
22,adom_matched,0.658974358974359,0.4732441471571906,0.5761904761904761,0.5807453416149069,0.6836363636363636,0.4494949494949495,0.6384615384615384,0.4849498327759198,0.3333333333333333,0.6299376299376299,0.8094248094248093,-0.1794871794871794,-0.010127829785438924,-0.9566881943526382,0.36059829059829057,0.7683760683760684,0.309301839464883,0.6965091973244147,0.35555555555555557,0.781111111111111,0.2934782608695652,0.718944099378882,0.18545454545454548,0.8473636363636363,0.24734848484848485,0.7829545454545453,0.3576923076923077,0.8424038461538461,0.22399665551839468,0.7424749163879598,0.0,1.0,0.3800390440603548,0.7857996894409937,0.23746655325052854,0.883738548273432,-0.26733270286639055,0.22154513888888885,-0.7592305145942588,1.4886680276576725,0.6487922705314009,-2.9350222207189693,-27.62619733484812,-7.532199945808331,1.1791111775008252,26,14,4,-56.43327628592814,1.1808816162318971,1.1791111775008252,-0.0021823880085844074,-0.019208334673272653,0.40800000000000003
22,dom_matched,0.6213675213675213,0.48327759197324416,0.5126984126984127,0.6118012422360248,0.6690909090909091,0.4545454545454545,0.5615384615384615,0.4782608695652174,0.3589743589743589,0.6126126126126126,0.7865557865557866,-0.17394317394317405,-0.009038669227782943,-0.973981041990342,0.33493589743589747,0.7444444444444445,0.31605351170568563,0.7148829431438126,0.3078968253968254,0.7540079365079364,0.31983695652173905,0.7624223602484472,0.16354545454545455,0.8545454545454545,0.2626262626262626,0.7880050505050504,0.3076923076923077,0.8154807692307692,0.2674749163879599,0.7525083612040134,0.0,1.0,0.3943235636645963,0.7655191026514554,0.23648961715367967,0.8728769277597402,-0.2685605511186907,0.2250201612903226,-0.22144211116606388,1.7525623501244667,0.6338164251207729,-2.9359054862196703,-27.61499397063366,-7.530432858836238,1.1645196572483123,26,14,4,-56.396429778036826,1.1664418367695082,1.1645196572483123,-0.0013167008441869557,-0.017863775951892643,0.43200000000000005
22,probe_matched,0.5470085470085471,0.5117056856187291,0.5714285714285714,0.4798136645962733,0.38181818181818183,0.601010101010101,0.6538461538461539,0.43478260869565216,0.5384615384615384,0.5835065835065835,0.6347886347886348,-0.05128205128205132,2.654302312448849,-0.010045098310060448,0.32559829059829054,0.752991452991453,0.30430602006688967,0.7132525083612039,0.2984126984126984,0.8016269841269841,0.2375,0.7034937888198758,0.13090909090909092,0.7384545454545451,0.2777777777777778,0.8284090909090908,0.27692307692307694,0.8808653846153846,0.19063545150501676,0.7525083612040133,0.0,1.0,0.38605639293139293,0.7098634179139719,0.33615104777895477,0.7999625109919226,-0.2345970471521942,0.16737063172043012,-9.262711415762645,12.473886997240221,0.5864734299516908,1.9568011230494027,14.28416400447349,1.1612330562443745,-4.49714940235064,26,14,4,33.37051626969672,-4.802188260749742,-4.49714940235064,2.218233463953526,3.152666710729219,0.632
22,dom_regular,0.458974358974359,0.6245819397993311,0.5857142857142856,0.4953416149068323,0.36727272727272725,0.6212121212121212,0.5807692307692308,0.6488294314381271,0.5897435897435896,0.5155925155925156,0.3367983367983368,0.1787941787941788,-0.0020134103079993805,0.9908066383502814,0.32132478632478634,0.888034188034188,0.4397784280936455,0.8972198996655518,0.40150793650793654,0.9206349206349206,0.3104813664596273,0.8696040372670808,0.15627272727272726,0.9090909090909091,0.3484848484848485,0.888888888888889,0.3845192307692307,0.9538461538461538,0.4112876254180602,0.9164715719063545,0.0,1.0,0.36482843137254906,1.0,0.20436457190002286,1.0,-0.20029441023915123,0.2860666141456582,-0.47918115474346334,0.812836232159229,0.5782608695652175,-2.88105497288069,-27.178793607122348,-7.407466419108153,1.1531712518081014,26,14,12,-55.50861472720715,1.1510275129624568,1.1531712518081014,0.00461516659316252,-0.009588926766470125,
22,dom_regular_verberase,0.7264957264957266,0.8837792642140468,0.7555555555555555,0.8540372670807453,0.7272727272727273,0.8282828282828283,0.8192307692307692,0.9130434782608696,0.34615384615384615,0.9993069993069993,1.0,-0.0006930006930007115,0.09008034190516777,0.9941941415104113,0.2760683760683761,0.8478632478632478,0.07857441471571906,0.9966764214046823,0.23488095238095238,0.8873412698412697,0.08070652173913044,1.0,0.26163636363636367,0.9054545454545454,0.09090909090909091,1.0,0.16509615384615386,0.9461538461538462,0.03336120401337792,1.0,0.0,0.75,0.0,1.0,0.0,1.0,-0.004349181792082657,0.0014492753623188395,0.03014791330332418,0.7999813866165013,0.9782608695652174,-1.8550204340707022,-19.334739954036174,-5.0702254855042455,1.0195400419166458,26,14,12,-39.6554849592993,0.986005051226952,1.0195400419166458,0.09313543616030481,0.08658880561358252,
22,dom_regular_rank2,0.6307692307692307,0.7316053511705685,0.6793650793650794,0.6863354037267081,0.7200000000000001,0.7121212121212122,0.6192307692307693,0.7424749163879598,0.6538461538461537,0.884961884961885,0.9986139986139986,-0.11365211365211358,0.05818113872676896,0.9941332110209681,0.36743589743589744,0.7898076923076922,0.2692307692307692,0.8461747491638797,0.3317063492063492,0.865079365079365,0.2623447204968944,0.8571816770186335,0.28363636363636363,0.9018181818181819,0.23219696969696965,0.9191919191919192,0.3576923076923077,0.8153846153846154,0.2073578595317726,0.9198996655518393,0.0,1.0,0.10652716760086856,0.9492741858255187,0.0,1.0,-0.19168402777777788,0.12821377840909093,-0.7366876855344734,1.5650184842406856,0.88743961352657,-2.1747089328197653,-21.662964878537583,-5.774242994845914,1.2767729861225965,26,14,12,-44.64157488674029,1.3156451296651233,1.2767729861225965,0.03570210680063901,0.08387146092806029,
23,adom_matched,0.6470085470085469,0.5351170568561874,0.5777777777777778,0.6242236024844721,0.6981818181818181,0.4797979797979798,0.55,0.5384615384615384,0.3333333333333333,0.6971586971586972,0.8080388080388081,-0.11088011088011096,-0.010205005872964655,-0.9415491627887861,0.41957264957264956,0.7786538461538461,0.3594690635451505,0.6915342809364549,0.3476190476190476,0.8238492063492062,0.2576863354037267,0.7779503105590062,0.2290909090909091,0.8763636363636363,0.25252525252525254,0.7828282828282829,0.28076923076923077,0.8847115384615384,0.2607859531772575,0.7558528428093645,0.0,1.0,0.37325989727608494,0.8151319648093842,0.2618328373015873,0.9007898475398475,-0.22223958333333332,0.1707425339523282,-0.8130864822654483,1.140890551205908,0.7019323671497585,-2.9651145078980212,-27.84606680845752,-7.5981968676290625,1.217878288597657,26,14,4,-56.9187161740784,1.2265825571633586,1.217878288597657,-0.0024765642955130304,-0.01903751053290937,0.43200000000000005
23,dom_matched,0.6128205128205128,0.5518394648829432,0.5206349206349207,0.6677018633540373,0.6981818181818181,0.48989898989898994,0.473076923076923,0.5551839464882944,0.3333333333333333,0.6742896742896742,0.7900207900207901,-0.11573111573111583,-0.008196550751439411,-0.9647977084059126,0.3820299145299145,0.7778205128205127,0.37786371237458194,0.6873118729096991,0.33650793650793653,0.7953571428571428,0.27950310559006214,0.8074534161490683,0.21454545454545457,0.8691818181818181,0.26262626262626265,0.7679292929292928,0.2344230769230769,0.84625,0.27416387959866223,0.7458193979933111,0.0,1.0,0.37145112179487183,0.8062664068005638,0.2530414528347996,0.8757023034360479,-0.21260793009960513,0.18567428315412174,-0.568804999697538,1.0623131160328376,0.6782608695652174,-2.962287899674518,-27.805739367873812,-7.588657357239697,1.2009167801964147,26,14,4,-56.82175323246441,1.210274496716784,1.2009167801964147,-0.000748621152270738,-0.016708470293346465,0.44000000000000006
23,probe_matched,0.652991452991453,0.5150501672240804,0.6650793650793652,0.4937888198757764,0.5381818181818181,0.5606060606060606,0.7076923076923077,0.47491638795986624,0.5897435897435896,0.6943866943866944,0.7068607068607069,-0.012474012474012475,1.092140158337911,-0.011748165448079008,0.4007905982905983,0.8154273504273504,0.3168896321070234,0.6989966555183946,0.38408730158730153,0.8810714285714285,0.2484083850931677,0.7251940993788819,0.2581818181818182,0.8328181818181818,0.2373737373737374,0.8082070707070705,0.3538461538461538,0.89625,0.21396321070234114,0.7360367892976587,0.0,1.0,0.4946821353798098,0.827927700348432,0.43727586658680834,0.879172946985447,-0.19516339656964654,0.1837230436010923,-5.148918938997724,6.506832174709597,0.6966183574879227,0.6854566133887412,4.44243119746543,0.5000772877750289,-0.9099785852511802,26,14,4,10.062768522790547,-1.177906127859688,-0.9099785852511802,0.9762188203644482,1.2246216874504394,0.6399999999999999
23,dom_regular,0.5205128205128206,0.5359531772575252,0.6317460317460317,0.3975155279503106,0.3781818181818182,0.5808080808080809,0.6807692307692307,0.5083612040133779,0.6666666666666666,0.498960498960499,0.3652113652113652,0.13374913374913378,0.004169224384066601,0.9861337969535647,0.3581196581196581,0.9324786324786324,0.39375,0.8721362876254181,0.41896825396825393,0.9523809523809523,0.2329192546583851,0.8666925465838508,0.15272727272727274,0.9345454545454545,0.31313131313131315,0.8838383838383838,0.3999038461538461,0.9923076923076923,0.3010033444816054,0.9099498327759196,0.0,1.0,0.34692658693792766,1.0,0.2299467971053337,1.0,-0.12336250214298998,0.22578801838692847,-0.34071483016300386,0.7296309372991989,0.5700483091787439,-2.875408880644771,-27.087837428294275,-7.387366499034826,1.1783924022199288,26,14,12,-55.35885863282137,1.1831837762328135,1.1783924022199288,0.01018242339184752,-0.002703003053397307,
23,dom_regular_verberase,0.7752136752136752,0.8812709030100335,0.8142857142857143,0.8493788819875776,0.7636363636363636,0.8282828282828283,0.8384615384615385,0.9096989966555185,0.5,0.9972279972279972,1.0,-0.002772002772002846,0.09690836762476594,0.9913592617737351,0.2690811965811965,0.8872008547008547,0.07773829431438127,0.9941680602006688,0.22365079365079366,0.9301587301587301,0.08377329192546583,1.0,0.2727272727272727,0.9418181818181817,0.08585858585858586,1.0,0.18442307692307688,0.9653846153846153,0.01337792642140469,1.0,0.0,0.8571428571428572,0.0,1.0,0.0,1.0,-0.011080524376923164,0.005652753908567843,0.030573792749213034,0.8669335277394905,0.9782608695652174,-1.7894861742937942,-18.827070167560528,-4.9409656422294805,1.0258483664448543,26,14,12,-38.6635194401972,1.0093791050761405,1.0258483664448543,0.10160514088717887,0.0915406267534369,
23,dom_regular_rank2,0.652991452991453,0.7391304347826086,0.6746031746031746,0.7204968944099379,0.7200000000000001,0.702020202020202,0.6538461538461539,0.7591973244147158,0.6538461538461537,0.9154539154539154,0.9986139986139986,-0.08316008316008316,0.07719688251030535,0.9913123111229426,0.33666666666666667,0.8136965811965811,0.22238712374581937,0.8663252508361202,0.3142063492063492,0.861984126984127,0.2189052795031056,0.8897515527950309,0.20718181818181816,0.92,0.19696969696969702,0.9041666666666666,0.33451923076923074,0.8653846153846154,0.1771739130434783,0.9130434782608696,0.0,1.0,0.06308665298161209,0.9779972682396509,0.0,1.0,-0.15524678071423229,0.1236458333333333,0.01718105727313987,1.646063721009961,0.8980676328502416,-2.0906035831978365,-21.05527125399691,-5.6184179286187295,1.251330073751601,26,14,12,-43.453816201785735,1.3432736937919119,1.251330073751601,0.06909921093648583,0.08645136430895621,
24,adom_matched,0.6547008547008547,0.56438127090301,0.5873015873015872,0.6506211180124224,0.72,0.5606060606060606,0.5576923076923077,0.5351170568561873,0.3333333333333333,0.7581427581427582,0.7851697851697852,-0.027027027027026973,-0.02439528359989263,-0.9039064557953117,0.4042307692307692,0.8068376068376067,0.3494983277591973,0.6990175585284281,0.36027777777777775,0.863531746031746,0.2329192546583851,0.8012810559006212,0.20709090909090908,0.880090909090909,0.3131313131313131,0.7981060606060605,0.29990384615384613,0.9155769230769228,0.25752508361204013,0.7391304347826086,0.0,1.0,0.42020730497483544,0.898476592341482,0.403397212543554,0.9055933150546158,-0.11547213466568296,0.09978020234806743,-0.33921204247194925,1.9060067856858371,0.731400966183575,-3.0108694258215456,-28.25013447713028,-7.715693733738791,1.2925264458249361,26,14,4,-57.78409585735065,1.2838269030900842,1.2925264458249361,-0.011677091691640476,-0.03893036006646652,0.488
24,dom_matched,0.6213675213675214,0.5677257525083612,0.5365079365079365,0.672360248447205,0.7127272727272727,0.5555555555555555,0.5,0.5384615384615384,0.3333333333333333,0.7193347193347194,0.7415107415107415,-0.022176022176022103,-0.0198399173524979,-0.9424532388648872,0.4136324786324786,0.803440170940171,0.36622073578595316,0.7006688963210702,0.3459126984126984,0.8048412698412698,0.2701475155279503,0.8229813664596273,0.20363636363636367,0.8872727272727273,0.2928030303030303,0.8080808080808081,0.23067307692307695,0.8846153846153846,0.28428093645484953,0.7793478260869564,0.0,1.0,0.40613651970483483,0.8809189662846334,0.36483628817380614,0.8794439806190701,-0.11249999999999993,0.12326680672268907,-0.20319775267202608,1.2501094159979,0.6956521739130435,-2.997578003065052,-28.125389155332304,-7.683081615405272,1.2730313906859352,26,14,4,-57.5176185557255,1.2668402450608929,1.2730313906859352,-0.00758837296022697,-0.03384168237223611,0.4880000000000001
24,probe_matched,0.6914529914529914,0.5819397993311036,0.7031746031746032,0.5450310559006211,0.5163636363636364,0.691919191919192,0.7846153846153847,0.5217391304347826,0.6153846153846154,0.8558558558558559,0.7671517671517671,0.08870408870408875,0.9957357877157763,-0.0122093432701161,0.4870726495726496,0.8854700854700854,0.357002508361204,0.7357859531772575,0.46496031746031746,0.9333730158730157,0.2794642857142857,0.7407996894409937,0.2799090909090909,0.8690909090909091,0.33333333333333337,0.8888888888888888,0.47682692307692304,0.9615384615384616,0.24749163879598662,0.749247491638796,0.0,1.0,0.6613341487129576,0.9439291980996944,0.5261633851045616,0.9181360164512338,-0.10787898057610983,0.26071602123205734,0.5071980582326328,2.261914613356672,0.8188405797101449,0.6144749000517465,2.867505372376258,0.4365560628179474,-0.013699602124285634,26,14,4,5.939480173970587,-0.2044694292180712,-0.013699602124285634,0.9178753559670254,1.084719138285777,0.76
24,dom_regular,0.5324786324786325,0.528428093645485,0.6396825396825396,0.3928571428571429,0.38181818181818183,0.5454545454545454,0.6884615384615385,0.5384615384615385,0.6666666666666666,0.5426195426195426,0.5412335412335413,0.001386001386001312,0.007288658472416504,0.9788182611452317,0.3811752136752137,0.9377350427350426,0.3553302675585284,0.8872073578595318,0.4412301587301587,0.9431746031746029,0.21424689440993788,0.8944099378881987,0.1672727272727273,0.9636363636363635,0.31300505050505045,0.9040404040404041,0.41538461538461535,1.0,0.32433110367892976,0.9364548494983278,0.0,1.0,0.3762893704895974,1.0,0.3513340263340263,1.0,-0.08258928571428559,0.10140878259337568,-0.5125978732182654,1.0635028253222485,0.5652173913043478,-2.8474696561087263,-26.863533046963845,-7.331511958068012,1.2274069509140655,26,14,12,-54.94293693579837,1.2158708418706827,1.2274069509140655,0.016514644616525288,-0.003255325692279247,
24,dom_regular_verberase,0.7230769230769231,0.8745819397993311,0.7634920634920636,0.8369565217391304,0.6727272727272727,0.8282828282828283,0.8346153846153846,0.8862876254180603,0.5384615384615384,0.9958419958419958,1.0,-0.004158004158004158,0.10151217588766097,0.9871844451322765,0.33331196581196587,0.8615598290598291,0.09028010033444817,0.9816471571906356,0.3047222222222222,0.9111507936507935,0.10702639751552794,1.0,0.37445454545454543,0.8945454545454545,0.09090909090909093,1.0,0.21528846153846154,0.9615384615384616,0.04347826086956522,1.0,0.0,0.9259259259259259,0.00416666666666667,1.0,0.0,1.0,-0.013860013860013898,0.012083651394485004,0.032288990745853265,0.851812392995997,0.9782608695652174,-1.8287891293069518,-19.121280706012644,-5.027071290505759,1.0734973501608498,26,14,12,-39.29940908586421,1.0568476738389232,1.0734973501608498,0.10929016939480247,0.0926230404509278,
24,dom_regular_rank2,0.6324786324786325,0.7725752508361203,0.6619047619047619,0.7406832298136645,0.6945454545454546,0.7474747474747475,0.6576923076923077,0.7959866220735786,0.6666666666666666,0.93000693000693,0.9979209979209979,-0.06791406791406784,0.06470089945330855,0.9868830645518682,0.4016880341880342,0.8222222222222222,0.20564381270903007,0.8954849498327758,0.3634126984126984,0.873095238095238,0.206444099378882,0.8990683229813664,0.34909090909090906,0.9163636363636363,0.19696969696969696,0.9444444444444444,0.3574038461538462,0.8884615384615384,0.15710702341137125,0.9364548494983277,0.0,1.0,0.0804980742296919,0.9847984601449274,0.0014092211937629198,1.0,-0.1313393278620462,0.10395551801801797,0.00842689460906557,1.2278153804318939,0.8990338164251208,-2.053498969558688,-20.840930345256705,-5.546795174009362,1.2898897670182579,26,14,12,-42.99567007215792,1.3138093816445078,1.2898897670182579,0.07159972438602091,0.05681652810163732,
25,adom_matched,0.7136752136752136,0.5100334448160535,0.6888888888888889,0.5465838509316769,0.7127272727272727,0.5353535353535352,0.6653846153846155,0.48494983277591974,0.3333333333333333,0.7491337491337491,0.8620928620928621,-0.11295911295911298,-0.04006818045694329,-0.8647798707726322,0.40512820512820513,0.8419017094017094,0.34694816053511707,0.6939799331103679,0.3936111111111111,0.8825396825396826,0.2981366459627329,0.7360636645962731,0.25081818181818183,0.8981818181818182,0.3029040404040404,0.8131313131313131,0.35374999999999995,0.94625,0.26086956521739135,0.7123745819397993,0.0,1.0,0.4472836503022261,0.9140807995495496,0.28944114318053193,0.9197204301075268,-0.23321489465351364,0.22612922705313987,-0.5789007732257393,1.4047447083989706,0.7937198067632849,-3.0474012954818384,-28.633252107046193,-7.802093120791727,1.3208139921180528,26,14,4,-58.59544936436763,1.328945150275247,1.3208139921180528,-0.022230868560484014,-0.06045367976718248,0.4960000000000001
25,dom_matched,0.6854700854700855,0.5275919732441472,0.6317460317460318,0.6024844720496894,0.7272727272727272,0.5454545454545455,0.6038461538461538,0.48494983277591974,0.3333333333333333,0.7130977130977131,0.8433818433818433,-0.13028413028413022,-0.03308749716298984,-0.9115816731318085,0.4358119658119658,0.8273717948717948,0.35449414715719063,0.6931856187290969,0.41107142857142853,0.8381349206349205,0.32298136645962733,0.7701863354037267,0.2363636363636364,0.8945454545454545,0.3030303030303031,0.8183080808080806,0.3346153846153846,0.9115384615384615,0.2642140468227425,0.7424749163879599,0.0,1.0,0.4431690000249557,0.898578544320954,0.2938182172557172,0.9125097996515679,-0.24878724878724884,0.24527354570637108,-0.4045185238697441,1.2277085859584684,0.7565217391304349,-3.027067634753283,-28.433385691472942,-7.749793819556193,1.289148778231928,26,14,4,-58.16248156014012,1.2957101771942372,1.289148778231928,-0.0159483398299282,-0.05267510554363173,0.504
25,probe_matched,0.6914529914529914,0.6086956521739131,0.7031746031746032,0.5667701863354038,0.5454545454545455,0.7676767676767677,0.7576923076923077,0.5217391304347826,0.5512820512820513,0.8898128898128899,0.7221067221067221,0.16770616770616775,0.9518748563124585,-0.015404841410063437,0.47433760683760684,0.861602564102564,0.38961120401337795,0.7382943143812709,0.44285714285714284,0.9206746031746031,0.290333850931677,0.7702251552795031,0.3199090909090909,0.869090909090909,0.40378787878787875,0.9090909090909091,0.4769230769230769,0.9692307692307692,0.274247491638796,0.7459030100334447,0.03703703703703708,1.0,0.6923490021008403,0.9660481648192579,0.5126822990237625,0.9041879038547236,-0.035819327731092414,0.29483878333942276,0.5056869863515081,2.342977595801521,0.8144927536231884,0.6693305732172424,2.6773461997945684,0.3749008546743428,0.008423631668754226,26,14,4,5.709134822791573,-0.35444242320243646,0.008423631668754226,0.8287309300313447,1.0926107720623028,0.792
25,dom_regular,0.5401709401709403,0.6287625418060201,0.6253968253968254,0.5295031055900622,0.41454545454545455,0.6060606060606061,0.6846153846153846,0.6187290969899666,0.6666666666666666,0.5918225918225918,0.43797643797643804,0.15384615384615374,0.01234510249766127,0.9665896131122798,0.358034188034188,0.9359401709401709,0.44228678929765886,0.9348453177257525,0.4126984126984127,0.9508333333333332,0.31366459627329196,0.9317158385093167,0.17454545454545456,0.9381818181818181,0.3332070707070706,0.9444444444444444,0.4346153846153846,1.0,0.3678929765886288,0.9699832775919732,0.0,1.0,0.40759539537359657,1.0,0.24059938171893852,1.0,-0.13456275761153816,0.26039445157076296,-0.9479333355677839,0.9393474659887446,0.6855072463768116,-2.768788496101428,-26.2673999218238,-7.144306667533605,1.206987715234936,26,14,12,-53.73096964294921,1.1961697993016165,1.206987715234936,0.023792798362883075,-0.0007379784911636517,
25,dom_regular_verberase,0.7282051282051281,0.8662207357859533,0.7603174603174604,0.8214285714285715,0.7054545454545454,0.8282828282828283,0.8384615384615385,0.8762541806020068,0.5384615384615385,0.9979209979209979,1.0,-0.0020790020790021346,0.10592215675790474,0.9809879203314552,0.3888675213675214,0.8803846153846153,0.10533026755852844,0.9682692307692308,0.2935714285714286,0.9175396825396824,0.13505434782608694,0.984472049689441,0.3927272727272727,0.9199999999999999,0.09090909090909091,1.0,0.2151923076923077,0.9730769230769231,0.05685618729096991,1.0,0.0,0.9285714285714286,0.009002770083102497,1.0,0.0,1.0,-0.007766039742783833,0.030449106841927868,0.027930273969411935,0.8731248392104509,0.9782608695652174,-1.7848251297830848,-18.716702060893923,-4.9041383313235345,1.082635580091381,26,14,12,-38.44329621313168,1.0098920913438343,1.082635580091381,0.10597285664684793,0.10586421402768398,
25,dom_regular_rank2,0.7128205128205127,0.7516722408026755,0.734920634920635,0.6987577639751553,0.6872727272727273,0.7373737373737375,0.7692307692307693,0.7759197324414716,0.6538461538461537,0.9327789327789329,0.9965349965349966,-0.06375606375606369,0.07719607034868964,0.9806548341792277,0.3307692307692308,0.8948931623931624,0.20397157190635448,0.8746237458193981,0.26345238095238094,0.9238492063492062,0.221972049689441,0.8649844720496894,0.25809090909090904,0.9127272727272727,0.2222222222222222,0.9494949494949495,0.2846153846153846,0.9576923076923076,0.17391304347826086,0.9499163879598662,0.0,1.0,0.0739925672739059,0.9866983635559486,0.0028003925062748598,1.0,-0.1152237710931768,0.10054241741741739,0.013597804283240771,0.9296953927591419,0.9410628019323672,-1.9773049942330598,-19.95560184024365,-5.311583752068728,1.210824772660841,26,14,12,-41.15194212914371,1.2407384486564148,1.210824772660841,0.0639889942452434,0.09228987160977106,
26,adom_matched,0.7196581196581195,0.5392976588628762,0.7063492063492063,0.5434782608695652,0.6909090909090909,0.5606060606060606,0.6846153846153846,0.5351170568561873,0.3461538461538461,0.7304227304227304,0.8413028413028413,-0.11088011088011085,-0.043148120937533216,-0.8488213353326605,0.4435042735042735,0.8292094017094016,0.35192307692307695,0.6931856187290969,0.41107142857142853,0.8777777777777778,0.2950310559006211,0.7267468944099379,0.2761818181818182,0.8909999999999999,0.30808080808080807,0.8232323232323232,0.3730769230769231,0.9230769230769231,0.2775083612040134,0.7458193979933111,0.0,1.0,0.4541603863478864,0.8871362576852915,0.3145873249207188,0.9133379557798164,-0.22831480284421457,0.23392334916921328,-0.5231786791991954,1.425432273244087,0.7980676328502415,-3.0645869524901364,-28.74798712960756,-7.816667131779284,1.3003290949821291,26,14,4,-58.78560344468507,1.2896291854699549,1.3003290949821291,-0.026019785904009475,-0.06272336097584606,0.512
26,dom_matched,0.6957264957264957,0.5685618729096991,0.6603174603174603,0.6195652173913044,0.7127272727272728,0.5808080808080808,0.6038461538461538,0.5652173913043479,0.37179487179487175,0.6902286902286903,0.8281358281358281,-0.13790713790713782,-0.03516523748575077,-0.9006937051840629,0.43222222222222223,0.8256837606837606,0.37539715719063543,0.7074205685618729,0.4063095238095238,0.8317857142857142,0.3399456521739131,0.7627717391304345,0.27636363636363637,0.9018181818181817,0.297979797979798,0.8031565656565655,0.31923076923076926,0.8884615384615385,0.2575250836120402,0.7525919732441472,0.0,1.0,0.4477940188172043,0.876730968963832,0.3053977272727273,0.9055797101449276,-0.23371165515125117,0.23115252733480526,-0.35160152067731726,1.2512886804971788,0.7729468599033816,-3.0434390152747923,-28.541501154434094,-7.76454493978846,1.2683489381884037,26,14,4,-58.33958961356217,1.2565873046939824,1.2683489381884037,-0.018361783087438553,-0.05436918536953616,0.512
26,probe_matched,0.6666666666666666,0.6086956521739131,0.6603174603174604,0.5667701863354038,0.5381818181818182,0.7676767676767677,0.7307692307692307,0.5518394648829431,0.5641025641025641,0.8648648648648648,0.695079695079695,0.16978516978516978,1.0687467738341885,-0.01866140721835324,0.48369658119658115,0.8683974358974359,0.3745192307692307,0.741680602006689,0.4173015873015873,0.8920634920634921,0.3105201863354037,0.7763975155279503,0.30536363636363634,0.8582727272727273,0.3686868686868687,0.898989898989899,0.44605769230769227,0.9384615384615385,0.270819397993311,0.7759197324414715,0.0,1.0,0.6560554532572537,0.9361229674796748,0.4840244222689076,0.8861189981532779,-0.05537276738652442,0.31322172619047617,0.5598442843481141,2.615369881027065,0.7908212560386474,0.7493144400688895,2.928554530892018,0.4263894847670809,-0.09387797252320108,26,14,4,6.156770987500332,-0.2996619257162957,-0.09387797252320108,0.9357695664548861,1.2207207251248196,0.76
26,dom_regular,0.5658119658119658,0.5919732441471572,0.6301587301587301,0.5201863354037266,0.4545454545454546,0.5757575757575758,0.7,0.5418060200668896,0.6282051282051282,0.6063756063756064,0.45045045045045046,0.15592515592515593,0.018349499124365867,0.9624041010280978,0.3691666666666667,0.941025641025641,0.4263795986622073,0.9465301003344482,0.38412698412698415,0.9349603174603173,0.31203416149068325,0.9285714285714285,0.19627272727272727,0.9090909090909092,0.3434343434343434,0.9395202020202019,0.4460576923076923,1.0,0.34113712374581945,0.9765886287625418,0.0,1.0,0.41735696353065543,1.0,0.26522743995530096,1.0,-0.13460183227625078,0.26892604248623114,-1.1735566438483855,1.2875873489369678,0.6758454106280194,-2.7702994279940887,-26.25254382549725,-7.127929644574948,1.1826533380516984,26,14,12,-53.659282521523295,1.1541948705287999,1.1826533380516984,0.030420383696856578,0.004554202470090761,
26,dom_regular_verberase,0.7341880341880341,0.8612040133779264,0.7825396825396825,0.8152173913043478,0.6727272727272727,0.8282828282828283,0.8384615384615384,0.8695652173913043,0.41025641025641024,0.9972279972279972,1.0,-0.002772002772002846,0.1196496250362181,0.9772970757767622,0.42901709401709404,0.8871794871794871,0.12194816053511706,0.9707566889632107,0.3681349206349206,0.9333333333333333,0.16145186335403722,0.9736024844720497,0.4363636363636364,0.8982727272727272,0.15151515151515155,1.0,0.2846153846153846,0.9654807692307692,0.09690635451505017,0.9966555183946488,0.0,0.8928571428571429,0.012900247434017607,1.0,0.0,1.0,-0.009703361898483887,0.030170810931899574,0.032048322280736924,0.997689649845522,0.9782608695652174,-1.8047658091859133,-18.844542182539012,-4.924851003923112,1.05181336913351,26,14,12,-38.64570045031517,0.9566160852371414,1.05181336913351,0.11724899630935251,0.12239320072406447,
26,dom_regular_rank2,0.6897435897435897,0.7608695652173914,0.7238095238095238,0.7049689440993788,0.6981818181818181,0.7474747474747476,0.7461538461538461,0.7658862876254182,0.6025641025641024,0.896049896049896,0.9875259875259875,-0.09147609147609148,0.07290554667846458,0.9765205024830698,0.4025427350427351,0.923974358974359,0.21484113712374578,0.8779264214046822,0.3713492063492064,0.9460714285714286,0.2297748447204969,0.8618012422360248,0.3890909090909091,0.9381818181818182,0.2474747474747475,0.9393939393939393,0.2998076923076923,0.9654807692307692,0.16387959866220736,0.9164715719063545,0.0,0.9814814814814814,0.11552930368764842,0.9761997767857142,0.009862000559674972,1.0,-0.15902935606060595,0.15457973730032545,-0.0023518617551742116,1.205987068396779,0.9033816425120772,-2.0756676724227523,-20.934054208213244,-5.584875915548675,1.2090343102082295,26,14,12,-43.03933824600357,1.171229829577077,1.2090343102082295,0.06623792703154863,0.08052568341779712,
27,adom_matched,0.7829059829059828,0.5702341137123746,0.7904761904761906,0.546583850931677,0.7345454545454545,0.6616161616161617,0.8076923076923077,0.5384615384615384,0.37179487179487175,0.7720027720027721,0.7775467775467776,-0.00554400554400547,-0.05764834059890824,-0.8150844066179496,0.4546581196581196,0.8547222222222223,0.3486413043478261,0.704034280936455,0.4428571428571429,0.8984523809523809,0.2932841614906832,0.714363354037267,0.31981818181818183,0.8763636363636363,0.3080808080808081,0.8434343434343434,0.43451923076923077,0.9538461538461538,0.22399665551839465,0.7491638795986623,0.0,1.0,0.4767494991759698,0.8971218996545145,0.3833333333333333,0.8808868170202964,-0.14306801684088263,0.17547261591853433,-1.2364902358247642,1.8486300378146263,0.8444444444444444,-3.133781127317198,-29.39246545712815,-7.982643752015423,1.2974391457209866,26,14,4,-60.047395452072045,1.262464537815748,1.2974391457209866,-0.041171370457303035,-0.0764791636178856,0.488
27,dom_matched,0.752991452991453,0.580267558528428,0.7396825396825397,0.6009316770186335,0.7163636363636364,0.6363636363636362,0.7538461538461538,0.5518394648829432,0.3974358974358974,0.7297297297297297,0.7449757449757449,-0.01524601524601521,-0.04651064626288221,-0.8768236538571168,0.46653846153846157,0.8539316239316238,0.3661998327759197,0.7149665551839464,0.43968253968253973,0.8714285714285714,0.3353260869565217,0.7499999999999999,0.3417272727272727,0.880090909090909,0.2776515151515151,0.8232323232323232,0.4076923076923077,0.9230769230769231,0.254180602006689,0.7591973244147158,0.0,1.0,0.45302597868415656,0.8606451117032179,0.36860911488579173,0.8402792366946779,-0.14702217487373734,0.194601709369715,-0.508599433294012,1.2166793328514278,0.8202898550724637,-3.1001393761660596,-29.085315468220248,-7.903499812055216,1.2679597564113485,26,14,4,-59.40041342089451,1.2297824844540137,1.2679597564113485,-0.0307374531017341,-0.06453715273276577,0.48
27,probe_matched,0.6615384615384615,0.5476588628762542,0.6666666666666667,0.5341614906832298,0.5636363636363636,0.6666666666666666,0.7076923076923076,0.4983277591973244,0.5769230769230769,0.74012474012474,0.5349965349965351,0.20512820512820495,1.2806837630024621,-0.024048944836987527,0.48034188034188036,0.8624572649572649,0.34276755852842816,0.7091137123745819,0.43492063492063493,0.8904761904761904,0.29650621118012427,0.7438276397515529,0.33809090909090905,0.8690909090909091,0.3383838383838384,0.8636363636363636,0.40375,0.9346153846153846,0.2472408026755853,0.7460702341137122,0.0,1.0,0.5441928727351303,0.8696894032256507,0.3430396619849745,0.8250098476890756,-0.05371942774136876,0.33589406697638413,0.5737510129427852,3.975639427753013,0.7391304347826086,0.6846661738669488,3.157521704738214,0.16503707316769875,-0.02725155866418494,26,14,4,7.048720133587865,-0.7336767241114367,-0.02725155866418494,1.1761663356722027,1.4001322513799017,0.792
27,dom_regular,0.582051282051282,0.6270903010033446,0.6174603174603175,0.5916149068322982,0.5127272727272727,0.5757575757575758,0.676923076923077,0.6120401337792643,0.47435897435897434,0.6943866943866943,0.6167706167706168,0.07761607761607747,0.0255495023505212,0.9458714110973014,0.3572435897435897,0.9402136752136752,0.44981187290969904,0.959866220735786,0.38249999999999995,0.9524206349206349,0.371001552795031,0.9550077639751553,0.2762727272727273,0.9274545454545454,0.31805555555555554,0.9444444444444444,0.3499038461538461,1.0,0.37458193979933113,0.9832775919732442,0.0,1.0,0.45911515715499873,1.0,0.3831761384116304,1.0,-0.05139336527293849,0.18345151116817465,-0.9559472962702601,2.2627147605823916,0.7222222222222222,-2.724332794489779,-25.939936566567216,-7.030052241662907,1.1501134255087335,26,14,12,-52.96441769099342,1.0845445578589916,1.1501134255087335,0.03562789809621359,0.014031335784015617,
27,dom_regular_verberase,0.7905982905982906,0.86371237458194,0.8095238095238095,0.827639751552795,0.7163636363636363,0.8282828282828283,0.8846153846153847,0.8695652173913044,0.3974358974358974,0.9944559944559944,0.9986139986139986,-0.004158004158004158,0.11747943348387758,0.9709606380749677,0.382008547008547,0.932542735042735,0.13292224080267562,0.9666178929765885,0.37444444444444447,0.9619047619047617,0.11956521739130435,0.982919254658385,0.4179090909090909,0.9454545454545454,0.14558080808080814,1.0,0.2573076923076923,0.9846153846153846,0.08695652173913043,0.9966555183946487,0.0,0.9173333333333331,0.017401575183144002,1.0,0.0020670922939068116,1.0,-0.0157745435320049,0.04933418538353308,0.012755633405204272,0.8530616949396567,0.9758454106280193,-1.7964973812543206,-18.761978074244098,-4.91333995054663,1.0578640046160461,26,14,12,-38.446469735145556,0.9225135866573575,1.0578640046160461,0.11360379235436308,0.12190873763189415,
27,dom_regular_rank2,0.6897435897435897,0.7324414715719063,0.7174603174603175,0.6878881987577641,0.6727272727272727,0.7373737373737375,0.7230769230769231,0.7257525083612041,0.641025641025641,0.8953568953568953,0.9792099792099793,-0.08385308385308399,0.06446763339824992,0.9702345017815622,0.3836752136752136,0.950491452991453,0.23902591973244147,0.8503553511705687,0.35551587301587295,0.9667460317460317,0.2731754658385093,0.8555900621118012,0.38181818181818183,0.9672727272727272,0.22222222222222224,0.9292929292929293,0.3575,0.976923076923077,0.22408026755852845,0.882943143812709,0.0,1.0,0.12815972222222224,0.9764247661122661,0.019873969088390817,1.0,-0.15221987315010566,0.15312772416326603,-0.2306230069318492,1.1167415229502555,0.8903381642512076,-2.0865990848985234,-20.974958109832205,-5.615258865727654,1.1714048220554685,26,14,12,-43.15151231544334,1.20159609577893,1.1714048220554685,0.04696852690407944,0.08446661224873045,
28,adom_matched,0.7564102564102564,0.5861204013377926,0.7571428571428571,0.5698757763975155,0.6799999999999999,0.6414141414141414,0.7807692307692308,0.5819397993311037,0.48717948717948717,0.7616077616077616,0.799029799029799,-0.037422037422037424,-0.06970171597300391,-0.7846492631526268,0.46491452991452986,0.8410470085470085,0.3637123745819398,0.7190844481605351,0.4285714285714286,0.8857142857142857,0.274805900621118,0.7470108695652172,0.3054545454545455,0.8837272727272727,0.3130050505050505,0.848611111111111,0.4115384615384615,0.9384615384615383,0.23737458193979932,0.7692307692307693,0.0,1.0,0.49053865712402295,0.8927573102411696,0.39161165973665973,0.8671918402777777,-0.1825477810053117,0.21070054429429425,-1.2931466021908795,2.03061161996447,0.8294685990338164,-3.1441005181218618,-29.486869354793342,-7.9926169807854714,1.282651145826763,26,14,4,-60.182240476305516,1.2085017667188303,1.282651145826763,-0.05353122143880216,-0.08818228115494876,0.45600000000000007
28,dom_matched,0.7401709401709401,0.5852842809364549,0.7317460317460318,0.610248447204969,0.7018181818181818,0.6161616161616161,0.7307692307692307,0.6053511705685619,0.5128205128205128,0.7227997227997228,0.7623007623007624,-0.03950103950103956,-0.05649892462279848,-0.8528724152433216,0.4683333333333333,0.8478846153846153,0.35275919732441463,0.7040342809364549,0.4222222222222223,0.8667460317460317,0.3166537267080745,0.7515916149068322,0.3417272727272727,0.8872727272727272,0.30277777777777776,0.8082070707070705,0.3806730769230769,0.9192307692307693,0.24414715719063546,0.7627090301003343,0.0,1.0,0.460878908423278,0.8473437499999998,0.3515368230625584,0.8638476001757251,-0.1821312234571248,0.21193351388339254,-0.7942371678918659,1.4576684165433147,0.8135265700483091,-3.1043837407666723,-29.13929241458291,-7.902601124396331,1.2549544568894089,26,14,4,-59.456216821074534,1.1776319919087093,1.2549544568894089,-0.04036739659752596,-0.07493495665168136,0.44799999999999995
28,probe_matched,0.6572649572649573,0.5301003344481605,0.6571428571428571,0.5186335403726707,0.5818181818181818,0.6818181818181819,0.7153846153846154,0.44147157190635455,0.6282051282051282,0.7290367290367291,0.5765765765765766,0.15246015246015254,1.4090341531559942,-0.027874761549880157,0.48623931623931627,0.8760897435897436,0.33528428093645485,0.7049122073578595,0.4411507936507936,0.8968650793650793,0.2809782608695652,0.723641304347826,0.3490909090909091,0.8982727272727272,0.32310606060606056,0.8737373737373736,0.4307692307692308,0.9385576923076923,0.21396321070234117,0.7057692307692308,0.0,1.0,0.5225144277469859,0.8773410009732725,0.3839930555555556,0.8317665110774529,-0.11369275549554993,0.29665446696696685,0.6049123947403623,4.519746102513579,0.7280193236714976,0.6134102623544128,3.565034625733261,0.15019245135333006,-0.08442901051920962,26,14,4,7.4679396378596765,-0.33787038639315486,-0.08442901051920962,1.33385392770237,1.4949544108172788,0.744
28,dom_regular,0.6581196581196581,0.6178929765886287,0.7095238095238096,0.5838509316770186,0.610909090909091,0.601010101010101,0.7153846153846154,0.5719063545150502,0.3589743589743589,0.7186417186417187,0.5904365904365905,0.1282051282051282,0.03817237235048972,0.9362125291563117,0.4162179487179487,0.9496581196581196,0.4464882943143813,0.9581939799331103,0.4222222222222222,0.9588095238095238,0.3881599378881987,0.934860248447205,0.31263636363636366,0.9563636363636363,0.36363636363636365,0.944570707070707,0.4461538461538461,1.0,0.3511705685618729,0.9866220735785953,0.0,1.0,0.4758432208110517,1.0,0.35793802854122625,1.0,-0.04537651427895326,0.2217658990914806,-1.4399094763170235,2.033624505798691,0.7768115942028985,-2.6759320406423877,-25.519139206645086,-6.907960312265005,1.115745923554336,26,14,12,-52.06211687894461,1.023838465654438,1.115745923554336,0.04957047254241373,0.025145972131148,
28,dom_regular_verberase,0.805982905982906,0.8653846153846154,0.8571428571428571,0.8260869565217391,0.7709090909090909,0.8232323232323233,0.8538461538461538,0.8829431438127091,0.3589743589743589,0.988911988911989,0.9882189882189882,0.0006930006930007115,0.12896280299104898,0.9635034067801704,0.4503846153846153,0.9410897435897435,0.11868729096989968,0.9674122073578596,0.3821031746031746,0.9746031746031746,0.16284937888198758,0.9813664596273292,0.4909090909090909,0.9528181818181818,0.12083333333333336,1.0,0.34221153846153846,0.9692307692307692,0.10367892976588629,1.0,0.0,0.9259259259259259,0.04109756097560976,1.0,0.009903661506176753,1.0,-0.02030199927736969,0.06962179779062398,-0.023832778238934482,0.9279711838409995,0.9772946859903381,-1.7747250673281354,-18.59593627451648,-4.840407505817912,1.0514480581483874,26,14,12,-38.045870182389145,0.8539976333561884,1.0514480581483874,0.12909044117481994,0.12881693078102502,
28,dom_regular_rank2,0.7461538461538463,0.741638795986622,0.8317460317460318,0.6614906832298136,0.730909090909091,0.7929292929292932,0.7615384615384615,0.7123745819397994,0.6153846153846153,0.9092169092169092,0.9826749826749827,-0.07345807345807343,0.07488242004395745,0.9631144402673708,0.37604700854700857,0.9478846153846154,0.232378762541806,0.8553511705685619,0.29039682539682543,0.9762301587301585,0.2950310559006211,0.840139751552795,0.37090909090909097,0.9563636363636364,0.20202020202020204,0.9797979797979798,0.3460576923076923,0.9539423076923077,0.22408026755852845,0.8696488294314382,0.0,1.0,0.10661539709323639,0.9818831058846302,0.01529495741385986,1.0,-0.13697010869565215,0.12681938035596577,-0.3371387291837798,1.153771683662892,0.9193236714975845,-2.0314272500630404,-20.456813392267474,-5.462590978599104,1.1945505249027626,26,14,12,-42.0188748624263,1.1052480778913525,1.1945505249027626,0.05436362031693619,0.0983324768748389,
29,adom_matched,0.6324786324786325,0.5894648829431438,0.6714285714285714,0.5512422360248447,0.5781818181818182,0.6515151515151515,0.6230769230769231,0.5852842809364549,0.5128205128205128,0.7124047124047124,0.65003465003465,0.062370062370062374,-0.07561074034385369,-0.7620711854728162,0.3897222222222223,0.8154487179487179,0.3377926421404682,0.727445652173913,0.3952380952380952,0.8603174603174603,0.29805900621118014,0.7422360248447204,0.27272727272727276,0.8363636363636363,0.33320707070707073,0.8434343434343434,0.28076923076923077,0.9192307692307693,0.21070234113712372,0.7926421404682273,0.0,1.0,0.46672473867595815,0.8406536223723724,0.43135107366814684,0.8271448863636363,-0.09340149852344973,0.15441744846723035,-1.2568351311701844,2.18285903014391,0.727536231884058,-3.112325173501922,-29.110923427485424,-7.864055605493593,1.26531495447833,26,14,4,-59.387483980717604,1.165637125746755,1.26531495447833,-0.05253496062390399,-0.10198306002379619,0.44800000000000006
29,dom_matched,0.6376068376068376,0.5852842809364549,0.6365079365079365,0.5838509316770186,0.6363636363636364,0.6262626262626263,0.5692307692307692,0.6020066889632107,0.5128205128205128,0.6798336798336798,0.6410256410256411,0.038808038808038736,-0.06322464042579648,-0.8311679856685275,0.42271367521367526,0.8163247863247862,0.3360994983277592,0.7157190635451505,0.3776984126984127,0.8301984126984127,0.3104813664596273,0.7531055900621119,0.30536363636363634,0.8472727272727273,0.30277777777777776,0.8181818181818181,0.23461538461538461,0.89625,0.22742474916387964,0.7927257525083612,0.0,1.0,0.4469083717864205,0.8115138061518863,0.4205831638089703,0.7797131299407114,-0.10813109984984974,0.1517708823806385,-0.8374400779540554,2.338086890694607,0.7241545893719807,-3.0874918864647305,-28.91243380199851,-7.816375954006581,1.2445491173726164,26,14,4,-58.965831779033984,1.1409641750369632,1.2445491173726164,-0.04181238857926745,-0.08769578539325826,0.48
29,probe_matched,0.6273504273504273,0.528428093645485,0.6333333333333333,0.5263975155279503,0.5272727272727273,0.686868686868687,0.6923076923076923,0.4381270903010034,0.6282051282051282,0.6909216909216909,0.6015246015246014,0.08939708939708946,1.4563158484855379,-0.032642860764525064,0.45470085470085475,0.8393376068376068,0.33605769230769234,0.7124163879598662,0.4095238095238095,0.8698412698412697,0.2717391304347826,0.7375776397515528,0.3053636363636364,0.8545454545454546,0.3281565656565656,0.8939393939393939,0.4153846153846154,0.9193269230769231,0.20401337792642144,0.7023411371237458,0.07407407407407407,1.0,0.5058358988846794,0.8375425846014082,0.40757264153827344,0.8625591216216215,-0.15193133503401368,0.23772927261299354,0.5674434515792133,4.975014397476681,0.6971014492753623,0.7795553504918378,4.356984937189094,0.2764866749811399,-0.15069258632273752,26,14,4,9.346997992762372,-0.6330281183841834,-0.15069258632273752,1.3586717761735405,1.5679090739849642,0.736
29,dom_regular,0.694017094017094,0.6195652173913044,0.7285714285714286,0.610248447204969,0.5927272727272728,0.590909090909091,0.7884615384615384,0.5618729096989967,0.3205128205128205,0.7484407484407485,0.6978516978516979,0.05058905058905061,0.03599880858966234,0.9201564492240286,0.49472222222222223,0.9102777777777777,0.44057274247491646,0.9674122073578595,0.5047222222222222,0.9540079365079365,0.4083850931677019,0.9642857142857143,0.32727272727272727,0.92,0.3633838383838384,0.9444444444444445,0.5075961538461539,0.9847115384615385,0.3276755852842809,0.9967391304347826,0.0,0.9125357142857149,0.5086229689888226,1.0,0.46525297619047623,1.0,-0.050929835348773635,0.14415223891968085,-3.14695300009355,2.400664621137413,0.7927536231884058,-2.5949790797133736,-24.845533803459652,-6.693922940735994,1.084588971199392,26,14,12,-50.66166001023521,0.9705924033159068,1.084588971199392,0.05134910413069441,0.018455613685625673,
29,dom_regular_verberase,0.8034188034188035,0.8553511705685619,0.8333333333333334,0.8152173913043479,0.7890909090909091,0.8181818181818181,0.85,0.8695652173913043,0.28205128205128205,0.9847539847539848,0.9882189882189882,-0.0034650034650034467,0.11482206220393976,0.9538937042637253,0.3440811965811966,0.9393803418803418,0.12959866220735786,0.9599080267558529,0.32535714285714284,0.965079365079365,0.13815993788819875,0.9767080745341614,0.37799999999999995,0.96,0.12121212121212122,1.0,0.2575,0.9769230769230769,0.11697324414715718,0.979933110367893,0.0,0.9,0.03672117495646907,1.0,0.011130955399248093,1.0,-0.03101380813953483,0.09392354675075759,-0.028100162655260996,0.7604214786911678,0.976328502415459,-1.7538988613821196,-18.41263207306859,-4.777445486870281,0.9984230867044102,26,14,12,-37.62307044850872,0.7978063023715398,0.9984230867044102,0.11392407177657693,0.11584833697806869,
29,dom_regular_rank2,0.7615384615384615,0.729933110367893,0.8031746031746032,0.6739130434782608,0.7163636363636364,0.7222222222222223,0.8076923076923077,0.7525083612040134,0.5384615384615385,0.9404019404019404,0.9958419958419958,-0.05544005544005548,0.09683995680030925,0.9535368683299916,0.39121794871794874,0.9427564102564103,0.2599707357859532,0.8637123745819398,0.36007936507936517,0.9571428571428572,0.27325310559006205,0.8555900621118012,0.41454545454545455,0.9527272727272726,0.21691919191919193,0.9393939393939393,0.34211538461538465,0.9769230769230769,0.19055183946488297,0.9264214046822743,0.0,0.9285714285714286,0.09562675578804611,0.9950301498440286,0.0013722826086956538,1.0,-0.11450499924253905,0.1494055741333974,-0.034112013977871315,1.3345671916599504,0.9309178743961354,-2.009049738629317,-20.227591073077065,-5.372782969873639,1.0967521860177696,26,14,12,-41.46346176896097,1.0082796228068387,1.0967521860177696,0.08153134911954509,0.11433550843546833,
30,adom_matched,0.5709401709401709,0.6028428093645485,0.5952380952380952,0.5807453416149069,0.5381818181818182,0.6515151515151516,0.55,0.6153846153846154,0.5641025641025641,0.7276507276507277,0.625086625086625,0.10256410256410264,-0.08350270903480923,-0.7272471257400758,0.36410256410256414,0.8068589743589744,0.32353678929765883,0.7241220735785953,0.346031746031746,0.8412698412698412,0.2887810559006211,0.7407608695652173,0.24354545454545456,0.8327272727272728,0.30303030303030304,0.8334595959595958,0.2653846153846154,0.9076923076923077,0.2073578595317726,0.8026755852842808,0.0,1.0,0.4594039440778572,0.8258081184910453,0.4115384615384615,0.7505328346983614,-0.08587516275946333,0.2091585872576176,-1.452526500427989,3.3779201767878133,0.6758454106280193,-3.076905841622052,-28.80080047573015,-7.763450270736709,1.2337742141185144,26,14,4,-58.721023008795,1.1194220573347047,1.2337742141185144,-0.05981219376525759,-0.1105775836285825,0.44800000000000006
30,dom_matched,0.588034188034188,0.5919732441471572,0.5650793650793651,0.6040372670807453,0.5854545454545454,0.6111111111111112,0.523076923076923,0.6254180602006689,0.5897435897435896,0.6902286902286903,0.6174636174636174,0.07276507276507282,-0.07040032003942193,-0.8024214410433999,0.3914529914529914,0.7897863247863248,0.344314381270903,0.701505016722408,0.32686507936507936,0.7952380952380952,0.3197981366459627,0.7624611801242236,0.2798181818181818,0.84,0.3029040404040404,0.7878787878787878,0.2652884615384615,0.873076923076923,0.23745819397993312,0.8027591973244147,0.0,1.0,0.42678114651702326,0.7965625,0.4026912933844256,0.7514020760743321,-0.10174538381855451,0.18963469076655048,-1.0447171792527483,1.9719053963485964,0.6859903381642514,-3.062290483277489,-28.698075120155593,-7.743980378162134,1.2240473545577473,26,14,4,-58.50382686311672,1.1076766228055384,1.2240473545577473,-0.04943022261892201,-0.0943661456628504,0.46399999999999997
30,probe_matched,0.6076923076923076,0.5384615384615384,0.6,0.5326086956521738,0.5127272727272727,0.6767676767676768,0.6346153846153846,0.47157190635451507,0.6025641025641025,0.659043659043659,0.4587664587664588,0.20027720027720025,1.5472100207690076,-0.038058916314869795,0.4144230769230769,0.8000213675213674,0.33191889632107024,0.7199623745819398,0.3888492063492063,0.8523809523809524,0.2778726708074534,0.7329580745341615,0.2727272727272727,0.8181818181818181,0.33333333333333337,0.8838383838383836,0.3884615384615384,0.8654807692307692,0.2508361204013378,0.715886287625418,0.0,1.0,0.46509613370078484,0.8020970394736843,0.31569697460792184,0.7897938152533741,-0.11080144198751056,0.32043556343631363,-1.6577191988483666,7.079016046348125,0.6758454106280193,0.9788289777364186,5.16041980559697,0.4421635170264732,-0.13565253428649923,26,14,4,11.025080953601108,-0.7042413424071687,-0.13565253428649923,1.5095805633147743,1.5902151150024173,0.72
30,dom_regular,0.6888888888888889,0.6061872909698995,0.7412698412698413,0.593167701863354,0.56,0.595959595959596,0.8038461538461538,0.5384615384615385,0.2564102564102564,0.717948717948718,0.6770616770616771,0.04088704088704087,0.03639991356239628,0.9083306067515975,0.4888675213675214,0.914551282051282,0.43225334448160535,0.9682274247491639,0.519047619047619,0.9381746031746031,0.37577639751552794,0.9658385093167702,0.29818181818181816,0.9091818181818182,0.3584595959595959,0.9444444444444444,0.5114423076923077,0.9769230769230769,0.31764214046822736,0.9899665551839465,0.0,0.8214285714285714,0.46362458157152925,1.0,0.44673187806857767,1.0,-0.07572785364145654,0.1521140026132404,-1.6390117474606483,2.8028074248546435,0.7869565217391304,-2.561668767697014,-24.584134435144442,-6.615611096858728,1.0574430286566718,26,14,12,-50.09702739736139,0.9287585270725067,1.0574430286566718,0.05289689479816759,0.0175462207215148,
30,dom_regular_verberase,0.7606837606837606,0.841973244147157,0.7777777777777778,0.8043478260869564,0.7381818181818182,0.8080808080808082,0.8384615384615385,0.8528428093645486,0.2692307692307692,0.9577269577269578,0.9715869715869716,-0.013860013860013787,0.12007508483933076,0.9441399927258081,0.4383974358974359,0.9230982905982906,0.18641304347826085,0.9498327759197324,0.41111111111111115,0.946031746031746,0.218944099378882,0.9611801242236024,0.47627272727272724,0.9309999999999999,0.18181818181818182,0.9898989898989898,0.31153846153846154,0.9653846153846154,0.1939799331103679,0.9733277591973244,0.0,0.8563186813186808,0.08094524568419385,1.0,0.03186505320651664,1.0,-0.03807920383643592,0.10958073458073454,-0.0426293795024587,0.7702886949324385,0.9710144927536232,-1.7267871811176172,-18.331523010595582,-4.76410146095822,0.9824114291808524,26,14,12,-37.4274601356756,0.7644141144844355,0.9824114291808524,0.11504997153148577,0.12581807147686785,
30,dom_regular_rank2,0.7042735042735042,0.7617056856187292,0.7746031746031746,0.703416149068323,0.6036363636363636,0.787878787878788,0.7653846153846154,0.7391304347826086,0.423076923076923,0.920997920997921,0.984060984060984,-0.06306306306306297,0.09028750412533827,0.944111113963388,0.4828205128205128,0.917094017094017,0.2382943143812709,0.8704013377926421,0.42373015873015873,0.9555555555555555,0.26859472049689437,0.8664984472049689,0.3453636363636364,0.9164545454545455,0.20694444444444446,0.9797979797979798,0.3996153846153846,0.9653846153846154,0.25735785953177254,0.9063545150501672,0.0,0.8518518518518519,0.1363595633756924,0.9847542487085423,0.01811595567693129,1.0,-0.12255149620823941,0.1494333230561428,-0.03316132969840715,1.088368106716843,0.9169082125603866,-1.9525747360233876,-20.036006934723016,-5.277268189055249,1.0729772752631772,26,14,12,-41.042511322720976,0.9704974532749436,1.0729772752631772,0.08318551418117509,0.09840406406152476,
31,adom_matched,0.4897435897435898,0.5894648829431438,0.526984126984127,0.5481366459627329,0.4545454545454546,0.6262626262626263,0.4692307692307692,0.6220735785953178,0.5128205128205128,0.7124047124047124,0.5647955647955648,0.14760914760914756,-0.08454310200340158,-0.6976028640173434,0.3256410256410256,0.7650213675213674,0.35198578595317725,0.7224080267558528,0.3078968253968254,0.8142857142857143,0.296583850931677,0.7189829192546583,0.18163636363636362,0.8109090909090909,0.31313131313131315,0.8535353535353534,0.19999999999999998,0.8808653846153847,0.23737458193979935,0.7959866220735786,0.0,1.0,0.4637046014952992,0.8035361014324429,0.3776715102886977,0.7529893207282913,-0.08732902594687557,0.23701595503066103,-2.0902729029648714,4.361842491320094,0.6033816425120773,-3.0240536738699526,-28.256833198806955,-7.591147755874862,1.2936732355974407,26,14,4,-57.62954222290825,1.115875825294337,1.2936732355974407,-0.0576581081026635,-0.11526880931853083,0.44000000000000006
31,dom_matched,0.5487179487179488,0.5744147157190636,0.546031746031746,0.5745341614906831,0.5672727272727274,0.5707070707070707,0.4615384615384615,0.6153846153846154,0.5128205128205128,0.6902286902286902,0.5557865557865558,0.13444213444213438,-0.07336198317466164,-0.7777117374138917,0.3400854700854701,0.7830555555555554,0.3410535117056856,0.7157190635451505,0.31103174603174605,0.7953174603174603,0.3244565217391305,0.7531055900621119,0.2181818181818182,0.840090909090909,0.24242424242424243,0.8232323232323232,0.24221153846153845,0.8540384615384613,0.22408026755852847,0.8060200668896321,0.0,1.0,0.4193049955197133,0.7941961191961192,0.38826421922715526,0.7315037932053475,-0.10648078796736092,0.21918124825101565,-1.415772529964118,2.6181325866766723,0.6347826086956521,-3.030134445384824,-28.386506420323908,-7.636224011705401,1.2984057565490492,26,14,4,-57.901919035669344,1.128906195021531,1.2984057565490492,-0.04898183943000319,-0.10122500459712844,0.44800000000000006
31,probe_matched,0.5735042735042736,0.5936454849498327,0.5523809523809524,0.6086956521739131,0.4800000000000001,0.6818181818181818,0.6153846153846154,0.5117056856187291,0.5384615384615384,0.6673596673596673,0.3984753984753985,0.26888426888426886,1.64795983251924,-0.04286910281934729,0.37089743589743585,0.788076923076923,0.3628344481605351,0.7374581939799331,0.34444444444444444,0.8032142857142857,0.3353649068322981,0.7640139751552796,0.23272727272727273,0.7781818181818182,0.3281565656565656,0.8787878787878788,0.37307692307692303,0.8769230769230769,0.24749163879598665,0.7258361204013378,0.0,1.0,0.45999308259889327,0.7940361798128341,0.25205265058206233,0.7042454268292683,-0.05423315142065123,0.354149762870693,-4.704298158246071,8.787858888862921,0.6521739130434783,1.3375413796705338,6.618492852033518,0.7051003727198341,-0.1872428771923501,26,14,4,14.200768717053892,-0.9637830129868559,-0.1872428771923501,1.6386806532350824,1.6585646088439907,0.704
31,dom_regular,0.694017094017094,0.6204013377926421,0.7285714285714286,0.6024844720496895,0.6000000000000001,0.6060606060606062,0.7961538461538461,0.5451505016722409,0.3333333333333333,0.7207207207207207,0.7117117117117118,0.009009009009008917,0.0353868423105557,0.8848920201444962,0.5034188034188034,0.9077564102564102,0.4304556856187291,0.9548494983277591,0.4904761904761905,0.9460714285714285,0.38198757763975155,0.9565217391304348,0.33818181818181814,0.9092727272727271,0.36843434343434345,0.9545454545454546,0.4883653846153846,0.9730769230769231,0.3076923076923077,0.9801003344481604,0.0,0.9285714285714286,0.45514705882352946,1.0,0.487694243632187,1.0,-0.11205619747899154,0.15717420543001945,-1.4034826735250794,1.5148141713978374,0.8154589371980675,-2.468804368334994,-23.841579965702195,-6.392771864237202,1.0828484043171205,26,14,12,-48.59477937713725,0.911619445732861,1.0828484043171205,0.05180282931255606,0.016625714308269573,
31,dom_regular_verberase,0.7658119658119659,0.8319397993311037,0.773015873015873,0.8012422360248448,0.7636363636363637,0.787878787878788,0.8423076923076923,0.8528428093645486,0.2692307692307692,0.9604989604989606,0.966042966042966,-0.00554400554400547,0.11700689715928686,0.927549687217581,0.501517094017094,0.9197222222222221,0.19063545150501673,0.9456730769230768,0.46797619047619043,0.9381349206349205,0.19239130434782606,0.9565993788819874,0.46900000000000003,0.9455454545454545,0.22222222222222224,0.9748737373737373,0.36509615384615385,0.9730769230769231,0.1637959866220736,0.9665551839464883,0.0,0.8214285714285714,0.09647569444444443,1.0,0.03809706520925361,1.0,-0.025395451609114356,0.14219187675070025,-0.07006730784600418,0.6723807613750076,0.9681159420289854,-1.6881344200581154,-18.066067758489897,-4.687961673117551,0.982079590389955,26,14,12,-36.89227256404203,0.7601370470622341,0.982079590389955,0.119632575200842,0.11400612225465238,
31,dom_regular_rank2,0.6923076923076924,0.7926421404682276,0.7650793650793651,0.751552795031056,0.6109090909090908,0.7727272727272729,0.7538461538461538,0.7926421404682276,0.3974358974358974,0.9009009009009008,0.9736659736659737,-0.07276507276507294,0.08223943989679387,0.9283513579739394,0.5102564102564102,0.9128205128205128,0.20229933110367893,0.9080267558528428,0.4872222222222222,0.963531746031746,0.22197204968944095,0.9130434782608696,0.3781818181818182,0.92,0.20202020202020204,0.9646464646464646,0.3998076923076923,0.9576923076923076,0.17391304347826086,0.9331939799331104,0.0,0.8883547008547009,0.1883437210643093,0.9686454613283881,0.039419121084619015,1.0,-0.13602165847744974,0.20928864789158907,-0.13025659155500535,0.8999860796174114,0.9299516908212561,-1.8739117057446193,-19.60644290071084,-5.1508536487289645,1.066991089518395,26,14,12,-40.15597041677216,0.943084615350485,1.066991089518395,0.08172101510224852,0.08283192537627428,
32,adom_matched,0.4478632478632478,0.6555183946488295,0.4714285714285714,0.6164596273291926,0.4509090909090909,0.6616161616161615,0.4038461538461538,0.6989966555183946,0.47435897435897434,0.733887733887734,0.5613305613305614,0.17255717255717262,-0.1261842344092429,-0.656184607687113,0.28878205128205126,0.7693162393162392,0.34103260869565216,0.7541806020066889,0.274563492063492,0.8095238095238094,0.2856366459627329,0.7640527950310558,0.16354545454545452,0.8291818181818181,0.25252525252525254,0.8585858585858586,0.18076923076923074,0.8730769230769231,0.24080267558528431,0.849581939799331,0.0,1.0,0.47079153672903673,0.8444957386363635,0.3520477087664588,0.769491754674515,-0.07500905797101455,0.28788313748096445,-5.652453761585669,4.338371494820356,0.6096618357487923,-3.106338251107716,-28.749300641111915,-7.721735162393943,1.3318931160791214,26,14,4,-58.62443805704983,1.1258367748259965,1.3318931160791214,-0.10018354738803541,-0.15589930529062287,0.43200000000000005
32,dom_matched,0.5196581196581197,0.6270903010033445,0.5015873015873016,0.6413043478260869,0.5563636363636364,0.5404040404040404,0.39615384615384613,0.7157190635451505,0.4487179487179487,0.7422037422037422,0.5897435897435898,0.15246015246015243,-0.10829727678774845,-0.7440934017285775,0.32735042735042735,0.7975213675213675,0.3185200668896321,0.73252508361204,0.2904365079365079,0.7952380952380952,0.31203416149068325,0.795108695652174,0.20709090909090913,0.8583636363636362,0.2272727272727273,0.8181818181818181,0.1769230769230769,0.8692307692307693,0.2073578595317726,0.8495819397993312,0.0,1.0,0.4414102105858875,0.8020044222763101,0.36936698855303507,0.7769810266858564,-0.1338485409407665,0.24727190592145926,-1.3413043288425264,3.6543157548047773,0.6521739130434783,-3.1053212257512097,-28.933358158354334,-7.779145559798234,1.3669245112937634,26,14,4,-59.048903185681134,1.182186868972465,1.3669245112937634,-0.08487501532537894,-0.135065575601885,0.4640000000000001
32,probe_matched,0.5982905982905983,0.6070234113712375,0.5761904761904761,0.6055900621118012,0.5127272727272728,0.6919191919191919,0.6499999999999999,0.5351170568561873,0.5,0.7193347193347194,0.4705474705474706,0.24878724878724878,1.6925572130558404,-0.04582642225618986,0.3998717948717949,0.7812393162393162,0.36948160535117053,0.7542224080267559,0.3586507936507936,0.8349603174603174,0.3182453416149068,0.7826086956521738,0.24718181818181817,0.8291818181818181,0.32323232323232326,0.8738636363636363,0.35759615384615384,0.8807692307692307,0.26747491638795984,0.7592809364548495,0.0,1.0,0.5202673732385884,0.8440775436100921,0.3156013429269243,0.7612510248001639,-0.02841570951449976,0.33670492344665137,0.4519356040091646,7.055604423783195,0.6956521739130435,1.1195972163544563,5.355209630159045,0.8162746451037037,-0.3055189060164608,26,14,4,11.750130186860881,-1.0397109265427895,-0.3055189060164608,1.779086397298228,1.5936667167788265,0.664
32,dom_regular,0.7316239316239317,0.6555183946488294,0.7873015873015873,0.610248447204969,0.5890909090909091,0.6818181818181819,0.8653846153846154,0.5785953177257526,0.3076923076923077,0.7817047817047817,0.7907137907137907,-0.009009009009008917,0.05879923961500192,0.8353890973176058,0.523931623931624,0.9239316239316239,0.42391304347826086,0.9665969899665552,0.5142460317460317,0.9571825396825396,0.383501552795031,0.9565605590062112,0.32727272727272727,0.9164545454545454,0.4191919191919192,0.9748737373737373,0.5,0.9846153846153847,0.2876254180602007,0.9866220735785953,0.0,0.9257122507122506,0.47816066066066065,1.0,0.5202505586722223,1.0,-0.12681334735857888,0.1420707070707071,-1.1698705407353982,1.8576747154135023,0.8565217391304348,-2.3080719492583945,-22.551616081058857,-6.014076241737771,1.0482292445810077,26,14,12,-45.97854118530449,0.8753090231867795,1.0482292445810077,0.07337534122512923,0.042140837774856436,
32,dom_regular_verberase,0.7846153846153846,0.8085284280936456,0.8047619047619047,0.7624223602484471,0.72,0.787878787878788,0.8769230769230769,0.7926421404682275,0.28205128205128205,0.9542619542619543,0.9584199584199585,-0.004158004158004269,0.14865245950356093,0.905999919636164,0.47173076923076923,0.938482905982906,0.22899247491638797,0.9205685618729097,0.3967857142857143,0.9587698412698411,0.2793090062111801,0.9285714285714285,0.41090909090909095,0.9236363636363637,0.22714646464646468,0.9797979797979799,0.3576923076923077,0.9884615384615384,0.2540133779264215,0.94314381270903,0.0,0.8251086956521739,0.12314425770308124,1.0,0.05530462184873951,1.0,-0.01951458632233372,0.18579942867035992,-0.10183544239422795,0.8367949326571208,0.9637681159420289,-1.6537883217866924,-17.727208963598144,-4.607513251139129,0.9668802203031305,26,14,12,-36.24592552085072,0.7915075936544279,0.9668802203031305,0.15012087177340427,0.1469742740523113,
32,dom_regular_rank2,0.7170940170940171,0.7608695652173914,0.8031746031746031,0.7018633540372671,0.6436363636363637,0.7777777777777778,0.8,0.7090301003344481,0.4358974358974359,0.8911988911988912,0.9688149688149689,-0.0776160776160777,0.12329877763013297,0.9070621948413194,0.531559829059829,0.9384615384615385,0.24161789297658864,0.8746028428093646,0.49198412698412697,0.9714285714285713,0.28718944099378885,0.8588897515527949,0.4181818181818182,0.9490909090909091,0.25252525252525254,0.9595959595959597,0.46894230769230766,0.9769230769230769,0.24749163879598668,0.8862876254180602,0.0,0.8713012820512821,0.25990712500120644,0.9665268627932145,0.04965499193440373,1.0,-0.1552760825341471,0.25163702700288065,-0.07378130519868031,1.093633570072988,0.9314009661835748,-1.840523612214496,-19.220090263102612,-5.034221607990601,1.0677982307110805,26,14,12,-39.374879960484016,0.9346994342787943,1.0677982307110805,0.11838996690940803,0.12890884702524721,
33,adom_matched,0.47606837606837604,0.6454849498327759,0.5317460317460317,0.5822981366459627,0.44,0.6515151515151516,0.4730769230769231,0.6755852842809364,0.4871794871794871,0.7512127512127512,0.5093555093555093,0.2418572418572419,-0.234035627556754,-0.5850007773868308,0.2863034188034188,0.7794871794871795,0.33191889632107024,0.7424749163879599,0.3301587301587301,0.7920634920634921,0.2965450310559005,0.7361024844720496,0.15627272727272729,0.8618181818181817,0.25252525252525254,0.8637626262626261,0.23451923076923079,0.8577884615384616,0.24071906354515052,0.8127090301003344,0.0,1.0,0.4717068467152084,0.8433910472972973,0.31512532298237855,0.7797381805925789,-0.06868008633633628,0.3180698529411765,-6.6033335289256625,6.427598232968078,0.6144927536231884,-3.1778922661853906,-29.404537080575317,-7.860007609479214,1.3344321068680263,26,14,4,-59.92165220118298,1.1125780400323448,1.3344321068680263,-0.20906393048151384,-0.26257470992845705,0.45599999999999996
33,dom_matched,0.5871794871794872,0.5986622073578595,0.5793650793650794,0.6118012422360248,0.5854545454545454,0.5454545454545454,0.49615384615384606,0.6789297658862876,0.4487179487179487,0.7685377685377685,0.5724185724185724,0.19611919611919604,-0.20894488914490988,-0.6942189591405875,0.32388888888888884,0.7872008547008548,0.3160326086956522,0.7291178929765887,0.33468253968253975,0.7809523809523808,0.321389751552795,0.7500388198757764,0.2072727272727273,0.8691818181818182,0.2171717171717172,0.803030303030303,0.23826923076923073,0.8502884615384613,0.23745819397993317,0.8127926421404682,0.0,1.0,0.46828787481423206,0.8286777099680325,0.3270421385017422,0.8088681702029638,-0.14662848506871043,0.29974092390693474,-4.628833700130452,3.9014081733442505,0.6855072463768116,-3.2056549189033143,-29.947661641773763,-8.018807977045489,1.427712275102261,26,14,4,-61.13094465160155,1.2356213680540278,1.427712275102261,-0.17693518253288637,-0.24552741098722244,0.43999999999999995
33,probe_matched,0.6230769230769231,0.6028428093645485,0.6031746031746031,0.6024844720496895,0.5599999999999999,0.6666666666666666,0.6653846153846154,0.5418060200668896,0.5384615384615384,0.7255717255717257,0.4518364518364518,0.27373527373527384,1.9002657015797444,-0.05447469848934008,0.41957264957264956,0.8222222222222223,0.38120819397993316,0.7584239130434783,0.36345238095238086,0.8492460317460316,0.31677018633540377,0.7687111801242236,0.29445454545454547,0.8401818181818181,0.32310606060606056,0.8637626262626261,0.36923076923076925,0.9,0.28093645484949836,0.7525919732441472,0.0,1.0,0.518890056022409,0.8594746376811594,0.25276041666666665,0.7541530860885699,-0.0014672939068101363,0.39751243389574414,0.666810512690914,6.690261197710249,0.7270531400966185,0.9992919334156145,5.017255012527372,0.7906735771496795,-0.12966297004665767,26,14,4,10.962585819772272,-0.9280757947175287,-0.12966297004665767,1.933363252107147,1.8624399295484262,0.672
33,dom_regular,0.7478632478632479,0.6613712374581939,0.7793650793650794,0.6335403726708074,0.6509090909090909,0.6666666666666667,0.8346153846153846,0.5953177257525083,0.28205128205128205,0.7893277893277894,0.805959805959806,-0.016632016632016633,0.07869283138538838,0.7931105553413403,0.525619658119658,0.9162393162393162,0.4607023411371237,0.9540133779264214,0.5253968253968254,0.9413095238095237,0.43474378881987574,0.9363742236024843,0.3563636363636364,0.9345454545454545,0.41906565656565653,0.9647727272727271,0.5344230769230769,0.9808653846153846,0.310953177257525,0.979933110367893,0.0,0.9285714285714285,0.4964311079545454,1.0,0.5978508691497679,0.9979325181159421,-0.17229457123758588,0.1635820810239415,-0.8645506797572929,2.03359013485004,0.8521739130434782,-2.2011912312493633,-21.69607514631965,-5.76077809769989,1.0077940503453051,26,14,12,-44.225549801420534,0.8333995087812373,1.0077940503453051,0.09739328861513766,0.05732088026567491,
33,dom_regular_verberase,0.7547008547008547,0.790133779264214,0.7698412698412699,0.7577639751552795,0.6727272727272727,0.7828282828282829,0.8538461538461539,0.7625418060200669,0.2564102564102564,0.9535689535689535,0.961884961884962,-0.008316008316008427,0.1465452059989808,0.8701571872288633,0.5418376068376068,0.9393376068376068,0.29416806020066893,0.9105560200668895,0.5395238095238095,0.9492063492063492,0.2934394409937888,0.9285714285714285,0.40354545454545454,0.9418181818181818,0.2777777777777778,0.9797979797979798,0.44605769230769227,0.9884615384615385,0.2906354515050168,0.9164715719063545,0.0,0.8314583333333331,0.18067584325396824,1.0,0.08007041231126598,1.0,-0.031513320381916315,0.28507405045351464,-0.21470405824874672,1.0473552003374713,0.9507246376811594,-1.6466918101164858,-17.785453369606532,-4.608998587512523,0.966551097911522,26,14,12,-36.29994405224656,0.7290373130334952,0.966551097911522,0.14879115905009838,0.14397840251198937,
33,dom_regular_rank2,0.67008547008547,0.7474916387959866,0.746031746031746,0.6956521739130435,0.5636363636363636,0.7575757575757576,0.7461538461538462,0.7023411371237458,0.3846153846153846,0.8697158697158698,0.9708939708939709,-0.10117810117810111,0.12021503747574706,0.8716512498684701,0.5067735042735042,0.9180128205128205,0.24736622073578596,0.8679138795986623,0.5252380952380952,0.9508333333333333,0.2608307453416148,0.8618012422360248,0.3018181818181818,0.9309090909090909,0.2626262626262626,0.9444444444444444,0.4960576923076923,0.9769230769230769,0.2508361204013378,0.8695652173913043,0.0,0.888888888888889,0.30384299131261255,0.9591516147317461,0.05533524785902503,1.0,-0.18159081010452963,0.3004560044485553,-0.20811553430972135,1.214277948779994,0.8932367149758454,-1.8066153720443556,-19.115780012635344,-4.989785414003219,1.0543399313603619,26,14,12,-39.13279712012419,0.9012370948535012,1.0543399313603619,0.12096494718413021,0.11935799780902348,
34,adom_matched,0.4521367521367522,0.6596989966555185,0.5396825396825397,0.5760869565217391,0.36363636363636365,0.7070707070707071,0.49230769230769234,0.6555183946488294,0.5641025641025641,0.729036729036729,0.5488565488565489,0.18018018018018012,-0.31886745238357367,-0.5123513462155029,0.28202991452991455,0.7582905982905981,0.35781772575250836,0.7533653846153846,0.33464285714285713,0.8063492063492063,0.2996506211180124,0.723835403726708,0.1272727272727273,0.8365454545454545,0.2623737373737374,0.8737373737373738,0.24230769230769228,0.8540384615384614,0.254180602006689,0.8361204013377926,0.0,1.0,0.46793402777777776,0.8331346911425666,0.3227322541276029,0.8210058326337395,-0.12128919860627176,0.2881129890927978,-6.2341466521475555,6.330295181761976,0.6115942028985507,-3.332177547676138,-30.33487737253907,-8.071489027892204,1.256775344925134,26,14,4,-61.7222755624214,1.0525208173432672,1.256775344925134,-0.3093344957675964,-0.3297622599446905,0.44800000000000006
34,dom_matched,0.5692307692307692,0.6212374581939799,0.5634920634920636,0.608695652173913,0.52,0.601010101010101,0.5153846153846153,0.6655518394648829,0.46153846153846156,0.7713097713097713,0.6576576576576576,0.1136521136521137,-0.27461930979129406,-0.6402509503142237,0.30675213675213675,0.7888888888888889,0.3377717391304348,0.7433110367892977,0.33646825396825397,0.7857539682539681,0.3307453416149068,0.7578804347826086,0.18181818181818182,0.8727272727272727,0.2321969696969697,0.808080808080808,0.2383653846153846,0.8424999999999998,0.2508361204013378,0.8494983277591973,0.0,1.0,0.4672230113636363,0.8244002938990608,0.3668687433393316,0.8485554439166971,-0.1878467129027228,0.2524624775985662,-2.334912941353588,4.465121644761982,0.6835748792270531,-3.3661958639919214,-31.12954084674371,-8.31307730424187,1.4117614695721208,26,14,4,-63.5156071463729,1.2565254528854837,1.4117614695721208,-0.25466193910489904,-0.2974277334328884,0.43999999999999995
34,probe_matched,0.6034188034188034,0.6195652173913043,0.5857142857142856,0.6211180124223603,0.5309090909090909,0.6717171717171717,0.6384615384615384,0.5752508361204014,0.48717948717948717,0.7484407484407485,0.6070686070686071,0.14137214137214138,1.8539416832392435,-0.06148572127097417,0.4050213675213675,0.805982905982906,0.39295568561872907,0.7734322742474916,0.353968253968254,0.8365873015873015,0.346195652173913,0.7873059006211179,0.26899999999999996,0.8255454545454546,0.3282828282828283,0.8636363636363636,0.3653846153846154,0.8807692307692307,0.29431438127090304,0.7860367892976589,0.0,1.0,0.549702380952381,0.8703001792114694,0.4083802240061767,0.8218988218988219,-0.0682097744597744,0.2666701316701317,0.8481901003570875,8.785462727700844,0.7231884057971014,1.0546865579433025,4.758956948406131,0.9697586966590617,-0.19470329649780355,26,14,4,10.364728529186632,-0.8468146323743694,-0.19470329649780355,1.9015662962214284,1.7995135541167468,0.64
34,dom_regular,0.7931623931623931,0.6906354515050168,0.7984126984126985,0.6739130434782609,0.7527272727272728,0.6868686868686869,0.8538461538461538,0.5986622073578596,0.17948717948717952,0.8413028413028413,0.86001386001386,-0.018711018711018768,0.1119633626577618,0.7439626890522055,0.5375854700854701,0.9453418803418803,0.48994565217391306,0.9414715719063546,0.5299206349206349,0.9603968253968254,0.4627329192546584,0.9316770186335404,0.3708181818181819,0.9600909090909089,0.4444444444444445,0.9444444444444444,0.5691346153846154,0.9846153846153847,0.3176421404682274,0.9765886287625418,0.0,0.8014583333333329,0.5501878804703457,1.0,0.6101019356800216,0.99793409996535,-0.15416666666666667,0.12325192031074385,-0.7424938894857098,1.9694557444215195,0.8956521739130433,-2.063668302198789,-20.49880980834502,-5.4048617891925295,0.910081761829187,26,14,12,-41.77219134645417,0.7745717297641359,0.910081761829187,0.12796969255206703,0.09367041420712725,
34,dom_regular_verberase,0.7786324786324786,0.8018394648829431,0.7888888888888889,0.7795031055900622,0.7527272727272727,0.7575757575757576,0.8423076923076923,0.8060200668896321,0.2564102564102564,0.9618849618849619,0.9570339570339571,0.004851004851004759,0.1721198041259115,0.831350885769458,0.5700213675213675,0.9538675213675213,0.34945652173913044,0.9063545150501672,0.5571428571428572,0.9587698412698411,0.35244565217391305,0.9301630434782608,0.42536363636363633,0.9636363636363636,0.37361111111111106,0.9494949494949495,0.5420192307692309,0.976923076923077,0.37792642140468224,0.9432274247491639,0.0,0.8021153846153845,0.39595152695224434,0.9979210339148012,0.13655534709193246,0.9971815576124742,-0.04436741571707359,0.31724717135277264,-0.3799169873833899,0.9437681746319313,0.951207729468599,-1.596615016098382,-17.345590117829172,-4.476708002426842,0.933132520361344,26,14,12,-35.42520251414157,0.7340222784832244,0.933132520361344,0.17392316378740091,0.17005882165563785,
34,dom_regular_rank2,0.752991452991453,0.7140468227424748,0.7714285714285715,0.6894409937888198,0.7163636363636364,0.7171717171717173,0.7923076923076924,0.6555183946488294,0.3333333333333333,0.8911988911988912,0.9563409563409564,-0.06514206514206522,0.1561825141017016,0.8327473317447961,0.5707692307692307,0.9462179487179486,0.3904055183946489,0.8286371237458193,0.5633730158730159,0.9619047619047618,0.34006211180124224,0.8540760869565217,0.44727272727272727,0.9709090909090908,0.3888888888888889,0.8991161616161615,0.5460576923076924,0.9807692307692308,0.35451505016722407,0.842809364548495,0.0,0.8205357142857143,0.35479438041328515,0.9630753391472867,0.11248263888888892,0.9985669144558867,-0.1426549750743299,0.2899419525454692,-0.18539573514912175,1.3482380624986663,0.8806763285024154,-1.8034327876983727,-18.82256273757951,-4.919943653526312,0.9933926226928128,26,14,12,-38.47313652529928,0.8280110501402618,0.9933926226928128,0.17232239643500724,0.13773693429220943,
35,adom_matched,0.4017094017094017,0.673913043478261,0.4793650793650793,0.593167701863354,0.28727272727272724,0.782828282828283,0.5423076923076924,0.5919732441471572,0.6153846153846154,0.6625086625086625,0.5717255717255717,0.09078309078309077,-1.6036302440059285,-0.22550452787561545,0.2486965811965812,0.7334829059829059,0.3435827759197324,0.7767767558528428,0.2682142857142857,0.7874206349206347,0.2826086956521739,0.7670807453416149,0.10536363636363635,0.8109999999999999,0.2978535353535353,0.8890151515151514,0.1998076923076923,0.85,0.25735785953177265,0.8193979933110368,0.0,1.0,0.4599239864864865,0.7978393351800552,0.31531058369293663,0.8192193769399652,-0.14862405632984904,0.27672397007583516,-9.773686018620388,12.151159183580045,0.5879227053140097,-5.151419428607369,-43.477001353708175,-10.69478043554084,1.0463858191294941,26,14,4,-87.27804253565712,0.32403982824077354,1.0463858191294941,-1.6332277128854855,-1.569804565286434,0.5039999999999999
35,dom_matched,0.5307692307692308,0.5911371237458194,0.5238095238095238,0.5993788819875777,0.49454545454545457,0.6313131313131314,0.48846153846153845,0.5183946488294315,0.5128205128205128,0.6819126819126818,0.7054747054747055,-0.023562023562023637,-1.457881553900855,-0.40712521624057535,0.29824786324786323,0.7745512820512819,0.3051421404682274,0.7500209030100334,0.2951984126984126,0.7921031746031745,0.3120729813664596,0.7639751552795031,0.149,0.8691818181818182,0.19191919191919193,0.858712121212121,0.2,0.8500000000000001,0.23403010033444818,0.8060200668896321,0.0,1.0,0.4555381944444445,0.7964359318996416,0.382561712184874,0.8645927112188365,-0.19890981371016617,0.2293404661697345,-9.66132317961427,9.705316088093465,0.6396135265700483,-5.468414176265567,-49.66221910051368,-12.416162919033917,2.1701691351730386,26,14,4,-101.03407882422827,1.709640623200917,2.1701691351730386,-1.462981368146048,-1.4520531947634907,0.5439999999999999
35,probe_matched,0.5598290598290598,0.5894648829431438,0.5428571428571429,0.5978260869565217,0.5054545454545454,0.595959595959596,0.5884615384615385,0.568561872909699,0.4615384615384615,0.7096327096327096,0.6507276507276507,0.05890505890505893,2.4707020991082764,-0.08224950641157534,0.36151709401709403,0.7949145299145299,0.3678929765886288,0.7433110367892977,0.32210317460317456,0.8222222222222222,0.33687888198757765,0.771777950310559,0.25445454545454543,0.8290909090909091,0.2978535353535353,0.8333333333333333,0.33067307692307685,0.8615384615384616,0.29431438127090304,0.7759197324414716,0.0006410256410256497,1.0,0.5190523160483705,0.8389319126819127,0.42281812673130187,0.8179602935356968,-0.09734828962770149,0.21883697822722228,-14.591433533987098,8.99251219646831,0.6821256038647343,1.0200873712340726,2.7695470277786964,0.08673843045426843,-0.7173851125685317,26,14,4,6.456734510675838,-0.9176404551184445,-0.7173851125685317,2.431609904693687,2.5153788927249496,0.64
35,dom_regular,0.9205128205128205,0.778428093645485,0.9190476190476189,0.7468944099378881,0.84,0.7121212121212122,0.9884615384615385,0.8093645484949833,0.08974358974358976,0.9632709632709632,0.954954954954955,0.008316008316008205,0.3094136349325487,0.47523743500916,0.6622863247863249,0.967542735042735,0.5108277591973245,0.9247909698996655,0.6444444444444445,0.9825793650793649,0.48443322981366443,0.9114906832298136,0.43254545454545457,0.9672727272727272,0.4140151515151515,0.9343434343434343,0.7345192307692309,1.0,0.45468227424749164,0.9666387959866221,0.0,0.7240000000000004,0.7444407749249284,0.9999999999999999,0.6496371467074593,0.9984615384615385,-0.11427666329093801,0.17534811985898932,-1.0138877250805256,2.024048671403366,0.9681159420289854,-1.294301775448455,-14.781228525518372,-3.640279413877968,0.5760713478392849,26,14,12,-29.97031915727384,0.40786210623709196,0.5760713478392849,0.3104019202776492,0.3082841659667194,
35,dom_regular_verberase,0.8794871794871795,0.7617056856187291,0.8873015873015873,0.7484472049689441,0.8036363636363636,0.6868686868686869,0.926923076923077,0.802675585284281,0.15384615384615385,0.9487179487179488,0.9092169092169092,0.03950103950103956,0.32092333871239176,0.6067019619127856,0.6273290598290598,0.9658547008547009,0.4840928093645485,0.8679347826086956,0.6333333333333334,0.9746031746031746,0.42857142857142855,0.8975155279503105,0.469,0.9745454545454545,0.4241161616161616,0.9040404040404041,0.6345192307692308,0.9961538461538462,0.3779264214046823,0.9366220735785951,0.0,0.8589814814814815,0.5446871724069271,0.9826397912335412,0.3126102079051597,0.9674295313318859,-0.08809503028496628,0.2770385581357047,-0.274288193486495,1.554411463992844,0.9637681159420289,-1.293324942280726,-15.12956142723762,-3.77673243062967,0.7394028138274596,26,14,12,-30.779089351891727,0.5199664974164865,0.7394028138274596,0.31877499965423695,0.3233785833502828,
35,dom_regular_rank2,0.882051282051282,0.6814381270903009,0.9047619047619048,0.6537267080745343,0.8254545454545454,0.6616161616161615,0.926923076923077,0.6822742474916388,0.19230769230769226,0.9182259182259183,0.927927927927928,-0.00970200970200974,0.3272576758590801,0.6104567219141597,0.6529700854700855,0.9658333333333332,0.4672867892976588,0.7876463210702341,0.6790476190476191,0.9825396825396825,0.3819487577639751,0.812111801242236,0.4981818181818182,0.9854545454545455,0.3888888888888889,0.8738636363636363,0.6384615384615385,0.99625,0.3276755852842809,0.8595317725752508,0.0,0.8794999999999998,0.5915788327526132,0.9652795824670825,0.41031972345724993,0.9821067136532031,-0.1379686604755538,0.24238222270615564,-0.4923385038920782,1.9976203548357563,0.9381642512077295,-1.446174499557106,-16.052445813559586,-4.0610736036957675,0.7020676830759655,26,14,12,-32.715927141007214,0.6110355138880426,0.7020676830759655,0.333045385028255,0.3206431510943088,
36,adom_matched,0.4179487179487179,0.6229096989966555,0.4746031746031746,0.5605590062111802,0.2727272727272727,0.7373737373737375,0.6000000000000001,0.5250836120401338,0.46153846153846156,0.616077616077616,0.437976437976438,0.17810117810117804,8.068790687410777,0.022051758885777525,0.24786324786324787,0.7248076923076923,0.3536789297658863,0.739193143812709,0.26662698412698405,0.7572222222222222,0.281055900621118,0.7267468944099379,0.10545454545454547,0.7964545454545453,0.30303030303030304,0.843560606060606,0.23461538461538461,0.819326923076923,0.20392976588628764,0.7927257525083612,0.0,0.9668333333333332,0.37900262842123306,0.7624152181659802,0.20501986055881888,0.7976207386363636,-0.2320683088890689,0.3430591525722339,-20.260984128581974,21.59097697453565,0.5391304347826087,5.060375915759381,5.472119545372459,-2.984087620052088,0.24712215776604102,26,14,4,3.3906370828194987,7.553602007925419,0.24712215776604102,8.651800751383382,7.402493471442087,0.45599999999999996
36,dom_matched,0.5547008547008547,0.5125418060200668,0.492063492063492,0.5698757763975155,0.4872727272727273,0.5606060606060606,0.5846153846153845,0.47491638795986624,0.3333333333333333,0.6202356202356203,0.654885654885655,-0.03465003465003469,2.6895400844322794,-0.2331749392430524,0.290534188034188,0.753034188034188,0.3343227424749164,0.6998536789297658,0.23964285714285719,0.74765873015873,0.28722826086956516,0.746972049689441,0.16363636363636364,0.84,0.2626262626262626,0.7828282828282828,0.21923076923076923,0.8192307692307692,0.17391304347826086,0.7759197324414716,0.0,0.9630621693121693,0.3802095767284186,0.7534992493182583,0.23803135888501745,0.8357707882098125,-0.2804448189668233,0.28557375652963873,-16.32804098726314,13.444321784036294,0.5729468599033817,0.9709593877494636,-0.6938752391653231,-0.7008210396707497,-3.6639669005011006,26,14,4,1.2020449116220728,-2.589795389952719,-3.6639669005011006,2.488729869720002,2.9190374726748813,0.512
36,probe_matched,0.6230769230769231,0.5777591973244147,0.6063492063492064,0.5729813664596273,0.5527272727272727,0.5959595959595958,0.6576923076923077,0.5317725752508362,0.21794871794871798,0.7234927234927235,0.6216216216216216,0.10187110187110193,2.546823735164004,-0.07273946811994832,0.3845940170940171,0.7760897435897436,0.3561663879598662,0.7374790969899665,0.3554365079365079,0.7952777777777778,0.3493012422360249,0.7639751552795031,0.23990909090909093,0.8183636363636363,0.2727272727272727,0.8334595959595958,0.35769230769230764,0.8577884615384614,0.274247491638796,0.782608695652174,0.02690018315018313,0.7556089743589743,0.49192655451900147,0.8430139152435168,0.40485739345114347,0.7881983901515152,-0.0712065075968231,0.22510013867103135,-4.945024929063174,21.834089851934745,0.6782608695652175,0.6936429182427719,-0.7424836055524906,-0.666359463185587,-0.16177259802619476,26,14,4,-1.2888218158045397,-0.19614539530044156,-0.16177259802619476,2.6852222124731853,2.388654046810654,0.648
36,dom_regular,0.8222222222222223,0.6471571906354515,0.8158730158730159,0.6118012422360248,0.8327272727272726,0.6414141414141414,0.8538461538461538,0.6053511705685619,0.03846153846153847,0.8925848925848926,0.8586278586278586,0.03395703395703398,0.44772709163540697,-0.15325466113854236,0.6297863247863248,0.9111111111111111,0.45817307692307696,0.8729515050167225,0.6031746031746031,0.9492460317460316,0.3897515527950311,0.8525232919254658,0.5272727272727273,0.960090909090909,0.40404040404040403,0.8940656565656564,0.6076923076923078,0.9807692307692307,0.3611204013377926,0.906438127090301,0.0,0.39743589743589747,0.690584559616193,0.983091395275173,0.6328224101479915,0.9501386001386001,-0.14308830137531214,0.21875696196776462,0.19018862346624604,0.7650743476129833,0.881159420289855,0.2984149529350803,-0.9452074659090002,0.3506794540037837,-0.3717987756046963,26,14,12,-1.027396321723265,-0.8630186100947355,-0.3717987756046963,0.2749076109378023,0.6452350695755269,
36,dom_regular_verberase,0.7863247863247863,0.5426421404682275,0.8158730158730159,0.4549689440993789,0.7781818181818182,0.601010101010101,0.8153846153846153,0.4682274247491639,0.3333333333333333,0.7401247401247402,0.6548856548856549,0.0852390852390853,0.7976172091540823,-0.020508070827721055,0.5905128205128205,0.8760897435897436,0.3946070234113712,0.7124372909698996,0.5999206349206349,0.9524206349206349,0.2795031055900621,0.6444099378881987,0.47263636363636363,0.9419090909090909,0.3535353535353536,0.8282828282828283,0.5691346153846154,0.9461538461538461,0.24749163879598665,0.7325250836120402,0.0357142857142857,0.839779220779221,0.555803146037521,0.8934411295005807,0.4617921448357737,0.8125498188405796,-0.1265625,0.29867196573751453,0.4334901400621438,1.4930355100305226,0.8178743961352657,0.11247723402226346,-0.8987643236636982,0.06453784457283274,0.25859788397095756,26,14,12,-1.653967221882724,-0.1435614254446724,0.25859788397095756,0.6434343099175087,0.9738262368530238,
36,dom_regular_rank2,0.7829059829059829,0.5025083612040133,0.8253968253968255,0.4099378881987577,0.8181818181818181,0.611111111111111,0.7653846153846154,0.391304347826087,0.32051282051282054,0.7512127512127512,0.7546777546777548,-0.0034650034650035577,0.885551993797919,-0.045756875785289385,0.5750854700854701,0.8889529914529913,0.3578386287625418,0.6973871237458193,0.6030555555555556,0.9476190476190476,0.2639363354037267,0.6336180124223602,0.4651818181818182,0.9600909090909091,0.3535353535353535,0.8587121212121211,0.515,0.9269230769230768,0.21730769230769229,0.705685618729097,0.03703703703703709,0.8098290598290595,0.5436209022254729,0.8870599868160843,0.5410209406303156,0.8884420289855073,-0.20501774584487517,0.2086138856247551,0.4762324571728483,1.5689840366547771,0.8,0.042488994974807466,-0.7711708116988026,0.06152531390411853,-0.024906342172432917,26,14,12,-1.43505206971924,-0.1072895536783654,-0.024906342172432917,0.7342072975434155,1.0585173609459229,
