layer,direction,A_f,A_m,A_f_noen,A_m_noen,A_f_abs,A_m_abs,A_f_con,A_m_con,exc_auc,homo_auc_noun,homo_auc_verb,homo_auc_diff,multi_p_diff,cos_concreteness,A_f_lo,A_f_hi,A_m_lo,A_m_hi,A_f_noen_lo,A_f_noen_hi,A_m_noen_lo,A_m_noen_hi,A_f_abs_lo,A_f_abs_hi,A_m_abs_lo,A_m_abs_hi,A_f_con_lo,A_f_con_hi,A_m_con_lo,A_m_con_hi,exc_auc_lo,exc_auc_hi,homo_auc_noun_lo,homo_auc_noun_hi,homo_auc_verb_lo,homo_auc_verb_hi,homo_auc_diff_lo,homo_auc_diff_hi,multi_p_diff_lo,multi_p_diff_hi,regular_test_auc,p_ma_m,p_clipping_f,p_true_m,p_true_f,n_excm,n_excm_noen,n_conc_imputed_train,p_item_foto,p_item_moto,p_item_mano,multi_p_diff_lean_m,multi_p_diff_lean_f,matched_cv_auc
0,adom_matched,0.5,0.5,0.5,0.5,0.5,0.5,0.5,0.5,0.5,0.5,0.5,0.0,,0.6115043605172317,0.43173076923076925,0.5434134615384614,0.46153846153846156,0.5465116279069767,0.4375,0.5625,0.45182724252491696,0.5481727574750831,0.42857142857142855,0.5714285714285714,0.5,0.5,0.4251012145748988,0.5811234817813764,0.4133653846153846,0.5653846153846154,0.050595238095238096,0.9444444444444444,0.45123839009287925,0.55625,0.45123839009287925,0.55625,0.0,0.0,0.0,0.0,0.5,,,,,26,14,4,,,,,,0.5
0,dom_matched,0.5,0.5,0.5,0.5,0.5,0.5,0.5,0.5,0.5,0.5,0.5,0.0,,,0.5,0.5,0.5,0.5,0.5,0.5,0.5,0.5,0.5,0.5,0.5,0.5,0.5,0.5,0.5,0.5,0.5,0.5,0.5,0.5,0.5,0.5,0.0,0.0,,,0.5,,,,,26,14,4,,,,,,0.5
0,probe_strat,0.5,0.5,0.5,0.5,0.5,0.5,0.5,0.5,0.5,0.5,0.5,0.0,0.0,-0.001081254519456928,0.41343749999999996,0.5807692307692308,0.4423076923076923,0.5581395348837209,0.40714285714285714,0.5875,0.4277408637873754,0.5838870431893688,0.40476190476190477,0.5952380952380952,0.5,0.5,0.3724696356275304,0.6154858299595141,0.37115384615384617,0.625,0.017857142857142856,0.9814814814814815,0.4305555555555556,0.572972972972973,0.4305555555555556,0.572972972972973,0.0,0.0,0.0,0.0,0.5,1.0,1.0,1.0,1.0,26,14,7,1.0,1.0,1.0,0.0,0.0,0.49111111111111116
0,probe_strat_noinit,0.5,0.5,0.5,0.5,0.5,0.5,0.5,0.5,0.5,0.5,0.5,0.0,,0.0002748988966242491,0.41923076923076924,0.5807692307692308,0.4347048300536673,0.5652951699463328,0.4125,0.5892857142857143,0.4277408637873754,0.5714285714285714,0.40476190476190477,0.5952380952380952,0.5,0.5,0.39473684210526316,0.6275303643724697,0.37115384615384617,0.625,0.017857142857142856,0.9821428571428571,0.42702702702702705,0.573051948051948,0.42702702702702705,0.573051948051948,0.0,0.0,0.0,0.0,0.5,,,,,26,14,7,,,,,,0.5963888888888889
0,probe_matched,0.5,0.5,0.5,0.5,0.5,0.5,0.5,0.5,0.5,0.5,0.5,0.0,,,0.5,0.5,0.5,0.5,0.5,0.5,0.5,0.5,0.5,0.5,0.5,0.5,0.5,0.5,0.5,0.5,0.5,0.5,0.5,0.5,0.5,0.5,0.0,0.0,,,0.5,,,,,26,14,4,,,,,,0.5
0,dom_regular,0.5,0.5,0.5,0.5,0.5,0.5,0.5,0.5,0.5,0.5,0.5,0.0,,,0.5,0.5,0.5,0.5,0.5,0.5,0.5,0.5,0.5,0.5,0.5,0.5,0.5,0.5,0.5,0.5,0.5,0.5,0.5,0.5,0.5,0.5,0.0,0.0,,,0.5,,,,,26,14,11,,,,,,
0,dom_regular_verberase,0.5,0.5,0.5,0.5,0.5,0.5,0.5,0.5,0.5,0.5,0.5,0.0,,,0.5,0.5,0.5,0.5,0.5,0.5,0.5,0.5,0.5,0.5,0.5,0.5,0.5,0.5,0.5,0.5,0.5,0.5,0.5,0.5,0.5,0.5,0.0,0.0,,,0.5,,,,,26,14,11,,,,,,
0,dom_regular_rank2,0.5,0.5,0.5,0.5,0.5,0.5,0.5,0.5,0.5,0.5,0.5,0.0,,,0.5,0.5,0.5,0.5,0.5,0.5,0.5,0.5,0.5,0.5,0.5,0.5,0.5,0.5,0.5,0.5,0.5,0.5,0.5,0.5,0.5,0.5,0.0,0.0,,,0.5,,,,,26,14,11,,,,,,
1,adom_matched,0.3798076923076923,0.5429338103756708,0.3767857142857143,0.5465116279069767,0.37662337662337664,0.4292929292929293,0.39271255060728744,0.6153846153846154,0.8589743589743589,0.5335907335907336,0.5096525096525096,0.02393822393822398,-0.6955702144136551,0.023828666541882964,0.23459134615384616,0.7019230769230769,0.2262969588550984,0.7656529516994633,0.23388392857142856,0.6857589285714285,0.2939784053156146,0.7225913621262459,0.08225108225108226,0.8701298701298701,0.12626262626262627,0.8232323232323232,0.17813765182186234,0.757085020242915,0.23067307692307695,0.8076923076923077,0.12962962962962962,1.0,0.35857539454431436,0.6728009543830317,0.3474903474903475,0.6702794843266253,-0.03639273517597852,0.054317481928599476,-8.90984062681538,7.5011846693156095,0.4063953488372093,-0.5221318504889821,-3.04513081173213,-0.41381997306644874,-5.774651926599874,26,14,4,-4.040209484058898,-2.0500521394053624,-5.774651926599874,-0.5740472448028211,-0.8344536082546081,0.4948888888888889
1,dom_matched,0.3038461538461538,0.6744186046511628,0.3625,0.6162790697674418,0.2077922077922078,0.6616161616161617,0.3481781376518219,0.6653846153846154,0.8717948717948718,0.5467181467181467,0.5420849420849421,0.004633204633204602,6.87217273910283,-0.06298583047727291,0.19420673076923078,0.6164182692307691,0.3112477638640429,0.7924865831842576,0.21785714285714286,0.6160714285714286,0.37375415282392027,0.7691029900332226,0.06926406926406926,0.7534632034632033,0.18674242424242427,0.8636363636363636,0.17408906882591094,0.6681174089068824,0.3691346153846154,0.8423076923076923,0.29814814814814816,1.0,0.37447250280583616,0.6837260342043149,0.36349162769181453,0.6777864583333334,-0.03372093023255811,0.04328696726169188,-10.771744441060042,18.122177316419855,0.4738372093023256,-26.51689038327253,-61.69125387466501,-34.15623524878018,-86.53321652225193,26,14,4,-68.5288978369159,-54.85360991241411,-86.53321652225193,6.4033697713075455,7.407947559440298,0.5695555555555555
1,probe_strat,0.6625,0.5957066189624329,0.6535714285714286,0.5897009966777409,0.658008658008658,0.5151515151515151,0.7530364372469636,0.6423076923076924,0.44871794871794873,0.7166023166023165,0.7405405405405405,-0.02393822393822398,-0.3953786965421872,0.0492602550788155,0.4384375,0.8009615384615385,0.33987030411449015,0.7442531305903398,0.3802678571428571,0.7964285714285714,0.31561461794019935,0.767483388704319,0.329004329004329,0.8614718614718615,0.1715909090909091,0.7477272727272726,0.39271255060728744,0.9230769230769231,0.2923076923076923,0.838653846153846,0.1111111111111111,0.9830484330484329,0.4460921999007937,0.8048799365702636,0.45199916331703827,0.8088916340393414,-0.06139218974022513,0.04412985882512746,-4.2558239033487215,2.4713150096037584,0.7784883720930232,0.25152151601620903,-0.3202047546696369,0.9914651841129464,0.8010883099047325,26,14,7,0.3600758953603259,-1.0004854046995997,0.8010883099047325,-0.35392606195672155,-0.44275313606843364,0.6322790309106098
1,probe_strat_noinit,0.6625,0.5268336314847942,0.6553571428571429,0.5431893687707641,0.6926406926406926,0.4393939393939394,0.6882591093117408,0.6038461538461538,0.38461538461538464,0.6478764478764478,0.6548262548262548,-0.006949806949806958,-0.390386206334334,0.04263493565730174,0.4403125,0.7817307692307692,0.30677549194991055,0.7146914132379248,0.37660714285714286,0.8160714285714286,0.30398671096345514,0.7426079734219269,0.36363636363636365,0.8787878787878788,0.13636363636363635,0.7021464646464645,0.4165991902834008,0.9068825910931174,0.2536538461538462,0.8076923076923077,0.07142857142857142,0.9647893772893769,0.40867367617957706,0.7836463325227094,0.41168371775793655,0.7871580387205387,-0.054703632467923015,0.04688346555727553,-6.318814732442414,4.432234765188396,0.7337209302325581,0.07215992908428995,-0.8516570891430176,0.9521393179947824,1.025449859666339,26,14,7,-0.5322585098146517,-1.1710556684713835,1.025449859666339,-0.3300030018707354,-0.459395582864161,0.5885122655122655
1,probe_matched,0.44711538461538464,0.6368515205724508,0.4732142857142857,0.6046511627906976,0.3939393939393939,0.5505050505050505,0.4939271255060729,0.7,0.5128205128205128,0.6988416988416989,0.6664092664092665,0.032432432432432434,-0.7827494811558926,0.08795554536617198,0.2548076923076923,0.6067307692307692,0.4069767441860465,0.7772808586762076,0.24464285714285713,0.6607589285714285,0.38201827242524916,0.7824335548172757,0.12976190476190474,0.6406926406926406,0.24229797979797982,0.8131313131313131,0.2145748987854251,0.7408906882591093,0.39990384615384617,0.8846153846153846,0.12082051282051283,0.9642857142857143,0.4265422077922078,0.7844043196386946,0.4105733571826646,0.7768387276785714,-0.030198227060918383,0.07586483058135532,-13.750723493947966,15.147806195562513,0.5848837209302326,2.043490490072183,1.2136052050881152,2.244611708247884,4.772907441115643,26,14,4,1.6638265997281365,0.7633838104480939,4.772907441115643,-0.6758260927229596,-0.904947639364959,0.6106666666666667
1,dom_regular,0.5769230769230769,0.8023255813953488,0.5928571428571429,0.7890365448504983,0.5584415584415584,0.8787878787878788,0.582995951417004,0.7423076923076923,0.0641025641025641,0.8687258687258688,0.8980694980694981,-0.02934362934362933,0.035933589183489344,-0.12287484239339921,0.31153846153846154,0.7807932692307692,0.3773926654740608,0.8801431127012522,0.3535714285714286,0.7714732142857142,0.4036129568106312,0.8821013289036544,0.15151515151515152,0.9090909090909091,0.2876262626262627,0.9747474747474747,0.3237854251012146,0.8218623481781376,0.3423076923076923,0.8846153846153846,0.0,0.7037037037037037,0.560295669358783,0.939862567987568,0.5782799091807747,0.951853354978355,-0.07381756756756754,0.033248643248643295,-0.7376441297925322,1.430833455430805,0.8302325581395349,0.719401852033158,-0.2555679165017146,0.6048205996698791,-1.7396302181617986,26,14,11,0.27935739491364225,-0.7904932279170716,-1.7396302181617986,0.024523673139099297,0.04897349323422082,
1,dom_regular_verberase,0.6932692307692307,0.426654740608229,0.6178571428571429,0.5149501661129569,0.8354978354978355,0.40404040404040403,0.6194331983805668,0.4423076923076923,0.05128205128205128,0.5891891891891892,0.616988416988417,-0.027799227799227832,0.4389910285299614,-0.15027705466524677,0.34415865384615385,0.8086778846153846,0.26920840787119854,0.7432915921288015,0.3803125,0.7661160714285714,0.33048172757475086,0.704360465116279,0.23809523809523808,0.948051948051948,0.18181818181818182,0.8484848484848485,0.291497975708502,0.8016194331983806,0.25,0.7232692307692306,0.0,0.7037037037037037,0.43275390625,0.7268153143191842,0.43903831845238095,0.7455054405054404,-0.06255189344585636,0.03422136422136424,-5.951465059271469,6.667512075023323,0.608139534883721,-0.5795927673658389,-2.9731974474029537,-0.8732659132765058,-5.502772329577156,26,14,11,-2.559750584404093,-3.3866443104018145,-5.502772329577156,0.39422849794460046,0.4901482063418025,
1,dom_regular_rank2,0.6740384615384616,0.40429338103756707,0.6125,0.49169435215946844,0.8311688311688312,0.3838383838383838,0.562753036437247,0.41923076923076924,0.07692307692307693,0.572972972972973,0.6185328185328185,-0.04555984555984549,0.3617516420198948,-0.16777948557154526,0.3575721153846154,0.7924038461538461,0.26909660107334527,0.7165474060822897,0.3695982142857143,0.7696875,0.3106312292358804,0.7178156146179401,0.2510822510822511,0.948051948051948,0.16161616161616163,0.8284090909090908,0.28329959514170044,0.8097165991902834,0.2191346153846154,0.7116346153846154,0.0,0.7037037037037037,0.41031494176618016,0.7070021991896991,0.4261612154886012,0.7392266405862983,-0.07891494573135205,0.019290495852995828,-6.1538316246819145,6.861666062684755,0.5988372093023255,-0.7074928376859091,-3.2331492695901085,-0.8481553666206215,-5.60996265831478,26,14,11,-2.4665531816661557,-3.999745357514062,-5.60996265831478,0.31132134030585323,0.41938627255022787,
2,adom_matched,0.6403846153846153,0.3336314847942755,0.6125,0.37375415282392027,0.7229437229437229,0.26262626262626265,0.5708502024291497,0.4115384615384615,0.7051282051282052,0.3907335907335907,0.49034749034749037,-0.09961389961389966,0.39795628244799,0.14502977257687144,0.24997596153846155,0.7750240384615384,0.173479427549195,0.8014311270125224,0.3374107142857143,0.739375,0.21926910299003322,0.7193106312292359,0.10822510822510822,0.9004329004329005,0.09090909090909091,0.898989898989899,0.24696356275303644,0.805668016194332,0.16923076923076924,0.8,0.07628205128205129,0.9618589743589744,0.272407120743034,0.7415229241338113,0.32223444629694625,0.7257984138257575,-0.16705835444225542,0.13141652594051972,-6.962904714070074,7.679040932264074,0.4994186046511628,-2.677306982520887,-1.1071049238556756,-3.2035748237008073,-2.5708180771338616,26,14,4,-1.672087632597776,-0.5421222151135754,-2.5708180771338616,1.3584888014484815,-0.699795167838286,0.3666666666666667
2,dom_matched,0.3,0.7200357781753131,0.3875,0.6312292358803987,0.22077922077922077,0.7474747474747475,0.3319838056680162,0.6923076923076923,0.7051282051282052,0.6077220077220077,0.5961389961389961,0.01158301158301156,3.0451599909221243,-0.17497052194185406,0.19997596153846156,0.7048317307692308,0.25120751341681574,0.8273926654740609,0.25,0.6714285714285714,0.31387043189368774,0.7774086378737541,0.08225108225108226,0.8658008658008658,0.13623737373737374,0.9242424242424242,0.16993927125506073,0.7005060728744937,0.26913461538461536,0.8538461538461538,0.201724358974359,1.0,0.2824672131566309,0.7250176024634725,0.3554091917438272,0.7197791988416987,-0.18177827934712273,0.11896181896181893,-9.312726306581515,9.935248878601271,0.5098837209302326,-8.709232329993014,-14.014022832794975,-12.040885643788874,-19.44065164162557,26,14,4,-18.586537254065554,-9.441508411524396,-19.44065164162557,4.3925657930283615,1.5052676456578535,0.4937777777777777
2,probe_strat,0.6346153846153846,0.6359570661896243,0.65,0.6013289036544851,0.5670995670995671,0.5353535353535354,0.7773279352226721,0.676923076923077,0.5,0.816988416988417,0.8177606177606178,-0.0007722007722008595,-0.5917340609797143,0.06053527650418209,0.4673076923076923,0.805889423076923,0.3066860465116279,0.7370304114490162,0.4017857142857143,0.8215178571428571,0.2923172757475083,0.7625415282392026,0.3765151515151515,0.8701298701298701,0.14646464646464646,0.6920454545454544,0.4695344129554656,0.9393724696356274,0.2846153846153846,0.8153846153846154,0.07692307692307693,1.0,0.457898523933716,0.8533204633204633,0.4573582064207064,0.8628821294659306,-0.11309952528042615,0.07144239274657233,-5.3379107591665695,1.596113820105324,0.7924418604651163,0.3588916462493729,0.08834929368109345,0.9120560770346061,1.108789853887495,26,14,7,1.227128787074353,-1.0504301997121661,1.108789853887495,-0.6427530619644286,-0.533426631282898,0.5918973443710286
2,probe_strat_noinit,0.6971153846153846,0.47227191413237923,0.7017857142857142,0.4717607973421927,0.6926406926406926,0.3282828282828283,0.7813765182186235,0.5346153846153846,0.4358974358974359,0.6957528957528958,0.7343629343629343,-0.03861003861003853,-0.11617714375939661,0.052202217113531846,0.5153365384615384,0.8432692307692308,0.2432692307692308,0.6494186046511627,0.45352678571428573,0.8429017857142856,0.27072259136212623,0.6926910299003323,0.4414502164502164,0.9047619047619048,0.09595959595959595,0.6162878787878786,0.5060728744939271,0.9271255060728745,0.21923076923076923,0.7576923076923077,0.0764957264957265,0.9285714285714286,0.4272278031565957,0.8042313273993807,0.43518016855865155,0.8261458950667743,-0.11749583749583742,0.07819272445820433,-2.894707747954105,3.282408699864352,0.7313953488372092,-0.059032149096643186,-0.7971553954769097,0.3330759742968368,0.8497795611167356,26,14,7,-0.15861518156602844,-1.435695609387791,0.8497795611167356,-0.2615313913497582,0.04994199634387384,0.5220819472924736
2,probe_matched,0.47596153846153844,0.5948121645796064,0.5232142857142857,0.5382059800664452,0.45021645021645024,0.4494949494949495,0.48582995951417,0.6538461538461539,0.5256410256410257,0.6154440154440154,0.6046332046332046,0.010810810810810811,-3.3608766946236757,0.050548133144709954,0.2681971153846154,0.6645432692307691,0.3756484794275492,0.7738148479427548,0.27852678571428574,0.7446875,0.3105481727574751,0.7741694352159467,0.16872294372294372,0.7273809523809524,0.21704545454545457,0.7828282828282829,0.1902834008097166,0.7773279352226721,0.34615384615384615,0.8616346153846154,0.10714285714285714,0.98,0.37615867534598185,0.7852114894483108,0.3912103174603175,0.7696172930743242,-0.10700164033497363,0.08577845982142854,-40.45018639742645,31.76677304828808,0.5866279069767442,0.9767116120667396,0.6602724108454223,2.1541384001042556,3.348856187055772,26,14,4,2.723707134632179,-1.4031623129413342,3.348856187055772,-3.4615061370307867,-3.245871617586978,0.4424444444444444
2,dom_regular,0.425,0.8085867620751341,0.5071428571428571,0.7242524916943521,0.3116883116883117,0.8535353535353535,0.562753036437247,0.7961538461538461,0.16666666666666666,0.738996138996139,0.8810810810810811,-0.14208494208494205,-0.4000422311284407,-0.34685837784161383,0.2672836538461538,0.6822836538461534,0.6457289803220035,0.9159212880143113,0.34102678571428574,0.7090178571428571,0.5382059800664452,0.8854235880398671,0.1340909090909091,0.7532467532467533,0.5756313131313132,0.9797979797979798,0.3197368421052632,0.805668016194332,0.5845192307692308,0.95,0.0,0.3699166666666667,0.5987537266368536,0.9211120718846749,0.692063492063492,0.987012987012987,-0.22999559341950648,0.004629719004719024,-5.280090565609653,5.056355620224353,0.6819767441860465,4.4534705467921265,0.8686794822648525,5.128236295976202,2.773579826265248,26,14,11,3.0168632135487434,-1.2795042490190385,2.773579826265248,-1.5031173875360129,0.8606150904802133,
2,dom_regular_verberase,0.5528846153846154,0.4847942754919499,0.6089285714285714,0.4219269102990033,0.5238095238095238,0.5858585858585859,0.611336032388664,0.3346153846153846,0.11538461538461539,0.5837837837837838,0.4548262548262548,0.128957528957529,0.8488834862535927,-0.21997518932288565,0.30478365384615386,0.8317788461538461,0.2870304114490161,0.6762075134168157,0.3695982142857143,0.7911160714285713,0.27570598006644514,0.6528239202657807,0.19480519480519481,0.9307359307359307,0.21717171717171718,0.8282828282828283,0.2994939271255061,0.8704453441295547,0.2,0.65,0.0,0.6451923076923068,0.3913176385229312,0.7159555335445429,0.18905729972910215,0.7675656051894442,-0.21290394290394288,0.3302524594907408,-5.622914837323631,5.375730457429231,0.5430232558139535,-1.83722770488321,4.78756279001293,-3.45918168771497,7.187960342953079,26,14,11,0.5668913339709843,9.008234246054876,7.187960342953079,3.07039901277572,-1.6899914012002673,
2,dom_regular_rank2,0.5576923076923077,0.45706618962432916,0.6107142857142858,0.3953488372093023,0.5411255411255411,0.5454545454545454,0.6153846153846154,0.3346153846153846,0.16666666666666666,0.5590733590733591,0.4494208494208494,0.10965250965250967,0.09423836133895054,-0.2336412017091867,0.29899038461538463,0.8211538461538461,0.2763416815742397,0.6628577817531305,0.36428571428571427,0.7946428571428571,0.2541112956810631,0.6246262458471761,0.18614718614718614,0.9438311688311688,0.17664141414141415,0.7929292929292929,0.33178137651821865,0.8502024291497976,0.19605769230769232,0.6076923076923076,0.0,0.6786428571428571,0.37672953366312745,0.6898470734994172,0.18403552827380953,0.7570066394156346,-0.22305390211640216,0.30298527383766743,-3.820014290165509,4.573641085300384,0.5226744186046511,-0.4953690060185364,3.4843993411210077,-2.5152813988499676,4.84168027882741,26,14,11,0.11690907108986393,6.851889611152151,4.84168027882741,1.6097372552470035,-1.6377603745559675,
3,adom_matched,0.6663461538461538,0.2638640429338104,0.6089285714285714,0.32059800664451826,0.7662337662337663,0.22727272727272727,0.6032388663967612,0.28076923076923077,0.5769230769230769,0.37065637065637064,0.3853281853281853,-0.014671814671814665,4.801704417601205,0.179767180928781,0.2960576923076923,0.7596634615384614,0.18604651162790697,0.7531529516994634,0.3482142857142857,0.7178571428571429,0.22757475083056478,0.6779485049833885,0.15584415584415584,0.8876623376623375,0.09090909090909091,0.8333333333333334,0.27925101214574904,0.7773279352226721,0.16153846153846155,0.7769230769230769,0.11538461538461539,0.8888888888888888,0.27251885694843997,0.7109379552738928,0.3070056310876623,0.6217692611442611,-0.15229676798949246,0.2035936285936286,-29.388654274074163,19.929668082264826,0.45813953488372094,-10.0259960825689,-6.386344324868108,-9.1724288945589,-12.05022256273917,26,14,4,-9.667399042562813,-3.105289607173402,-12.05022256273917,7.389321385661614,1.8444278826750242,0.358
3,dom_matched,0.35192307692307695,0.669051878354204,0.4392857142857143,0.5664451827242525,0.2943722943722944,0.6515151515151515,0.38461538461538464,0.65,0.5256410256410257,0.5984555984555985,0.5111969111969112,0.08725868725868724,2.4362845967638576,-0.3006688169560725,0.23747596153846154,0.7135336538461537,0.23971377459749552,0.8006261180679785,0.2927232142857143,0.6392857142857142,0.30398671096345514,0.7410714285714284,0.12121212121212122,0.8615800865800866,0.1210858585858586,0.8789141414141413,0.21052631578947367,0.680161943319838,0.26913461538461536,0.8307692307692308,0.14775132275132274,0.9406538461538455,0.30133495546425,0.7294236353077815,0.33824218749999996,0.654526333041958,-0.16627514460847798,0.19230850377135206,-17.340037851044634,14.266814731088955,0.5046511627906977,-2.5958644846155035,-2.9379482861466295,-4.967757151170787,-7.274803223599409,26,14,4,-3.7739603549147747,-2.1019362173784844,-7.274803223599409,3.2401738786192524,1.5175539889291205,0.5442222222222222
3,probe_strat,0.6951923076923077,0.4275491949910555,0.6178571428571429,0.49169435215946844,0.6536796536796536,0.398989898989899,0.8421052631578947,0.43846153846153846,0.5128205128205128,0.6880308880308881,0.6393822393822394,0.04864864864864871,-0.97728923996809,0.04823518279406119,0.4788221153846154,0.8211538461538461,0.22180232558139537,0.5939624329159212,0.3463839285714286,0.7892857142857143,0.26241694352159467,0.6926910299003323,0.3852813852813853,0.9264069264069265,0.1111111111111111,0.601010101010101,0.41295546558704455,0.9595141700404858,0.16923076923076924,0.6961538461538461,0.14259834368530022,0.9505769230769225,0.3280798965342118,0.7777864583333334,0.32122716622716624,0.7515295270403793,-0.13074702838937002,0.15987909206032697,-13.733229420832181,11.724196851428147,0.6494186046511627,-0.7252084383787573,-1.3439907963139381,0.3655662337648374,0.548514490657485,26,14,7,-0.273091516380982,-2.4148900762468943,0.548514490657485,-1.068758602373561,-0.8727528257904088,0.4402294878610668
3,probe_strat_noinit,0.7057692307692308,0.37835420393559926,0.6339285714285714,0.44019933554817275,0.7489177489177489,0.29797979797979796,0.7894736842105263,0.38461538461538464,0.5897435897435898,0.5706563706563706,0.5459459459459459,0.024710424710424728,0.10575023902920506,0.06091361774223848,0.5086538461538461,0.8375480769230769,0.20304114490161002,0.5599508050089446,0.41602678571428575,0.8053571428571429,0.24580564784053158,0.6495016611295681,0.47186147186147187,0.9264069264069265,0.1008838383838384,0.5660353535353532,0.4614372469635628,0.9352226720647774,0.13826923076923078,0.6385576923076922,0.18518518518518517,0.9642195767195766,0.33440795315795313,0.7037950575994053,0.30568015638432633,0.7068554131054131,-0.11851393345049914,0.14498456790123446,-11.710199332291714,12.477289860411473,0.5825581395348837,-1.3536205319235433,-1.9435070444625273,-1.0555107423524206,2.26926760775167,26,14,7,-1.472129890297319,-2.414884198627736,2.26926760775167,-0.1354349092581831,0.38139040850050593,0.40053960659223814
3,probe_matched,0.4913461538461538,0.481216457960644,0.4142857142857143,0.5697674418604651,0.5151515151515151,0.36363636363636365,0.4979757085020243,0.5192307692307693,0.5641025641025641,0.5328185328185329,0.5181467181467182,0.014671814671814665,5.032160244961137,0.035689344125483656,0.27978365384615383,0.6750721153846153,0.2880143112701252,0.7066413237924866,0.2249107142857143,0.6679017857142856,0.28567275747508303,0.7625415282392026,0.19913419913419914,0.7575757575757576,0.16161616161616163,0.7324494949494949,0.19433198380566802,0.7855263157894735,0.23846153846153847,0.7734615384615381,0.1293888888888889,0.9902499999999997,0.30200363620898635,0.7133502983502984,0.2991560839765437,0.6953293788580247,-0.13457111874355004,0.18214947089947084,-21.73078501030356,19.63398124938532,0.47325581395348837,1.1734662820728539,1.0898685092194336,-2.547552323390963,-6.240302369421327,26,14,4,-0.08380834695844205,2.263545365397309,-6.240302369421327,4.945068728127647,5.131693407056555,0.3228888888888889
3,dom_regular,0.41057692307692306,0.7415026833631485,0.5178571428571429,0.6345514950166113,0.33766233766233766,0.7777777777777778,0.46558704453441296,0.7115384615384616,0.2692307692307692,0.6532818532818533,0.6602316602316602,-0.006949806949806958,24.459132070942097,-0.4279092934112241,0.25959134615384616,0.6163701923076923,0.5804114490161002,0.8631932021466905,0.3428125,0.6858035714285714,0.448297342192691,0.8189368770764119,0.1340909090909091,0.7017316017316013,0.5352272727272728,0.9343434343434344,0.2550607287449393,0.6964574898785424,0.5038461538461538,0.89625,0.02,0.5641025641025641,0.5246471121471121,0.8158558832471876,0.5058155630377852,0.8676730540701129,-0.14694540895061725,0.11017352915464633,-19.640528628875288,13.547549863572732,0.5959302325581395,-35.34292400916583,-11.761239598308599,-51.98721860728967,-48.58878196350145,26,14,11,-23.791163649273386,0.26868445265618707,-48.58878196350145,35.14707993728362,12.244334509408924,
3,dom_regular_verberase,0.5403846153846154,0.47584973166368516,0.6232142857142857,0.3803986710963455,0.5064935064935064,0.5858585858585859,0.6234817813765182,0.3153846153846154,0.14102564102564102,0.5505791505791506,0.38223938223938225,0.16833976833976838,2.483484815505879,-0.18393152555109524,0.30283653846153846,0.8115384615384615,0.2852638640429338,0.6565295169946332,0.37674107142857144,0.8,0.2524501661129568,0.6312292358803987,0.19902597402597402,0.9265151515151515,0.20694444444444446,0.7828282828282829,0.29959514170040485,0.8340080971659919,0.20384615384615384,0.6539423076923077,0.0,0.7307692307692307,0.3714214065255732,0.6982416142294237,0.1297007722007722,0.8316421186995538,-0.2826888276888277,0.36095576258019246,-6.978710991127058,8.749113443162765,0.5209302325581395,0.0033508796501247494,4.286497497604815,-3.0352719592591577,2.864467959710184,26,14,11,2.592583962761303,5.980411032448326,2.864467959710184,3.8196913819175817,0.9563915967496469,
3,dom_regular_rank2,0.49903846153846154,0.47942754919499103,0.5910714285714286,0.37209302325581395,0.47619047619047616,0.5454545454545454,0.5748987854251012,0.3346153846153846,0.21794871794871795,0.5196911196911197,0.30579150579150577,0.21389961389961393,1.2097388288190387,-0.25076840765968217,0.2875,0.7971394230769231,0.2835196779964222,0.6547406082289803,0.3678571428571429,0.775,0.24580564784053158,0.6379983388704318,0.19036796536796535,0.9395021645021645,0.1917929292929293,0.7578282828282826,0.2671052631578948,0.8179149797570848,0.16923076923076924,0.6538461538461539,0.0,0.720625,0.3682800982800983,0.6640929117322306,0.12221685971685971,0.8181818181818182,-0.2717140077937291,0.3643236712040803,-4.274205419186476,6.63949516620014,0.47790697674418603,0.04270185316691279,1.8148863793846501,-1.8297138808203333,0.7078193331953806,26,14,11,0.8997831367797845,2.7299896219895157,0.7078193331953806,1.882683451826434,0.4406592596677297,
4,adom_matched,0.6692307692307692,0.334525939177102,0.5875,0.4186046511627907,0.7619047619047619,0.2777777777777778,0.5910931174089069,0.38846153846153847,0.4230769230769231,0.38455598455598455,0.4069498069498069,-0.02239382239382237,2.1780028640922677,0.1260912820591766,0.31439903846153844,0.7490384615384615,0.22895796064400717,0.7433139534883721,0.32857142857142857,0.7553571428571428,0.2574750830564784,0.6877076411960132,0.18603896103896103,0.8831168831168831,0.13636363636363635,0.797979797979798,0.25900809716599194,0.8137651821862348,0.2,0.7693269230769231,0.038461538461538464,0.8927579365079367,0.2859291097069237,0.6927498340974902,0.31811145510835914,0.6257932844065656,-0.18227799227799232,0.21533564814814807,-19.299818374797354,21.909332320186603,0.5,-2.9624085446668977,-3.6764436551067923,-3.110585173537627,-6.205238663276921,26,14,4,-4.789442532223823,-2.563444777989761,-6.205238663276921,2.915699487021409,1.3349210093161061,0.3006666666666667
4,dom_matched,0.3105769230769231,0.6923076923076923,0.37857142857142856,0.6295681063122923,0.2683982683982684,0.6717171717171717,0.3157894736842105,0.6807692307692308,0.5641025641025641,0.5706563706563706,0.5212355212355212,0.049420849420849455,2.8521455591957072,-0.2837332620398159,0.19795673076923076,0.6635096153846153,0.30118515205724505,0.8014982110912343,0.20892857142857144,0.6268303571428571,0.37200996677740866,0.7791528239202657,0.12121212121212122,0.8139610389610389,0.1919191919191919,0.8686868686868687,0.12135627530364372,0.6438259109311739,0.3192307692307692,0.8616346153846154,0.10935714285714286,0.9642857142857143,0.3063044227738377,0.721838187516722,0.34822785955598456,0.6680086442115312,-0.19756418350168348,0.1804163479279578,-25.853446184470986,23.267051175227344,0.49127906976744184,-3.378999984565765,-4.011878030788618,-5.462056040895102,-8.982772148691327,26,14,4,-4.204783988365778,-3.8189720732114587,-8.982772148691327,3.9308281489351056,1.6193654566363946,0.5226666666666666
4,probe_strat,0.6201923076923077,0.4740608228980322,0.5267857142857143,0.5614617940199336,0.5757575757575758,0.42424242424242425,0.7894736842105263,0.5153846153846153,0.44871794871794873,0.5606177606177606,0.5992277992277992,-0.038610038610038644,-1.2187479877470433,0.054995522121283655,0.40668269230769233,0.7865624999999999,0.24329159212880144,0.641525044722719,0.2785714285714286,0.7446428571428572,0.287375415282392,0.7593438538205979,0.3029220779220779,0.8702380952380951,0.1717171717171717,0.6767676767676768,0.39271255060728744,0.951417004048583,0.18836538461538463,0.7538461538461538,0.11108333333333333,0.961574074074074,0.3265333581349206,0.7132979096520764,0.32710841646600164,0.7361387031209022,-0.15944155092592596,0.13390731503777598,-10.046110511371072,14.87561755575385,0.602906976744186,-0.13812460050339553,-1.4446075460011292,0.3787338700603066,1.8258069068465226,26,14,7,-0.5428581602638652,-2.346356931738393,1.8258069068465226,-2.0270935263876826,-0.294924515014884,0.5769727348674717
4,probe_strat_noinit,0.6173076923076923,0.4481216457960644,0.5410714285714285,0.5149501661129569,0.6536796536796536,0.37373737373737376,0.6882591093117408,0.47307692307692306,0.48717948717948717,0.5181467181467182,0.5505791505791506,-0.032432432432432434,0.12823537438039767,0.06190809681637387,0.42882211538461534,0.7952644230769229,0.26115831842576026,0.6476296958855098,0.32674107142857145,0.7590178571428571,0.29896179401993356,0.7325581395348837,0.371969696969697,0.8571428571428571,0.1412878787878788,0.656691919191919,0.39665991902834014,0.9149797570850202,0.18836538461538463,0.7232692307692306,0.10714285714285714,0.9449786324786325,0.3412925696594427,0.6889484126984127,0.33022486772486775,0.7135734029484029,-0.13891784683975877,0.12761919070512814,-11.86725989486421,11.860348742473986,0.5872093023255814,-0.21122874454533172,-1.7439994744300134,-1.4797280826889152,1.9436356091280977,26,14,7,-1.5246226267448422,-1.9633763221151845,1.9436356091280977,-1.43118198588699,1.9104266432574122,0.4331248575985418
4,probe_matched,0.30673076923076925,0.6440071556350626,0.2642857142857143,0.6794019933554817,0.2987012987012987,0.5151515151515151,0.32793522267206476,0.6961538461538461,0.5256410256410257,0.525096525096525,0.477992277992278,0.04710424710424704,3.1683953460631495,0.029837302505015283,0.16341346153846154,0.5673076923076923,0.41140429338103757,0.8310152057245079,0.11964285714285715,0.5679910714285713,0.3903239202657807,0.8672757475083055,0.12121212121212122,0.658008658008658,0.2676767676767677,0.858712121212121,0.08906882591093117,0.659919028340081,0.40375,0.8847115384615384,0.07407407407407407,0.9629629629629629,0.3258513931888545,0.7174324324324324,0.3015137849903475,0.6997125614114778,-0.12462513671251768,0.18019963884999843,-13.194306263385743,15.443669067631621,0.4377906976744186,-4.150876497823867,-0.3977246819402487,-1.2636634006861034,-9.445216413737896,26,14,4,2.5660066936366315,-3.361456057517129,-9.445216413737896,3.8964187528380316,2.336368595463283,0.4097777777777777
4,dom_regular,0.49423076923076925,0.684257602862254,0.5875,0.584717607973422,0.36363636363636365,0.6818181818181818,0.5748987854251012,0.6423076923076924,0.28205128205128205,0.6509652509652509,0.6262548262548262,0.024710424710424728,-9.504776344054482,-0.30180427561357176,0.33365384615384613,0.7106971153846153,0.4963998211091234,0.8086091234347048,0.38924107142857145,0.7430803571428569,0.4052325581395349,0.7709302325581394,0.18181818181818182,0.7965367965367965,0.39886363636363636,0.8888888888888888,0.3522267206477733,0.8139676113360322,0.3883653846153846,0.8461538461538461,0.0,0.6666666666666666,0.49689455156173423,0.8321023823302468,0.4581905624475284,0.8449354840506104,-0.11366654829545456,0.14201955451955456,-24.315903225962735,20.93874501937824,0.6261627906976744,9.05412002574376,-0.21508134804452872,14.355295657768595,13.048413751488464,26,14,11,1.9711626344964681,-2.4013253305855256,13.048413751488464,-13.550510309049212,-4.881080384060511,
4,dom_regular_verberase,0.6903846153846154,0.49463327370304117,0.7303571428571428,0.4069767441860465,0.6233766233766234,0.5707070707070707,0.805668016194332,0.38076923076923075,0.0641025641025641,0.6471042471042471,0.5027027027027027,0.1444015444015444,-0.6413481868024529,0.0036210513596698596,0.4115384615384615,0.8664182692307691,0.30766994633273703,0.6297406082289803,0.46785714285714286,0.876875,0.2591362126245847,0.6561461794019934,0.25097402597402596,0.935064935064935,0.23724747474747476,0.7628787878787877,0.4209514170040486,0.9515182186234816,0.17692307692307693,0.6615384615384615,0.0,0.6334999999999998,0.3911762580843375,0.761735576686664,0.1737419699334593,0.8524336576735957,-0.2533204633204633,0.31271284829721363,-11.859613661867975,8.50212499422226,0.6802325581395349,-0.14175568372017683,-3.13922510102614,0.3284579454588919,-2.2831827358031145,26,14,11,-2.818798620608477,-3.4596515814438025,-2.2831827358031145,-1.2298783339173884,0.03125769561461637,
4,dom_regular_rank2,0.6528846153846154,0.4409660107334526,0.7196428571428571,0.33554817275747506,0.5844155844155844,0.5303030303030303,0.7813765182186235,0.31153846153846154,0.08974358974358974,0.6084942084942085,0.4702702702702703,0.13822393822393825,-0.8826093809056335,-0.03692124971934991,0.39411057692307694,0.8596394230769231,0.2826475849731664,0.6153846153846154,0.44995535714285717,0.8786160714285713,0.22749169435215946,0.6196013289036545,0.2597402597402597,0.9264069264069265,0.23724747474747476,0.7323232323232324,0.39251012145748987,0.9433198380566802,0.17307692307692307,0.6307692307692307,0.0,0.6485185185185184,0.39318037496716574,0.7299497202864075,0.16235677083333333,0.8328384176210263,-0.2594930347013681,0.32900553749237954,-6.456956267668815,10.109662357379175,0.6191860465116279,-0.7930127606401614,-5.34816956509732,0.41422208754755596,-3.7495512114101497,26,14,11,-4.753441602317796,-5.942897527876845,-3.7495512114101497,-1.75316269908823,0.11230869701733412,
5,adom_matched,0.7086538461538462,0.3694096601073345,0.6589285714285714,0.43023255813953487,0.7965367965367965,0.35858585858585856,0.6477732793522267,0.3346153846153846,0.24358974358974358,0.3969111969111969,0.372972972972973,0.023938223938223924,1.1536341624941362,-0.11252724190147328,0.35189903846153847,0.7702163461538462,0.25313059033989266,0.6833855098389983,0.3517857142857143,0.7412946428571426,0.27400332225913626,0.6828488372093022,0.21212121212121213,0.8962121212121211,0.18661616161616165,0.7728535353535352,0.2752024291497976,0.8179149797570848,0.19980769230769233,0.7116346153846154,0.0,0.9285714285714286,0.26903582485625827,0.7057086658329641,0.2737947810703229,0.620798645259638,-0.15560185185185185,0.2183832371332371,-22.52278260496578,23.150667545052027,0.588953488372093,-2.0454490446109768,-4.783471171522516,-0.436286621727285,-2.676385202648401,26,14,4,-5.226917749976171,-4.340024593068861,-2.676385202648401,0.7923806690599331,1.5664952978475113,0.33644444444444443
5,dom_matched,0.37596153846153846,0.610912343470483,0.4089285714285714,0.5880398671096345,0.35064935064935066,0.5303030303030303,0.4008097165991903,0.5961538461538461,0.48717948717948717,0.5806949806949807,0.5498069498069498,0.030888030888030937,3.3591467058834223,-0.35673556300030507,0.22403846153846155,0.6673317307692307,0.33079159212880144,0.7531305903398927,0.21785714285714286,0.6464732142857142,0.3504983388704319,0.7492109634551495,0.14707792207792209,0.8225108225108225,0.2220959595959596,0.7929292929292929,0.145748987854251,0.6883603238866395,0.3038461538461538,0.8,0.07407407407407407,0.9871794871794872,0.30545751387548264,0.7207306145642102,0.33904384465971676,0.687311339009288,-0.17231481481481475,0.20511440310523146,-29.90684481471506,27.397336574744923,0.4848837209302326,-2.106801662832253,-0.7912349328981456,-5.994798923992807,-10.584612727217174,26,14,4,-0.42820101610752037,-1.1542688496887707,-10.584612727217174,4.877031440820425,1.6244212945268472,0.522
5,probe_strat,0.6432692307692308,0.47942754919499103,0.6178571428571429,0.4900332225913621,0.5974025974025974,0.48484848484848486,0.8299595141700404,0.41923076923076924,0.3717948717948718,0.4918918918918919,0.4996138996138996,-0.007722007722007707,-1.1487246084279852,0.04711825818965411,0.4374759615384615,0.8278846153846153,0.25391323792486586,0.6503354203935598,0.36428571428571427,0.8286160714285714,0.2541528239202658,0.707641196013289,0.33766233766233766,0.8702380952380951,0.1919191919191919,0.7373737373737373,0.39251012145748987,0.9515182186234816,0.1346153846153846,0.6770192307692308,0.0,1.0,0.30015046296296294,0.6502589534839276,0.30306640625,0.7028710392539081,-0.19506996999579562,0.13365055352284458,-11.147869347074488,8.611982684908488,0.6238372093023256,-0.561631961286404,-3.473790968756553,0.7702470901453277,2.7122373067879053,26,14,7,-3.9930780680410947,-2.954503869472011,2.7122373067879053,-1.662367221781718,-0.561704478880862,0.46357884610516187
5,probe_strat_noinit,0.6740384615384616,0.4928443649373882,0.6410714285714286,0.5332225913621262,0.7056277056277056,0.43434343434343436,0.728744939271255,0.47692307692307695,0.3717948717948718,0.45791505791505793,0.4972972972972973,-0.03938223938223939,0.06942203879623392,0.05145195022800418,0.4672596153846154,0.8346634615384615,0.27276386404293385,0.6431350626118069,0.3999553571428572,0.8160714285714286,0.2923172757475083,0.7126245847176079,0.4283549783549783,0.9004329004329005,0.1919191919191919,0.7021464646464645,0.4048582995951417,0.9392712550607287,0.15384615384615385,0.7269230769230769,0.03571428571428571,1.0,0.30919347033332084,0.6434503334503333,0.3111956261878862,0.6594757267101878,-0.17648993808049535,0.1266624254124254,-5.615485193558156,5.178477895344552,0.6674418604651163,-0.22122797149701384,-2.269130568533993,-0.12062985742543737,1.659211159890015,26,14,7,-2.4563799794537307,-2.0818811576142546,1.659211159890015,-0.7219274000553866,0.9738213974838003,0.40739558492190076
5,probe_matched,0.42115384615384616,0.6028622540250447,0.4392857142857143,0.5913621262458472,0.4199134199134199,0.6212121212121212,0.3967611336032389,0.5884615384615385,0.38461538461538464,0.4355212355212355,0.5142857142857142,-0.07876447876447873,-3.406115930561851,-0.004856897499845066,0.21151442307692309,0.6663701923076922,0.3666815742397138,0.8014534883720931,0.2,0.6929464285714285,0.34219269102990035,0.8223006644518273,0.1471861471861472,0.7619047619047619,0.27765151515151515,0.8585858585858586,0.11740890688259109,0.7086032388663966,0.3114423076923077,0.8347115384615384,0.0,0.9285714285714286,0.29448457106660236,0.6595604820875718,0.3502546296296296,0.6936580682627103,-0.22088374088374085,0.139077449845679,-19.26382176163276,18.604083272818706,0.513953488372093,5.044835754782096,-7.029864453156701,-1.593142668953295,12.564178438646596,26,14,4,-13.348106790163696,-0.7116221161497066,12.564178438646596,-4.6405020500668535,-1.9953889368418474,0.4011111111111111
5,dom_regular,0.5480769230769231,0.5590339892665475,0.5625,0.5348837209302325,0.5021645021645021,0.6111111111111112,0.6477732793522267,0.45,0.20512820512820512,0.6733590733590734,0.5899613899613899,0.0833976833976835,-5.956550758598683,-0.3575106318766004,0.37971153846153843,0.7500240384615384,0.39264311270125224,0.7048971377459748,0.3535714285714286,0.7607589285714285,0.3587209302325582,0.7242940199335548,0.23376623376623376,0.8357142857142855,0.31805555555555554,0.797979797979798,0.38866396761133604,0.8704453441295547,0.23451923076923079,0.6924038461538461,0.0,0.6428571428571429,0.5163684061639154,0.8016248391248391,0.4342360764235764,0.7443725448933782,-0.05455756363535038,0.2176215277777777,-25.92264900034038,26.192670606808086,0.5953488372093023,1.375643189776882,-6.991515208082095,8.697888591446354,1.7328925362443917,26,14,11,-4.170751754816699,-9.812278661347491,1.7328925362443917,-8.827248668965929,-2.675753146750403,
5,dom_regular_verberase,0.7451923076923077,0.4785330948121646,0.7125,0.5166112956810631,0.7445887445887446,0.5050505050505051,0.805668016194332,0.39615384615384613,0.0641025641025641,0.7057915057915058,0.505019305019305,0.20077220077220082,-0.22931224151655386,-0.1295033667241604,0.4778846153846154,0.8961538461538462,0.32021466905187834,0.6315071556350627,0.4338839285714286,0.8642857142857143,0.28733388704318935,0.6894933554817275,0.37662337662337664,0.9567099567099567,0.2474747474747475,0.7678030303030301,0.46558704453441296,0.9352226720647774,0.16538461538461538,0.6654807692307692,0.0,0.44166666666666665,0.4691973791973792,0.7969726813471896,0.28114599458204337,0.7312750771604938,-0.12594656094656095,0.3132870565878378,-7.235900213771705,6.392135719256995,0.7273255813953489,-0.3919796594279571,-2.614412158239765,0.6350528770914435,-2.4568939573827357,26,14,11,-1.8619014164888548,-3.366922899990675,-2.4568939573827357,-0.6552776949226367,0.2575054195189694,
5,dom_regular_rank2,0.7201923076923077,0.3756708407871199,0.7071428571428572,0.3787375415282392,0.7012987012987013,0.4595959595959596,0.7692307692307693,0.26153846153846155,0.11538461538461539,0.6525096525096525,0.48185328185328186,0.17065637065637068,-0.48806614812840604,-0.1914125919859084,0.4749278846153846,0.8702403846153846,0.2629695885509839,0.5706842576028622,0.4320982142857143,0.8660714285714286,0.22259136212624583,0.647923588039867,0.3548701298701299,0.9481601731601731,0.19696969696969696,0.7071969696969695,0.44929149797570855,0.9433198380566802,0.11538461538461539,0.5963461538461536,0.0,0.5597777777777775,0.4282170336220056,0.7613269193672839,0.2571190844758956,0.7264813311688312,-0.1521681195704633,0.3072844000040208,-10.380035449442687,14.669188336053264,0.6180232558139535,-1.449950424529946,-4.720954180631958,0.7947433381046037,-4.10164367398501,26,14,11,-3.613965243553054,-5.827943117710863,-4.10164367398501,-1.1745530386985716,0.29649029823749756,
6,adom_matched,0.7288461538461538,0.33989266547406083,0.6964285714285714,0.3787375415282392,0.8398268398268398,0.29797979797979796,0.6275303643724697,0.33076923076923076,0.2564102564102564,0.45019305019305017,0.5027027027027027,-0.052509652509652505,0.8004461996144319,-0.1673963090517648,0.3451682692307692,0.7846634615384614,0.23957960644007156,0.6682245080500894,0.34991071428571424,0.7911160714285713,0.22425249169435216,0.6744601328903654,0.21212121212121213,0.9004329004329005,0.12121212121212122,0.7880050505050503,0.25900809716599194,0.858400809716599,0.1922115384615385,0.7115384615384616,0.0,0.9763749999999999,0.3111749249249249,0.6972156960592902,0.3566393097643098,0.6617934226234776,-0.18373114900781304,0.19446750321750322,-23.03450426785213,20.980064140876287,0.5738372093023256,-2.3627041110656846,-5.9237816908844225,-1.9264398752296354,-2.964026459225325,26,14,4,-7.424598546118653,-4.422964835650192,-2.964026459225325,0.4675721338025016,1.1808737033994952,0.32844444444444443
6,dom_matched,0.3346153846153846,0.6422182468694096,0.3535714285714286,0.6212624584717608,0.3116883116883117,0.6111111111111112,0.32793522267206476,0.6153846153846154,0.5769230769230769,0.583011583011583,0.5814671814671815,0.001544401544401497,2.8133404036268943,-0.40879361290167987,0.20764423076923078,0.6125,0.3631261180679785,0.7692754919499105,0.18571428571428572,0.6358928571428569,0.36710963455149503,0.7807724252491695,0.10822510822510822,0.8138528138528138,0.23232323232323232,0.8435606060606059,0.1214574898785425,0.6883603238866395,0.34211538461538465,0.8192307692307692,0.07656695156695156,0.9655448717948718,0.3312512065637066,0.717953667953668,0.39659693555784886,0.7073008346967706,-0.21979400754861858,0.1487468061647927,-16.65223772245858,22.970055054267007,0.48953488372093024,-3.07735251528342,-2.460635665579386,-6.09840870653472,-12.649929284216768,26,14,4,-3.7700627618206415,-1.1512085693381306,-12.649929284216768,3.7115301802532574,1.7868378017681938,0.5386666666666666
6,probe_strat,0.6375,0.4677996422182469,0.6875,0.42524916943521596,0.6233766233766234,0.46464646464646464,0.6761133603238867,0.43846153846153846,0.46153846153846156,0.4648648648648649,0.5737451737451738,-0.10888030888030886,-1.5389211037976498,-0.001063876101298274,0.42209134615384614,0.8058413461538461,0.26111359570661896,0.6538908765652951,0.4088392857142857,0.8571874999999999,0.21088039867109634,0.6595930232558139,0.3463203463203463,0.8744588744588745,0.1816919191919192,0.7323232323232324,0.31983805668016196,0.9271255060728745,0.15759615384615386,0.7346153846153847,0.0,1.0,0.28468520521898766,0.6315880847953216,0.34530903112934364,0.7482343143131892,-0.28308344432617827,0.06349663884681248,-10.830880141632164,10.421952557251085,0.5982558139534884,0.0046295758008007,-2.678203618658499,-0.7236039084036094,3.241670405806823,26,14,7,-3.829498333438944,-1.526908903878054,3.241670405806823,-2.09144078710005,-0.9074700371663357,0.6565237335763652
6,probe_strat_noinit,0.675,0.46422182468694095,0.6767857142857143,0.45016611295681064,0.7792207792207793,0.3838383838383838,0.5303643724696356,0.4807692307692308,0.32051282051282054,0.47876447876447875,0.6285714285714286,-0.1498069498069498,-0.24187422319199783,0.0030356767217869724,0.4778846153846154,0.8336778846153846,0.26565295169946335,0.652974060822898,0.4390625,0.8643303571428571,0.23588039867109634,0.6661544850498339,0.4588744588744589,0.9307359307359307,0.16666666666666666,0.6717171717171717,0.3117408906882591,0.8744939271255061,0.20375000000000001,0.719326923076923,0.0,0.9741071428571421,0.30962292962292964,0.6463053151559344,0.4079058441558442,0.7735031069015443,-0.2820511758207071,0.03778371001497215,-8.902528810135083,5.300672105657276,0.6447674418604651,-0.02618553179999176,-2.750271932221333,-1.4623857698853753,1.259615539727673,26,14,7,-3.183693782951541,-2.3168500814911255,1.259615539727673,-0.8703631746260152,0.47639886416116495,0.5950412394622921
6,probe_matched,0.41923076923076924,0.592128801431127,0.5017857142857143,0.5332225913621262,0.329004329004329,0.6464646464646465,0.4777327935222672,0.5653846153846154,0.32051282051282054,0.43397683397683395,0.6501930501930502,-0.21621621621621623,-2.6998075551625376,-0.056897314404891375,0.2057451923076923,0.6788942307692307,0.36044275491949906,0.7817754919499106,0.24464285714285713,0.7571428571428571,0.2806893687707641,0.7541943521594685,0.12110389610389612,0.7489177489177489,0.2924242424242425,0.8737373737373737,0.12540485829959513,0.7614372469635624,0.2768269230769231,0.8192307692307692,0.0,0.8888888888888888,0.28426003344481604,0.6703242348251028,0.42142020089285714,0.7783791461916463,-0.31579369434010046,0.039485484485484404,-16.351592802034872,11.658882886322516,0.5313953488372093,4.084155028294878,-5.994850503638679,-4.420019534178476,5.59868026186389,26,14,4,-8.216400265036857,-3.773300742240502,5.59868026186389,-3.3791424784044235,-1.9234247857432398,0.45111111111111113
6,dom_regular,0.5711538461538461,0.5536672629695886,0.5607142857142857,0.5431893687707641,0.5367965367965368,0.6212121212121212,0.6558704453441295,0.4307692307692308,0.1794871794871795,0.6671814671814672,0.5335907335907336,0.1335907335907336,-2.537123727373137,-0.3248097024967161,0.40189903846153846,0.7770673076923076,0.3684257602862254,0.7030635062611807,0.36428571428571427,0.7678571428571429,0.3571013289036545,0.7193106312292359,0.2813852813852814,0.8139610389610389,0.3534090909090909,0.8082070707070705,0.4209514170040486,0.8663967611336032,0.2153846153846154,0.6653846153846154,0.0,0.5555555555555556,0.5077333003680581,0.7815057915057915,0.38122878086419754,0.682124431598297,-0.003890407314241419,0.24930809734989298,-19.176496400963163,16.845998937490343,0.6058139534883721,-0.029670152486407253,-5.091187422573968,4.6125132854945825,-0.7911393333603368,26,14,11,-2.2522157423845064,-7.930159102763431,-0.7911393333603368,-3.7023313383581136,-1.2054578862474483,
6,dom_regular_verberase,0.7778846153846154,0.4677996422182469,0.75,0.49169435215946844,0.7272727272727273,0.5151515151515151,0.8947368421052632,0.4076923076923077,0.0641025641025641,0.6918918918918919,0.49266409266409267,0.19922779922779926,-0.22956317776279866,-0.07318867165172455,0.5259375000000001,0.9067788461538461,0.32108676207513415,0.6422406082289803,0.4820982142857143,0.898392857142857,0.30224252491694353,0.694518272425249,0.3852813852813853,0.974025974025974,0.2523989898989899,0.7828282828282829,0.5383603238866397,0.9676113360323887,0.19615384615384615,0.64625,0.0,0.4206153846153844,0.49561854353357104,0.8080495356037152,0.2954917864292864,0.6889116499442586,-0.03907277960526316,0.3218976230694981,-4.925977433119492,1.3981062731549774,0.7604651162790698,-0.34893108483022983,-2.3522335523876454,0.6719886996030483,-1.903947219941311,26,14,11,-1.9673669887608727,-2.737100116014418,-1.903947219941311,-0.538952400659685,0.12402450554792847,
6,dom_regular_rank2,0.7471153846153846,0.36046511627906974,0.725,0.3787375415282392,0.7142857142857143,0.4797979797979798,0.8259109311740891,0.23846153846153847,0.10256410256410256,0.6471042471042471,0.47104247104247104,0.17606177606177603,-0.41689116612690097,-0.13850995494857904,0.46913461538461537,0.8865384615384615,0.23343023255813955,0.58141771019678,0.4479910714285715,0.8910714285714286,0.22753322259136213,0.6411960132890365,0.36363636363636365,0.9653679653679653,0.18686868686868688,0.7272727272727273,0.4898785425101215,0.951417004048583,0.11923076923076924,0.55,0.0,0.5561111111111109,0.44438933097910216,0.7887505379107546,0.2525173969312443,0.692933916058916,-0.09742496280808972,0.31671682098765425,-12.536640074656187,10.641145122268012,0.6534883720930232,-1.3032098332721316,-3.931093325663383,0.9450536829295627,-3.252408419743673,26,14,11,-2.9781286550129162,-4.88405799631385,-3.252408419743673,-0.810613189187576,0.03307686022815596,
7,adom_matched,0.6884615384615385,0.3828264758497317,0.7017857142857142,0.3803986710963455,0.7445887445887446,0.3787878787878788,0.6275303643724697,0.29615384615384616,0.20512820512820512,0.6007722007722007,0.5691119691119692,0.031660231660231575,1.0391117118383966,-0.19819351646300895,0.2980528846153846,0.8404086538461538,0.2182468694096601,0.6924642218246868,0.3034821428571428,0.8876339285714284,0.1677325581395349,0.6794435215946844,0.23809523809523808,0.9134199134199135,0.16161616161616163,0.7575757575757576,0.17408906882591094,0.9149797570850202,0.09615384615384616,0.6963461538461536,0.0,0.9481481481481486,0.37733475942460315,0.7183497276711007,0.35519482051040147,0.725930212056373,-0.1505098995271867,0.15797703963195872,-11.108375208676078,9.371770640140598,0.547093023255814,-2.9045373290170295,-11.209285253067105,-1.3901829783661892,-2.2462952514371883,26,14,4,-11.89445969225347,-10.52411081388074,-2.2462952514371883,-0.10908892226436101,2.3513410079558343,0.41466666666666663
7,dom_matched,0.29423076923076924,0.6475849731663685,0.3107142857142857,0.6445182724252492,0.2943722943722944,0.6515151515151515,0.27125506072874495,0.6,0.6410256410256411,0.616988416988417,0.6509652509652509,-0.03397683397683393,-1.4028759967411137,-0.3264827172820674,0.14903846153846154,0.6913701923076923,0.3585644007155635,0.8014758497316636,0.14107142857142857,0.7393303571428571,0.296968438538206,0.8006644518272426,0.08658008658008658,0.7576839826839826,0.28775252525252526,0.8535353535353535,0.08087044534412956,0.761234817813765,0.24605769230769234,0.8192307692307692,0.038069800569800576,1.0,0.3969078182619849,0.7428138528138528,0.42538690476190477,0.7591523019335765,-0.15919869227918762,0.11351730263744089,-9.930404979022804,10.592674337848303,0.48953488372093024,-5.8838206778788065,-7.349626251260247,-7.483722282711703,-18.979604015104336,26,14,4,-10.049779684378375,-4.64947281814212,-18.979604015104336,-0.7585778246679575,-2.1392167648247207,0.5855555555555555
7,probe_strat,0.5221153846153846,0.49731663685152055,0.6142857142857143,0.40365448504983387,0.5021645021645021,0.4898989898989899,0.5668016194331984,0.45,0.41025641025641024,0.5027027027027027,0.5158301158301158,-0.013127413127413168,-5.046767490633519,-0.0034157524569309395,0.3758173076923077,0.7779086538461538,0.2602191413237925,0.64324686940966,0.3875,0.8446874999999999,0.17940199335548174,0.6297342192691028,0.29004329004329005,0.8399350649350649,0.15151515151515152,0.6920454545454544,0.2793522267206478,0.8866396761133604,0.1268269230769231,0.7115384615384616,0.0,1.0,0.34286353045918355,0.7012920094121544,0.32730468749999997,0.7625154320987654,-0.19613899613899616,0.11816180019305021,-22.63464157254419,25.195860004038675,0.5052325581395349,0.6113360749621963,-24.959809211520568,-4.942437890799474,28.348016402933197,26,14,7,-34.1193836541999,-15.800234768841234,28.348016402933197,-7.76243200991602,-1.9431508971678066,0.6509042555884661
7,probe_strat_noinit,0.6413461538461539,0.44543828264758495,0.6625,0.40863787375415284,0.6883116883116883,0.41919191919191917,0.6234817813765182,0.4230769230769231,0.358974358974359,0.5459459459459459,0.5583011583011583,-0.01235521235521242,-0.31185766926639413,0.01724931344213673,0.451875,0.8115625,0.24505813953488373,0.6324016100178891,0.43379464285714286,0.8446874999999999,0.20095514950166116,0.6379983388704318,0.4067099567099567,0.8962121212121211,0.16148989898989902,0.702020202020202,0.31153846153846154,0.8825910931174089,0.13846153846153847,0.6615384615384615,0.0,1.0,0.3727324234116837,0.706724980815538,0.3729720160758713,0.7646489197530864,-0.16475602050982965,0.11888896707008159,-11.529082167466727,9.180240811703348,0.5965116279069768,-0.4303312796299565,-9.062226208736481,-2.663011670871048,5.596764806848471,26,14,7,-10.632018022367648,-7.492434395105316,5.596764806848471,-1.299046226843546,0.816357825107494,0.5795722386775017
7,probe_matched,0.4548076923076923,0.556350626118068,0.5285714285714286,0.48006644518272423,0.4458874458874459,0.5757575757575758,0.4291497975708502,0.5153846153846153,0.358974358974359,0.5281853281853282,0.6108108108108108,-0.08262548262548264,-5.554018980978766,-0.07954511286573787,0.22971153846153847,0.6855769230769231,0.3291592128801431,0.7343694096601073,0.23392857142857143,0.7643749999999999,0.24750830564784054,0.7358803986710963,0.1471861471861472,0.70995670995671,0.30303030303030304,0.8637626262626261,0.14159919028340082,0.7813765182186235,0.21528846153846157,0.75,0.0,0.9075925925925925,0.3636995477620477,0.6911231743829979,0.39760498555606816,0.7445984446410143,-0.18650767721474285,0.07413346102799233,-18.74375526007939,17.928646398262426,0.5180232558139535,18.347787334466577,-61.66065705367555,-40.88695979306819,47.55448375134641,26,14,4,-65.26381286811137,-58.057501239239734,47.55448375134641,-12.879511713416932,2.8179727132362786,0.5244444444444445
7,dom_regular,0.8,0.49105545617173524,0.75,0.526578073089701,0.8528138528138528,0.5050505050505051,0.7894736842105263,0.4461538461538462,0.0641025641025641,0.7822393822393823,0.6586872586872586,0.12355212355212364,0.11500606699642656,-0.15435496486545383,0.5278846153846154,0.896201923076923,0.30143112701252234,0.6878577817531306,0.42857142857142855,0.9125446428571428,0.2590531561461794,0.7675664451827242,0.45021645021645024,0.974025974025974,0.23232323232323232,0.7777777777777778,0.40475708502024293,0.9595141700404858,0.2076923076923077,0.6962499999999999,0.0,0.44256944444444424,0.5808829057938966,0.8901261591638187,0.4646076146076146,0.8429802904946893,-0.02323455698068695,0.2331371753246753,-0.26666949211974955,0.5616440708657434,0.7703488372093024,-0.21046809728429988,-2.0969939017521395,0.319839401899789,-1.8367447254029172,26,14,11,-1.4204977100267768,-2.7734900934775024,-1.8367447254029172,-0.05030348359015903,0.30393126766681,
7,dom_regular_verberase,0.8605769230769231,0.4186046511627907,0.8321428571428572,0.4269102990033223,0.8614718614718615,0.4696969696969697,0.8987854251012146,0.38461538461538464,0.11538461538461539,0.728957528957529,0.5042471042471043,0.22471042471042468,0.2443775338391233,0.03578854596432769,0.6393990384615384,0.9307932692307692,0.26831395348837206,0.6207513416815742,0.5641964285714286,0.9482142857142857,0.22919435215946846,0.6677740863787376,0.554004329004329,0.9913419913419913,0.25252525252525254,0.7323232323232324,0.5505060728744939,0.9838056680161943,0.17307692307692307,0.6192307692307693,0.0,0.38125000000000003,0.5679854096520763,0.8298728020950242,0.3659301509301509,0.643148871978062,0.09126304341882625,0.3263643516200557,-0.010836317810730706,0.629130662655583,0.8069767441860465,-0.3524804577816226,-2.083223348407271,0.13169360439681743,-1.7235803584010503,26,14,11,-1.8635648267690414,-2.3028818700455003,-1.7235803584010503,0.11318607354349723,0.3943106313198389,
7,dom_regular_rank2,0.8509615384615384,0.3434704830053667,0.8142857142857143,0.3554817275747508,0.8831168831168831,0.41919191919191917,0.8744939271255061,0.25769230769230766,0.07692307692307693,0.7003861003861004,0.518918918918919,0.18146718146718144,0.32896535103633506,-0.00831754171792713,0.6384615384615384,0.9317548076923077,0.2164355992844365,0.5268559928443649,0.5553571428571429,0.95,0.17940199335548174,0.5997093023255814,0.5800865800865801,0.9913419913419913,0.20202020202020202,0.6868686868686869,0.5384615384615384,0.9758097165991901,0.11153846153846154,0.5038461538461538,0.0,0.42638888888888876,0.5318547699350217,0.801876096876097,0.37092727873977877,0.6695184302606177,0.038145748436250515,0.2734650315900315,-0.03706858648200755,1.0837535859236285,0.7354651162790697,-0.8687750617691975,-2.943310813406527,-0.2501259950414469,-2.4900062564780905,26,14,11,-2.672037097359246,-3.214584529453808,-2.4900062564780905,0.17960284357613115,0.49966535956228236,
8,adom_matched,0.6923076923076923,0.3622540250447227,0.6964285714285714,0.3687707641196013,0.6536796536796536,0.42424242424242425,0.6680161943319838,0.25769230769230766,0.24358974358974358,0.6084942084942085,0.5583011583011583,0.050193050193050204,4.151821152680875,-0.1824698901378337,0.32877403846153846,0.8211538461538461,0.21457960644007154,0.6556574239713775,0.3160267857142857,0.8839285714285714,0.16769102990033222,0.652906976744186,0.22932900432900433,0.8875541125541125,0.18181818181818182,0.8233585858585857,0.19838056680161945,0.9271255060728745,0.06923076923076923,0.6423076923076924,0.0,0.9630291005291004,0.3861582950596583,0.7415203449800973,0.35311583381895884,0.7148683037808425,-0.11198233316644014,0.1856307705220749,-16.086630640615553,21.58543557830782,0.536046511627907,-5.367519231601117,-19.152557490880312,-4.331555518915754,-2.770606461524582,26,14,4,-19.36668486312304,-18.93843011863758,-2.770606461524582,1.548119219036301,7.12748050541753,0.43866666666666665
8,dom_matched,0.3230769230769231,0.6386404293381037,0.3142857142857143,0.6511627906976745,0.22943722943722944,0.7474747474747475,0.3441295546558704,0.55,0.7435897435897436,0.6324324324324324,0.6,0.032432432432432434,-20.49097748403073,-0.28606191088851474,0.18939903846153847,0.7078605769230768,0.31932021466905186,0.795237030411449,0.1517410714285714,0.7750446428571428,0.30228405315614615,0.8122923588039868,0.06926406926406926,0.7448051948051946,0.3079545454545454,0.9242424242424242,0.0931174089068826,0.8462550607287448,0.15,0.8076923076923077,0.07692307692307693,1.0,0.42202932098765433,0.7466977466977467,0.38759872968206305,0.7383162822420635,-0.11817292635404093,0.16240669240669237,-25.89375713651507,15.116016483245682,0.4982558139534884,-24.201427315638156,-38.222556418320174,-28.598147467960775,-91.77891679165538,26,14,4,-46.986046772579684,-29.459066064060668,-91.77891679165538,-17.29991054749746,-24.13791112578303,0.5984444444444444
8,probe_strat,0.5211538461538462,0.5304114490161002,0.6660714285714285,0.41029900332225916,0.47619047619047616,0.5252525252525253,0.582995951417004,0.47307692307692306,0.3974358974358974,0.4756756756756757,0.46563706563706564,0.010038610038610063,-0.2950482008568873,-0.05634062305844551,0.3576442307692308,0.8000480769230769,0.25304114490161,0.6628577817531305,0.385625,0.8911160714285714,0.16279069767441862,0.6345514950166113,0.2985930735930736,0.8659090909090909,0.18181818181818182,0.7575757575757576,0.2631578947368421,0.8988866396761133,0.1346153846153846,0.7231730769230769,0.023682336182336193,1.0,0.2838427545849421,0.6433043533043532,0.2378244315744316,0.679025454025454,-0.16839768339768338,0.15752895752895751,-9.403812118652093,14.419950247145097,0.5732558139534883,1.4044460326824137,-4.552080033495083,-2.0166344595805548,6.430824369059843,26,14,7,-6.755219752418681,-2.3489403145714856,6.430824369059843,-1.215257037431467,0.7566190409426322,0.6732283233335864
8,probe_strat_noinit,0.5971153846153846,0.4847942754919499,0.6571428571428571,0.4152823920265781,0.6493506493506493,0.45454545454545453,0.5263157894736842,0.45,0.358974358974359,0.4911196911196911,0.477992277992278,0.013127413127413112,0.8299929255018866,-0.04889244588175964,0.4163221153846154,0.8144471153846153,0.2567084078711986,0.6467128801431127,0.4195535714285714,0.8732589285714285,0.19759136212624584,0.623048172757475,0.38095238095238093,0.9177489177489178,0.17676767676767677,0.7071969696969695,0.2711538461538462,0.8744939271255061,0.1576923076923077,0.6808653846153846,0.0,0.9642857142857143,0.3320428108093625,0.654320987654321,0.3038108309202059,0.6819009669009669,-0.14363223863223865,0.13840060840060836,-8.728958526940216,9.506014998617097,0.586046511627907,0.7441308968414112,-6.330539271575416,-3.5563615331422214,5.154132364440354,26,14,7,-8.495353016357967,-4.1657255267928655,5.154132364440354,-0.35968324207907443,2.1896228313086996,0.6294656844130528
8,probe_matched,0.4528846153846154,0.5447227191413238,0.5089285714285714,0.49667774086378735,0.47186147186147187,0.6060606060606061,0.3603238866396761,0.47692307692307695,0.4230769230769231,0.538996138996139,0.5274131274131274,0.01158301158301156,-8.421691312671301,-0.12019398538740712,0.25574519230769227,0.7298317307692307,0.2969141323792487,0.7003801431127012,0.26785714285714285,0.7948214285714283,0.21428571428571427,0.6877906976744185,0.18181818181818182,0.7532467532467533,0.26262626262626265,0.8484848484848485,0.12945344129554656,0.7894736842105263,0.1423076923076923,0.719326923076923,0.05555555555555555,0.9589583333333334,0.37136590134229785,0.6873645510835913,0.3523346900495338,0.6915695415695415,-0.12230087575966056,0.12588607022200768,-25.673347186158196,34.400290865248685,0.4866279069767442,-3.8399396721075716,14.285103866660439,19.344331512187956,-16.967295864219803,26,14,4,17.40487656801312,11.165331165307759,-16.967295864219803,-4.09095956728425,-13.371099021685074,0.5491111111111111
8,dom_regular,0.7990384615384616,0.4588550983899821,0.8285714285714286,0.4152823920265781,0.7922077922077922,0.5404040404040404,0.8421052631578947,0.3346153846153846,0.038461538461538464,0.7953667953667953,0.6177606177606177,0.17760617760617758,0.3746292076360598,-0.05157008123882241,0.5009615384615385,0.8884615384615384,0.29964221824686943,0.6869633273703041,0.4392857142857143,0.9339732142857142,0.22425249169435216,0.7227574750830563,0.4325757575757576,0.9524891774891774,0.2676767676767677,0.8232323232323232,0.3804655870445344,0.9757085020242915,0.13826923076923078,0.6541346153846151,0.0,0.5357142857142857,0.5705968468468469,0.9051293704418704,0.4287732198142415,0.8307989813521727,-0.010050990425409917,0.26504772961816303,-0.16482931382378818,1.2106554086172372,0.7848837209302325,-0.22804625419256358,-2.072542834733631,0.22446321739621192,-1.5196585326981404,26,14,11,-1.8663178996079408,-2.278767769859321,-1.5196585326981404,0.1758504627193864,0.601804916112258,
8,dom_regular_verberase,0.8365384615384616,0.4776386404293381,0.8660714285714286,0.4169435215946844,0.7878787878787878,0.5959595959595959,0.8744939271255061,0.35,0.05128205128205128,0.8131274131274131,0.5583011583011583,0.25482625482625476,0.47530727304892045,0.08717908461820881,0.6114663461538462,0.9173317307692307,0.30945885509838994,0.6735688729874776,0.5874107142857143,0.9589285714285715,0.23089700996677742,0.6827242524916943,0.4458874458874459,0.9568181818181818,0.32323232323232326,0.8435606060606059,0.5706477732793522,0.9919028340080972,0.15384615384615385,0.6461538461538462,0.0,0.4470085470085466,0.6225086241883117,0.9016015625,0.4093321348831101,0.6963094318848911,0.09992132179386304,0.3414359085648148,0.12935035858861954,1.0049191409763576,0.8418604651162791,-0.14337956122022216,-1.8118498206197993,0.27331415930266545,-1.0386551984076524,26,14,11,-1.963392562147832,-1.6603070790917664,-1.0386551984076524,0.31660362427686073,0.6566828716455602,
8,dom_regular_rank2,0.8269230769230769,0.40429338103756707,0.8625,0.3554817275747508,0.8051948051948052,0.5404040404040404,0.8623481781376519,0.27307692307692305,0.07692307692307693,0.7752895752895753,0.5760617760617761,0.1992277992277992,0.6063984482081154,0.07118651473812262,0.5931971153846154,0.9048076923076923,0.2629472271914132,0.6019901610017889,0.5660714285714286,0.9482142857142857,0.20427740863787378,0.6164036544850497,0.4501082251082251,0.961038961038961,0.26262626262626265,0.8132575757575756,0.5141700404858299,0.9838056680161943,0.10759615384615386,0.5500961538461538,0.0,0.61,0.5790428591864469,0.879863315696649,0.42316602316602314,0.7171785944551902,0.060182745182745113,0.2849420849420849,0.048423479552805425,1.7928834464044108,0.7622093023255814,-0.3927556188631901,-2.15307123053322,-0.0570611938300426,-1.336550010032833,26,14,11,-2.523065933905774,-1.7830765271606657,-1.336550010032833,0.4165990345016153,0.823312063872687,
9,adom_matched,0.6826923076923077,0.34973166368515207,0.7017857142857142,0.3438538205980066,0.6406926406926406,0.45454545454545453,0.7004048582995951,0.22692307692307692,0.20512820512820512,0.57992277992278,0.5752895752895753,0.004633204633204713,3.593251234768571,-0.15763475566785315,0.38076923076923075,0.8048317307692308,0.2261851520572451,0.6135957066189625,0.31419642857142854,0.8696428571428572,0.17105481727574753,0.6545265780730897,0.24675324675324675,0.8528138528138528,0.2222222222222222,0.803030303030303,0.20242914979757085,0.9230769230769231,0.057692307692307696,0.6346153846153846,0.0,0.966552197802198,0.3536543798262548,0.7214791502753737,0.29103989622300447,0.763014763014763,-0.17827190170940177,0.17053788986354773,-14.523809821296714,12.16093852855226,0.522093023255814,-6.575239745907186,-28.297876406216755,-7.333518099460531,-7.023256151143147,26,14,4,-32.029776593828444,-24.565976218605066,-7.023256151143147,0.9381557973288377,6.627646020413981,0.4213333333333334
9,dom_matched,0.3836538461538462,0.5867620751341681,0.36964285714285716,0.5963455149501661,0.2943722943722944,0.7727272727272727,0.4089068825910931,0.47307692307692306,0.6794871794871795,0.5945945945945946,0.6054054054054054,-0.010810810810810811,-11.560159954432871,-0.26694309754549533,0.21245192307692307,0.7125240384615384,0.31305903398926654,0.7379472271914133,0.1660267857142857,0.775,0.264078073089701,0.7657807308970099,0.1037878787878788,0.7445887445887446,0.2727272727272727,0.8940656565656564,0.10910931174089071,0.838157894736842,0.1076923076923077,0.74625,0.037037037037037035,1.0,0.4027460650198652,0.7392240860990861,0.3688704050032175,0.7638306138306138,-0.17425381853949481,0.17747256184756185,-27.740831218228617,20.930749422316335,0.47732558139534886,-9.103936993643469,-11.32274476126663,-6.721737441220784,-46.79996669506947,26,14,4,-2.529880937126877,-20.115608585406385,-46.79996669506947,-10.482411460311027,-12.791872519143553,0.510888888888889
9,probe_strat,0.475,0.5849731663685152,0.65,0.4335548172757475,0.4199134199134199,0.6515151515151515,0.562753036437247,0.49230769230769234,0.358974358974359,0.37142857142857144,0.45019305019305017,-0.07876447876447873,-1.401807257030528,-0.051390353039979915,0.3259375,0.7510336538461537,0.30496422182468697,0.7040026833631484,0.34816964285714286,0.8536160714285713,0.20921926910299005,0.6777823920265781,0.22067099567099566,0.8528138528138528,0.22727272727272727,0.8181818181818182,0.25080971659919027,0.8623481781376519,0.18836538461538463,0.7269230769230769,0.0,1.0,0.2282059065402477,0.5781662781662781,0.2639156225812693,0.7136053631756756,-0.243827399380805,0.09172984672984671,-13.117911050703196,10.348441287856119,0.5813953488372093,1.8499446724694142,-7.204041842143035,-0.9503768556793295,6.070427934320997,26,14,7,-10.36080136162764,-4.04728232265843,6.070427934320997,-2.212967242906139,-0.4747672731726865,0.6508376749955698
9,probe_strat_noinit,0.5413461538461538,0.5241502683363148,0.6339285714285714,0.43023255813953487,0.5757575757575758,0.5404040404040404,0.5060728744939271,0.49230769230769234,0.3333333333333333,0.3776061776061776,0.43938223938223936,-0.061776061776061764,-0.21605605299175146,-0.04591601376006916,0.3797836538461538,0.7616346153846153,0.29870304114490165,0.6618962432915921,0.4034375,0.8393303571428571,0.19269102990033224,0.6429401993355481,0.2727272727272727,0.8659090909090909,0.22727272727272727,0.7777777777777778,0.2711538461538462,0.8421052631578947,0.20384615384615384,0.6885576923076923,0.0,0.9642857142857143,0.26164706370476004,0.5895439796251745,0.24532252232329632,0.6949889901061777,-0.21363329624613003,0.12357132357132353,-11.519124995778373,13.256428839011877,0.5691860465116279,1.3920790372354588,-9.89051496664494,-3.620315449918841,5.504679249405259,26,14,7,-13.355377043927309,-6.4256528893625715,5.504679249405259,-1.63533871172655,1.4059812712765898,0.6550998708893445
9,probe_matched,0.46442307692307694,0.518783542039356,0.5660714285714286,0.42524916943521596,0.4458874458874459,0.6313131313131313,0.39271255060728744,0.4307692307692308,0.3974358974358974,0.4772200772200772,0.5111969111969112,-0.03397683397683404,-2.4200095022966823,-0.1372425190283813,0.2730528846153846,0.7202163461538461,0.2664579606440072,0.686046511627907,0.2855357142857143,0.7875,0.20095514950166116,0.6661960132890364,0.19480519480519481,0.7532467532467533,0.3231060606060606,0.8585858585858586,0.15384615384615385,0.7855263157894735,0.11538461538461539,0.7077884615384615,0.03571428571428571,0.8928571428571429,0.30855003134834774,0.6593799449604402,0.32232830232830234,0.6926640926640927,-0.15676361908783779,0.12434121621621615,-20.143851361768007,17.64689549005423,0.48372093023255813,-4.2898381096920115,17.488802623904167,20.137839312934947,-9.98780386485552,26,14,4,29.06314618769123,5.9144590601171005,-9.98780386485552,0.4841827533060865,-5.739086365842704,0.5411111111111111
9,dom_regular,0.7317307692307692,0.48389982110912344,0.7785714285714286,0.446843853820598,0.7272727272727273,0.5606060606060606,0.7935222672064778,0.35384615384615387,0.02564102564102564,0.8138996138996138,0.728957528957529,0.08494208494208488,0.2878935488491648,-0.12578182875331137,0.48170673076923076,0.8548317307692307,0.3094812164579606,0.6628354203935598,0.41781250000000003,0.9214732142857142,0.23421926910299004,0.6894518272425249,0.3938311688311688,0.9135281385281385,0.3029040404040404,0.8080808080808081,0.3197368421052632,0.9636639676113359,0.15,0.6539423076923077,0.0,0.5740384615384616,0.5745132127744244,0.9047265624999999,0.4490777866880513,0.9024757990606025,-0.11998139725306912,0.21617949400154787,-0.5247695577927254,1.222195875373243,0.7220930232558139,-0.18175955563446314,-2.433467704915001,0.3288042826629806,-1.793513275370289,26,14,11,-2.133653161338483,-2.733282248491519,-1.793513275370289,0.07079359965958137,0.5360077764944031,
9,dom_regular_verberase,0.7980769230769231,0.4821109123434705,0.8535714285714285,0.4019933554817276,0.7012987012987013,0.6262626262626263,0.8987854251012146,0.3269230769230769,0.07692307692307693,0.7436293436293436,0.4833976833976834,0.2602316602316602,0.4066136181599434,0.06926780894159608,0.5384134615384615,0.8875,0.32555903398926656,0.6699463327370304,0.49464285714285716,0.9428571428571428,0.24248338870431896,0.702782392026578,0.38095238095238093,0.935064935064935,0.2878787878787879,0.8585858585858586,0.4326923076923077,0.9878542510121457,0.17298076923076924,0.6653846153846154,0.0,0.6007692307692306,0.5146533443408443,0.8412886164890976,0.3229678199404762,0.6560035513804559,0.06836945304437562,0.34836989206184243,-0.04705653380487358,1.0937012524701855,0.8063953488372093,-0.07216168772454488,-1.7185620341776968,0.1985659973258218,-0.9815836017741225,26,14,11,-1.9452935122917354,-1.4918305560636582,-0.9815836017741225,0.27329225038132215,0.5589808956212249,
9,dom_regular_rank2,0.801923076923077,0.41681574239713776,0.8607142857142858,0.33222591362126247,0.7748917748917749,0.5404040404040404,0.8623481781376519,0.2692307692307692,0.08974358974358974,0.6725868725868726,0.5281853281853282,0.1444015444015444,0.6088680348012656,0.05372231494157063,0.5509134615384615,0.8894471153846153,0.27278622540250447,0.6047406082289802,0.5196428571428572,0.9464285714285714,0.20261627906976745,0.6230066445182724,0.4198051948051948,0.935064935064935,0.25252525252525254,0.7828282828282829,0.4493927125506073,0.979757085020243,0.11538461538461539,0.5692307692307692,0.0,0.6851851851851852,0.4462870264237452,0.7882917110100619,0.3438001482219456,0.6970237282199456,-0.021079545454545514,0.2540541637416637,-0.15590642665141427,1.9955306024084032,0.7406976744186047,-0.3813118797474962,-2.5765309117921262,-0.10427049570473453,-1.450334296705582,26,14,11,-3.1540578040433944,-1.9990040195408583,-1.450334296705582,0.46964329091515356,0.7679820278139652,
10,adom_matched,0.6625,0.3747763864042934,0.6660714285714285,0.3770764119601329,0.683982683982684,0.4797979797979798,0.6437246963562753,0.2692307692307692,0.10256410256410256,0.5613899613899614,0.5436293436293437,0.01776061776061777,2.358392078578871,-0.18670628486341745,0.35096153846153844,0.7788701923076923,0.2538908765652952,0.6493962432915922,0.29991071428571425,0.85,0.1810215946843854,0.6678156146179403,0.23809523809523808,0.8571428571428571,0.20694444444444446,0.8080808080808081,0.16993927125506073,0.902834008097166,0.08076923076923077,0.676923076923077,0.0,0.9814814814814815,0.3430330357121108,0.7301860119047618,0.2189203705915474,0.7700120656370655,-0.17248568765810152,0.24859793233490102,-10.936458312721408,13.627670690914085,0.5127906976744186,-6.821612312767741,-30.604512541738636,-5.877947604087557,-14.254688318670794,26,14,4,-30.14075223871678,-31.068272844760497,-14.254688318670794,-0.7006821409986944,5.854476900953232,0.42444444444444446
10,dom_matched,0.4375,0.5500894454382826,0.42678571428571427,0.5631229235880398,0.3246753246753247,0.7929292929292929,0.47368421052631576,0.36923076923076925,0.6282051282051282,0.6208494208494209,0.633976833976834,-0.013127413127413168,13.49372664799601,-0.288847024540725,0.23266826923076925,0.7144230769230769,0.31478085867620753,0.7353085867620751,0.1982142857142857,0.8019196428571428,0.22749169435215946,0.7757475083056479,0.11688311688311688,0.7793290043290043,0.25252525252525254,0.8787878787878788,0.1214574898785425,0.8380566801619433,0.13846153846153847,0.7576923076923077,0.01368589743589744,1.0,0.36559882607146044,0.7539078000992063,0.32804003740250737,0.7922283723455599,-0.17267420907507747,0.18613537644787637,-27.764553069964744,20.767601994663945,0.47093023255813954,5.984074894632977,3.661731858654562,4.400307239756491,42.81172010339828,26,14,4,-2.904211054640569,10.227674771949694,42.81172010339828,13.370000133075422,13.635128379333826,0.49177777777777776
10,probe_strat,0.4673076923076923,0.5787119856887298,0.6321428571428571,0.41029900332225916,0.4329004329004329,0.5555555555555556,0.5222672064777328,0.5769230769230769,0.38461538461538464,0.30424710424710427,0.3853281853281853,-0.08108108108108103,-0.42677408372518816,-0.039770310101412056,0.34326923076923077,0.7259615384615384,0.32379248658318427,0.6807021466905188,0.3964285714285714,0.8357589285714285,0.19269102990033224,0.6329318936877076,0.2683982683982684,0.8053030303030303,0.2321969696969697,0.7474747474747475,0.24686234817813765,0.8218623481781376,0.2423076923076923,0.7655769230769228,0.03571428571428571,1.0,0.18435153831269352,0.5441247444923915,0.1890367922008547,0.6223458408391531,-0.21749057746668463,0.10601443464314339,-14.272608968527875,8.943324409174949,0.5593023255813954,2.897184097622675,-6.44219051255838,-2.714352185575432,10.634701343959758,26,14,7,-7.550654005553084,-5.333727019563677,10.634701343959758,-1.2766561521465298,0.5445197087563448,0.6807636009214957
10,probe_strat_noinit,0.5048076923076923,0.5411449016100179,0.6410714285714286,0.4053156146179402,0.5238095238095238,0.47474747474747475,0.43724696356275305,0.6076923076923076,0.3333333333333333,0.34594594594594597,0.4200772200772201,-0.07413127413127413,1.2868512161275139,-0.04572067906013646,0.3624519230769231,0.7443749999999999,0.30838550983899826,0.6780411449016099,0.41415178571428574,0.8571428571428571,0.1976328903654485,0.6229235880398671,0.27705627705627706,0.8181818181818182,0.22727272727272727,0.74760101010101,0.21862348178137653,0.7976720647773278,0.27307692307692305,0.7731730769230769,0.0,0.9636243386243386,0.21352864583333334,0.5579456241956242,0.21319999016522423,0.6341811454311453,-0.20386213501447878,0.09585171772671768,-11.635851482335326,13.179978941041696,0.5691860465116279,1.9191607302478775,-7.636484297525369,-3.565557686206496,6.488985146329146,26,14,7,-9.41740986184381,-5.855558733206927,6.488985146329146,-0.16244282904724539,2.9431872677558104,0.6821679197994988
10,probe_matched,0.4913461538461538,0.481216457960644,0.5821428571428572,0.39368770764119604,0.48917748917748916,0.5252525252525253,0.39271255060728744,0.4461538461538462,0.3076923076923077,0.44015444015444016,0.5150579150579151,-0.07490347490347493,-1.3681701818412828,-0.13667614145709803,0.29228365384615385,0.7173317307692307,0.281551878354204,0.6745304114490159,0.29464285714285715,0.7965624999999998,0.20257475083056478,0.6662375415282391,0.21212121212121213,0.7878787878787878,0.2474747474747475,0.803030303030303,0.14979757085020243,0.740991902834008,0.14211538461538462,0.7232692307692306,0.03571428571428571,0.8889880952380951,0.28045382355152365,0.6555753353973168,0.2694928708470375,0.6989254551480829,-0.16975308641975306,0.12502495563442773,-15.677805826524784,21.374664676587486,0.4831395348837209,-0.8132421683503773,7.449256981613463,7.351732700706582,-1.0296054052450216,26,14,4,8.400283023601427,6.498230939625499,-1.0296054052450216,-0.5851036178711754,-2.2631033978071198,0.5811111111111111
10,dom_regular,0.7317307692307692,0.4445438282647585,0.7625,0.4368770764119601,0.7056277056277056,0.5202020202020202,0.8137651821862348,0.31153846153846154,0.08974358974358974,0.7575289575289575,0.7065637065637066,0.05096525096525095,0.6570100174788585,-0.19566810200656037,0.5143509615384615,0.8557932692307691,0.2781305903398927,0.6145348837209301,0.4356696428571429,0.9304017857142857,0.2059800664451827,0.6694767441860465,0.3852813852813853,0.9090909090909091,0.27260101010101007,0.7930555555555554,0.42894736842105263,0.951417004048583,0.12692307692307692,0.59625,0.0,0.6663333333333329,0.5361249561249561,0.8756808829031052,0.4798483689350562,0.8649214979488417,-0.10453816264574776,0.1542095714081356,-0.18201965369074502,2.639271886595688,0.6843023255813954,-0.4606053350858851,-2.557260161049368,0.3709143145139165,-1.62765719696736,26,14,11,-2.1960060419108856,-2.9185142801878503,-1.62765719696736,0.3933236730106694,0.9583658397282174,
10,dom_regular_verberase,0.8153846153846154,0.43202146690518783,0.8410714285714286,0.3637873754152824,0.7445887445887446,0.5606060606060606,0.9109311740890689,0.28076923076923077,0.10256410256410256,0.749034749034749,0.583011583011583,0.16602316602316602,0.6281743048425518,-0.007616148545801962,0.5778605769230769,0.8933413461538461,0.29872540250447227,0.6271019677996422,0.5264732142857144,0.9446428571428571,0.2292358803986711,0.6412375415282392,0.39816017316017316,0.9264069264069265,0.29292929292929293,0.8282828282828283,0.5099190283400811,0.9878542510121457,0.13846153846153847,0.6308653846153846,0.0,0.6153846153846154,0.5309161796111048,0.8628847660310672,0.38605725144787645,0.7484475246975246,0.025530191095350704,0.25641539695268645,0.15680314467466855,1.5985490613135909,0.8005813953488372,-0.24486686273386393,-1.8447086071603258,0.19949274291111174,-0.9290615246963215,26,14,11,-1.8125333605524303,-1.8768838537682213,-0.9290615246963215,0.4818653178572253,0.7953845756829251,
10,dom_regular_rank2,0.8278846153846153,0.389087656529517,0.8410714285714286,0.34219269102990035,0.7965367965367965,0.4898989898989899,0.902834008097166,0.22692307692307692,0.1282051282051282,0.6857142857142857,0.5822393822393822,0.10347490347490351,0.6558964374615118,-0.019842563030432626,0.5788461538461539,0.9048076923076923,0.2745527728085868,0.5903846153846153,0.5392857142857143,0.951830357142857,0.20257475083056478,0.629609634551495,0.45876623376623377,0.9523809523809523,0.2321969696969697,0.7525252525252525,0.4614372469635628,0.979757085020243,0.10384615384615385,0.5731730769230768,0.0,0.6483333333333333,0.48780015857434117,0.7979955808080809,0.3678703703703704,0.7173774609417024,-0.013346044146825416,0.23014578251399642,0.034932432017755956,1.8551453846200638,0.7511627906976744,-0.4616127346970675,-2.267681294440542,-0.13824634866201116,-1.232521018215525,26,14,11,-2.43478150540601,-2.100581083475074,-1.232521018215525,0.48241428325665414,0.854161756552778,
11,adom_matched,0.5576923076923077,0.39713774597495527,0.5964285714285714,0.3754152823920266,0.696969696969697,0.3939393939393939,0.3765182186234818,0.36923076923076925,0.11538461538461539,0.4563706563706564,0.572972972972973,-0.11660231660231662,-0.4560914324482223,-0.10837142056185411,0.3085817307692308,0.7385096153846153,0.27186940966010736,0.6413908765652951,0.26424107142857145,0.8446428571428571,0.19925249169435216,0.6727990033222592,0.2077922077922078,0.8571428571428571,0.18686868686868688,0.7727272727272727,0.133502024291498,0.8663967611336032,0.10759615384615386,0.7807692307692308,0.0,1.0,0.27728515625,0.6880371470801159,0.2453313123495012,0.7817625661375661,-0.24690003619691114,0.16525096525096522,-10.287355207089279,16.369632025574653,0.4424418604651163,1.9936603948312537,9.85558714063741,1.137845327700327,4.3766498802138845,26,14,4,9.933450814499519,9.7777234667753,4.3766498802138845,0.697999353671446,-1.7750523308707007,0.3277777777777778
11,dom_matched,0.3894230769230769,0.5590339892665475,0.3892857142857143,0.553156146179402,0.2683982683982684,0.702020202020202,0.42105263157894735,0.4153846153846154,0.6794871794871795,0.5915057915057915,0.6710424710424711,-0.07953667953667953,-4.906807253894161,-0.20978673635310138,0.23651442307692308,0.6759855769230769,0.340608228980322,0.7192084078711986,0.16607142857142856,0.7375,0.27063953488372094,0.770764119601329,0.12121212121212122,0.7403679653679653,0.2724747474747475,0.8535353535353535,0.10931174089068826,0.8218623481781376,0.11538461538461539,0.8115384615384615,0.026794871794871812,1.0,0.3584370210512953,0.7397732951537299,0.35510071474983756,0.8239382239382239,-0.21622747747747748,0.12891404642489712,-21.85589119792943,23.090660966685203,0.4383720930232558,-2.2294233442368347,-4.521004086156945,-2.733028841575571,-15.86697919436546,26,14,4,-3.6587280935556152,-5.3832800787582755,-15.86697919436546,-5.265629235667034,-4.49672498901088,0.4966666666666667
11,probe_strat,0.6019230769230769,0.49552772808586765,0.7892857142857143,0.32059800664451826,0.6363636363636364,0.494949494949495,0.6072874493927125,0.4461538461538462,0.47435897435897434,0.4332046332046332,0.5011583011583012,-0.06795366795366797,0.5617741272362287,-0.03663059931443999,0.38846153846153847,0.7682692307692308,0.2629695885509839,0.6601073345259392,0.4732142857142857,0.8964285714285715,0.13617109634551497,0.5748338870431893,0.2985930735930736,0.8701298701298701,0.20202020202020202,0.7171717171717171,0.30759109311740895,0.8221659919028337,0.16538461538461538,0.7539423076923076,0.037037037037037035,1.0,0.25963808025177026,0.6162404983108108,0.27795366795366794,0.6891080729166664,-0.21931988546118983,0.13440229850386096,-14.561796009903249,12.992499411121686,0.5941860465116279,0.24241485296077428,-3.712894742429167,-1.345613942992168,8.266881562083453,26,14,7,-3.937854590456143,-3.487934894402191,8.266881562083453,-0.004742864053981666,1.2092221172821833,0.6244580390369863
11,probe_strat_noinit,0.5913461538461539,0.5044722719141324,0.7642857142857142,0.33554817275747506,0.6190476190476191,0.4898989898989899,0.5465587044534413,0.5192307692307693,0.4230769230769231,0.42857142857142855,0.5081081081081081,-0.07953667953667959,1.8290097196317463,-0.05856868574478174,0.4095673076923077,0.7682932692307692,0.27996422182468694,0.6243738819320214,0.49642857142857144,0.8982589285714285,0.1394933554817276,0.5415697674418605,0.2985930735930736,0.8398268398268398,0.20707070707070707,0.7172979797979796,0.3117408906882591,0.8300607287449391,0.2191346153846154,0.7231730769230769,0.024675925925925945,1.0,0.2507930996472663,0.6072166700487012,0.287972972972973,0.7078697691197692,-0.25178992918961446,0.11501183712121212,-19.327170153869552,32.799970178073714,0.5976744186046512,0.634106919970026,-3.8857283722626894,-1.761875724467836,5.7230515777085165,26,14,7,-5.1797499813378085,-2.59170676318757,5.7230515777085165,1.1587811886650068,2.594985183593734,0.6414671527303106
11,probe_matched,0.5451923076923076,0.47048300536672627,0.5964285714285714,0.42358803986710963,0.6060606060606061,0.45454545454545453,0.38866396761133604,0.48846153846153845,0.34615384615384615,0.5505791505791506,0.5637065637065637,-0.013127413127413057,-4.342673225464035,-0.11872689822143113,0.29216346153846157,0.7366826923076922,0.26648032200357785,0.6717352415026834,0.2748214285714286,0.8160714285714286,0.2059800664451827,0.6678156146179403,0.225,0.8615800865800866,0.21704545454545457,0.75770202020202,0.14564777327935222,0.7327935222672065,0.16153846153846155,0.7346153846153847,0.03687169312169312,0.9285714285714286,0.343597075754644,0.6936711918127315,0.32140827922077925,0.7351596966911764,-0.1805132626946647,0.14562994935851675,-24.727786187940676,22.401321474310212,0.48953488372093024,-0.23877826707179378,14.266231914930241,10.247545034636582,-5.160867898124576,26,14,4,17.76521502780117,10.767248802059312,-5.160867898124576,-2.8717764155486334,-6.023698151081637,0.5435555555555556
11,dom_regular,0.7134615384615385,0.4481216457960644,0.7107142857142857,0.45514950166112955,0.6926406926406926,0.494949494949495,0.7773279352226721,0.3269230769230769,0.11538461538461539,0.6787644787644788,0.6625482625482626,0.01621621621621616,0.9742857116621572,-0.27046098452212525,0.512451923076923,0.8528846153846154,0.2880143112701252,0.6127012522361359,0.4142857142857143,0.8911607142857143,0.2341777408637874,0.6843853820598007,0.36363636363636365,0.8874458874458875,0.28775252525252526,0.7930555555555554,0.45738866396761135,0.9554655870445344,0.12692307692307692,0.6038461538461538,0.0,0.6282763532763532,0.48542261609892084,0.8304792320222008,0.4476752897009257,0.8295620467495466,-0.10180858302349885,0.1497031325156325,0.01708384491906353,4.4597272005051405,0.6616279069767442,-0.46776938609706936,-2.885383770452581,0.5007339893745276,-1.7163773186797546,26,14,11,-2.592832677735511,-3.1779348631696505,-1.7163773186797546,0.7394999209928304,1.2426123295699594,
11,dom_regular_verberase,0.7961538461538461,0.4212880143112701,0.7964285714285714,0.4053156146179402,0.7229437229437229,0.5050505050505051,0.8906882591093117,0.2846153846153846,0.1282051282051282,0.6803088803088803,0.4996138996138996,0.18069498069498063,0.9661702584194379,-0.09300110227222347,0.551923076923077,0.8904567307692306,0.2879695885509839,0.6092128801431127,0.4785714285714286,0.9321428571428572,0.22421096345514951,0.6461794019933554,0.39805194805194805,0.9222943722943721,0.2727272727272727,0.7678030303030301,0.5141700404858299,0.9838056680161943,0.11923076923076924,0.6000961538461538,0.0,0.6120000000000002,0.47334994220410886,0.8259082333591331,0.3273800309597523,0.6752294781012327,0.030810274560274614,0.29426633382223905,0.25940153498452506,2.9386743633544907,0.7337209302325581,-0.38286357666686266,-2.313271908082881,0.21407593926252486,-1.1821226476653877,26,14,11,-2.3395403466760296,-2.287003469489733,-1.1821226476653877,0.8148291387229868,1.1391315380725255,
11,dom_regular_rank2,0.7990384615384616,0.3881932021466905,0.8053571428571429,0.3770764119601329,0.7662337662337663,0.48484848484848486,0.8704453441295547,0.25384615384615383,0.10256410256410256,0.6262548262548262,0.5343629343629344,0.09189189189189184,1.0030517843821558,-0.12512772257547985,0.5576682692307693,0.8884855769230768,0.27278622540250447,0.59662343470483,0.5017857142857143,0.9428571428571428,0.19929401993355483,0.6129983388704319,0.4199134199134199,0.9393939393939394,0.22714646464646465,0.7525252525252525,0.4938259109311741,0.9757085020242915,0.10384615384615385,0.5692307692307692,0.0,0.684880952380951,0.4195484268462992,0.7770223520030021,0.3578054114382239,0.7044806134259259,-0.0494245099319844,0.20695892341987937,0.02694012014008245,4.331542418498475,0.6976744186046512,-0.6238760464906146,-2.9373665952425636,-0.0010610583695358107,-1.7124207642092228,26,14,11,-3.233888079369641,-2.6408451111154863,-1.7124207642092228,0.8223755523063657,1.2095389067544873,
12,adom_matched,0.5605769230769231,0.3622540250447227,0.5678571428571428,0.3538205980066445,0.6883116883116883,0.35858585858585856,0.44129554655870445,0.38461538461538464,0.15384615384615385,0.44787644787644787,0.5891891891891892,-0.1413127413127413,0.318679003021732,-0.09460091539583575,0.2826682692307692,0.7269471153846153,0.2513416815742397,0.6305903398926654,0.2375,0.7697321428571429,0.20257475083056478,0.6611295681063123,0.18614718614718614,0.8529220779220779,0.16666666666666666,0.7171717171717171,0.15374493927125507,0.8097165991902834,0.14990384615384617,0.7385576923076923,0.0,1.0,0.29215518904320986,0.6702854635904171,0.31309624017957355,0.7625121753246753,-0.2510038610038611,0.12051630434782595,-11.709677893553847,18.630721448699333,0.40988372093023256,1.6231445904745734,6.9026183577627505,0.8920243094350724,1.6700330097396403,26,14,4,7.706411366471906,6.098825349053595,1.6700330097396403,0.784716465701807,-0.21393524004121098,0.34688888888888886
12,dom_matched,0.38269230769230766,0.5456171735241503,0.36607142857142855,0.5681063122923588,0.3203463203463203,0.6262626262626263,0.3724696356275304,0.4653846153846154,0.5256410256410257,0.5945945945945946,0.6579150579150579,-0.06332046332046326,-1.2073179712889945,-0.21463338842044546,0.22305288461538464,0.6847115384615384,0.3067978533094812,0.7030635062611807,0.1660267857142857,0.7303571428571428,0.2524501661129568,0.7558139534883721,0.12987012987012986,0.7922077922077922,0.18181818181818182,0.803030303030303,0.10921052631578948,0.7773279352226721,0.1768269230769231,0.7846153846153846,0.0,1.0,0.3544300237876089,0.7213848216830315,0.384885816432089,0.7933481297348485,-0.20926912403474904,0.09783786512316595,-15.661070584951,20.663741231623877,0.41511627906976745,-0.36668602237495235,1.2295615939987339,-0.05499242576742377,-4.692439591259241,26,14,4,3.1721131240679656,-0.7129899360704978,-4.692439591259241,-1.3994777004848493,-0.9877068522080175,0.4375555555555556
12,probe_strat,0.6836538461538462,0.3595706618962433,0.8071428571428572,0.23255813953488372,0.7229437229437229,0.4090909090909091,0.6720647773279352,0.3192307692307692,0.4230769230769231,0.37374517374517374,0.47953667953667956,-0.10579150579150581,1.1279450386688328,-0.027901014017398248,0.41343749999999996,0.8154326923076922,0.19402951699463328,0.5688953488372093,0.4607142857142857,0.9160714285714285,0.10299003322259136,0.5266196013289036,0.3116883116883117,0.8917748917748918,0.1717171717171717,0.6919191919191919,0.3237854251012146,0.8785425101214575,0.09221153846153847,0.6308653846153846,0.0,1.0,0.2538066823338977,0.6087361376493948,0.25180555555555556,0.6922244323877305,-0.24309244791666668,0.12539904012814224,-30.630313228942665,17.482420954935957,0.5401162790697674,-4.494662890480333,-31.867598520389716,-10.847811344169086,15.345106687688611,26,14,7,-52.805470206631526,-10.929726834147907,15.345106687688611,0.835373046767782,1.46231302941289,0.6443478139793929
12,probe_strat_noinit,0.6615384615384615,0.3738819320214669,0.7892857142857143,0.24584717607973422,0.7142857142857143,0.3686868686868687,0.582995951417004,0.4230769230769231,0.38461538461538464,0.38455598455598455,0.5034749034749034,-0.11891891891891887,4.36612362759156,-0.041015156836282075,0.4211298076923077,0.809639423076923,0.19767441860465115,0.5716010733452593,0.48566964285714287,0.914330357142857,0.10465116279069768,0.5033637873754153,0.3548701298701299,0.8831168831168831,0.15151515151515152,0.6767676767676768,0.31983805668016196,0.8300607287449391,0.12692307692307692,0.6539423076923077,0.0,1.0,0.24523776122291022,0.5833400974025974,0.2773192471590909,0.6982489334572666,-0.273361503902803,0.09367836397898024,-17.19124115178855,24.354675815151204,0.5436046511627907,-3.7863506591797043,-41.38201629319951,-14.654358632421511,17.623039616758593,26,14,7,-64.43071498804255,-18.333317598356473,17.623039616758593,0.9101076524815863,8.315856170574389,0.6523686742107795
12,probe_matched,0.4740384615384615,0.42397137745974955,0.45714285714285713,0.4368770764119601,0.5800865800865801,0.35858585858585856,0.31983805668016196,0.45,0.32051282051282054,0.5752895752895753,0.6509652509652509,-0.07567567567567568,-0.3811626811641978,-0.1166644632090589,0.29420673076923076,0.6961538461538461,0.2334525939177102,0.6288237924865832,0.225,0.7446428571428572,0.19767441860465115,0.682765780730897,0.2510822510822511,0.8138528138528138,0.16654040404040404,0.6617424242424241,0.12955465587044535,0.6924089068825909,0.15730769230769232,0.719326923076923,0.0,0.9232193732193731,0.3421656310328185,0.7102172111742424,0.42171899187306505,0.7857606496571877,-0.2321007081038552,0.06957528957528948,-9.377795748552174,10.662398652357862,0.40348837209302324,0.48037063320277723,5.321286980078316,1.9813545118952003,-1.8054285010158095,26,14,4,7.392282083687824,3.250291876468809,-1.8054285010158095,-0.05958434106364299,-0.7486807841362607,0.6180000000000001
12,dom_regular,0.6807692307692308,0.43828264758497315,0.6625,0.45016611295681064,0.6796536796536796,0.48484848484848486,0.7206477732793523,0.36923076923076925,0.08974358974358974,0.6162162162162163,0.5976833976833977,0.018532818532818518,0.9883311442635353,-0.334881661213323,0.4894230769230769,0.8269471153846153,0.29069767441860467,0.6172406082289803,0.40535714285714286,0.8875892857142856,0.22919435215946846,0.6812292358803985,0.3852813852813853,0.8744588744588745,0.26755050505050504,0.75770202020202,0.42894736842105263,0.9271255060728745,0.14615384615384616,0.5924038461538461,0.0,0.5504166666666663,0.4248251206358563,0.8146761130550193,0.3962247474747475,0.811298751402918,-0.10412132912132907,0.15082003296991495,-1.5356015174535464,7.848009960667701,0.6191860465116279,-0.49885648449771763,-3.746122696206795,0.12273966385169037,-2.3568207489577557,26,14,11,-3.550717609342932,-3.9415277830706583,-2.3568207489577557,0.6718597778732478,1.3500127058524352,
12,dom_regular_verberase,0.7586538461538461,0.4329159212880143,0.7607142857142857,0.43023255813953487,0.7575757575757576,0.5,0.8259109311740891,0.33076923076923076,0.08974358974358974,0.5806949806949807,0.4532818532818533,0.12741312741312744,0.9919031017397426,-0.15437576088296337,0.5317067307692308,0.8702163461538461,0.28884168157423973,0.6207737030411449,0.4624553571428572,0.9142857142857143,0.2208887043189369,0.6661544850498339,0.39826839826839827,0.9134199134199135,0.25252525252525254,0.7828282828282829,0.48582995951417,0.9717611336032387,0.13836538461538464,0.6039423076923076,0.0,0.5903846153846163,0.406305267995356,0.8111986661986661,0.30337902718653253,0.6540882900209525,0.0038416392583059187,0.29250826719576717,0.09861830083969521,4.206847976307773,0.6796511627906977,-0.36402869562493734,-2.7974412283081116,0.09013274921902503,-1.715043207037683,26,14,11,-2.8250359232685263,-2.769846533347697,-1.715043207037683,0.7786979953335029,1.2355660804897304,
12,dom_regular_rank2,0.7413461538461539,0.41144901610017887,0.7428571428571429,0.4119601328903654,0.7445887445887446,0.4696969696969697,0.7975708502024291,0.31153846153846154,0.08974358974358974,0.5637065637065637,0.46872586872586874,0.09498069498069495,1.0591648427527356,-0.19055684777343487,0.5278846153846154,0.8586778846153845,0.26200805008944544,0.6100178890876565,0.45357142857142857,0.9214285714285714,0.1926495016611296,0.6363372093023255,0.4068181818181818,0.9090909090909091,0.23232323232323232,0.7626262626262627,0.4534412955465587,0.951417004048583,0.11538461538461539,0.5846153846153846,0.0,0.6158723522853957,0.39303904443951654,0.7626704089815557,0.31191950464396284,0.6786817349317349,-0.03128960943716358,0.222240042769313,-2.4924599494280346,6.690853401337534,0.6529069767441861,-0.6246063537168476,-3.71667734291417,-0.24458300370413388,-2.39752109652986,26,14,11,-4.160138856661242,-3.273215829167098,-2.39752109652986,0.8005271718712289,1.3547507523316007,
13,adom_matched,0.5990384615384615,0.3676207513416816,0.6214285714285714,0.35714285714285715,0.6320346320346321,0.4292929292929293,0.5263157894736842,0.35,0.10256410256410256,0.4749034749034749,0.633976833976834,-0.15907335907335912,-0.20769862596426197,-0.16091977260871637,0.30088942307692307,0.7586538461538461,0.25313059033989266,0.6198792486583184,0.2803125,0.8321875,0.1877076411960133,0.6462624584717607,0.19480519480519481,0.8484848484848485,0.17676767676767677,0.7727272727272727,0.19838056680161945,0.8299595141700404,0.16538461538461538,0.6807692307692308,0.0,1.0,0.3046430898406766,0.678034658542471,0.3359548745167867,0.8034169585330575,-0.274715965965966,0.09062500000000001,-14.043895697298435,12.797508514571502,0.46162790697674416,4.913961009630425,23.931240856971606,2.3375175382729516,10.889872547366476,26,14,4,23.815906505486236,24.04657520845698,10.889872547366476,1.0390115430336566,-1.6325102476761688,0.446
13,dom_matched,0.3942307692307692,0.5483005366726297,0.36607142857142855,0.5764119601328903,0.329004329004329,0.6212121212121212,0.3522267206477733,0.47692307692307695,0.5897435897435898,0.5922779922779923,0.7104247104247104,-0.11814671814671818,-0.8678768239063431,-0.2638449395192278,0.22403846153846155,0.696201923076923,0.31475849731663685,0.7075581395348837,0.16785714285714284,0.7340624999999998,0.2823089700996678,0.7574750830564784,0.11688311688311688,0.7878787878787878,0.2222222222222222,0.8181818181818182,0.14969635627530364,0.7165991902834008,0.19230769230769232,0.7692307692307693,0.0,1.0,0.37074086747074364,0.7127743424227798,0.40460999503968254,0.8133072045879228,-0.2252384588259201,0.0658435785409469,-16.32194776661565,16.55245615828059,0.4441860465116279,-1.0123518517382368,0.3023837148111044,0.23825467621499138,-7.429227706766608,26,14,4,2.0094629537672475,-1.4046955241450387,-7.429227706766608,-1.2366860220562976,-0.4463805974492523,0.46399999999999997
13,probe_strat,0.7096153846153846,0.31932021466905186,0.8535714285714285,0.17275747508305647,0.7316017316017316,0.3787878787878788,0.6437246963562753,0.3076923076923077,0.3333333333333333,0.4409266409266409,0.4069498069498069,0.03397683397683399,3.390457763489566,-0.029827336951974443,0.4095913461538461,0.8326923076923077,0.18329606440071558,0.5769454382826475,0.448125,0.9196874999999999,0.08803986710963455,0.5232973421926911,0.2943722943722944,0.8961038961038961,0.16654040404040404,0.7575757575757576,0.3154858299595142,0.8624493927125505,0.09230769230769231,0.6192307692307693,0.0,0.9285714285714286,0.2851503596230159,0.6247449109964623,0.20059044551798175,0.6386119538502386,-0.1691730167749706,0.2164832839545632,-20.759893179122454,15.03766313874923,0.55,-3.5786435300766697,-28.91113336503156,-6.7092745332575205,7.343905182376345,26,14,7,-42.443037162197825,-15.379229567865298,7.343905182376345,3.760272167067975,2.9678127308285265,0.6808165109744058
13,probe_strat_noinit,0.6557692307692308,0.389087656529517,0.8053571428571429,0.24916943521594684,0.6753246753246753,0.41414141414141414,0.562753036437247,0.41923076923076924,0.28205128205128205,0.46563706563706564,0.5019305019305019,-0.03629343629343629,3.825249393115405,-0.037846010592309014,0.4153846153846154,0.7943028846153845,0.22093023255813954,0.5867620751341681,0.5034375,0.9036160714285714,0.11129568106312292,0.48006644518272423,0.329004329004329,0.8831168831168831,0.16666666666666666,0.7073232323232321,0.31163967611336035,0.8340080971659919,0.14605769230769233,0.669326923076923,0.0,0.9285714285714286,0.299461227747678,0.6177626964085297,0.24071076642163064,0.7081202491554054,-0.2135119047619048,0.16719700168918916,-26.202089975877836,28.38967750868486,0.5575581395348838,-1.5776049222489203,-21.12026769851254,-5.148017822381781,4.572007121115248,26,14,7,-29.38963844424487,-12.850896952780205,4.572007121115248,2.929942367740302,4.848457422115523,0.6225557833978888
13,probe_matched,0.5,0.4230769230769231,0.5321428571428571,0.38870431893687707,0.5757575757575758,0.43434343434343436,0.38461538461538464,0.40384615384615385,0.38461538461538464,0.5706563706563706,0.6934362934362934,-0.12277992277992278,-0.6998454119277886,-0.10522829687314705,0.3211298076923077,0.7096634615384615,0.2513416815742397,0.6092128801431127,0.27852678571428574,0.7857589285714285,0.18766611295681065,0.6380398671096343,0.2856060606060606,0.8138528138528138,0.19696969696969696,0.7121212121212122,0.1700404858299595,0.7207489878542509,0.18836538461538463,0.6730769230769231,0.03571428571428571,0.8929716117216117,0.3544407127854293,0.6876615767045454,0.3954082212654799,0.796384063064095,-0.25870445222007726,0.06605289001122334,-10.918545795481126,9.913715872979335,0.44127906976744186,1.1079899719972837,7.02778547156002,2.9997508027205337,-3.1243877083184235,26,14,4,8.869022325872592,5.186548617247448,-3.1243877083184235,-0.5270175747850854,-0.897362940090878,0.6913333333333334
13,dom_regular,0.6894230769230769,0.46332737030411447,0.6928571428571428,0.45514950166112955,0.7272727272727273,0.5202020202020202,0.7125506072874493,0.39615384615384613,0.038461538461538464,0.5544401544401545,0.5405405405405406,0.013899613899613916,0.9456729918947911,-0.31689210125296446,0.5162740384615385,0.8346394230769231,0.2923971377459749,0.6270572450805009,0.4499107142857143,0.8947767857142856,0.2358388704318937,0.6727574750830565,0.41114718614718615,0.9004329004329005,0.2777777777777778,0.75770202020202,0.44929149797570855,0.9069838056680161,0.18836538461538463,0.6385576923076922,0.0,0.4592147435897435,0.387717803030303,0.791824992743808,0.3536304343928183,0.8081175163503146,-0.10625784266409273,0.1500812693498451,-0.2116644036032627,6.3213753500796015,0.6430232558139535,-0.3290964352037996,-3.3215659300620617,0.034018147160031695,-2.4819484236249885,26,14,11,-2.840653870393055,-3.8024779897310683,-2.4819484236249885,0.6540979481653675,1.278901613299847,
13,dom_regular_verberase,0.7461538461538462,0.43917710196779963,0.7589285714285714,0.4169435215946844,0.7705627705627706,0.5,0.7692307692307693,0.38846153846153847,0.038461538461538464,0.5158301158301158,0.40772200772200773,0.10810810810810811,1.0095947843476605,-0.1645385605560253,0.5364663461538461,0.8615625,0.28709749552772806,0.6377459749552773,0.4998660714285714,0.9339732142857142,0.21416112956810632,0.6661544850498339,0.42424242424242425,0.9307359307359307,0.2727272727272727,0.7929292929292929,0.4817813765182186,0.951417004048583,0.17307692307692307,0.6538461538461539,0.0,0.5128205128205128,0.35719080687830684,0.75602658501616,0.26340254395809953,0.6129281355087807,-0.01087801087801088,0.27507036307345906,0.2530487024659347,3.22485035717283,0.6813953488372093,-0.3344586677328709,-3.005440409401723,-0.04821958121222544,-2.204523325293943,26,14,11,-2.718677724083827,-3.2922030947196186,-2.204523325293943,0.7799415121475506,1.272055666862072,
13,dom_regular_rank2,0.7355769230769231,0.4150268336314848,0.7464285714285714,0.40365448504983387,0.7748917748917749,0.48484848484848486,0.7611336032388664,0.33076923076923076,0.02564102564102564,0.4756756756756757,0.4,0.07567567567567568,1.072954977700127,-0.20306054045881697,0.5076923076923077,0.8548317307692307,0.26563059033989267,0.5984570661896242,0.46424107142857146,0.9196874999999999,0.1877076411960133,0.6029900332225914,0.44567099567099566,0.9134199134199135,0.22727272727272727,0.7373737373737373,0.4614372469635628,0.9311740890688259,0.15375000000000003,0.5961538461538461,0.0,0.46851851851851767,0.33601721596656686,0.7205181437017375,0.24922445302711824,0.6397865705595174,-0.028575868575868586,0.2320329864525964,-3.149140292655945,6.097700794476906,0.638953488372093,-0.6059184717455736,-4.0060483063982915,-0.22462411749099886,-3.21250342460114,26,14,11,-3.915545658610652,-4.09655095418593,-3.21250342460114,0.8166412098074787,1.3658849981488679,
14,adom_matched,0.5971153846153846,0.3613595706618962,0.5982142857142857,0.3588039867109635,0.6623376623376623,0.41414141414141414,0.5141700404858299,0.35384615384615387,0.07692307692307693,0.46332046332046334,0.5891891891891892,-0.12586872586872583,-0.2026949197889125,-0.14790286105437261,0.27403846153846156,0.7154326923076922,0.26916368515205724,0.6243738819320214,0.25357142857142856,0.7964732142857142,0.19929401993355483,0.6511627906976745,0.16883116883116883,0.8442640692640692,0.1917929292929293,0.74760101010101,0.2104251012145749,0.7773279352226721,0.17298076923076924,0.6884615384615385,0.0,1.0,0.2983896899131274,0.6648841698841699,0.31171521403943275,0.80008547008547,-0.2795559845559845,0.10604247291021672,-12.928566352068739,11.655358603629796,0.436046511627907,2.845611185157499,11.76109956951652,0.45155188544044905,6.666682906692209,26,14,4,11.102180799902573,12.420018339130468,6.666682906692209,0.5297429994047768,-1.0397668274388432,0.39
14,dom_matched,0.3548076923076923,0.5447227191413238,0.3464285714285714,0.5548172757475083,0.2943722943722944,0.5858585858585859,0.3603238866396761,0.45,0.6538461538461539,0.6146718146718146,0.7011583011583011,-0.08648648648648649,-0.8174706174937136,-0.21285593631619082,0.21826923076923077,0.6894711538461538,0.3157200357781753,0.7128801431127012,0.16955357142857144,0.7125892857142857,0.26245847176079734,0.7492109634551495,0.10822510822510822,0.7748917748917749,0.22727272727272727,0.8080808080808081,0.12550607287449392,0.7328947368421052,0.1845192307692308,0.7424038461538461,0.0,1.0,0.3761433295806361,0.7433189944602988,0.38707186449121933,0.8100610822876447,-0.22456033549783547,0.08128324945863065,-12.496248529728208,15.455316807238486,0.3941860465116279,-0.38438716210123297,-0.3927192555761335,-0.137168091387495,-4.559170402966784,26,14,4,1.0945634759241327,-1.8800019870763998,-4.559170402966784,-1.1356615534680845,-0.453823833523004,0.42088888888888887
14,probe_strat,0.6365384615384615,0.36046511627906974,0.7803571428571429,0.21096345514950166,0.6320346320346321,0.4292929292929293,0.5708502024291497,0.33076923076923076,0.32051282051282054,0.42625482625482625,0.31814671814671813,0.10810810810810811,29.954269058042822,-0.028374941158978005,0.35865384615384616,0.7905048076923076,0.18868515205724506,0.6109794275491949,0.38919642857142855,0.8946875,0.09136212624584718,0.5585548172757471,0.2510822510822511,0.8744588744588745,0.16161616161616163,0.7373737373737373,0.3117408906882591,0.8422064777327933,0.09615384615384616,0.6230769230769231,0.0,0.9625925925925926,0.28629966065056545,0.6247472797472797,0.1658841770751377,0.6192871047940708,-0.13057388557388555,0.28597052968146713,-19.005366303979798,19.149959409801063,0.5151162790697674,-32.75810120927248,-373.2988669178315,-68.53856481869865,95.1695257687376,26,14,7,-509.9510661711682,-236.6466676644948,95.1695257687376,59.124959051232295,-3.383662362745133,0.7176430976430976
14,probe_strat_noinit,0.573076923076923,0.4150268336314848,0.7232142857142857,0.27408637873754155,0.5497835497835498,0.46464646464646464,0.4979757085020243,0.43846153846153846,0.2564102564102564,0.4092664092664093,0.38146718146718145,0.027799227799227832,-88.61306127678834,-0.03163669850654166,0.3528365384615385,0.7663461538461539,0.21735241502683364,0.5966457960644006,0.40169642857142857,0.8768303571428571,0.1112126245847176,0.5514950166112956,0.25097402597402596,0.8357142857142855,0.18181818181818182,0.74760101010101,0.2994939271255061,0.7975708502024291,0.13846153846153847,0.6732692307692306,0.0,0.9222934472934463,0.2710242217664093,0.6095436507936508,0.1717673141891892,0.6355228705228705,-0.18270631473837098,0.2266066418343653,-45.89381705126869,31.71955981371644,0.48604651162790696,17.245852904300836,514.6288146527041,127.0118602191746,-89.5129891302477,26,14,7,647.6424084998846,381.6152208055237,-89.5129891302477,-96.36867189739519,-79.7495062818091,0.5977953469532418
14,probe_matched,0.49615384615384617,0.389087656529517,0.5267857142857143,0.3588039867109635,0.5324675324675324,0.4393939393939394,0.41295546558704455,0.3730769230769231,0.3717948717948718,0.5606177606177606,0.6571428571428571,-0.09652509652509655,-0.7095940387258591,-0.0813082857039437,0.30673076923076925,0.6961778846153845,0.22983005366726297,0.5967352415026832,0.3,0.7750892857142857,0.1693936877076412,0.6096345514950167,0.24664502164502164,0.8053030303030303,0.15151515151515152,0.6819444444444442,0.16174089068825911,0.7206477732793523,0.16144230769230772,0.6808653846153846,0.03571428571428571,0.9612692307692307,0.3660676881772446,0.7066563467492261,0.41156370656370656,0.7864134823032526,-0.254765791839946,0.09144826238576229,-11.013738288403681,8.01749245137237,0.3953488372093023,0.9926729891158788,4.772739642904097,2.0244836030492617,-1.5629263056595406,26,14,4,6.140587134458992,3.4048921513492005,-1.5629263056595406,-1.0062095015587333,-0.3706049383454318,0.6464444444444445
14,dom_regular,0.6865384615384615,0.43023255813953487,0.6875,0.4219269102990033,0.7272727272727273,0.4797979797979798,0.6842105263157895,0.3769230769230769,0.05128205128205128,0.5073359073359074,0.49034749034749037,0.01698841698841702,0.9289925993074882,-0.35924196685345333,0.4942067307692308,0.8240865384615383,0.2691860465116279,0.6038461538461538,0.4607142857142857,0.9036160714285714,0.20926079734219272,0.6246262458471761,0.4155844155844156,0.9090909090909091,0.24242424242424243,0.7377525252525249,0.4371457489878543,0.9109311740890689,0.17298076923076924,0.59625,0.0,0.5,0.3788956680534056,0.7320367959104939,0.33044158522915407,0.744202794525792,-0.10448916408668729,0.1811374685565015,-4.420908830785733,6.682203024488614,0.6104651162790697,-0.7741583928695954,-4.275338538147149,0.17466839724892827,-3.4418908552579692,26,14,11,-3.726853622320592,-4.823823453973705,-3.4418908552579692,0.45070602694809064,1.4756058248610848,
14,dom_regular_verberase,0.7317307692307692,0.42486583184257604,0.7339285714285714,0.41029900332225916,0.7662337662337663,0.47474747474747475,0.7489878542510121,0.39615384615384613,0.02564102564102564,0.4772200772200772,0.38764478764478766,0.08957528957528954,0.9611446529375317,-0.19928025127255622,0.5316826923076923,0.8634615384615385,0.2737030411449016,0.622674418604651,0.4820089285714286,0.9018303571428571,0.22757475083056478,0.6346345514950166,0.4501082251082251,0.935064935064935,0.23737373737373738,0.7424242424242424,0.4574898785425101,0.9311740890688259,0.18846153846153846,0.6347115384615384,0.0,0.5,0.3312731591881867,0.6976585111936674,0.25773894074675324,0.604673772609819,-0.011700573636790232,0.2284548269068393,-0.04700516705380211,5.549930034331849,0.6459302325581395,-0.5915414044533644,-3.594603090184634,0.11148635735468981,-2.97220903664007,26,14,11,-3.1326066361188816,-4.056599544250386,-2.97220903664007,0.6017783748418467,1.371848970761172,
14,dom_regular_rank2,0.7269230769230769,0.4016100178890877,0.7285714285714285,0.39867109634551495,0.7705627705627706,0.4595959595959596,0.7489878542510121,0.34615384615384615,0.038461538461538464,0.450965250965251,0.372972972972973,0.07799227799227798,1.0930382086507133,-0.22259637444182165,0.5211298076923078,0.845264423076923,0.26118067978533094,0.5813953488372093,0.4713392857142857,0.9054017857142856,0.19933554817275748,0.6163205980066445,0.4458874458874459,0.935064935064935,0.22727272727272727,0.7171717171717171,0.43724696356275305,0.9311740890688259,0.15375000000000003,0.6000961538461538,0.0,0.48144444444444445,0.32197876354489163,0.6456977982954546,0.23744140625,0.5841099294224295,-0.04958627612229104,0.2023552123552123,-2.471914124001723,5.897944301987028,0.6261627906976744,-0.867260666682989,-4.642901940106183,-0.21333279240106306,-3.7485721719308938,26,14,11,-4.542222136313858,-4.743581743898508,-3.7485721719308938,0.6946267507093074,1.5483655891551773,
15,adom_matched,0.5509615384615385,0.3613595706618962,0.5678571428571428,0.3521594684385382,0.5974025974025974,0.3888888888888889,0.5101214574898786,0.3384615384615385,0.10256410256410256,0.47335907335907335,0.661003861003861,-0.18764478764478765,0.34686501567937505,-0.159122044037198,0.27689903846153846,0.7375721153846153,0.2556574239713775,0.6243515205724508,0.2499107142857143,0.7910714285714285,0.18932724252491695,0.6611295681063123,0.16017316017316016,0.8398268398268398,0.1816919191919192,0.7727272727272727,0.20647773279352227,0.7975708502024291,0.16923076923076924,0.6653846153846154,0.0,1.0,0.3138953517415358,0.6689943961818962,0.3443493820003108,0.8148220998339015,-0.2914127604166667,0.09137356901144787,-10.513297618844796,11.69405991726179,0.4273255813953488,2.067186608157389,8.208005384686718,0.09227152469476307,4.2519645886309805,26,14,4,7.74340418151977,8.672606587853666,4.2519645886309805,1.1645582267570156,-0.5876415112665002,0.382
15,dom_matched,0.34423076923076923,0.5572450805008945,0.30357142857142855,0.5980066445182725,0.3246753246753247,0.5757575757575758,0.3117408906882591,0.5038461538461538,0.6794871794871795,0.6,0.7637065637065638,-0.16370656370656378,-0.4805489443066954,-0.26291345939381894,0.21341346153846152,0.6635817307692307,0.31482558139534883,0.7048524150268336,0.14281249999999998,0.7,0.26411960132890366,0.75921926910299,0.11244588744588746,0.7966450216450216,0.20202020202020202,0.7981060606060605,0.12955465587044535,0.7207489878542509,0.2,0.7616346153846153,0.0,1.0,0.3520704633204633,0.7344905048712654,0.43927569427569424,0.8376068376068376,-0.29112892593616435,0.04141598539086684,-12.093479010794725,9.074190673283896,0.40930232558139534,-0.4236039226813543,-0.6724004711848307,-0.15091459084501935,-3.3284907357593094,26,14,4,0.3841836469546657,-1.7289845893243272,-3.3284907357593094,-0.600499076366189,-0.34346307909584567,0.40800000000000003
15,probe_strat,0.7105769230769231,0.32021466905187834,0.8214285714285714,0.1893687707641196,0.7142857142857143,0.398989898989899,0.6558704453441295,0.3076923076923077,0.3333333333333333,0.4409266409266409,0.3637065637065637,0.07722007722007723,2.0741205541929713,-0.01529397167335793,0.39612980769230766,0.7990865384615384,0.18419051878354206,0.5787567084078711,0.4088392857142857,0.8893749999999999,0.09634551495016612,0.5615033222591362,0.2856060606060606,0.8571428571428571,0.16161616161616163,0.7373737373737373,0.3522267206477733,0.858400809716599,0.07682692307692308,0.6,0.0,1.0,0.29759920634920634,0.6349548571650591,0.19812390312390313,0.6691512345679013,-0.161047576925507,0.2550275595383855,-16.35439844903819,13.458361157144024,0.5563953488372093,-10.287163729832734,-87.44118384761825,-26.321584459565702,23.695498989454734,26,14,7,-128.06579919976082,-46.81656849547567,23.695498989454734,9.195642773236202,-6.064761981856434,0.6658340042024253
15,probe_strat_noinit,0.6480769230769231,0.3747763864042934,0.7375,0.27740863787375414,0.5757575757575758,0.46464646464646464,0.6396761133603239,0.40384615384615385,0.3076923076923077,0.4525096525096525,0.3575289575289575,0.094980694980695,0.9260527940296729,-0.02202817340469112,0.3970432692307692,0.7865384615384615,0.2146690518783542,0.5939847942754919,0.42669642857142853,0.8607589285714285,0.12620431893687709,0.5449335548172757,0.2812770562770563,0.8399350649350649,0.1717171717171717,0.7626262626262627,0.3117408906882591,0.8461538461538461,0.13451923076923078,0.6539423076923077,0.0,0.9592142857142864,0.3022394079685746,0.6597404331779332,0.1900467948473161,0.6609756097560975,-0.14674601348362962,0.27119365384845245,-17.891496762515292,12.204264493298433,0.5313953488372093,-1.834699292980788,-31.03124839226963,-10.239148105579499,5.526523507583085,26,14,7,-44.35427933705152,-17.708217447487744,5.526523507583085,1.4467426009340185,0.3309787289961349,0.5602017164122428
15,probe_matched,0.4807692307692308,0.4212880143112701,0.4517857142857143,0.4335548172757475,0.5021645021645021,0.4797979797979798,0.4291497975708502,0.36153846153846153,0.3974358974358974,0.5922779922779923,0.7073359073359073,-0.11505791505791507,0.5113986180237053,-0.08598440553792214,0.27689903846153846,0.6856009615384615,0.24054114490161002,0.6270796064400715,0.23209821428571428,0.7232589285714285,0.1976328903654485,0.6795265780730896,0.23809523809523808,0.7792207792207793,0.1919191919191919,0.7273989898989898,0.17813765182186234,0.7490890688259108,0.14615384615384616,0.6461538461538462,0.037037037037037035,0.9259259259259259,0.37915054179566565,0.7055741003787879,0.43970119148137726,0.8429520434410874,-0.2859638047138047,0.06575289575289563,-7.8378614332726935,10.075287630467027,0.39127906976744187,0.6944586485635867,3.9263730087701534,2.0110650394367204,-1.3706549910518104,26,14,4,5.7191432614240005,2.1336027561163067,-1.3706549910518104,0.6002309184092353,0.4098759890116712,0.6471111111111112
15,dom_regular,0.6951923076923077,0.43023255813953487,0.7017857142857142,0.4169435215946844,0.7359307359307359,0.4797979797979798,0.6923076923076923,0.3923076923076923,0.08974358974358974,0.4980694980694981,0.4857142857142857,0.012355212355212364,0.6539515782027394,-0.3291416616739571,0.49124999999999996,0.8250961538461538,0.2826028622540251,0.6145348837209301,0.4624553571428572,0.8929017857142857,0.2075996677740864,0.629609634551495,0.42857142857142855,0.9178571428571428,0.24242424242424243,0.7424242424242424,0.4209514170040486,0.902834008097166,0.18846153846153846,0.6269230769230769,0.0,0.5204772079772078,0.3459025809025809,0.7220130845130845,0.3142801339285714,0.7373094500958278,-0.13978975627413132,0.17692164134501587,-2.5569790132828647,5.665043235019671,0.6122093023255814,-0.6335306510740348,-3.836680288722193,0.11510776556144649,-2.693196507519657,26,14,11,-3.5569845701536225,-4.116376007290764,-2.693196507519657,0.17032483850495883,1.20666785214306,
15,dom_regular_verberase,0.7326923076923076,0.43559928443649376,0.7428571428571429,0.4152823920265781,0.7662337662337663,0.5,0.7530364372469636,0.39615384615384613,0.02564102564102564,0.4826254826254826,0.39845559845559847,0.08416988416988413,0.7670568444077012,-0.14316686502081927,0.520048076923077,0.8442548076923077,0.29785330948121647,0.6476073345259392,0.48924107142857143,0.9071874999999999,0.22757475083056478,0.6546096345514949,0.4588744588744589,0.948051948051948,0.24242424242424243,0.7828282828282829,0.44534412955465585,0.9312753036437246,0.19230769230769232,0.6653846153846154,0.0,0.48009259259259174,0.35029947916666665,0.710961740961741,0.2724300417179674,0.5833984375,-0.023169623169623177,0.2438624338624338,-0.09526407871179479,2.592496781051256,0.6813953488372093,-0.35509125507742534,-3.0937747303050016,0.08927698125493234,-2.238924058299992,26,14,11,-2.861017098940319,-3.3265323616696842,-2.238924058299992,0.468554086845025,1.1082028530507597,
15,dom_regular_rank2,0.7221153846153846,0.40966010733452596,0.7321428571428571,0.3920265780730897,0.7748917748917749,0.48484848484848486,0.7368421052631579,0.34615384615384615,0.02564102564102564,0.47876447876447875,0.39305019305019306,0.08571428571428569,0.8620296004066924,-0.17711172676480733,0.5,0.8432932692307692,0.2772584973166368,0.6350626118067979,0.4730357142857143,0.9089732142857142,0.20427740863787378,0.6462209302325581,0.4155844155844156,0.9221861471861471,0.2474747474747475,0.752651515151515,0.41700404858299595,0.9150809716599189,0.15384615384615385,0.6230769230769231,0.0,0.5714285714285714,0.3473171976379675,0.6992910999962533,0.2746795428240741,0.6115097402597403,-0.03955367476851854,0.23018044953980085,-1.1380969105178749,4.325098128126137,0.6372093023255814,-0.6380253681047253,-3.7346137138687325,-0.12729700033705726,-3.038071858619915,26,14,11,-3.6966019989252037,-3.772625428812261,-3.038071858619915,0.5190970397745622,1.253952526843412,
16,adom_matched,0.5509615384615385,0.39177101967799643,0.5839285714285715,0.3654485049833887,0.5714285714285714,0.4595959595959596,0.5384615384615384,0.36153846153846153,0.11538461538461539,0.4648648648648649,0.6895752895752896,-0.22471042471042468,-0.1302834295431308,-0.1582431962468249,0.26247596153846153,0.7269230769230769,0.2781529516994633,0.626185152057245,0.2516517857142857,0.801875,0.18430232558139534,0.6445598006644518,0.1817099567099567,0.8182900432900433,0.20707070707070707,0.7425505050505049,0.20647773279352227,0.8218623481781376,0.18076923076923077,0.6884615384615385,0.0,0.9642857142857143,0.31042338058978924,0.6504755201630201,0.35550954592363265,0.8345543323863637,-0.34395863554779704,0.053320463320463314,-9.716507690875178,9.394256897350044,0.43953488372093025,2.478784390388758,8.540655252804816,-0.8314201778557629,4.55412731135773,26,14,4,8.305948897180782,8.77536160842885,4.55412731135773,0.8170834573652882,-1.2129884431527527,0.366
16,dom_matched,0.35673076923076924,0.5554561717352415,0.3410714285714286,0.574750830564784,0.3333333333333333,0.5808080808080808,0.31983805668016196,0.49615384615384617,0.6282051282051282,0.5776061776061776,0.7691119691119691,-0.1915057915057915,-0.5983363185627439,-0.2771596784813955,0.20766826923076925,0.6846634615384615,0.30496422182468697,0.7137969588550984,0.16428571428571428,0.7126785714285713,0.23916112956810634,0.7542358803986711,0.09523809523809523,0.7792207792207793,0.23232323232323232,0.8233585858585857,0.12955465587044535,0.7368421052631579,0.2191346153846154,0.7347115384615385,0.0,1.0,0.3535913218752032,0.7105615118042018,0.43340140044504644,0.8438469638469638,-0.30303030303030304,0.029904243627689734,-13.791496543230476,9.434310769931997,0.4,-0.38916321645012947,-0.15452433230337614,-0.19109741655401483,-3.0424647007802434,26,14,4,1.158333822966863,-1.4673824875736152,-3.0424647007802434,-0.7744968516279808,-0.3970099950596162,0.41355555555555557
16,probe_strat,0.7096153846153846,0.33810375670840787,0.8142857142857143,0.23089700996677742,0.6536796536796536,0.4595959595959596,0.7165991902834008,0.23461538461538461,0.3333333333333333,0.44015444015444016,0.450965250965251,-0.010810810810810811,-0.4273852096110503,-0.032284304384472114,0.3932451923076923,0.8183173076923076,0.19045169946332738,0.5840787119856887,0.4035714285714286,0.8821874999999999,0.11129568106312292,0.5715531561461793,0.26396103896103895,0.8485930735930736,0.1919191919191919,0.7575757575757576,0.36022267206477737,0.8866396761133604,0.06913461538461539,0.5961538461538461,0.0,0.9629629629629629,0.2741972580839768,0.6224358974358974,0.2252890749601276,0.7553435694740042,-0.2625482625482626,0.20447750932482445,-17.97479081463809,24.585582487038113,0.5709302325581396,-1.4530898607445757,-20.420898936969365,-6.538830070470972,4.967510202549092,26,14,7,-30.727923833729513,-10.113874040209218,4.967510202549092,1.2941334653090464,-2.394835123805447,0.6370967823599403
16,probe_strat_noinit,0.6336538461538461,0.41144901610017887,0.7214285714285714,0.32059800664451826,0.5714285714285714,0.5505050505050505,0.611336032388664,0.35384615384615387,0.24358974358974358,0.4555984555984556,0.4548262548262548,0.0007722007722007485,-1.0740075444301027,-0.04415654602274644,0.3749759615384615,0.7942548076923076,0.2253577817531306,0.6135957066189625,0.39638392857142857,0.8571874999999999,0.1478405315614618,0.5981312292358804,0.23798701298701297,0.8268398268398268,0.21199494949494951,0.8031565656565655,0.3319838056680162,0.8421052631578947,0.1076923076923077,0.6271153846153844,0.0,0.815,0.2810810810810811,0.6451003086419752,0.21527953441029682,0.7505842030646718,-0.2649033994932432,0.20513513513513512,-17.82040146604214,16.565877832318183,0.5633720930232559,0.03792711119554819,-17.581718791298858,-6.142039550055736,0.5816817070057644,26,14,7,-25.884981938984257,-9.278455643613457,0.5816817070057644,-0.7006468289240527,-1.5007055050084455,0.5034206982101719
16,probe_matched,0.475,0.4275491949910555,0.48392857142857143,0.42358803986710963,0.47619047619047616,0.5,0.4534412955465587,0.33076923076923076,0.38461538461538464,0.5590733590733591,0.7127413127413127,-0.1536679536679536,0.9960090372879121,-0.0913323209128,0.26920673076923074,0.6953124999999999,0.2558139534883721,0.6387745974955276,0.2517857142857143,0.7410714285714286,0.21756644518272428,0.6877491694352159,0.16872294372294372,0.7489177489177489,0.24229797979797982,0.7676767676767676,0.17803643724696355,0.7571862348178137,0.12307692307692308,0.6538461538461539,0.03571428571428571,0.96,0.35818773674242427,0.7135272685272686,0.4526943794939151,0.8593776077056958,-0.34037081339712916,0.04613577863577849,-5.834443895141667,9.706717242188017,0.40406976744186046,0.5019682044971037,3.8715390117810546,1.8505916166944765,-0.91769914725481,26,14,4,6.005061474627962,1.7380165489341466,-0.91769914725481,0.8888136198774583,1.118518085757002,0.6255555555555555
16,dom_regular,0.7067307692307693,0.4284436493738819,0.7,0.41029900332225916,0.7532467532467533,0.4696969696969697,0.7044534412955465,0.4,0.11538461538461539,0.4972972972972973,0.48416988416988416,0.013127413127413168,0.511575666681393,-0.3172315795477399,0.502860576923077,0.8452163461538461,0.2781305903398927,0.6047182468694096,0.45357142857142857,0.8929464285714286,0.2191860465116279,0.6163621262458471,0.4588744588744589,0.922077922077922,0.2222222222222222,0.7171717171717171,0.41295546558704455,0.9109311740890689,0.18076923076923077,0.6194230769230767,0.0,0.6025641025641025,0.35089665815078874,0.696560528782751,0.3030076532436879,0.7359914434523809,-0.13718416999667,0.19229357333524,-2.0113811974916986,3.2387791371984944,0.6162790697674418,-0.6948162665606793,-3.512829340421974,0.17574334559378127,-2.294787791987433,26,14,11,-3.28960876920516,-3.736049911638789,-2.294787791987433,0.04202032952516545,1.0482103377170815,
16,dom_regular_verberase,0.7432692307692308,0.42397137745974955,0.7410714285714286,0.4119601328903654,0.7792207792207793,0.48484848484848486,0.7489878542510121,0.4115384615384615,0.0641025641025641,0.4864864864864865,0.39536679536679536,0.09111969111969115,0.5147545527823904,-0.14340401069616593,0.5298076923076923,0.8654086538461538,0.27542486583184256,0.6315742397137746,0.48392857142857143,0.9053571428571429,0.21590531561461795,0.6678156146179403,0.4804112554112554,0.9308441558441558,0.25252525252525254,0.7525252525252525,0.4574898785425101,0.9271255060728745,0.18846153846153846,0.6461538461538462,0.0,0.5125000000000003,0.351151022610001,0.7175381131433707,0.26169921875,0.6301875901875902,-0.03306451612903229,0.25797458172458165,-0.3019124271393101,2.4688717105096165,0.6715116279069767,-0.4381280548493165,-2.993404430988832,0.15094242697025892,-2.00502662723063,26,14,11,-2.827373052077806,-3.1594358098998585,-2.00502662723063,0.20335225502186707,0.8706428930801311,
16,dom_regular_rank2,0.7442307692307693,0.3962432915921288,0.7392857142857143,0.39700996677740863,0.7835497835497836,0.45454545454545453,0.7489878542510121,0.3384615384615385,0.0641025641025641,0.4725868725868726,0.3915057915057915,0.08108108108108109,0.6115062478059666,-0.1843859098367068,0.5335576923076923,0.8519230769230769,0.2441860465116279,0.5939400715563506,0.4713839285714286,0.914330357142857,0.1810215946843854,0.627906976744186,0.4458874458874459,0.9308441558441558,0.23724747474747476,0.74760101010101,0.44129554655870445,0.9231781376518218,0.15,0.6039423076923076,0.0,0.6124230769230765,0.32409520062942565,0.6741558085017837,0.24859313587177126,0.630982770669303,-0.06487494487494487,0.18960761460761458,-1.0236447342537671,3.8235588155480817,0.6424418604651163,-0.7993967899700696,-3.533842163235599,-0.2004462927054227,-2.6620166822860183,26,14,11,-3.5898633050249935,-3.477821021446205,-2.6620166822860183,0.2607486606629671,1.0123720616836807,
17,adom_matched,0.5413461538461538,0.39803220035778175,0.5660714285714286,0.3754152823920266,0.5584415584415584,0.4494949494949495,0.5546558704453441,0.38461538461538464,0.10256410256410256,0.48957528957528956,0.7359073359073359,-0.24633204633204636,-0.44701337222387,-0.2031434345107084,0.25959134615384616,0.7164182692307691,0.2674194991055456,0.6440295169946333,0.24633928571428573,0.7732589285714285,0.19248338870431897,0.6761212624584718,0.14274891774891774,0.8138528138528138,0.20202020202020202,0.7727272727272727,0.21862348178137653,0.8137651821862348,0.16923076923076924,0.6884615384615385,0.0,0.9416666666666672,0.33555686425198256,0.6671819625789153,0.3705823863636364,0.8500048262548262,-0.34403505865815415,0.04799821430427251,-7.689039677823898,8.907784464588737,0.4436046511627907,2.6534319172559706,10.694643759391372,-0.8939068375031846,6.315811980502897,26,14,4,11.48020122485866,9.909086293924084,6.315811980502897,0.7163915569584265,-1.7766190055750664,0.37088888888888893
17,dom_matched,0.3548076923076923,0.5599284436493739,0.325,0.5830564784053156,0.30735930735930733,0.5555555555555556,0.3441295546558704,0.5076923076923077,0.5512820512820513,0.57992277992278,0.7621621621621621,-0.18223938223938219,-0.5306125077582795,-0.29870535238400264,0.19036057692307692,0.6731009615384616,0.32379248658318427,0.7245304114490161,0.16424107142857142,0.714375,0.27906976744186046,0.770764119601329,0.08647186147186148,0.7491341991341989,0.25252525252525254,0.8181818181818182,0.1417004048582996,0.7530364372469636,0.21153846153846154,0.7423076923076923,0.0,1.0,0.3698235735735736,0.7148546006944444,0.432400535862377,0.8539197267161683,-0.29607694003527335,0.04585796040904391,-10.68866824264347,13.571468365281275,0.4063953488372093,-0.46237927283122404,0.27785771127208403,-0.47344747597820147,-2.8598326910058782,26,14,4,2.1327188000113066,-1.5770033774671386,-2.8598326910058782,-0.7045123859421778,-0.3318697898338243,0.41600000000000004
17,probe_strat,0.6288461538461538,0.4069767441860465,0.7178571428571429,0.313953488372093,0.5238095238095238,0.5606060606060606,0.6680161943319838,0.31153846153846154,0.34615384615384615,0.444015444015444,0.49498069498069497,-0.05096525096525095,-0.050639928796986526,-0.024726943784549687,0.32689903846153845,0.8019951923076922,0.22271914132379247,0.6332960644007156,0.3517857142857143,0.8643303571428571,0.14285714285714285,0.606312292358804,0.2076839826839827,0.8269480519480519,0.18686868686868688,0.75770202020202,0.3035425101214575,0.8825910931174089,0.09990384615384616,0.6577884615384615,0.0,0.9642857142857143,0.30233826403914243,0.6270599384879478,0.20689014517496027,0.74396164021164,-0.2579566267066267,0.23388136686009028,-25.566362217377172,17.075434564688955,0.5517441860465117,-1.0424009908718375,-29.42311444410049,-7.682981572096615,11.355845526185654,26,14,7,-47.093136994101634,-11.753091894099349,11.355845526185654,1.132842885366901,-1.403191716412859,0.5965525429735956
17,probe_strat_noinit,0.5884615384615385,0.501788908765653,0.6321428571428571,0.4335548172757475,0.5584415584415584,0.601010101010101,0.5668016194331984,0.4846153846153846,0.2564102564102564,0.43938223938223936,0.5451737451737452,-0.10579150579150581,-0.3906684156632007,-0.03822884768335473,0.34129807692307695,0.7780528846153845,0.2521243291592129,0.6574239713774598,0.3785267857142857,0.8464285714285714,0.19269102990033224,0.6479651162790697,0.2510822510822511,0.8484848484848485,0.2222222222222222,0.7929292929292929,0.3117408906882591,0.8299595141700404,0.17298076923076924,0.7347115384615385,0.0,0.84,0.30079334077380954,0.6339665800530738,0.22561957199147603,0.7597638472638473,-0.25796872945479754,0.19044788159371484,-17.89477686828018,15.619499638464493,0.5906976744186047,0.8603528385576336,-10.985659229751104,-3.6842701610724724,1.427208906177883,26,14,7,-17.278159370301783,-4.693159089200424,1.427208906177883,-0.3776212228249719,-0.405579493192605,0.5205319612161718
17,probe_matched,0.4048076923076923,0.4856887298747764,0.3892857142857143,0.4950166112956811,0.3852813852813853,0.5202020202020202,0.3724696356275304,0.4269230769230769,0.3076923076923077,0.525096525096525,0.7243243243243244,-0.19922779922779932,0.8432387868786432,-0.10374354164240301,0.2508894230769231,0.6615624999999999,0.30051431127012523,0.6717352415026834,0.20714285714285716,0.689375,0.26245847176079734,0.6976744186046512,0.15151515151515152,0.7186147186147186,0.2828282828282828,0.7829545454545453,0.17803643724696355,0.7247975708502022,0.16923076923076924,0.6923076923076923,0.0,0.8888888888888888,0.35583739177489176,0.6750561145510836,0.47240142740142743,0.8572131055411936,-0.35263949900923736,0.01591986331569655,-7.874422275205082,9.961852416376562,0.4046511627906977,-0.1658103181683502,3.8655669481490516,1.2119599998544148,-0.47033085387714146,26,14,4,6.434981984706133,1.2961519115919697,-0.47033085387714146,1.1747090925078099,0.46441558044530984,0.6033333333333333
17,dom_regular,0.7028846153846153,0.4212880143112701,0.7,0.4069767441860465,0.7489177489177489,0.46464646464646464,0.6963562753036437,0.3923076923076923,0.1282051282051282,0.5034749034749034,0.4888030888030888,0.01467181467181461,0.5581049252778563,-0.3216513833239392,0.5153846153846153,0.8307932692307692,0.27549194991055453,0.5931350626118067,0.4820982142857143,0.9018303571428571,0.20427740863787378,0.6362126245847176,0.45454545454545453,0.9221861471861471,0.23737373737373738,0.7222222222222222,0.4089068825910931,0.9068825910931174,0.18067307692307694,0.6230769230769231,0.0,0.5925925925925926,0.3429659598214286,0.7028864713526736,0.2871389232325503,0.7159143307574543,-0.14127091377091372,0.21391342891342893,-1.5539649042178427,4.649733803587227,0.6127906976744186,-0.7517737478927765,-3.4385476646533415,0.21171086743853204,-2.2388872236385784,26,14,11,-3.194641377941505,-3.682453951365178,-2.2388872236385784,0.06647172384131572,1.119971441205331,
17,dom_regular_verberase,0.7509615384615385,0.4150268336314848,0.75,0.40365448504983387,0.7878787878787878,0.4696969696969697,0.7651821862348178,0.38846153846153847,0.0641025641025641,0.4980694980694981,0.36061776061776063,0.13745173745173744,0.5651282597693955,-0.13089349609164913,0.5461298076923077,0.8586778846153845,0.28705277280858676,0.6323792486583184,0.48741071428571425,0.9107589285714285,0.22093023255813954,0.647923588039867,0.4198051948051948,0.935064935064935,0.22714646464646465,0.7981060606060605,0.4654858299595142,0.9230769230769231,0.18461538461538463,0.6385576923076922,0.0,0.5212692307692309,0.3597470238095238,0.766045081045081,0.24544552669552672,0.5897431077694235,-0.00927854938271598,0.3266836905459196,-0.24498567013864636,3.048313496187578,0.6761627906976744,-0.4450791020220148,-2.8504165415483524,0.10488073173276032,-1.8372459138898969,26,14,11,-2.6401033350075345,-3.0607297480891704,-1.8372459138898969,0.22696002914166574,0.9516062376296585,
17,dom_regular_rank2,0.7528846153846154,0.3774597495527728,0.7553571428571428,0.3754152823920266,0.7965367965367965,0.4444444444444444,0.757085020242915,0.31153846153846154,0.07692307692307693,0.46795366795366794,0.3583011583011583,0.10965250965250967,0.6058991643676895,-0.17289620577330983,0.5460817307692307,0.8682692307692308,0.2459525939177102,0.583206618962433,0.49107142857142855,0.925,0.1926495016611296,0.6129983388704319,0.48906926406926404,0.9438311688311688,0.2222222222222222,0.7425505050505049,0.4614372469635628,0.9311740890688259,0.1423076923076923,0.59625,0.0,0.6784821428571429,0.33511718749999997,0.6916439978939979,0.23808691308691307,0.5961077325667108,-0.04321145496401208,0.2639351538312694,-1.103997021690306,3.9871536416259015,0.6401162790697674,-0.8217240252256891,-3.646424244712575,-0.29663242891419067,-2.4183802511129464,26,14,11,-3.8115678665438812,-3.4812806228812687,-2.4183802511129464,0.19020566919789994,1.0809774445617346,
18,adom_matched,0.5471153846153847,0.3855098389982111,0.5732142857142857,0.3687707641196013,0.5541125541125541,0.4393939393939394,0.5587044534412956,0.3730769230769231,0.0641025641025641,0.48185328185328186,0.7027027027027027,-0.22084942084942089,-0.45571058917387963,-0.2212935434349934,0.2519230769230769,0.7153846153846154,0.2602638640429338,0.6334078711985688,0.24285714285714285,0.7857589285714285,0.19601328903654486,0.6462624584717607,0.14707792207792209,0.7879870129870129,0.20707070707070707,0.74760101010101,0.23076923076923078,0.8097165991902834,0.18461538461538463,0.6884615384615385,0.0,0.9629629629629629,0.30923573975044566,0.6494717168556665,0.35482253086419757,0.860689183212403,-0.34694906655844154,0.06204342890827279,-9.46103120056637,7.236108799634743,0.4383720930232558,2.347563048153902,9.787084668860688,-0.45108340074347736,6.064771834668855,26,14,4,10.51377233520647,9.060397002514906,6.064771834668855,0.5320337763595956,-1.5845612926407087,0.3844444444444445
18,dom_matched,0.3375,0.556350626118068,0.3,0.5913621262458472,0.30303030303030304,0.5303030303030303,0.3360323886639676,0.5269230769230769,0.44871794871794873,0.5629343629343629,0.7575289575289575,-0.1945945945945946,-0.3660882712257858,-0.29474614043929515,0.19615384615384615,0.6808413461538461,0.31393112701252235,0.7075357781753131,0.14638392857142857,0.7000446428571427,0.27566445182724253,0.7790697674418605,0.09945887445887447,0.7619047619047619,0.22714646464646465,0.7828282828282829,0.13360323886639677,0.7530364372469636,0.2268269230769231,0.7539423076923076,0.0,1.0,0.36841902052428366,0.7227522369123931,0.40240876254808144,0.8360568649457538,-0.29376736111111107,0.0836444051304732,-7.7534998403951665,7.55724836391752,0.3930232558139535,-0.3257066607906577,0.7441207768410119,-0.022637562119939798,-1.369838113387444,26,14,4,1.95162665608424,-0.46338510240221614,-1.369838113387444,-0.6135790830472572,-0.0832416291441043,0.40800000000000003
18,probe_strat,0.6105769230769231,0.4186046511627907,0.6767857142857143,0.3637873754152824,0.5021645021645021,0.5404040404040404,0.7044534412955465,0.28846153846153844,0.38461538461538464,0.4664092664092664,0.3799227799227799,0.08648648648648649,-0.7752316462761774,-0.02056926740646256,0.3643028846153846,0.7875240384615384,0.21556350626118068,0.600201252236136,0.3375,0.8625,0.1461794019933555,0.6213870431893687,0.23376623376623376,0.8181818181818182,0.23737373737373738,0.7676767676767676,0.3803643724696356,0.8866396761133604,0.1,0.5926923076923073,0.0,0.8932142857142854,0.30846027846027846,0.6406597290519276,0.16679697941726812,0.6780122852839571,-0.17782963564213566,0.30215807636342645,-17.563674662934666,13.822281086554554,0.5453488372093023,-0.9589591040136423,-20.350482365789997,-6.848621457637836,8.15126241456103,26,14,7,-32.51589675623815,-8.185067975341846,8.15126241456103,0.13211127997403826,-1.8121949905621384,0.5947784359889623
18,probe_strat_noinit,0.5865384615384616,0.5080500894454383,0.6642857142857143,0.4169435215946844,0.49783549783549785,0.6313131313131313,0.631578947368421,0.40384615384615385,0.2948717948717949,0.4749034749034749,0.42316602316602314,0.051737451737451756,-0.4291659560351107,-0.023904499996132197,0.37401442307692306,0.7885096153846153,0.2512969588550984,0.6637075134168158,0.37669642857142854,0.8571428571428571,0.1893687707641196,0.6412375415282392,0.22489177489177492,0.8138528138528138,0.24734848484848487,0.8383838383838383,0.32388663967611336,0.8461538461538461,0.14990384615384617,0.6808653846153846,0.0,0.7857142857142857,0.30067987567987564,0.640501219129022,0.1791222790680995,0.6723102836879432,-0.17873461174242433,0.25021475924935893,-16.84728545423764,13.929045359475342,0.6244186046511628,0.9395358802887168,-6.860126587372322,-2.58006968125188,1.3993612358549554,26,14,7,-10.980499892768117,-2.7397532819765256,1.3993612358549554,-0.32417349715263394,-0.549157337615084,0.5311986278828384
18,probe_matched,0.41923076923076924,0.4964221824686941,0.4035714285714286,0.4983388704318937,0.36796536796536794,0.5707070707070707,0.43724696356275305,0.41923076923076924,0.3076923076923077,0.5196911196911197,0.6934362934362934,-0.17374517374517373,0.9144899200057709,-0.09421946470933215,0.24514423076923075,0.6711538461538461,0.2897361359570662,0.6601073345259392,0.19638392857142856,0.6839732142857142,0.2541528239202658,0.7259136212624585,0.14707792207792209,0.6796536796536796,0.2474747474747475,0.7829545454545453,0.1700404858299595,0.7611336032388664,0.16144230769230772,0.669326923076923,0.0,0.8982720178372354,0.3457561452447369,0.6791490758983018,0.4091940341940342,0.8357319223985891,-0.34188958825072124,0.07694980694980687,-7.770403068367167,11.83668026151688,0.4052325581395349,-0.2206334362432501,3.65991544561995,1.7776256483003368,-0.2488441551172847,26,14,4,5.933262767066904,1.386568124172996,-0.2488441551172847,0.9645030027016668,0.8573321112104614,0.6033333333333333
18,dom_regular,0.6855769230769231,0.4338103756708408,0.6892857142857143,0.41362126245847175,0.7402597402597403,0.4797979797979798,0.6639676113360324,0.3923076923076923,0.14102564102564102,0.4957528957528958,0.4718146718146718,0.02393822393822398,0.5459630848229661,-0.3165173851513516,0.49709134615384615,0.8240384615384615,0.27457513416815743,0.5975402504472271,0.46419642857142857,0.8982142857142857,0.19426910299003322,0.6245847176079734,0.46320346320346323,0.9048701298701298,0.22714646464646465,0.7272727272727273,0.4006072874493927,0.8947368421052632,0.19980769230769233,0.6500961538461538,0.0,0.5407509157509157,0.34197389781271365,0.678032397169394,0.2661631797854708,0.6865504045712378,-0.14051897321428572,0.23794347919347916,-2.6842318110472987,5.483413132850383,0.6052325581395349,-0.7547888901971417,-3.467130926535388,0.3321307315660576,-2.3487445298394745,26,14,11,-3.2861242714107988,-3.6481375816599773,-2.3487445298394745,0.016016983538624616,1.1516157720050704,
18,dom_regular_verberase,0.7384615384615385,0.4212880143112701,0.7428571428571429,0.4053156146179402,0.7705627705627706,0.4696969696969697,0.7530364372469636,0.4230769230769231,0.0641025641025641,0.5135135135135135,0.3544401544401544,0.15907335907335907,0.5386488344687906,-0.11591461225504086,0.5316586538461539,0.8452163461538461,0.28354203935599287,0.6511627906976745,0.47852678571428575,0.8964732142857142,0.2308139534883721,0.6661544850498339,0.47619047619047616,0.935064935064935,0.22727272727272727,0.752651515151515,0.47368421052631576,0.9110323886639675,0.2076923076923077,0.6502884615384613,0.0,0.49,0.34802248306151484,0.7593877588041795,0.2352958622685185,0.5833978328173375,0.007654435781894461,0.3627911086309523,-0.3041422129922192,3.326022352475338,0.6633720930232558,-0.45444598758009447,-2.898848162188277,0.15272751952650035,-1.9019338813821014,26,14,11,-2.752419018049548,-3.0452773063270064,-1.9019338813821014,0.19279957870150866,0.9339051267742561,
18,dom_regular_rank2,0.7423076923076923,0.38461538461538464,0.7482142857142857,0.37209302325581395,0.7922077922077922,0.4595959595959596,0.7449392712550608,0.3269230769230769,0.07692307692307693,0.4826254826254826,0.349034749034749,0.1335907335907336,0.6340709998723609,-0.16890171636441303,0.5297596153846154,0.8538461538461538,0.24324686940966012,0.5859347048300536,0.4838392857142857,0.9285714285714286,0.19269102990033224,0.608014950166113,0.5062770562770562,0.9523809523809523,0.21704545454545457,0.6970959595959595,0.46153846153846156,0.9271255060728745,0.14211538461538462,0.59625,0.0,0.601944444444444,0.3233658032704879,0.724924925113586,0.22824587851761763,0.5717785493827161,-0.018578175887579904,0.3112676962676961,-2.3019319236696356,4.9224036534506,0.6366279069767442,-0.8637942201856026,-3.5569198779165783,-0.19263346756248398,-2.4530705586038177,26,14,11,-3.755714803332185,-3.3581249525009715,-2.4530705586038177,0.18239367137703733,1.1502736610098736,
19,adom_matched,0.55,0.38014311270125223,0.5714285714285714,0.36212624584717606,0.5627705627705628,0.41919191919191917,0.5506072874493927,0.34615384615384615,0.0641025641025641,0.47644787644787645,0.7065637065637066,-0.23011583011583014,-0.48645954439337546,-0.20042860801713297,0.2528605769230769,0.7250240384615384,0.26196332737030414,0.6431350626118069,0.23388392857142856,0.7928571428571428,0.2075996677740864,0.6395764119601329,0.14285714285714285,0.8053030303030303,0.1919191919191919,0.7525252525252525,0.2103238866396761,0.7975708502024291,0.18067307692307694,0.6692307692307692,0.0,0.9285714285714286,0.32553932178932177,0.665877097427665,0.3350966466072682,0.844025739029609,-0.343400782247765,0.07203374039674344,-10.759181901886265,11.491535569723748,0.4372093023255814,2.2687149647149463,9.153613119574558,-0.3826657250017956,5.950457910489241,26,14,4,9.532369997546386,8.774856241602729,5.950457910489241,0.430198028122838,-1.5340681986976195,0.3573333333333334
19,dom_matched,0.3057692307692308,0.5813953488372093,0.275,0.6046511627906976,0.27705627705627706,0.5454545454545454,0.29959514170040485,0.5461538461538461,0.46153846153846156,0.5752895752895753,0.7498069498069498,-0.1745173745173746,-0.081761672775722,-0.27406081059564935,0.18747596153846155,0.6511057692307691,0.3139087656529517,0.7200357781753131,0.1266517857142857,0.6768303571428571,0.28903654485049834,0.7774086378737541,0.09090909090909091,0.7359307359307359,0.20694444444444446,0.7929292929292929,0.13765182186234817,0.7207489878542509,0.2153846153846154,0.7731730769230769,0.0,1.0,0.3769538139329806,0.7003867359422915,0.4092514673010029,0.8426035769785769,-0.3023255813953488,0.08780311878944248,-8.65491232596514,13.317791389698497,0.3866279069767442,-0.5127951114752815,0.32699559846795834,0.13095697912779336,-1.597061120439863,26,14,4,1.6244038573713593,-0.9704126604354426,-1.597061120439863,-0.45313388296511614,0.34266371029787124,0.40555555555555556
19,probe_strat,0.5990384615384615,0.45348837209302323,0.6678571428571428,0.38372093023255816,0.5021645021645021,0.5404040404040404,0.6518218623481782,0.36153846153846153,0.358974358974359,0.4972972972972973,0.2888030888030888,0.20849420849420852,-0.4759023263546118,-0.02262230414949467,0.36151442307692305,0.7693269230769231,0.2441860465116279,0.6073568872987478,0.3731696428571429,0.8572321428571428,0.16274916943521597,0.5897425249169436,0.22077922077922077,0.8051948051948052,0.22727272727272727,0.7727272727272727,0.3723684210526316,0.8704453441295547,0.12307692307692308,0.6384615384615384,0.0,0.8928571428571429,0.29057017543859653,0.6232044965050473,0.1366731016731017,0.6278385128385128,-0.15268701440794646,0.3289075319739383,-18.69841927870326,15.842147706274767,0.5505813953488372,-0.28328741235129845,-21.151526970305206,-7.215852502262884,8.230938384030146,26,14,7,-33.000711431501884,-9.302342509108525,8.230938384030146,0.5953666075733814,-1.700209679415175,0.6131867294498873
19,probe_strat_noinit,0.6038461538461538,0.518783542039356,0.6857142857142857,0.420265780730897,0.5584415584415584,0.5959595959595959,0.6153846153846154,0.45384615384615384,0.2564102564102564,0.4725868725868726,0.3691119691119691,0.10347490347490351,-0.030078166317145896,-0.03219065902337061,0.3758653846153846,0.78375,0.2834525939177102,0.6627906976744186,0.35892857142857143,0.8321875,0.20926079734219272,0.629609634551495,0.24664502164502164,0.8096320346320346,0.24242424242424243,0.7828282828282829,0.3360323886639676,0.8340080971659919,0.1768269230769231,0.6924999999999998,0.0,0.8469230769230767,0.2963838501261102,0.6208567347109014,0.16083052749719415,0.6562526128762541,-0.15313560956790126,0.2896125030805881,-12.917554500291883,15.310263237708433,0.6517441860465116,0.9355838459485868,-5.722602237762004,-2.086090410658099,0.8208079133416019,26,14,7,-9.059071428977493,-2.3861330465465156,0.8208079133416019,0.06459560794793662,-0.1382767654772403,0.5306765904660641
19,probe_matched,0.4221153846153846,0.47584973166368516,0.4160714285714286,0.47840531561461797,0.3939393939393939,0.5252525252525253,0.4048582995951417,0.38461538461538464,0.32051282051282054,0.5057915057915058,0.6563706563706564,-0.1505791505791506,0.48440998070567287,-0.09153561139288666,0.25189903846153844,0.6423798076923076,0.2870304114490161,0.6529516994633273,0.19995535714285714,0.6911160714285713,0.24584717607973422,0.7043189368770764,0.16006493506493505,0.7012987012987013,0.24242424242424243,0.7777777777777778,0.16194331983805668,0.7165991902834008,0.15384615384615385,0.6654807692307692,0.0,0.8928571428571429,0.3402712342956429,0.6710973034437946,0.3210729974777962,0.8277876676986583,-0.3399082292486231,0.13658222418917737,-7.76933744069861,11.157004188623548,0.4029069767441861,-0.1339612917601895,3.59081301350234,2.0401314270614503,-0.07360543354509058,26,14,4,6.183176280620116,0.9984497463845639,-0.07360543354509058,0.4648900582223489,0.5067184635437575,0.6064444444444445
19,dom_regular,0.6826923076923077,0.4347048300536673,0.6839285714285714,0.420265780730897,0.7359307359307359,0.47474747474747475,0.659919028340081,0.3923076923076923,0.15384615384615385,0.4826254826254826,0.4702702702702703,0.012355212355212308,0.7527962990446856,-0.32555133150520066,0.5307692307692308,0.8250721153846152,0.288886404293381,0.5877012522361359,0.4713839285714286,0.8964285714285715,0.2058970099667774,0.6362126245847176,0.4675324675324675,0.9134199134199135,0.21717171717171718,0.702020202020202,0.44929149797570855,0.8745951417004048,0.2191346153846154,0.6077884615384614,0.0,0.5185185185185185,0.3387405303030303,0.65601164631718,0.2715807722616233,0.6931186868686868,-0.15669697700947696,0.21587742504409177,-1.8475774399219198,5.642331446753446,0.6052325581395349,-0.8151034918272579,-3.3454716314607538,0.39297191156570016,-2.5588599492995874,26,14,11,-2.86749930929015,-3.8234439536313576,-2.5588599492995874,0.16519812319368532,1.4243370714458286,
19,dom_regular_verberase,0.739423076923077,0.41949910554561715,0.7339285714285714,0.40863787375415284,0.7835497835497836,0.4696969696969697,0.7408906882591093,0.40384615384615385,0.10256410256410256,0.5019305019305019,0.3474903474903475,0.1544401544401544,0.6925156177028895,-0.1360779050421923,0.5364663461538461,0.8577403846153845,0.2754025044722719,0.6288685152057244,0.4963839285714286,0.9054464285714285,0.21756644518272428,0.6429817275747508,0.4674242424242424,0.9393939393939394,0.23232323232323232,0.7223484848484847,0.4534412955465587,0.9312753036437246,0.20759615384615387,0.6538461538461539,0.0,0.5008333333333326,0.34920741705246916,0.749038588101088,0.23071428571428573,0.5672688422688422,-0.0009511925272794767,0.35911196911196913,-0.23647871511022786,3.743710325260084,0.6622093023255814,-0.5835273405175792,-2.931726547265881,0.18487689351344297,-2.2000365840646556,26,14,11,-2.484183473271573,-3.3792696212601885,-2.2000365840646556,0.2720127161916308,1.1730903622871856,
19,dom_regular_rank2,0.7307692307692307,0.389087656529517,0.7357142857142858,0.3803986710963455,0.7619047619047619,0.43434343434343436,0.7408906882591093,0.35384615384615387,0.08974358974358974,0.4749034749034749,0.3413127413127413,0.1335907335907336,0.8119680907067316,-0.194762258745821,0.5480288461538462,0.8616586538461538,0.24593023255813953,0.5644454382826475,0.49642857142857144,0.9232589285714285,0.18430232558139534,0.5931478405315614,0.48906926406926404,0.9438311688311688,0.19696969696969696,0.6868686868686869,0.47763157894736846,0.9191295546558703,0.14990384615384617,0.5884615384615385,0.0,0.611036789297659,0.3279848481733004,0.7286274341070023,0.21553219189225942,0.5618542568542567,-0.03751064241486071,0.3226936989821007,-3.1729891323474924,5.569090001867617,0.6215116279069768,-1.0279563491595047,-3.6491947379216336,-0.09272568121503277,-2.8776891641924056,26,14,11,-3.5206067638319114,-3.777782712011356,-2.8776891641924056,0.25234188357988585,1.4515408988516982,
20,adom_matched,0.5355769230769231,0.40429338103756707,0.5517857142857143,0.38870431893687707,0.5281385281385281,0.4393939393939394,0.5465587044534413,0.38076923076923075,0.08974358974358974,0.5042471042471043,0.749034749034749,-0.2447876447876447,-0.38010973045195506,-0.23883338229077697,0.2681971153846154,0.7144471153846154,0.28354203935599287,0.6395796064400715,0.24459821428571427,0.7642857142857142,0.23745847176079735,0.6528654485049834,0.15151515151515152,0.8008658008658008,0.20202020202020202,0.7373737373737373,0.24686234817813765,0.805668016194332,0.2114423076923077,0.669326923076923,0.0,0.9202597402597403,0.336701755275974,0.6633708028019173,0.39927810927810925,0.8695348113090048,-0.3573120482149882,0.056633410832327105,-12.701658387570019,9.870961101527941,0.4476744186046512,2.140250157574229,8.76683566553804,-1.0612609060737415,6.84940624701084,26,14,4,8.974820976797837,8.558850354278242,6.84940624701084,0.6856035295867298,-1.5980677419247376,0.3493333333333334
20,dom_matched,0.2875,0.6064400715563506,0.2785714285714286,0.6262458471760798,0.22510822510822512,0.6111111111111112,0.30364372469635625,0.5538461538461539,0.5769230769230769,0.5976833976833977,0.7444015444015444,-0.14671814671814665,-0.044782613770604364,-0.3022322221522332,0.17204326923076924,0.6279807692307692,0.32374776386404297,0.7343470483005367,0.14995535714285713,0.6553571428571429,0.320514950166113,0.7874169435215947,0.07792207792207792,0.6755411255411253,0.2828282828282828,0.8131313131313131,0.13360323886639677,0.6882591093117408,0.2729807692307692,0.7692307692307693,0.0,1.0,0.3752726609847353,0.7028228958724314,0.42116414448554546,0.8397832817337462,-0.29351974149724047,0.0772619680487499,-7.654795467683866,5.601456145237523,0.4052325581395349,-0.9325743552365491,-1.01060828548529,-0.2709647062370946,-2.156665871350537,26,14,4,0.013109205226093653,-2.0343257761966735,-2.156665871350537,-0.4049850139371803,0.3668772721340538,0.4517777777777777
20,probe_strat,0.6451923076923077,0.43559928443649376,0.7125,0.3637873754152824,0.5714285714285714,0.5,0.7206477732793523,0.3346153846153846,0.3974358974358974,0.48725868725868726,0.355984555984556,0.1312741312741313,-0.49066652574997344,-0.02750607395452718,0.37110576923076927,0.7836778846153846,0.24776386404293382,0.6109347048300536,0.3908482142857143,0.8571428571428571,0.1611295681063123,0.5798172757475082,0.22943722943722944,0.8008658008658008,0.23737373737373738,0.7425505050505049,0.376417004048583,0.8785425101214575,0.12307692307692308,0.6308653846153846,0.0,0.9259259259259259,0.2992074170524691,0.6539751139130021,0.18500601995184038,0.6764899380804954,-0.17590790917029298,0.2732232957194257,-12.391089269609017,12.93508149370962,0.588953488372093,-0.27344170280034963,-9.284231648384331,-4.266877968135575,4.748711164806045,26,14,7,-14.934563535440063,-3.633899761328601,4.748711164806045,0.09837631779147826,-1.1638583469402042,0.6147493481177692
20,probe_strat_noinit,0.6240384615384615,0.5089445438282647,0.7,0.4269102990033223,0.5151515151515151,0.6060606060606061,0.6761133603238867,0.4461538461538462,0.2564102564102564,0.4864864864864865,0.5027027027027027,-0.01621621621621616,0.05375898702438137,-0.045054017986872974,0.3692067307692308,0.782764423076923,0.2951252236135957,0.6717799642218246,0.40535714285714286,0.8590624999999998,0.19759136212624584,0.6312707641196014,0.24242424242424243,0.8269480519480519,0.2523989898989899,0.8082070707070705,0.38866396761133604,0.854251012145749,0.18057692307692308,0.6731730769230769,0.0,0.7777777777777778,0.3073277536631574,0.6417067247082983,0.2126192167207792,0.7246116383616383,-0.22247104247104252,0.22391883116883107,-13.545414858811744,9.813660122326512,0.6517441860465116,0.6855516257234117,-4.294736556837522,-1.7419075919221643,0.3022864401496662,26,14,7,-6.576176342640208,-2.0132967710348364,0.3022864401496662,0.16339536158067336,-0.07153972675423802,0.5102333105490999
20,probe_matched,0.43173076923076925,0.4865831842576029,0.43392857142857144,0.4850498338870432,0.36363636363636365,0.5606060606060606,0.46963562753036436,0.3923076923076923,0.32051282051282054,0.5498069498069498,0.7428571428571429,-0.1930501930501931,0.682690061357858,-0.10085078167483558,0.2413221153846154,0.6432692307692308,0.31294722719141327,0.6592128801431127,0.21428571428571427,0.6858035714285714,0.27400332225913626,0.7059800664451827,0.146969696969697,0.671212121212121,0.26262626262626265,0.797979797979798,0.1902834008097166,0.757085020242915,0.17692307692307693,0.669326923076923,0.03361801242236027,0.8846153846153846,0.38297576712050396,0.6946472446472447,0.42458869583869585,0.8548455598455599,-0.3320592169550503,0.08307318983100205,-12.191511106987614,11.741645237846747,0.41569767441860467,-0.3494015696385138,3.5731490214109516,2.256238021926979,-0.019472540638963556,26,14,4,6.544958081162038,0.6013399616598646,-0.019472540638963556,0.6314030854238852,0.7413037481395411,0.5528888888888889
20,dom_regular,0.6990384615384615,0.43738819320214667,0.7142857142857143,0.4186046511627907,0.7359307359307359,0.47474747474747475,0.6963562753036437,0.4115384615384615,0.1282051282051282,0.5305019305019305,0.5513513513513514,-0.020849420849420874,0.6630380265528786,-0.235069582570741,0.5442067307692308,0.8605769230769231,0.2736583184257603,0.6154293381037567,0.5195535714285715,0.9036160714285714,0.21250000000000002,0.6179401993355482,0.48484848484848486,0.9178571428571428,0.25252525252525254,0.7374999999999998,0.4654858299595142,0.8988866396761133,0.2076923076923077,0.6385576923076922,0.0,0.48029629629629617,0.39700402462121215,0.7369345661450923,0.35781048906048907,0.7933788890799984,-0.20379049918033382,0.1716292035582487,-0.17039253601964463,3.6796573758624773,0.6482558139534884,-0.529593901200823,-2.5213799373895163,0.48623758232143244,-2.1104680989999767,26,14,11,-2.1473444979522367,-2.895415376826796,-2.1104680989999767,0.20043833750628032,1.1917233854632767,
20,dom_regular_verberase,0.7894230769230769,0.43917710196779963,0.7678571428571429,0.4368770764119601,0.8398268398268398,0.4797979797979798,0.7773279352226721,0.4461538461538462,0.0641025641025641,0.6038610038610038,0.3861003861003861,0.21776061776061773,0.507894669735834,-0.022567105315703988,0.5499759615384616,0.8798076923076923,0.29780858676207517,0.6601296958855098,0.475,0.9125446428571428,0.23750000000000002,0.7093438538205981,0.5107142857142858,0.9567099567099567,0.2222222222222222,0.75770202020202,0.48582995951417,0.9150809716599189,0.24615384615384617,0.731057692307692,0.0,0.3874581939799328,0.3954326998251147,0.8078386327214453,0.2625482625482625,0.5913221013221013,0.011798062938896908,0.38984374999999993,-0.140255387959186,1.8560967204713412,0.7377906976744186,-0.30701679062213716,-2.299246201787354,0.2877194636209216,-1.840620476193474,26,14,11,-2.036453203664932,-2.562039199909776,-1.840620476193474,0.23979610932270332,0.8142930244936976,
20,dom_regular_rank2,0.7442307692307693,0.37924865831842575,0.7482142857142857,0.36212624584717606,0.7922077922077922,0.41919191919191917,0.7449392712550608,0.34615384615384615,0.07692307692307693,0.4942084942084942,0.383011583011583,0.11119691119691122,0.783447321652381,-0.11964969927031632,0.5537259615384615,0.8692307692307693,0.2432692307692308,0.5778622540250447,0.5106696428571428,0.9196428571428571,0.19435215946843853,0.6029900332225914,0.5107142857142858,0.9481601731601731,0.19684343434343435,0.7223484848484847,0.46558704453441296,0.9311740890688259,0.17692307692307693,0.6039423076923076,0.0,0.5505357142857138,0.33112581862581864,0.7436293436293436,0.24612123842592593,0.6092833892833893,-0.04416078202842915,0.3064075540556594,-1.231850997081865,4.241629414941503,0.6441860465116279,-0.9110681169557475,-3.443501342758166,-0.12026707196385522,-2.88959147118371,26,14,11,-3.4977928561011713,-3.389209829415161,-2.88959147118371,0.28356164828764574,1.3547452340692208,
21,adom_matched,0.5278846153846154,0.41949910554561715,0.55,0.4069767441860465,0.5367965367965368,0.45454545454545453,0.5060728744939271,0.3923076923076923,0.08974358974358974,0.5173745173745173,0.752895752895753,-0.2355212355212356,-0.5516913074758876,-0.2658022680926357,0.25375,0.6991826923076921,0.2790474060822898,0.6288237924865832,0.22495535714285714,0.7589732142857142,0.23750000000000002,0.6661129568106312,0.16017316017316016,0.7879870129870129,0.2018939393939394,0.7373737373737373,0.22267206477732793,0.7813765182186235,0.2153846153846154,0.6808653846153846,0.0,0.9449786324786325,0.3595027495027495,0.681179527589743,0.40435799011723483,0.8591777202845314,-0.3364591427091427,0.06900695008116876,-8.285642324766707,11.5111203435195,0.45058139534883723,2.8787169556120342,12.779978115177972,-2.4576877438706917,9.531532779086834,26,14,4,13.300652997500304,12.259303232855638,9.531532779086834,1.0651388669879378,-2.399497221148831,0.38133333333333336
21,dom_matched,0.3,0.6028622540250447,0.28214285714285714,0.6212624584717608,0.24242424242424243,0.5959595959595959,0.3157894736842105,0.5423076923076923,0.5769230769230769,0.6,0.7505791505791506,-0.1505791505791506,0.050791676600256845,-0.3015133987415901,0.18552884615384616,0.6241346153846153,0.3595706618962433,0.7254695885509839,0.14107142857142857,0.651875,0.3321843853820598,0.770764119601329,0.08225108225108226,0.7142857142857143,0.25744949494949493,0.8334595959595958,0.1417004048582996,0.7045546558704452,0.23846153846153847,0.7653846153846153,0.013818840579710152,0.9677197802197797,0.40943831657840946,0.7164340672348485,0.43256317515432097,0.8490953984955533,-0.2964771974416798,0.0627091725737237,-12.71498656804569,7.734448371110138,0.42209302325581394,-0.980742922635617,-0.9419277513964405,-0.5066145043800616,-2.059958983405476,26,14,4,-0.033608873617369264,-1.8502466291755117,-2.059958983405476,-0.3126481517661941,0.46615148044762955,0.43577777777777776
21,probe_strat,0.6432692307692308,0.4669051878354204,0.6767857142857143,0.40863787375415284,0.5757575757575758,0.5151515151515151,0.7125506072874493,0.38076923076923075,0.38461538461538464,0.5444015444015444,0.3969111969111969,0.1474903474903475,-0.7108884296688166,-0.017567667107887115,0.34125,0.7865384615384615,0.27280858676207514,0.6530858676207512,0.3767857142857143,0.8625446428571428,0.19435215946843853,0.629609634551495,0.22067099567099566,0.8398268398268398,0.20202020202020202,0.7626262626262627,0.36821862348178136,0.8785425101214575,0.16538461538461538,0.6653846153846154,0.0,0.9285714285714286,0.36061466228132893,0.6781610390866872,0.19768271899131273,0.7220463320463321,-0.18656479458997166,0.2787875542953667,-15.822365467308929,14.108172080071302,0.6005813953488373,0.03821652279729708,-5.162102177145699,-1.5379004825063438,2.4808955973086864,26,14,7,-8.615440241070749,-1.708764113220649,2.4808955973086864,-0.15802075686676975,-1.3427371985854415,0.5448650160755424
21,probe_strat_noinit,0.6269230769230769,0.535778175313059,0.6910714285714286,0.4485049833887043,0.5757575757575758,0.601010101010101,0.6356275303643725,0.4807692307692308,0.20512820512820512,0.555984555984556,0.5135135135135135,0.0424710424710425,0.013523466848694333,-0.027316749953933718,0.37204326923076925,0.7779326923076922,0.30585867620751345,0.6807245080500893,0.40348214285714284,0.8482142857142857,0.2292358803986711,0.6511627906976745,0.2554112554112554,0.8441558441558441,0.2222222222222222,0.7880050505050503,0.3481781376518219,0.8502024291497976,0.20759615384615387,0.719326923076923,0.0,0.8128205128205124,0.35827913827913827,0.6783605283605283,0.24530348124098125,0.7670287251537251,-0.22969364025919725,0.23939684727728205,-9.24871662148398,6.012900287618699,0.6744186046511628,0.6304480094921393,-3.651657789682373,-1.0539316321772898,0.13188903665381374,26,14,7,-5.5964328167333575,-1.706882762631389,0.13188903665381374,0.1737311207709556,-0.16957099477674722,0.4939427609427609
21,probe_matched,0.4269230769230769,0.5062611806797853,0.4357142857142857,0.4950166112956811,0.3939393939393939,0.5606060606060606,0.4574898785425101,0.41923076923076924,0.32051282051282054,0.5652509652509653,0.7405405405405405,-0.17528957528957523,0.3853425232101902,-0.08861394931627126,0.23651442307692308,0.648125,0.3210644007155635,0.6986583184257602,0.20535714285714285,0.6928571428571428,0.27732558139534885,0.7225913621262459,0.1341991341991342,0.6624458874458874,0.25757575757575757,0.803030303030303,0.17813765182186234,0.7449392712550608,0.20759615384615387,0.6924038461538461,0.0,0.8888888888888888,0.3988912127648691,0.7002609979504812,0.41944794068263835,0.8571428571428571,-0.3181853281853282,0.1183470749608519,-12.05817114223538,15.426512731863706,0.4372093023255814,-0.6920318403844102,4.382026311646306,1.3282927252751282,-0.42541924362566175,26,14,4,8.758470621212583,0.005582002080028138,-0.42541924362566175,0.6180967240031588,0.11933772230394046,0.5713333333333332
21,dom_regular,0.7019230769230769,0.43112701252236135,0.7214285714285714,0.4152823920265781,0.7359307359307359,0.47474747474747475,0.7044534412955465,0.39615384615384613,0.15384615384615385,0.522007722007722,0.5436293436293437,-0.021621621621621623,0.7810380655477289,-0.24725278634010517,0.530625,0.8423798076923076,0.2898032200357782,0.6261404293381038,0.5016517857142857,0.8982589285714285,0.2341777408637874,0.632890365448505,0.4805194805194805,0.9135281385281385,0.2523989898989899,0.7222222222222222,0.4574898785425101,0.9191295546558703,0.20750000000000002,0.6692307692307692,0.0,0.5,0.3799041199041199,0.7281317515432099,0.3359174408783784,0.8120075757575758,-0.20464508349570273,0.1844263953638954,-0.11623605248655887,3.3961067727344876,0.6348837209302326,-0.5823627893173696,-2.6084864089830133,0.4574607898119845,-1.9912653255262893,26,14,11,-2.1855357274997576,-3.031437090466269,-1.9912653255262893,0.326758756118079,1.300214419181615,
21,dom_regular_verberase,0.7942307692307692,0.43917710196779963,0.7678571428571429,0.44019933554817275,0.8484848484848485,0.4444444444444444,0.7813765182186235,0.4653846153846154,0.07692307692307693,0.6038610038610038,0.3891891891891892,0.21467181467181462,0.6327439749024661,-0.007748892524165881,0.5480769230769231,0.8894230769230769,0.3067978533094812,0.669051878354204,0.4857142857142857,0.9035714285714286,0.2639950166112957,0.7110049833887043,0.5323593073593074,0.9567099567099567,0.21199494949494951,0.7323232323232324,0.47763157894736846,0.9312753036437246,0.23461538461538461,0.7461538461538462,0.0,0.46022222222222203,0.39149899087399087,0.7980574569465944,0.2437860123555793,0.6037535511363636,0.033032217476552626,0.3739023183953523,0.006982492597447259,2.100528725010945,0.7325581395348837,-0.3554612685240591,-2.2478243818162498,0.3363283456716455,-1.66144530369748,26,14,11,-1.8911826811348857,-2.6044660824976136,-1.66144530369748,0.41219484460645384,0.8848001238121943,
21,dom_regular_rank2,0.7490384615384615,0.3774597495527728,0.7553571428571428,0.36212624584717606,0.7922077922077922,0.41919191919191917,0.757085020242915,0.3576923076923077,0.08974358974358974,0.5034749034749034,0.3722007722007722,0.13127413127413123,0.8085778527608095,-0.11250610206744639,0.5451682692307692,0.8759615384615385,0.2432692307692308,0.5787343470483005,0.49093749999999997,0.914330357142857,0.19098837209302327,0.6146594684385382,0.48917748917748916,0.9523809523809523,0.1919191919191919,0.6868686868686869,0.48582995951417,0.9192307692307691,0.16528846153846155,0.6308653846153846,0.0,0.5381181318681318,0.34452325235528364,0.749028899028899,0.24074028901330238,0.6008441558441556,-0.04127976190476192,0.32907335907335894,-1.815011204132749,5.447952010424288,0.6476744186046511,-0.9994982162094761,-3.5344964747857723,-0.1456751193146432,-2.791731542152635,26,14,11,-3.390560388742298,-3.6784325608292465,-2.791731542152635,0.3260262247147008,1.3600654276706476,
22,adom_matched,0.5211538461538462,0.42397137745974955,0.5392857142857143,0.4119601328903654,0.5324675324675324,0.4292929292929293,0.4939271255060729,0.3923076923076923,0.1282051282051282,0.5227799227799228,0.7351351351351352,-0.21235521235521237,0.0604075215771014,-0.2551120919756383,0.24896634615384616,0.7010096153846153,0.29159212880143115,0.6512075134168157,0.2160267857142857,0.7446875,0.24406146179401994,0.6727574750830565,0.14274891774891774,0.7878787878787878,0.21717171717171718,0.7424242424242424,0.22267206477732793,0.7490890688259108,0.21923076923076923,0.6884615384615385,0.0,0.9576923076923073,0.3351289401289401,0.6754064360119048,0.36981455481455483,0.8570568044151299,-0.3235299795593914,0.07056087756648051,-6.339186590130635,7.505750889419834,0.44302325581395346,1.9972062098015708,7.444609001386336,-1.9636777248367734,6.231032505315773,26,14,4,6.823611211255947,8.065606791516725,6.231032505315773,1.1586830810652984,-1.194764546409409,0.30622222222222223
22,dom_matched,0.3038461538461538,0.5957066189624329,0.2857142857142857,0.6079734219269103,0.24675324675324675,0.6111111111111112,0.32388663967611336,0.5384615384615384,0.5769230769230769,0.583011583011583,0.7104247104247104,-0.1274131274131275,0.5067858296986661,-0.27111447904282227,0.18939903846153847,0.6423317307692308,0.34792039355992843,0.7218917710196779,0.12857142857142856,0.6696428571428571,0.32711794019933554,0.7724667774086379,0.08225108225108226,0.7014069264069264,0.2828282828282828,0.8181818181818182,0.13765182186234817,0.6640688259109311,0.28076923076923077,0.7769230769230769,0.03969230769230769,0.9629629629629629,0.3815687946718649,0.7036697749275148,0.4108618259580569,0.8282412410198787,-0.2640710430687211,0.09732580236486489,-10.548259474783237,9.632052360183769,0.42209302325581394,-0.9091609469857186,-1.1720745449666228,-0.7166786805985556,-2.0005016933047957,26,14,4,-0.7383646706289422,-1.6057844193043036,-2.0005016933047957,0.19179425602310995,0.8667761996135878,0.38711111111111113
22,probe_strat,0.6461538461538462,0.44275491949910556,0.6839285714285714,0.38704318936877075,0.5930735930735931,0.4898989898989899,0.7125506072874493,0.38076923076923075,0.3974358974358974,0.4918918918918919,0.3945945945945946,0.0972972972972973,-0.8671798593944902,-0.023842843719488256,0.3835817307692308,0.8029326923076923,0.2325134168157424,0.6190071556350625,0.39098214285714283,0.8625,0.17595514950166113,0.5865033222591362,0.22943722943722944,0.8528138528138528,0.19696969696969696,0.7474747474747475,0.39271255060728744,0.8906882591093117,0.1305769230769231,0.6424038461538462,0.0,1.0,0.3187002556134723,0.6633445945945946,0.19264069264069264,0.7068629525676438,-0.19194264069264066,0.26812354312354303,-16.567644017939372,16.813902297502175,0.6017441860465116,-0.7636883399500526,-7.627874918748816,-1.2625780179133148,4.681513281063318,26,14,7,-12.39487994571669,-2.860869891780942,4.681513281063318,-0.18281717638627726,-1.6493086399753047,0.5524042682463735
22,probe_strat_noinit,0.6432692307692308,0.5080500894454383,0.6946428571428571,0.43023255813953487,0.6103896103896104,0.601010101010101,0.6194331983805668,0.4576923076923077,0.32051282051282054,0.5405405405405406,0.48725868725868726,0.05328185328185331,-0.14346735004460834,-0.029937218186037017,0.3970913461538461,0.7932692307692307,0.2853309481216458,0.6538685152057245,0.4070982142857143,0.8607589285714285,0.1943106312292359,0.6411960132890365,0.2683982683982684,0.8354978354978355,0.26742424242424245,0.8284090909090908,0.3522267206477733,0.8462550607287448,0.19615384615384615,0.6808653846153846,0.0,0.8900793650793649,0.3223184696770191,0.6555986982893844,0.23680340557275542,0.731913862541403,-0.20065337254755036,0.24095816240347484,-9.640840877465388,10.993886138116729,0.6656976744186046,0.3621177315024715,-4.214408562054344,-0.7738579122896914,1.463080391116897,26,14,7,-6.5949358921267525,-1.8338812319819355,1.463080391116897,-0.07798333753464415,-0.2183062214845675,0.4696708690919217
22,probe_matched,0.4288461538461538,0.4991055456171735,0.42678571428571427,0.5033222591362126,0.37662337662337664,0.5303030303030303,0.4777327935222672,0.4307692307692308,0.3717948717948718,0.5737451737451738,0.6818532818532819,-0.10810810810810811,1.7829284281371116,-0.0897105111462213,0.2460817307692308,0.6433173076923077,0.31932021466905186,0.6754248658318425,0.2017857142857143,0.6767857142857143,0.28567275747508303,0.7276993355481727,0.15573593073593073,0.6667748917748917,0.2777777777777778,0.7880050505050503,0.1862348178137652,0.728744939271255,0.19605769230769232,0.6885576923076923,0.036970899470899474,0.8888888888888888,0.39998046875000004,0.7104418704418705,0.39842217244560996,0.8235171971749226,-0.27620961595200627,0.13124104173833268,-12.422679735123374,14.968854476299462,0.41337209302325584,-0.11310513654188088,3.1130182566039992,0.7059877408791801,-1.4041332856406938,26,14,4,5.494266289587922,0.7317702236200765,-1.4041332856406938,1.5764285874018404,2.018928246120279,0.5233333333333332
22,dom_regular,0.6894230769230769,0.4329159212880143,0.7071428571428572,0.4169435215946844,0.70995670995671,0.4595959595959596,0.6963562753036437,0.40384615384615385,0.23076923076923078,0.5274131274131274,0.5629343629343629,-0.03552123552123554,0.8140894878989505,-0.2783171699913216,0.5336057692307692,0.8307932692307692,0.2924865831842576,0.6064847942754918,0.5214285714285715,0.9000446428571428,0.21424418604651163,0.6079734219269103,0.46320346320346323,0.9134199134199135,0.2321969696969697,0.7222222222222222,0.4614372469635628,0.8907894736842104,0.2230769230769231,0.6463461538461537,0.0,0.6150320512820509,0.37074086747074364,0.7232453836797876,0.34238399431362543,0.8202184606481482,-0.2234693231177607,0.17272989814005432,-0.2258519007068053,5.205548681607166,0.6209302325581395,-0.6459091276960859,-2.598834506452561,0.3531020106437743,-2.163473345217926,26,14,11,-2.102718957858522,-3.0949500550466,-2.163473345217926,0.3274931687767175,1.3701995668957874,
22,dom_regular_verberase,0.7865384615384615,0.4221824686940966,0.7696428571428572,0.4186046511627907,0.8268398268398268,0.45454545454545453,0.7894736842105263,0.4269230769230769,0.08974358974358974,0.5698841698841699,0.38223938223938225,0.18764478764478765,0.7718339062509005,-0.02476446219760724,0.5278365384615384,0.8769951923076922,0.2817084078711986,0.6636851520572451,0.47491071428571424,0.9126339285714284,0.23750000000000002,0.7226744186046511,0.4933982683982684,0.9437229437229437,0.2222222222222222,0.7373737373737373,0.42904858299595144,0.9271255060728745,0.21923076923076923,0.7308653846153845,0.0,0.5387692307692307,0.3752913752913753,0.7897088159588159,0.23605218955451154,0.6087402329352793,-0.004684113777089833,0.3644886879088964,0.04249017170178796,3.041872420573888,0.7127906976744186,-0.4210052424045176,-2.1838016261747715,0.21040663997878264,-1.7388883692814268,26,14,11,-1.7948766164565193,-2.572726635893024,-1.7388883692814268,0.5575084988438368,1.0167772290018304,
22,dom_regular_rank2,0.75,0.37835420393559926,0.7625,0.3637873754152824,0.7922077922077922,0.41414141414141414,0.7611336032388664,0.36153846153846153,0.15384615384615385,0.49266409266409267,0.3544401544401544,0.13822393822393825,0.9985487899306709,-0.1274881564168079,0.5258894230769231,0.8567548076923076,0.23964669051878354,0.5841905187835419,0.4875,0.9108035714285714,0.2009966777408638,0.5930647840531562,0.5064935064935064,0.9523809523809523,0.20681818181818185,0.696969696969697,0.42489878542510123,0.9190283400809717,0.1845192307692308,0.65,0.0,0.5645448717948713,0.3355902777777778,0.7548904220779221,0.22773505205780747,0.6091737689393939,-0.047695312499999955,0.3158851410934745,-6.931760072673857,6.392699481187603,0.6372093023255814,-1.0362807171382873,-3.2677741213481424,-0.35574113487314435,-2.8079230206094996,26,14,11,-3.002744489098169,-3.5328037535981163,-2.8079230206094996,0.5067045310323717,1.560656514385871,
23,adom_matched,0.49038461538461536,0.44543828264758495,0.5107142857142857,0.43023255813953487,0.48917748917748916,0.4797979797979798,0.46153846153846156,0.39615384615384613,0.20512820512820512,0.525096525096525,0.7552123552123552,-0.23011583011583014,-0.9270122898084452,-0.2920766799669524,0.25670673076923073,0.6808173076923076,0.30046958855098393,0.6395348837209303,0.22312500000000002,0.7267857142857143,0.26241694352159467,0.6695182724252491,0.16883116883116883,0.7532467532467533,0.21704545454545457,0.7628787878787877,0.19827935222672066,0.7328947368421052,0.21528846153846157,0.6923076923076923,0.0,0.8846153846153846,0.35149850116470005,0.6687259882615919,0.35215584590517246,0.8656557134642241,-0.3375810185185185,0.1284243947866697,-14.689435619104295,12.502687692751204,0.4441860465116279,1.4702310456268364,4.737511264998231,-2.01800944373532,3.2750813810770443,26,14,4,3.3630513817243353,6.111971148272127,3.2750813810770443,-0.20237648949587125,-1.7551674901656722,0.36533333333333334
23,dom_matched,0.2865384615384615,0.6001788908765653,0.2714285714285714,0.6079734219269103,0.24675324675324675,0.601010101010101,0.27530364372469635,0.55,0.5769230769230769,0.6,0.6810810810810811,-0.08108108108108114,0.32491693140101013,-0.27025066734292347,0.19992788461538463,0.6019471153846153,0.37385957066189623,0.7254919499105545,0.14107142857142857,0.65,0.3354651162790698,0.7774086378737541,0.09523809523809523,0.6885281385281383,0.2978535353535353,0.8282828282828283,0.13360323886639677,0.6882591093117408,0.25769230769230766,0.74625,0.05777777777777778,0.9367179487179484,0.37798996913580246,0.6934749034749035,0.3419884672619048,0.8175038681923025,-0.27460660896931544,0.15699300699300694,-14.099727011823425,14.548283557196882,0.39767441860465114,-0.9835054398474157,-1.030022792669824,-0.7672705507648229,-2.2839333816383283,26,14,4,-1.1414189369958876,-0.9186266483437604,-2.2839333816383283,-0.0508653463338527,0.7543823916694248,0.38155555555555554
23,probe_strat,0.6336538461538461,0.4150268336314848,0.7071428571428572,0.3438538205980066,0.6190476190476191,0.4494949494949495,0.6518218623481782,0.36538461538461536,0.46153846153846156,0.5003861003861004,0.5111969111969112,-0.010810810810810811,2.030309799510035,-0.04311595239967572,0.34608173076923077,0.7788701923076923,0.2316413237924866,0.5967128801431125,0.32857142857142857,0.8446874999999999,0.17437707641196015,0.5830980066445183,0.2553030303030303,0.8745670995670995,0.17676767676767677,0.7273989898989898,0.29554655870445345,0.8623481781376519,0.11538461538461539,0.65,0.0,1.0,0.32860126360126357,0.6517221362229102,0.24527596612600622,0.7555095866443097,-0.2430345932232542,0.2337882576659666,-17.22119025469484,24.823674274744494,0.5424418604651163,-2.5206407034334504,-12.928772658108413,-3.783080941618378,15.545558798090667,26,14,7,-20.45655409852182,-5.4009912176950055,15.545558798090667,4.853488458268567,-1.1961800962140015,0.6052132097921572
23,probe_strat_noinit,0.6211538461538462,0.47584973166368516,0.6803571428571429,0.41362126245847175,0.645021645021645,0.5050505050505051,0.5870445344129555,0.46923076923076923,0.3076923076923077,0.5297297297297298,0.5752895752895753,-0.04555984555984549,-0.33486831330179,-0.051315981364302016,0.3797355769230769,0.7750480769230769,0.26833631484794274,0.6216457960644007,0.38919642857142855,0.8393303571428571,0.19933554817275748,0.6112956810631229,0.26396103896103895,0.8702380952380951,0.2220959595959596,0.75770202020202,0.3117408906882591,0.8138663967611335,0.15384615384615385,0.6884615384615385,0.0,0.9285714285714286,0.3359292250716326,0.672605972600495,0.27073688271604934,0.7662556664141493,-0.23089772311994536,0.23784427284427284,-17.447712297127065,15.04103027000198,0.5790697674418605,0.1888138359110291,-6.412936903972438,-2.3827750052614296,2.9742349556644063,26,14,7,-8.83479276656217,-3.991081041382707,2.9742349556644063,0.5844926226987268,-1.3855665258738092,0.5561004784688995
23,probe_matched,0.4307692307692308,0.48389982110912344,0.4125,0.49169435215946844,0.4155844155844156,0.5151515151515151,0.4008097165991903,0.4461538461538462,0.3717948717948718,0.5768339768339769,0.637065637065637,-0.060231660231660156,0.5042904786788067,-0.09940952810767259,0.23360576923076923,0.622139423076923,0.31932021466905186,0.6860688729874777,0.19107142857142856,0.675,0.2956395348837209,0.7059800664451827,0.1642857142857143,0.7317099567099566,0.24242424242424243,0.7829545454545453,0.14969635627530364,0.6963562753036437,0.18846153846153846,0.7039423076923077,0.04,0.8940018315018315,0.3726520838797098,0.6969393453768452,0.2753147128245476,0.8104506604506604,-0.253234126984127,0.22614339994370958,-8.00577099198696,13.021402258077902,0.40930232558139534,-0.11410197220281375,2.676181355099164,0.7753655797851894,-1.0124214280991122,26,14,4,3.3758223276872976,1.9765403825110304,-1.0124214280991122,-0.23450031453081316,1.348622813775515,0.5424444444444444
23,dom_regular,0.6692307692307692,0.43828264758497315,0.6982142857142857,0.4119601328903654,0.683982683982684,0.46464646464646464,0.6761133603238867,0.4153846153846154,0.2564102564102564,0.488030888030888,0.5281853281853282,-0.04015444015444014,0.697640809611513,-0.35333337887149635,0.5008894230769231,0.808701923076923,0.2924865831842576,0.6064847942754918,0.48741071428571425,0.8821428571428571,0.22250830564784052,0.599750830564784,0.4329004329004329,0.8832251082251081,0.24229797979797982,0.7070707070707071,0.4168016194331984,0.8744939271255061,0.2268269230769231,0.6655769230769228,0.03571428571428571,0.66,0.34550696293998234,0.666396432958933,0.2753869047619048,0.7905091773551526,-0.2577184606481481,0.20390892819816048,-5.08455977285635,5.740253871552134,0.5872093023255814,-0.8182789889787708,-2.7722227997572153,0.46533645105155136,-2.5681700262561327,26,14,11,-2.611317834538131,-2.933127764976299,-2.5681700262561327,-0.026920432457997745,1.5257108005480968,
23,dom_regular_verberase,0.7259615384615384,0.43738819320214667,0.7428571428571429,0.4003322259136213,0.7705627705627706,0.4393939393939394,0.7206477732793523,0.46153846153846156,0.14102564102564102,0.4996138996138996,0.3420849420849421,0.15752895752895751,0.5656006993187013,-0.11512519112298625,0.47781250000000003,0.8336538461538462,0.2978309481216458,0.6682245080500894,0.475,0.8929017857142857,0.2292358803986711,0.6744601328903654,0.4327922077922078,0.9135281385281385,0.22727272727272727,0.7273989898989898,0.40070850202429154,0.8866396761133604,0.24221153846153848,0.7231730769230769,0.0,0.5714285714285714,0.3398802585696108,0.7429842748397435,0.21235521235521235,0.5836503708964647,-0.03653937656888088,0.36844040247678017,-1.2641755705754627,4.550723167683383,0.6686046511627907,-0.4991355985487468,-2.255785986285818,0.2862712401365936,-2.141964588286238,26,14,11,-2.168380414198354,-2.343191558373282,-2.141964588286238,0.17858215014448714,1.0079076126606605,
23,dom_regular_rank2,0.7057692307692308,0.4016100178890877,0.7357142857142858,0.3654485049833887,0.7489177489177489,0.41919191919191917,0.680161943319838,0.4153846153846154,0.23076923076923078,0.44787644787644787,0.3467181467181467,0.10115830115830116,0.6839257357703702,-0.20937246417989158,0.4922115384615385,0.8346634615384615,0.2629695885509839,0.6074463327370303,0.4713392857142857,0.8946875,0.2026578073089701,0.6213039867109634,0.4327922077922078,0.9090909090909091,0.19696969696969696,0.702020202020202,0.42105263157894735,0.8906882591093117,0.20759615384615387,0.6848076923076921,0.0,0.6899928774928772,0.32256300403225807,0.6900453841823809,0.22289301685586516,0.6370764961389961,-0.11015636913748633,0.29890874779006293,-3.998584335216946,6.482280407114954,0.6203488372093023,-0.9900753911920445,-2.8254415124912913,0.022109580737245487,-2.812875884152115,26,14,11,-3.0289245033553964,-2.621958521627186,-2.812875884152115,0.056675403365784666,1.400783258518468,
24,adom_matched,0.5182692307692308,0.4490161001788909,0.5321428571428571,0.4335548172757475,0.5108225108225108,0.4898989898989899,0.4898785425101215,0.4076923076923077,0.24358974358974358,0.505019305019305,0.7266409266409266,-0.22162162162162158,-2.071470680840471,-0.3305357437363168,0.26632211538461537,0.6701923076923076,0.30051431127012523,0.648479427549195,0.23035714285714284,0.7464732142857142,0.264078073089701,0.6778654485049833,0.18614718614718614,0.7836580086580086,0.23232323232323232,0.7525252525252525,0.2104251012145749,0.7247975708502022,0.21153846153846154,0.6807692307692308,0.0,0.8850274725274722,0.35294117647058826,0.6688045970077219,0.3372860360360361,0.833763705430372,-0.3257625122495303,0.13359206859206854,-21.240037640253625,15.510346843233194,0.46162790697674416,1.9596346165801328,6.101797577784921,-1.9864905191651498,4.8520030125307025,26,14,4,2.791072859122478,9.412522296447364,4.8520030125307025,-1.228724842915335,-3.0346087813263396,0.3931111111111111
24,dom_matched,0.3557692307692308,0.5697674418604651,0.33035714285714285,0.5897009966777409,0.3246753246753247,0.5707070707070707,0.2834008097165992,0.5269230769230769,0.48717948717948717,0.5683397683397683,0.6162162162162163,-0.04787644787644796,-0.3624731914300568,-0.31797525889288075,0.21536057692307695,0.6490865384615384,0.3613148479427549,0.7146914132379248,0.16964285714285715,0.6875,0.3106312292358804,0.7657807308970099,0.12554112554112554,0.7272727272727273,0.25757575757575757,0.8334595959595958,0.13765182186234817,0.6720647773279352,0.23076923076923078,0.7538461538461538,0.06,0.95613154960981,0.3481967223266341,0.6803474903474903,0.2702601696897527,0.7817583037113481,-0.265483504256966,0.2150992063492063,-13.236129533538517,19.025677390773335,0.44127906976744186,-1.3037216811859944,-0.5277983974225868,-0.9968690234518925,-2.613527166710865,26,14,4,-1.5673907266808342,0.5117939318356606,-2.613527166710865,-0.7717836476554462,0.10531018711324526,0.40555555555555556
24,probe_strat,0.5682692307692307,0.39177101967799643,0.6160714285714286,0.3504983388704319,0.5281385281385281,0.3888888888888889,0.6153846153846154,0.35384615384615387,0.41025641025641024,0.518918918918919,0.532046332046332,-0.013127413127413057,-7.183713843357872,-0.045102786090666924,0.35471153846153847,0.7530528846153844,0.2244633273703041,0.5733899821109123,0.3516964285714286,0.8090178571428571,0.184343853820598,0.5830980066445183,0.2554112554112554,0.8572510822510822,0.1412878787878788,0.6818181818181818,0.33188259109311746,0.8179149797570848,0.12298076923076924,0.5923076923076923,0.0,1.0,0.3510728910728911,0.6892407553107789,0.2871407423845504,0.7722020881002437,-0.2590576737451737,0.22231682146542822,-36.60363706000182,32.550894955104056,0.45813953488372094,2.6734170531834955,13.59734299707615,4.644267624507983,-11.48635171132839,26,14,7,17.93266887635002,9.262017117802278,-11.48635171132839,-9.723950736108906,-4.280585965928123,0.6313009544062176
24,probe_strat_noinit,0.6317307692307692,0.49016100178890876,0.6625,0.4601328903654485,0.6147186147186147,0.5151515151515151,0.6194331983805668,0.4461538461538462,0.32051282051282054,0.5227799227799228,0.5359073359073359,-0.013127413127413057,1.8138859878018465,-0.06093786872881816,0.4,0.7634615384615384,0.28349731663685157,0.6225402504472272,0.40700892857142856,0.8214285714285714,0.21922757475083057,0.621345514950166,0.2682900432900433,0.8614718614718615,0.22714646464646465,0.7828282828282829,0.33593117408906886,0.8178137651821862,0.16923076923076924,0.6424038461538462,0.0,0.9285714285714286,0.3239169034090909,0.6468709781209782,0.27746331942387936,0.7430921052631578,-0.25410257344900483,0.19585117585117584,-24.6922958979331,28.271638743144386,0.611046511627907,0.39205760736505074,-4.64902389715444,-1.8638987732365724,2.4059661096783582,26,14,7,-5.755675891655387,-3.542371902653494,2.4059661096783582,2.3894540991123274,1.1560938605898683,0.6402637654742918
24,probe_matched,0.4480769230769231,0.4991055456171735,0.4392857142857143,0.5132890365448505,0.46320346320346323,0.5050505050505051,0.3522267206477733,0.4269230769230769,0.32051282051282054,0.5691119691119692,0.5444015444015444,0.024710424710424728,-0.7168768098539062,-0.13134704755559465,0.25956730769230774,0.6413942307692307,0.315742397137746,0.6815966010733453,0.20174107142857142,0.6875446428571428,0.3105897009966777,0.729235880398671,0.22077922077922077,0.7360389610389609,0.26262626262626265,0.7728535353535352,0.1417004048582996,0.6396761133603239,0.2,0.6808653846153846,0.07953846153846154,0.8700555555555556,0.371082279265873,0.6813642939814815,0.23315637065637068,0.7623466345602569,-0.22135776055583592,0.2620723973989119,-19.69321668271108,23.68879290358202,0.4441860465116279,-0.22585950446844089,2.860690324803765,0.7887932388195428,0.5205416540338886,26,14,4,1.8484435449528946,3.872937104654636,0.5205416540338886,-1.7780020369665979,0.4958377354177412,0.6551111111111112
24,dom_regular,0.6884615384615385,0.43559928443649376,0.7232142857142857,0.4003322259136213,0.7142857142857143,0.4494949494949495,0.7004048582995951,0.4153846153846154,0.2564102564102564,0.5003861003861004,0.4965250965250965,0.003861003861003909,0.9795843332868391,-0.3126984436341231,0.5009375,0.8259855769230768,0.30051431127012523,0.6270796064400715,0.5017857142857143,0.889330357142857,0.22591362126245848,0.6114202657807308,0.42424242424242425,0.8874458874458875,0.2321969696969697,0.7374999999999998,0.40475708502024293,0.8785425101214575,0.20759615384615387,0.7038461538461539,0.03571428571428571,0.7167948717948718,0.35363469858524654,0.6695058162194025,0.2695028349707358,0.7801269573144572,-0.2184994981869982,0.238308774734556,-4.2996540493882875,7.499976094577401,0.6093023255813953,-0.6107856586341063,-2.110883672973977,0.30929445310054643,-1.8695597121495815,26,14,11,-1.822788622749094,-2.3989787231988595,-1.8695597121495815,0.386753234684664,1.657105588832182,
24,dom_regular_verberase,0.7759615384615385,0.4418604651162791,0.7892857142857143,0.38870431893687707,0.8268398268398268,0.4595959595959596,0.7732793522267206,0.45384615384615384,0.23076923076923078,0.5235521235521235,0.3104247104247104,0.21312741312741312,0.8742940434053609,-0.06015363122262169,0.49127403846153844,0.864423076923077,0.30230322003577814,0.6772584973166368,0.4820982142857143,0.9089732142857142,0.24082225913621264,0.6894102990033223,0.43712121212121213,0.9393939393939394,0.2220959595959596,0.7273989898989898,0.42904858299595144,0.9230769230769231,0.22298076923076926,0.75,0.01282051282051282,0.7,0.346420030363895,0.7273330965909091,0.19032634032634033,0.537304065928441,0.01782964782964782,0.40048999892749887,-0.21631520710750152,3.9195028911911685,0.7343023255813953,-0.28409790315959976,-1.363578878969391,0.11444567961986185,-1.283682622975725,26,14,11,-1.2326427876561614,-1.4945149702826208,-1.283682622975725,0.6271050106926095,1.1567957950770764,
24,dom_regular_rank2,0.7442307692307693,0.41771019677996424,0.7857142857142857,0.3538205980066445,0.7748917748917749,0.4494949494949495,0.7327935222672065,0.39615384615384613,0.3076923076923077,0.4810810810810811,0.30038610038610036,0.18069498069498074,0.9759383346004842,-0.12865767370494346,0.48459134615384614,0.8615865384615384,0.26652504472271915,0.6568872987477635,0.4695982142857143,0.9161160714285713,0.21250000000000002,0.6312707641196014,0.4154761904761905,0.935064935064935,0.19696969696969696,0.7171717171717171,0.4371457489878543,0.9149797570850202,0.21528846153846157,0.7153846153846154,0.016089743589743594,0.767051282051282,0.3431901749383706,0.7168568121693122,0.19978078802434882,0.5446490767359575,-0.04653376339422848,0.35226261699558903,-2.3074549468316428,6.270601377799233,0.666860465116279,-0.5389270081036128,-1.7322077088054866,-0.115635265873603,-1.7092120476667787,26,14,11,-1.7798515098965368,-1.684563907714436,-1.7092120476667787,0.5779258893861785,1.4308097005596905,
25,adom_matched,0.5028846153846154,0.4776386404293381,0.4928571428571429,0.48006644518272423,0.5064935064935064,0.5,0.4777327935222672,0.4307692307692308,0.2564102564102564,0.518918918918919,0.7474903474903475,-0.22857142857142854,-2.9682979442711583,-0.30388727176358676,0.2653605769230769,0.6702403846153845,0.33899821109123435,0.6646019677996422,0.19276785714285716,0.7411607142857143,0.2856312292358804,0.7026993355481728,0.19036796536796535,0.7619047619047619,0.24242424242424243,0.752651515151515,0.2145748987854251,0.7288461538461537,0.23846153846153847,0.7039423076923077,0.025348383500557417,0.8571428571428571,0.3651550333051881,0.6880998452012383,0.39374517374517376,0.8609891398993808,-0.32640906515405316,0.10965250965250967,-18.13179172676577,14.880033993770786,0.47325581395348837,2.265987928605189,7.896955941722187,-3.7766285517339298,5.3656034123525345,26,14,4,3.2848191292405273,12.509092754203845,5.3656034123525345,-1.893434349679341,-4.196713480947521,0.43066666666666664
25,dom_matched,0.35673076923076924,0.5733452593917711,0.31607142857142856,0.6112956810631229,0.3333333333333333,0.5454545454545454,0.26720647773279355,0.5307692307692308,0.4358974358974359,0.5806949806949807,0.6463320463320463,-0.06563706563706562,-1.2714932601715405,-0.2835881431456171,0.23939903846153848,0.6461778846153846,0.3694096601073345,0.7093694096601073,0.15526785714285715,0.6697321428571428,0.3654485049833887,0.7541943521594685,0.1341991341991342,0.7446969696969696,0.2928030303030303,0.8131313131313131,0.13765182186234817,0.6680161943319838,0.24990384615384617,0.7692307692307693,0.07142857142857142,0.8913431677018633,0.35871683871683874,0.6885198135198134,0.30085451522951523,0.8108202608202608,-0.2558418568056648,0.19777239277239267,-19.073942131825394,27.025027112877964,0.44651162790697674,-1.8940347805717832,0.2567179565312556,-1.9880264717535212,-3.082431108115849,26,14,4,-1.1153190528278858,1.628754965890397,-3.082431108115849,-1.4790687025106362,-1.034264183212574,0.4111111111111111
25,probe_strat,0.6567307692307692,0.31932021466905186,0.65,0.32558139534883723,0.6363636363636364,0.3333333333333333,0.7044534412955465,0.25384615384615383,0.3974358974358974,0.4857142857142857,0.5459459459459459,-0.06023166023166021,-4.692786928186421,-0.04823299891008759,0.4047596153846154,0.7788461538461539,0.18336314847942756,0.5161225402504472,0.3588392857142857,0.8053571428571429,0.17109634551495018,0.5598006644518272,0.2942640692640693,0.8658008658008658,0.10606060606060606,0.656691919191919,0.3360323886639676,0.8421052631578947,0.09990384615384616,0.5731730769230768,0.0,0.9285714285714286,0.3141979489164087,0.657954813504349,0.2783126347728531,0.7853667953667954,-0.3041920986759765,0.20514763014763018,-33.374490607985486,50.921731820466434,0.45290697674418606,3.188084232394189,11.140648251241446,4.7797530329797295,-7.221175986411298,26,14,7,14.797600278013396,7.4836962244694964,-7.221175986411298,-5.794346128988662,-3.4338621272695744,0.5813465228728386
25,probe_strat_noinit,0.6855769230769231,0.387298747763864,0.6857142857142857,0.4019933554817276,0.645021645021645,0.40404040404040403,0.7165991902834008,0.36153846153846153,0.32051282051282054,0.5243243243243243,0.538996138996139,-0.014671814671814665,1.9022104432457831,-0.059262061906703835,0.44709134615384616,0.7990865384615384,0.24955277280858676,0.5913014311270125,0.39098214285714283,0.8286160714285714,0.2159468438538206,0.6478405315614618,0.3373376623376624,0.8831168831168831,0.1919191919191919,0.7121212121212122,0.3967611336032389,0.8585020242914978,0.11923076923076924,0.6078846153846151,0.0,0.9259259259259259,0.3213789682539683,0.6502128482972135,0.25376643032893037,0.7714285714285715,-0.2500192901234568,0.21644918115978345,-29.686383674752307,27.973075899414642,0.5976744186046512,-0.6138109850979012,-6.557824102892909,-2.6304973315192184,2.4357442355853376,26,14,7,-7.952351403936821,-5.163296801848998,2.4357442355853376,2.3253430388970546,1.4186303339300448,0.5967962583225741
25,probe_matched,0.4596153846153846,0.5143112701252236,0.425,0.5514950166112956,0.47186147186147187,0.494949494949495,0.3765182186234818,0.4461538461538462,0.2692307692307692,0.5791505791505791,0.6162162162162163,-0.03706563706563715,-1.3443913764674384,-0.13468019877622295,0.2605528846153846,0.6375240384615384,0.37207066189624327,0.6851744186046512,0.20174107142857142,0.6607142857142857,0.35689368770764124,0.7475083056478405,0.21645021645021645,0.7402597402597403,0.25757575757575757,0.7878787878787878,0.1700404858299595,0.6680161943319838,0.2,0.6923076923076923,0.03571428571428571,0.8330357142857145,0.371881475006475,0.706582051750456,0.29726565851565856,0.7905872470552703,-0.2579823329823329,0.21517631673881663,-25.719628740153738,28.63900750912158,0.47674418604651164,-1.0607487202497379,7.4879408901497815,-0.10103990333773301,-0.08909160194940578,26,14,4,8.860638828128526,6.115242952171038,-0.08909160194940578,-2.357324538424642,-0.18675347708777743,0.6624444444444445
25,dom_regular,0.6663461538461538,0.4677996422182469,0.7125,0.4269102990033223,0.6666666666666666,0.51010101010101,0.6761133603238867,0.4269230769230769,0.28205128205128205,0.5088803088803089,0.5019305019305019,0.006949806949806958,0.761640573269031,-0.31689677387011894,0.47687500000000005,0.7952403846153845,0.33271466905187835,0.6663685152057245,0.46598214285714284,0.8714285714285714,0.2557308970099668,0.6281146179401992,0.3765151515151515,0.8659090909090909,0.2676767676767677,0.74760101010101,0.4089068825910931,0.8704453441295547,0.2230769230769231,0.719326923076923,0.053750000000000006,0.683935185185185,0.3706477738899614,0.7053570534820534,0.2895239661191975,0.7724963770502602,-0.18254041478166794,0.22714000714000704,-6.610525369210169,6.097728302370802,0.6069767441860465,-0.4345340226192184,-1.7291915049215714,0.5378223346618316,-1.5829757638789947,26,14,11,-1.232296135888369,-2.226086873954774,-1.5829757638789947,0.19591117026715746,1.408188462414029,
25,dom_regular_verberase,0.7557692307692307,0.47674418604651164,0.7964285714285714,0.41362126245847175,0.7748917748917749,0.4898989898989899,0.7692307692307693,0.47307692307692306,0.28205128205128205,0.5583011583011583,0.32355212355212354,0.2347490347490348,0.5419942212643182,-0.04990466218592852,0.46437500000000004,0.8471634615384614,0.32464221824686945,0.7021914132379248,0.45352678571428573,0.9071874999999999,0.24086378737541528,0.6926910299003323,0.38961038961038963,0.9047619047619048,0.25732323232323234,0.7878787878787878,0.4209514170040486,0.9109311740890689,0.2423076923076923,0.7808653846153846,0.0076644370122631155,0.7176739926739925,0.356543080165997,0.728949847619969,0.21443278943278946,0.6016163167569659,-0.015441618566618591,0.3670251623376622,-0.8895442206601772,3.4310656797726247,0.7447674418604651,-0.12029159156802036,-0.9025270973274111,0.26500340938327627,-1.0463738515069176,26,14,11,-0.7239772103302561,-1.0810769843245662,-1.0463738515069176,0.2836171607737432,0.8372822903964039,
25,dom_regular_rank2,0.7201923076923077,0.45348837209302323,0.7732142857142857,0.38372093023255816,0.7445887445887446,0.47474747474747475,0.7246963562753036,0.4423076923076923,0.32051282051282054,0.4988416988416988,0.3196911196911197,0.17915057915057914,0.6312197463511503,-0.11642947739178064,0.44899038461538465,0.8365865384615384,0.30140876565295166,0.674463327370304,0.4570982142857143,0.9143749999999999,0.22919435215946846,0.6562707641196013,0.38506493506493505,0.9004329004329005,0.24229797979797982,0.752651515151515,0.41700404858299595,0.8947368421052632,0.23067307692307695,0.7423076923076923,0.037037037037037035,0.7222222222222222,0.35062924691407665,0.7289268369932432,0.20971684726522188,0.6023751183712119,-0.04016068016068015,0.3522200772200772,-1.0359558305530405,5.592134811473819,0.6848837209302325,-0.2820005850034951,-1.1094132963628096,0.13112131711350292,-1.2696874170432297,26,14,11,-0.9770255841478231,-1.241801008577796,-1.2696874170432297,0.25578870138763143,1.0602837977380293,
26,adom_matched,0.5182692307692308,0.47048300536672627,0.4982142857142857,0.47840531561461797,0.5497835497835498,0.5050505050505051,0.48582995951417,0.4346153846153846,0.24358974358974358,0.5127413127413127,0.7451737451737451,-0.2324324324324324,-5.063684427409059,-0.3271647597020028,0.2960576923076923,0.6894471153846153,0.32193649373881933,0.6520796064400716,0.2142410714285714,0.7321874999999999,0.28733388704318935,0.6993770764119601,0.20335497835497834,0.7705627705627706,0.20707070707070707,0.7727272727272727,0.21862348178137653,0.7408906882591093,0.2230769230769231,0.6924038461538461,0.0,0.7666666666666667,0.3505405405405405,0.6868796322356694,0.36454444935869085,0.8587065637065637,-0.32974820523648646,0.11996904024767802,-24.421784088240777,17.04607815344737,0.4808139534883721,3.5757945657531693,12.481949766332775,-6.253425780148599,7.379044406007285,26,14,4,6.617178716533557,18.346720816131995,7.379044406007285,-3.5056130020832095,-6.844337484924317,0.4362222222222222
26,dom_matched,0.37115384615384617,0.5644007155635062,0.33214285714285713,0.606312292358804,0.35064935064935066,0.5151515151515151,0.29554655870445345,0.5,0.4230769230769231,0.5837837837837838,0.6463320463320463,-0.06254826254826251,-2.3875411222297527,-0.29610617998054345,0.23461538461538461,0.6452163461538462,0.3675983899821109,0.7227415026833631,0.16245535714285714,0.6607589285714285,0.3704318936877076,0.7740863787375415,0.1643939393939394,0.7490259740259739,0.2777777777777778,0.8282828282828283,0.14979757085020243,0.7125506072874493,0.24605769230769234,0.7576923076923077,0.07142857142857142,0.88,0.35493386243386243,0.6945380986201299,0.2686274704077431,0.8027370035912276,-0.2557353007353007,0.2258325866188769,-14.154185166045028,31.327545694661328,0.45,-1.445389987783861,1.635050422007994,-3.125244566012569,-3.147446687240864,26,14,4,0.5982418586159052,2.6718589854000827,-3.147446687240864,-2.269808560362937,-2.522092621506112,0.3808888888888889
26,probe_strat,0.6586538461538461,0.35867620751341683,0.6714285714285714,0.36212624584717606,0.6623376623376623,0.3888888888888889,0.6882591093117408,0.2653846153846154,0.3717948717948718,0.5003861003861004,0.6154440154440154,-0.11505791505791496,26.652000801350127,-0.05394020641517927,0.40663461538461537,0.793341346153846,0.21735241502683364,0.5500894454382826,0.36245535714285715,0.8035714285714286,0.21258305647840534,0.6029900332225914,0.35054112554112554,0.8875541125541125,0.13636363636363635,0.6970959595959595,0.33188259109311746,0.8179149797570848,0.09230769230769231,0.6076923076923076,0.0,1.0,0.34641262486758345,0.6713649198024196,0.30467989042207794,0.8085021522590367,-0.31115984181501544,0.1766796874999999,-35.546999995297114,39.56391696953448,0.5023255813953489,-15.636487495712696,-80.64554918246536,-26.662511390311508,64.20965203681325,26,14,7,-104.78774829076379,-56.503350074166924,64.20965203681325,30.947425657116796,21.742943823331068,0.6208600541758436
26,probe_strat_noinit,0.6692307692307692,0.4275491949910555,0.6607142857142857,0.44019933554817275,0.670995670995671,0.41919191919191917,0.6275303643724697,0.3769230769230769,0.3076923076923077,0.5328185328185329,0.6216216216216216,-0.08880308880308874,1.3419245905421917,-0.06549661156704739,0.426875,0.7769471153846154,0.27719141323792484,0.6162790697674418,0.3695089285714286,0.8107142857142857,0.25249169435215946,0.6612126245847175,0.3678571428571428,0.8745670995670995,0.21199494949494951,0.7122474747474746,0.36012145748987856,0.8380566801619433,0.13846153846153847,0.6616346153846153,0.0,0.8888888888888888,0.3435360863095238,0.6666666666666666,0.30679091612721643,0.7910513248361546,-0.29190032845028907,0.1747246262785208,-29.82206028336587,22.585180624040245,0.6098837209302326,-0.17533427922570738,-4.615956620198039,-1.7528400169820557,1.9261613185571618,26,14,7,-5.455186626481926,-3.776726613914152,1.9261613185571618,1.6289604063091914,1.0138836582370498,0.5882656894762157
26,probe_matched,0.47692307692307695,0.5026833631484794,0.4142857142857143,0.5514950166112956,0.5541125541125541,0.4494949494949495,0.3684210526315789,0.43846153846153846,0.3076923076923077,0.5814671814671815,0.6131274131274131,-0.031660231660231686,-6.035644316772646,-0.13822857822853404,0.2721153846153846,0.6606009615384615,0.35677549194991054,0.6878801431127012,0.20174107142857142,0.6732142857142858,0.36212624584717606,0.7392441860465117,0.24231601731601732,0.7923160173160173,0.2523989898989899,0.752651515151515,0.16589068825910933,0.631578947368421,0.2191346153846154,0.7038461538461539,0.049673913043478284,0.880230769230769,0.36824324324324326,0.7207252520588476,0.25474985494655045,0.7949802873452011,-0.25254329004329,0.2370590580729899,-17.74612813960707,28.626064393894538,0.47790697674418603,-1.506565670999172,24.862265332582837,-3.351998206227917,-9.458718832246175,26,14,4,28.14685188584962,21.577678779316052,-9.458718832246175,-9.966045043445403,-1.5437577720037783,0.6137777777777778
26,dom_regular,0.6528846153846154,0.4749552772808587,0.6982142857142857,0.43521594684385384,0.6536796536796536,0.5050505050505051,0.659919028340081,0.4346153846153846,0.32051282051282054,0.4980694980694981,0.5212355212355212,-0.02316602316602312,0.936866960063921,-0.3189402381942251,0.46435096153846156,0.7875480769230768,0.32555903398926656,0.659257602862254,0.4481696428571429,0.8732142857142857,0.24235880398671097,0.629609634551495,0.36363636363636365,0.8529220779220779,0.2827020202020202,0.7425505050505049,0.3885627530364373,0.8502024291497976,0.23076923076923078,0.7194230769230767,0.07428240740740741,0.7407407407407407,0.36347242516203965,0.6984446410143004,0.2967654551630435,0.7763523391812865,-0.20056833225137158,0.22937321720956652,-7.5487007960064965,6.400478957298648,0.6052325581395349,-0.40616944740230176,-1.410884033740161,0.6035258494329085,-1.2869140946110935,26,14,11,-0.9392179526892489,-1.8825501147910728,-1.2869140946110935,0.39256492882854077,1.558926424332927,
26,dom_regular_verberase,0.7596153846153846,0.4883720930232558,0.8142857142857143,0.4119601328903654,0.7575757575757576,0.5050505050505051,0.7813765182186235,0.47692307692307695,0.3076923076923077,0.5683397683397683,0.3204633204633205,0.2478764478764478,0.5976420270478464,-0.038960628018733984,0.4402884615384615,0.835625,0.33539803220035774,0.7003577817531306,0.4392857142857143,0.9071428571428571,0.2790282392026578,0.6810631229235881,0.38095238095238093,0.8917748917748918,0.26755050505050504,0.7627525252525251,0.4046558704453441,0.9109311740890689,0.23846153846153847,0.7731730769230769,0.041666666666666664,0.7516025641025641,0.3550749974663018,0.7374037082938446,0.21063290969540968,0.5983454581118139,-0.021622380198964,0.39261057097898167,-1.1466991828963842,3.511184979234344,0.7563953488372093,-0.05621833909855385,-0.583009030824422,0.30413549138052925,-0.7371896982079408,26,14,11,-0.3279451935198164,-0.8380728681290277,-0.7371896982079408,0.40777626020224944,0.8146314748713862,
26,dom_regular_rank2,0.7153846153846154,0.46511627906976744,0.7839285714285714,0.3853820598006645,0.7056277056277056,0.5,0.7327935222672065,0.45384615384615384,0.3974358974358974,0.5181467181467182,0.3081081081081081,0.21003861003861007,0.6988999425674082,-0.09053350560215748,0.4028846153846154,0.8213942307692306,0.32021466905187834,0.69054114490161,0.4375,0.9054017857142856,0.23745847176079735,0.6595099667774087,0.354978354978355,0.9134199134199135,0.25252525252525254,0.7575757575757576,0.3724696356275304,0.8786437246963561,0.23451923076923079,0.7500961538461538,0.07407407407407407,0.7907738095238096,0.34671052631578947,0.7514594533052165,0.194231400694249,0.5961736017308772,-0.040183694791697,0.38539238539238535,-2.0036156512943823,5.082807514706071,0.7023255813953488,-0.19296445955453803,-0.6612955394427122,0.20240852467550333,-0.9166741738807027,26,14,11,-0.4435804684994823,-0.8790106103859422,-0.9166741738807027,0.3851819556492517,1.057434784759587,
27,adom_matched,0.5317307692307692,0.46511627906976744,0.5160714285714286,0.4700996677740864,0.5627705627705628,0.5,0.48582995951417,0.4307692307692308,0.24358974358974358,0.5081081081081081,0.7305019305019305,-0.22239382239382233,-9.857529187846904,-0.3447950601108867,0.2730528846153846,0.6769471153846154,0.3380813953488372,0.6520796064400716,0.225,0.7214732142857142,0.2923172757475083,0.6893687707641196,0.22077922077922077,0.7663419913419913,0.2220959595959596,0.7525252525252525,0.2063765182186235,0.7327935222672065,0.2382692307692308,0.7040384615384614,0.019814814814814816,0.8229166666666666,0.34294665480212355,0.6880308880308881,0.3899673821548822,0.8458340285677399,-0.32187499999999997,0.11207544039575278,-16.7814726643719,21.940858277025846,0.4877906976744186,5.944400878880635,21.914206822360068,-8.749727057560397,12.011111427054681,26,14,4,12.385612251119133,31.442801393601002,12.011111427054681,-7.3087089580188795,-12.770466593364647,0.4442222222222222
27,dom_matched,0.39326923076923076,0.5608228980322003,0.35714285714285715,0.5980066445182725,0.4069264069264069,0.48484848484848486,0.27530364372469635,0.5307692307692308,0.38461538461538464,0.5861003861003861,0.6262548262548262,-0.04015444015444014,-2.6857345107755446,-0.30205516379562103,0.24326923076923077,0.6692548076923076,0.35954830053667264,0.7111359570661896,0.18571428571428572,0.7,0.3438538205980066,0.7559800664451826,0.2076839826839827,0.7706709956709956,0.27260101010101007,0.8183080808080807,0.15789473684210525,0.6721659919028339,0.2692307692307692,0.7653846153846153,0.06690476190476191,0.9198333333333332,0.3587577160493827,0.6867807734799922,0.291799513349474,0.7750694444444444,-0.24494441317196738,0.20986666197579504,-18.573951011600446,18.073293027181847,0.4633720930232558,-1.548817042920753,2.1875200961393064,-2.8958490415826468,-3.669483163231756,26,14,4,1.0835114249010207,3.2915287673775917,-3.669483163231756,-2.5030957647028496,-2.894464506287196,0.3993333333333334
27,probe_strat,0.6798076923076923,0.35778175313059035,0.6714285714285714,0.36212624584717606,0.670995670995671,0.3838383838383838,0.6639676113360324,0.28076923076923077,0.34615384615384615,0.528957528957529,0.6293436293436293,-0.1003861003861003,5.840010498393179,-0.07535449184862511,0.4278605769230769,0.7942548076923076,0.22622987477638642,0.5448121645796064,0.35714285714285715,0.8125446428571428,0.19929401993355483,0.5980066445182725,0.35064935064935066,0.9005411255411255,0.15656565656565657,0.6767676767676768,0.32388663967611336,0.8299595141700404,0.1,0.5961538461538461,0.0,0.9642857142857143,0.35237560813799207,0.672252249170458,0.37603448749323065,0.8282900432900433,-0.32960521123712777,0.1383103259185084,-32.79050298513363,61.989813118797024,0.5313953488372093,-3.68801893206816,-18.759253660082152,-7.899117150599768,10.47251087573318,26,14,7,-22.832065510995186,-14.68644180916912,10.47251087573318,5.889757328914485,5.783156977797402,0.6437564365459102
27,probe_strat_noinit,0.6807692307692308,0.4221824686940966,0.6571428571428571,0.45348837209302323,0.6753246753246753,0.42424242424242425,0.6518218623481782,0.3923076923076923,0.3076923076923077,0.5861003861003861,0.6455598455598456,-0.05945945945945952,1.1325158936873048,-0.08429685153714915,0.4480288461538462,0.8086778846153846,0.2700581395348837,0.618179785330948,0.40714285714285714,0.8089732142857142,0.26578073089701,0.6595099667774087,0.39826839826839827,0.8788961038961038,0.20707070707070707,0.7172979797979796,0.3765182186234818,0.8421052631578947,0.1346153846153846,0.669326923076923,0.023525641025641024,0.8928571428571429,0.3691048488965155,0.6988531738531739,0.3571682638349305,0.8093685298153384,-0.2738599153272639,0.14950524683764768,-23.372011401454245,19.83765211645412,0.6366279069767442,-0.13092176760849056,-4.236719751776964,-2.39080423087212,1.4732114445095477,26,14,7,-4.778380051074262,-3.6950594524796663,1.4732114445095477,1.2846706664513512,0.9586247248141088,0.5952452596136807
27,probe_matched,0.4971153846153846,0.5098389982110912,0.44821428571428573,0.5431893687707641,0.5887445887445888,0.47474747474747475,0.3684210526315789,0.4461538461538462,0.358974358974359,0.5992277992277992,0.6362934362934363,-0.037065637065637036,4.487957449020209,-0.16227765230281738,0.2999759615384615,0.6769471153846154,0.3559704830053667,0.6967799642218246,0.24638392857142857,0.7001339285714284,0.3521179401993355,0.7259136212624585,0.2898268398268398,0.8354978354978355,0.24242424242424243,0.7424242424242424,0.145748987854251,0.6397773279352226,0.23846153846153847,0.7076923076923077,0.041666666666666664,0.925,0.39534749034749034,0.7252481113355727,0.3028654060696704,0.8015490645191667,-0.23237452651515156,0.21957794817386822,-19.950273226387434,23.69949709109077,0.5162790697674419,0.9538305123628652,-10.596452223285873,0.7410795788473189,6.8951463570289295,26,14,4,-11.858904012402439,-9.334000434169305,6.8951463570289295,5.6688052533334545,3.1384171012336424,0.6162222222222222
27,dom_regular,0.6548076923076923,0.47942754919499103,0.7,0.43023255813953487,0.658008658008658,0.5050505050505051,0.6680161943319838,0.45384615384615384,0.32051282051282054,0.48494208494208496,0.5196911196911197,-0.034749034749034735,0.8582898992476343,-0.3340094968567176,0.4480769230769231,0.7894471153846153,0.3282647584973166,0.6627906976744186,0.46602678571428574,0.8625,0.2474667774086379,0.6196843853820597,0.36331168831168836,0.8398268398268398,0.2827020202020202,0.75770202020202,0.39251012145748987,0.8462550607287448,0.23461538461538461,0.7347115384615385,0.08782051282051284,0.7407407407407407,0.3610987773487773,0.6713987363987364,0.32554996857322444,0.7546875,-0.22157314923619267,0.19120771046420143,-3.8859625117736742,4.851547336225424,0.6162790697674418,-0.3044054467095417,-1.3072214760930492,0.5312031707213372,-1.1818484340734485,26,14,11,-0.9184870643910499,-1.6959558877950487,-1.1818484340734485,0.3452119821575348,1.44466466163632,
27,dom_regular_verberase,0.7451923076923077,0.5143112701252236,0.8214285714285714,0.4269102990033223,0.7272727272727273,0.5202020202020202,0.7692307692307693,0.5230769230769231,0.2948717948717949,0.5552123552123552,0.32972972972972975,0.2254826254826255,0.5291565449263912,-0.056157985752960084,0.42209134615384614,0.8375240384615384,0.33182021466905187,0.7174194991055456,0.4553125,0.9107589285714285,0.2558139534883721,0.7059800664451827,0.35054112554112554,0.8961038961038961,0.2777777777777778,0.7777777777777778,0.36427125506072877,0.8947368421052632,0.26153846153846155,0.8038461538461539,0.03680555555555556,0.8166666666666667,0.34593789152696813,0.7104375301640927,0.20509783765479878,0.6070450972329722,-0.034078460239451006,0.35450724386482896,-1.3004197666756763,3.326373607464296,0.7744186046511627,0.06274253294711295,-0.4034076372845242,0.31020355357086943,-0.7024359253453378,26,14,11,-0.24999641220573643,-0.556818862363312,-0.7024359253453378,0.33458616278265635,0.7515226959478023,
27,dom_regular_rank2,0.725,0.47227191413237923,0.8053571428571429,0.38870431893687707,0.7186147186147186,0.5,0.7368421052631579,0.4576923076923077,0.358974358974359,0.5019305019305019,0.3173745173745174,0.18455598455598454,0.6246378436695561,-0.10597903909496283,0.41346153846153844,0.8154086538461538,0.32555903398926656,0.692330053667263,0.44285714285714284,0.8982589285714285,0.23089700996677742,0.661171096345515,0.37662337662337664,0.8874458874458875,0.23737373737373738,0.7272727272727273,0.3804655870445344,0.8785425101214575,0.24221153846153848,0.7807692307692308,0.07142857142857142,0.7880952380952383,0.3390039747109246,0.7317349466463414,0.21395646026019835,0.6190885369468769,-0.056517580716497165,0.3491367167803806,-1.7825947380830895,5.321415299432562,0.713953488372093,-0.0998515555680618,-0.5386123234807427,0.23410301351595572,-0.8686188895711127,26,14,11,-0.4878092067744673,-0.5894154401870181,-0.8686188895711127,0.32872118391521477,0.962828311960232,
28,adom_matched,0.5278846153846154,0.4749552772808587,0.5107142857142857,0.4867109634551495,0.5324675324675324,0.5252525252525253,0.4939271255060729,0.4269230769230769,0.2948717948717949,0.5027027027027027,0.6872586872586872,-0.18455598455598454,-12.418524233817237,-0.3397941194448129,0.2980528846153846,0.6760336538461538,0.3371645796064401,0.6502906976744186,0.2375,0.7107589285714285,0.30228405315614615,0.6894102990033223,0.21634199134199134,0.7532467532467533,0.25252525252525254,0.7727272727272727,0.21052631578947367,0.728744939271255,0.22692307692307692,0.6807692307692308,0.03571428571428571,0.801709401709402,0.34731070595879676,0.669212962962963,0.39808511490258147,0.8405660709259781,-0.3341482951205173,0.09710508998149439,-29.131500148946184,22.328380460845043,0.49186046511627907,6.237636503268234,22.31558896844884,-10.588186459315374,10.226257979231463,26,14,4,12.130871801649443,32.50030613524824,10.226257979231463,-9.0829736736144,-16.23058201690619,0.49777777777777776
28,dom_matched,0.4096153846153846,0.5447227191413238,0.3892857142857143,0.5714285714285714,0.4458874458874459,0.5151515151515151,0.29554655870445345,0.46153846153846156,0.3717948717948718,0.5552123552123552,0.5899613899613899,-0.03474903474903468,-7.090919545970695,-0.29685245710197056,0.25471153846153843,0.6480769230769231,0.3684481216457961,0.7084749552772808,0.1803125,0.7160714285714286,0.33056478405315615,0.7508305647840532,0.18160173160173163,0.7532467532467533,0.29292929292929293,0.7981060606060605,0.16194331983805668,0.6882591093117408,0.23461538461538461,0.7384615384615385,0.07142857142857142,0.9263227513227513,0.35833837873698554,0.6741698916408668,0.28326254826254826,0.7692506494350919,-0.24866768026878178,0.22534984997897783,-22.143315988969686,23.078496290508166,0.4720930232558139,-2.972856483157007,5.415683098701438,-5.817082730471924,-8.693020113337544,26,14,4,5.432865942752881,5.398500254649994,-8.693020113337544,-5.999093980878346,-8.33872019179052,0.42088888888888887
28,probe_strat,0.676923076923077,0.3944543828264758,0.6607142857142857,0.40365448504983387,0.696969696969697,0.37373737373737376,0.6518218623481782,0.34615384615384615,0.358974358974359,0.5528957528957529,0.5868725868725869,-0.03397683397683404,3.3376195730761213,-0.06874564103016305,0.4201682692307692,0.8000240384615385,0.23343023255813955,0.5644230769230769,0.35696428571428573,0.8,0.2292358803986711,0.6312707641196014,0.3939393939393939,0.8962121212121211,0.15151515151515152,0.656691919191919,0.32793522267206476,0.8057692307692307,0.12307692307692308,0.6846153846153846,0.0,0.9629629629629629,0.3649568765193765,0.7021650752314815,0.31699689199689196,0.8220698328684166,-0.25938674709327736,0.1892446157094594,-31.01055550440095,45.425826667604845,0.5459302325581395,-1.6269322219435227,-11.541228198497649,-4.0809708679515415,5.919992972185459,26,14,7,-12.698081980438854,-10.384374416556442,5.919992972185459,2.9157363503781717,3.819771827588064,0.6354572036150984
28,probe_strat_noinit,0.6644230769230769,0.4776386404293381,0.6482142857142857,0.5116279069767442,0.6926406926406926,0.4494949494949495,0.6072874493927125,0.46153846153846156,0.3333333333333333,0.5992277992277992,0.5945945945945946,0.004633204633204602,0.9483891346157878,-0.08212722546212646,0.44326923076923075,0.7817307692307692,0.27549194991055453,0.6351296958855098,0.3803125,0.8143303571428571,0.26411960132890366,0.6844269102990034,0.39805194805194805,0.8961038961038961,0.20694444444444446,0.702020202020202,0.31983805668016196,0.8218623481781376,0.16153846153846155,0.719326923076923,0.037037037037037035,0.8928571428571429,0.3768074175365842,0.7142857142857143,0.2999018772268633,0.7963690476190476,-0.2281300793343653,0.21953832478715166,-21.259066644198636,22.21575340083434,0.6406976744186047,-0.01931498398889735,-3.849252337314444,-1.8404115432917683,0.9632068776220777,26,14,7,-3.9232842548149023,-3.775220419813985,0.9632068776220777,0.8909693247948491,1.0140117744111465,0.6072618667881826
28,probe_matched,0.5048076923076923,0.5241502683363148,0.46785714285714286,0.5697674418604651,0.6147186147186147,0.46464646464646464,0.3724696356275304,0.4807692307692308,0.3333333333333333,0.5915057915057915,0.5675675675675675,0.02393822393822398,2.1711037693192656,-0.15422576675016492,0.30860576923076927,0.6789182692307691,0.3577146690518784,0.6932468694096601,0.22312500000000002,0.6910714285714286,0.36540697674418604,0.7526162790697674,0.3029220779220779,0.8398268398268398,0.24242424242424243,0.7727272727272727,0.16194331983805668,0.6397773279352226,0.2423076923076923,0.7076923076923077,0.038461538461538464,0.8928571428571429,0.3820199424342105,0.7195507812499999,0.2633961139169473,0.7917766467766467,-0.22816877902476781,0.26259169884169875,-18.721886856749386,22.52955754913359,0.5343023255813953,1.0616346286233527,-5.256838289637549,1.535854158694333,3.466171058417115,26,14,4,-6.684692617699825,-3.8289839615752728,3.466171058417115,2.536207218801207,1.7538426841970463,0.5891111111111111
28,dom_regular,0.6576923076923077,0.4919499105545617,0.7125,0.4368770764119601,0.6753246753246753,0.5505050505050505,0.659919028340081,0.43846153846153846,0.32051282051282054,0.48416988416988416,0.5057915057915058,-0.021621621621621623,0.6749895049382361,-0.3415577109656872,0.4461538461538462,0.7798076923076923,0.32737030411449014,0.6789355992844364,0.4373660714285714,0.8732142857142857,0.2674003322259136,0.6495847176079733,0.38095238095238093,0.8484848484848485,0.29772727272727273,0.7728535353535352,0.3562753036437247,0.8421052631578947,0.26153846153846155,0.7501923076923075,0.07407407407407407,0.7412037037037033,0.36292275205667346,0.6903544280888031,0.2913565340909091,0.7755417956656346,-0.20529431216931224,0.22939564232520882,-3.168006448516697,5.094937659124489,0.6348837209302326,-0.18008077666141276,-0.9583999463672815,0.5390504914794428,-1.195346665987477,26,14,11,-0.7419758986786764,-1.1748239940558867,-1.195346665987477,0.22791919825155307,1.1859269982944458,
28,dom_regular_verberase,0.7375,0.5500894454382826,0.8125,0.4418604651162791,0.7445887445887446,0.5555555555555556,0.7327935222672065,0.55,0.28205128205128205,0.5606177606177606,0.33976833976833976,0.22084942084942083,0.31165773645539474,-0.06993502153723447,0.4181730769230769,0.821201923076923,0.3371869409660107,0.7343470483005367,0.4392857142857143,0.9054017857142856,0.2706810631229236,0.7027408637873753,0.3722943722943723,0.8875541125541125,0.2727272727272727,0.7727272727272727,0.3481781376518219,0.8744939271255061,0.24615384615384617,0.8153846153846154,0.03721509971509972,0.7407407407407407,0.3436207813925205,0.707388614095931,0.22522639318885448,0.6332625482625481,-0.05191917020219398,0.33285082785082787,-1.8340388400454946,2.353656939897686,0.797093023255814,0.15747032229759478,-0.23834839942138042,0.2864081523778158,-0.8193538031642034,26,14,11,-0.31179162316981485,-0.164905175672946,-0.8193538031642034,0.16885083937662887,0.474865618831127,
28,dom_regular_rank2,0.7182692307692308,0.4883720930232558,0.7946428571428571,0.4003322259136213,0.7229437229437229,0.5303030303030303,0.7206477732793523,0.4653846153846154,0.3333333333333333,0.5158301158301158,0.32664092664092664,0.1891891891891892,0.436248904531638,-0.12954789948926101,0.4220673076923077,0.8086538461538462,0.3443202146690519,0.6896466905187836,0.4356696428571429,0.914330357142857,0.23916112956810634,0.6745431893687707,0.39361471861471864,0.9004329004329005,0.24734848484848487,0.7728535353535352,0.29959514170040485,0.858400809716599,0.23461538461538461,0.7730769230769231,0.07222222222222222,0.7777777777777778,0.33595472509713264,0.7261998426435877,0.20995469995469998,0.6445403814935063,-0.09206743804177646,0.334883008008008,-2.5905376137357874,3.661560977567942,0.7366279069767442,-0.02235456077699316,-0.3253333299766411,0.22377219074001334,-1.0169069746997415,26,14,11,-0.4989437737826913,-0.15172288617059096,-1.0169069746997415,0.20613621917532027,0.6992348306531438,
29,adom_matched,0.5451923076923076,0.4490161001788909,0.5125,0.46677740863787376,0.5454545454545454,0.5,0.5263157894736842,0.40384615384615385,0.28205128205128205,0.4980694980694981,0.6795366795366795,-0.18146718146718144,-6.385189499837477,-0.3540699503227944,0.2970673076923077,0.683701923076923,0.31753130590339895,0.6261180679785331,0.2357142857142857,0.7214285714285714,0.29896179401993356,0.6910299003322259,0.24242424242424243,0.7793290043290043,0.23712121212121215,0.7575757575757576,0.22257085020242914,0.7450404858299594,0.22692307692307692,0.6770192307692308,0.02737179487179488,0.7669871794871793,0.3485332505592144,0.67349609375,0.39687258687258686,0.8415889665889665,-0.3262013489606369,0.09934244791666652,-22.059354556762198,22.206507792138666,0.48255813953488375,4.847162224387537,15.35851457579458,-3.9899696395362514,9.124295998675692,26,14,4,9.13534499829176,21.5816841532974,9.124295998675692,-4.278012908430634,-8.793391318588153,0.4762222222222222
29,dom_matched,0.4403846153846154,0.5161001788908766,0.3964285714285714,0.5681063122923588,0.5108225108225108,0.4696969696969697,0.29554655870445345,0.47692307692307695,0.28205128205128205,0.5637065637065637,0.6,-0.03629343629343629,-1.98502465111416,-0.3250264325760159,0.25574519230769227,0.6750240384615385,0.3496645796064401,0.7030411449016101,0.19098214285714285,0.6966071428571426,0.34551495016611294,0.7426495016611295,0.1946969696969697,0.7706709956709956,0.23232323232323232,0.7777777777777778,0.1700404858299595,0.6924089068825909,0.24605769230769234,0.74625,0.038461538461538464,0.8148148148148148,0.3614148696462938,0.6811612793810936,0.3138867033831628,0.768804091266719,-0.22398992313852994,0.19489743758645678,-28.045394141902833,17.672593854855908,0.46686046511627904,-0.6568678773261671,4.990879462041015,-0.6195664357667017,-1.105230198618212,26,14,4,4.510887450883085,5.470871473198946,-1.105230198618212,-1.4231106504101436,-2.6272120804901786,0.41288888888888897
29,probe_strat,0.6625,0.387298747763864,0.5857142857142857,0.44518272425249167,0.7619047619047619,0.35858585858585856,0.5951417004048583,0.35,0.32051282051282054,0.5467181467181467,0.5814671814671815,-0.03474903474903479,4.724042250702922,-0.059253995718326305,0.42209134615384614,0.7951923076923076,0.22271914132379247,0.5493291592128801,0.3303125,0.775,0.2324750830564784,0.6495016611295681,0.38961038961038963,0.9048701298701298,0.1414141414141414,0.6667929292929291,0.29959514170040485,0.8179149797570848,0.10759615384615386,0.6269230769230769,0.020096570096570104,0.9285714285714286,0.36793596297781345,0.7035577839744506,0.29873235209922516,0.8308975638619601,-0.2825029481402416,0.21009652509652502,-41.2865592760026,38.95082608653676,0.5482558139534883,-1.9364406165532722,-14.030049293083735,-4.684315415238106,4.00546911687236,26,14,7,-15.894801712824778,-12.16529687334269,4.00546911687236,3.7338531167482376,5.855686975222561,0.6325690488848383
29,probe_strat_noinit,0.6615384615384615,0.4821109123434705,0.5910714285714286,0.5481727574750831,0.7489177489177489,0.42424242424242425,0.5789473684210527,0.5076923076923077,0.2948717948717949,0.5884169884169884,0.5575289575289575,0.030888030888030937,0.7718297465632213,-0.07915049873479693,0.44127403846153845,0.7769230769230769,0.27544722719141324,0.6270796064400715,0.35892857142857143,0.7536607142857142,0.28903654485049834,0.7160299003322258,0.4198051948051948,0.8917748917748918,0.1513888888888889,0.6818181818181818,0.340080971659919,0.8178137651821862,0.16153846153846155,0.6732692307692306,0.038461538461538464,0.8084045584045586,0.36601452753016506,0.7258413519546332,0.29734461054287964,0.7941630591630591,-0.21776968972638577,0.22135347055154592,-19.049265706015,19.824512260577457,0.6395348837209303,0.027108458665236545,-3.8542550694963857,-1.8198554969881322,0.18276416480571733,26,14,7,-3.9059857838825645,-3.802524355110207,0.18276416480571733,0.5476493837277814,1.0280358755180097,0.573493202703729
29,probe_matched,0.5375,0.5008944543828264,0.48928571428571427,0.5598006644518272,0.658008658008658,0.41919191919191917,0.41700404858299595,0.4653846153846154,0.46153846153846156,0.5706563706563706,0.6038610038610038,-0.03320463320463318,2.7709659009029215,-0.1501519095346458,0.33557692307692305,0.694278846153846,0.33441413237924866,0.6654964221824687,0.22142857142857142,0.6894196428571427,0.3388704318936877,0.7625000000000001,0.3333333333333333,0.8701298701298701,0.21717171717171718,0.7323232323232324,0.17813765182186234,0.6356275303643725,0.20759615384615387,0.7076923076923077,0.07142857142857142,0.8974358974358975,0.3726402552726338,0.7159143307574543,0.3061885336885337,0.8034169585330575,-0.2593771114864865,0.20649526014109335,-20.0336886602608,19.66583116695447,0.5343023255813953,-0.47289521488967623,-7.826945693282443,1.636057573533665,5.754211470654264,26,14,4,-8.988703797006448,-6.66518758955844,5.754211470654264,2.384888345687738,3.212197392577418,0.5724444444444445
29,dom_regular,0.6644230769230769,0.4856887298747764,0.7196428571428571,0.4269102990033223,0.6926406926406926,0.5606060606060606,0.659919028340081,0.4346153846153846,0.3717948717948718,0.4864864864864865,0.4888030888030888,-0.002316602316602301,0.5935501121145745,-0.33927098601208316,0.43841346153846156,0.7817548076923077,0.33266994633273705,0.6968470483005366,0.45888392857142857,0.8733035714285714,0.24916943521594684,0.6362126245847176,0.3938311688311688,0.8615800865800866,0.30303030303030304,0.7727272727272727,0.340080971659919,0.8340080971659919,0.2423076923076923,0.7654807692307691,0.1,0.8148148148148148,0.34052312077702707,0.6921994148166023,0.2753300865800866,0.7492598348016304,-0.17959477389817943,0.23870128919277517,-3.3213627474688012,4.6907395126694444,0.6354651162790698,-0.22548184565719437,-0.6838702326816986,0.47614878362052165,-1.2609710113044632,26,14,11,-0.47987922533094807,-0.8878612400324489,-1.2609710113044632,0.1465450739704126,1.1044130128507597,
29,dom_regular_verberase,0.8009615384615385,0.5322003577817531,0.8892857142857142,0.4119601328903654,0.7922077922077922,0.5454545454545454,0.7935222672064778,0.5269230769230769,0.3333333333333333,0.6154440154440154,0.322007722007722,0.2934362934362934,0.30218779950470975,-0.034501415735812856,0.4383894230769231,0.8375480769230769,0.3425536672629696,0.7218470483005367,0.4642857142857143,0.9214285714285714,0.24410299003322258,0.6860880398671096,0.39826839826839827,0.9134199134199135,0.2878787878787879,0.7678030303030301,0.3845141700404859,0.8704453441295547,0.2614423076923077,0.8,0.05555555555555555,0.7609230769230771,0.3356511056511057,0.7420822233322233,0.20769348384638078,0.6181200396825397,-0.03938452550294656,0.3723071135572536,-1.2634412130983934,2.165501102517101,0.833139534883721,0.1243099397686297,-0.05417319910157514,0.18135049275619566,-0.7533613032212046,26,14,11,-0.16078855683965468,0.052442158636504387,-0.7533613032212046,0.157111132058988,0.4679897051569633,
29,dom_regular_rank2,0.7384615384615385,0.4740608228980322,0.8232142857142857,0.38205980066445183,0.7402597402597403,0.5202020202020202,0.7408906882591093,0.4346153846153846,0.3717948717948718,0.5065637065637065,0.30579150579150577,0.20077220077220076,0.4568967921252583,-0.12654878448043141,0.44790865384615386,0.8192307692307692,0.32274150268336316,0.6950581395348836,0.48214285714285715,0.9250446428571428,0.23085548172757478,0.6428571428571429,0.41114718614718615,0.9090909090909091,0.2878787878787879,0.7527777777777775,0.3397773279352227,0.8582995951417004,0.23846153846153847,0.7730769230769231,0.10714285714285714,0.82,0.33584943579138626,0.7322265221878225,0.2190134602360681,0.6581256454071595,-0.08128279320987654,0.33381961522520015,-1.7359257663157837,3.3552265820825258,0.736046511627907,-0.08932510566223759,-0.1765917636644178,0.12964340984281594,-0.9905328408844666,26,14,11,-0.36237237210067874,0.009188844771843096,-0.9905328408844666,0.19875473597098842,0.7519162848729956,
30,adom_matched,0.5548076923076923,0.4409660107334526,0.5160714285714286,0.4717607973421927,0.5497835497835498,0.48484848484848486,0.5384615384615384,0.40384615384615385,0.21794871794871795,0.511969111969112,0.6972972972972973,-0.1853281853281853,-6.990663230472099,-0.33701871290623026,0.29418269230769234,0.7105769230769231,0.29695885509839,0.6395796064400715,0.2160267857142857,0.7267857142857143,0.2956810631229236,0.6961378737541527,0.24675324675324675,0.7793290043290043,0.23737373737373738,0.7676767676767676,0.23076923076923078,0.757085020242915,0.20384615384615384,0.6577884615384615,0.012256410256410258,0.7709401709401704,0.35259165415415417,0.6895861040314226,0.3906228072373697,0.8436532507739938,-0.30765764783532423,0.09189928209459454,-16.978362397730983,14.516440855188469,0.48953488372093024,6.261063662577619,22.398966751710887,-4.483151592484688,13.288842071397054,26,14,4,14.44967331408542,30.34826018933635,13.288842071397054,-4.345729602079045,-10.013444520064159,0.48177777777777775
30,dom_matched,0.4576923076923077,0.501788908765653,0.3982142857142857,0.553156146179402,0.5454545454545454,0.4595959595959596,0.291497975708502,0.4461538461538462,0.2692307692307692,0.5652509652509653,0.5884169884169884,-0.02316602316602312,-1.5848969215336852,-0.3334176323626865,0.25959134615384616,0.6730769230769231,0.34525939177101966,0.6905635062611806,0.1660267857142857,0.6839285714285714,0.3454734219269103,0.7475498338870432,0.19913419913419914,0.7965367965367965,0.24242424242424243,0.7676767676767676,0.16993927125506073,0.7086032388663966,0.23836538461538465,0.7307692307692307,0.03707264957264957,0.8477842809364549,0.35755019311016084,0.6920865399413916,0.30033738537644783,0.7500337837837837,-0.21288204465287797,0.1969305019305019,-13.13336210064218,13.390484573755174,0.47267441860465115,-0.41873031029566066,5.876270845311392,-0.08280203361067488,0.059161601770055895,26,14,4,5.376106744788241,6.376434945834544,0.059161601770055895,-0.9849803844381549,-2.2705158210714336,0.420888888888889
30,probe_strat,0.6817307692307693,0.3631484794275492,0.575,0.47674418604651164,0.7186147186147186,0.3888888888888889,0.7044534412955465,0.2846153846153846,0.2948717948717949,0.5722007722007721,0.5837837837837838,-0.011583011583011671,2.717004580513718,-0.04521221634188358,0.4489423076923077,0.8009615384615385,0.23074686940966013,0.552772808586762,0.3320982142857143,0.7625892857142856,0.259094684385382,0.6844269102990034,0.3939393939393939,0.9047619047619048,0.15656565656565657,0.6718434343434342,0.36831983805668017,0.854251012145749,0.10384615384615385,0.5885576923076923,0.0,0.9285714285714286,0.3960187232787852,0.7404984145149369,0.2978141534391534,0.8193115678400361,-0.2618308738425926,0.24078802244582034,-29.200328688358994,34.99394548767145,0.5447674418604651,-1.5256065524789233,-10.295257142934332,-3.629998560984402,2.485637604311584,26,14,7,-10.694153808158003,-9.896360477710664,2.485637604311584,1.8772081118101167,3.676771973317834,0.6652848029163818
30,probe_strat_noinit,0.6855769230769231,0.4364937388193202,0.575,0.5647840531561462,0.7705627705627706,0.3787878787878788,0.6518218623481782,0.41923076923076924,0.28205128205128205,0.6054054054054054,0.5629343629343629,0.0424710424710425,0.7972168078996918,-0.064773669073562,0.4729807692307692,0.8019711538461538,0.2620304114490161,0.5948568872987476,0.3463839285714286,0.7768303571428571,0.30228405315614615,0.704360465116279,0.41125541125541126,0.9178571428571428,0.16654040404040404,0.6768939393939393,0.3765182186234818,0.8461538461538461,0.14605769230769233,0.6539423076923077,0.037037037037037035,0.8214285714285714,0.39526715568382237,0.7330010074205121,0.31913334725607395,0.7949216935952012,-0.20697592031187623,0.251739123703839,-14.693316742856656,17.778072650049047,0.6325581395348837,-0.22624530258056313,-4.26696937567812,-1.8456419091023573,0.2443356250651472,26,14,7,-3.6831463691280804,-4.8507923822281604,0.2443356250651472,0.47586877032007846,1.1644717079906786,0.6134999620262779
30,probe_matched,0.575,0.46422182468694095,0.5160714285714286,0.5415282392026578,0.7056277056277056,0.3939393939393939,0.44534412955465585,0.3923076923076923,0.44871794871794873,0.57992277992278,0.5359073359073359,0.044015444015444105,2.508781604146749,-0.154593986600947,0.34134615384615385,0.7163461538461539,0.3085644007155635,0.6457960644007156,0.2570982142857143,0.689375,0.32886212624584715,0.7375830564784053,0.33755411255411255,0.8831168831168831,0.1919191919191919,0.7324494949494949,0.19838056680161945,0.6720647773279352,0.18846153846153846,0.6616346153846153,0.10568783068783072,0.9259259259259259,0.37925430627443013,0.7171721117424242,0.26514084743825106,0.7598873782467531,-0.21886274648406767,0.25399305555555546,-28.190308866582534,27.38209567520609,0.5441860465116279,-1.5672876913432507,-6.157405631041114,0.4845492765779114,4.721531427368596,26,14,4,-6.694070540106576,-5.620740721975652,4.721531427368596,1.8862971828188915,3.2201923713785865,0.6395555555555555
30,dom_regular,0.6701923076923076,0.4856887298747764,0.7160714285714286,0.43521594684385384,0.696969696969697,0.5505050505050505,0.6639676113360324,0.4230769230769231,0.3717948717948718,0.49498069498069497,0.5011583011583012,-0.00617760617760621,0.5422917000789989,-0.3204088069682798,0.44903846153846155,0.7884855769230769,0.3380366726296959,0.6949910554561717,0.45169642857142855,0.8929017857142857,0.25568936877076415,0.6528239202657807,0.3852813852813853,0.8615800865800866,0.3029040404040404,0.7728535353535352,0.3603238866396761,0.8301619433198378,0.24221153846153848,0.7692307692307693,0.10714285714285714,0.82,0.3544264687840539,0.6984292328042327,0.2847757671125098,0.7453815960609439,-0.17117012142027868,0.24095816240347484,-2.131452096380639,5.6896293131477025,0.647093023255814,-0.1989049433343822,-0.5076880094329559,0.42544362708430367,-1.0583708116755715,26,14,11,-0.31241440373537727,-0.7029616151305345,-1.0583708116755715,0.14371625468637134,0.9978064948134302,
30,dom_regular_verberase,0.7903846153846154,0.5420393559928444,0.8625,0.43023255813953487,0.7878787878787878,0.5808080808080808,0.7692307692307693,0.5346153846153846,0.3717948717948718,0.6455598455598456,0.3521235521235521,0.29343629343629346,0.21803456173747662,-0.03387160188653205,0.4384375,0.8509855769230769,0.3443649373881932,0.726386404293381,0.4570982142857143,0.9214285714285714,0.25074750830564785,0.6828903654485048,0.3938311688311688,0.9264069264069265,0.2727272727272727,0.7829545454545453,0.3603238866396761,0.8745951417004048,0.2575961538461538,0.7962499999999999,0.1,0.8214285714285714,0.36906626864960196,0.7663253224476134,0.22287675895917247,0.6471882150007149,-0.028349641087642655,0.3792282196969697,-1.5370008287664432,1.7233707891944543,0.8459302325581395,0.11801461710431622,0.1191461174419377,0.21728716976371898,-0.5358120764501572,26,14,11,0.04346164553188227,0.19483058935199313,-0.5358120764501572,0.1206740850332923,0.32930367797083016,
30,dom_regular_rank2,0.7461538461538462,0.48389982110912344,0.8285714285714286,0.38205980066445183,0.7619047619047619,0.5252525252525253,0.7246963562753036,0.4346153846153846,0.4230769230769231,0.5343629343629344,0.3474903474903475,0.18687258687258684,0.427143184196963,-0.11836381312919403,0.4547596153846154,0.8309134615384615,0.33182021466905187,0.691525044722719,0.45883928571428567,0.9196874999999999,0.23255813953488372,0.6578073089700996,0.4458874458874459,0.9091991341991341,0.26755050505050504,0.7727272727272727,0.34402834008097166,0.8704453441295547,0.23076923076923078,0.7500961538461538,0.12687500000000002,0.8461538461538461,0.34512746234772845,0.7654813528997668,0.22912808641975307,0.6456621275154798,-0.05808823529411765,0.36833164737177315,-1.3791854562972674,3.689328902736881,0.7703488372093024,-0.041657266920970215,0.019283963796626946,0.1262433538905158,-0.6741799196105485,26,14,11,-0.16300930567383928,0.20157723326709318,-0.6741799196105485,0.22749232749361062,0.6553155918579373,
31,adom_matched,0.5798076923076924,0.43023255813953487,0.5321428571428571,0.48006644518272423,0.6017316017316018,0.4696969696969697,0.5465587044534413,0.40384615384615385,0.24358974358974358,0.5088803088803089,0.7235521235521235,-0.21467181467181462,155.42143002631107,-0.3350564502181048,0.3298076923076923,0.7336538461538461,0.28884168157423973,0.6199686940966009,0.24107142857142858,0.7321874999999999,0.2956810631229236,0.6843853820598007,0.27683982683982683,0.8312770562770563,0.21717171717171718,0.7575757575757576,0.2509109311740891,0.7693319838056679,0.1922115384615385,0.6461538461538462,0.0,0.7219017094017092,0.35950396825396824,0.6867427248677249,0.4163821941361004,0.8289854029605263,-0.30450926005605816,0.07712169316509113,-13.900902593916394,20.1335921262451,0.5063953488372093,-149.9754501054427,-562.3374124997399,40.43779614541771,-308.0748122072812,26,14,4,-412.5296340535064,-712.1451909459735,-308.0748122072812,99.30498752227538,219.55450717378054,0.5137777777777777
31,dom_matched,0.5067307692307692,0.46153846153846156,0.44642857142857145,0.5232558139534884,0.6233766233766234,0.4444444444444444,0.31983805668016196,0.39615384615384613,0.21794871794871795,0.5598455598455598,0.6054054054054054,-0.0455598455598456,-1.8671981831305888,-0.34116026526678433,0.26632211538461537,0.6981490384615383,0.3184033989266547,0.6887298747763864,0.19455357142857144,0.6947321428571428,0.34049003322259136,0.7591362126245847,0.22077922077922077,0.8269480519480519,0.24229797979797982,0.7828282828282829,0.15384615384615385,0.7004048582995951,0.2230769230769231,0.719326923076923,0.037037037037037035,0.8205128205128205,0.34527528152045633,0.6843781348347757,0.3380791505791506,0.7508132377128482,-0.22304200304200303,0.19375608766233762,-12.402713630909682,16.207127928812206,0.488953488372093,0.11231670651464701,12.558804989117416,2.5772822296567797,2.155600463271405,26,14,4,12.496137621492936,12.621472356741894,2.155600463271405,-1.0368544697152162,-2.8161624270338708,0.45777777777777773
31,probe_strat,0.6903846153846154,0.3211091234347048,0.5803571428571429,0.4368770764119601,0.7402597402597403,0.35858585858585856,0.708502024291498,0.23076923076923078,0.3076923076923077,0.5498069498069498,0.572972972972973,-0.02316602316602323,3.6109432411806917,-0.044941833052551686,0.46625,0.8279326923076922,0.19141323792486584,0.5196779964221825,0.3267857142857143,0.7786160714285714,0.2292358803986711,0.6412790697674418,0.4154761904761905,0.9090909090909091,0.12121212121212122,0.6363636363636364,0.39665991902834014,0.8785425101214575,0.08076923076923077,0.5078846153846152,0.037037037037037035,0.9285714285714286,0.38298707468629345,0.7274869791666666,0.30759972150412745,0.801231411335578,-0.27520562770562773,0.21955173399390243,-28.79452289634509,30.18084963803754,0.5209302325581395,-4.090401135025319,-17.3969722441977,-8.644905157212582,3.4915392537099526,26,14,7,-18.173410964027312,-16.620533524368085,3.4915392537099526,2.055403562896721,5.38870287350523,0.669198678514468
31,probe_strat_noinit,0.698076923076923,0.38640429338103754,0.5892857142857143,0.5132890365448505,0.7575757575757576,0.3383838383838384,0.6761133603238867,0.3576923076923077,0.34615384615384615,0.5891891891891892,0.593050193050193,-0.0038610038610038533,0.36568093430520854,-0.06640690504763463,0.4932211538461539,0.8183173076923076,0.22719141323792486,0.5778622540250447,0.35531250000000003,0.7928571428571428,0.2691029900332226,0.6926910299003323,0.45876623376623377,0.9178571428571428,0.15656565656565657,0.6464646464646465,0.3885627530364373,0.8623481781376519,0.1076923076923077,0.5961538461538461,0.03571428571428571,0.8518518518518519,0.40075678075678073,0.7390625,0.3006712213207803,0.7783976833976834,-0.21861631160214945,0.24297561233108103,-18.19089978511084,10.446416112481844,0.6093023255813953,-0.5619195469976558,-4.874691351689311,-2.664885733443178,0.34843217461537934,26,14,7,-4.523427398709297,-5.225955304669324,0.34843217461537934,-0.09141017012849957,0.888070767943732,0.6155716817295764
31,probe_matched,0.5884615384615385,0.4364937388193202,0.5160714285714286,0.5199335548172758,0.7012987012987013,0.3787878787878788,0.46558704453441296,0.36538461538461536,0.3974358974358974,0.5984555984555985,0.5544401544401545,0.044015444015443994,2.4103360597899557,-0.15939313830198312,0.39134615384615384,0.7298076923076923,0.3121422182468694,0.618179785330948,0.27316964285714285,0.7125446428571428,0.33048172757475086,0.7343853820598005,0.39826839826839827,0.8831168831168831,0.20707070707070707,0.7171717171717171,0.19433198380566802,0.6924089068825909,0.1691346153846154,0.6155769230769229,0.06586309523809528,0.9285714285714286,0.38473340192459,0.7220175938925939,0.29175819179653456,0.7562284618218861,-0.22600804332454225,0.2463480963480963,-22.445942662745228,25.462390108926957,0.538953488372093,-2.393782849349363,-9.813435926594538,-2.41497123976022,5.442067072876196,26,14,4,-11.928140068723367,-7.69873178446571,5.442067072876196,1.9718070166523518,2.9115121090900744,0.6857777777777777
31,dom_regular,0.6846153846153846,0.5,0.7303571428571428,0.4485049833887043,0.7012987012987013,0.5606060606060606,0.6882591093117408,0.43846153846153846,0.358974358974359,0.4988416988416988,0.4942084942084942,0.004633204633204602,0.4844225821610903,-0.2918250062396453,0.40478365384615383,0.7894711538461537,0.33888640429338107,0.7075357781753131,0.45357142857142857,0.8768303571428571,0.26411960132890366,0.6611295681063123,0.3202380952380952,0.8614718614718615,0.2978535353535353,0.803030303030303,0.3441295546558704,0.850404858299595,0.23076923076923078,0.7846153846153846,0.07692307692307693,0.8333333333333334,0.3626909260858907,0.6993044131321078,0.3064778981768146,0.7304138950480413,-0.1842666343953529,0.21624385010511707,-2.462049342266214,3.609802646508673,0.6703488372093023,-0.12028944263186728,-0.44740812386464845,0.4381024834647978,-0.8045854073168923,26,14,11,-0.3207938161921729,-0.574022431537124,-0.8045854073168923,0.14091309104425076,0.8770048577231927,
31,dom_regular_verberase,0.8038461538461539,0.5608228980322003,0.875,0.4485049833887043,0.7878787878787878,0.5757575757575758,0.7975708502024291,0.5423076923076923,0.41025641025641024,0.6386100386100386,0.34054054054054056,0.29806949806949806,0.19570204999720348,-0.033890317372407164,0.43266826923076923,0.8500240384615384,0.3477862254025045,0.7441860465116279,0.42495535714285715,0.9142857142857143,0.26075581395348835,0.7093853820598006,0.38961038961038963,0.9135281385281385,0.2878787878787879,0.7829545454545453,0.36427125506072877,0.8906882591093117,0.2423076923076923,0.8154807692307692,0.1,0.8214285714285714,0.3629956818331291,0.7445820433436533,0.22991854363515918,0.6432887053720386,-0.038583233000802665,0.3688363576424722,-0.9894370985817139,2.014652177646659,0.8505813953488373,0.1574182852616099,0.15915422979563498,0.34074298282350357,-0.35413001248687354,26,14,11,0.029670569423042387,0.28863789016822755,-0.35413001248687354,0.11363266438860609,0.2894956335498862,
31,dom_regular_rank2,0.7432692307692308,0.501788908765653,0.8339285714285715,0.4069767441860465,0.7402597402597403,0.5757575757575758,0.7449392712550608,0.45384615384615384,0.44871794871794873,0.5243243243243243,0.3474903474903475,0.17683397683397678,0.36576038130092847,-0.11808977203815987,0.41338942307692306,0.8240384615384615,0.3335867620751342,0.725581395348837,0.4624553571428572,0.9214732142857142,0.23750000000000002,0.6860880398671096,0.33766233766233766,0.9005411255411255,0.2777777777777778,0.803030303030303,0.32388663967611336,0.8785425101214575,0.23846153846153847,0.7692307692307693,0.11495726495726497,0.8928571428571429,0.32892198667966216,0.7515765263030888,0.22575179811507937,0.6539292501206564,-0.08565538194444444,0.3605429292929293,-0.9173896578134096,3.1821619004329715,0.7767441860465116,0.03346471379367287,0.0770056895373622,0.2477296848810124,-0.4676682545946572,26,14,11,-0.13448179798570398,0.2884931770604284,-0.4676682545946572,0.18617757846822663,0.5709978702525877,
32,adom_matched,0.5894230769230769,0.4230769230769231,0.5321428571428571,0.48006644518272423,0.645021645021645,0.4444444444444444,0.5506072874493927,0.39615384615384613,0.21794871794871795,0.5104247104247104,0.7374517374517374,-0.22702702702702704,12.777140660306317,-0.3458010738646134,0.28362980769230767,0.735625,0.288886404293381,0.6422629695885509,0.27852678571428574,0.7161160714285714,0.2956395348837209,0.6777408637873754,0.22932900432900433,0.8441558441558441,0.2220959595959596,0.7930555555555554,0.22267206477732793,0.7813765182186235,0.2076923076923077,0.669326923076923,0.01002777777777778,0.7163425925925929,0.35802372002214644,0.6790419071669072,0.4324240907574241,0.8224131274131274,-0.30636429398148146,0.09225266486985229,-15.868925676205354,14.121543058228832,0.5122093023255814,-10.83002572865124,-49.22495421398612,-0.6670881160880041,-29.543872805899902,26,14,4,-37.34852611117522,-61.10138231679702,-29.543872805899902,8.673561155322407,17.46694580885936,0.49466666666666664
32,dom_matched,0.5317307692307692,0.4516994633273703,0.46964285714285714,0.5033222591362126,0.6753246753246753,0.398989898989899,0.3441295546558704,0.4,0.1794871794871795,0.5467181467181467,0.6185328185328185,-0.07181467181467183,-3.9787878664481195,-0.3624312339657953,0.24997596153846155,0.7260336538461537,0.3192978533094812,0.6995304114490161,0.2178125,0.6928571428571428,0.3338870431893688,0.7375830564784053,0.18614718614718614,0.8571428571428571,0.23232323232323232,0.7777777777777778,0.15789473684210525,0.708502024291498,0.2153846153846154,0.7385576923076923,0.02564102564102564,0.7777777777777778,0.35438774432915054,0.6735288216503242,0.33815954347204347,0.7820851243510567,-0.2534249564923182,0.1726129327329017,-14.690006528160819,13.484364897932318,0.5133720930232558,0.33005588986856205,24.631093306631215,6.275995572879714,6.6319017769084,26,14,4,24.203179552589393,25.059007060673032,6.6319017769084,-2.8281583301103588,-5.2937930508341315,0.496
32,probe_strat,0.6596153846153846,0.3425760286225403,0.5678571428571428,0.4318936877076412,0.7186147186147186,0.36363636363636365,0.6437246963562753,0.2653846153846154,0.3333333333333333,0.5436293436293437,0.57992277992278,-0.03629343629343629,5.659936927012255,-0.049250980016921846,0.43173076923076925,0.8115625,0.20031305903398927,0.5555008944543828,0.3392857142857143,0.7893749999999999,0.21926910299003322,0.6644933554817276,0.37662337662337664,0.9047619047619048,0.14646464646464646,0.6568181818181816,0.340080971659919,0.8625506072874493,0.09615384615384616,0.5807692307692308,0.03571428571428571,0.9285714285714286,0.3839212172993706,0.700532217815836,0.30034166625688435,0.8108396858396859,-0.26263286440312394,0.2328896063166664,-30.656719188035034,24.24552943769697,0.5017441860465116,-3.3491249757816584,-22.794516526523942,-14.075151570560697,6.921804618372368,26,14,7,-24.92487415785146,-20.664158895196426,6.921804618372368,4.139874671172565,7.3971509336861825,0.662852560694666
32,probe_strat_noinit,0.7067307692307693,0.4007155635062612,0.6321428571428571,0.5149501661129569,0.7489177489177489,0.35858585858585856,0.6680161943319838,0.38076923076923075,0.3333333333333333,0.5853281853281853,0.5181467181467182,0.06718146718146711,0.4853205506863782,-0.0735762239716701,0.5038221153846154,0.8308173076923077,0.240608228980322,0.5849955277280858,0.3785267857142857,0.7892857142857143,0.28235049833887044,0.7094684385382058,0.43722943722943725,0.9393939393939394,0.16654040404040404,0.6666666666666666,0.4048582995951417,0.8582995951417004,0.13846153846153847,0.619326923076923,0.038461538461538464,0.8669444444444442,0.3826438969017094,0.7192533948188943,0.2770862208397376,0.7701152044902044,-0.19658405455022293,0.25761815200617283,-12.985801221286206,14.89327834010176,0.6319767441860465,-0.31364086409480746,-4.123114492020247,-2.727975423096206,0.6880490476180846,26,14,7,-4.06103743512897,-4.185191548911524,0.6880490476180846,0.17677004114643763,0.8379497044463102,0.6386194526720843
32,probe_matched,0.5759615384615384,0.4606440071556351,0.5321428571428571,0.5116279069767442,0.70995670995671,0.4444444444444444,0.41700404858299595,0.38076923076923075,0.41025641025641024,0.5837837837837838,0.555984555984556,0.027799227799227832,2.7471400791484273,-0.15685403609856008,0.35278846153846155,0.7182932692307692,0.31659212880143117,0.6440295169946333,0.28200892857142856,0.7250446428571428,0.32387873754152824,0.7193936877076411,0.3593073593073593,0.8831168831168831,0.19696969696969696,0.7373737373737373,0.1861336032388664,0.659919028340081,0.19230769230769232,0.6653846153846154,0.07142857142857142,0.9285714285714286,0.38435546875000004,0.6963276815716695,0.29217770414086686,0.7858011583011582,-0.2278073721042471,0.21634694134694119,-27.58693067214174,18.533718772313907,0.5540697674418604,-0.5499887992752575,-7.04757590291551,-3.0667505859825606,4.279916421040413,26,14,4,-8.907577092917897,-5.187574712913121,4.279916421040413,2.463605840536179,3.0711792089909955,0.6937777777777777
32,dom_regular,0.7057692307692308,0.4928443649373882,0.7357142857142858,0.45514950166112955,0.7142857142857143,0.5707070707070707,0.7165991902834008,0.4076923076923077,0.3717948717948718,0.5065637065637065,0.5065637065637065,0.0,0.4827870172421316,-0.26195189287394005,0.41992788461538466,0.8144471153846153,0.33269230769230773,0.7209302325581395,0.45535714285714285,0.8875446428571427,0.27736710963455147,0.6862126245847174,0.3246753246753247,0.8874458874458875,0.2878787878787879,0.8080808080808081,0.39665991902834014,0.8664979757085018,0.21153846153846154,0.7615384615384615,0.07407407407407407,0.8589743589743589,0.35247142903392903,0.7011969111969112,0.3149388097998664,0.7554864853581774,-0.19769469269469267,0.21605727482006004,-1.5135745285411433,3.13728587502373,0.6854651162790698,-0.1318084750534047,-0.4518145083892212,0.3751339777590297,-0.7937143161691161,26,14,11,-0.32059706580966435,-0.583031950968778,-0.7937143161691161,0.20558288481558498,0.7995917400153276,
32,dom_regular_verberase,0.8134615384615385,0.556350626118068,0.8589285714285714,0.4717607973421927,0.7662337662337663,0.6161616161616161,0.8582995951417004,0.5153846153846153,0.46153846153846156,0.6231660231660232,0.33745173745173745,0.28571428571428575,0.2615497188087541,-0.027956552212595884,0.4105528846153846,0.8711778846153846,0.32551431127012526,0.7540250447227191,0.46767857142857144,0.9285714285714286,0.2956810631229236,0.7193106312292359,0.3246753246753247,0.922077922077922,0.2828282828282828,0.8233585858585857,0.3441295546558704,0.9352226720647774,0.23076923076923078,0.8076923076923077,0.10131766381766381,0.9262566137566137,0.3559391087516087,0.760855141365006,0.23093023878910005,0.6320982142857141,-0.03525136972402597,0.3683562938008257,-1.0442136795091406,1.3769339692825227,0.8412790697674418,0.12943067746533518,0.16230129901502394,0.3253462445779283,-0.2780799905166494,26,14,11,0.18172596814351796,0.14287662988652994,-0.2780799905166494,0.18099997180897934,0.35360657252278244,
32,dom_regular_rank2,0.7528846153846154,0.4892665474060823,0.8071428571428572,0.41029900332225916,0.7272727272727273,0.5909090909090909,0.7692307692307693,0.40384615384615385,0.44871794871794873,0.5027027027027027,0.3698841698841699,0.1328185328185328,0.37013935186047053,-0.129669320976808,0.4057451923076923,0.8490624999999999,0.31388640429338105,0.7289803220035778,0.4820535714285714,0.9214285714285714,0.26237541528239205,0.6827242524916943,0.32445887445887445,0.9135281385281385,0.2777777777777778,0.8131313131313131,0.3561740890688259,0.8907894736842104,0.2076923076923077,0.7538461538461538,0.11452991452991454,0.8809230769230766,0.32714711615640407,0.7482894289516371,0.2436644804526749,0.6515991652734068,-0.08988348009248169,0.3243372194739382,-1.235663733077032,2.5077784965225924,0.7633720930232558,-0.03675662179420538,-0.020647448365511217,0.24612188645808816,-0.473293261732242,26,14,11,-0.11651293877829863,0.0752180420472762,-0.473293261732242,0.1848415502959077,0.5819082679342567,
33,adom_matched,0.5913461538461539,0.41144901610017887,0.5303571428571429,0.473421926910299,0.645021645021645,0.43434343434343436,0.5303643724696356,0.39615384615384613,0.2692307692307692,0.49498069498069497,0.7073359073359073,-0.21235521235521237,-863.0454972224329,-0.3431837995485134,0.2845913461538461,0.7519230769230769,0.2924865831842576,0.6361135957066189,0.2588839285714286,0.7143303571428571,0.31225083056478403,0.6843853820598007,0.19047619047619047,0.8571428571428571,0.20694444444444446,0.7679292929292927,0.21852226720647774,0.7732793522267206,0.20375000000000001,0.6539423076923077,0.0,0.7416435185185186,0.3351847681188098,0.6752278645833334,0.396910291988417,0.8093520864960493,-0.3060602239791854,0.0973147105438772,-15.894830372991281,26.738151027421203,0.5180232558139535,760.4298107870924,3048.2399792986735,44.215240678602676,1892.7560907235188,26,14,4,2145.9674351196763,3950.5125234776706,1892.7560907235188,-582.016732194553,-1184.221228682867,0.4866666666666667
33,dom_matched,0.5403846153846154,0.4472271914132379,0.4767857142857143,0.5149501661129569,0.683982683982684,0.3939393939393939,0.3481781376518219,0.4269230769230769,0.19230769230769232,0.5351351351351351,0.5976833976833977,-0.06254826254826262,-2.981383710961806,-0.348059067082747,0.2489423076923077,0.7384615384615385,0.32198121645796063,0.6951252236135955,0.20892857142857144,0.6928571428571428,0.3521594684385382,0.7358803986710963,0.1645021645021645,0.8744588744588745,0.21199494949494951,0.7929292929292929,0.14959514170040486,0.728744939271255,0.21153846153846154,0.7461538461538462,0.03571428571428571,0.8698518518518511,0.3358552482159293,0.6826508949425616,0.3177888409701535,0.7376312950500257,-0.24458472278720583,0.2031659226190476,-13.654456633173563,10.870842151956266,0.5087209302325582,1.0831680606636922,18.05315850325748,4.642933523468911,5.377040404568128,26,14,4,16.07190731432661,20.034409692188355,5.377040404568128,-2.0435900562178007,-4.053147887812098,0.4873333333333333
33,probe_strat,0.6480769230769231,0.334525939177102,0.5392857142857143,0.4318936877076412,0.7142857142857143,0.3282828282828283,0.611336032388664,0.29615384615384616,0.358974358974359,0.549034749034749,0.5776061776061776,-0.02857142857142858,6.866911029986618,-0.0479896996194749,0.4461538461538462,0.8182932692307692,0.20122987477638643,0.5242173524150268,0.32142857142857145,0.7839732142857142,0.24742524916943523,0.6463455149501659,0.4155844155844156,0.9265151515151515,0.12626262626262627,0.6212121212121212,0.33178137651821865,0.8544534412955463,0.10759615384615386,0.5807692307692308,0.02121739130434783,0.9259259259259259,0.3714092664092664,0.7028035908531265,0.27191738816738814,0.763254227132325,-0.2500434362934363,0.2588669026169025,-23.719396888268847,23.904889566975154,0.49127906976744184,-7.927187580718288,-42.79040243129082,-29.47396359092276,11.252887786315599,26,14,7,-43.68822405789177,-41.89258080468987,11.252887786315599,4.414522880923139,9.669640343202023,0.656035239614187
33,probe_strat_noinit,0.6932692307692307,0.39803220035778175,0.5964285714285714,0.5199335548172758,0.7445887445887446,0.3434343434343434,0.6477732793522267,0.3923076923076923,0.358974358974359,0.5853281853281853,0.47644787644787645,0.10888030888030886,0.5244987044359204,-0.06678373990757434,0.4903605769230769,0.8403846153846154,0.23432468694096603,0.5823792486583184,0.36607142857142855,0.8017857142857143,0.2906146179401994,0.6960548172757475,0.4674242424242424,0.9437229437229437,0.13131313131313133,0.6164141414141412,0.3723684210526316,0.8502024291497976,0.14615384615384616,0.6115384615384616,0.07407407407407407,0.8928571428571429,0.3791375291375292,0.7098875661375662,0.26331323361395537,0.7477382293007293,-0.19143264146451477,0.2654431216931217,-24.851933752959933,18.488400123894426,0.6063953488372092,-0.35272514056989734,-3.9755325068364646,-3.04909576393155,0.8605626565842659,26,14,7,-3.524835229668574,-4.426229784004356,0.8605626565842659,0.22886634809079132,0.8623642545446393,0.6108763575605681
33,probe_matched,0.5961538461538461,0.4597495527728086,0.5339285714285714,0.526578073089701,0.7575757575757576,0.3939393939393939,0.3967611336032389,0.4461538461538462,0.38461538461538464,0.5876447876447877,0.5444015444015444,0.043243243243243246,2.8616707858977484,-0.15653279847384258,0.36538461538461536,0.7096394230769231,0.3076923076923077,0.6583407871198569,0.2677678571428571,0.7,0.33056478405315615,0.7276162790697674,0.3939393939393939,0.9048701298701298,0.2018939393939394,0.7223484848484847,0.16194331983805668,0.6358299595141699,0.2076923076923077,0.6807692307692308,0.05555555555555555,0.92,0.3717288777427235,0.7117441778900112,0.2962521701388889,0.7820557583252895,-0.22370986588091843,0.2148003753421709,-21.352998921634605,22.169342135897438,0.5563953488372093,-0.6408781433118461,-7.427635095111098,-3.228236590083077,3.3258872346064217,26,14,4,-8.099719091512465,-6.755551098709732,3.3258872346064217,2.73245043112417,3.009351191353266,0.6802222222222222
33,dom_regular,0.7096153846153846,0.4677996422182469,0.7178571428571429,0.4435215946843854,0.70995670995671,0.5606060606060606,0.7206477732793523,0.38076923076923075,0.3974358974358974,0.5003861003861004,0.4957528957528958,0.004633204633204657,0.5145497249085422,-0.24010732477689659,0.40156250000000004,0.8289182692307692,0.31478085867620753,0.6896466905187836,0.46602678571428574,0.8875446428571427,0.27570598006644514,0.6678156146179403,0.3029220779220779,0.8874458874458875,0.2878787878787879,0.8132575757575756,0.38461538461538464,0.8906882591093117,0.2230769230769231,0.7539423076923076,0.08695652173913043,0.8571428571428571,0.351946296946297,0.6936878296640294,0.3131992289954671,0.7375525957182303,-0.18906250000000005,0.201045324033605,-1.9140533990210107,3.9080931623136212,0.686046511627907,-0.2400021094182986,-0.5594800628698408,0.425498003019014,-0.7112243545714093,26,14,11,-0.3846802983210975,-0.734279827418584,-0.7112243545714093,0.2140639413799274,0.8579620489412448,
33,dom_regular_verberase,0.8173076923076923,0.481216457960644,0.8410714285714286,0.4119601328903654,0.7662337662337663,0.5858585858585859,0.8744939271255061,0.41923076923076924,0.44871794871794873,0.5837837837837838,0.36061776061776063,0.2231660231660232,0.29457760374473047,-0.04563893906894655,0.42115384615384616,0.8701923076923077,0.313953488372093,0.7120080500894455,0.48392857142857143,0.9268303571428571,0.2557308970099668,0.6827242524916943,0.29004329004329005,0.9177489177489178,0.25252525252525254,0.8284090909090908,0.42904858299595144,0.9393724696356274,0.21153846153846154,0.75,0.07621082621082621,0.8928571428571429,0.34773436426760584,0.759291292911036,0.2413735473332997,0.6463353613353613,-0.0682533345033345,0.3652304902304902,-1.1097995835042918,1.6007498693064128,0.8191860465116279,-0.03561205332113149,-0.016660863257155274,0.2650000540474329,-0.3415989636696209,26,14,11,0.0004128923038497359,-0.033734618818160284,-0.3415989636696209,0.18084875579344423,0.4245534299747718,
33,dom_regular_rank2,0.7644230769230769,0.4561717352415027,0.7946428571428571,0.39867109634551495,0.7359307359307359,0.5707070707070707,0.7813765182186235,0.35,0.44871794871794873,0.47876447876447875,0.39227799227799226,0.08648648648648649,0.3973457168394071,-0.11694927304281907,0.4037019230769231,0.8625,0.30402504472271913,0.6923971377459749,0.4767410714285715,0.9178571428571428,0.24580564784053158,0.6629152823920265,0.3159090909090909,0.9221861471861471,0.2625,0.803030303030303,0.3845141700404859,0.8988866396761133,0.18076923076923077,0.7307692307692307,0.1111111111111111,0.88,0.3217018029001323,0.7402007303760338,0.25383832398090816,0.6769900257400258,-0.10945725281662787,0.30495520398771175,-1.2938847834524676,2.0530317918576735,0.7540697674418605,-0.17921875330103373,-0.044236758563395435,0.2743138337861403,-0.44248003057375046,26,14,11,-0.11743059904805214,0.028957081921261268,-0.44248003057375046,0.18478328256500762,0.6402742131530067,
34,adom_matched,0.5990384615384615,0.39803220035778175,0.5285714285714286,0.4750830564784053,0.670995670995671,0.41919191919191917,0.5263157894736842,0.36153846153846153,0.2692307692307692,0.47953667953667956,0.6888030888030888,-0.20926640926640927,-5.499398410261816,-0.32746188360315726,0.2875,0.7482211538461537,0.2727191413237925,0.6458184257602863,0.25174107142857144,0.7125,0.29900332225913623,0.6977159468438539,0.21634199134199134,0.8614718614718615,0.20694444444444446,0.7474747474747475,0.21852226720647774,0.7652834008097165,0.18461538461538463,0.6578846153846152,0.03571428571428571,0.7566987179487179,0.33357201130807945,0.6656539642995356,0.3962844688850881,0.7956980519480519,-0.319703670942061,0.11742003060114511,-17.37427539684,18.644162369184073,0.49127906976744184,5.56173643447285,19.313382472927977,0.7254720162136638,12.03605614120939,26,14,4,13.461867039370157,25.164897906485795,12.03605614120939,-3.932715749257273,-7.289892879981289,0.5002222222222222
34,dom_matched,0.5423076923076923,0.42486583184257604,0.4607142857142857,0.5016611295681063,0.683982683982684,0.36363636363636365,0.3481781376518219,0.39615384615384613,0.19230769230769232,0.4833976833976834,0.6077220077220077,-0.12432432432432428,-0.774842164172725,-0.34071074476032803,0.25382211538461535,0.7327163461538461,0.29514758497316634,0.6788908765652951,0.2125,0.6875446428571428,0.31225083056478403,0.735921926910299,0.1817099567099567,0.8788961038961038,0.1919191919191919,0.752651515151515,0.145748987854251,0.7165991902834008,0.2076923076923077,0.7154807692307692,0.037037037037037035,0.8076923076923077,0.32006771094103903,0.6597520342312008,0.3033961910122901,0.7505984555984556,-0.2739610780158093,0.1876943800279713,-13.717375405837165,15.60395376571005,0.49011627906976746,1.0812952592504055,8.225288494185298,2.171388796410894,3.2674855349096537,26,14,4,7.443608734691323,9.006968253679274,3.2674855349096537,-0.48914644657638323,-1.1013515557114015,0.496
34,probe_strat,0.5990384615384615,0.35152057245080504,0.49107142857142855,0.44019933554817275,0.6536796536796536,0.35858585858585856,0.5748987854251012,0.27692307692307694,0.358974358974359,0.5444015444015444,0.5667953667953668,-0.02239382239382237,-2.4448646229508686,-0.044424480334427884,0.4028365384615385,0.7778846153846154,0.20572450805008943,0.5304338103756708,0.28035714285714286,0.7392857142857143,0.23251661129568107,0.6627906976744186,0.35054112554112554,0.8701298701298701,0.14646464646464646,0.6515151515151515,0.29959514170040485,0.8097165991902834,0.08461538461538462,0.5616346153846153,0.03842592592592593,0.8930357142857142,0.3665020138172228,0.683418004470636,0.3016337250712251,0.7592806660076526,-0.2207218825968827,0.20773406588809068,-20.265282295446625,28.917407149600503,0.43953488372093025,1.6695544580261505,11.337796031407116,10.337280417523024,-3.405802443014918,26,14,7,11.956923487731286,10.718668575082944,-3.405802443014918,-2.0493759336438466,-2.8968516964446076,0.6957299815194552
34,probe_strat_noinit,0.6375,0.4230769230769231,0.5285714285714286,0.5465116279069767,0.683982683982684,0.42424242424242425,0.6072874493927125,0.36153846153846153,0.41025641025641024,0.5405405405405406,0.5328185328185329,0.007722007722007707,1.0182323055526756,-0.06435481812534577,0.4402403846153846,0.7865384615384615,0.2610912343470483,0.5813953488372093,0.3266517857142857,0.7376339285714285,0.29730066445182723,0.717607973421927,0.38095238095238093,0.9090909090909091,0.1816919191919192,0.696969696969697,0.3319838056680162,0.8097165991902834,0.1498076923076923,0.5807692307692308,0.08976282051282052,0.8888888888888888,0.34732495899162563,0.6779929354387559,0.3096511349916923,0.7699108570445612,-0.22626251809845557,0.185797213622291,-16.390590524943686,16.350358566922807,0.5569767441860465,0.03995723976347021,-4.210988352809874,-3.9288914346580186,1.4785055056966685,26,14,7,-3.6588660570722027,-4.7631106485475465,1.4785055056966685,0.6772774477256468,1.4078950002121375,0.635413837624364
34,probe_matched,0.5528846153846154,0.4677996422182469,0.48035714285714287,0.5498338870431894,0.6753246753246753,0.41414141414141414,0.3805668016194332,0.4115384615384615,0.41025641025641024,0.566023166023166,0.5227799227799228,0.043243243243243246,-5.074067620451462,-0.14077558637696932,0.2951682692307692,0.6943028846153845,0.32468694096601075,0.6610241502683364,0.21964285714285714,0.6661160714285713,0.34372923588039866,0.7376245847176078,0.30735930735930733,0.8659090909090909,0.2018939393939394,0.7323232323232324,0.14564777327935222,0.6275303643724697,0.2076923076923077,0.669326923076923,0.06,0.9259920634920634,0.36951107574588477,0.7055708874458875,0.2995356037151703,0.7606227729359122,-0.20698117013519493,0.20223419045980953,-20.98248661106747,14.66622621111098,0.5186046511627908,0.28569233832124824,11.974138919450773,5.936853996320558,-6.321326052462494,26,14,4,13.306833959152007,10.641443879749541,-6.321326052462494,-5.671912629420696,-4.390816181629482,0.6235555555555555
34,dom_regular,0.7336538461538461,0.46958855098389984,0.7392857142857143,0.4485049833887043,0.7445887445887446,0.5353535353535354,0.7327935222672065,0.4076923076923077,0.3974358974358974,0.4942084942084942,0.5212355212355212,-0.027027027027026973,0.5137073892516503,-0.23492062112084944,0.3931971153846154,0.8394471153846154,0.32374776386404297,0.7004025044722718,0.48214285714285715,0.8910714285714286,0.2807308970099668,0.6694352159468439,0.2812770562770563,0.9047619047619048,0.29797979797979796,0.803030303030303,0.39271255060728744,0.902834008097166,0.2153846153846154,0.7731730769230769,0.07142857142857142,0.8588942307692307,0.34686668366355866,0.6998971740819566,0.3164778623155751,0.7678450923955108,-0.2253302253302253,0.20435650764132274,-1.5500910530247793,3.3875920564462976,0.6970930232558139,-0.20403871982020233,-0.4812694099214067,0.4042943839117203,-0.5786033738975764,26,14,11,-0.25651462869227815,-0.7060241911505353,-0.5786033738975764,0.2343925780233241,0.8329243163697374,
34,dom_regular_verberase,0.7980769230769231,0.4928443649373882,0.8303571428571429,0.4368770764119601,0.7359307359307359,0.6060606060606061,0.854251012145749,0.45384615384615384,0.46153846153846156,0.532046332046332,0.416988416988417,0.11505791505791502,0.4383985048870716,-0.07630427647388115,0.40187500000000004,0.8740384615384615,0.30143112701252234,0.7325581395348837,0.46964285714285714,0.9160714285714285,0.28567275747508303,0.6926910299003323,0.2943722943722944,0.9047619047619048,0.27765151515151515,0.8132575757575756,0.4089068825910931,0.9352226720647774,0.20375000000000001,0.7847115384615384,0.07374338624338624,0.8893849206349206,0.3410699660699661,0.7569744255357646,0.26671069457531293,0.6915590265590266,-0.13366210366210365,0.30177469135802465,-0.6982049876924291,1.9667393611235884,0.7976744186046512,-0.00029011952802637797,0.06427993769530065,0.2620982718024552,-0.15524749268228077,26,14,11,0.10696594569675423,0.021593929693847068,-0.15524749268228077,0.3056692153399933,0.590089121512304,
34,dom_regular_rank2,0.7692307692307693,0.46332737030411447,0.7892857142857143,0.41362126245847175,0.7445887445887446,0.5707070707070707,0.7854251012145749,0.36923076923076925,0.4230769230769231,0.48185328185328186,0.42316602316602314,0.058687258687258714,0.5043575024339276,-0.14350746941145742,0.3778605769230769,0.8615625,0.29785330948121647,0.6949910554561717,0.48745535714285715,0.910892857142857,0.23920265780730898,0.6761627906976744,0.27694805194805194,0.9047619047619048,0.2724747474747475,0.8131313131313131,0.40860323886639677,0.9069838056680161,0.18461538461538463,0.7308653846153845,0.11538461538461539,0.8885683760683758,0.3161917289535799,0.7473676940343607,0.2701667644321681,0.6789477558271046,-0.1475009644915231,0.29104342732825705,-1.536033132053323,2.935030999970885,0.7476744186046511,-0.16106606075595004,-0.035327730118999964,0.2624449441770687,-0.29672896235135643,26,14,11,-0.03957887596335356,-0.03107658427464637,-0.29672896235135643,0.2795190856946246,0.7613156929931312,
35,adom_matched,0.6096153846153847,0.39892665474060823,0.5464285714285714,0.4700996677740864,0.6753246753246753,0.42424242424242425,0.5384615384615384,0.36153846153846153,0.23076923076923078,0.46872586872586874,0.6555984555984556,-0.1868725868725869,-10.097827783962293,-0.3363657422438697,0.3239182692307693,0.7548557692307691,0.28349731663685157,0.6243515205724508,0.26424107142857145,0.7232589285714285,0.30228405315614615,0.6760797342192691,0.225,0.8962121212121211,0.17664141414141415,0.7779040404040403,0.21862348178137653,0.761234817813765,0.18836538461538463,0.6384615384615384,0.0,0.7822185061315496,0.31805019305019305,0.6620163078463629,0.36033520752290316,0.7946794201322064,-0.3208523202565755,0.1096702667906444,-15.941235229112118,13.922088371638646,0.5046511627906977,10.349014425224897,39.608596221869824,3.095071586174844,20.86033717687943,26,14,4,31.269681674877294,47.94751076886235,20.86033717687943,-7.402531911931087,-13.178165923426521,0.5137777777777778
35,dom_matched,0.5615384615384615,0.39892665474060823,0.4982142857142857,0.45514950166112955,0.6883116883116883,0.35353535353535354,0.3724696356275304,0.36923076923076925,0.21794871794871795,0.4965250965250965,0.637065637065637,-0.1405405405405405,-1.9184227187841258,-0.3766016759703993,0.28557692307692306,0.7423317307692308,0.2790026833631485,0.6485017889087656,0.23008928571428572,0.7180803571428569,0.3004983388704319,0.7159883720930232,0.23798701298701297,0.8746753246753245,0.18674242424242427,0.7424242424242424,0.16589068825910933,0.7206477732793523,0.18461538461538463,0.7000961538461538,0.03571428571428571,0.8200357142857142,0.323401755550193,0.666815015479876,0.29641577641577643,0.769237012987013,-0.25563817563817565,0.16041832010582005,-24.397503012600524,13.891521286923115,0.4796511627906977,1.9735966763054673,12.872021585223532,4.629607598634565,3.8741269031162964,26,14,4,12.577929510121132,13.16611366032593,3.8741269031162964,-1.64531976523137,-2.230540379987275,0.5144444444444444
35,probe_strat,0.5951923076923077,0.39177101967799643,0.5214285714285715,0.4700996677740864,0.6147186147186147,0.4393939393939394,0.5587044534412956,0.3192307692307692,0.3974358974358974,0.5683397683397683,0.5652509652509653,0.003088803088802994,-25.20432722960864,-0.04307620762802645,0.40185096153846156,0.7711778846153846,0.23430232558139535,0.5581618962432916,0.30892857142857144,0.7500446428571428,0.2557308970099668,0.6545265780730897,0.3202380952380952,0.8615800865800866,0.19696969696969696,0.6818181818181818,0.291497975708502,0.8097165991902834,0.10384615384615385,0.6000961538461538,0.037037037037037035,0.9631944444444444,0.375272911481061,0.6942277992277992,0.3158290997764682,0.756761986444649,-0.21760199652777776,0.22067198501022017,-22.031316106983077,23.745147539093953,0.47790697674418603,2.878755658975186,107.86945849557787,96.31687409413063,-86.3666831405785,26,14,7,111.19787757341668,104.54103941773909,-86.3666831405785,-26.362602364454226,-23.88058421835655,0.6792354117617276
35,probe_strat_noinit,0.6230769230769231,0.4400715563506261,0.5660714285714286,0.5415282392026578,0.6493506493506493,0.4595959595959596,0.582995951417004,0.36538461538461536,0.5,0.5498069498069498,0.5281853281853282,0.021621621621621623,1.340343528398253,-0.0741254350123375,0.44514423076923076,0.7682932692307692,0.2772584973166368,0.6037567084078712,0.32495535714285717,0.734017857142857,0.30892857142857144,0.7259966777408637,0.39816017316017316,0.8744588744588745,0.19696969696969696,0.7425505050505049,0.3157894736842105,0.805668016194332,0.15384615384615385,0.6192307692307693,0.1111111111111111,0.9285714285714286,0.3571373922221898,0.6752257481940145,0.32873220529470526,0.7459453278919224,-0.21251848088663564,0.1935169577902636,-17.66522179259443,20.228057477765088,0.5930232558139535,0.46432610910629923,-2.435393858945222,-3.5040597536521823,3.4211363987506505,26,14,7,-1.8829837262058964,-2.987803991684548,3.4211363987506505,1.2699036569822735,1.420846238587944,0.6538967874231032
35,probe_matched,0.55,0.4543828264758497,0.5107142857142857,0.47674418604651164,0.6796536796536796,0.41414141414141414,0.3360323886639676,0.39615384615384613,0.38461538461538464,0.525096525096525,0.4471042471042471,0.07799227799227793,-61.62866180917426,-0.17425788147987714,0.3489903846153846,0.7028846153846153,0.31482558139534883,0.6413908765652951,0.2785714285714286,0.7089732142857142,0.2954734219269103,0.7177740863787374,0.35054112554112554,0.8831168831168831,0.20694444444444446,0.7171717171717171,0.15779352226720647,0.6518218623481782,0.19990384615384618,0.6654807692307692,0.03584656084656085,0.9256410256410256,0.3319670462864798,0.6791543911335577,0.2593728231424149,0.748345667095667,-0.19512365859115088,0.23361328124999997,-21.637562461192335,31.600632310046855,0.522093023255814,-1.1596844855878736,117.12101585490234,74.11777104191071,-71.74924232391172,26,14,4,131.71361604281924,102.52841566698542,-71.74924232391172,-66.1856153524922,-56.420714902525184,0.6211111111111112
35,dom_regular,0.7365384615384616,0.4776386404293381,0.7517857142857143,0.446843853820598,0.7316017316017316,0.5454545454545454,0.7368421052631579,0.41923076923076924,0.4358974358974359,0.48494208494208496,0.49498069498069497,-0.010038610038610007,0.48815522328715255,-0.22876287676714593,0.42401442307692305,0.8423798076923076,0.3175089445438283,0.6951252236135955,0.4767410714285715,0.889330357142857,0.2688953488372093,0.6795265780730896,0.2857142857142857,0.9090909090909091,0.2878787878787879,0.8082070707070705,0.42894736842105263,0.8948380566801618,0.22298076923076926,0.7539423076923076,0.1,0.8590512820512819,0.3374417289535799,0.6994746311502363,0.31784996190975734,0.7453668836166552,-0.19650182832620683,0.19010786604826843,-1.4712968704409424,2.7074893929267154,0.7052325581395349,-0.18047506101355956,-0.3897208137450672,0.3981747297828215,-0.4633274496310548,26,14,11,-0.1577992192469743,-0.6216424082431601,-0.4633274496310548,0.247682522830183,0.7629811666665461,
35,dom_regular_verberase,0.8076923076923077,0.4928443649373882,0.8553571428571428,0.4219269102990033,0.7489177489177489,0.5656565656565656,0.8825910931174089,0.46923076923076923,0.47435897435897434,0.5459459459459459,0.38687258687258685,0.15907335907335907,0.36609861801617183,-0.06784543273212497,0.41920673076923076,0.8692548076923077,0.30046958855098393,0.7155635062611807,0.48566964285714287,0.9214732142857142,0.2706810631229236,0.6877076411960132,0.32456709956709956,0.922077922077922,0.26262626262626265,0.803030303030303,0.4291497975708502,0.9272267206477731,0.23067307692307695,0.7615384615384615,0.10256410256410256,0.8928571428571429,0.3413257277734068,0.7523774250922688,0.24690329914860681,0.6571580307968978,-0.09499300888189785,0.30039393039393036,-0.6799333507139689,1.8171282530182942,0.8034883720930233,0.030529061092347803,0.20144108297569369,0.23355916296558046,-0.03634209639974435,26,14,11,0.2198588777038006,0.18302328824758676,-0.03634209639974435,0.25862927790155216,0.48892072100430845,
35,dom_regular_rank2,0.7721153846153846,0.4731663685152057,0.8107142857142857,0.4003322259136213,0.7402597402597403,0.5606060606060606,0.805668016194332,0.41923076923076924,0.46153846153846156,0.48416988416988416,0.3853281853281853,0.09884169884169886,0.46608689202221254,-0.13058504409782615,0.4009134615384616,0.8576923076923076,0.288886404293381,0.6896914132379248,0.4659375,0.9161160714285713,0.23750000000000002,0.6545681063122922,0.2943722943722944,0.9177489177489178,0.27765151515151515,0.7777777777777778,0.4291497975708502,0.9070850202429148,0.2191346153846154,0.7423076923076923,0.1390434782608696,0.8976923076923078,0.31773504273504277,0.7235546874999998,0.24764244992760617,0.6633846933846933,-0.13239215293174209,0.293521083452322,-1.0402930195798592,2.7026107460667905,0.7610465116279069,-0.11533868485790419,0.13413294061281938,0.23038327657711663,-0.08622221217508165,26,14,11,0.06122480048349432,0.20704108074214445,-0.08622221217508165,0.2763194667327151,0.682963949495924,
36,adom_matched,0.6,0.3962432915921288,0.5035714285714286,0.4867109634551495,0.6753246753246753,0.40404040404040403,0.5465587044534413,0.3384615384615385,0.15384615384615385,0.4146718146718147,0.57992277992278,-0.16525096525096528,-2.047389087619259,-0.45011171496167557,0.3239663461538462,0.7346153846153847,0.2710196779964222,0.59662343470483,0.21964285714285714,0.7232589285714285,0.28733388704318935,0.7044019933554816,0.2596320346320346,0.8614718614718615,0.19696969696969696,0.7273989898989898,0.23076923076923078,0.7449392712550608,0.18067307692307694,0.6270192307692307,0.029019230769230776,0.7222222222222222,0.29364879261363636,0.6273263888888888,0.31166571933049536,0.7797324910543123,-0.3196948734448735,0.1413910338910338,-13.660611085954741,29.70551314459471,0.4790697674418605,4.283084975407313,11.88882362744898,0.13262465610460175,7.665433828975788,26,14,4,8.648187318082812,15.129459936815149,7.665433828975788,-1.2091137681786122,-3.0054180241228545,0.5033333333333334
36,dom_matched,0.6173076923076923,0.35688729874776387,0.5642857142857143,0.4219269102990033,0.70995670995671,0.35353535353535354,0.4574898785425101,0.33076923076923076,0.21794871794871795,0.4301158301158301,0.5907335907335908,-0.16061776061776067,-2.9161548925826173,-0.4996869792685356,0.35189903846153847,0.7625721153846152,0.2522137745974955,0.5868515205724507,0.28035714285714286,0.7839285714285714,0.22591362126245848,0.6694352159468439,0.31158008658008657,0.8961038961038961,0.18181818181818182,0.7021464646464645,0.22257085020242914,0.7573886639676111,0.17307692307692307,0.6461538461538462,0.038461538461538464,0.8230590062111802,0.2831647544283414,0.6216200466200466,0.2971008438829041,0.7569811896050286,-0.3194637345679013,0.1380894612144611,-13.72515082456535,18.219033772447155,0.49709302325581395,5.279541238231082,15.63023698506463,6.3192036567743735,7.885349755621166,26,14,4,18.28122892724159,12.979245042887674,7.885349755621166,-2.0195947842918196,-3.940795016343529,0.5384444444444444
36,probe_strat,0.5951923076923077,0.3756708407871199,0.5267857142857143,0.4435215946843854,0.6190476190476191,0.3888888888888889,0.5546558704453441,0.3384615384615385,0.47435897435897434,0.5629343629343629,0.6046332046332046,-0.04169884169884164,-1.2130014264219493,-0.029463569887956245,0.4278605769230769,0.7730769230769231,0.20391323792486585,0.5224284436493738,0.33388392857142857,0.796517857142857,0.21254152823920267,0.6196428571428572,0.36796536796536794,0.8918831168831168,0.14646464646464646,0.6415404040404039,0.2994939271255061,0.805668016194332,0.09990384615384616,0.5846153846153846,0.1,0.9629629629629629,0.36205808080808083,0.6988130962332807,0.3498030348030348,0.78125,-0.242351734110192,0.20009334415584407,-14.367039642695687,13.978907862239975,0.46511627906976744,1.1438243052158368,10.21356291914159,12.537824656457188,-7.725162114782345,26,14,7,11.694594750947523,8.732531087335659,-7.725162114782345,-2.5542284865845186,0.3198294994781297,0.6975559606085923
36,probe_strat_noinit,0.6201923076923077,0.4212880143112701,0.5625,0.4883720930232558,0.6623376623376623,0.4090909090909091,0.5425101214574899,0.38461538461538464,0.5641025641025641,0.5714285714285714,0.5505791505791506,0.020849420849420763,0.6554435229210314,-0.04664528826967273,0.4480288461538462,0.770264423076923,0.25489713774597494,0.5716905187835419,0.3427678571428571,0.7732589285714285,0.2690614617940199,0.6794435215946844,0.3765151515151515,0.8832251082251081,0.1717171717171717,0.6718434343434342,0.3319838056680162,0.7774291497975707,0.14615384615384616,0.5961538461538461,0.1482905982905983,0.9285714285714286,0.36361881361881365,0.6961074942129628,0.34995743034055726,0.7537129735762548,-0.24308278627416469,0.18907629941974824,-10.963972238999144,8.03194558687453,0.5424418604651163,0.43693965884229974,-4.37621837640054,-8.599648586805243,5.962956658409254,26,14,7,-4.367502515079439,-4.384934237721641,5.962956658409254,1.3314854027257814,-0.11717576828439706,0.6813366750208856
36,probe_matched,0.5778846153846153,0.4069767441860465,0.5553571428571429,0.42857142857142855,0.696969696969697,0.3787878787878788,0.3603238866396761,0.35,0.358974358974359,0.5135135135135135,0.4694980694980695,0.044015444015443994,-4.7884002505164345,-0.06214520224847463,0.3701442307692308,0.7365625,0.2593023255813953,0.6101073345259391,0.31950892857142854,0.7321428571428571,0.23579734219269102,0.6661129568106312,0.38517316017316017,0.8917748917748918,0.18181818181818182,0.7070707070707071,0.14979757085020243,0.6639676113360324,0.1768269230769231,0.6424038461538462,0.038461538461538464,0.8934294871794872,0.3270856787691153,0.6605065780065781,0.26947936776061776,0.7191550925925926,-0.25008255633255627,0.21325765825765813,-12.621901622309824,15.650391248623599,0.5040697674418605,2.3851225814315047,16.394603623397735,12.92849090768676,-3.684372712995825,26,14,4,20.06109475984624,12.728112486949229,-3.684372712995825,-7.11830832735008,-2.1256481627065535,0.5915555555555556
36,dom_regular,0.7125,0.4561717352415027,0.7428571428571429,0.420265780730897,0.7012987012987013,0.5606060606060606,0.7165991902834008,0.3769230769230769,0.4358974358974359,0.44787644787644787,0.4494208494208494,-0.0015444015444015524,0.7226773112921007,-0.3167763447518919,0.37016826923076923,0.8346153846153846,0.295169946332737,0.6798971377459748,0.43919642857142854,0.9035714285714286,0.23255813953488372,0.6395764119601329,0.2683982683982684,0.9090909090909091,0.24229797979797982,0.7929292929292929,0.38846153846153847,0.8744939271255061,0.19615384615384615,0.7153846153846154,0.07142857142857142,0.8846153846153846,0.3073359073359073,0.6581642316017315,0.24671831651320816,0.7263095238095236,-0.2523219814241486,0.24154209284028322,-3.7319806244531994,4.7646730140273545,0.6819767441860465,-0.25909751462438657,-0.3298970176695974,0.20379865640165992,-0.5186573820703849,26,14,11,0.023049619687553244,-0.682843655026748,-0.5186573820703849,0.41722818591627664,1.0717620260073277,
36,dom_regular_verberase,0.7682692307692308,0.47227191413237923,0.8910714285714286,0.3338870431893688,0.670995670995671,0.5555555555555556,0.8178137651821862,0.47307692307692306,0.6538461538461539,0.4664092664092664,0.38687258687258685,0.07953667953667953,0.43680934185017145,-0.09345661431876913,0.37971153846153843,0.8538701923076922,0.290675313059034,0.7030411449016101,0.4320982142857143,0.9339732142857142,0.22425249169435216,0.6545265780730897,0.2724025974025974,0.9177489177489178,0.23737373737373738,0.7828282828282829,0.3643724696356275,0.9068825910931174,0.19990384615384618,0.7731730769230769,0.11037987012987012,0.9003260869565215,0.2949694588561776,0.7382253710183397,0.23496283143035349,0.7275289575289574,-0.2001664086687306,0.2959329983934687,-2.42963879461535,3.0517464606005134,0.7715116279069767,0.13804613542030167,0.7178289843230032,-0.05213116968364368,-0.1536752301817796,26,14,11,0.6516124186247668,0.7840455500212395,-0.1536752301817796,0.27746151762117083,0.6189211409690293,
36,dom_regular_rank2,0.7557692307692307,0.4516994633273703,0.8714285714285714,0.31893687707641194,0.6796536796536796,0.5555555555555556,0.7854251012145749,0.41923076923076924,0.6153846153846154,0.4463320463320463,0.4,0.046332046332046295,0.5432409197940851,-0.14872261214022678,0.3653125,0.8365865384615384,0.2844364937388193,0.686046511627907,0.42142857142857143,0.9339732142857142,0.21922757475083057,0.6329318936877076,0.2554112554112554,0.9134199134199135,0.25744949494949493,0.7982323232323231,0.327834008097166,0.8947368421052632,0.2,0.7576923076923077,0.11538461538461539,0.8977564102564103,0.29720515673374615,0.7243412162162163,0.24106026785714285,0.708018422067901,-0.25656663469409335,0.2770162198800931,-2.5088747746874476,3.1558646652263915,0.7482558139534884,0.027832626617776857,0.5219050200296578,-0.16335312499255303,-0.3638231673567309,26,14,11,0.3559385227980948,0.6878715172612209,-0.3638231673567309,0.3320307372357013,0.7846239855750953,
