layer,direction,A_f,A_m,A_f_noen,A_m_noen,A_f_abs,A_m_abs,A_f_con,A_m_con,exc_auc,homo_auc_noun,homo_auc_verb,homo_auc_diff,multi_p_diff,cos_concreteness,A_f_lo,A_f_hi,A_m_lo,A_m_hi,A_f_noen_lo,A_f_noen_hi,A_m_noen_lo,A_m_noen_hi,A_f_abs_lo,A_f_abs_hi,A_m_abs_lo,A_m_abs_hi,A_f_con_lo,A_f_con_hi,A_m_con_lo,A_m_con_hi,exc_auc_lo,exc_auc_hi,homo_auc_noun_lo,homo_auc_noun_hi,homo_auc_verb_lo,homo_auc_verb_hi,homo_auc_diff_lo,homo_auc_diff_hi,multi_p_diff_lo,multi_p_diff_hi,regular_test_auc,p_ma_m,p_clipping_f,p_true_m,p_true_f,n_excm,n_excm_noen,n_conc_imputed_train,p_item_foto,p_item_moto,p_item_mano,multi_p_diff_lean_m,multi_p_diff_lean_f,matched_cv_auc
0,adom_matched,0.5,0.5,0.5,0.5,0.5,0.5,0.5,0.5,0.5,0.5,0.5,0.0,,0.6115043605172317,0.4317307692307692,0.5434134615384614,0.46153846153846156,0.5465116279069768,0.4375,0.5625,0.4518272425249169,0.5481727574750831,0.42857142857142855,0.5714285714285714,0.5,0.5,0.4251012145748988,0.5811234817813764,0.41336538461538463,0.5653846153846154,0.05059523809523808,0.9444444444444444,0.45123839009287925,0.55625,0.45123839009287925,0.55625,0.0,0.0,0.0,0.0,0.5,,,,,26,14,4,,,,,,0.5
0,dom_matched,0.5,0.5,0.5,0.5,0.5,0.5,0.5,0.5,0.5,0.5,0.5,0.0,,,0.5,0.5,0.5,0.5,0.5,0.5,0.5,0.5,0.5,0.5,0.5,0.5,0.5,0.5,0.5,0.5,0.5,0.5,0.5,0.5,0.5,0.5,0.0,0.0,,,0.5,,,,,26,14,4,,,,,,0.5
0,probe_strat,0.5240384615384616,0.5152057245080501,0.5267857142857143,0.5124584717607973,0.5476190476190477,0.5,0.5020242914979757,0.5269230769230768,0.7948717948717948,0.5173745173745173,0.5173745173745173,0.0,0.0,-0.001097988539283982,0.41923076923076924,0.5865625,0.4347048300536673,0.5576923076923077,0.4,0.5875,0.42745016611295683,0.5722591362126245,0.40476190476190477,0.5952380952380952,0.5,0.5,0.3805668016194332,0.6275303643724697,0.37115384615384617,0.6174999999999998,0.01785714285714285,0.9821428571428572,0.42956456456456454,0.5685645549318363,0.42956456456456454,0.5685645549318363,0.0,0.0,0.0,0.0,0.5392441860465117,0.9,2.5,0.5,4.5,26,14,7,4.5,0.5,4.5,0.0,0.0,0.42138888888888887
0,probe_strat_noinit,0.47596153846153844,0.4847942754919499,0.4732142857142857,0.48754152823920266,0.4523809523809524,0.5,0.4979757085020243,0.47307692307692306,0.2051282051282051,0.4826254826254826,0.4826254826254826,0.0,-0.0,0.0002794794471285903,0.4190625,0.5807692307692307,0.4347048300536673,0.5652951699463327,0.4053571428571428,0.5875,0.4390988372093024,0.5814576411960132,0.40476190476190477,0.6190476190476191,0.5,0.5,0.3845141700404858,0.6153846153846154,0.38250000000000006,0.6173076923076923,0.01785714285714285,0.9986607142857135,0.43046734234234235,0.576625386996904,0.43046734234234235,0.576625386996904,0.0,0.0,0.0,-0.0,0.46075581395348836,0.68,5.8,-0.6,12.2,26,14,7,12.2,-0.6,12.2,0.0,0.0,0.5786111111111112
0,probe_matched,0.5,0.5,0.5,0.5,0.5,0.5,0.5,0.5,0.5,0.5,0.5,0.0,,,0.5,0.5,0.5,0.5,0.5,0.5,0.5,0.5,0.5,0.5,0.5,0.5,0.5,0.5,0.5,0.5,0.5,0.5,0.5,0.5,0.5,0.5,0.0,0.0,,,0.5,,,,,26,14,4,,,,,,0.5
0,dom_regular,0.5,0.5,0.5,0.5,0.5,0.5,0.5,0.5,0.5,0.5,0.5,0.0,,,0.5,0.5,0.5,0.5,0.5,0.5,0.5,0.5,0.5,0.5,0.5,0.5,0.5,0.5,0.5,0.5,0.5,0.5,0.5,0.5,0.5,0.5,0.0,0.0,,,0.5,,,,,26,14,11,,,,,,
0,dom_regular_verberase,0.5,0.5,0.5,0.5,0.5,0.5,0.5,0.5,0.5,0.5,0.5,0.0,,,0.5,0.5,0.5,0.5,0.5,0.5,0.5,0.5,0.5,0.5,0.5,0.5,0.5,0.5,0.5,0.5,0.5,0.5,0.5,0.5,0.5,0.5,0.0,0.0,,,0.5,,,,,26,14,11,,,,,,
0,dom_regular_rank2,0.5,0.5,0.5,0.5,0.5,0.5,0.5,0.5,0.5,0.5,0.5,0.0,,,0.5,0.5,0.5,0.5,0.5,0.5,0.5,0.5,0.5,0.5,0.5,0.5,0.5,0.5,0.5,0.5,0.5,0.5,0.5,0.5,0.5,0.5,0.0,0.0,,,0.5,,,,,26,14,11,,,,,,
1,adom_matched,0.3826923076923077,0.5438282647584973,0.3767857142857143,0.5481727574750831,0.37662337662337664,0.4242424242424242,0.3927125506072874,0.6115384615384616,0.8717948717948718,0.5359073359073359,0.5104247104247105,0.025482625482625365,-0.7052655759711574,0.026227213345074545,0.23365384615384618,0.6990865384615383,0.23074686940966013,0.7629919499105546,0.2375,0.6822767857142856,0.2990033222591362,0.7209717607973423,0.08225108225108226,0.8702380952380951,0.12626262626262627,0.8232323232323232,0.17813765182186236,0.757085020242915,0.22682692307692306,0.8076923076923077,0.14067599067599065,1.0,0.3544745677354373,0.672625881492948,0.3482770419689924,0.6710445367251031,-0.0365327015327015,0.054073359073359056,-8.890608774334343,6.933709059735656,0.4058139534883721,-0.49378053365113406,-2.994942828444074,-0.376963738574646,-5.678019673655868,26,14,4,-3.9694335136199363,-2.020452143268211,-5.678019673655868,-0.6053821995902137,-0.8194180061208074,0.4893333333333333
1,dom_matched,0.3038461538461538,0.6735241502683362,0.35892857142857143,0.6196013289036545,0.20346320346320346,0.6565656565656566,0.3481781376518218,0.6576923076923077,0.8717948717948718,0.5451737451737452,0.5374517374517375,0.007722007722007707,5.861900681648,-0.06054647927396173,0.19709134615384616,0.6134855769230769,0.31301431127012525,0.7898255813953489,0.2178125,0.6179017857142857,0.3720514950166113,0.7674833887043189,0.07348484848484849,0.7619047619047619,0.19179292929292932,0.8636363636363636,0.1740890688259109,0.6761133603238866,0.3653846153846154,0.8423076923076924,0.2981481481481482,1.0,0.3746009546009546,0.6803729175604175,0.37043422052724106,0.6772263036846371,-0.03551381738881743,0.04321322096089895,-12.17130201695449,14.7040353338761,0.47325581395348837,-23.364717415020646,-55.34934313452508,-30.03248031881178,-77.31494821951335,26,14,4,-61.26287888096772,-49.43580738808244,-77.31494821951335,5.570770385991217,6.194621019541467,0.5695555555555555
1,probe_strat,0.6673076923076923,0.5912343470483005,0.6607142857142858,0.5897009966777409,0.6623376623376623,0.5151515151515151,0.7570850202429149,0.6384615384615384,0.4358974358974359,0.7166023166023165,0.7382239382239382,-0.021621621621621623,-0.3768646272688633,0.04818475508109994,0.4422836538461538,0.7999999999999999,0.3362924865831842,0.7433363148479427,0.3820982142857143,0.7964732142857143,0.31893687707641194,0.7707641196013288,0.3331168831168831,0.8658008658008658,0.1715909090909091,0.7477272727272726,0.40465587044534407,0.9190283400809717,0.2883653846153846,0.8424038461538462,0.11111111111111115,0.9830484330484329,0.44585387213695155,0.8026447510822511,0.45306053413641656,0.8104603954603954,-0.06179536679536667,0.04325591216216215,-4.362926041804783,2.4310042778141305,0.7796511627906977,0.23256701381080194,-0.3247763180923332,0.9648506826114684,0.7437598138779145,26,14,7,0.35643970130813235,-1.0059923374927988,0.7437598138779145,-0.34072186056160847,-0.4181706463628689,0.633251841725526
1,probe_strat_noinit,0.6682692307692308,0.5250447227191414,0.6607142857142857,0.5415282392026578,0.7012987012987012,0.4292929292929293,0.6923076923076923,0.6153846153846154,0.3846153846153846,0.6486486486486487,0.654054054054054,-0.00540540540540535,-0.38030692885496614,0.041549204017500556,0.439375,0.7846153846153846,0.303175313059034,0.7146690518783542,0.36964285714285716,0.8232589285714286,0.3055647840531562,0.7458887043189368,0.37229437229437234,0.878896103896104,0.14141414141414144,0.7071969696969695,0.4170040485829959,0.9109311740890689,0.24605769230769228,0.8076923076923077,0.0714285714285714,0.9642857142857142,0.40925230925230927,0.7839962121212122,0.4125182009481424,0.7891496671000998,-0.057741867519082835,0.05185984680953725,-7.325574344582944,4.175865303631808,0.7337209302325581,0.061829888559659894,-0.8362541856544582,0.9404829297394647,0.9565810193202519,26,14,7,-0.4991878555688767,-1.1733205157400397,0.9565810193202519,-0.3206509713551573,-0.44848516599760485,0.5813746993746994
1,probe_matched,0.4461538461538461,0.6377459749552773,0.4714285714285714,0.6079734219269102,0.38095238095238093,0.5454545454545454,0.4939271255060729,0.7,0.5128205128205129,0.698069498069498,0.6656370656370656,0.032432432432432434,-0.7255250576005405,0.08816299581661712,0.2547836538461538,0.6087019230769231,0.4087432915921288,0.7781753130590341,0.2445982142857143,0.6661160714285714,0.3836794019933554,0.7807724252491693,0.12554112554112554,0.6364718614718613,0.24242424242424243,0.8080808080808081,0.21862348178137647,0.7531376518218622,0.40759615384615383,0.8846153846153846,0.12962962962962965,0.9642857142857143,0.42819010416666664,0.7825855654761904,0.41486025783668734,0.7800145541747103,-0.029351818882692962,0.07937313988095242,-16.974499034065357,12.781918434627404,0.5843023255813954,2.0606399169937992,1.221744565191779,2.2186266805437374,4.722951914102641,26,14,4,1.677331961333382,0.7661571690501764,4.722951914102641,-0.613145951497963,-0.8539583217177719,0.605111111111111
1,dom_regular,0.5788461538461538,0.8050089445438282,0.5946428571428571,0.7873754152823921,0.5627705627705628,0.8787878787878789,0.5789473684210527,0.7423076923076923,0.0641025641025641,0.8648648648648649,0.898069498069498,-0.03320463320463307,0.03616813834938926,-0.12348304666496081,0.3133894230769231,0.7769951923076922,0.38009838998211093,0.8783542039355993,0.35531250000000003,0.7661160714285714,0.4052740863787375,0.8821013289036544,0.15573593073593073,0.9090909090909092,0.2928030303030303,0.9747474747474747,0.31568825910931175,0.8218623481781376,0.3460576923076923,0.8847115384615384,0.0,0.6796282051282051,0.5611455108359134,0.9397978297978298,0.5790684914489214,0.9513522897897897,-0.07259759759759758,0.034384350868725794,-0.692759833215253,1.4198623066014788,0.8302325581395349,0.7194939107157454,-0.2610646585386951,0.6090084015528472,-1.7053092583370728,26,14,11,0.27237710650861885,-0.7945064235860091,-1.7053092583370728,0.025408474997491253,0.04846489646584412,
1,dom_regular_verberase,0.689423076923077,0.4275491949910554,0.6160714285714286,0.5182724252491694,0.8354978354978354,0.40404040404040403,0.6072874493927125,0.4423076923076923,0.05128205128205128,0.5876447876447877,0.6162162162162163,-0.02857142857142858,0.41779104821883256,-0.152729538048845,0.3479807692307692,0.8039423076923077,0.2710196779964222,0.7406305903398926,0.3803125,0.7714732142857141,0.33218438538205974,0.7044019933554816,0.24653679653679653,0.9480519480519479,0.18181818181818182,0.8435606060606059,0.2911943319838057,0.7975708502024291,0.25384615384615383,0.723173076923077,0.0,0.7037037037037037,0.4316602316602317,0.7221076837562905,0.44277642636001774,0.7438456607972136,-0.06477548594165931,0.03408645144631933,-6.664570144060323,6.238042277254799,0.608139534883721,-0.5618239883631324,-2.997076960265493,-0.8357036824089521,-5.430764292196535,26,14,11,-2.5524547245831153,-3.441699195947871,-5.430764292196535,0.38233520347131333,0.4583120136445686,
1,dom_regular_rank2,0.6740384615384615,0.4069767441860465,0.6125,0.4933554817275747,0.8311688311688311,0.38888888888888884,0.562753036437247,0.42692307692307696,0.0641025641025641,0.5722007722007723,0.6208494208494209,-0.048648648648648596,0.34309829936087594,-0.17118729755919554,0.36055288461538454,0.7923076923076923,0.270102862254025,0.7129919499105544,0.3695982142857143,0.7678571428571429,0.3122923588039867,0.7177740863787373,0.24664502164502164,0.9437229437229437,0.161489898989899,0.8334595959595958,0.27935222672064774,0.8056680161943319,0.22307692307692306,0.7116346153846154,0.0,0.6810897435897435,0.41066375899709234,0.7104466004040307,0.4273477812177503,0.7396182087008821,-0.07944625529204605,0.020062115687115665,-6.286842422120994,6.758921538314097,0.5959302325581395,-0.6940968110050356,-3.3463387148551775,-0.8032906821777188,-5.610476013652067,26,14,11,-2.5830940495755694,-4.109583380134786,-5.610476013652067,0.3013142879337994,0.3908514552775348,
2,adom_matched,0.6384615384615384,0.3291592128801431,0.6035714285714285,0.3803986710963455,0.7445887445887446,0.25757575757575757,0.5546558704453441,0.39230769230769236,0.7051282051282052,0.39305019305019306,0.477992277992278,-0.08494208494208494,0.42669766602837356,0.14981532403335793,0.2527884615384615,0.7711778846153846,0.17880143112701252,0.8005590339892666,0.33924107142857146,0.7392857142857143,0.22421096345514951,0.7176910299003321,0.10822510822510822,0.9047619047619047,0.09090909090909091,0.8991161616161616,0.2509109311740891,0.8017206477732792,0.17298076923076924,0.79625,0.08931521739130434,0.9615384615384616,0.2724206702019083,0.7381628787878789,0.3189908050540791,0.7298871653038318,-0.16143444369250823,0.12891005478896103,-6.288293160482516,8.581933443192886,0.49418604651162795,-2.8363100877875347,-1.2985565381045945,-3.404988949355833,-2.903412338421656,26,14,4,-1.9168473360892813,-0.6802657401199078,-2.903412338421656,1.3816576410803498,-0.6646851626024567,0.358
2,dom_matched,0.29807692307692313,0.7200357781753131,0.3875,0.6295681063122923,0.2207792207792208,0.7424242424242424,0.33198380566801616,0.6923076923076923,0.7179487179487178,0.6061776061776061,0.5961389961389961,0.010038610038609952,3.128376917783391,-0.1642990443630769,0.20096153846153847,0.7029086538461539,0.24861359570661898,0.8256037567084079,0.25174107142857144,0.6678571428571429,0.3170681063122924,0.7724667774086379,0.08647186147186148,0.8658008658008658,0.1313131313131313,0.9242424242424243,0.17004048582995954,0.6923076923076923,0.2614423076923077,0.8462500000000001,0.21222527472527475,1.0,0.2820270270270271,0.7291775932400932,0.34761665192392743,0.7175958411298227,-0.18500834462074306,0.1119912803246136,-10.47366051774029,10.699853734603742,0.5104651162790697,-9.149990142135035,-15.323548990688625,-12.684826555779074,-21.07357527621113,26,14,4,-20.044770598400373,-10.602327382976876,-21.07357527621113,4.4819212222508575,1.5814691412491437,0.4913333333333333
2,probe_strat,0.6394230769230769,0.629695885509839,0.6589285714285714,0.5930232558139534,0.5670995670995671,0.5303030303030304,0.7894736842105263,0.6576923076923077,0.5,0.8123552123552124,0.8100386100386101,0.0023166023166022454,-0.598605876547937,0.061104564051405005,0.4709855769230769,0.8058653846153846,0.3023255813953488,0.732602862254025,0.4053125,0.8233035714285714,0.2989617940199335,0.7658222591362127,0.3808441558441558,0.8701298701298701,0.1513888888888889,0.6969696969696969,0.47763157894736846,0.9393724696356274,0.2846153846153846,0.8153846153846154,0.10162179487179487,1.0,0.45664827797034585,0.8512233506798723,0.45593079686829685,0.864092664092664,-0.10779449154744197,0.07183397683397694,-4.632486458380201,1.6131898319735374,0.7895348837209303,0.34952353561929755,0.0719327655233889,0.9060181377143448,1.0956162234640519,26,14,7,1.194739737584961,-1.0508742065381833,1.0956162234640519,-0.64882430950189,-0.5412133817434192,0.5884098377256273
2,probe_strat_noinit,0.6951923076923077,0.4722719141323793,0.7035714285714286,0.47009966777408635,0.6883116883116883,0.33838383838383834,0.7732793522267205,0.5269230769230768,0.44871794871794873,0.694980694980695,0.7312741312741313,-0.03629343629343629,-0.12370373882933933,0.05244098629264715,0.515264423076923,0.8413701923076923,0.24058586762075138,0.6485017889087658,0.4517857142857143,0.8428571428571427,0.27238372093023255,0.687749169435216,0.4457792207792208,0.9049783549783548,0.10101010101010104,0.6161616161616161,0.4979757085020243,0.9271255060728745,0.2305769230769231,0.7539423076923076,0.0795384615384615,0.9263227513227512,0.4311145510835913,0.8034505208333333,0.4308775488658301,0.8238746305938643,-0.1159032153358537,0.0797076964009288,-3.2106877068553037,3.095755473969331,0.7296511627906976,-0.05581561960773409,-0.7875365004973155,0.32955196775382106,0.8469880652109072,26,14,7,-0.15620266104846411,-1.4188703399461668,0.8469880652109072,-0.2626476948215758,0.035089353733216685,0.5268106377053745
2,probe_matched,0.47307692307692306,0.5948121645796064,0.5178571428571428,0.5315614617940199,0.44155844155844154,0.45959595959595956,0.48582995951416996,0.6538461538461539,0.5256410256410257,0.6185328185328185,0.6069498069498069,0.01158301158301156,-3.3992884274523756,0.0508993388161329,0.2662980769230769,0.6616586538461537,0.3774373881932021,0.7781976744186047,0.27674107142857146,0.7428571428571429,0.3155730897009966,0.7742109634551495,0.1687229437229437,0.7272727272727273,0.21717171717171718,0.7829545454545453,0.1902834008097166,0.7773279352226721,0.35375,0.8616346153846154,0.1071428571428571,0.9838141025641025,0.37619047619047624,0.7844422528118179,0.39045634920634914,0.7726750129081432,-0.10699588477366251,0.08891585646847258,-41.83909242143343,29.690435061418018,0.5837209302325581,1.029803673162968,0.6423047462279539,2.209340457195026,3.480762152440444,26,14,4,2.692511712320013,-1.4079022198641051,3.480762152440444,-3.5118618441826577,-3.270633094046338,0.4424444444444444
2,dom_regular,0.42211538461538467,0.8103756708407871,0.5035714285714287,0.7242524916943521,0.303030303030303,0.8686868686868687,0.5668016194331983,0.7923076923076923,0.17948717948717943,0.7335907335907336,0.8787644787644787,-0.14517374517374515,-0.3658941031372192,-0.3407233546875061,0.26723557692307687,0.6934615384615384,0.6465787119856887,0.9133050089445438,0.3427678571428571,0.7071875,0.5348837209302326,0.8787790697674418,0.1340909090909091,0.7533549783549783,0.5555555555555556,0.9797979797979798,0.31973684210526315,0.8097165991902834,0.5883653846153846,0.9538461538461539,0.0,0.3703611111111111,0.5948954033367734,0.9179903104707792,0.6907449104043532,0.9868428673033937,-0.2324652748723958,0.0023169623169624646,-5.0644039119266395,3.942144419400608,0.680232558139535,4.488730512575514,0.9674052683541579,5.169154491028908,2.9374908707556893,26,14,11,3.0613459607473597,-1.126535424039044,2.9374908707556893,-1.442565053949644,0.8645869835055519,
2,dom_regular_verberase,0.5461538461538461,0.49373881932021463,0.6035714285714286,0.43189368770764114,0.5151515151515151,0.601010101010101,0.6153846153846154,0.3538461538461538,0.1282051282051282,0.5783783783783784,0.4555984555984556,0.12277992277992278,0.7898768688905865,-0.2174899343382217,0.3086298076923077,0.8298076923076922,0.29069767441860467,0.673546511627907,0.3713839285714286,0.7857589285714285,0.27902823920265774,0.6528239202657806,0.19469696969696967,0.9307359307359307,0.2170454545454545,0.8282828282828283,0.29949392712550604,0.8704453441295547,0.19605769230769232,0.65,0.0,0.6621666666666662,0.39549148606811146,0.7105019305019304,0.19117667965819032,0.7706659226190476,-0.20984731213059377,0.32233072916666666,-4.452942618364609,4.312845231438501,0.5372093023255814,-1.7908131311233517,4.638311112905596,-3.4140776323559794,6.950758613613875,26,14,11,0.5969061410951364,8.679716084716055,6.950758613613875,2.892416753992766,-1.6130258569404763,
2,dom_regular_rank2,0.5480769230769231,0.45974955277280855,0.6053571428571429,0.39368770764119604,0.5324675324675324,0.5555555555555556,0.6194331983805668,0.3307692307692308,0.16666666666666666,0.5575289575289575,0.4517374517374517,0.10579150579150576,0.048734857141256485,-0.231267342605448,0.30673076923076925,0.8173317307692307,0.2709749552772809,0.663752236135957,0.36250000000000004,0.7875446428571428,0.2574335548172757,0.6262873754152825,0.19047619047619047,0.9437229437229437,0.1717171717171717,0.7930555555555554,0.34402834008097166,0.8502024291497975,0.19230769230769235,0.6038461538461539,0.0,0.670428571428571,0.3720527113603431,0.688848897870637,0.18485477314450563,0.7572932330827066,-0.22461890019165565,0.29112894253095967,-3.767811174389365,4.095162567266216,0.5174418604651163,-0.4964398973951469,3.161113142978056,-2.408379513836698,4.610810091405828,26,14,11,0.07376364528908891,6.2484626406670225,4.610810091405828,1.4437362317580178,-1.5455524281350421,
3,adom_matched,0.6615384615384615,0.26028622540250446,0.5964285714285714,0.32225913621262453,0.7792207792207793,0.2222222222222222,0.5789473684210527,0.27307692307692305,0.5897435897435896,0.3791505791505792,0.3953667953667953,-0.016216216216216106,4.7986401248777755,0.18055753132232,0.29990384615384613,0.7557932692307692,0.18685152057245077,0.7567531305903398,0.35,0.7161160714285714,0.23247508305647838,0.6810631229235881,0.15584415584415584,0.8917748917748918,0.09090909090909091,0.8385101010101009,0.27520242914979753,0.7733805668016193,0.16903846153846155,0.7770192307692309,0.11506410256410253,0.8888888888888888,0.2754486175693606,0.7103528416028416,0.30803909186350426,0.6217692611442611,-0.14553109177133272,0.19921897623069504,-26.11622864019865,18.932179132442993,0.45639534883720934,-9.949589484720727,-6.560732340998038,-9.355493565866626,-12.35238109726923,26,14,4,-9.581869435566931,-3.5395952464291445,-12.35238109726923,7.27418945094459,1.9694408950871314,0.358
3,dom_matched,0.3519230769230769,0.6717352415026834,0.43571428571428567,0.5664451827242525,0.2857142857142857,0.6565656565656566,0.388663967611336,0.6576923076923077,0.5512820512820512,0.5984555984555984,0.5158301158301158,0.08262548262548253,2.4522443792910193,-0.2916064577741545,0.2317067307692308,0.7153846153846153,0.23792486583184258,0.7997093023255815,0.29107142857142854,0.6392857142857142,0.29900332225913623,0.7492109634551495,0.11688311688311687,0.8659090909090909,0.11616161616161619,0.8838383838383839,0.21052631578947364,0.6761133603238867,0.26144230769230764,0.8307692307692307,0.14814814814814814,0.9615384615384616,0.2997390020495187,0.7273546006944444,0.3438023855477971,0.65626953125,-0.16139933000227116,0.18653716379643956,-14.449297145917829,14.742436682346293,0.5052325581395349,-2.6460008658680567,-3.1163914912599466,-5.078168942506348,-7.435035607437935,26,14,4,-3.9796114819182637,-2.253171500601629,-7.435035607437935,3.2274699687101904,1.5662722770976811,0.5282222222222221
3,probe_strat,0.7048076923076922,0.43291592128801437,0.6285714285714286,0.49667774086378735,0.670995670995671,0.398989898989899,0.8542510121457491,0.43846153846153846,0.5128205128205128,0.6926640926640927,0.6401544401544401,0.05250965250965256,-0.9284993603383122,0.048335483205563565,0.4816826923076923,0.8221153846153846,0.22093023255813954,0.5939400715563508,0.34816964285714286,0.7946428571428571,0.25913621262458475,0.6910714285714287,0.38961038961038963,0.9264069264069265,0.1111111111111111,0.5959595959595959,0.4169028340080972,0.9635627530364371,0.17298076923076924,0.69625,0.1427655677655678,0.9616096866096866,0.33101686507936506,0.7805023587272909,0.322546314790772,0.7507867365299996,-0.1315917269864638,0.16371292558792566,-12.495307408332067,10.26470075970352,0.6540697674418605,-0.7080162323639912,-1.286903739178384,0.35774805948341565,0.55779242575904,26,14,7,-0.309692668538293,-2.264114809818475,0.55779242575904,-1.0102218663140876,-0.8351022106517119,0.44162175641123014
3,probe_strat_noinit,0.7067307692307692,0.3774597495527728,0.6339285714285715,0.43687707641196016,0.7489177489177489,0.297979797979798,0.7894736842105262,0.38076923076923075,0.5897435897435898,0.5698841698841699,0.5436293436293436,0.026254826254826336,0.13865496044708622,0.061186906992766375,0.5173076923076924,0.8366346153846154,0.20483005366726298,0.5563953488372092,0.4089285714285714,0.8018303571428571,0.24746677740863782,0.6495016611295681,0.4718614718614718,0.9221861471861471,0.09583333333333335,0.5758838383838383,0.4574898785425101,0.9352226720647773,0.12692307692307697,0.638653846153846,0.1901153846153846,0.9642195767195767,0.33332022029897723,0.7058099754244522,0.30262212203001676,0.7012804822886092,-0.11472500668270506,0.14925821972734546,-10.106659887977646,14.425846592479665,0.5854651162790698,-1.3457085904883315,-1.7970900207346832,-1.0097476982375486,2.2804318360570406,26,14,7,-1.3585288084133615,-2.235651233056005,2.2804318360570406,-0.09063209346504376,0.4006973077752347,0.40092055897319057
3,probe_matched,0.4807692307692308,0.4874776386404293,0.4071428571428572,0.5714285714285714,0.502164502164502,0.3686868686868687,0.48582995951416996,0.5230769230769231,0.6025641025641025,0.5420849420849421,0.5258687258687258,0.016216216216216273,5.287625651617258,0.036439115516694695,0.2788221153846154,0.6684134615384615,0.2897584973166369,0.7111583184257602,0.21959821428571427,0.6696874999999999,0.29223421926910303,0.7625415282392026,0.19047619047619047,0.7490259740259742,0.16666666666666669,0.7323232323232323,0.19807692307692307,0.7894736842105262,0.2498076923076923,0.7847115384615385,0.1428571428571429,1.0,0.3064837969327133,0.716411151665058,0.30574702678869337,0.6997521547605396,-0.13391247893182878,0.17997016497016494,-19.578328906678554,19.98120006591355,0.4779069767441861,1.0387280259700724,0.8684300121398325,-2.8531029549959883,-6.611841218739771,26,14,4,-0.5587558640915221,2.295615888371187,-6.611841218739771,5.214620807890194,5.371059758733905,0.3228888888888889
3,dom_regular,0.40865384615384615,0.7406082289803221,0.5160714285714285,0.632890365448505,0.329004329004329,0.7828282828282828,0.4736842105263157,0.7,0.25641025641025644,0.647104247104247,0.6602316602316602,-0.013127413127413279,28.50715241190038,-0.42000441329143995,0.2615144230769231,0.6164182692307691,0.5848166368515205,0.8631484794275491,0.3445982142857143,0.6857142857142857,0.446843853820598,0.8173172757475083,0.12554112554112554,0.7018398268398264,0.5454545454545454,0.9393939393939393,0.25495951417004054,0.692408906882591,0.4999038461538461,0.9,0.01999999999999999,0.5555555555555556,0.522917982917983,0.8131969265302598,0.5058448196114708,0.8684597523219815,-0.1464329268292683,0.10626953124999994,-15.787101529242932,15.971388101220066,0.597093023255814,-41.63444776670589,-14.843036626223514,-61.18434052811758,-57.309216782670696,26,14,11,-28.469363878222392,-1.2167093742246353,-57.309216782670696,40.48195607728924,14.82166250859882,
3,dom_regular_verberase,0.5384615384615384,0.4785330948121646,0.6214285714285714,0.38372093023255816,0.5021645021645021,0.5959595959595959,0.6234817813765183,0.3153846153846154,0.141025641025641,0.5482625482625483,0.3806949806949807,0.16756756756756758,2.4713208433063882,-0.1816181530756462,0.30175480769230767,0.8076923076923077,0.2853309481216458,0.6521019677996421,0.3713839285714286,0.7999999999999999,0.2556478405315615,0.6378737541528239,0.19036796536796535,0.9264069264069265,0.20669191919191926,0.7729797979797978,0.29949392712550604,0.8340080971659919,0.19615384615384618,0.6615384615384615,0.0,0.7231249999999992,0.3664387616459628,0.6923983379236862,0.12898151398151397,0.8333494208494209,-0.2774236574236574,0.34932998009169874,-7.2726470348771315,7.67724289182981,0.516860465116279,0.015990459970566917,4.250224563934763,-3.02646828603684,2.943041753545837,26,14,11,2.6186294851280394,5.881819642741486,2.943041753545837,3.7536691520950196,1.0057799189765249,
3,dom_regular_rank2,0.48846153846153845,0.48568872987477635,0.5803571428571428,0.38205980066445183,0.4588744588744589,0.5404040404040403,0.5627530364372468,0.3423076923076923,0.21794871794871798,0.5150579150579151,0.298069498069498,0.2169884169884171,1.1720799970409441,-0.2515404697309357,0.2778605769230769,0.7951923076923076,0.2817531305903399,0.6601520572450804,0.3660714285714286,0.7750446428571428,0.2541112956810631,0.6312707641196013,0.18614718614718614,0.935064935064935,0.1868686868686869,0.7626262626262627,0.26315789473684215,0.8219635627530362,0.1730769230769231,0.6538461538461539,0.0,0.700462962962963,0.3659650072150072,0.6657119547676823,0.12276598026598029,0.8135890720112633,-0.2624136031695381,0.3572073034032121,-4.772174140133784,5.592518334656495,0.47848837209302325,-0.0011733330797906616,1.659601587825825,-1.8238240479068963,0.5575190809272257,26,14,11,0.8118484043415705,2.5073547713100797,0.5575190809272257,1.811944841356164,0.4408058892521213,
4,adom_matched,0.664423076923077,0.33363148479427546,0.5767857142857142,0.41860465116279066,0.7619047619047619,0.2727272727272727,0.5910931174089069,0.38076923076923075,0.4230769230769231,0.38378378378378375,0.4061776061776061,-0.02239382239382237,2.1503205274112176,0.12369201622451173,0.3144230769230769,0.7481009615384615,0.23161896243291594,0.7468694096601073,0.3303571428571429,0.7607142857142857,0.25739202657807314,0.686046511627907,0.18614718614718614,0.8831168831168831,0.13636363636363638,0.797979797979798,0.25506072874493924,0.8138663967611335,0.20374999999999996,0.7693269230769231,0.035747354497354486,0.8830389610389611,0.28482605932255994,0.6931920885304047,0.32027952516233765,0.6232104324983581,-0.17516551735301747,0.2047173713235293,-20.32307699456271,20.304991353452177,0.4965116279069767,-2.978513973296201,-3.759996067149438,-3.141116962107017,-6.273505073171241,26,14,4,-4.759674680466721,-2.7603174538321555,-6.273505073171241,2.8456767052282257,1.3556277527632086,0.3006666666666667
4,dom_matched,0.3038461538461539,0.6932021466905187,0.3714285714285714,0.6295681063122924,0.26406926406926406,0.6818181818181819,0.30769230769230765,0.6846153846153846,0.5641025641025641,0.569111969111969,0.5274131274131273,0.04169884169884175,2.8729682156818024,-0.27936645692636436,0.19711538461538464,0.6644471153846154,0.2969364937388193,0.8014982110912343,0.20714285714285716,0.6268303571428571,0.3687707641196013,0.782392026578073,0.12110389610389612,0.8181818181818182,0.19179292929292932,0.8686868686868687,0.1214574898785425,0.6437246963562753,0.31499999999999995,0.8692307692307693,0.11086111111111116,0.962962962962963,0.3003508774594534,0.7232299159829155,0.34976418476418486,0.6688806696442979,-0.1820569366479551,0.17454449454449447,-28.949394902560023,23.608692922777422,0.4883720930232558,-3.4652563553656477,-4.170751914142825,-5.583482078537991,-9.108427961956906,26,14,4,-4.368089853609559,-3.973413974676089,-9.108427961956906,3.9437501943956104,1.6492173828660213,0.5066666666666666
4,probe_strat,0.6230769230769231,0.4749552772808587,0.5303571428571429,0.5631229235880398,0.5800865800865801,0.4242424242424242,0.7935222672064777,0.5076923076923077,0.4487179487179487,0.5583011583011582,0.5891891891891892,-0.030888030888030937,-1.1822930044041933,0.055430143721871515,0.41151442307692304,0.7875240384615385,0.24326923076923077,0.6431127012522361,0.28035714285714286,0.7464732142857142,0.29227574750830565,0.7610465116279067,0.3072510822510823,0.8701298701298702,0.17171717171717177,0.6768939393939393,0.3845141700404858,0.9515182186234816,0.18461538461538463,0.7499999999999999,0.11111111111111116,0.9629629629629629,0.3261507936507937,0.7166409266409267,0.32742718695080963,0.7305572417010702,-0.15426894554463746,0.1351595891721776,-11.620548700001411,13.110076323363542,0.6011627906976744,-0.14243022061539062,-1.4544377485209843,0.3763340803114141,1.8879245416008479,26,14,7,-0.6331779689066789,-2.27569752813529,1.8879245416008479,-2.0183687072867063,-0.22677791539560718,0.5756401356927673
4,probe_strat_noinit,0.6240384615384615,0.4516994633273703,0.5392857142857143,0.526578073089701,0.6450216450216449,0.38383838383838387,0.7125506072874495,0.47307692307692306,0.4871794871794872,0.518918918918919,0.5436293436293437,-0.024710424710424728,0.12960691216119047,0.0621311358666288,0.42975961538461543,0.7961538461538461,0.2593470483005367,0.6475849731663684,0.32316964285714284,0.7571874999999999,0.3006229235880398,0.7309385382059802,0.37651515151515147,0.8572510822510822,0.1412878787878788,0.6565656565656566,0.3926113360323887,0.923076923076923,0.18836538461538463,0.7194230769230767,0.11061507936507936,0.95,0.33997151988301333,0.686712246087246,0.32891322184826594,0.7099481624481623,-0.1336176990857842,0.13314628482972132,-11.069781457684329,10.895520610183858,0.5866279069767442,-0.22880500231883602,-1.7428891105676367,-1.4730571955524188,2.0560433636208617,26,14,7,-1.607936155108823,-1.8778420660264508,2.0560433636208617,-1.4705707701562483,1.9583814062382634,0.4396101617680565
4,probe_matched,0.3076923076923077,0.646690518783542,0.2625,0.6843853820598006,0.29004329004329,0.5202020202020202,0.3360323886639676,0.6923076923076923,0.5128205128205128,0.5297297297297296,0.4803088803088803,0.049420849420849344,3.452284692021302,0.030498972468272136,0.16908653846153848,0.5692548076923076,0.4123211091234347,0.8310375670840786,0.11964285714285715,0.5679464285714285,0.3869601328903655,0.8705980066445181,0.12121212121212119,0.6537878787878787,0.26262626262626265,0.8637626262626261,0.08906882591093117,0.6559716599190282,0.3961538461538462,0.8847115384615385,0.07407407407407407,0.962962962962963,0.3253888397464249,0.7172597334477744,0.3006818181818182,0.703610251117991,-0.12124594155844151,0.18054133583430448,-13.005899586023311,16.381070720354604,0.438953488372093,-4.542235989756587,-0.5919808185711386,-1.495336228895286,-10.103267159498651,26,14,4,2.3573126789233707,-3.541274316065648,-10.103267159498651,4.317981690873362,2.4629166933332334,0.40422222222222215
4,dom_regular,0.4980769230769231,0.6869409660107335,0.5910714285714286,0.5930232558139534,0.37662337662337664,0.6868686868686869,0.5789473684210527,0.65,0.28205128205128205,0.6494208494208493,0.6277992277992278,0.021621621621621512,-9.534577709242804,-0.2959760466991591,0.3355769230769231,0.7078605769230767,0.4999552772808587,0.8094812164579607,0.38924107142857145,0.7447321428571428,0.40029069767441855,0.7724252491694352,0.17738095238095236,0.8051948051948051,0.38888888888888895,0.8888888888888888,0.3522267206477733,0.825910931174089,0.38846153846153847,0.8425961538461537,0.0,0.6666666666666666,0.4934362934362934,0.8308912930787932,0.4636029411764706,0.8438471080593424,-0.1161116523423025,0.13777955748576237,-25.328281464070937,22.22748694363783,0.6255813953488373,9.149107565800715,-0.013532957567106929,14.438345597085002,13.218582046438465,26,14,11,1.9707392114793687,-1.9978051266135826,13.218582046438465,-13.442946849518268,-5.067870120356553,
4,dom_regular_verberase,0.6817307692307693,0.4982110912343471,0.7267857142857143,0.4102990033222591,0.5974025974025974,0.5707070707070707,0.8097165991902834,0.3730769230769231,0.0769230769230769,0.640926640926641,0.4903474903474904,0.15057915057915056,-0.7530749136127257,-0.0011129924506276389,0.4095673076923077,0.8606009615384616,0.3112477638640429,0.6306127012522361,0.46419642857142857,0.8732142857142857,0.2591362126245847,0.6561461794019934,0.2551948051948052,0.935064935064935,0.24747474747474746,0.7678030303030301,0.41295546558704455,0.951417004048583,0.1730769230769231,0.6653846153846155,0.0,0.6504166666666663,0.3891537319052799,0.7568029364855989,0.17572108407507742,0.8475232198142415,-0.2446147486772487,0.31114551083591324,-12.148749794555073,10.967249545270684,0.6691860465116278,-0.13190546806474396,-3.29519867929611,0.40103964171818834,-2.3049095799572474,26,14,11,-2.9777790565826483,-3.612618302009572,-2.3049095799572474,-1.387037490103303,-0.02854625476635188,
4,dom_regular_rank2,0.6423076923076922,0.44364937388193204,0.7142857142857144,0.3372093023255814,0.5497835497835498,0.5404040404040404,0.777327935222672,0.30000000000000004,0.10256410256410253,0.5992277992277992,0.45945945945945943,0.1397683397683398,-1.1618351705605796,-0.04174828353600016,0.39223557692307687,0.8577163461538462,0.2826252236135957,0.6144901610017889,0.4534821428571429,0.8804017857142857,0.23085548172757475,0.6180232558139535,0.2553030303030303,0.9264069264069265,0.2372474747474748,0.7323232323232323,0.3967611336032389,0.9433198380566801,0.1691346153846154,0.6307692307692307,0.0,0.6599999999999999,0.3840797940797941,0.7270008135764968,0.16446835786679537,0.8303774350649349,-0.2502268041851376,0.3273023978412667,-7.179089345401943,8.78726581473339,0.6104651162790699,-0.8939830893936014,-6.158467020665823,0.6119926158350731,-4.038990345297575,26,14,11,-5.475099714358076,-6.84183432697357,-4.038990345297575,-2.2088788916857087,0.03478622501099661,
5,adom_matched,0.7076923076923076,0.3756708407871199,0.6589285714285713,0.4352159468438538,0.7965367965367965,0.3737373737373737,0.6396761133603239,0.33461538461538465,0.23076923076923075,0.40772200772200773,0.37374517374517374,0.03397683397683399,1.0556603879237605,-0.11898786218923518,0.3519230769230769,0.7625961538461539,0.25402504472271914,0.6851744186046511,0.3588392857142857,0.7446428571428572,0.27234219269102994,0.6844269102990033,0.20779220779220778,0.9005411255411255,0.18169191919191918,0.7828282828282828,0.27935222672064774,0.8138663967611335,0.19990384615384615,0.7076923076923076,0.016666666666666653,0.9285714285714285,0.27386712605462604,0.7017502997907051,0.2733504933504934,0.626572354087834,-0.14298526484073362,0.20865195659603542,-16.536072849858854,27.767574818199797,0.5930232558139535,-2.0564326727616984,-4.9954481131919835,-0.29359391178429517,-2.681647932533827,26,14,4,-5.359440428875097,-4.6314557975088695,-2.681647932533827,0.5891196043754731,1.5888498548360892,0.33644444444444443
5,dom_matched,0.3759615384615384,0.6127012522361359,0.4089285714285714,0.5880398671096346,0.341991341991342,0.5303030303030303,0.40485829959514164,0.5961538461538463,0.47435897435897434,0.5806949806949806,0.5505791505791506,0.030115830115829967,3.490556974612112,-0.3593321890154262,0.226875,0.6692788461538461,0.3264758497316637,0.7540921288014311,0.21785714285714286,0.6446428571428572,0.3521594684385382,0.7508720930232559,0.14285714285714285,0.8311688311688311,0.2222222222222222,0.7981060606060605,0.1497975708502024,0.6844129554655869,0.3038461538461539,0.8,0.07692307692307691,0.9871794871794872,0.3126739211309524,0.719905631684005,0.3367603148878209,0.6896138996138996,-0.16079859575409114,0.19279881976577487,-26.243444129233065,25.11070668673423,0.486046511627907,-2.2821988697474715,-0.8945450951192886,-6.412870361897745,-11.164844129780272,26,14,4,-0.5806460324027038,-1.2084441578358733,-11.164844129780272,5.069309255901787,1.6862686531381972,0.522
5,probe_strat,0.6509615384615385,0.4660107334525939,0.6232142857142857,0.4833887043189369,0.5974025974025974,0.4797979797979798,0.8340080971659919,0.40769230769230774,0.3589743589743589,0.4934362934362934,0.5034749034749034,-0.010038610038610007,-1.1780989583591244,0.04622521590538603,0.43653846153846154,0.8279567307692306,0.25129695885509845,0.6493738819320215,0.3624107142857143,0.8321875,0.25577242524916943,0.7060215946843854,0.346103896103896,0.8787878787878788,0.19191919191919193,0.7425505050505049,0.3845141700404858,0.9515182186234816,0.13451923076923078,0.676923076923077,0.0,1.0,0.30346378846378846,0.6535864598364598,0.29919921875,0.6921742832953887,-0.18906853299771303,0.13968697968697968,-11.909860459502603,7.217086634616654,0.6267441860465115,-0.5798794026720933,-3.3755150412642676,0.7367971064532303,2.572971756471485,26,14,7,-3.8959596675082175,-2.855070415020318,2.572971756471485,-1.6868016952783722,-0.5967244018799839,0.4727746133009291
5,probe_strat_noinit,0.6778846153846154,0.4919499105545617,0.6446428571428572,0.5299003322259136,0.7056277056277057,0.4444444444444444,0.7368421052631579,0.4730769230769231,0.3846153846153846,0.46023166023166023,0.4911196911196911,-0.030888030888030882,0.0364093125351217,0.04974061596028735,0.47300480769230774,0.8375240384615384,0.2745527728085868,0.6458407871198568,0.4016071428571429,0.8125446428571428,0.2889950166112957,0.7110880398671096,0.42424242424242425,0.9004329004329004,0.19696969696969696,0.6970959595959595,0.4127530364372469,0.9393724696356274,0.15375000000000003,0.7230769230769231,0.024537037037037072,1.0,0.31156780156780156,0.6463466347841348,0.30651422151422153,0.654077994077994,-0.16913783482142852,0.13476943664443658,-6.232086992762878,5.722666460398801,0.6686046511627907,-0.19514764808085852,-2.18351287047291,-0.13001152965022414,1.6075691710349973,26,14,7,-2.359334712961976,-2.007691027983844,1.6075691710349973,-0.7649234708202952,0.9522182077984553,0.4075437330700488
5,probe_matched,0.4192307692307692,0.6037567084078713,0.4357142857142857,0.5930232558139534,0.4199134199134199,0.6262626262626263,0.39676113360323884,0.5961538461538463,0.3717948717948718,0.4324324324324324,0.5057915057915058,-0.07335907335907338,-3.4903194174165275,-0.007238394558297676,0.21151442307692306,0.6644230769230769,0.3693872987477638,0.8059257602862254,0.19995535714285714,0.6929910714285713,0.3404900332225913,0.8256229235880399,0.14285714285714285,0.7575757575757576,0.27260101010101007,0.8585858585858586,0.11740890688259108,0.7126518218623481,0.3038461538461539,0.8347115384615384,0.0,0.9259259259259259,0.2964752503619691,0.6642009842009843,0.3465400533108866,0.6945302255441909,-0.22225260416666676,0.14524264098032816,-15.961646359448272,19.473107730492366,0.5104651162790697,5.179055517146852,-6.87695463349201,-1.6253654522651422,12.14774196071589,26,14,4,-12.821392091943471,-0.9325171750405508,12.14774196071589,-4.886934559625709,-1.89418782632032,0.38755555555555554
5,dom_regular,0.5432692307692307,0.5617173524150268,0.5535714285714286,0.53156146179402,0.49350649350649356,0.6111111111111112,0.6437246963562752,0.4538461538461539,0.1923076923076923,0.667953667953668,0.5976833976833976,0.07027027027027033,-5.560569250105648,-0.35060509384346683,0.37115384615384617,0.7471153846153845,0.40143112701252237,0.7093246869409661,0.35348214285714286,0.751875,0.36374584717607966,0.7242940199335549,0.23376623376623373,0.8354978354978355,0.31805555555555554,0.8082070707070705,0.3846153846153847,0.8664979757085018,0.24615384615384614,0.6961538461538461,0.0,0.6428571428571428,0.5135624538063562,0.7980262706849394,0.4432154029029029,0.749033189033189,-0.06490234375000008,0.20618101905834108,-29.46263660614159,24.388783990536542,0.5976744186046512,1.4662666080116715,-6.420631376467591,8.341390803813633,1.869261670928216,26,14,11,-3.793153198689447,-9.048109554245734,1.869261670928216,-8.17012210541137,-2.5782231297562523,
5,dom_regular_verberase,0.735576923076923,0.48032200357781757,0.7071428571428572,0.5149501661129569,0.7229437229437229,0.505050505050505,0.8016194331983806,0.40384615384615385,0.0641025641025641,0.7003861003861004,0.5019305019305019,0.19845559845559846,-0.23749630812798544,-0.12651848966957358,0.4740384615384616,0.8942307692307692,0.3237254025044723,0.6315742397137746,0.42852678571428576,0.8660714285714285,0.290656146179402,0.6927325581395348,0.3678571428571428,0.9567099567099566,0.25239898989898985,0.7727272727272727,0.45738866396761135,0.935323886639676,0.1653846153846154,0.6693269230769231,0.0,0.44871794871794873,0.46063948306595365,0.7941305415263749,0.28279346955128204,0.7243412162162162,-0.11431550005728036,0.3119535482778638,-8.75999475275142,5.869946608558284,0.7296511627906976,-0.38195668530290516,-2.6500364237434493,0.6679425449709485,-2.4400547237388825,26,14,11,-1.9016646340693064,-3.398408213417592,-2.4400547237388825,-0.6750509967281694,0.2625661931293675,
5,dom_regular_rank2,0.7134615384615385,0.3872987477638641,0.6982142857142857,0.39534883720930236,0.6709956709956709,0.47474747474747475,0.7813765182186234,0.2692307692307692,0.11538461538461538,0.6471042471042471,0.47722007722007714,0.16988416988416993,-0.537760377809143,-0.18778710075963861,0.46923076923076923,0.8683173076923076,0.2709973166368515,0.573345259391771,0.425,0.8626339285714285,0.2208887043189369,0.6461794019933554,0.34188311688311684,0.948051948051948,0.21186868686868687,0.7171717171717171,0.4533400809716599,0.9473684210526315,0.11913461538461538,0.59625,0.0,0.5555555555555556,0.42931027464465704,0.7632983532897324,0.2564695095969683,0.7195034327651516,-0.13880363724113726,0.30172088206627673,-11.583804896829717,12.314254625683285,0.6116279069767442,-1.4394512829016384,-4.8521573191341325,0.8708513359758702,-4.049261243133356,26,14,11,-3.780949673206658,-5.923364965061607,-4.049261243133356,-1.2546645865177473,0.28155871785783365,
6,adom_matched,0.7288461538461538,0.3470483005366726,0.6964285714285714,0.38372093023255816,0.8311688311688311,0.30303030303030304,0.6356275303643725,0.3230769230769231,0.2692307692307692,0.4501930501930502,0.4957528957528957,-0.04555984555984549,0.5700856731180235,-0.17372485912601038,0.3403365384615385,0.784639423076923,0.23609123434704832,0.670035778175313,0.3445535714285714,0.7875446428571428,0.22902823920265783,0.6827242524916943,0.212012987012987,0.9005411255411255,0.13623737373737374,0.788131313131313,0.2591093117408907,0.8623481781376517,0.18461538461538463,0.7078846153846152,0.0,0.9672321428571427,0.3146538617427681,0.6988765572361166,0.3503019556823905,0.6559113376752046,-0.16988095238095238,0.19679383814929488,-18.70131709303319,19.413337133500068,0.5796511627906977,-2.269630210771473,-5.946000279043664,-1.528318927751437,-2.571506915822232,26,14,4,-7.21914923486345,-4.6728513232238775,-2.571506915822232,0.132398965268674,1.07029905351728,0.32844444444444443
6,dom_matched,0.3317307692307693,0.6413237924865831,0.3535714285714286,0.6245847176079735,0.30303030303030304,0.601010101010101,0.3319838056680162,0.6153846153846154,0.5769230769230769,0.5791505791505791,0.57992277992278,-0.0007722007722008595,2.789222322950257,-0.41188510425877284,0.20670673076923077,0.6144230769230768,0.3622093023255814,0.77195885509839,0.18392857142857144,0.6358482142857141,0.36872923588039863,0.7824335548172758,0.11255411255411255,0.8053030303030303,0.23232323232323232,0.8434343434343434,0.1294534412955465,0.6842105263157894,0.3383653846153846,0.8192307692307693,0.07656695156695152,0.965,0.3343006752449477,0.7158355975022641,0.39452075140155646,0.7089565740069824,-0.21433397683397673,0.1398094848094849,-19.85649093252182,25.751963369379826,0.4895348837209302,-3.208398474664014,-2.4113580024969794,-6.307822106542524,-12.791952146901814,26,14,4,-3.821020156157721,-1.0016958488362375,-12.791952146901814,3.6712709452821057,1.7811667545710024,0.5331111111111111
6,probe_strat,0.6451923076923077,0.4695885509838998,0.6946428571428571,0.4269102990033223,0.6277056277056277,0.46464646464646464,0.6720647773279351,0.43846153846153846,0.4487179487179487,0.46486486486486484,0.5729729729729729,-0.10810810810810806,-1.585927221825769,-0.0028273041335080567,0.4239663461538461,0.8038461538461539,0.2647361359570662,0.6601296958855098,0.4088839285714286,0.8589285714285715,0.20930232558139536,0.6612956810631228,0.3547619047619047,0.8744588744588745,0.18181818181818182,0.7273989898989898,0.31983805668016196,0.9231781376518218,0.15375000000000003,0.7308653846153846,0.0,1.0,0.2897542920524692,0.6326711250983477,0.34501371001371,0.7467614933597906,-0.2696192696192695,0.07552935010482179,-13.495398007300933,10.536200310904597,0.6034883720930232,0.0177232286275532,-2.6601749017751173,-0.7596406247219768,3.0296682727191357,26,14,7,-3.773436726744467,-1.5469130768057673,3.0296682727191357,-2.1351166995255815,-0.958282104454555,0.6636394015341385
6,probe_strat_noinit,0.6701923076923078,0.46690518783542045,0.6732142857142858,0.4518272425249169,0.7792207792207793,0.38383838383838387,0.5182186234817814,0.4807692307692308,0.3205128205128205,0.4795366795366795,0.6262548262548262,-0.1467181467181467,-0.3053782007809554,0.002125117850337125,0.47211538461538466,0.8317788461538461,0.26654740608228983,0.6538461538461537,0.4338839285714286,0.8660714285714286,0.2408637873754153,0.6612956810631228,0.4630952380952381,0.9307359307359307,0.1715909090909091,0.6666666666666667,0.29959514170040485,0.8624493927125505,0.20384615384615384,0.7230769230769231,0.0,0.9999999999999999,0.3164802274372587,0.6461318824404761,0.40704782196969697,0.7723655873112395,-0.27479313806114547,0.044116601709048506,-8.773471067204554,4.58722942445485,0.6447674418604651,0.0056830571411978555,-2.673681851423492,-1.4749469208933244,1.3333176259104023,26,14,7,-3.1483161335624783,-2.1990475692845055,1.3333176259104023,-0.9328663947152804,0.41175116371541604,0.6043171058960533
6,probe_matched,0.41346153846153844,0.59391771019678,0.49464285714285716,0.5332225913621262,0.3116883116883116,0.6515151515151515,0.4777327935222673,0.573076923076923,0.3205128205128205,0.4424710424710424,0.6501930501930502,-0.20772200772200777,-2.743219599039677,-0.059065286212085046,0.20764423076923075,0.6817307692307693,0.3665474060822898,0.7808586762075134,0.24642857142857144,0.7554017857142857,0.28405315614617943,0.7575581395348837,0.12110389610389612,0.7403679653679653,0.2926767676767677,0.8787878787878788,0.1254048582995951,0.7612348178137649,0.27692307692307694,0.8078846153846152,0.0,0.888888888888889,0.2880625895843287,0.6641306106588183,0.4225968096942725,0.77932325708061,-0.30860091397200773,0.041850311030845015,-14.208163124029188,10.359945924884322,0.5279069767441861,4.1199119278842655,-5.773112360658388,-4.341501191869641,5.700255258542977,26,14,4,-7.8914660763918505,-3.654758644924925,5.700255258542977,-3.526881077128057,-1.8476064812243866,0.4646666666666667
6,dom_regular,0.5692307692307692,0.556350626118068,0.5642857142857143,0.5415282392026577,0.5238095238095237,0.6313131313131313,0.6599190283400809,0.4423076923076924,0.17948717948717946,0.6579150579150579,0.5397683397683397,0.11814671814671818,-2.469172109293499,-0.3203210612850302,0.39711538461538465,0.7789182692307691,0.37473166368515215,0.7012745974955278,0.3642410714285715,0.7625892857142857,0.3536960132890365,0.7259966777408637,0.2727272727272727,0.8138528138528137,0.3584595959595959,0.8233585858585857,0.41700404858299595,0.8663967611336032,0.22692307692307695,0.6653846153846155,0.0,0.5435897435897428,0.5053852513227514,0.7793247312067481,0.38467741935483873,0.6832018197841485,-0.012515685328185285,0.24095997645146247,-20.328604138514205,14.218503234176202,0.6058139534883722,0.04389768100482809,-5.162112287447011,4.647505470218216,-0.8192634680480815,26,14,11,-2.3809230510050936,-7.943301523888928,-0.8192634680480815,-3.5633540664511134,-1.2186784439705112,
6,dom_regular_verberase,0.7826923076923077,0.4677996422182469,0.7553571428571428,0.4850498338870432,0.7272727272727273,0.5151515151515151,0.894736842105263,0.40769230769230774,0.05128205128205128,0.6857142857142857,0.4911196911196911,0.1945945945945946,-0.21967289994127615,-0.0674696459260989,0.5230048076923076,0.9019471153846154,0.3202146690518784,0.6422182468694096,0.48392857142857143,0.9035714285714286,0.30224252491694353,0.6943936877076412,0.3765151515151515,0.974025974025974,0.25744949494949493,0.7829545454545453,0.5343117408906882,0.9676113360323886,0.19990384615384618,0.64625,0.0,0.4020512820512813,0.4882782148407149,0.8101945515422078,0.29501094118804094,0.6794281660032434,-0.038628583941083976,0.313956358956359,-4.480306871634165,1.384469831757581,0.7633720930232558,-0.3353407813843439,-2.332537329732855,0.6759713701605389,-1.8726309831178218,26,14,11,-1.9755627398554731,-2.689511919610237,-1.8726309831178218,-0.5171029791135201,0.1202471905412884,
6,dom_regular_rank2,0.7519230769230769,0.3613595706618963,0.7357142857142858,0.3704318936877077,0.7142857142857143,0.4797979797979798,0.8421052631578947,0.23461538461538464,0.10256410256410256,0.644015444015444,0.4617760617760618,0.18223938223938219,-0.3734661559722833,-0.13102837151562582,0.4729567307692308,0.8846634615384614,0.23694096601073342,0.5787790697674419,0.4410714285714286,0.8910714285714285,0.22250830564784055,0.6362126245847176,0.3593073593073593,0.9653679653679653,0.18181818181818182,0.7323232323232323,0.48582995951417,0.9554655870445343,0.11923076923076925,0.5500961538461538,0.0,0.5376296296296295,0.43978515625000003,0.7839725948859076,0.2509588906372935,0.6875904922779922,-0.08985460069444455,0.31338200522882254,-12.683999985520515,8.890507242949145,0.6616279069767442,-1.2579247614069706,-3.9036029315606458,0.9309005067817556,-3.153021211272734,26,14,11,-3.0018873297805193,-4.805318533340772,-3.153021211272734,-0.7527900457193747,0.0600468608815354,
7,adom_matched,0.6884615384615385,0.3881932021466905,0.7017857142857143,0.3837209302325582,0.7402597402597402,0.38888888888888895,0.6275303643724697,0.30000000000000004,0.2051282051282051,0.6030888030888032,0.5598455598455598,0.04324324324324336,0.9807228369389468,-0.19435652088934816,0.2970913461538462,0.8385336538461537,0.22173524150268337,0.6906529516994632,0.3070535714285714,0.8858035714285715,0.16935215946843854,0.6811461794019934,0.23809523809523805,0.9134199134199134,0.1616161616161616,0.7626262626262627,0.1700404858299595,0.9149797570850202,0.09615384615384617,0.7,0.0,0.9481481481481486,0.37679924242424234,0.7138448716573715,0.3529262408088235,0.7220645248423025,-0.14925469977553293,0.16603274312258692,-10.787390955442037,9.047948079574097,0.5482558139534883,-2.8169653226173397,-10.94535031293001,-1.24035706015449,-2.0169350525449743,26,14,4,-11.466973939885408,-10.42372668597461,-2.0169350525449743,-0.15407032699299672,2.2776293100040244,0.4091111111111111
7,dom_matched,0.2932692307692308,0.6493738819320214,0.3053571428571428,0.6478405315614618,0.30303030303030304,0.6464646464646464,0.2672064777327935,0.6038461538461538,0.641025641025641,0.616988416988417,0.644015444015444,-0.027027027027026973,-1.421322509870832,-0.3267452721941081,0.14997596153846154,0.6923557692307691,0.3630813953488372,0.8023255813953488,0.14107142857142857,0.7358035714285714,0.2954318936877077,0.8007059800664452,0.08647186147186146,0.7576839826839826,0.2877525252525252,0.858712121212121,0.07682186234817812,0.7693319838056678,0.24230769230769234,0.8230769230769232,0.03806980056980057,1.0,0.40015056317139647,0.7407536907536908,0.4211219336219337,0.7576748160967912,-0.1573957513768686,0.11720703124999998,-8.770784498130464,11.60274763124287,0.48779069767441857,-5.9960783353472635,-7.365250783032289,-7.6471719906951,-19.119269544412806,26,14,4,-10.238158040090253,-4.492343525974325,-19.119269544412806,-0.7732356981255437,-2.1619931518654463,0.5935555555555555
7,probe_strat,0.5230769230769231,0.4955277280858676,0.6160714285714286,0.40697674418604646,0.5108225108225108,0.48484848484848486,0.5708502024291497,0.4461538461538461,0.4102564102564102,0.5065637065637065,0.518918918918919,-0.01235521235521242,-5.017714124981214,-0.002579078223275398,0.376875,0.7750240384615386,0.2584302325581395,0.6538685152057245,0.3908035714285715,0.8464732142857142,0.18268272425249169,0.6362541528239203,0.2943722943722944,0.8441558441558442,0.15151515151515155,0.6970959595959595,0.279251012145749,0.8825910931174089,0.12682692307692311,0.7077884615384616,0.0,1.0,0.3416738534902598,0.6982279169891639,0.33171802662037037,0.7601228715170278,-0.19767578125,0.12269455154220778,-22.08960378133053,23.462505966420363,0.5052325581395349,0.5012432603766166,-23.46384564850916,-4.381565229740517,26.30723263948021,26,14,7,-32.0079159186421,-14.919775378376224,26.30723263948021,-7.592552949990432,-2.075041182113537,0.6548958760537708
7,probe_strat_noinit,0.6384615384615384,0.44812164579606434,0.6642857142857143,0.4102990033222591,0.6926406926406926,0.4191919191919192,0.6194331983805668,0.43846153846153846,0.37179487179487175,0.5459459459459459,0.555984555984556,-0.010038610038610063,-0.3479925493552679,0.017871408808892063,0.45379807692307694,0.809807692307692,0.2512745974955278,0.6316189624329158,0.43741071428571426,0.8446875,0.2042358803986711,0.6362126245847175,0.40692640692640697,0.8917748917748918,0.161489898989899,0.7021464646464646,0.3076923076923077,0.8745951417004046,0.14221153846153847,0.6692307692307692,0.0,1.0,0.36669314588276036,0.7097691316925062,0.3714569013949819,0.7652554935888269,-0.16667637917637915,0.12154322554380598,-14.422019272600071,8.840507387199944,0.5947674418604652,-0.3920294581069146,-8.766804116062422,-2.5684274112868595,5.609528330075803,26,14,7,-10.237078367333817,-7.296529864791029,5.609528330075803,-1.3035467639546812,0.7440694101869187,0.5767059821270347
7,probe_matched,0.45192307692307687,0.5626118067978533,0.5249999999999999,0.4800664451827243,0.4458874458874458,0.5858585858585857,0.42105263157894735,0.5230769230769231,0.3846153846153846,0.5258687258687258,0.6069498069498069,-0.08108108108108114,-4.522610852720711,-0.08028892140290578,0.22596153846153844,0.6808173076923075,0.3353533094812165,0.7352415026833632,0.23566964285714284,0.7679464285714286,0.25249169435215946,0.732641196013289,0.14707792207792203,0.7057359307359307,0.297979797979798,0.8787878787878788,0.14159919028340076,0.7814777327935222,0.22298076923076926,0.7500961538461539,0.0,0.8959523809523798,0.3629496705405667,0.6927631578947369,0.3968921505362871,0.7412644244300591,-0.1849928020402745,0.07493545900121681,-16.55864464382958,21.102103577007256,0.5203488372093024,15.202448581659866,-48.15120489462287,-32.7471350334472,38.480378315925115,26,14,4,-50.440215343187056,-45.86219444605869,38.480378315925115,-10.57730238194655,2.397036609251677,0.534888888888889
7,dom_regular,0.7961538461538462,0.4901610017889088,0.75,0.5249169435215947,0.8398268398268398,0.5050505050505051,0.7894736842105262,0.4461538461538461,0.0641025641025641,0.783011583011583,0.6555984555984556,0.12741312741312738,0.10764188713339364,-0.1547582902035703,0.5258894230769231,0.895216346153846,0.3013864042933811,0.688886404293381,0.42848214285714287,0.9125446428571429,0.26561461794019936,0.7724252491694352,0.45021645021645024,0.9698051948051948,0.24217171717171718,0.7779040404040404,0.3927125506072874,0.9596153846153845,0.20769230769230768,0.7038461538461538,0.0,0.43777243589743553,0.5794040606008486,0.8883144784902597,0.4653784360634206,0.8434359418122295,-0.024917027417027497,0.23762542477861306,-0.2683946465417137,0.5398363241029299,0.7709302325581395,-0.20386137580724606,-2.1162138146738134,0.3303491162834163,-1.833605619394705,26,14,11,-1.4448670059979933,-2.7875606233496333,-1.833605619394705,-0.05925133216876522,0.29837699490728953,
7,dom_regular_verberase,0.860576923076923,0.4150268336314848,0.8303571428571429,0.4269102990033222,0.8614718614718615,0.46464646464646464,0.902834008097166,0.3769230769230769,0.08974358974358976,0.7274131274131274,0.5003861003861003,0.22702702702702704,0.23535279934996917,0.03569432211675804,0.6365384615384615,0.9307932692307692,0.270102862254025,0.6154516994633273,0.5607142857142857,0.9482142857142856,0.23251661129568105,0.6711378737541528,0.5541125541125541,0.9913419913419913,0.2474747474747475,0.7323232323232323,0.5425101214574899,0.9838056680161943,0.17307692307692307,0.6192307692307693,0.0,0.38125,0.5655788655788656,0.8271738496954862,0.3598838016988171,0.642194588561776,0.09382281275083128,0.32967410987473933,-0.016622511797049627,0.6183519340268483,0.8087209302325581,-0.3532039399403912,-2.1064319862267227,0.14236972270648549,-1.7217769504104914,26,14,11,-1.8979973307704692,-2.3148666416829764,-1.7217769504104914,0.10174295073400372,0.3880497691967868,
7,dom_regular_rank2,0.8528846153846154,0.3434704830053667,0.8160714285714286,0.35382059800664456,0.8874458874458874,0.4191919191919192,0.8785425101214575,0.26153846153846155,0.0769230769230769,0.7003861003861003,0.5181467181467181,0.18223938223938219,0.30861420024286274,-0.008459145269020552,0.6363701923076923,0.9327163461538461,0.21822450805008944,0.5250447227191413,0.5535714285714286,0.9500446428571429,0.18106312292358803,0.5996677740863787,0.5843073593073593,0.9913419913419913,0.20707070707070707,0.6868686868686869,0.5464574898785425,0.9758097165991901,0.11153846153846156,0.5039423076923076,0.0,0.42592592592592593,0.5339910476520383,0.8027109773201518,0.36835686777920407,0.6656649770066889,0.044629432065528656,0.28134765624999997,-0.05833587699248945,1.0447641388027518,0.7348837209302325,-0.8670080651796134,-2.9711641397220747,-0.24537716018370914,-2.4856220976665777,26,14,11,-2.726806911657336,-3.2155213677868133,-2.4856220976665777,0.15658516187632746,0.4823616726617604,
8,adom_matched,0.6913461538461537,0.3640429338103756,0.6946428571428571,0.3704318936877077,0.6536796536796536,0.4242424242424242,0.6720647773279351,0.25384615384615383,0.2564102564102564,0.6038610038610038,0.5498069498069498,0.05405405405405406,3.7790919895548125,-0.17875085725301437,0.325,0.8211538461538461,0.21102415026833632,0.6592128801431126,0.31424107142857144,0.8839285714285714,0.16777408637873756,0.6578073089700996,0.2293290043290043,0.8874458874458874,0.1917929292929293,0.8181818181818182,0.19838056680161942,0.9271255060728745,0.06923076923076925,0.6424038461538462,0.0,0.9642857142857143,0.3873237705978219,0.7409853578658712,0.3476158301158301,0.709626271561256,-0.10697691970911785,0.1888907469342252,-17.11979136764048,20.608173808247262,0.5406976744186047,-4.806122304298738,-17.48206833203389,-3.8087937779134493,-2.1342266538463965,26,14,4,-17.611973215989057,-17.35216344807872,-2.1342266538463965,1.371924960155352,6.530140023154195,0.4195555555555555
8,dom_matched,0.31538461538461543,0.6413237924865831,0.3017857142857143,0.654485049833887,0.2251082251082251,0.7424242424242424,0.33603238866396756,0.5538461538461539,0.7435897435897436,0.6285714285714286,0.5992277992277992,0.02934362934362933,-20.235869639547495,-0.2872849186222918,0.19033653846153845,0.6963942307692306,0.32198121645796063,0.79695885509839,0.14995535714285713,0.7767857142857143,0.3089285714285714,0.8139950166112956,0.06926406926406925,0.7445887445887446,0.3079545454545454,0.9193181818181817,0.09311740890688258,0.8462550607287449,0.15375000000000003,0.8153846153846154,0.08878205128205126,1.0,0.41698629687909783,0.7430095003858024,0.385772792022792,0.7367370746862933,-0.11507722007722009,0.1621632920545964,-22.00064215507337,18.728102326036414,0.4965116279069767,-25.105905764866186,-39.06976227015534,-29.601853374263484,-93.76094000699825,26,14,4,-48.08689822860345,-30.052626311707222,-93.76094000699825,-16.99032765911824,-23.9450604743238,0.6064444444444445
8,probe_strat,0.5221153846153846,0.5322003577817531,0.6696428571428571,0.41029900332225916,0.47619047619047616,0.5252525252525252,0.5789473684210525,0.4884615384615385,0.3974358974358974,0.4772200772200772,0.4633204633204633,0.013899613899613916,-0.37285136070499997,-0.0558930195934793,0.3604807692307692,0.7971634615384615,0.25567978533094815,0.6664579606440071,0.385625,0.8929017857142857,0.16441029900332227,0.634593023255814,0.29426406926406923,0.8701298701298701,0.18181818181818182,0.7526515151515151,0.2630566801619433,0.8948380566801619,0.1345192307692308,0.7230769230769231,0.009294871794871807,1.0,0.2861828631771808,0.6463246596398771,0.24244374916788708,0.6777910553952221,-0.16563467492260064,0.16006451231060606,-9.580744854151696,12.337884019477281,0.5750000000000001,1.3839523288855966,-4.283348690650589,-1.8130065805686726,6.301791455594665,26,14,7,-6.390866419082991,-2.1758309622181864,6.301791455594665,-1.267895853785768,0.6500566313873064,0.6714808232702969
8,probe_strat_noinit,0.5980769230769232,0.4865831842576029,0.6553571428571429,0.4169435215946844,0.658008658008658,0.4545454545454546,0.5263157894736842,0.46153846153846156,0.3589743589743589,0.49652509652509647,0.47490347490347484,0.021621621621621623,0.8083013025846502,-0.04772939596542697,0.41346153846153844,0.8106249999999999,0.2575805008944544,0.652974060822898,0.41232142857142856,0.8714732142857142,0.19763289036544854,0.6229651162790698,0.38095238095238093,0.9178571428571428,0.18169191919191918,0.7121212121212122,0.2670040485829959,0.8825910931174089,0.16144230769230775,0.6809615384615383,0.0,0.9642857142857143,0.3356253507295174,0.6563910719483473,0.3033821618315942,0.678058788058788,-0.14318899150616404,0.14063714063714067,-8.044475658948478,10.376460384001218,0.5883720930232559,0.7476669581295192,-6.266558439660162,-3.4810984532976277,5.377945703360512,26,14,7,-8.342579952876099,-4.190536926444227,5.377945703360512,-0.3962321584682494,2.1849109723593925,0.639470241259715
8,probe_matched,0.4538461538461538,0.5474060822898031,0.5107142857142857,0.4966777408637874,0.47186147186147187,0.6111111111111112,0.36032388663967607,0.4807692307692307,0.41025641025641024,0.5366795366795366,0.5258687258687259,0.0108108108108107,-11.980997350205564,-0.12052396596613124,0.25384615384615383,0.7308173076923077,0.2959525939177102,0.7048524150268337,0.2748660714285714,0.801830357142857,0.21428571428571433,0.6878322259136213,0.17738095238095236,0.749025974025974,0.27272727272727276,0.8536616161616161,0.1254048582995951,0.7935222672064777,0.1422115384615385,0.7230769230769231,0.053952991452991456,0.9460470085470086,0.37292207792207793,0.6904204071386734,0.3519741077176168,0.6898771367521367,-0.1222910216718266,0.12820463320463313,-31.550209846483437,25.65352095774497,0.4877906976744186,-5.446867010531291,20.41524740921289,26.51052573020807,-24.325591008372438,26,14,4,24.299016723313176,16.531478095112597,-24.325591008372438,-5.7347985403422905,-19.119510275763595,0.5651111111111111
8,dom_regular,0.7951923076923075,0.460644007155635,0.8232142857142857,0.4169435215946844,0.7835497835497836,0.5454545454545454,0.8461538461538461,0.3384615384615384,0.03846153846153847,0.7945945945945946,0.6162162162162161,0.17837837837837844,0.35130191103386516,-0.05302176005285163,0.4980288461538462,0.8865624999999999,0.29961985688729875,0.6843246869409659,0.4392410714285715,0.9321875,0.22749169435215946,0.7211378737541527,0.4241341991341991,0.9481601731601731,0.27260101010101007,0.8232323232323232,0.37226720647773276,0.9757085020242914,0.1384615384615385,0.6615384615384615,0.0,0.5357142857142857,0.5706098029298265,0.9042343073593074,0.429547213622291,0.8344827544504644,-0.0100806135376447,0.26049318812373184,-0.16094475044737808,1.1604074401708755,0.7866279069767442,-0.22295844438262727,-2.0801770483480464,0.233489806230468,-1.5081245917087733,26,14,11,-1.885405942334216,-2.2749481543618773,-1.5081245917087733,0.15544996490795962,0.5751327066063284,
8,dom_regular_verberase,0.8355769230769231,0.4794275491949911,0.8642857142857141,0.41860465116279066,0.7878787878787878,0.5959595959595959,0.8744939271255061,0.3538461538461538,0.05128205128205128,0.8131274131274131,0.5575289575289575,0.2555984555984556,0.45791196542800294,0.08761772872053182,0.6086298076923077,0.9182692307692307,0.30858676207513425,0.6753577817531305,0.5837053571428571,0.9589732142857141,0.23255813953488375,0.6893687707641196,0.44588744588744583,0.9610389610389609,0.3232323232323232,0.8385101010101008,0.5665991902834009,0.9919028340080971,0.15769230769230774,0.64625,0.0,0.4444444444444445,0.6238610038610037,0.903916618441358,0.40738089095287233,0.6998515418485847,0.10076754625582744,0.34219335780874083,0.12343468999496394,0.9660612307288577,0.8418604651162791,-0.1367425617446855,-1.8160521244638634,0.2740896458306804,-1.0407911796649008,26,14,11,-1.9764292710469875,-1.6556749778807394,-1.0407911796649008,0.30210216830579895,0.6359803049962363,
8,dom_regular_rank2,0.8278846153846153,0.4069767441860465,0.8625,0.3538205980066445,0.8051948051948052,0.5555555555555556,0.8663967611336032,0.27692307692307694,0.0769230769230769,0.7752895752895753,0.5737451737451736,0.20154440154440167,0.598120813619308,0.07127029922968381,0.5902884615384616,0.9048076923076923,0.26563059033989267,0.6065518783542038,0.5713392857142857,0.9482142857142857,0.2026578073089701,0.6262873754152825,0.4457792207792208,0.961038961038961,0.267550505050505,0.8181818181818181,0.5181174089068825,0.9838056680161943,0.11538461538461539,0.5576923076923077,0.0,0.61,0.582529418931315,0.8773941730688376,0.4285576072534277,0.7175452399685288,0.056339077589077614,0.2820901320901322,0.07397554420661485,1.7617358688383429,0.7633720930232558,-0.372564168393126,-2.1304793510341398,-0.04807329621715195,-1.331206876944324,26,14,11,-2.510089012736014,-1.7508696893322662,-1.331206876944324,0.40880642838903286,0.8144801110253369,
9,adom_matched,0.6884615384615385,0.3461538461538461,0.7107142857142857,0.34053156146179403,0.6363636363636364,0.4595959595959596,0.7206477732793521,0.21923076923076923,0.21794871794871792,0.5783783783783784,0.569111969111969,0.009266409266409315,3.1155949034818207,-0.14997697309580132,0.38072115384615385,0.8077163461538461,0.22804114490161,0.6127459749552773,0.3159375,0.8696428571428572,0.1710548172757475,0.6512043189368771,0.24675324675324672,0.8484848484848485,0.22714646464646462,0.7981060606060605,0.21052631578947364,0.9272267206477732,0.057596153846153846,0.6231730769230769,0.0,0.966552197802198,0.3577874661377709,0.7168929020322361,0.285869922131532,0.7572133830657303,-0.17224946806603167,0.17691119691119683,-13.29860626065569,12.884999318671335,0.530232558139535,-5.803247310936361,-24.678007603787094,-6.36311894772773,-5.556250100983437,26,14,4,-27.98795697769496,-21.36805822987923,-5.556250100983437,0.7220977055697029,5.851020272524241,0.4293333333333333
9,dom_matched,0.3817307692307692,0.5885509838998211,0.36607142857142866,0.601328903654485,0.29004329004329005,0.7777777777777779,0.40485829959514164,0.47692307692307695,0.6794871794871795,0.593050193050193,0.6015444015444016,-0.008494208494208566,-10.875288400786998,-0.2661058016702843,0.21151442307692309,0.7134855769230768,0.31480322003577826,0.738819320214669,0.16785714285714284,0.7750446428571427,0.2690614617940199,0.7675249169435215,0.10389610389610388,0.736038961038961,0.27765151515151515,0.8939393939393939,0.10921052631578945,0.8461538461538461,0.10769230769230773,0.7461538461538462,0.03703703703703709,1.0,0.40300371519096934,0.7382034632034632,0.36258848133848137,0.7582589285714285,-0.1748295454545455,0.18215663580246916,-23.821685294737055,21.781766883998554,0.4784883720930233,-9.03952963761942,-11.371787702389954,-6.793272549281656,-46.52448486584261,26,14,4,-2.59346683509548,-20.150108569684427,-46.52448486584261,-9.7624394886464,-12.147115728947682,0.5133333333333333
9,probe_strat,0.4807692307692308,0.5858676207513417,0.65,0.4352159468438538,0.4285714285714285,0.6565656565656566,0.562753036437247,0.49230769230769234,0.34615384615384615,0.3760617760617761,0.4509652509652509,-0.07490347490347482,-1.291084745861185,-0.051122996553992425,0.325,0.7548076923076923,0.30140876565295166,0.7012969588550984,0.34812499999999996,0.8571428571428571,0.20427740863787378,0.681063122923588,0.2293290043290043,0.8571428571428571,0.22727272727272724,0.8232323232323232,0.25485829959514167,0.858400809716599,0.18826923076923077,0.7156730769230768,0.0,1.0,0.22264539930555555,0.5848974867724868,0.2684538639741236,0.7145312216812609,-0.2368614551083591,0.0945509118938127,-16.06486966703445,11.488969966957914,0.5895348837209302,1.7383272009786268,-6.830814744216768,-0.9369589976570216,5.8604255454820775,26,14,7,-9.840282658902433,-3.8213468295311026,5.8604255454820775,-2.091118558664776,-0.3767603883713663,0.6446773246246931
9,probe_strat_noinit,0.5413461538461538,0.5178890876565294,0.6357142857142857,0.42857142857142855,0.5800865800865801,0.5353535353535354,0.5060728744939271,0.4923076923076924,0.3333333333333333,0.3884169884169884,0.44710424710424707,-0.05868725868725866,-0.23214521435429672,-0.04589148609229543,0.3788461538461539,0.7692307692307692,0.29780858676207517,0.6663908765652952,0.4070982142857143,0.8429017857142856,0.18928571428571428,0.6445182724252491,0.2727272727272727,0.8701298701298701,0.2321969696969697,0.7777777777777778,0.2752024291497976,0.8422064777327934,0.20759615384615387,0.6847115384615385,0.0,0.9642857142857143,0.26110677083333333,0.5928836980920315,0.24524530224607624,0.6961062669311145,-0.2078492882081038,0.1258131914381914,-12.140086546854366,10.454189054584784,0.5691860465116279,1.377947402050826,-9.744923720579546,-3.6084192114927816,5.666610601396443,26,14,7,-13.02912779631149,-6.460719644847602,5.666610601396443,-1.6716947484464835,1.4130542531796308,0.6527581580213159
9,probe_matched,0.46826923076923077,0.5178890876565295,0.5714285714285714,0.4186046511627907,0.44588744588744583,0.6262626262626263,0.4008097165991903,0.42692307692307696,0.41025641025641024,0.48571428571428565,0.5158301158301157,-0.030115830115830078,-2.72120022501431,-0.1351601947480536,0.2759375,0.7259615384615384,0.2602415026833632,0.6789355992844365,0.28741071428571424,0.7876339285714284,0.20261627906976745,0.6644518272425249,0.1948051948051948,0.7533549783549783,0.3232323232323232,0.8434343434343434,0.1538461538461538,0.7935222672064777,0.1076923076923077,0.6963461538461536,0.0357142857142857,0.8928571428571428,0.31165002893518523,0.6625483419927863,0.327039627039627,0.6952484472049689,-0.1570340401785714,0.12116562954485843,-16.7403486649572,18.170363297042055,0.4843023255813953,-4.654142918396691,20.500294084047376,23.385517417925247,-12.935199572568497,26,14,4,33.541651615096946,7.458936552997807,-12.935199572568497,0.8300834014734837,-6.7798100838575035,0.5411111111111111
9,dom_regular,0.7288461538461538,0.48658318425760283,0.7732142857142857,0.4485049833887043,0.7272727272727273,0.5656565656565656,0.7894736842105263,0.3615384615384616,0.025641025641025623,0.8154440154440155,0.7328185328185328,0.08262548262548264,0.26905141732780946,-0.12851282115841872,0.47882211538461533,0.8557692307692307,0.3112030411449016,0.6646243291592129,0.4160267857142857,0.9214732142857142,0.23417774086378737,0.6943521594684385,0.3896103896103895,0.9134199134199134,0.3026515151515151,0.8080808080808081,0.3197368421052631,0.9636639676113359,0.15000000000000002,0.6576923076923077,0.0,0.5769230769230769,0.577601007686147,0.9035135135135135,0.4546410306845004,0.9064736282809037,-0.12116621454544343,0.21033296130952372,-0.5154961323686401,1.160862188905186,0.7180232558139534,-0.1777612284686586,-2.451972313067226,0.34004711096629875,-1.8123491642452114,26,14,11,-2.1555246902030203,-2.748419935931431,-1.8123491642452114,0.05488784719035131,0.5138097831991902,
9,dom_regular_verberase,0.7961538461538461,0.4803220035778175,0.8500000000000001,0.4003322259136213,0.7012987012987013,0.6212121212121212,0.8987854251012145,0.3230769230769231,0.0769230769230769,0.7382239382239383,0.48571428571428565,0.2525096525096526,0.4013722264103428,0.06782696627532064,0.5374759615384616,0.885625,0.3245751341681574,0.6700134168157423,0.49642857142857144,0.9411160714285715,0.24252491694352157,0.707641196013289,0.3851731601731601,0.935064935064935,0.2828282828282829,0.8484848484848485,0.41295546558704455,0.9878542510121457,0.1769230769230769,0.6616346153846154,0.0,0.5948148148148146,0.5096845407196969,0.8401930501930501,0.32195923229489165,0.6546169185273609,0.06293706293706292,0.35058015169083284,-0.031040257808553306,1.0579643527302558,0.8093023255813954,-0.07395279385656568,-1.729102342900971,0.1978279122691136,-1.0036638972109422,26,14,11,-1.960607257755709,-1.4975974280462332,-1.0036638972109422,0.2671916981840011,0.5547214015261619,
9,dom_regular_rank2,0.8038461538461538,0.41681574239713776,0.8589285714285715,0.33554817275747506,0.7792207792207793,0.5303030303030303,0.8663967611336031,0.27307692307692305,0.0769230769230769,0.6633204633204633,0.5158301158301157,0.14749034749034762,0.6143901785802082,0.05155312010179046,0.5442067307692309,0.8865625,0.271891771019678,0.6064400715563506,0.5195535714285714,0.9446428571428571,0.20593853820598007,0.6295681063122923,0.41980519480519474,0.935064935064935,0.2525252525252525,0.7828282828282828,0.44929149797570844,0.9797570850202428,0.11923076923076925,0.573173076923077,0.0,0.6672619047619043,0.4427028583771329,0.7844706150297296,0.335869716663622,0.6858786439624205,-0.021622380198964,0.2609074236101762,-0.10595781320639165,2.0350959604667773,0.7383720930232558,-0.3856603795045295,-2.589666973247856,-0.10718721462522884,-1.5050811723091706,26,14,11,-3.1747391956177333,-2.004594750877978,-1.5050811723091706,0.4757933016943393,0.7727866093069157,
10,adom_matched,0.6663461538461538,0.37030411449016093,0.6732142857142857,0.37043189368770757,0.670995670995671,0.47979797979797983,0.6720647773279352,0.2576923076923077,0.11538461538461538,0.566023166023166,0.5397683397683398,0.026254826254826225,1.9015112396851443,-0.18036324880314475,0.35281250000000003,0.7788701923076923,0.25038014311270124,0.65033542039356,0.3035714285714286,0.8519196428571427,0.1810215946843854,0.6644518272425249,0.22943722943722944,0.8614718614718615,0.20202020202020204,0.8031565656565656,0.16993927125506073,0.9068825910931173,0.07692307692307696,0.6653846153846154,0.0,1.0,0.34574592074592075,0.7286579241071427,0.2210718470197869,0.7684281491312741,-0.17065934433115662,0.24557858057858054,-11.768089260748964,16.106523607986247,0.5197674418604652,-5.47036629023178,-24.28975121080134,-4.636620286544454,-10.461733876725972,26,14,4,-24.188478275825986,-24.391024145776694,-10.461733876725972,-0.559378780008579,4.713956976477971,0.4108888888888889
10,dom_matched,0.4355769230769231,0.5545617173524151,0.42500000000000004,0.56312292358804,0.3116883116883117,0.797979797979798,0.47773279352226716,0.3769230769230769,0.641025641025641,0.6185328185328185,0.637065637065637,-0.018532818532818518,12.058130920647507,-0.2884990633361517,0.23074519230769233,0.7154807692307691,0.3121422182468694,0.7370751341681574,0.19638392857142858,0.8053571428571428,0.22915282392026579,0.7741279069767442,0.11688311688311687,0.7705627705627706,0.26249999999999996,0.8838383838383838,0.12135627530364371,0.8380566801619433,0.13461538461538464,0.7616346153846153,0.013685897435897432,1.0,0.3678833912037037,0.757835441468254,0.3225121607782898,0.7907049348455598,-0.17107319078947367,0.1857057601132149,-34.76936704041215,15.89599273279722,0.47151162790697676,5.722154123501544,3.643162722734062,4.396559725704141,40.913032962665916,26,14,4,-2.919681482572417,10.20600692804054,40.913032962665916,12.014474788410302,12.108023643204314,0.49177777777777776
10,probe_strat,0.46826923076923077,0.5813953488372093,0.6375,0.40863787375415284,0.4372294372294372,0.5606060606060607,0.5222672064777327,0.573076923076923,0.3717948717948718,0.3065637065637065,0.38764478764478766,-0.08108108108108114,-0.5471324012592244,-0.04026970998050181,0.3489903846153847,0.7317548076923077,0.3237701252236136,0.6806797853309481,0.3999553571428572,0.8375446428571428,0.19098837209302327,0.6246677740863786,0.2683982683982684,0.8053030303030302,0.23737373737373735,0.7525252525252524,0.25485829959514167,0.8218623481781375,0.2422115384615385,0.7615384615384616,0.018518518518518545,1.0,0.18342590877033602,0.5552445850317367,0.19072531288475558,0.62084217382205,-0.21755263874555666,0.10649685711605206,-11.15497218756843,9.201190959042847,0.5610465116279071,2.6787590895497058,-6.41026307087069,-2.5027960887088057,10.226061706438813,26,14,7,-7.586006873674317,-5.234519268067063,10.226061706438813,-1.3957418048344192,0.4227069171124271,0.6780454925191768
10,probe_strat_noinit,0.5028846153846154,0.5447227191413238,0.6410714285714286,0.40863787375415284,0.5151515151515151,0.47474747474747475,0.43724696356275305,0.6115384615384616,0.3461538461538461,0.34980694980694976,0.4216216216216216,-0.07181467181467183,1.1451353117792207,-0.04533150603279704,0.36141826923076925,0.7538461538461538,0.30945885509839,0.6781305903398926,0.41245535714285714,0.8571428571428571,0.19767441860465118,0.6212624584717608,0.2812770562770563,0.8225108225108225,0.22727272727272727,0.74760101010101,0.22267206477732793,0.8057692307692306,0.26528846153846153,0.7807692307692308,0.0,0.9821428571428571,0.21079444679054055,0.5596324491641829,0.21785007234497594,0.6350271614040299,-0.20357744107744097,0.10080081569664906,-12.684116385117813,11.511210128399643,0.5703488372093023,1.8490281012366148,-7.519411371029738,-3.4626678359529137,6.430663263699095,26,14,7,-9.231777694469992,-5.807045047589486,6.430663263699095,-0.27656674239300705,2.7699376594046234,0.6825919343814082
10,probe_matched,0.4971153846153846,0.479427549194991,0.5892857142857143,0.39036544850498334,0.4935064935064935,0.5252525252525252,0.40485829959514164,0.4384615384615385,0.3076923076923077,0.444015444015444,0.518918918918919,-0.07490347490347493,-1.4001704996073099,-0.13520422790735084,0.2941346153846153,0.7212740384615384,0.28173076923076923,0.6763193202146689,0.2928571428571428,0.8017857142857143,0.1992940199335548,0.6661129568106312,0.22499999999999998,0.7879870129870129,0.25239898989898985,0.7981060606060605,0.15374493927125504,0.7489878542510122,0.1345192307692308,0.7154807692307692,0.0357142857142857,0.8889583333333333,0.28491836208167476,0.6585770769817073,0.2761646514935989,0.700792678502322,-0.17452750516992,0.12745230078563416,-13.423186355524297,19.822514846607195,0.48372093023255813,-0.8233547527097013,7.855931600509912,7.775983984780459,-1.5818416460228037,26,14,4,8.838218109686991,6.8736450913328335,-1.5818416460228037,-0.581402748840953,-2.3359050719117183,0.5675555555555556
10,dom_regular,0.7259615384615385,0.44722719141323797,0.7607142857142858,0.43853820598006643,0.696969696969697,0.5252525252525253,0.8016194331983806,0.31153846153846154,0.08974358974358972,0.7575289575289575,0.7057915057915057,0.05173745173745181,0.6202078394730136,-0.19654019128121197,0.5086057692307692,0.8538942307692307,0.2763640429338104,0.6146914132379246,0.43392857142857144,0.932142857142857,0.20598006644518277,0.6711794019933555,0.3851731601731601,0.9090909090909091,0.26262626262626265,0.7929292929292929,0.42105263157894735,0.9554655870445343,0.1307692307692308,0.5961538461538461,0.0,0.6663333333333329,0.5329788229788229,0.874075369075369,0.47644787644787645,0.8663766571969697,-0.09810618654368658,0.15342909573707164,-0.22253515200064622,2.4102113115993324,0.6825581395348838,-0.4553087897426155,-2.5793645234225857,0.38562299463197575,-1.6364932304701345,26,14,11,-2.228535595679941,-2.9301934511652306,-1.6364932304701345,0.35755043059383357,0.9203877353349335,
10,dom_regular_verberase,0.8173076923076923,0.43828264758497315,0.8428571428571427,0.3687707641196013,0.7489177489177489,0.5656565656565656,0.9149797570850202,0.29615384615384616,0.08974358974358976,0.7428571428571428,0.57992277992278,0.1629343629343628,0.6073016010430254,-0.0069201577988934095,0.5798076923076924,0.8952884615384614,0.3005143112701252,0.629695885509839,0.5160267857142857,0.9446874999999999,0.23255813953488375,0.6430232558139534,0.3981601731601731,0.9264069264069265,0.29292929292929293,0.8184343434343433,0.4939271255060729,0.983906882591093,0.13846153846153847,0.6270192307692307,0.0,0.6114316239316236,0.5317457246056317,0.8633247331532922,0.37962164750957844,0.7443789749345304,0.02419603183275065,0.2563811430478098,0.15652140603963988,1.5307637950037145,0.8034883720930233,-0.23965599714838345,-1.859218202261475,0.21251786571487785,-0.9336953610617926,26,14,11,-1.8400489188058065,-1.8783874857171436,-0.9336953610617926,0.45841595256300505,0.7774566278773344,
10,dom_regular_rank2,0.8317307692307693,0.3944543828264758,0.8464285714285714,0.34717607973421927,0.7965367965367965,0.4949494949494949,0.9068825910931173,0.23461538461538461,0.1282051282051282,0.6911196911196911,0.5722007722007721,0.11891891891891893,0.6399802743154994,-0.019797269706090626,0.5816826923076922,0.9048076923076923,0.27636404293381034,0.5948568872987476,0.5320982142857141,0.95,0.20751661129568105,0.6279900332225913,0.46309523809523806,0.9523809523809523,0.2422979797979798,0.74760101010101,0.4533400809716599,0.9797570850202428,0.1076923076923077,0.5807692307692307,0.0,0.6754487179487181,0.49034599034599036,0.8001543968732698,0.36045831545831547,0.7099030671296296,-0.0038855350378786983,0.23547209547209536,0.0217387547465494,1.8046571306274275,0.749418604651163,-0.45915858584599734,-2.29183396141216,-0.10646954339887321,-1.2152969967879836,26,14,11,-2.461885564903862,-2.121782357920458,-1.2152969967879836,0.4619849709745194,0.8434034781337617,
11,adom_matched,0.5634615384615385,0.39177101967799643,0.6089285714285715,0.36710963455149503,0.6796536796536797,0.40404040404040403,0.40080971659919024,0.35384615384615387,0.1282051282051282,0.4532818532818533,0.5776061776061776,-0.12432432432432433,-0.699069696078386,-0.10479521441285718,0.3124278846153846,0.7423317307692308,0.2700805008944544,0.6396019677996422,0.26602678571428573,0.8464285714285714,0.1926079734219269,0.6694767441860465,0.20779220779220778,0.8529220779220779,0.19696969696969696,0.7728535353535353,0.13350202429149796,0.8705465587044533,0.10375000000000001,0.7769230769230768,0.0,1.0,0.2769755497685185,0.6834036504036504,0.24624526515151518,0.7793360324610323,-0.25344363151099325,0.16670849420849423,-12.507012637594757,19.11029868493106,0.45697674418604645,2.384340825190005,11.031960814043487,1.2139947721899291,4.326469772815656,26,14,4,11.039832979322535,11.024088648764439,4.326469772815656,0.6289215483665582,-2.216773975444037,0.3166666666666667
11,dom_matched,0.3961538461538462,0.5608228980322003,0.3946428571428572,0.5514950166112957,0.2727272727272727,0.7070707070707071,0.4412955465587044,0.4076923076923077,0.6666666666666666,0.586100386100386,0.6756756756756757,-0.08957528957528971,-4.995595466642457,-0.2113010964473138,0.23735576923076923,0.6750961538461538,0.33450357781753126,0.7174642218246867,0.17308035714285713,0.739375,0.26578073089701,0.7675249169435215,0.12554112554112554,0.7445887445887446,0.27272727272727276,0.8535353535353535,0.11325910931174087,0.8219635627530363,0.1228846153846154,0.8153846153846153,0.0357142857142857,1.0,0.3530440889806215,0.7343979779411763,0.3598877708978328,0.8224033433135278,-0.2191323953823955,0.11956766010802469,-20.167763813517215,25.201085742749246,0.4389534883720931,-2.2509462454305744,-4.754807354452346,-2.919004762769488,-16.510544686127364,26,14,4,-3.7867333528694456,-5.722881356035246,-16.510544686127364,-5.370030787373698,-4.567669385806758,0.4886666666666667
11,probe_strat,0.6009615384615384,0.4937388193202147,0.7875000000000001,0.313953488372093,0.6406926406926408,0.494949494949495,0.5991902834008096,0.44230769230769235,0.4743589743589743,0.4378378378378378,0.5096525096525096,-0.07181467181467183,0.5746540615849859,-0.03689235371112274,0.38937499999999997,0.7683173076923077,0.26205277280858674,0.667262969588551,0.475,0.8946428571428572,0.13455149501661132,0.5764950166112957,0.2987012987012987,0.8659090909090909,0.20202020202020202,0.7224747474747474,0.30364372469635625,0.8299595141700404,0.1614423076923077,0.7576923076923077,0.038461538461538436,1.0,0.2664854817525096,0.6169199883900929,0.2787398112398113,0.6945489211309523,-0.2167392676767677,0.12758087658449974,-14.810517451272258,11.464874123238477,0.5877906976744186,0.2814281996659321,-3.817674322070453,-1.3768790642655597,8.155087466037607,26,14,7,-4.109786610857701,-3.5255620332832054,8.155087466037607,0.03901532122433324,1.1868126219971604,0.6219681780208095
11,probe_strat_noinit,0.5836538461538461,0.5098389982110911,0.7553571428571428,0.34219269102990035,0.6190476190476191,0.4949494949494949,0.5425101214574899,0.5230769230769231,0.41025641025641024,0.43320463320463315,0.5019305019305019,-0.06872586872586878,1.8118468770426317,-0.05955122058544864,0.4105528846153846,0.7682932692307693,0.2826475849731664,0.6297182468694097,0.498125,0.8929017857142857,0.1378322259136213,0.5416943521594684,0.2985930735930736,0.8484848484848484,0.2119949494949495,0.7223484848484847,0.3117408906882591,0.825910931174089,0.2153846153846154,0.723173076923077,0.024750000000000015,1.0,0.25094696969696967,0.6157895923520924,0.2951953901953902,0.7097132616487455,-0.2510959184527296,0.10490430622009568,-22.164386779006488,23.283694013390143,0.6000000000000001,0.7400260800411129,-3.9852403060929515,-1.8634590677309524,6.058998622687907,26,14,7,-5.289709815757924,-2.6807707964279794,6.058998622687907,1.134350984589986,2.5861278969885118,0.6353628009417484
11,probe_matched,0.5451923076923076,0.47674418604651164,0.6,0.43189368770764125,0.5930735930735931,0.45959595959595956,0.39271255060728744,0.4846153846153846,0.3589743589743589,0.5567567567567566,0.5752895752895753,-0.01853281853281863,-4.723333288355929,-0.11880067804690375,0.2922596153846154,0.7375240384615385,0.2665250447227191,0.6753130590339893,0.2695982142857143,0.8143303571428571,0.20427740863787375,0.6677740863787375,0.2207792207792208,0.8572510822510823,0.21199494949494954,0.7627525252525251,0.1417004048582996,0.7208502024291497,0.15384615384615385,0.7346153846153846,0.03703703703703709,0.9285714285714286,0.3412803237422323,0.6935075330586166,0.32465867465867465,0.7360181646671825,-0.184176569220675,0.14302548363095235,-22.84729585864006,18.58055786440039,0.4883720930232558,-0.4037537637022194,14.954410733311075,11.361149740924175,-6.542719894604178,26,14,4,18.5340721298712,11.37474933675095,-6.542719894604178,-3.2236457147231397,-6.437261943936259,0.5275555555555556
11,dom_regular,0.7067307692307693,0.44454382826475847,0.7035714285714286,0.45182724252491696,0.6796536796536796,0.49494949494949503,0.7651821862348177,0.3269230769230769,0.10256410256410253,0.6795366795366795,0.657915057915058,0.021621621621621512,0.9438225065010976,-0.270083869714502,0.5115144230769231,0.8481009615384615,0.2880143112701252,0.6118515205724507,0.4071428571428572,0.8964732142857142,0.2308139534883721,0.6795265780730897,0.3636363636363636,0.8874458874458875,0.2828282828282829,0.7930555555555554,0.44939271255060725,0.9554655870445344,0.12692307692307697,0.6,0.0,0.6282763532763532,0.4860328524138133,0.8279673870298869,0.4447490347490347,0.8345093795093795,-0.1062435865110925,0.1493962848297213,-0.013187782959872852,4.816612526206861,0.6593023255813952,-0.46947528218643625,-2.9094204956995835,0.5215042616579922,-1.7493419153186358,26,14,11,-2.6238991502646494,-3.1949418411345176,-1.7493419153186358,0.7096487884388858,1.2114496128579109,
11,dom_regular_verberase,0.7990384615384615,0.4212880143112701,0.8035714285714286,0.4003322259136213,0.7186147186147186,0.5050505050505051,0.8947368421052632,0.2923076923076923,0.1282051282051282,0.6741312741312742,0.4942084942084942,0.17992277992277994,0.9446371643261394,-0.09251989931790587,0.5499519230769231,0.888485576923077,0.2871198568872988,0.6127012522361359,0.47848214285714286,0.9339285714285714,0.22250830564784055,0.6445598006644518,0.39383116883116875,0.9221861471861471,0.2727272727272727,0.7676767676767676,0.5100202429149797,0.9838056680161943,0.11923076923076922,0.6077884615384616,0.0,0.6115384615384617,0.47159617003367005,0.8252743271221532,0.3240724553224553,0.6672222147793234,0.027779401425234797,0.29798966314833186,0.23987514667901774,2.8612192793435045,0.7348837209302326,-0.38560584240531776,-2.318465526625524,0.22387075112205793,-1.1882246962179128,26,14,11,-2.3536687032417665,-2.2832623500092812,-1.1882246962179128,0.7902728583386476,1.1210535140261302,
11,dom_regular_rank2,0.7999999999999999,0.39177101967799643,0.8107142857142857,0.3837209302325582,0.7662337662337662,0.48484848484848486,0.8704453441295547,0.2538461538461539,0.10256410256410253,0.6216216216216216,0.5335907335907336,0.08803088803088799,0.9808861246745035,-0.12674774584184906,0.5548076923076923,0.884639423076923,0.2736806797853309,0.5975402504472271,0.5017857142857143,0.9429017857142856,0.19767441860465118,0.6229651162790698,0.42424242424242425,0.9393939393939393,0.22714646464646468,0.7425505050505049,0.4977732793522267,0.9757085020242915,0.10384615384615387,0.5769230769230769,0.0,0.684880952380951,0.4273000219832618,0.777035217035217,0.3546198462995338,0.7042720994804329,-0.04867082252531174,0.21683256172839513,-0.03936718794037746,4.344213586610824,0.6970930232558139,-0.6321570591686558,-2.991619500407841,0.02658512210474277,-1.7526313184257798,26,14,11,-3.2857121651208985,-2.6975268356947835,-1.7526313184257798,0.7955414321667369,1.1927086303976648,
12,adom_matched,0.5663461538461539,0.36672629695885506,0.5767857142857142,0.36046511627906974,0.6796536796536797,0.3636363636363636,0.4453441295546559,0.3846153846153846,0.16666666666666666,0.44787644787644787,0.5945945945945945,-0.14671814671814665,0.28823057058318047,-0.09553813530078137,0.2865384615384616,0.7279086538461538,0.2494633273703041,0.624463327370304,0.23566964285714287,0.775,0.20095514950166113,0.6644933554817277,0.18614718614718614,0.8528138528138527,0.15643939393939396,0.7172979797979797,0.15384615384615385,0.8179149797570847,0.14211538461538464,0.7308653846153846,0.0,1.0,0.2927015261337635,0.6705660062465727,0.3150003972226194,0.7608406770676869,-0.251548065923066,0.12041985373054215,-11.288213049784725,14.368963502928649,0.41569767441860467,1.7339201094227579,7.3026993720118645,1.0064684294496964,1.5723920121705517,26,14,4,8.142624117786879,6.46277462623685,1.5723920121705517,0.7743264408952035,-0.26730756691627466,0.35244444444444445
12,dom_matched,0.3884615384615385,0.5411449016100178,0.37142857142857144,0.5681063122923588,0.3246753246753247,0.6060606060606061,0.3724696356275304,0.4653846153846154,0.5256410256410255,0.5868725868725868,0.664864864864865,-0.07799227799227815,-1.2189439571136194,-0.21787894836666524,0.22500000000000003,0.6817548076923077,0.3066636851520572,0.7039579606440072,0.16785714285714287,0.7321874999999999,0.2524501661129568,0.7558139534883721,0.13409090909090907,0.7879870129870129,0.18686868686868685,0.797979797979798,0.11325910931174087,0.7855263157894735,0.17692307692307693,0.7808653846153847,0.0,1.0,0.3551992338320464,0.7220302843754856,0.37999226006191944,0.7917999438832772,-0.21144290123456788,0.09705879438838537,-16.501924831185388,17.75972396024386,0.4145348837209302,-0.36514055201550755,1.3145513376319504,-0.005400837642077032,-4.844316436763848,26,14,4,3.344284969863764,-0.715182294599863,-4.844316436763848,-1.4296617471898068,-0.9781236255979765,0.4375555555555556
12,probe_strat,0.6788461538461539,0.3542039355992845,0.7982142857142858,0.22591362126245848,0.7142857142857143,0.4191919191919191,0.6761133603238867,0.3115384615384616,0.4230769230769231,0.3737451737451738,0.48571428571428565,-0.11196911196911186,0.8738082409353132,-0.028385583785856705,0.41442307692307695,0.8153846153846153,0.19499105545617174,0.5688953488372093,0.46424107142857146,0.9160714285714285,0.10299003322259138,0.5250415282392026,0.3203463203463204,0.8874458874458874,0.17676767676767674,0.6969696969696969,0.33178137651821854,0.8785425101214575,0.08846153846153848,0.631057692307692,0.0,1.0,0.24922833533998395,0.6097706827762722,0.25647113022113016,0.6926770358020358,-0.2509855499438832,0.1258855879689212,-21.631529206816207,23.481389378720547,0.5383720930232558,-4.784854057289771,-34.85235513292991,-11.982144514531987,17.01556241723543,26,14,7,-57.85848272296249,-11.846227542897322,17.01556241723543,0.6870767063004393,1.0872157090894548,0.6438776486671223
12,probe_strat_noinit,0.6567307692307692,0.36583184257602863,0.7839285714285714,0.24086378737541528,0.7099567099567099,0.3585858585858586,0.5870445344129555,0.4192307692307693,0.3846153846153846,0.3845559845559845,0.5057915057915057,-0.12123552123552117,4.851362801286387,-0.04110896527846932,0.4211298076923076,0.8115384615384615,0.1985688729874777,0.573412343470483,0.4856249999999999,0.9161160714285713,0.10299003322259138,0.5017026578073089,0.3506493506493507,0.8832251082251082,0.15151515151515155,0.6669191919191918,0.31983805668016196,0.834008097165992,0.1230769230769231,0.65,0.0,1.0,0.25149471916112787,0.5892233913480044,0.2801469494047619,0.7067181467181466,-0.27709727063442224,0.08971282454760027,-15.536492039798489,17.58824769210866,0.5395348837209303,-4.667538290162314,-49.2559435359608,-17.621566030767926,21.562057165644266,26,14,7,-76.99896409488385,-21.51292297703776,21.562057165644266,0.955340705993531,9.303959481621082,0.6498350168350169
12,probe_matched,0.4798076923076923,0.42844364937388196,0.46785714285714286,0.44019933554817275,0.5887445887445888,0.35858585858585856,0.33603238866396756,0.4538461538461539,0.3333333333333333,0.5783783783783784,0.654054054054054,-0.07567567567567568,-0.3436821783460485,-0.11787396778514513,0.29519230769230764,0.7038461538461539,0.23249105545617174,0.6314847942754919,0.23370535714285715,0.7482142857142857,0.19601328903654486,0.6812292358803985,0.2554112554112554,0.8138528138528138,0.161489898989899,0.6666666666666666,0.13360323886639675,0.6964574898785424,0.14980769230769228,0.7115384615384616,0.0,0.9259259259259259,0.34438709981196214,0.7097236969111969,0.42415833604365644,0.7890717572358196,-0.234542901628815,0.0718188406230202,-9.58543524360586,9.647940003770634,0.4029069767441861,0.45588400060201434,5.270859176935494,2.1142527627921326,-1.9599888304007425,26,14,4,7.252320237258112,3.2893981166128765,-1.9599888304007425,-0.0710870077743376,-0.6552195161422896,0.6315555555555556
12,dom_regular,0.6817307692307693,0.4391771019677996,0.6696428571428571,0.45016611295681064,0.6883116883116882,0.48484848484848486,0.7165991902834007,0.36923076923076925,0.08974358974358972,0.6154440154440154,0.593050193050193,0.02239382239382237,0.9495791397173825,-0.33292840755547115,0.4836538461538462,0.8250480769230768,0.2923747763864043,0.6191189624329158,0.4070982142857143,0.8875892857142857,0.22757475083056478,0.682765780730897,0.38506493506493505,0.8701298701298702,0.2626262626262626,0.7578282828282826,0.4209514170040486,0.9271255060728745,0.1461538461538462,0.5924038461538461,0.0,0.5567460317460307,0.42641284041275296,0.8159396881426779,0.3911717372134038,0.8112408810325479,-0.10335395656009348,0.14721988060894428,-2.3352490699685133,7.365802025517967,0.6197674418604651,-0.49652425351963353,-3.788079317086884,0.1409097444814889,-2.410003352022234,26,14,11,-3.6032210216927196,-3.9729376124810485,-2.410003352022234,0.6314007606272295,1.3132115729632718,
12,dom_regular_verberase,0.7576923076923077,0.43202146690518783,0.7642857142857142,0.4269102990033222,0.748917748917749,0.5,0.8299595141700404,0.3269230769230769,0.08974358974358972,0.5752895752895753,0.44787644787644787,0.12741312741312738,0.970707031655407,-0.1519929921732468,0.5307451923076923,0.8692548076923077,0.28533094812164583,0.6180679785330948,0.460625,0.9161607142857141,0.2208887043189369,0.6612126245847175,0.40248917748917745,0.9134199134199134,0.25252525252525254,0.7779040404040403,0.48582995951417,0.9717611336032388,0.13846153846153847,0.6077884615384616,0.0,0.6100274725274727,0.40530933277027026,0.8073289927569468,0.30107603279798756,0.650369978858351,0.003051265551265462,0.2921522921522921,0.06946760758643916,4.310418765352519,0.6790697674418604,-0.35976188165476164,-2.806186047136555,0.09647256817847427,-1.7389100972903946,26,14,11,-2.8477951741366634,-2.7645769201364465,-1.7389100972903946,0.7504490166975446,1.2224304773215355,
12,dom_regular_rank2,0.7413461538461538,0.41055456171735244,0.7464285714285714,0.40863787375415284,0.7532467532467533,0.47979797979797983,0.7894736842105263,0.3038461538461539,0.08974358974358972,0.5606177606177606,0.4640926640926641,0.0965250965250965,1.03163479894552,-0.18697084052601742,0.5268990384615384,0.8586778846153846,0.26200805008944544,0.60912343470483,0.45357142857142857,0.9161160714285713,0.1943106312292359,0.634593023255814,0.3981601731601731,0.9091991341991341,0.23232323232323232,0.762752525252525,0.4574898785425101,0.951417004048583,0.11538461538461539,0.5884615384615385,0.0,0.6158723522853958,0.3906681830640164,0.7637086937086937,0.30871776638933446,0.6791289341289342,-0.0278186274509804,0.22393822393822382,-3.7732683945183747,6.445226169133732,0.6494186046511627,-0.6165944335878804,-3.7340059093148392,-0.23282781630891447,-2.4526049502899165,26,14,11,-4.16314266970243,-3.304869148927248,-2.4526049502899165,0.764485968064191,1.3369477485241812,
13,adom_matched,0.5990384615384615,0.368515205724508,0.6178571428571429,0.3588039867109634,0.632034632034632,0.4343434343434343,0.5263157894736841,0.35,0.10256410256410256,0.4764478764478764,0.6193050193050192,-0.14285714285714285,-0.4017821169078478,-0.16266207848696734,0.3009615384615385,0.7596153846153846,0.25044722719141327,0.6189624329159212,0.28745535714285714,0.8321874999999999,0.18932724252491695,0.652906976744186,0.19913419913419914,0.8442640692640693,0.17676767676767677,0.7676767676767677,0.20242914979757082,0.8340080971659919,0.15769230769230771,0.6770192307692308,0.0,1.0,0.3049358989684067,0.6795404500482625,0.3319444630516914,0.8008189408189407,-0.27148251959670144,0.09533203124999995,-14.369192327154776,11.402431715293286,0.46686046511627904,5.455039712081479,26.226214935093694,2.648856342680199,11.95712631389862,26,14,4,25.874743309062982,26.577686561124402,11.95712631389862,0.9453977585228817,-1.9414162602572536,0.438
13,dom_matched,0.39615384615384613,0.5438282647584973,0.3660714285714286,0.569767441860465,0.33766233766233766,0.6212121212121212,0.3522267206477733,0.47692307692307695,0.5897435897435896,0.5922779922779923,0.6996138996138996,-0.10733590733590737,-0.9081951131395358,-0.2674673441286852,0.22682692307692312,0.7,0.3094364937388194,0.7075134168157423,0.16785714285714284,0.7375446428571427,0.2838455149501661,0.7591362126245846,0.11688311688311687,0.7879870129870129,0.22714646464646462,0.8232323232323232,0.14564777327935222,0.7246963562753036,0.19230769230769235,0.7579807692307691,0.0,1.0,0.37843116120830467,0.7125060328185329,0.4,0.8103855232100707,-0.2211069467905404,0.0733081427015251,-15.775075724549941,16.384020737841734,0.44360465116279074,-1.0313051911154347,0.3151443643197296,0.27884059896003005,-7.59299880503958,26,14,4,2.0969475209514634,-1.4666587923120042,-7.59299880503958,-1.2722693319009424,-0.4921102916979286,0.46399999999999997
13,probe_strat,0.7134615384615385,0.3175313059033989,0.8589285714285715,0.17109634551495018,0.7316017316017316,0.38383838383838387,0.6437246963562754,0.3076923076923077,0.3205128205128205,0.4386100386100386,0.39768339768339767,0.040926640926640945,3.4998650660073305,-0.030243487269560273,0.4124278846153846,0.8298798076923076,0.17529069767441863,0.5760733452593917,0.44089285714285714,0.9214285714285714,0.08803986710963456,0.521594684385382,0.2987012987012987,0.8961038961038961,0.16654040404040404,0.7626262626262627,0.31568825910931175,0.8624493927125505,0.08846153846153848,0.6153846153846154,0.0,0.9368131868131868,0.28873697331604486,0.628485183547103,0.19999222999223001,0.6375591863362513,-0.16257739938080498,0.22735168694153063,-15.409147771491035,16.691430266784547,0.5488372093023256,-3.517324634847467,-29.160942253269788,-6.938539256063225,7.4074982858749125,26,14,7,-42.49967182032531,-15.822212686214261,7.4074982858749125,3.943368771526128,2.993003688271564,0.6688542821700716
13,probe_strat_noinit,0.6567307692307692,0.38372093023255816,0.8125,0.23588039867109636,0.6753246753246753,0.404040404040404,0.562753036437247,0.41923076923076924,0.2948717948717948,0.4602316602316603,0.49652509652509647,-0.036293436293436176,4.2101046185391695,-0.03726194333188273,0.4240384615384616,0.7961778846153845,0.21822450805008947,0.5751565295169947,0.5033035714285714,0.9036160714285713,0.11125415282392027,0.4734634551495016,0.329004329004329,0.8787878787878788,0.16654040404040404,0.6970959595959595,0.3117408906882591,0.8259109311740891,0.14221153846153847,0.669326923076923,0.0,0.9285714285714286,0.2994854797979798,0.6223314048955588,0.23994984567901237,0.7027039017722246,-0.21370312090217677,0.16649212549603154,-21.848448974172133,36.281506186956044,0.558139534883721,-1.8365162382462246,-23.455925711916354,-5.779382971564679,5.33650455678048,26,14,7,-32.66303670473819,-14.248814719094518,5.33650455678048,3.2819261608924863,5.270879998706806,0.6252616895774791
13,probe_matched,0.5086538461538461,0.4203935599284436,0.5321428571428571,0.38870431893687707,0.5844155844155844,0.4292929292929293,0.39676113360323884,0.40384615384615385,0.3974358974358974,0.5675675675675675,0.6918918918918919,-0.12432432432432439,-0.6743730297787569,-0.10585720429731271,0.32009615384615386,0.709639423076923,0.2495527728085868,0.6145125223613596,0.2767857142857143,0.7857589285714285,0.1860049833887043,0.6395348837209303,0.2857142857142857,0.8139610389610389,0.19696969696969696,0.7070707070707071,0.17803643724696352,0.7246963562753036,0.1807692307692308,0.6693269230769231,0.0357142857142857,0.8928571428571429,0.35677244582043344,0.6883007812499999,0.3984027474261849,0.793843081026401,-0.2556516906516906,0.07064373897707227,-10.676201194140532,9.87595197084525,0.43953488372093025,1.129694065786862,6.953485302670213,3.2190888777469637,-3.0601050397695744,26,14,4,8.6322540014024,5.274716603938026,-3.0601050397695744,-0.5111476473763417,-0.860916323952946,0.6993333333333333
13,dom_regular,0.6884615384615383,0.46422182468694095,0.6946428571428572,0.4518272425249169,0.7229437229437229,0.5252525252525253,0.7125506072874495,0.3961538461538462,0.025641025641025623,0.555984555984556,0.538996138996139,0.01698841698841702,0.9239063294079561,-0.3130494008575013,0.5143509615384616,0.8336778846153847,0.29597495527728085,0.6297853309481216,0.44821428571428573,0.9,0.23417774086378737,0.6712624584717607,0.4069264069264069,0.9004329004329004,0.28787878787878785,0.7575757575757576,0.44534412955465585,0.9069838056680161,0.18846153846153849,0.6384615384615385,0.0,0.4459722222222221,0.3914898185447721,0.7918077238007578,0.34730509428651846,0.8080448465774981,-0.10606128191887126,0.1567433543019479,-0.20826714314672376,6.360062536616669,0.6447674418604651,-0.3234833562033459,-3.3442663456774433,0.04614303927405111,-2.5271171326049093,26,14,11,-2.872754286955568,-3.8157784043993184,-2.5271171326049093,0.6321938670600508,1.2572920006627053,
13,dom_regular_verberase,0.7451923076923076,0.4373881932021467,0.7589285714285714,0.41362126245847175,0.7662337662337662,0.4949494949494949,0.7692307692307692,0.3884615384615385,0.038461538461538436,0.5158301158301158,0.4038610038610038,0.11196911196911202,0.9966975602752951,-0.15760201877003965,0.5365384615384615,0.8644471153846154,0.2888640429338104,0.6413685152057245,0.49276785714285715,0.9357142857142857,0.20598006644518274,0.6645348837209302,0.4284632034632035,0.9308441558441559,0.27272727272727276,0.7880050505050504,0.48168016194331986,0.951417004048583,0.1768269230769231,0.6465384615384612,0.0,0.5188405797101451,0.35723048941798946,0.7587401487401487,0.2617542939765162,0.6089960478630816,-0.009343434343434358,0.2772972972972972,0.24826927924473277,3.258848811548962,0.6831395348837209,-0.32255548072075346,-2.9893660285796897,-0.039610620292407826,-2.2132805814546734,26,14,11,-2.705883657238979,-3.2728483999204006,-2.2132805814546734,0.7661140144727747,1.2602216126210333,
13,dom_regular_rank2,0.7307692307692307,0.4105545617173524,0.744642857142857,0.4003322259136212,0.7705627705627706,0.4797979797979798,0.7530364372469636,0.32307692307692315,0.025641025641025623,0.47876447876447875,0.39999999999999997,0.07876447876447878,1.0664307467462184,-0.19535302322151155,0.5047836538461539,0.8529326923076922,0.2655635062611807,0.6038237924865831,0.46602678571428574,0.9214732142857142,0.19094684385382057,0.6029900332225914,0.43279220779220773,0.9135281385281385,0.2272727272727273,0.7424242424242424,0.4574898785425101,0.9311740890688259,0.15759615384615389,0.6077884615384616,0.0,0.45929487179487166,0.3359131632738444,0.7222330729166666,0.25392298673548674,0.6370827869569018,-0.0225524475524476,0.23403276292165168,-2.8753612079562316,6.265916680256901,0.6406976744186047,-0.5923038671268901,-4.003197460517298,-0.2244394977103543,-3.250053955407272,26,14,11,-3.9171117690153285,-4.089283152019268,-3.250053955407272,0.8109526740909412,1.358405686923678,
14,adom_matched,0.6,0.35778175313059035,0.6017857142857144,0.3588039867109635,0.6623376623376623,0.41414141414141414,0.5222672064777327,0.34615384615384615,0.0769230769230769,0.46177606177606173,0.583011583011583,-0.12123552123552123,-0.32643867794080833,-0.150305448362692,0.2798076923076923,0.7163461538461537,0.2602862254025045,0.620885509838998,0.2535267857142857,0.7965178571428572,0.19593023255813952,0.6511627906976744,0.173051948051948,0.8399350649350649,0.18686868686868685,0.7425505050505049,0.2145748987854251,0.7814777327935221,0.17288461538461541,0.6847115384615384,0.0,1.0,0.29682764237451736,0.6703184792637918,0.3098937844217152,0.7976950024801587,-0.27658823683110373,0.10957209199469257,-10.329504728430681,14.007646577359633,0.43837209302325586,3.1013295872388036,12.591485898526766,0.5481482271006718,7.063476684800095,26,14,4,11.798818713047497,13.384153084006035,7.063476684800095,0.4340164418355369,-1.1955302433994888,0.39
14,dom_matched,0.3605769230769231,0.5447227191413239,0.3517857142857143,0.5514950166112956,0.303030303030303,0.5808080808080809,0.3684210526315789,0.45769230769230773,0.6410256410256411,0.6084942084942085,0.7027027027027026,-0.09420849420849409,-0.8533014875062654,-0.21755003768960102,0.21826923076923077,0.6933173076923076,0.31393112701252235,0.7102191413237925,0.17138392857142856,0.714330357142857,0.2674003322259136,0.745888704318937,0.11255411255411256,0.7748917748917749,0.2220959595959596,0.8131313131313131,0.12550607287449392,0.7369433198380565,0.18451923076923077,0.7424038461538461,0.0,1.0,0.3760813241025672,0.74359375,0.388344643958334,0.8078681527509652,-0.22324530880086443,0.08572760572760574,-11.778753483314558,16.28302881118606,0.39825581395348836,-0.37836345848733755,-0.39006044389250094,-0.10979328410484968,-4.709785088520123,26,14,4,1.141462559369487,-1.9215834471544888,-4.709785088520123,-1.1677659798640438,-0.4939134962402327,0.42088888888888887
14,probe_strat,0.639423076923077,0.3550983899821109,0.7857142857142858,0.2059800664451827,0.6320346320346321,0.4242424242424242,0.5789473684210527,0.31923076923076926,0.3333333333333333,0.42471042471042475,0.3204633204633205,0.10424710424710426,67.51469105012058,-0.027937507715859747,0.36810096153846156,0.7942307692307693,0.1869186046511628,0.6073792486583184,0.39642857142857135,0.8964732142857142,0.08961794019933556,0.5566445182724251,0.25541125541125537,0.8788961038961038,0.16666666666666669,0.7373737373737375,0.3237854251012146,0.8503036437246962,0.0960576923076923,0.6077884615384616,0.0,0.9642857142857142,0.28012432661851927,0.6254279976570998,0.16284634358985264,0.6148766966540405,-0.12449074074074079,0.28966012608590724,-16.810853520310264,21.105860113328642,0.5174418604651163,-79.77438785219054,-865.7695298267993,-159.52138101418055,212.5152101167025,26,14,7,-1180.9917100492653,-550.5473496043334,212.5152101167025,134.517681546356,-9.06015523129131,0.710019493177388
14,probe_strat_noinit,0.5807692307692308,0.40608228980322003,0.7285714285714286,0.260797342192691,0.5714285714285715,0.4545454545454546,0.5060728744939271,0.43846153846153846,0.28205128205128205,0.4054054054054054,0.37142857142857144,0.03397683397683393,-53.636769034422194,-0.03214141274192638,0.35189903846153847,0.7721634615384615,0.2163908765652952,0.5957513416815742,0.4052232142857143,0.8804017857142856,0.10959302325581396,0.5415697674418605,0.2595238095238095,0.8398268398268398,0.1717171717171717,0.7374999999999999,0.3035425101214575,0.7975708502024291,0.13067307692307695,0.6692307692307692,0.0,0.9598901098901077,0.2682844749511416,0.6060815354102167,0.17096550497866292,0.6286052489177489,-0.18650568181818172,0.22940533582073275,-33.04964896579842,32.92561273027179,0.48255813953488375,13.458470497844996,323.4158649291314,79.34369934600691,-57.28872446958505,26,14,7,406.580430275362,240.25129958290074,-57.28872446958505,-59.638471483829136,-46.77768052081427,0.5990597453229032
14,probe_matched,0.5038461538461538,0.38640429338103754,0.530357142857143,0.3538205980066445,0.5324675324675324,0.4292929292929293,0.42914979757085014,0.3730769230769231,0.3974358974358974,0.5583011583011583,0.654054054054054,-0.0957528957528957,-0.6706408414036799,-0.08164689853168926,0.30865384615384617,0.7000721153846153,0.2226744186046512,0.5966681574239713,0.2982142857142857,0.7786160714285715,0.16607142857142856,0.6146179401993356,0.24242424242424243,0.8139610389610389,0.15151515151515155,0.6767676767676768,0.16194331983805665,0.7206477732793521,0.1575,0.676923076923077,0.0357142857142857,0.9580256410256404,0.366832512521367,0.7062964527027026,0.40944103134674925,0.7841997354497355,-0.2546920657467532,0.10270061728395057,-13.231497097587056,8.545558746557171,0.3901162790697674,1.0036123602736249,4.697458415426992,2.1585189529546596,-1.5711823322694742,26,14,4,5.965582333762723,3.4293344970912605,-1.5711823322694742,-0.9639995509813453,-0.33537374474349096,0.6408888888888888
14,dom_regular,0.6865384615384615,0.43023255813953487,0.6910714285714286,0.42026578073089693,0.7229437229437229,0.4797979797979798,0.6842105263157895,0.37692307692307697,0.051282051282051246,0.5096525096525095,0.48339768339768335,0.02625482625482617,0.8953374828271711,-0.35504149314172073,0.49132211538461534,0.8259615384615385,0.2691860465116279,0.6064624329159213,0.4553125,0.9018303571428571,0.20764119601328904,0.622923588039867,0.42846320346320343,0.9090909090909091,0.24734848484848485,0.7327020202020199,0.43714574898785424,0.9109311740890689,0.16923076923076927,0.5961538461538463,0.0,0.5139652014652004,0.3760443281960061,0.7348678244454209,0.3304238144667832,0.7469377178549004,-0.10159450773411366,0.1802257322335509,-3.890672515938402,6.940144144404181,0.6075581395348837,-0.7660955396724894,-4.311446511938282,0.19025341702959594,-3.4990215039051678,26,14,11,-3.7791574819917955,-4.84373554188477,-3.4990215039051678,0.41401172286506677,1.4454240656410045,
14,dom_regular_verberase,0.7317307692307692,0.42665474060822894,0.7339285714285713,0.4102990033222592,0.7619047619047619,0.4797979797979797,0.7489878542510121,0.3961538461538462,0.025641025641025623,0.47876447876447875,0.38687258687258685,0.0918918918918919,0.948300782106201,-0.19086387285815273,0.5287980769230769,0.8596394230769231,0.2754248658318426,0.624396243291592,0.4854464285714285,0.9035714285714285,0.23081395348837205,0.6362541528239203,0.4414502164502164,0.9308441558441558,0.23232323232323235,0.7373737373737373,0.4574898785425101,0.9311740890688259,0.18846153846153846,0.6424999999999998,0.0,0.5141025641025642,0.33203101949744296,0.7001067173280795,0.25399176520270267,0.600019305019305,-0.012857514405228919,0.2285846970367093,-0.07601345469539687,5.711467532924802,0.6459302325581395,-0.5721660102636276,-3.589222318818587,0.1138214999592589,-2.9947568874286667,26,14,11,-3.1378421923864432,-4.040602445250731,-2.9947568874286667,0.5893766397689923,1.3584998019201535,
14,dom_regular_rank2,0.7278846153846154,0.4051878354203936,0.7321428571428572,0.39867109634551495,0.7705627705627706,0.46464646464646464,0.7530364372469636,0.35,0.038461538461538436,0.45250965250965247,0.3745173745173745,0.07799227799227798,1.09194894536045,-0.21488054225787628,0.5249759615384615,0.8424278846153846,0.2638640429338104,0.5814400715563506,0.47316964285714286,0.9107142857142858,0.19763289036544854,0.6212624584717608,0.4458874458874459,0.9350649350649349,0.22714646464646462,0.7171717171717171,0.43299595141700403,0.9311740890688258,0.15384615384615385,0.6076923076923076,0.0,0.4995833333333337,0.3238552807486631,0.6394787644787645,0.23592255015432095,0.5805017843364197,-0.05160445601851847,0.20612874161390596,-2.6664558179971674,5.879533093055452,0.6296511627906977,-0.8482553372740842,-4.618982465104015,-0.22215886830731538,-3.760876416849437,26,14,11,-4.510241569051749,-4.727723361156281,-3.760876416849437,0.6956699402879545,1.5448392368718742,
15,adom_matched,0.5625,0.3550983899821109,0.5732142857142857,0.34717607973421927,0.5974025974025974,0.3737373737373738,0.5222672064777327,0.33076923076923076,0.11538461538461538,0.47104247104247104,0.6602316602316602,-0.1891891891891892,0.26736441450679455,-0.16059499754029835,0.27879807692307695,0.7375240384615385,0.24861359570661895,0.6147137745974954,0.24821428571428572,0.7946428571428571,0.1909883720930233,0.6563538205980065,0.16428571428571428,0.8398268398268398,0.18181818181818182,0.7678030303030301,0.2144736842105263,0.7975708502024291,0.16923076923076924,0.6653846153846154,0.0,1.0,0.3162667191188041,0.6660248316498315,0.3364086814086814,0.8156500704156955,-0.2857979910714286,0.09116852502950429,-8.314770858631885,17.462636034777052,0.43023255813953487,2.1973540119162474,8.656188094676644,0.19198847052509724,4.4670960327251485,26,14,4,8.107774662718125,9.204601526635164,4.4670960327251485,1.0880766815896636,-0.6705924621593414,0.382
15,dom_matched,0.34807692307692306,0.5572450805008945,0.3017857142857143,0.5980066445182723,0.32900432900432897,0.5808080808080808,0.30769230769230765,0.5038461538461538,0.6794871794871795,0.5969111969111969,0.7667953667953669,-0.16988416988417,-0.5489637997980163,-0.26839029707596923,0.2153846153846154,0.6693269230769231,0.31388640429338105,0.7057245080500895,0.14285714285714285,0.701830357142857,0.26411960132890366,0.7624584717607974,0.10822510822510822,0.7923160173160173,0.20202020202020202,0.8030303030303031,0.12955465587044535,0.728744939271255,0.19990384615384618,0.7653846153846153,0.0,1.0,0.35288288288288283,0.7310661773214964,0.43793326238978414,0.8375073160535117,-0.28573114532988647,0.03784892314189189,-10.306057289405103,9.868453175450627,0.4127906976744186,-0.42267528502804314,-0.6855418907720491,-0.12489609759278004,-3.4233666602914585,26,14,4,0.3648203483119656,-1.7359041298560638,-3.4233666602914585,-0.6686888003721504,-0.4121352277132919,0.3944444444444445
15,probe_strat,0.7115384615384616,0.3130590339892665,0.8232142857142858,0.18604651162790695,0.7099567099567099,0.3939393939393939,0.6720647773279351,0.30000000000000004,0.3333333333333333,0.43938223938223936,0.3637065637065637,0.07567567567567568,3.05126271477091,-0.0159352496239474,0.3989423076923077,0.8058413461538461,0.18155187835420397,0.579628801431127,0.41241071428571424,0.8858035714285714,0.09800664451827246,0.5515365448504984,0.2854978354978355,0.8572510822510823,0.1616161616161616,0.7425505050505049,0.3602226720647773,0.8624493927125505,0.06923076923076925,0.6077884615384616,0.0,0.9999999999999999,0.29907765737874104,0.6349111530361529,0.19843629343629343,0.6675215879398937,-0.15939253647586982,0.25706831704721367,-20.096335799469344,14.859125880470623,0.5523255813953488,-12.39502204337786,-103.12005299294941,-30.65906338158918,25.121053242789277,26,14,7,-148.79844801441305,-57.44165797148576,25.121053242789277,11.499816401914588,-6.604227213393293,0.661740234424445
15,probe_strat_noinit,0.6509615384615384,0.36762075134168154,0.7357142857142858,0.26744186046511625,0.5800865800865801,0.4696969696969697,0.6396761133603238,0.3807692307692308,0.30769230769230765,0.44633204633204626,0.3459459459459459,0.10038610038610035,1.145977503005381,-0.022403478665112674,0.4009615384615385,0.7865624999999999,0.2128801431127013,0.5858676207513417,0.4320982142857143,0.8624999999999999,0.12446013289036546,0.5448920265780731,0.2813852813852814,0.8441558441558441,0.16654040404040407,0.7476010101010099,0.3115384615384615,0.8421052631578947,0.13067307692307695,0.638653846153846,0.0,0.9285714285714286,0.3018031307705221,0.6542498083513708,0.18496928212074304,0.6526956826956828,-0.14536694618725873,0.27262405262405265,-16.696093829308488,11.396788772541512,0.5273255813953488,-2.139678223852605,-32.767174412038976,-10.707902561659447,5.513500653574943,26,14,7,-46.43042707716005,-19.1039217469179,5.513500653574943,1.898123673034494,0.286381880114965,0.5539537733221944
15,probe_matched,0.48173076923076924,0.4194991055456172,0.45178571428571435,0.43189368770764125,0.5064935064935064,0.4797979797979798,0.4331983805668016,0.3576923076923077,0.3974358974358974,0.5884169884169884,0.7073359073359073,-0.11891891891891893,0.4451751341354956,-0.08642312854051616,0.2787740384615385,0.6855769230769231,0.23966905187835424,0.6324016100178892,0.23026785714285716,0.7250892857142858,0.19933554817275745,0.687749169435216,0.2380952380952381,0.7748917748917749,0.1919191919191919,0.7373737373737373,0.18218623481781374,0.7530364372469635,0.1422115384615385,0.6423076923076922,0.038461538461538436,0.8928571428571429,0.3799992493036644,0.7049073643099305,0.42947231002571556,0.8432432432432432,-0.28877283859641517,0.06540162833641079,-10.270317248372839,8.439601829711995,0.3959302325581395,0.7019598320377265,3.9425987493482526,2.115916172263804,-1.2525390573187325,26,14,4,5.596061705805695,2.28913579289081,-1.2525390573187325,0.5020042471088892,0.38022757645161687,0.6391111111111111
15,dom_regular,0.6903846153846154,0.43023255813953487,0.6982142857142858,0.41362126245847175,0.7316017316017316,0.4848484848484849,0.6923076923076923,0.3923076923076923,0.0769230769230769,0.49961389961389957,0.48725868725868726,0.012355212355212308,0.6208432142553515,-0.326441430866488,0.48653846153846153,0.8259855769230768,0.2852862254025045,0.6145125223613597,0.4606696428571429,0.8893303571428571,0.20759966777408637,0.629609634551495,0.42424242424242425,0.9177489177489178,0.2525252525252525,0.7424242424242423,0.40890688259109315,0.8949392712550607,0.18451923076923085,0.6231730769230769,0.0,0.5137235449735448,0.34564232064232064,0.7195321268237934,0.31538825757575756,0.7353964209952987,-0.13855617282474872,0.17881735418338873,-2.386852208687306,5.899625522473592,0.6133720930232558,-0.6182257199192959,-3.869779632827978,0.12728145995128853,-2.7449492532783557,26,14,11,-3.6120200744308346,-4.127539191225121,-2.7449492532783557,0.13686092214429912,1.17396583381084,
15,dom_regular_verberase,0.7288461538461538,0.43828264758497315,0.7392857142857143,0.4119601328903654,0.7619047619047619,0.5,0.7489878542510121,0.38846153846153847,0.025641025641025623,0.48108108108108105,0.3961389961389961,0.08494208494208494,0.7542229371688755,-0.13636575073588939,0.5096153846153847,0.8404086538461538,0.3031529516994634,0.6539132379248658,0.48750000000000004,0.9071428571428571,0.23081395348837208,0.6578073089700996,0.45021645021645024,0.948051948051948,0.24229797979797982,0.7929292929292929,0.44534412955465585,0.9271255060728745,0.19230769230769235,0.6694230769230768,0.0,0.4628561253561253,0.34829219198414246,0.7096889746889747,0.2708821437536608,0.5879709201388889,-0.02006749037999036,0.2444672342621259,-0.10291362483706934,2.607521756064635,0.6802325581395349,-0.32828125130522545,-3.101806943419872,0.09507054721600938,-2.2679651527002247,26,14,11,-2.870031758652829,-3.3335821281869147,-2.2679651527002247,0.45517767481930704,1.095988951282668,
15,dom_regular_rank2,0.7201923076923077,0.41502683363148474,0.7321428571428572,0.39368770764119604,0.774891774891775,0.4949494949494949,0.7327935222672064,0.3423076923076923,0.025641025641025623,0.4803088803088803,0.39845559845559847,0.08185328185328183,0.85219720823272,-0.17185325618469696,0.4979807692307692,0.8432932692307693,0.278175313059034,0.638752236135957,0.4695535714285714,0.9089285714285713,0.210921926910299,0.6428986710963456,0.41558441558441556,0.9221861471861471,0.2474747474747475,0.75770202020202,0.40880566801619433,0.9149797570850202,0.15384615384615385,0.6269230769230769,0.0,0.5837916666666658,0.3484802226617592,0.7020897832817338,0.27733475942460317,0.6146820034320034,-0.04508547008547007,0.22463362534479014,-1.1129341261662966,4.587554818541235,0.6395348837209303,-0.6086253083570257,-3.7234301022411938,-0.12372993276696335,-3.053047016563121,26,14,11,-3.6697479494855374,-3.7771122549968505,-3.053047016563121,0.5153555658460054,1.2371590852461076,
16,adom_matched,0.5576923076923077,0.3872987477638641,0.5928571428571429,0.36710963455149503,0.5714285714285714,0.4494949494949495,0.5506072874493927,0.35384615384615387,0.1282051282051282,0.4664092664092664,0.681081081081081,-0.21467181467181462,-0.1652784647028513,-0.1596788953749357,0.26718749999999997,0.7279086538461538,0.27906976744186046,0.6243515205724508,0.2553125,0.8000446428571428,0.1760797342192691,0.6462209302325581,0.17738095238095236,0.8181818181818181,0.20202020202020202,0.7374999999999998,0.2145748987854251,0.8299595141700404,0.17692307692307693,0.6769230769230768,0.0,0.9642857142857142,0.3152017161640485,0.6531289213320463,0.35041666666666665,0.8336012726138946,-0.34066149855212374,0.06258563623146961,-10.28436127531173,10.105479005746583,0.44069767441860463,2.617469248778594,8.934499757088174,-0.7724500130541728,4.750333109349984,26,14,4,8.629742341402448,9.2392571727739,4.750333109349984,0.7929440126748251,-1.2603898674201959,0.366
16,dom_matched,0.360576923076923,0.5554561717352415,0.3428571428571428,0.5730897009966777,0.33766233766233766,0.5858585858585859,0.32793522267206476,0.49615384615384617,0.6282051282051282,0.5837837837837838,0.7722007722007722,-0.1884169884169884,-0.6348843811235735,-0.2819254116208349,0.21052884615384612,0.6884615384615385,0.30766994633273703,0.7103309481216457,0.16424107142857144,0.7125446428571428,0.24248338870431893,0.7558554817275748,0.09523809523809523,0.7792207792207793,0.23232323232323232,0.8232323232323232,0.12955465587044535,0.740991902834008,0.21923076923076923,0.7346153846153847,0.0,1.0,0.35337914400414394,0.7086670274170274,0.42421638557926017,0.842276936026936,-0.301590057319224,0.03410913373589938,-12.938981809691466,11.262866637097039,0.40348837209302324,-0.3922606944153232,-0.1732194798586688,-0.17861452197868136,-3.1455904267601804,26,14,4,1.126489377136399,-1.4729283368537367,-3.1455904267601804,-0.8104906947267803,-0.43419145129133685,0.4
16,probe_strat,0.701923076923077,0.33810375670840787,0.7964285714285714,0.23588039867109636,0.6406926406926406,0.46464646464646464,0.7125506072874493,0.23076923076923078,0.3333333333333333,0.444015444015444,0.4509652509652509,-0.006949806949806903,-0.3996726968720751,-0.032439522280521355,0.39610576923076923,0.8153846153846154,0.18776833631484796,0.5787790697674418,0.40535714285714286,0.8803571428571428,0.10963455149501664,0.5697674418604651,0.25541125541125537,0.8571428571428571,0.19191919191919193,0.7627525252525251,0.36427125506072877,0.8826923076923076,0.06923076923076923,0.5884615384615385,0.0,0.9615384615384616,0.27726343810328186,0.6247013598594072,0.22159805638972302,0.7467754767754767,-0.24951424721935558,0.20790525334362134,-15.565292140730975,30.284219694508323,0.5680232558139534,-1.4706662085940145,-21.683240945689217,-6.804543035986349,4.654590255260612,26,14,7,-32.52226282040244,-10.844219070975996,4.654590255260612,1.4403877753999725,-2.5025989508972724,0.6362281714386977
16,probe_strat_noinit,0.6413461538461539,0.41055456171735244,0.7285714285714285,0.3156146179401993,0.5757575757575758,0.5555555555555556,0.6234817813765182,0.3538461538461539,0.23076923076923075,0.4548262548262548,0.444015444015444,0.010810810810810811,-1.0648625684600548,-0.04474114163365801,0.37783653846153853,0.7923076923076924,0.2200357781753131,0.616279069767442,0.39986607142857145,0.8536160714285712,0.15112126245847177,0.5932724252491691,0.23777056277056277,0.8311688311688311,0.20707070707070707,0.813131313131313,0.33997975708502026,0.8421052631578948,0.11153846153846157,0.6269230769230769,0.0,0.8171428571428573,0.27772121790217774,0.638966049382716,0.21001930501930502,0.7378581293517138,-0.2523759920634921,0.2146842762709635,-21.599914393102846,24.21852941214617,0.5633720930232557,0.00923604952785535,-18.159178181309073,-6.186498780517621,0.4797142855502339,26,14,7,-26.597736073384397,-9.720620289233747,0.4797142855502339,-0.555484601936519,-1.6470088159155245,0.5255748715222399
16,probe_matched,0.46923076923076923,0.43023255813953487,0.46964285714285714,0.4235880398671096,0.46753246753246747,0.5050505050505051,0.4493927125506072,0.3384615384615384,0.37179487179487175,0.5667953667953668,0.7065637065637065,-0.1397683397683397,0.9783783417355273,-0.09167123726457987,0.27396634615384613,0.6942548076923076,0.25760286225402507,0.6387298747763864,0.24816964285714282,0.7341071428571426,0.21926910299003322,0.6878322259136213,0.1643939393939394,0.736147186147186,0.23737373737373738,0.7676767676767677,0.18208502024291495,0.761234817813765,0.11923076923076927,0.65,0.0357142857142857,0.9504102564102561,0.36169280911377705,0.7118553272553567,0.42891252266252267,0.8585960877171815,-0.3313020833333334,0.07145926339285709,-8.603154338719731,7.910974330603805,0.40523255813953496,0.4944547308248298,3.889175315359681,1.8676277819092852,-0.8823330664285848,26,14,4,5.909979513804894,1.868371116914468,-0.8823330664285848,0.8705552191588549,1.1016047675374387,0.6311111111111112
16,dom_regular,0.7028846153846153,0.4284436493738819,0.7,0.4086378737541528,0.7489177489177489,0.46464646464646464,0.7004048582995951,0.4,0.11538461538461534,0.49961389961389957,0.477992277992278,0.021621621621621567,0.4848796704323483,-0.3147871937587915,0.5028365384615384,0.8432932692307693,0.2808139534883721,0.6074016100178891,0.45531250000000006,0.8910714285714286,0.21424418604651166,0.6146179401993355,0.4544372294372294,0.9177489177489178,0.21704545454545457,0.7122474747474746,0.41295546558704455,0.9109311740890689,0.1845192307692308,0.6192307692307693,0.0,0.6025641025641025,0.3532559107382081,0.69375,0.29897718332022033,0.7348619904356806,-0.13571911196911204,0.20285185340138906,-2.213810715819646,3.1602755345119133,0.6162790697674418,-0.6796828990680301,-3.542201713524043,0.1881092676789816,-2.336255909953819,26,14,11,-3.329956337498289,-3.7544470895497972,-2.336255909953819,0.014147104755741075,1.022859745491328,
16,dom_regular_verberase,0.7423076923076923,0.4284436493738819,0.7410714285714285,0.4152823920265781,0.7878787878787878,0.47474747474747475,0.7489878542510121,0.4192307692307693,0.0641025641025641,0.4911196911196911,0.393050193050193,0.0980694980694981,0.5033130011295893,-0.1353380406224069,0.5220673076923077,0.8615384615384615,0.2817307692307692,0.6369186046511627,0.47674107142857153,0.9071428571428571,0.2176079734219269,0.6678571428571427,0.46742424242424246,0.9351731601731601,0.2525252525252526,0.7626262626262627,0.46133603238866394,0.9271255060728745,0.18836538461538466,0.65,0.0,0.5125000000000003,0.35305879305879306,0.721439628482972,0.25959500469335245,0.6301479076479076,-0.03472490970072233,0.26031565656565664,-0.40156227408748846,2.3296244942885584,0.6738372093023256,-0.41229422026556534,-2.9992715399529173,0.1590653870858129,-2.02625618263051,26,14,11,-2.82083648334276,-3.177706596563074,-2.02625618263051,0.19335846135228593,0.8575467608750788,
16,dom_regular_rank2,0.7413461538461538,0.39713774597495527,0.7410714285714286,0.39867109634551495,0.7792207792207793,0.46464646464646464,0.7489878542510121,0.33461538461538465,0.0641025641025641,0.4741312741312741,0.39459459459459456,0.07953667953667953,0.5999047291618647,-0.17678901520052817,0.5278605769230769,0.8519230769230769,0.2521243291592129,0.5949239713774597,0.475,0.9143303571428569,0.1825996677740864,0.6296511627906975,0.4543290043290043,0.9307359307359306,0.23724747474747473,0.7474747474747475,0.44129554655870445,0.9271255060728745,0.15000000000000002,0.6076923076923076,0.0,0.6277472527472509,0.32741033266603686,0.675990675990676,0.25237929894179895,0.6395136550692107,-0.06424009697866966,0.1821091209423205,-1.0274337920660532,4.110627154967396,0.6447674418604651,-0.7686784558132395,-3.5101679436068536,-0.1958616954039382,-2.6730922131230934,26,14,11,-3.5571474906897653,-3.463188396523942,-2.6730922131230934,0.26016707659657745,0.9881763320936213,
17,adom_matched,0.5461538461538461,0.38908765652951705,0.5714285714285714,0.3687707641196013,0.5714285714285714,0.4242424242424242,0.5627530364372471,0.3730769230769231,0.10256410256410256,0.49266409266409267,0.7235521235521235,-0.23088803088803084,-0.47892131743064303,-0.2044491352434541,0.2644230769230769,0.7192548076923078,0.26565295169946335,0.6404516994633275,0.2445982142857143,0.7732589285714285,0.19422757475083058,0.6794019933554817,0.15140692640692638,0.8181818181818181,0.2018939393939394,0.7727272727272727,0.23076923076923075,0.8138663967611335,0.16913461538461544,0.6884615384615385,0.0,0.9618589743589744,0.33557725694444446,0.6648904848904849,0.35755581768091727,0.8509874159874159,-0.3451885351885352,0.05123615214854827,-7.797186735869137,8.462878269903172,0.44651162790697674,2.778500381896963,10.966236528443755,-0.8234970241557878,6.44536307790419,26,14,4,11.706686484070513,10.225786572816995,6.44536307790419,0.7021320113673798,-1.8286965503426684,0.3708888888888889
17,dom_matched,0.3605769230769231,0.556350626118068,0.3339285714285714,0.5780730897009967,0.3116883116883117,0.5555555555555556,0.3562753036437246,0.5,0.5641025641025641,0.5791505791505791,0.7613899613899614,-0.1822393822393823,-0.5621277223616911,-0.3032803892813105,0.19322115384615388,0.673125,0.3202146690518784,0.7271914132379249,0.16598214285714286,0.7037946428571425,0.28405315614617943,0.7674418604651163,0.08647186147186148,0.7533549783549783,0.25252525252525254,0.8181818181818182,0.145748987854251,0.7530364372469636,0.2153846153846154,0.7424038461538461,0.0,1.0,0.3714268854670113,0.7122268598958488,0.4288870882222146,0.851606212797619,-0.2936976410934745,0.0574627256477702,-12.048230925638343,11.359066274263796,0.4093023255813953,-0.4586881351224122,0.2533690131606833,-0.4647672374020481,-2.9893055354974494,26,14,4,2.1063344797582224,-1.5995964534368559,-2.9893055354974494,-0.7344056317047123,-0.3652386831125239,0.40800000000000003
17,probe_strat,0.6182692307692308,0.4132379248658318,0.6964285714285714,0.32392026578073085,0.5151515151515151,0.5707070707070707,0.6680161943319838,0.2961538461538461,0.34615384615384615,0.4463320463320463,0.49420849420849416,-0.04787644787644785,-0.004129498362641044,-0.023588570752593213,0.3239903846153846,0.8038701923076923,0.22086314847942753,0.6262075134168157,0.34464285714285714,0.8625446428571428,0.14451827242524917,0.6113372093023255,0.20335497835497837,0.8226190476190476,0.18674242424242424,0.7575757575757576,0.3076923076923077,0.8825910931174089,0.09990384615384616,0.6461538461538462,0.0,0.962962962962963,0.3002999150831968,0.6324514535543946,0.1998955108359133,0.7413383838383838,-0.24786324786324793,0.24158317566792792,-20.82057787216594,14.92685761828593,0.5406976744186047,-1.2169461927602552,-34.20294901588906,-8.808890198709106,12.320251309894424,26,14,7,-54.560759912017474,-13.845138119760653,12.320251309894424,1.438750853681483,-1.6531356149844971,0.6122297916508442
17,probe_strat_noinit,0.5865384615384616,0.4928443649373882,0.6267857142857143,0.43687707641196016,0.5497835497835497,0.5858585858585859,0.5668016194331984,0.47307692307692306,0.2564102564102564,0.4424710424710425,0.5436293436293437,-0.10115830115830116,-0.46755135886437676,-0.03809044658683238,0.3413221153846154,0.785673076923077,0.2512745974955277,0.654762969588551,0.3767857142857143,0.8464285714285714,0.18936877076411962,0.6461794019933554,0.2510822510822511,0.8484848484848485,0.22209595959595965,0.803030303030303,0.30364372469635625,0.8299595141700404,0.16923076923076924,0.7270192307692308,0.0,0.84,0.3006721656721657,0.6340349927849929,0.21980669032696518,0.7541657994782994,-0.2517488019454974,0.19292052469135804,-15.682713709575816,14.755537432892076,0.5912790697674419,0.8782523672223095,-11.613404117715723,-3.8293628241443485,1.4872410546773238,26,14,7,-18.184653924976217,-5.042154310455227,1.4872410546773238,-0.36255539552069893,-0.5875467455428656,0.5370610617452722
17,probe_matched,0.40961538461538466,0.4847942754919499,0.3875,0.4933554817275748,0.393939393939394,0.51010101010101,0.3765182186234818,0.42692307692307696,0.2948717948717949,0.5297297297297298,0.7166023166023167,-0.1868725868725869,0.8409679000601644,-0.10450951572387125,0.25576923076923075,0.6596153846153846,0.29870304114490165,0.6699686940966012,0.21241071428571426,0.6804017857142857,0.2590946843853821,0.6944352159468438,0.15151515151515152,0.7186147186147186,0.2727272727272727,0.7779040404040403,0.17398785425101213,0.728744939271255,0.16923076923076924,0.6885576923076923,0.0006410256410256497,0.8829610389610387,0.35492704391698204,0.6780241299736268,0.45681624758220507,0.8514211004458683,-0.3514399877719939,0.020503988199300483,-8.492802671089585,7.402262900326396,0.40406976744186046,-0.15577152466234395,3.8268180395918847,1.2670307416509983,-0.42401420159045067,26,14,4,6.2365218219807605,1.4171142572030087,-0.42401420159045067,1.169424679212326,0.4655887238862652,0.6033333333333334
17,dom_regular,0.7019230769230769,0.42486583184257604,0.6982142857142857,0.4086378737541528,0.7489177489177489,0.46464646464646464,0.6923076923076923,0.39615384615384613,0.11538461538461534,0.5034749034749035,0.48185328185328186,0.02162162162162168,0.5361102884086073,-0.3184899768682427,0.5095673076923076,0.8307692307692308,0.27991949910554564,0.5948121645796064,0.4803125,0.9036160714285714,0.19933554817275748,0.6329318936877076,0.4545454545454546,0.922077922077922,0.24242424242424243,0.7223484848484848,0.4089068825910931,0.9068825910931173,0.18067307692307696,0.6231730769230769,0.0,0.5930555555555552,0.34687107866795364,0.7027342027342027,0.2836000936000936,0.7164344054383117,-0.13592664092664097,0.21564453125,-1.4621185341076635,5.431346407764929,0.6122093023255815,-0.7343815185609854,-3.471856970648691,0.22426071577320209,-2.269684038327415,26,14,11,-3.2317512885853907,-3.711962652711991,-2.269684038327415,0.04342159864326928,1.0991830767118507,
17,dom_regular_verberase,0.7480769230769231,0.4221824686940966,0.7535714285714286,0.4069767441860465,0.7792207792207793,0.48989898989898994,0.7651821862348177,0.39230769230769236,0.0641025641025641,0.5034749034749034,0.3644787644787645,0.13899613899613894,0.55078904114534,-0.12030848798255546,0.5431490384615385,0.8548317307692307,0.2853309481216458,0.644901610017889,0.48750000000000004,0.9089285714285713,0.22093023255813954,0.654485049833887,0.41536796536796533,0.935064935064935,0.2272727272727273,0.803030303030303,0.46143724696356275,0.9191295546558703,0.18461538461538465,0.64625,0.0,0.5201210826210828,0.36028635778635776,0.7629752229752229,0.24124042624042624,0.5959942663116038,-0.00157374526515139,0.3305206322393824,-0.2819505916985463,2.9728913500318925,0.6773255813953488,-0.41315542649728015,-2.8432797030371986,0.1131720189035335,-1.8408686043789553,26,14,11,-2.6076248630726364,-3.0789345430017607,-1.8408686043789553,0.21334756932675839,0.9364364375094328,
17,dom_regular_rank2,0.7519230769230769,0.3783542039355993,0.7553571428571428,0.37707641196013286,0.7922077922077922,0.4444444444444445,0.757085020242915,0.3115384615384616,0.0769230769230769,0.47027027027027024,0.3652509652509653,0.10501930501930495,0.5813190850102876,-0.16452601201995679,0.5364663461538463,0.8663461538461539,0.24684704830053672,0.5885509838998211,0.49107142857142855,0.9232589285714285,0.19597176079734216,0.6196428571428572,0.4717532467532467,0.9438311688311688,0.2222222222222222,0.7525252525252525,0.45738866396761135,0.9312753036437246,0.14615384615384616,0.6077884615384616,0.0,0.6785714285714285,0.3390352527006172,0.6953404017857142,0.2385161600525378,0.6058221872541306,-0.04171791981136651,0.2673398067360915,-1.2221147649000865,3.9083026156503076,0.6436046511627908,-0.7838388328193255,-3.6253654088866627,-0.2806042529405511,-2.3869348665074797,26,14,11,-3.765056827145348,-3.485673990627977,-2.3869348665074797,0.1697874715287932,1.0516409289891384,
18,adom_matched,0.5480769230769231,0.38550983899821106,0.5732142857142857,0.37209302325581395,0.5497835497835497,0.4595959595959596,0.5708502024291497,0.3615384615384616,0.0641025641025641,0.4818532818532818,0.6911196911196911,-0.20926640926640927,-0.4579096101532513,-0.22193728104387098,0.25961538461538464,0.7163942307692307,0.25755813953488377,0.6315071556350627,0.2516517857142857,0.7857142857142856,0.19260797342192693,0.6462209302325581,0.1512987012987013,0.7922077922077921,0.20694444444444443,0.7474747474747474,0.23876518218623474,0.8137651821862348,0.17682692307692313,0.6885576923076923,0.0,0.962962962962963,0.3103401131465517,0.6492347798494398,0.3485933048433048,0.8599345392495547,-0.3398794022817459,0.07510522630104668,-6.918846666731588,8.577238972402093,0.43662790697674414,2.386826301250324,9.780068353829591,-0.37644073404007367,6.0730210419723,26,14,4,10.419710458230325,9.140426249428856,6.0730210419723,0.49813246272058476,-1.5505291220090645,0.37644444444444447
18,dom_matched,0.33942307692307694,0.5536672629695886,0.2982142857142857,0.5913621262458472,0.30735930735930733,0.5252525252525253,0.3360323886639676,0.5269230769230769,0.44871794871794873,0.5683397683397683,0.7606177606177607,-0.19227799227799236,-0.37971020729265176,-0.2986184854059718,0.1999278846153846,0.6856490384615382,0.3112701252236136,0.7075357781753131,0.14638392857142857,0.6982589285714286,0.2724252491694352,0.7708471760797342,0.10378787878787878,0.7619047619047619,0.22714646464646462,0.7777777777777778,0.13350202429149793,0.7530364372469635,0.2306730769230769,0.7538461538461538,0.0,1.0,0.3713533305622444,0.7233447115181699,0.40163183694530447,0.8397847934404024,-0.29131132756132755,0.08394328205875928,-7.49697954121778,7.17139533472319,0.3918604651162791,-0.30528099437184864,0.7336797399762658,-0.007084616003972884,-1.414052561126529,26,14,4,1.8999112253068582,-0.4325517453543265,-1.414052561126529,-0.6317540388577723,-0.09166011407537131,0.41355555555555557
18,probe_strat,0.614423076923077,0.41234347048300535,0.6767857142857143,0.3637873754152824,0.5108225108225108,0.5353535353535354,0.7125506072874495,0.26153846153846155,0.3846153846153846,0.4648648648648648,0.3884169884169884,0.07644787644787637,-0.6413127183402416,-0.019725703493547696,0.3681490384615385,0.7865624999999999,0.2137298747763864,0.6001788908765653,0.3427678571428571,0.8536160714285714,0.1461794019933555,0.6197259136212624,0.23365800865800868,0.8225108225108224,0.23219696969696968,0.7676767676767676,0.38836032388663966,0.8907894736842105,0.1,0.59625,0.0,0.8928571428571429,0.30633500339085407,0.642255578622766,0.16058838471377174,0.6857634708366777,-0.1764728860294118,0.30604534646739134,-16.918082524763026,17.84490418689965,0.5465116279069768,-1.0877166109103622,-21.162730050337238,-7.1467304095635305,8.233884542896822,26,14,7,-33.66129251080673,-8.664167589867743,8.233884542896822,0.3088765335275978,-1.7272432919034866,0.5922938659780765
18,probe_strat_noinit,0.5903846153846154,0.5089445438282648,0.6642857142857143,0.4219269102990033,0.5021645021645021,0.6414141414141414,0.6356275303643724,0.4115384615384616,0.28205128205128205,0.47027027027027024,0.42007722007722004,0.050193050193050204,-0.4435405547509797,-0.024500980517780997,0.37966346153846153,0.7894471153846153,0.2486583184257603,0.6556350626118068,0.3837946428571428,0.8553571428571428,0.19264950166112957,0.6512043189368771,0.21645021645021645,0.8051948051948052,0.2422979797979798,0.8282828282828282,0.33198380566801616,0.846153846153846,0.1461538461538462,0.6846153846153846,0.0,0.7857142857142857,0.29834813232924956,0.6382941862824676,0.17809752409520058,0.6718996468996468,-0.1734765624999999,0.25023605354148654,-14.436771234209822,15.928292604786948,0.6203488372093023,0.8972445898542952,-7.227214933926886,-2.719841254919259,1.475202762717541,26,14,7,-11.488132664872703,-2.9662972029810692,1.475202762717541,-0.2949186953753227,-0.6133941083231591,0.5358131186552239
18,probe_matched,0.42403846153846153,0.49016100178890876,0.40535714285714286,0.49667774086378735,0.36796536796536794,0.5555555555555556,0.43724696356275305,0.4115384615384615,0.3076923076923077,0.5220077220077219,0.6888030888030888,-0.16679536679536688,0.9115014801868192,-0.0950422011227312,0.24709134615384615,0.6702163461538462,0.28622540250447226,0.65574686940966,0.2,0.6821875,0.2556893687707642,0.7193106312292359,0.14718614718614717,0.6796536796536796,0.24734848484848485,0.7828282828282829,0.1739878542510121,0.7571862348178137,0.15769230769230771,0.6730769230769231,0.0,0.9102564102564102,0.34730509428651846,0.6783327483327484,0.3999458204334365,0.8349570105820106,-0.3344444295586469,0.08648702273702275,-12.926975468018865,9.65178767409846,0.40581395348837207,-0.19465533454786335,3.5550155847512572,1.8916723628639225,-0.19706353499895937,26,14,4,5.618273446318652,1.4917577231838628,-0.19706353499895937,0.9459513435415188,0.8721302077814478,0.5977777777777777
18,dom_regular,0.6826923076923077,0.4347048300536672,0.6857142857142857,0.41362126245847175,0.7402597402597403,0.47979797979797983,0.659919028340081,0.3923076923076923,0.12820512820512814,0.4980694980694981,0.4679536679536679,0.03011583011583019,0.523285837239153,-0.31363826879639367,0.4913461538461539,0.8221153846153846,0.2754919499105546,0.5993067978533095,0.4588839285714286,0.8946875,0.1993355481727575,0.627906976744186,0.46309523809523806,0.9047619047619048,0.23219696969696973,0.7273989898989898,0.3927125506072875,0.8907894736842105,0.19990384615384618,0.6538461538461539,0.0,0.5384615384615384,0.34400873817540484,0.6812596481555734,0.26405923471362225,0.6860708085317457,-0.13334752321981422,0.24376953124999995,-3.0143457137851875,5.162854299372043,0.6063953488372094,-0.7305104250134717,-3.499365910112215,0.34784356834185787,-2.384537492135247,26,14,11,-3.3340260066928793,-3.664705813531551,-2.384537492135247,-0.006808699767880386,1.129108165247191,
18,dom_regular_verberase,0.7413461538461539,0.42486583184257604,0.7482142857142857,0.40863787375415284,0.7705627705627706,0.4696969696969697,0.757085020242915,0.41923076923076924,0.0641025641025641,0.5189189189189188,0.35366795366795367,0.16525096525096516,0.5187081658035619,-0.10661172971135259,0.5249519230769231,0.8452163461538461,0.2826475849731664,0.6521019677996421,0.4713839285714286,0.8982142857142857,0.23251661129568107,0.6727574750830565,0.4805194805194805,0.9351731601731601,0.2321969696969697,0.7627525252525251,0.4534412955465587,0.9109311740890688,0.21153846153846156,0.6538461538461539,0.0,0.4814814814814815,0.35364978423801957,0.7605552433677434,0.23520648419059795,0.5807674499276061,0.010165512820902304,0.3726664691369969,-0.3735012687047202,3.1961015623660205,0.6680232558139535,-0.41839719302332623,-2.9023109521638517,0.15469369173472694,-1.9029842005470445,26,14,11,-2.7540426333567827,-3.0505792709709207,-1.9029842005470445,0.17451190457763105,0.9120753214903402,
18,dom_regular_rank2,0.7403846153846154,0.3872987477638641,0.7482142857142857,0.3704318936877077,0.7878787878787878,0.45959595959595956,0.7489878542510121,0.326923076923077,0.0769230769230769,0.488030888030888,0.34749034749034746,0.14054054054054055,0.6029722817391502,-0.160098563364374,0.527860576923077,0.8490384615384615,0.24505813953488376,0.5948568872987477,0.4872767857142857,0.9214285714285714,0.18936877076411962,0.6097591362126246,0.49339826839826834,0.9523809523809523,0.21717171717171718,0.707070707070707,0.4614372469635628,0.9191295546558703,0.14211538461538462,0.5924038461538461,0.0,0.617942307692307,0.32501934984520114,0.7281147387184539,0.2276344126887605,0.5722146383446693,-0.016223871393029485,0.3173382780145551,-2.5718177398487,4.467081660811796,0.6354651162790698,-0.8277648872392127,-3.5767628981216153,-0.18226157779825602,-2.435968882002827,26,14,11,-3.7810061415657845,-3.372519654677446,-2.435968882002827,0.161837822920523,1.1071259489604386,
19,adom_matched,0.5548076923076923,0.37924865831842575,0.5732142857142857,0.3621262458471761,0.5541125541125541,0.4191919191919192,0.562753036437247,0.35000000000000003,0.0641025641025641,0.48185328185328186,0.6965250965250964,-0.21467181467181456,-0.4641678985995517,-0.20008543252190292,0.25189903846153844,0.725985576923077,0.2566413237924866,0.6440295169946333,0.2357142857142857,0.7910714285714285,0.20759966777408637,0.6395348837209303,0.14696969696969697,0.8095238095238095,0.1917929292929293,0.7425505050505049,0.21457489878542507,0.7975708502024291,0.18067307692307694,0.6692307692307693,0.0,0.9426153846153843,0.3278565526961678,0.6695312419105999,0.3202070694950317,0.8436480978260869,-0.3405838408465148,0.08263443732193723,-8.888781016100884,11.966999725976619,0.4354651162790698,2.294504948620451,9.080276366290772,-0.31392579470055654,5.877318524886935,26,14,4,9.42959258619862,8.730960146382921,5.877318524886935,0.41058768202328483,-1.4638885621685076,0.35733333333333334
19,dom_matched,0.3038461538461538,0.5805008944543828,0.2714285714285714,0.606312292358804,0.2683982683982684,0.5505050505050505,0.2995951417004048,0.5384615384615384,0.4615384615384615,0.5752895752895753,0.7467181467181466,-0.17142857142857137,-0.0902827645370154,-0.27772058010709816,0.18841346153846153,0.6558653846153846,0.3166144901610018,0.7164803220035778,0.12852678571428572,0.6714285714285715,0.2955564784053157,0.777408637873754,0.09090909090909091,0.736038961038961,0.21186868686868687,0.7829545454545452,0.13765182186234817,0.7206477732793521,0.21538461538461542,0.7730769230769231,0.0,1.0,0.3768084196209196,0.7029012345679013,0.40357128720468277,0.8420686258186258,-0.30327432983682995,0.08989214982831854,-8.006807846837754,13.103409538841735,0.38895348837209304,-0.496020364144875,0.30024358919651334,0.14799717101018964,-1.6683843101009102,26,14,4,1.574198879958996,-0.9737117015659694,-1.6683843101009102,-0.4719292099295741,0.3458846016259089,0.43266666666666664
19,probe_strat,0.6048076923076923,0.44633273703041143,0.6642857142857144,0.3754152823920266,0.5108225108225108,0.5252525252525253,0.659919028340081,0.34615384615384615,0.3717948717948718,0.49652509652509647,0.29961389961389956,0.1969111969111969,-0.5686829646141448,-0.021620975583478922,0.3596153846153846,0.7750480769230769,0.24501341681574243,0.6028846153846154,0.3713392857142857,0.8466071428571428,0.16274916943521592,0.5931063122923588,0.22077922077922077,0.8096320346320345,0.22222222222222224,0.7727272727272727,0.37236842105263157,0.8785425101214573,0.12692307692307694,0.6307692307692307,0.0,0.8928571428571428,0.29212621891614804,0.6262580300665407,0.1313815986662171,0.6296996996996995,-0.1547591297591298,0.32585937499999995,-27.476745410581017,16.983370583675253,0.5453488372093024,-0.387756471017791,-22.419206041688312,-7.598033885110123,8.383105312723313,26,14,7,-34.71327793142064,-10.12513415195598,8.383105312723313,0.4776721339499048,-1.764517362973059,0.6302064251537935
19,probe_strat_noinit,0.5951923076923077,0.5232558139534884,0.6839285714285714,0.43023255813953487,0.5541125541125541,0.6313131313131313,0.6072874493927125,0.4461538461538461,0.2564102564102564,0.4741312741312741,0.3783783783783784,0.0957528957528957,-0.10114554651182865,-0.03105176009483541,0.37689903846153844,0.7837740384615383,0.2754472271914133,0.66012969588551,0.35531250000000003,0.8357142857142856,0.20431893687707642,0.6279900332225913,0.24675324675324672,0.8139610389610389,0.24229797979797982,0.7829545454545453,0.340080971659919,0.8341093117408905,0.16923076923076924,0.6961538461538462,0.0,0.8358974358974349,0.29797840188707064,0.6223734602700296,0.16278839055001845,0.658907326609923,-0.15078125000000003,0.2857586857586857,-10.226305366198055,15.613481408601826,0.6453488372093024,0.9451661502983832,-6.065051050361112,-2.212021031075765,0.925275500852293,26,14,7,-9.57510461629223,-2.554997484429995,0.925275500852293,0.014409544863474566,-0.23320850808360377,0.5437929925824664
19,probe_matched,0.42403846153846153,0.47227191413237923,0.41785714285714287,0.473421926910299,0.38961038961038963,0.5303030303030303,0.41700404858299595,0.3846153846153846,0.3333333333333333,0.5042471042471042,0.6471042471042471,-0.1428571428571429,0.503143741579715,-0.09214047903488275,0.25769230769230766,0.6481249999999998,0.28173076923076923,0.6502906976744185,0.2035267857142857,0.6875,0.24082225913621264,0.6977574750830564,0.16439393939393937,0.7143939393939394,0.2272727272727273,0.7727272727272727,0.16194331983805665,0.7246963562753036,0.15000000000000002,0.6692307692307693,0.0,0.8927579365079366,0.34222017634602875,0.6718312805221697,0.3095588235294118,0.8267336829836831,-0.3312294541396104,0.14328736640031872,-7.194276863134992,10.595744632319501,0.40116279069767435,-0.12411065619273716,3.49216706384224,2.141504060668781,-0.05147506454107005,26,14,4,5.908687647622291,1.075646480062189,-0.05147506454107005,0.47226524099059997,0.5384334565387038,0.5848888888888889
19,dom_regular,0.6807692307692308,0.4373881932021467,0.6803571428571429,0.41860465116279066,0.735930735930736,0.47474747474747475,0.6558704453441295,0.40384615384615385,0.15384615384615383,0.48571428571428565,0.46486486486486484,0.02084942084942082,0.7391388745267766,-0.32241851283907336,0.5259375000000001,0.8250240384615385,0.29154740608228985,0.5912343470483005,0.47129464285714284,0.8964285714285715,0.20764119601328904,0.634593023255814,0.4758658008658009,0.9135281385281385,0.21717171717171715,0.692171717171717,0.44534412955465585,0.8785425101214575,0.21923076923076923,0.6116346153846153,0.0,0.5172222222222221,0.33951298701298704,0.6576248010705569,0.2697828856168746,0.6946775446775446,-0.15318472377295908,0.21994543650793646,-3.0290906727165794,4.611423038983921,0.6052325581395348,-0.7946929978098387,-3.3817579021486734,0.416258726760713,-2.60470894674082,26,14,11,-2.913004428486458,-3.8505113758108886,-2.60470894674082,0.14960959745085378,1.4128866197564023,
19,dom_regular_verberase,0.7403846153846154,0.4203935599284436,0.7374999999999999,0.4086378737541528,0.7835497835497836,0.47474747474747475,0.7408906882591093,0.3961538461538462,0.08974358974358976,0.5096525096525096,0.3428571428571429,0.16679536679536672,0.6826878485965879,-0.12705334923714984,0.5229807692307692,0.8558173076923077,0.2754695885509839,0.627906976744186,0.4963392857142857,0.9089285714285713,0.214202657807309,0.6481312292358802,0.4675324675324675,0.935064935064935,0.23232323232323232,0.7273989898989898,0.4533400809716599,0.9272267206477732,0.20759615384615387,0.6538461538461539,0.0,0.5167592592592591,0.3553976176697531,0.7522313126487987,0.22855080765265207,0.5625868055555555,0.0007544596786082847,0.36204318448883666,-0.26719774955535974,3.605542243013459,0.6622093023255814,-0.5526461053691054,-2.9496037943632754,0.18620411573530601,-2.2195678367095386,26,14,11,-2.508298834232504,-3.390908754494047,-2.2195678367095386,0.26208755257863053,1.1633739011885393,
19,dom_regular_rank2,0.726923076923077,0.38998211091234347,0.7339285714285715,0.38205980066445183,0.7705627705627706,0.43434343434343436,0.7368421052631579,0.35769230769230775,0.08974358974358972,0.47799227799227795,0.33667953667953665,0.1413127413127413,0.8068386566084067,-0.183419257215336,0.5422836538461538,0.8615865384615384,0.2459749552772809,0.5697898032200357,0.4928571428571429,0.9214732142857143,0.18106312292358803,0.5996677740863787,0.4847402597402597,0.9395021645021644,0.19696969696969696,0.6818181818181819,0.473582995951417,0.9190283400809717,0.14615384615384616,0.5884615384615385,0.0,0.6203703703703707,0.3328026348699867,0.7284846347118192,0.2110344268241593,0.557310242217363,-0.029457720588235245,0.3367257222946078,-3.6551188989368457,5.611869927131462,0.625,-0.9906044767076796,-3.6709773867009377,-0.08033829290834342,-2.844688610261453,26,14,11,-3.563650850336842,-3.778303923065034,-2.844688610261453,0.26413846229811166,1.4270674501058866,
20,adom_matched,0.5346153846153846,0.4025044722719141,0.5535714285714286,0.3903654485049834,0.5324675324675325,0.43434343434343425,0.5465587044534412,0.3769230769230769,0.08974358974358972,0.5065637065637065,0.7474903474903475,-0.24092664092664096,-0.34743048364887325,-0.2364314595787116,0.2748798076923077,0.7125480769230769,0.2844141323792486,0.6404516994633274,0.24107142857142858,0.7607589285714285,0.23754152823920266,0.6529485049833886,0.1515151515151515,0.7966450216450217,0.19684343434343438,0.7272727272727272,0.25506072874493924,0.8056680161943319,0.20759615384615387,0.6769230769230768,0.0,0.9222027972027971,0.3366795366795367,0.6664575212169438,0.38850308402165984,0.8701824576332837,-0.35568547172926923,0.07131767668080878,-11.031071333102728,9.996706169065968,0.4447674418604651,2.1405957290698936,8.596822025633418,-0.997082731064045,6.670069918246806,26,14,4,8.807832098650946,8.38581195261589,6.670069918246806,0.6696314842086695,-1.5097870183432076,0.3413333333333334
20,dom_matched,0.29134615384615387,0.6046511627906976,0.2839285714285714,0.627906976744186,0.2251082251082251,0.606060606060606,0.30769230769230765,0.5576923076923077,0.6282051282051282,0.5976833976833977,0.7405405405405405,-0.1428571428571428,-0.03628124234033194,-0.3031676540671135,0.17305288461538465,0.6231009615384615,0.3245527728085868,0.7352638640429338,0.14821428571428574,0.6483035714285713,0.317234219269103,0.789078073089701,0.07781385281385282,0.6797619047619047,0.2828282828282828,0.8082070707070707,0.13360323886639675,0.6883603238866395,0.2692307692307692,0.7617307692307691,0.0,1.0,0.3768146718146719,0.7063027723050942,0.4212435134310134,0.8407232042648709,-0.29448449337121213,0.08951084739342012,-8.261057543867382,5.805824788349629,0.40755813953488373,-0.9114840037371399,-1.0569221244788516,-0.2675902544748725,-2.223168181952495,26,14,4,-0.06513241019356877,-2.0487118387641345,-2.223168181952495,-0.4069393718599504,0.38732804853923214,0.4437777777777777
20,probe_strat,0.6451923076923077,0.4373881932021467,0.7124999999999999,0.3687707641196013,0.5541125541125541,0.5303030303030303,0.7206477732793521,0.31923076923076926,0.3974358974358974,0.48957528957528956,0.3606177606177605,0.12895752895752904,-0.5873652336553195,-0.0273454384226872,0.3672836538461538,0.7789182692307691,0.24769677996422185,0.6046958855098389,0.38732142857142865,0.8571874999999999,0.1611295681063123,0.5847591362126245,0.2207792207792208,0.7965367965367965,0.23232323232323232,0.75770202020202,0.3885627530364373,0.8906882591093117,0.11923076923076924,0.6307692307692307,0.0,0.9259259259259259,0.30561145510835913,0.6548568111455108,0.18562843997248027,0.6796535257061572,-0.17804433826887714,0.2687959126595185,-15.113244352727483,16.36814554578243,0.5837209302325582,-0.3146211829175536,-10.26392068451699,-4.529951074478635,5.130984646133163,26,14,7,-16.50850591712717,-4.019335451906808,5.130984646133163,0.015129096052462154,-1.2759301818927835,0.6168022581706791
20,probe_strat_noinit,0.6240384615384615,0.5044722719141324,0.7107142857142857,0.4186046511627907,0.5108225108225108,0.601010101010101,0.6720647773279352,0.4346153846153846,0.2692307692307692,0.4934362934362934,0.5142857142857142,-0.02084942084942082,0.018273120703727302,-0.04415178828758408,0.36730769230769234,0.7789903846153845,0.29338103756708406,0.6727191413237925,0.39986607142857145,0.8590178571428572,0.1943106312292359,0.6264534883720928,0.237987012987013,0.8268398268398268,0.2574494949494949,0.8131313131313131,0.3926113360323887,0.854251012145749,0.18067307692307694,0.673076923076923,0.0,0.7857142857142857,0.3119628529198842,0.6492615010642415,0.21526692708333334,0.727049617049617,-0.2194144990855518,0.22457431457431454,-10.611070997269307,9.93969596920328,0.65,0.7032373988923114,-4.550227325593141,-1.803301327407149,0.5665727940994976,26,14,7,-7.026571907521861,-2.0738827436644223,0.5665727940994976,0.11963378280699133,-0.09756763598571729,0.5188999772157668
20,probe_matched,0.4355769230769231,0.48479427549194987,0.43214285714285716,0.4817275747508305,0.3593073593073593,0.5656565656565656,0.46963562753036436,0.3923076923076923,0.3333333333333333,0.5528957528957529,0.7436293436293436,-0.19073359073359075,0.7300223238718464,-0.1014027962396882,0.24132211538461537,0.6414663461538461,0.31124776386404296,0.6592128801431126,0.21236607142857145,0.6875892857142857,0.2806893687707641,0.707765780730897,0.13852813852813856,0.6796536796536796,0.2573232323232323,0.7979797979797979,0.19827935222672058,0.7490890688259109,0.18057692307692308,0.676923076923077,0.021256038647342993,0.8846153846153846,0.38489946288085897,0.699717983684702,0.4125266335227273,0.8502675890175889,-0.33675393815990123,0.10291159457826114,-10.169795353007625,12.738181891483759,0.41802325581395344,-0.3188879437409476,3.4113182804188926,2.3047569570686908,-0.008109985338232326,26,14,4,6.21282993003102,0.6098066308067649,-0.008109985338232326,0.6543779891808271,0.8164729920901544,0.5664444444444444
20,dom_regular,0.6990384615384615,0.4400715563506261,0.7125,0.420265780730897,0.7359307359307359,0.4797979797979798,0.6923076923076923,0.41538461538461535,0.11538461538461538,0.5343629343629344,0.549034749034749,-0.014671814671814665,0.6557658639805378,-0.23249511829374683,0.5403125,0.8596153846153846,0.28166368515205725,0.6182021466905187,0.5124553571428571,0.9017857142857143,0.22080564784053158,0.6180647840531561,0.48474025974025975,0.922077922077922,0.2525252525252525,0.7373737373737373,0.4574898785425101,0.8988866396761132,0.21144230769230773,0.6423076923076924,0.0,0.48029629629629617,0.39994582043343657,0.7461447338537122,0.3523677248677249,0.7933749267843694,-0.19771422295803104,0.17367142871286148,-0.2216458367461405,3.641808536304296,0.6488372093023256,-0.5089411358356059,-2.5335738193987547,0.5069926252894159,-2.1382264681878023,26,14,11,-2.162034774946411,-2.9051128638510986,-2.1382264681878023,0.18849923276748914,1.1897848710811652,
20,dom_regular_verberase,0.7875000000000001,0.44722719141323786,0.7678571428571429,0.4451827242524917,0.8441558441558441,0.4949494949494949,0.7692307692307692,0.4538461538461539,0.051282051282051246,0.6131274131274131,0.383011583011583,0.23011583011583014,0.5093647071476296,-0.016658135963150005,0.5442067307692308,0.8778846153846154,0.2969364937388193,0.6664355992844365,0.4678125,0.9054017857142856,0.24252491694352163,0.7127906976744184,0.5063852813852814,0.9567099567099566,0.22727272727272727,0.7577020202020202,0.4857287449392712,0.9190283400809717,0.2460576923076923,0.7384615384615385,0.0,0.3914583333333333,0.4019458527117941,0.8080936316287879,0.25957127685228715,0.5960496830311072,0.019644013212069794,0.3947422692702,-0.13077846948586636,1.8593328181956357,0.7412790697674418,-0.2901162113080882,-2.330657082973169,0.2964942872029444,-1.8524491019100107,26,14,11,-2.0732165962728093,-2.5880975696735296,-1.8524491019100107,0.24179512623859006,0.8151585139008178,
20,dom_regular_rank2,0.7423076923076923,0.3819320214669052,0.7464285714285714,0.36544850498338866,0.7965367965367965,0.42424242424242425,0.7449392712550607,0.3576923076923077,0.0641025641025641,0.5057915057915058,0.3760617760617761,0.12972972972972968,0.7777573978228588,-0.11162951048859202,0.5479807692307692,0.8682692307692308,0.2459525939177102,0.5805008944543828,0.5071428571428571,0.9178571428571428,0.20095514950166113,0.6046511627906976,0.5107142857142858,0.948051948051948,0.20202020202020202,0.7222222222222222,0.46153846153846156,0.923076923076923,0.18076923076923077,0.6153846153846154,0.0,0.5357829670329669,0.33561261712323864,0.7499070046102924,0.24601521164021165,0.603968253968254,-0.04094594594594596,0.31893848971946215,-1.0486015712753056,4.593382280919464,0.6465116279069767,-0.8684492159023967,-3.4560494043179384,-0.10104113769932732,-2.8777571682030594,26,14,11,-3.5186585357540214,-3.393440272881855,-2.8777571682030594,0.2795854201179663,1.3470968009141646,
21,adom_matched,0.5307692307692308,0.4186046511627907,0.5499999999999999,0.4119601328903654,0.5367965367965368,0.4444444444444444,0.5182186234817814,0.38846153846153847,0.08974358974358972,0.5189189189189188,0.7459459459459459,-0.22702702702702704,-0.4867705407493321,-0.2646651633579747,0.2576923076923077,0.7010096153846154,0.2843694096601073,0.6261180679785331,0.22678571428571426,0.7607589285714285,0.23745847176079735,0.6694352159468439,0.1601731601731602,0.7878787878787878,0.20707070707070704,0.7373737373737373,0.23066801619433197,0.7813765182186234,0.21923076923076923,0.6730769230769231,0.0,0.9487179487179487,0.36045337545337547,0.6818541634292409,0.3996847937920527,0.8568503475969044,-0.332530864197531,0.07418771450021444,-8.53688997172999,12.073216583388346,0.45348837209302323,2.8716664893759125,12.429502616759287,-2.341274841036624,9.21372483119279,26,14,4,12.878217109315553,11.980788124203022,9.21372483119279,1.0390162570654917,-2.2305268811091308,0.38933333333333336
21,dom_matched,0.30192307692307696,0.5992844364937389,0.28035714285714286,0.6179401993355482,0.23809523809523808,0.5858585858585859,0.3157894736842105,0.5423076923076924,0.5769230769230769,0.6007722007722006,0.7521235521235521,-0.15135135135135147,0.06632331923223911,-0.3039021533716142,0.18745192307692307,0.6279567307692306,0.3586314847942755,0.7209749552772808,0.14464285714285713,0.6482589285714285,0.33048172757475086,0.7707641196013288,0.08647186147186148,0.7058441558441557,0.25744949494949493,0.8333333333333334,0.1417004048582996,0.7044534412955464,0.23461538461538464,0.7692307692307692,0.008500000000000021,0.9914999999999997,0.4055701552825078,0.7171717171717171,0.4304132244951482,0.8463456201737453,-0.29663175676498604,0.060980094789111816,-14.067225256178771,9.262285006894782,0.4226744186046512,-0.9389092563671863,-0.9751313472781926,-0.4828542209737348,-2.1020455025593416,26,14,4,-0.14676393980793875,-1.8034987547484465,-2.1020455025593416,-0.3035496510264641,0.48903528524218565,0.43577777777777776
21,probe_strat,0.6490384615384616,0.46332737030411447,0.6767857142857143,0.4086378737541528,0.5757575757575757,0.5202020202020201,0.7206477732793521,0.3730769230769231,0.3974358974358974,0.5552123552123552,0.4123552123552124,0.14285714285714285,-0.7004167603210253,-0.015276187641824632,0.33649038461538466,0.7884615384615384,0.2674418604651163,0.6511851520572451,0.3838392857142857,0.8607142857142857,0.1943106312292359,0.6279069767441859,0.21634199134199134,0.8311688311688311,0.196969696969697,0.7626262626262627,0.3643724696356275,0.8825910931174088,0.16538461538461538,0.6577884615384615,0.0,0.9285714285714286,0.35985475522445826,0.6788038807272553,0.20154119669855308,0.727830100403752,-0.1986219174725367,0.2695072739368569,-15.899293091152762,14.677644895166145,0.602906976744186,0.0051464662628947135,-5.206666445233463,-1.5303019162430467,2.5037760139307275,26,14,7,-8.884848432693575,-1.5284844577733507,2.5037760139307275,-0.19781721685697007,-1.2748162385656598,0.5566473506999823
21,probe_strat_noinit,0.6278846153846154,0.537567084078712,0.6964285714285714,0.4451827242524917,0.5670995670995671,0.601010101010101,0.6477732793522266,0.4884615384615385,0.21794871794871795,0.5629343629343628,0.5351351351351351,0.02779922779922772,-0.016369332754931368,-0.025655663784530484,0.37016826923076923,0.7740625,0.3031976744186046,0.6815966010733453,0.4088392857142857,0.8429464285714285,0.22753322259136213,0.6578073089700996,0.2553030303030303,0.8441558441558441,0.2220959595959596,0.7979797979797979,0.3481781376518218,0.8462550607287449,0.2,0.7192307692307692,0.0,0.8141025641025639,0.36053782553782554,0.6810897960897961,0.25324351324351324,0.7754480704480704,-0.24011769480519476,0.22150793650793643,-10.47892811214787,5.988500874271434,0.672093023255814,0.6404021932138557,-3.8049545258264055,-1.056542623617787,0.2336165983126193,26,14,7,-5.90883207530228,-1.701076976350531,0.2336165983126193,0.12091044448537452,-0.17326050674385238,0.5208119541277436
21,probe_matched,0.4307692307692308,0.5080500894454383,0.4357142857142857,0.49667774086378735,0.4155844155844156,0.5555555555555556,0.4574898785425101,0.4307692307692308,0.3333333333333333,0.5652509652509652,0.7374517374517374,-0.17220077220077223,0.5480888859247174,-0.09018631056969949,0.2403605769230769,0.6462019230769229,0.3237254025044723,0.691525044722719,0.20174107142857142,0.6894196428571429,0.27740863787375414,0.7192691029900332,0.13419913419913418,0.6623376623376623,0.2625,0.803030303030303,0.17803643724696355,0.7490890688259108,0.2152884615384615,0.7,0.014583333333333339,0.888888888888889,0.39766749766749776,0.7024278499278499,0.41614734528880326,0.8539682539682539,-0.3186307519640853,0.12753866199589878,-12.436366289912298,20.522160763521235,0.4372093023255814,-0.6189860659978244,3.986670286965394,1.4252720837026498,-0.48068212193692966,26,14,4,8.017227428392326,-0.04388685446153865,-0.48068212193692966,0.783293982172472,0.27928306164156924,0.5688888888888889
21,dom_regular,0.6961538461538461,0.4355992844364937,0.7160714285714286,0.41694352159468434,0.7186147186147187,0.4696969696969697,0.7044534412955465,0.40384615384615385,0.141025641025641,0.5235521235521235,0.5397683397683397,-0.01621621621621616,0.7799967998028692,-0.24460231229312407,0.5306971153846154,0.8394471153846153,0.2906529516994634,0.6297853309481216,0.49642857142857144,0.8964285714285715,0.23911960132890364,0.6329734219269102,0.4675324675324676,0.9177489177489176,0.25252525252525254,0.7272727272727272,0.45738866396761135,0.915080971659919,0.20769230769230773,0.6617307692307691,0.0,0.5,0.3829849045474045,0.7343967181467181,0.33198841698841697,0.811221590909091,-0.2035792623322127,0.1876640926640926,-0.11515777111589619,4.024103994232401,0.638953488372093,-0.5625378513375507,-2.61745505351395,0.4796429790606142,-2.017275926060797,26,14,11,-2.197950525501346,-3.0369595815265535,-2.017275926060797,0.32342127210632554,1.3017974028846333,
21,dom_regular_verberase,0.7961538461538462,0.4400715563506261,0.7678571428571429,0.4418604651162791,0.8484848484848484,0.4393939393939394,0.7813765182186234,0.4653846153846154,0.07692307692307694,0.62007722007722,0.38996138996138996,0.23011583011583003,0.6489975068303556,0.0001657147639782347,0.5479326923076924,0.8847355769230768,0.3121422182468694,0.6672853309481216,0.48214285714285715,0.9000446428571428,0.25905315614617946,0.717607973421927,0.5238095238095237,0.9567099567099567,0.20707070707070707,0.7323232323232323,0.47358299595141695,0.9271255060728745,0.23461538461538467,0.7539423076923077,0.0,0.4642857142857143,0.39257262276039995,0.8015444015444015,0.2432186637101498,0.6055952380952381,0.03844804092321577,0.3814956425153793,0.024975285270887347,2.084139584032579,0.7406976744186046,-0.3329443908619868,-2.264621846315464,0.340510725206361,-1.6697925593275083,26,14,11,-1.911359803923632,-2.6178838887072957,-1.6697925593275083,0.43431940235729527,0.8943439119424247,
21,dom_regular_rank2,0.7461538461538462,0.3819320214669052,0.7482142857142857,0.3687707641196013,0.7922077922077922,0.41919191919191917,0.7449392712550607,0.36153846153846153,0.08974358974358972,0.5065637065637065,0.3691119691119691,0.13745173745173744,0.8157164812286236,-0.11031376751156008,0.5326923076923077,0.8673798076923076,0.24682468694096601,0.576923076923077,0.4803571428571428,0.9125,0.1943521594684385,0.6163621262458471,0.4805194805194805,0.9481601731601731,0.19696969696969696,0.7021464646464645,0.4817813765182186,0.9190283400809716,0.16538461538461538,0.6346153846153846,0.0,0.5384615384615384,0.3498295399574303,0.7545462217110208,0.24047251616696064,0.603931171330552,-0.04245756172839519,0.3366795366795367,-2.037923707540237,5.548208481087847,0.6476744186046511,-0.9734892924496297,-3.5562578130602898,-0.13243581596335452,-2.831272513992154,26,14,11,-3.3825954450345,-3.7299201810860794,-2.831272513992154,0.33316732160304646,1.3672012350864258,
22,adom_matched,0.5192307692307693,0.41681574239713776,0.5357142857142858,0.4053156146179402,0.5281385281385281,0.4292929292929293,0.5020242914979757,0.3807692307692308,0.141025641025641,0.5235521235521235,0.728957528957529,-0.20540540540540542,0.07057265755635107,-0.25318956708741763,0.2547836538461538,0.7000480769230769,0.2897808586762075,0.6520572450805009,0.2124107142857143,0.7394196428571428,0.25228405315614616,0.6694767441860465,0.1384199134199134,0.7836580086580086,0.22714646464646462,0.7374999999999998,0.22672064777327933,0.7530364372469636,0.2153846153846154,0.6884615384615385,0.0,0.9611923076923077,0.33918935948206197,0.6774768518518518,0.3697952497952498,0.8570872741389045,-0.32340738423028775,0.07965250965250954,-8.147405673401572,7.257967686912593,0.44069767441860463,2.0070191516795224,7.375856725773565,-1.8901471436364192,6.1505541219862785,26,14,4,6.778337907162985,7.973375544384146,6.1505541219862785,1.1132311009816085,-1.1210369920725147,0.30622222222222223
22,dom_matched,0.30480769230769234,0.5930232558139535,0.28571428571428575,0.6046511627906976,0.2510822510822511,0.601010101010101,0.32793522267206476,0.5384615384615384,0.5897435897435896,0.5806949806949806,0.7104247104247103,-0.12972972972972974,0.49809334339248124,-0.27348023026974055,0.19036057692307692,0.6386057692307691,0.34874776386404294,0.725402504472272,0.13035714285714287,0.6661607142857143,0.32882059800664454,0.7724252491694353,0.08225108225108226,0.7014069264069264,0.2828282828282828,0.8181818181818181,0.1375506072874494,0.6641700404858296,0.28076923076923077,0.7769230769230768,0.03969230769230772,0.962962962962963,0.3833088235294118,0.7045685342850591,0.40235042735042736,0.830514222136223,-0.2656911854357674,0.09174915174915177,-10.452530204896837,9.78891396515458,0.4238372093023256,-0.8654350598648153,-1.1721023698672834,-0.677704177168711,-1.992693053916952,26,14,4,-0.7829992573231982,-1.5612054824113686,-1.992693053916952,0.17497947146570852,0.8673663398802216,0.38711111111111113
22,probe_strat,0.6509615384615385,0.43202146690518783,0.6892857142857143,0.38372093023255816,0.5887445887445887,0.48484848484848486,0.7327935222672064,0.35769230769230775,0.3974358974358974,0.48494208494208496,0.41389961389961394,0.07104247104247102,-0.910756315727808,-0.021800109179047622,0.38843750000000005,0.808701923076923,0.22629695885509843,0.6109570661896243,0.3856696428571429,0.8625446428571429,0.17109634551495015,0.5830564784053155,0.24231601731601726,0.8484848484848485,0.20202020202020202,0.7425505050505049,0.4047570850202429,0.8947368421052632,0.11144230769230772,0.6384615384615384,0.0,1.0,0.3217715495449563,0.6591905812044144,0.20613584325433754,0.7141869436919502,-0.19372405372405369,0.2554458851333852,-15.436905606604075,20.287551500781614,0.6000000000000001,-0.911446249790632,-7.927136157423581,-1.3548990884309047,4.662312682374867,26,14,7,-13.048130101967345,-2.8061422128798155,4.662312682374867,-0.22034130260152351,-1.6998020450149904,0.5684624693045747
22,probe_strat_noinit,0.6461538461538461,0.5080500894454383,0.7017857142857142,0.4335548172757474,0.6060606060606061,0.6212121212121213,0.6356275303643725,0.4615384615384615,0.3205128205128205,0.5305019305019305,0.5042471042471042,0.026254826254826336,-0.21589218868903587,-0.02829376888019166,0.39790865384615387,0.7942307692307693,0.28349731663685157,0.6556350626118067,0.41767857142857145,0.8607142857142857,0.19435215946843853,0.6313122923588039,0.2727272727272727,0.8311688311688311,0.26262626262626265,0.8183080808080808,0.3643724696356275,0.854251012145749,0.19230769230769235,0.6846153846153846,0.0,0.8928571428571429,0.32575037584884503,0.6539189083711112,0.2510030864197531,0.7400344623392437,-0.21239382239382257,0.22151061776061767,-10.013532990446162,12.83060700019131,0.6593023255813955,0.3284793222142059,-4.4006339803266945,-0.8246688293285133,1.6174159632254632,26,14,7,-7.017320942248342,-1.7839470184050465,1.6174159632254632,-0.14006350434364867,-0.30255354222662134,0.48569350143034357
22,probe_matched,0.4346153846153846,0.5026833631484794,0.43392857142857144,0.5033222591362125,0.38095238095238093,0.5404040404040404,0.4898785425101214,0.43461538461538457,0.3974358974358974,0.5714285714285714,0.6833976833976835,-0.11196911196911208,1.7852769477663555,-0.09067647283719732,0.24608173076923076,0.6423798076923075,0.31393112701252235,0.6708631484794276,0.2017857142857143,0.6716517857142855,0.28733388704318935,0.7292774086378737,0.15584415584415584,0.6709956709956709,0.27260101010101007,0.7881313131313129,0.1902834008097166,0.7369433198380566,0.2,0.6924999999999998,0.03703703703703709,0.8928571428571428,0.405950024114992,0.7065830115830115,0.399170524691358,0.8220081872461903,-0.2735221354166667,0.12896501488219758,-10.979290906297852,15.040429359568614,0.413953488372093,-0.10775941854825652,2.8789928707489163,0.7951402880384055,-1.3865960050682482,26,14,4,5.127176487164511,0.630809254333322,-1.3865960050682482,1.5991376323519728,1.998007593954222,0.5073333333333334
22,dom_regular,0.6875000000000001,0.43917710196779963,0.7035714285714286,0.42026578073089704,0.7142857142857143,0.4747474747474747,0.6923076923076923,0.4153846153846154,0.21794871794871798,0.5312741312741313,0.5598455598455598,-0.02857142857142858,0.8045437548950913,-0.27712282070421923,0.5297836538461538,0.8336778846153846,0.2933363148479428,0.6064624329159213,0.5195982142857142,0.8964732142857142,0.20764119601328904,0.6130398671096345,0.45454545454545453,0.9134199134199134,0.2321969696969697,0.7272727272727273,0.4574898785425101,0.8947368421052632,0.22682692307692306,0.6538461538461539,0.0,0.6082738095238095,0.370619837550952,0.7274418039484917,0.3406951974313642,0.8149385336885336,-0.22112647118506495,0.17638146167557928,-0.7326192267009302,5.027960686248421,0.6238372093023256,-0.6214698013952868,-2.6035408286791655,0.3739755960353756,-2.1799947368330788,26,14,11,-2.106357791061106,-3.100723866297225,-2.1799947368330788,0.3140770087006647,1.365077179117294,
22,dom_regular_verberase,0.783653846153846,0.4311270125223614,0.7660714285714286,0.43023255813953487,0.8225108225108224,0.4646464646464647,0.7854251012145749,0.43846153846153846,0.07692307692307694,0.5814671814671815,0.3791505791505791,0.20231660231660237,0.783995112469308,-0.018355659946003678,0.5228365384615384,0.8769471153846153,0.28173076923076923,0.6726967799642217,0.4676339285714286,0.9090624999999999,0.24248338870431893,0.7261212624584715,0.48474025974025975,0.9438311688311688,0.2272727272727273,0.7474747474747475,0.425,0.9191295546558703,0.22307692307692306,0.7347115384615386,0.0,0.5387692307692307,0.37760519279482124,0.7887087606424149,0.23696581196581198,0.6047405911377709,0.004585913312693445,0.36971364401498574,0.05175269398073985,2.8705867553123734,0.7186046511627907,-0.3924636530741309,-2.1895573979360377,0.21500504335357476,-1.7299359538566152,26,14,11,-1.8084537645445744,-2.5706610313275005,-1.7299359538566152,0.5692036723550371,1.029471044028475,
22,dom_regular_rank2,0.7490384615384615,0.38014311270125223,0.7607142857142857,0.3671096345514949,0.7878787878787878,0.41414141414141414,0.7651821862348177,0.3653846153846154,0.11538461538461534,0.49729729729729727,0.35135135135135137,0.1459459459459459,0.9830686302644255,-0.1250029382119044,0.5182211538461539,0.8519471153846153,0.24237477638640434,0.5860465116279068,0.4803571428571429,0.9089732142857142,0.2026578073089701,0.5997093023255815,0.5064935064935064,0.948051948051948,0.20707070707070704,0.7021464646464646,0.41295546558704455,0.9190283400809716,0.18076923076923077,0.6499999999999999,0.0,0.5603076923076921,0.33330078125,0.7591571286238487,0.2191261574074074,0.6085101814552278,-0.04415986354263225,0.3310280539772727,-6.726740443337026,6.261947054918579,0.6430232558139535,-0.9921209825574374,-3.263985367315998,-0.32774198532716037,-2.7829402380788766,26,14,11,-3.016866431905055,-3.511104302726941,-2.7829402380788766,0.4900939145078972,1.5464683054147432,
23,adom_matched,0.4913461538461539,0.44275491949910556,0.5071428571428571,0.4318936877076412,0.5021645021645021,0.4797979797979798,0.46153846153846156,0.3923076923076923,0.21794871794871798,0.5220077220077219,0.7536679536679537,-0.23166023166023175,-0.9178209199650653,-0.28939269477190005,0.2567307692307692,0.6798076923076922,0.3004919499105546,0.6386627906976744,0.22316964285714283,0.7250446428571429,0.2657392026578073,0.6629568106312291,0.17727272727272728,0.749134199134199,0.2119949494949495,0.7526515151515151,0.20242914979757087,0.7328947368421052,0.21144230769230773,0.6923076923076923,0.0,0.8985507246376812,0.3544504184560319,0.6664281395123839,0.34492845117845117,0.8648815411155837,-0.3465460698794032,0.1291843703832476,-10.944370132152052,15.354227079444419,0.4424418604651163,1.4653897790906503,4.621449549259303,-1.9660321586413378,3.1520567005858338,26,14,4,3.1858983870516746,6.057000711466932,3.1520567005858338,-0.23306902526278608,-1.7003945139105274,0.3493333333333334
23,dom_matched,0.2846153846153846,0.6010733452593917,0.2642857142857143,0.6129568106312293,0.24242424242424243,0.5909090909090909,0.27935222672064774,0.55,0.5897435897435898,0.6,0.6857142857142857,-0.08571428571428574,0.2889872611918059,-0.2717630334032522,0.19610576923076922,0.6019711538461539,0.37030411449016104,0.7289803220035779,0.14107142857142857,0.6482589285714285,0.33056478405315615,0.7758305647840531,0.09956709956709957,0.6926406926406927,0.29292929292929293,0.8233585858585858,0.12955465587044535,0.688259109311741,0.2536538461538462,0.7462500000000001,0.05444444444444447,0.9568840579710144,0.3814598229181563,0.6911865946221132,0.34444516275751524,0.8174844431728775,-0.27507036307345906,0.16085293085293095,-14.215963993930993,13.092475709396346,0.3936046511627907,-0.9132060537560568,-1.0361149273199777,-0.7220131658293857,-2.288775862194068,26,14,4,-1.22627579004215,-0.8459540645978053,-2.288775862194068,-0.08352770572704915,0.7147186519562118,0.38155555555555554
23,probe_strat,0.6509615384615385,0.3989266547406082,0.7142857142857143,0.32724252491694356,0.6406926406926406,0.4444444444444445,0.6680161943319838,0.326923076923077,0.47435897435897434,0.4942084942084942,0.5266409266409267,-0.032432432432432434,2.086076237671307,-0.040961228009844745,0.34610576923076924,0.7875240384615385,0.22267441860465118,0.5903622540250447,0.33558035714285717,0.8410714285714285,0.1660714285714286,0.589784053156146,0.2597402597402597,0.878896103896104,0.18169191919191918,0.7223484848484847,0.3034412955465587,0.8623481781376517,0.11153846153846156,0.6424999999999998,0.0,1.0,0.3319396181896182,0.6492299200459867,0.24555915555915556,0.7706690342536374,-0.24694236164860678,0.22313089877243825,-14.411361966904035,30.901310534475776,0.5430232558139535,-3.238724904355286,-14.72270687173562,-4.7244509824651955,17.133196670112177,26,14,7,-23.007451281545507,-6.437962461925732,17.133196670112177,5.039804005388988,-1.2896126397203305,0.6263839902787272
23,probe_strat_noinit,0.6240384615384615,0.47227191413237923,0.6785714285714286,0.40863787375415284,0.6320346320346321,0.51010101010101,0.5991902834008097,0.4538461538461539,0.3076923076923077,0.5343629343629344,0.5876447876447877,-0.05328185328185331,-0.43737951457728197,-0.04971428012789379,0.3893990384615385,0.7807932692307692,0.2602638640429338,0.6091457960644007,0.39102678571428573,0.8410714285714286,0.1992524916943522,0.5980897009966778,0.2682900432900433,0.8701298701298702,0.22714646464646462,0.7474747474747474,0.31983805668016196,0.825910931174089,0.1461538461538462,0.6807692307692308,0.0,0.9285714285714285,0.3324986891653558,0.6672689689911052,0.26942084942084943,0.7700140667095821,-0.25021576133369444,0.22734465664339099,-19.370292426717572,19.245946759613695,0.5755813953488372,0.11753326109100451,-6.934402909747572,-2.6989059847443335,3.340980337088607,26,14,7,-9.560341093730779,-4.308464725764364,3.340980337088607,0.5275346637753344,-1.5401385755517005,0.5673491557175767
23,probe_matched,0.4307692307692308,0.4821109123434705,0.4125,0.48504983388704315,0.4285714285714286,0.5101010101010102,0.4048582995951417,0.4461538461538461,0.3974358974358974,0.5706563706563706,0.6308880308880309,-0.06023166023166027,0.45826560606467814,-0.09987426511326616,0.2326923076923077,0.6279086538461538,0.3157200357781753,0.6807021466905188,0.19642857142857145,0.6732589285714285,0.28895348837209306,0.7043604651162789,0.16006493506493505,0.7402597402597402,0.2321969696969697,0.7828282828282829,0.14979757085020243,0.6964574898785423,0.1960576923076923,0.6923076923076924,0.0734126984126984,0.9025641025641026,0.3698475919528551,0.6993181818181817,0.2677944586671474,0.8100415510376449,-0.2548285331526873,0.2261849261849261,-8.765505505224347,9.428609411188582,0.4075581395348837,-0.05455551937003594,2.474835012554717,0.8579589546393313,-0.9263432444762681,26,14,4,3.034156018203716,1.9155140069057182,-0.9263432444762681,-0.24242314541381643,1.2590527506115288,0.5511111111111112
23,dom_regular,0.6653846153846154,0.4409660107334526,0.6964285714285714,0.4102990033222591,0.6796536796536796,0.4747474747474748,0.6680161943319838,0.42692307692307696,0.23076923076923073,0.4918918918918918,0.522007722007722,-0.030115830115830244,0.6842395392318886,-0.3505584037538294,0.49901442307692306,0.8077163461538461,0.2960644007155635,0.6082737030411448,0.4803571428571429,0.8803571428571428,0.22574750830564783,0.6046926910299004,0.4199134199134199,0.8831168831168831,0.25239898989898985,0.7073232323232321,0.4089068825910931,0.874493927125506,0.22682692307692306,0.6730769230769231,0.0357142857142857,0.6579006410256414,0.34735934372047667,0.6667181467181468,0.2688162585608406,0.7907444740442077,-0.24952111623490786,0.20753588516746407,-5.042042335550889,5.896016133872328,0.588953488372093,-0.7870456680628571,-2.761816968445898,0.4907556083281011,-2.6111157801960605,26,14,11,-2.6260330529656715,-2.8976008839261254,-2.6111157801960605,-0.04484121555756271,1.5174746875626908,
23,dom_regular_verberase,0.7259615384615384,0.44096601073345254,0.7428571428571429,0.4019933554817276,0.7705627705627706,0.4444444444444444,0.7246963562753037,0.45769230769230773,0.11538461538461542,0.5088803088803089,0.3374517374517374,0.17142857142857149,0.5787619273534238,-0.10155426377704237,0.4710817307692308,0.8279326923076923,0.30051431127012523,0.6709302325581394,0.46424107142857146,0.8911160714285713,0.23583887043189372,0.6810631229235881,0.4242424242424242,0.9178571428571428,0.22727272727272727,0.7373737373737373,0.39676113360323884,0.878744939271255,0.24230769230769234,0.7346153846153846,0.0,0.5725274725274723,0.3435907335907336,0.7392939814814814,0.21080674424424425,0.580392967372134,-0.0333202561327561,0.36377731274446096,-1.5732676982772476,3.974400386669564,0.6732558139534884,-0.4493688639981114,-2.2352832056962053,0.2856180355696044,-2.1385228451432545,26,14,11,-2.1868232411915205,-2.28374317020089,-2.1385228451432545,0.20546458384326505,1.0053874627936052,
23,dom_regular_rank2,0.7009615384615384,0.40071556350626114,0.7321428571428572,0.362126245847176,0.7402597402597402,0.41414141414141414,0.680161943319838,0.4192307692307693,0.21794871794871795,0.4532818532818533,0.3459459459459459,0.10733590733590737,0.6818941183376929,-0.19690713277032407,0.48266826923076916,0.8346634615384615,0.26558586762075137,0.6189847942754919,0.46424107142857146,0.8893303571428571,0.20759966777408637,0.627906976744186,0.43290043290043284,0.909090909090909,0.19684343434343432,0.7171717171717171,0.4129554655870445,0.886740890688259,0.20384615384615384,0.6961538461538461,0.0,0.6791895604395604,0.32567338216040026,0.6943287620880498,0.21747453397995195,0.6320898437499999,-0.10217710566007776,0.31361965012325865,-4.309148268641564,5.786989277158015,0.627906976744186,-0.9255469404616589,-2.8132848354411686,0.03137121190943174,-2.795427593312721,26,14,11,-3.054298316118285,-2.572271354764052,-2.795427593312721,0.07756136030769772,1.3725601275148303,
24,adom_matched,0.5201923076923076,0.44901610017889093,0.5339285714285713,0.4368770764119601,0.5151515151515151,0.48484848484848486,0.49392712550607293,0.4076923076923077,0.24358974358974356,0.5003861003861003,0.7181467181467182,-0.21776061776061784,-2.0395122018164877,-0.3297948277800493,0.27002403846153844,0.6721634615384615,0.29961985688729875,0.6503577817531305,0.23209821428571425,0.7358482142857142,0.26245847176079734,0.677782392026578,0.19036796536796532,0.7836580086580086,0.23232323232323232,0.7525252525252525,0.2104251012145749,0.7327935222672064,0.21144230769230768,0.6808653846153846,0.024391025641025653,0.8928571428571428,0.3505221021552291,0.6703744303744303,0.3271743596468223,0.8304573154714998,-0.32665453458957866,0.14049272486772477,-24.281029229728823,16.433583207824327,0.463953488372093,1.977136305521976,6.023787389153457,-1.9688326039982946,4.838960370959853,26,14,4,2.5777110978076183,9.469863680499294,4.838960370959853,-1.216327969389942,-2.9802941817325403,0.3851111111111111
24,dom_matched,0.35865384615384616,0.5670840787119857,0.32857142857142857,0.5946843853820598,0.3246753246753247,0.5757575757575757,0.291497975708502,0.5269230769230769,0.5256410256410257,0.5637065637065637,0.6208494208494209,-0.05714285714285716,-0.36905574607217717,-0.32104832551944246,0.214375,0.6500240384615384,0.35778175313059035,0.709324686940966,0.17138392857142856,0.6875,0.31715116279069766,0.7625415282392025,0.12987012987012986,0.7143939393939394,0.26262626262626265,0.8282828282828282,0.13360323886639675,0.6639676113360323,0.23076923076923078,0.75,0.06690476190476193,0.9614615384615384,0.3477316830149245,0.6826316048191048,0.2648404654654654,0.7827228009259259,-0.25853608452079146,0.21954136555254436,-14.004392858367693,17.288855241309378,0.4377906976744186,-1.182958030218561,-0.5373370559970898,-0.9451180836846561,-2.536771778364884,26,14,4,-1.7140993669315594,0.6394252549373798,-2.536771778364884,-0.7622438307768225,0.08030206501884574,0.39444444444444443
24,probe_strat,0.5788461538461538,0.3756708407871199,0.6232142857142857,0.3372093023255814,0.5367965367965368,0.3888888888888889,0.6356275303643725,0.32307692307692304,0.41025641025641024,0.5173745173745173,0.5366795366795366,-0.019305019305019266,-6.068104937213846,-0.044215846653498245,0.3451682692307692,0.7568028846153845,0.22001341681574244,0.5680232558139534,0.3482142857142857,0.814375,0.1810215946843854,0.576453488372093,0.2510822510822511,0.8530303030303029,0.13636363636363635,0.6818181818181818,0.33198380566801616,0.8218623481781375,0.11538461538461543,0.5847115384615384,0.0,1.0,0.34412314099814095,0.6845902645086358,0.2893355478156175,0.7746990740740739,-0.26470985691573934,0.21675941453579473,-40.67029983445105,33.519907567811806,0.45116279069767445,2.5735311826144147,11.707554370934012,4.286542223752441,-9.545694267114841,26,14,7,15.00985265932742,8.405256082540607,-9.545694267114841,-8.054063448532172,-3.798438067135759,0.6330749094959621
24,probe_strat_noinit,0.6365384615384615,0.4749552772808586,0.6767857142857143,0.4352159468438538,0.6017316017316017,0.5151515151515151,0.6396761133603239,0.41538461538461535,0.32051282051282043,0.5250965250965252,0.5544401544401545,-0.02934362934362933,1.8545088482161505,-0.059828313629603114,0.4056730769230769,0.7663461538461538,0.27996422182468694,0.6135957066189625,0.3946428571428572,0.8250446428571427,0.21424418604651163,0.612998338870432,0.27705627705627706,0.8614718614718615,0.2222222222222222,0.7727272727272728,0.33603238866396756,0.825910931174089,0.16528846153846152,0.6384615384615384,0.0,0.9285714285714286,0.3180576262286453,0.6484222721722722,0.2773295454545455,0.7461493808049535,-0.2571595982142857,0.19200795764263257,-20.127002347987293,34.99852351936167,0.6034883720930233,0.3314854378642885,-5.026216258278136,-2.1138517134367074,2.6078722918619976,26,14,7,-6.262902955025537,-3.789529561530734,2.6078722918619976,2.410787101663309,1.2187622728479697,0.6599840763524975
24,probe_matched,0.4432692307692308,0.4955277280858676,0.42857142857142855,0.5099667774086378,0.4675324675324676,0.5101010101010102,0.3441295546558705,0.42307692307692313,0.3461538461538461,0.569111969111969,0.5405405405405406,0.02857142857142847,-0.6635313329781735,-0.1331340652754504,0.2567307692307692,0.6433173076923075,0.3175313059033989,0.6762298747763865,0.2089285714285714,0.6894196428571426,0.3106312292358804,0.7226328903654485,0.2207792207792208,0.7402597402597402,0.2676767676767677,0.7676767676767677,0.14959514170040483,0.6356275303643725,0.2,0.6846153846153846,0.0859130434782609,0.8846153846153847,0.368945651282394,0.6781445312500001,0.2284029484029484,0.7563259481424147,-0.225349542605958,0.2595553995553996,-18.913284467611987,18.903512031935087,0.4453488372093023,-0.1805264619201476,2.6858494580953813,0.8760465003806135,0.555168342148749,26,14,4,1.5531272322950544,3.8185716838957084,0.555168342148749,-1.6626843198100243,0.47835779482965596,0.6495555555555556
24,dom_regular,0.6903846153846154,0.43917710196779963,0.7232142857142857,0.4036544850498339,0.7142857142857143,0.4545454545454546,0.7044534412955465,0.41923076923076924,0.25641025641025644,0.5034749034749035,0.4957528957528958,0.007722007722007762,0.9579204050131042,-0.3089191007664856,0.4951923076923077,0.823076923076923,0.2977862254025045,0.6279516994633274,0.498125,0.8858035714285714,0.23255813953488375,0.6146594684385382,0.4154761904761905,0.8875541125541125,0.2272727272727273,0.7425505050505049,0.4047570850202429,0.8785425101214575,0.21528846153846157,0.7076923076923077,0.0357142857142857,0.7192307692307695,0.35371067486005564,0.6752884867558353,0.26012362620476004,0.7789460286992763,-0.21841979847494555,0.253213888351393,-3.897249735524213,7.9063617410409295,0.6104651162790697,-0.5875758377840634,-2.0994922710933284,0.31998117192313186,-1.903265096031264,26,14,11,-1.8422414702739875,-2.356743071912669,-1.903265096031264,0.3658445365326841,1.6345785404192987,
24,dom_regular_verberase,0.7807692307692308,0.4463327370304115,0.794642857142857,0.39700996677740863,0.8225108225108224,0.45454545454545453,0.7773279352226721,0.45384615384615384,0.16666666666666666,0.5451737451737452,0.3065637065637066,0.2386100386100386,0.8777177517988621,-0.049913277144216214,0.4883413461538462,0.8634855769230769,0.3032200357781753,0.674463327370304,0.4820535714285714,0.9071428571428571,0.24410299003322258,0.6927740863787374,0.43279220779220773,0.9351731601731601,0.2220959595959596,0.7323232323232324,0.4169028340080972,0.9190283400809717,0.2191346153846154,0.75,0.0,0.699230769230769,0.34919802419802426,0.7373797964161741,0.188800110479798,0.5441756965944272,0.015415371665371625,0.40020292207792213,-0.22761054415293064,3.6278270523709657,0.7470930232558141,-0.2602790044832154,-1.3476779767854845,0.10416511968249002,-1.2945857768431557,26,14,11,-1.2611268192594747,-1.4342291343114946,-1.2945857768431557,0.6411675000781472,1.148060896622537,
24,dom_regular_rank2,0.7499999999999999,0.42128801431127016,0.7946428571428572,0.3588039867109635,0.7922077922077922,0.4444444444444445,0.7449392712550607,0.3961538461538462,0.28205128205128205,0.4849420849420849,0.30038610038610036,0.18455598455598454,0.975288381650104,-0.1147508003709373,0.4798076923076923,0.8615625,0.2674194991055456,0.6637075134168159,0.46598214285714284,0.9142857142857143,0.2142857142857143,0.6313122923588039,0.4069264069264069,0.9393939393939393,0.19696969696969702,0.7171717171717171,0.43714574898785424,0.9149797570850201,0.21153846153846154,0.7153846153846153,0.0197777777777778,0.7613846153846152,0.3448010014676681,0.7218783180501931,0.1984375,0.5480796894883582,-0.03399613899613895,0.35340939153439155,-1.8553327468267113,6.656212742016899,0.6761627906976745,-0.5042096670439647,-1.7329678271021727,-0.15192434232705498,-1.69433009083581,26,14,11,-1.8354261789005024,-1.630509475303843,-1.69433009083581,0.5995020962436293,1.4047584221146463,
25,adom_matched,0.5009615384615385,0.4794275491949911,0.48928571428571427,0.4850498338870432,0.5064935064935064,0.5,0.4817813765182186,0.4346153846153846,0.25641025641025644,0.5196911196911196,0.7436293436293436,-0.22393822393822405,-2.909404932794947,-0.30451876502994396,0.2672596153846154,0.6673076923076923,0.3389982110912344,0.6592799642218246,0.19995535714285714,0.739375,0.29231727574750827,0.7093023255813953,0.19469696969696967,0.7576839826839826,0.23737373737373738,0.7575757575757575,0.22267206477732793,0.7288461538461537,0.23076923076923078,0.7038461538461539,0.025641025641025623,0.8593429487179478,0.37053986829317015,0.6837912796697625,0.3905598455598455,0.8575908233359132,-0.3235959383753502,0.11899472643375077,-19.85265120215379,14.110186721982359,0.4732558139534884,2.347885009584973,7.952382214590129,-3.8524533601900983,5.44393769338421,26,14,4,3.1867119630270935,12.718052466153164,5.44393769338421,-1.8166603113631212,-4.1582559287170335,0.4442222222222222
25,dom_matched,0.35673076923076924,0.5760286225402504,0.3125,0.6212624584717608,0.3246753246753247,0.5404040404040404,0.27530364372469635,0.5269230769230769,0.43589743589743585,0.5806949806949807,0.6501930501930502,-0.06949806949806947,-1.2070118911748489,-0.28755232557190463,0.2365384615384616,0.6451923076923076,0.36583184257602863,0.7039579606440072,0.1553571428571429,0.6662499999999998,0.3621262458471761,0.7574750830564784,0.1341991341991342,0.7402597402597402,0.2878787878787879,0.8132575757575756,0.14170040485829957,0.6720647773279351,0.24990384615384614,0.7769230769230768,0.0714285714285714,0.8928571428571428,0.3588314771648105,0.6875036421911422,0.29804445814862485,0.8104301529224129,-0.26357852078663063,0.20654517583865403,-23.009383980280575,20.02564803705738,0.4459302325581395,-1.6887488430350306,0.26109651631046016,-1.9399184720160552,-3.0078147508521043,26,14,4,-1.252665675085583,1.7748587077065032,-3.0078147508521043,-1.3800136664858194,-1.00929557653374,0.4111111111111111
25,probe_strat,0.6615384615384614,0.31216457960644006,0.6517857142857143,0.31395348837209297,0.632034632034632,0.3434343434343434,0.7125506072874495,0.2423076923076923,0.41025641025641024,0.49652509652509647,0.5590733590733591,-0.06254826254826262,-4.224289646413602,-0.04741878534632153,0.3990144230769231,0.7778846153846154,0.1771019677996422,0.5143336314847943,0.360625,0.8107142857142857,0.17105481727574748,0.5565199335548173,0.2857142857142857,0.8615800865800866,0.10606060606060606,0.6565656565656566,0.3440283400809717,0.8342105263157893,0.08836538461538464,0.5692307692307692,0.0,0.9404761904761905,0.3178368687113003,0.6583066152597402,0.2665048315977108,0.7909993552546745,-0.30894939147185,0.21238821238821232,-32.285020855769076,36.77256643920291,0.4476744186046512,3.078690495385844,10.335508473152952,4.520732110631866,-6.588111232810319,26,14,7,13.840278072485942,6.830738873819964,-6.588111232810319,-5.119946152572796,-3.200682210803096,0.5875483152325258
25,probe_strat_noinit,0.6942307692307692,0.3738819320214669,0.6964285714285715,0.38205980066445183,0.6580086580086579,0.3939393939393939,0.7165991902834008,0.32692307692307687,0.3205128205128205,0.5297297297297298,0.5498069498069498,-0.020077220077220015,1.936768954973326,-0.05842391510015722,0.43927884615384616,0.8010336538461538,0.24597495527728086,0.5877459749552773,0.4053125,0.8339732142857142,0.210921926910299,0.6411960132890365,0.33766233766233766,0.8787878787878788,0.18686868686868685,0.702272727272727,0.4047570850202429,0.8663967611336032,0.11528846153846152,0.6039423076923077,0.0,0.9285714285714286,0.3201943311318311,0.6595121420278636,0.25560961174242425,0.7789168882332945,-0.2579667644183775,0.21131077060758519,-24.187946154894544,30.87794779479049,0.6023255813953489,-0.7541509652225886,-7.053169286098312,-2.8857340489466754,2.9556850608886864,26,14,7,-8.659813692794774,-5.44652487940185,2.9556850608886864,2.337998226190901,1.478221216438955,0.6001212121212122
25,probe_matched,0.4576923076923077,0.5107334525939178,0.42500000000000004,0.5448504983388704,0.48051948051948057,0.48989898989898994,0.3846153846153846,0.43846153846153846,0.26923076923076916,0.5776061776061776,0.6208494208494209,-0.043243243243243246,-1.1322886206889127,-0.1359993842529379,0.2615384615384615,0.6403846153846153,0.3711538461538462,0.6833631484794276,0.2,0.6537499999999998,0.34053156146179403,0.7458471760797342,0.2251082251082251,0.7445887445887446,0.25744949494949493,0.7777777777777778,0.16599190283400808,0.6640688259109311,0.19990384615384618,0.7,0.0357142857142857,0.8499038461538462,0.3705546813532652,0.7011969111969113,0.29916666666666664,0.791519734019734,-0.25920208500400954,0.21983559096562189,-30.614515027699,27.07105875469891,0.47732558139534886,-1.024496335450467,7.191641005984949,0.04678385192857171,-0.1999484334413763,26,14,4,8.363574416964155,6.019707595005743,-0.1999484334413763,-1.9937091857109595,-0.14780797494943038,0.6655555555555556
25,dom_regular,0.6663461538461539,0.46869409660107336,0.7107142857142857,0.4285714285714286,0.6666666666666667,0.5101010101010102,0.680161943319838,0.42307692307692313,0.28205128205128205,0.5096525096525097,0.5003861003861004,0.009266409266409315,0.7318884151119729,-0.3125801341937561,0.46923076923076923,0.7961778846153846,0.3336314847942755,0.669051878354204,0.4642857142857143,0.8696428571428572,0.25913621262458475,0.629609634551495,0.37651515151515147,0.8616883116883115,0.2676767676767677,0.7525252525252525,0.3964574898785425,0.8704453441295547,0.22682692307692306,0.7230769230769231,0.03846153846153846,0.6867499999999997,0.37174734128101,0.7019354308716012,0.2906014384920635,0.7745406095406095,-0.17783171293694497,0.23479520249733016,-7.018098094575369,6.00416353041782,0.611046511627907,-0.41045090219696123,-1.7318507800139975,0.5539846308989322,-1.6269691610298038,26,14,11,-1.2627429689016487,-2.2009585911263465,-1.6269691610298038,0.16229886730003193,1.3828478983256198,
25,dom_regular_verberase,0.7548076923076924,0.48568872987477635,0.7892857142857144,0.41860465116279066,0.7705627705627706,0.5,0.7692307692307692,0.46153846153846156,0.23076923076923075,0.5752895752895753,0.32355212355212354,0.2517374517374517,0.5269746798758032,-0.04072273013145834,0.4509615384615385,0.847139423076923,0.326453488372093,0.7013193202146689,0.4428125,0.9107142857142856,0.24073920265780732,0.697715946843854,0.385064935064935,0.9047619047619048,0.25239898989898985,0.7777777777777778,0.4089068825910931,0.9068825910931174,0.2460576923076923,0.7770192307692307,0.0,0.7307115384615384,0.3610677083333334,0.7320491031758073,0.21715641931114552,0.6105570854095637,-0.009899899899899985,0.3750072843822845,-1.0178356427521777,3.4199789931667985,0.7511627906976744,-0.09441771849972416,-0.8819289270203838,0.2627428078530252,-1.074645554150267,26,14,11,-0.7500063722253186,-1.013851481815449,-1.074645554150267,0.27399666057152616,0.8160924162235481,
25,dom_regular_rank2,0.7278846153846154,0.45706618962432916,0.7803571428571429,0.3837209302325581,0.748917748917749,0.4646464646464647,0.7408906882591093,0.4538461538461539,0.32051282051282054,0.5111969111969112,0.3189189189189189,0.19227799227799236,0.6274124090903063,-0.10626454135311292,0.44903846153846155,0.8347115384615383,0.3013864042933811,0.6762969588550984,0.4553571428571429,0.9089732142857142,0.22923588039867113,0.6563538205980065,0.385064935064935,0.9005411255411255,0.2373737373737374,0.7575757575757576,0.4129554655870445,0.894736842105263,0.21923076923076926,0.7385576923076922,0.03703703703703709,0.7306730769230769,0.3599071207430341,0.733617980027065,0.21133838383838383,0.612401270317937,-0.034640981320761065,0.35605514182913556,-1.2227459741019502,5.47234623876359,0.6912790697674418,-0.24687556536053915,-1.0926823459728077,0.12329066768927932,-1.2558984055408822,26,14,11,-1.0134059910179811,-1.1719587009276342,-1.2558984055408822,0.26452666147896214,1.0421389777889847,
26,adom_matched,0.5182692307692308,0.47048300536672627,0.4982142857142857,0.48006644518272423,0.5497835497835497,0.5050505050505051,0.4858299595141701,0.4307692307692308,0.24358974358974356,0.5142857142857142,0.7389961389961389,-0.22471042471042468,-5.140818886143339,-0.3285681449678832,0.29995192307692314,0.6924038461538462,0.32021466905187834,0.6556797853309481,0.2125,0.7305357142857141,0.28903654485049834,0.6993355481727574,0.20346320346320346,0.7705627705627706,0.20707070707070707,0.7727272727272727,0.22267206477732793,0.7369433198380566,0.22307692307692306,0.6923076923076923,0.008333333333333326,0.7857142857142857,0.3515638528138528,0.6822836945378251,0.35620597910216717,0.8586072344233746,-0.3226758512544804,0.1290572256067111,-20.731148604042225,16.906582795386825,0.4796511627906977,3.7297087957938118,12.80861276018697,-6.52440757683098,7.778404824506787,26,14,4,6.589510442075913,19.027715078298026,7.778404824506787,-3.5249256371076294,-6.987554027898434,0.4497777777777777
26,dom_matched,0.37115384615384617,0.5670840787119857,0.33035714285714285,0.6079734219269104,0.3506493506493506,0.5252525252525253,0.291497975708502,0.49615384615384617,0.41025641025641024,0.5814671814671815,0.6478764478764478,-0.06640926640926637,-2.337930089976903,-0.30013270771065864,0.23365384615384616,0.6452163461538462,0.36940966010733456,0.7200805008944543,0.15892857142857145,0.6589285714285713,0.37205149501661133,0.7691445182724252,0.16450216450216448,0.7575757575757576,0.2776515151515151,0.8282828282828283,0.15779352226720647,0.7086032388663964,0.24230769230769234,0.7576923076923077,0.0695,0.890142857142857,0.35550054112554114,0.6938719626606623,0.26387467824967825,0.8057565622783014,-0.2573322772024582,0.23131668160659424,-13.502373009097509,24.14951786413127,0.4511627906976744,-1.3206876581332665,1.555526299001169,-3.066126289991964,-3.1777268883676757,26,14,4,0.35836020108289235,2.7526923969194455,-3.1777268883676757,-2.2021858836049333,-2.4930663258305814,0.39755555555555555
26,probe_strat,0.6528846153846154,0.3559928443649374,0.6642857142857143,0.3521594684385382,0.6666666666666667,0.38888888888888884,0.6680161943319838,0.26538461538461533,0.3717948717948718,0.5081081081081081,0.6247104247104246,-0.11660231660231646,64.39601819359929,-0.05289552826267928,0.4009375,0.7991105769230769,0.2191413237924866,0.5474508050089445,0.3517410714285715,0.8071875,0.210921926910299,0.603031561461794,0.35064935064935066,0.8875541125541125,0.13636363636363635,0.696969696969697,0.32783400809716595,0.8137651821862348,0.09221153846153844,0.6115384615384616,0.0,1.0,0.3436105914627587,0.6682819733796296,0.30457418613378373,0.8139297789415806,-0.31511583011583016,0.17779207335107947,-43.24466858029698,32.10746593462062,0.49534883720930234,-38.18242164232574,-203.98245834418876,-70.3323942854549,167.5010695528903,26,14,7,-265.29778205825124,-142.66713463012627,167.5010695528903,75.08735713337511,52.177345119569786,0.6241419457735247
26,probe_strat_noinit,0.6692307692307692,0.4221824686940966,0.6553571428571429,0.43023255813953487,0.6623376623376623,0.41919191919191917,0.6396761133603238,0.3769230769230769,0.3076923076923077,0.538996138996139,0.6370656370656371,-0.09806949806949816,1.3111120954569877,-0.0651583014001776,0.42879807692307687,0.7779086538461538,0.271891771019678,0.6101073345259392,0.3695089285714286,0.8107142857142857,0.25577242524916943,0.6578073089700996,0.3678571428571428,0.8787878787878788,0.2069444444444444,0.7171717171717171,0.3683198380566801,0.8300607287449393,0.13846153846153847,0.6653846153846155,0.0,0.888888888888889,0.3420661002665647,0.6595836404737332,0.30601634424780566,0.7945342157995672,-0.30000868055555546,0.17144787644787648,-19.89374894987876,19.8303526700025,0.6069767441860465,-0.21668237818751343,-5.00601585538305,-1.974727112132699,2.2312702343514688,26,14,7,-5.95982748782047,-4.0522042229456305,2.2312702343514688,1.5723077393075187,1.0126027881992383,0.5877373231057442
26,probe_matched,0.47884615384615387,0.5035778175313059,0.42678571428571427,0.5514950166112956,0.5714285714285714,0.4545454545454546,0.3684210526315789,0.4384615384615385,0.3333333333333333,0.576061776061776,0.6077220077220078,-0.0316602316602318,-4.862615701368047,-0.13967496651005792,0.26634615384615384,0.6654086538461538,0.3550760286225402,0.6878577817531306,0.20174107142857142,0.6626339285714286,0.3621262458471761,0.7425664451827243,0.24664502164502164,0.8008658008658008,0.2474747474747475,0.74760101010101,0.15384615384615385,0.6356275303643725,0.22298076923076923,0.7039423076923077,0.05486111111111117,0.8846153846153846,0.36560759200006443,0.7198304684604994,0.2507005526961292,0.7954585261117635,-0.26421638257575747,0.24366917033583696,-17.93062763179085,25.61225419260386,0.4790697674418605,-1.3220271645395059,21.891304523263145,-2.790833885401939,-9.563417159029456,26,14,4,24.38580495481312,19.396804091713165,-9.563417159029456,-7.838274484127013,-1.4618628067863726,0.6137777777777778
26,dom_regular,0.65,0.47495527728085873,0.6946428571428571,0.4318936877076412,0.6493506493506493,0.5101010101010102,0.6558704453441295,0.4307692307692308,0.2948717948717949,0.5011583011583012,0.5135135135135135,-0.012355212355212308,0.911239094911815,-0.3130478242308477,0.4605048076923077,0.7875721153846154,0.32824239713774594,0.6601073345259392,0.44281249999999994,0.8732142857142857,0.23750000000000002,0.6362541528239203,0.3593073593073593,0.8441558441558442,0.2828282828282828,0.7474747474747474,0.388663967611336,0.8502024291497976,0.23067307692307693,0.7307692307692308,0.0714285714285714,0.7429487179487179,0.36762576652282536,0.7031986531986532,0.2956569725314538,0.7725212489966745,-0.19577004531126865,0.23940001440001435,-6.86879598651711,8.07734390682135,0.6093023255813953,-0.37549838312329725,-1.3924257419748423,0.6219265432219566,-1.3430321078195695,26,14,11,-0.9438162515258143,-1.8410352324238701,-1.3430321078195695,0.36371884753235656,1.5369765204883392,
26,dom_regular_verberase,0.7605769230769232,0.4919499105545617,0.8160714285714286,0.4119601328903655,0.7445887445887446,0.5151515151515151,0.7894736842105263,0.4884615384615385,0.30769230769230765,0.5783783783783784,0.3212355212355212,0.2571428571428572,0.583276285556874,-0.03110158596419301,0.4374759615384615,0.8365865384615383,0.3370974955277281,0.6977415026833631,0.4373660714285714,0.9035714285714286,0.2822674418604651,0.682765780730897,0.3808441558441558,0.8917748917748918,0.2676767676767677,0.7626262626262627,0.3926113360323886,0.9068825910931174,0.24615384615384617,0.7731730769230769,0.04166666666666666,0.7623076923076924,0.3594946926138877,0.73828125,0.2151405885780886,0.6015006177997356,-0.01702990702990695,0.3892968142968143,-1.26847425975563,3.782618160358073,0.7598837209302326,-0.03241191470268027,-0.5468054591099418,0.299896028108746,-0.7809323759019267,26,14,11,-0.32303571248021434,-0.7705752057396692,-0.7809323759019267,0.39929472507774155,0.7935409261044536,
26,dom_regular_rank2,0.7201923076923077,0.4669051878354204,0.7857142857142857,0.38870431893687707,0.7142857142857142,0.505050505050505,0.7408906882591093,0.45769230769230773,0.39743589743589747,0.5297297297297296,0.3119691119691119,0.21776061776061773,0.6809121743303412,-0.08612872501456191,0.39995192307692307,0.8184134615384614,0.3192754919499106,0.688752236135957,0.4357142857142857,0.9053571428571429,0.2408222591362126,0.6661960132890364,0.36363636363636365,0.9091991341991341,0.25744949494949493,0.7727272727272727,0.3684210526315789,0.8785425101214575,0.22692307692307692,0.7310576923076921,0.07421296296296301,0.7914166666666667,0.34741637005308873,0.7516964077570882,0.1953410047115791,0.6023322166704519,-0.0343364197530864,0.38068483566983763,-1.9380430047281676,5.175340420443583,0.7046511627906977,-0.1781865289035735,-0.6355291609827383,0.20285968024630688,-0.9646086420521977,26,14,11,-0.4431547743339979,-0.8279035476314786,-0.9646086420521977,0.37138141841905936,1.0346616096575205,
27,adom_matched,0.5336538461538463,0.4669051878354204,0.5178571428571429,0.4717607973421927,0.5627705627705628,0.5101010101010102,0.4939271255060729,0.4269230769230769,0.24358974358974356,0.5073359073359074,0.7235521235521235,-0.21621621621621612,-10.3906773981384,-0.34631307538264644,0.275,0.6769471153846154,0.334525939177102,0.6502906976744187,0.22316964285714286,0.7162053571428572,0.2939784053156146,0.6960548172757475,0.237987012987013,0.7705627705627706,0.22714646464646462,0.7575757575757576,0.21042510121457486,0.7288461538461537,0.2345192307692308,0.7115384615384616,0.02786231884057969,0.8349358974358975,0.34837890625,0.6848969896235522,0.37999606608969316,0.8473642800944139,-0.31812741873065004,0.11352010292025771,-19.62670307630924,20.207837634026113,0.4901162790697674,6.310830567830756,23.11844429607212,-9.554496112358231,12.91123714333064,26,14,4,12.817766835454192,33.419121756690046,12.91123714333064,-7.68669150217779,-13.48094699352196,0.4362222222222222
27,dom_matched,0.4,0.5572450805008944,0.3625,0.5946843853820598,0.4285714285714286,0.47979797979797983,0.2834008097165992,0.5153846153846154,0.39743589743589736,0.5899613899613899,0.6324324324324324,-0.0424710424710425,-2.729055709538807,-0.30580326133203395,0.24699519230769232,0.6702163461538461,0.362231663685152,0.709324686940966,0.18928571428571433,0.7017857142857142,0.347093023255814,0.7492940199335548,0.20335497835497834,0.7835497835497836,0.26767676767676774,0.8132575757575756,0.16194331983805665,0.6761133603238866,0.2653846153846154,0.7541346153846152,0.0714285714285714,0.92,0.3595362326612327,0.6849304861804861,0.28723666280167826,0.7762237762237763,-0.2463629349046017,0.2152969506234651,-17.035734486080408,17.594749575595625,0.463953488372093,-1.497730461587484,2.065381655896467,-2.971906258271146,-3.853451492011516,26,14,4,0.8774028811003834,3.2533604306925503,-3.853451492011516,-2.5160105920175257,-2.9725358438488425,0.40488888888888896
27,probe_strat,0.6711538461538462,0.3542039355992844,0.6589285714285715,0.35714285714285715,0.6666666666666667,0.3787878787878788,0.6477732793522267,0.28076923076923077,0.34615384615384615,0.5374517374517375,0.6386100386100385,-0.10115830115830104,7.441326531756012,-0.07451789270007161,0.42687499999999995,0.7932932692307693,0.22361359570661896,0.5510062611806797,0.35,0.8125446428571429,0.20257475083056478,0.604734219269103,0.341991341991342,0.9047619047619048,0.161489898989899,0.6565656565656566,0.32793522267206476,0.8218623481781376,0.09999999999999999,0.5962500000000001,0.0,0.9642857142857142,0.3526074041699041,0.6703400829181224,0.3611262001887001,0.8341147856772857,-0.3311002886002886,0.14302641802641808,-48.36848155313766,38.27540414412363,0.5226744186046511,-4.5868263317168285,-24.24731242959001,-10.483916335692038,13.81706871967082,26,14,7,-29.6007158151378,-18.893909044042225,13.81706871967082,7.414843755642556,7.471592561599964,0.6432439431913115
27,probe_strat_noinit,0.6817307692307693,0.4186046511627907,0.6571428571428571,0.4485049833887043,0.6796536796536796,0.4242424242424243,0.6477732793522268,0.38846153846153847,0.30769230769230765,0.589189189189189,0.6471042471042471,-0.05791505791505802,1.1425355116928395,-0.08440273522411146,0.4480528846153846,0.8086778846153846,0.26822450805008946,0.6154516994633273,0.4017857142857143,0.8108482142857142,0.25913621262458475,0.6595099667774087,0.3938311688311688,0.8788961038961037,0.20202020202020202,0.7071969696969695,0.3765182186234817,0.8341093117408905,0.13461538461538466,0.6769230769230768,0.025641025641025623,0.8945741758241759,0.3717434439085698,0.6953814249517374,0.35913312693498456,0.8119685837765958,-0.2724510811726006,0.14555778962807545,-19.72587324765134,28.57920488471958,0.6302325581395348,-0.13154879643409428,-4.458420146619129,-2.541669955683901,1.6872492667360277,26,14,7,-5.068007478603191,-3.8488328146350663,1.6872492667360277,1.2753119893479274,0.9907909658013097,0.5932262980684033
27,probe_matched,0.5038461538461538,0.5161001788908766,0.4517857142857143,0.5448504983388704,0.6147186147186147,0.4747474747474747,0.3724696356275303,0.45000000000000007,0.3717948717948718,0.5930501930501931,0.637837837837838,-0.044787644787644854,4.670924119929931,-0.1652763441123074,0.3038221153846154,0.6741105769230769,0.3523926654740608,0.7048300536672629,0.24995535714285713,0.6930357142857141,0.35045681063122924,0.7259551495016612,0.29004329004329,0.8356060606060606,0.2422979797979798,0.7374999999999999,0.15384615384615383,0.6437246963562752,0.23846153846153845,0.7077884615384615,0.038461538461538436,0.9259259259259259,0.39611833373552124,0.723459670608108,0.29952321767539153,0.8009669746402848,-0.24164853164853167,0.22137498690726445,-18.871336031973605,21.53265737212259,0.5151162790697674,0.9326270053686297,-10.589892537744948,0.6496400360903968,7.472427914820101,26,14,4,-11.952641564317846,-9.227143511172049,7.472427914820101,5.459701187809744,3.7694646137815746,0.6082222222222222
27,dom_regular,0.6538461538461539,0.48300536672629696,0.6982142857142858,0.4285714285714286,0.6536796536796536,0.5101010101010102,0.6639676113360323,0.4538461538461538,0.2948717948717949,0.48957528957528956,0.5166023166023166,-0.02702702702702703,0.8319173272184989,-0.3274431638616857,0.44800480769230777,0.7923317307692307,0.33358676207513416,0.6735241502683363,0.46232142857142855,0.8553571428571428,0.24746677740863787,0.6279485049833888,0.35064935064935066,0.8356060606060606,0.2777777777777778,0.7626262626262627,0.38056680161943324,0.8422064777327933,0.2423076923076923,0.7423076923076923,0.07999999999999997,0.7435185185185181,0.36130536130536134,0.6719778918997668,0.31664575289575286,0.7563891047224379,-0.2143180285489491,0.19273056549922607,-3.659578878831956,4.6253696612200175,0.6162790697674418,-0.27246951059329644,-1.2801000689579949,0.5520966718636312,-1.2250289194940265,26,14,11,-0.9098646576759869,-1.650335480240003,-1.2250289194940265,0.3168374658681795,1.4205800259045775,
27,dom_regular_verberase,0.7442307692307691,0.5241502683363148,0.8196428571428571,0.4318936877076412,0.7229437229437229,0.5454545454545454,0.7692307692307692,0.5423076923076924,0.28205128205128205,0.572972972972973,0.33436293436293435,0.23861003861003866,0.5209751118733156,-0.04480611448230707,0.41536057692307693,0.8394230769230768,0.33978085867620755,0.7173747763864042,0.4463392857142857,0.9054464285714285,0.25743355481727576,0.7093438538205981,0.35043290043290043,0.8961038961038961,0.2827020202020202,0.7779040404040403,0.37226720647773276,0.8948380566801617,0.26144230769230764,0.8039423076923077,0.03703703703703709,0.826458333333333,0.3518403852769178,0.7169362252253559,0.20463320463320467,0.6107279829545454,-0.034204076367389105,0.3518582702243181,-1.2425639726387758,3.410278717633839,0.7796511627906976,0.09665006184401623,-0.34490535330228916,0.3110251169988143,-0.7251203481329598,26,14,11,-0.2167322192087874,-0.4730784873957909,-0.7251203481329598,0.3339195329590522,0.7347529163467598,
27,dom_regular_rank2,0.7269230769230769,0.4803220035778175,0.8053571428571429,0.393687707641196,0.7186147186147186,0.5,0.736842105263158,0.4576923076923077,0.358974358974359,0.5204633204633204,0.32123552123552124,0.1992277992277992,0.6092603837945383,-0.0940722392785326,0.4095432692307692,0.8144471153846153,0.33271466905187835,0.691525044722719,0.44107142857142856,0.8982142857142856,0.23255813953488375,0.6629152823920266,0.38095238095238093,0.8831168831168831,0.2474747474747475,0.7324494949494949,0.3765182186234818,0.8786437246963562,0.24221153846153848,0.7808653846153846,0.060000000000000026,0.8082115384615386,0.3456477181515882,0.7367149292149292,0.20894663157407561,0.6198917027906604,-0.05207031707031705,0.3628794252254677,-1.5965363246114488,5.173199500938556,0.7226744186046511,-0.07336819353118437,-0.4782219527915731,0.23594231221688855,-0.897141446323934,26,14,11,-0.4702636153286836,-0.48618029025446263,-0.897141446323934,0.32247097291647486,0.9370197105123256,
28,adom_matched,0.5298076923076923,0.47763864042933807,0.5089285714285715,0.4900332225913621,0.5367965367965367,0.5303030303030303,0.4939271255060729,0.42692307692307696,0.3076923076923077,0.5003861003861004,0.6749034749034749,-0.17451737451737448,-13.047453529539768,-0.3418649151860304,0.29901442307692305,0.6750480769230769,0.3389311270125224,0.6521019677996422,0.2391517857142857,0.7142857142857142,0.3039451827242524,0.6928156146179402,0.22489177489177486,0.7532467532467532,0.25239898989898985,0.7676767676767676,0.22661943319838052,0.728744939271255,0.22682692307692306,0.6730769230769231,0.0357142857142857,0.8148148148148149,0.34977334343402355,0.6687740284212879,0.39233642389602147,0.8409538221256971,-0.3287870270161937,0.09205375095225606,-30.2560467931173,21.1271002517947,0.49593023255813956,6.5931606832231155,23.411849025594123,-11.387191128083222,10.969687611316157,26,14,4,12.359578844395914,34.46411920679233,10.969687611316157,-9.57119274371396,-17.020322999054976,0.49777777777777776
28,dom_matched,0.4125,0.5429338103756708,0.3892857142857143,0.5714285714285714,0.4502164502164502,0.5050505050505051,0.30769230769230765,0.46923076923076923,0.38461538461538464,0.5521235521235521,0.5868725868725869,-0.03474903474903479,-7.260886370601489,-0.3011470876711312,0.2528125,0.6452163461538462,0.3702817531305903,0.7093023255813954,0.1820982142857143,0.7142857142857143,0.33218438538205974,0.7525747508305647,0.18181818181818182,0.7532467532467532,0.29292929292929293,0.8031565656565656,0.15789473684210525,0.6924089068825909,0.23846153846153847,0.7424038461538461,0.07230848861283642,0.9367628205128203,0.3583383787369856,0.6713095545235638,0.2774404671597936,0.7683574168738563,-0.23876447876447873,0.2145769182495188,-21.154895012367952,18.54848794364371,0.47500000000000003,-2.805343843214889,5.243768794844248,-5.958846207624627,-9.045254420643147,26,14,4,4.881015513947727,5.60652207574077,-9.045254420643147,-6.160513335391585,-8.518455553698521,0.4264444444444444
28,probe_strat,0.6749999999999999,0.39982110912343477,0.6535714285714286,0.4053156146179402,0.696969696969697,0.3939393939393939,0.6477732793522266,0.3538461538461538,0.3461538461538461,0.5482625482625483,0.5861003861003862,-0.037837837837837895,3.740291622625539,-0.06712825042217974,0.42115384615384616,0.7961778846153846,0.23336314847942752,0.567128801431127,0.3516517857142857,0.7982589285714284,0.23085548172757478,0.6395348837209301,0.39826839826839827,0.9004329004329004,0.14646464646464646,0.6565656565656566,0.32378542510121455,0.8056680161943319,0.12692307692307692,0.6771153846153845,0.0,0.9630952380952381,0.3618934064887122,0.6966002014841024,0.3165209283959284,0.8278016774891774,-0.27380499862374036,0.19455078125000003,-49.961571725478535,34.06825969064509,0.541860465116279,-1.6537476690535589,-12.76373652783294,-4.515772537195363,6.719225978756626,26,14,7,-14.062240812864756,-11.465232242801122,6.719225978756626,3.296845422717343,4.247087279663478,0.647188096503886
28,probe_strat_noinit,0.6653846153846154,0.4722719141323793,0.6482142857142857,0.49335548172757476,0.7012987012987013,0.45454545454545453,0.6153846153846154,0.4615384615384615,0.3333333333333333,0.6069498069498069,0.6084942084942084,-0.001544401544401497,1.0108732881408133,-0.08088790327689305,0.4470913461538462,0.7798557692307692,0.2754919499105546,0.6413237924865831,0.3785714285714286,0.8107142857142857,0.26411960132890366,0.6860465116279069,0.3982683982683982,0.8961038961038961,0.21199494949494951,0.7071969696969695,0.32378542510121455,0.8178137651821862,0.16923076923076924,0.7192307692307692,0.038319088319088306,0.8928571428571428,0.3766213724547058,0.7148683037808424,0.29860504079254085,0.8025317275317275,-0.2337461300309598,0.22499057803663844,-23.420195010419423,18.89352636631816,0.6395348837209303,-0.01105734975343724,-4.047774025004913,-1.9550745146928492,1.146496051428903,26,14,7,-4.097214293959429,-3.998333756050397,1.146496051428903,0.9292264682432211,1.1041839394523476,0.60955742892585
28,probe_matched,0.5028846153846154,0.5313059033989267,0.4678571428571428,0.5764119601328904,0.6190476190476191,0.46464646464646464,0.3684210526315789,0.49615384615384617,0.33333333333333337,0.5891891891891892,0.5606177606177607,0.02857142857142847,2.232632803841119,-0.15596211125324017,0.3038461538461539,0.6827163461538461,0.3595706618962433,0.6976967799642219,0.22852678571428572,0.6928571428571428,0.3619601328903655,0.7524916943521595,0.2987012987012987,0.8398268398268398,0.24747474747474746,0.7678030303030302,0.16194331983805665,0.6396761133603238,0.24605769230769234,0.7076923076923077,0.04166666666666663,0.8928571428571428,0.3834734721355946,0.71720703125,0.25638671875,0.7822586872586874,-0.23370279045279047,0.26641181641181655,-19.407805235429326,21.647243663382124,0.5331395348837209,1.0994398129310567,-5.3673672314513245,1.5009086005730292,3.8579264635467863,26,14,4,-6.739739059802395,-3.9949954031002535,3.8579264635467863,2.5149420905088524,1.9099936190779954,0.5891111111111111
28,dom_regular,0.6625,0.4937388193202147,0.7160714285714286,0.44019933554817275,0.6796536796536796,0.5555555555555556,0.6639676113360323,0.4346153846153846,0.2948717948717949,0.48957528957528956,0.5042471042471044,-0.014671814671814831,0.6374140585062762,-0.33385597488200935,0.43939903846153844,0.7778846153846154,0.33360912343470484,0.6798076923076923,0.4338839285714286,0.8714285714285714,0.2641196013289037,0.6495431893687708,0.3722943722943723,0.839935064935065,0.2978535353535353,0.7828282828282829,0.3602226720647773,0.838157894736842,0.26538461538461544,0.7692307692307692,0.07407407407407407,0.7503205128205125,0.36585385005065857,0.6885336929843746,0.2890356740782437,0.7717079252876466,-0.20001160990712075,0.24466407345664304,-3.7535665359819914,5.184133394234752,0.6354651162790698,-0.14881474116649238,-0.9303905429053283,0.548071326570677,-1.2478942476811417,26,14,11,-0.7308767628130445,-1.1299043229976122,-1.2478942476811417,0.1898013922363077,1.1489713913862403,
28,dom_regular_verberase,0.7374999999999999,0.5626118067978533,0.8125,0.4534883720930233,0.7445887445887446,0.5555555555555556,0.728744939271255,0.5653846153846154,0.2692307692307692,0.583011583011583,0.3413127413127413,0.24169884169884165,0.29341080102784034,-0.05568675530074164,0.4191586538461538,0.8163701923076923,0.3425760286225402,0.7379472271914133,0.43741071428571426,0.9035714285714286,0.26740033222591364,0.7026578073089701,0.3721861471861472,0.8832251082251082,0.27765151515151515,0.7728535353535352,0.34008097165991896,0.8785425101214575,0.24990384615384617,0.8153846153846154,0.03703703703703709,0.7407407407407408,0.3503173456977805,0.7114275770525771,0.21948349518217408,0.6296814296814297,-0.05698953323251629,0.3320226374514337,-1.8217675861467812,2.264016669094784,0.813953488372093,0.18935530068638645,-0.1849582489854218,0.2680138138180282,-0.8591548539116574,26,14,11,-0.28279028153819435,-0.08712621643264926,-0.8591548539116574,0.16115571734518447,0.44455946809373276,
28,dom_regular_rank2,0.7230769230769231,0.48926654740608233,0.8035714285714286,0.40199335548172754,0.7272727272727273,0.5303030303030303,0.728744939271255,0.46153846153846156,0.3333333333333333,0.5312741312741313,0.3258687258687258,0.20540540540540547,0.41493435201670853,-0.11843417022001716,0.41725961538461537,0.8106009615384615,0.3479427549194991,0.6860912343470482,0.4338839285714286,0.9125,0.24248338870431893,0.6811461794019933,0.38517316017316017,0.9004329004329004,0.24747474747474746,0.7828282828282828,0.2994939271255061,0.8582995951417004,0.23846153846153847,0.7692307692307693,0.0714285714285714,0.7846153846153844,0.3394937507166609,0.7293666404405978,0.20900023400023401,0.6519968667836863,-0.08573412698412704,0.3416198877305533,-2.681910591815271,3.734277331192845,0.7406976744186047,0.004578250923255289,-0.27827019787434526,0.2059585194809422,-1.0567836714415557,26,14,11,-0.49392027743196637,-0.06262011831672412,-1.0567836714415557,0.19001873049493467,0.6719807766130216,
29,adom_matched,0.5451923076923078,0.45348837209302323,0.5107142857142857,0.4750830564784053,0.5411255411255411,0.505050505050505,0.534412955465587,0.40384615384615385,0.2692307692307692,0.4957528957528958,0.6671814671814671,-0.17142857142857132,-6.543867481849381,-0.3560610877262853,0.3019230769230769,0.6874999999999999,0.3148255813953489,0.6234794275491949,0.23745535714285715,0.725,0.2972591362126246,0.6910714285714286,0.23809523809523808,0.7835497835497836,0.23737373737373735,0.7526515151515151,0.2226720647773279,0.7489878542510121,0.22307692307692312,0.6694230769230768,0.01885185185185188,0.7810897435897435,0.34678410553410555,0.6703131454071597,0.39078632092950977,0.8386566924066924,-0.31707459207459204,0.10450039177464367,-19.38804591210381,23.518708583318077,0.4848837209302326,4.989268760893446,15.709320747188231,-4.177080260600398,9.50153448754203,26,14,4,9.128259355958878,22.290382138417584,9.50153448754203,-4.4282631598915945,-8.961700992658283,0.4682222222222222
29,dom_matched,0.4432692307692308,0.5134168157423971,0.39285714285714285,0.5564784053156147,0.5194805194805194,0.46464646464646464,0.30364372469635625,0.45769230769230773,0.2692307692307692,0.5598455598455598,0.6038610038610038,-0.044015444015443994,-2.0708746616219353,-0.32863668351454123,0.2584855769230769,0.6740624999999999,0.34961985688729874,0.6994856887298748,0.1875,0.7018303571428571,0.345514950166113,0.7475083056478405,0.199025974025974,0.7705627705627704,0.23232323232323235,0.7777777777777778,0.1740890688259109,0.6964574898785423,0.24230769230769234,0.7461538461538462,0.038461538461538464,0.84,0.36249322755417956,0.6836173483634421,0.3140487753378378,0.767241558630031,-0.22446022155960688,0.19237669848641187,-21.836585426055922,19.671211574500923,0.4656976744186046,-0.5828736012771094,4.927158520776315,-0.6298250051473282,-1.219937556921012,26,14,4,4.270910127611129,5.5834069139415,-1.219937556921012,-1.51097547390931,-2.710759447579222,0.40733333333333344
29,probe_strat,0.6548076923076923,0.38014311270125223,0.5785714285714286,0.43189368770764114,0.7532467532467532,0.36868686868686873,0.5789473684210525,0.33461538461538465,0.32051282051282043,0.5451737451737452,0.5868725868725869,-0.04169884169884175,5.520128258415832,-0.0580017673101163,0.4153125,0.7923317307692308,0.21822450805008944,0.5493067978533094,0.3303125,0.7714732142857141,0.22919435215946846,0.6528654485049833,0.3938311688311688,0.9047619047619048,0.14633838383838385,0.6669191919191918,0.29959514170040485,0.8137651821862348,0.10384615384615388,0.6231730769230769,0.02607692307692307,0.9285714285714285,0.36748015873015877,0.7006361840611066,0.29601787101787097,0.8325001045937577,-0.28339768339768345,0.21840002340002337,-33.30692238918031,36.29690266560304,0.5337209302325582,-2.1506001002607666,-16.484141292026504,-5.6588998350644735,4.649923166570674,26,14,7,-18.779940320863357,-14.188342263189648,4.649923166570674,4.342350213367965,6.866160309899107,0.6268169919748867
29,probe_strat_noinit,0.6519230769230769,0.4856887298747764,0.5857142857142857,0.5564784053156145,0.7445887445887445,0.43434343434343436,0.5668016194331984,0.5038461538461538,0.2948717948717949,0.5945945945945945,0.566023166023166,0.02857142857142847,0.8680065868217953,-0.07874611744784533,0.4403125,0.7788461538461539,0.2745527728085868,0.6279516994633273,0.35714285714285715,0.7572767857142857,0.28567275747508303,0.7193521594684383,0.4155844155844156,0.8918831168831168,0.1565656565656566,0.6819444444444442,0.33188259109311735,0.8137651821862348,0.15769230769230774,0.6770192307692308,0.03984615384615385,0.8153846153846156,0.3675176305486108,0.7254421797958949,0.2936972276949057,0.8046718146718146,-0.22297514033680832,0.22266621638588788,-19.270045667720364,23.09404904957929,0.6395348837209303,0.058844512922848445,-3.992953717922652,-1.89028696156611,0.38259845471628207,26,14,7,-4.010665793077963,-3.9752416427673407,0.38259845471628207,0.6422945448024033,1.125963206272529,0.5821598693703957
29,probe_matched,0.5394230769230769,0.49552772808586765,0.49107142857142855,0.5498338870431894,0.6666666666666667,0.41414141414141414,0.4170040485829959,0.45384615384615384,0.47435897435897434,0.5613899613899613,0.6077220077220078,-0.04633204633204646,2.911187005439258,-0.15154908188370547,0.3345913461538461,0.6913461538461538,0.3308810375670841,0.6628130590339893,0.22848214285714286,0.6928571428571428,0.33882890365448504,0.7509136212624583,0.34188311688311684,0.8744588744588744,0.21717171717171718,0.7323232323232323,0.18208502024291492,0.6356275303643724,0.21153846153846156,0.7039423076923076,0.0714285714285714,0.9016666666666668,0.3706168456168456,0.7072126116071427,0.3031032075563326,0.8082785976080248,-0.2626816998106062,0.20794562419562398,-18.21137235693372,21.395133267327658,0.5348837209302325,-0.4325738029401679,-7.960614561412885,1.495877836058207,6.452373776637645,26,14,4,-9.239766821681906,-6.681462301143863,6.452373776637645,2.30185295702647,3.6075687750538727,0.5724444444444444
29,dom_regular,0.6692307692307693,0.4928443649373882,0.7285714285714286,0.42857142857142855,0.7012987012987012,0.5656565656565656,0.659919028340081,0.4346153846153846,0.35897435897435903,0.48803088803088807,0.48648648648648646,0.001544401544401608,0.5557608848615609,-0.33017589480980775,0.43360576923076927,0.7846153846153846,0.33360912343470484,0.7012969588550982,0.45892857142857146,0.8732142857142857,0.2557724252491694,0.6378737541528239,0.3851731601731601,0.8571428571428571,0.30303030303030304,0.7727272727272726,0.33198380566801616,0.834008097165992,0.24615384615384617,0.7616346153846154,0.09259259259259262,0.8205128205128205,0.34766901295225444,0.6911659175916989,0.2786059830039878,0.7428571428571429,-0.17144455467372138,0.24097932629666363,-3.370861017111668,4.593988306211374,0.6389534883720931,-0.18914300681240254,-0.6474694208714729,0.483458631949868,-1.287995144694343,26,14,11,-0.4588759601085515,-0.8360628816343941,-1.287995144694343,0.11158025775313442,1.0633958872711913,
29,dom_regular_verberase,0.8086538461538462,0.539355992844365,0.8928571428571429,0.40863787375415284,0.8095238095238095,0.5404040404040404,0.797570850202429,0.5384615384615384,0.3333333333333333,0.6316602316602316,0.32664092664092664,0.3050193050193049,0.2918301500184066,-0.019820597152269304,0.4374759615384616,0.8365384615384616,0.34429785330948126,0.7192307692307691,0.45178571428571423,0.9214732142857142,0.24082225913621264,0.6877906976744185,0.3938311688311688,0.9090909090909091,0.2777777777777778,0.7728535353535351,0.3765182186234818,0.8704453441295545,0.26153846153846155,0.8038461538461539,0.06984126984126984,0.7695804195804197,0.340382853770934,0.7421026383526383,0.20582970796501132,0.6270661920661921,-0.04091539230707396,0.3698672039466689,-1.3601057612015734,1.9906277604592733,0.8436046511627907,0.15462357299064017,-0.003264495634565212,0.15648404090779147,-0.7580921665929247,26,14,11,-0.13760207114501993,0.1310730798758895,-0.7580921665929247,0.15831711547495697,0.4444164752109205,
29,dom_regular_rank2,0.7432692307692307,0.47227191413237923,0.8339285714285714,0.3787375415282392,0.7402597402597402,0.5303030303030303,0.7408906882591093,0.43846153846153846,0.3846153846153846,0.518918918918919,0.30579150579150577,0.21312741312741318,0.442818180461404,-0.1189736171585949,0.44225961538461545,0.8154086538461539,0.326453488372093,0.7013193202146689,0.4677678571428571,0.9214732142857143,0.23911960132890367,0.647923588039867,0.4069264069264069,0.9047619047619047,0.2928030303030303,0.7676767676767676,0.3360323886639676,0.8623481781376517,0.2423076923076923,0.7769230769230769,0.1071428571428571,0.8214285714285714,0.337461061238151,0.7400404515282396,0.21730152365677627,0.657690488476092,-0.0751160990712074,0.3406813564241485,-1.639731552641413,3.3079918038839478,0.7401162790697674,-0.061030133696892364,-0.12781656020609514,0.12164568193964505,-0.991547961642135,26,14,11,-0.33507739097105277,0.07944427055886248,-0.991547961642135,0.18991923407354921,0.7318455477618094,
30,adom_matched,0.5576923076923077,0.443649373881932,0.5178571428571428,0.47674418604651164,0.5541125541125541,0.47979797979797983,0.5465587044534412,0.4076923076923077,0.23076923076923075,0.5088803088803089,0.6918918918918919,-0.18301158301158305,-7.451469583564806,-0.33827268383819137,0.29891826923076925,0.7096874999999998,0.29693649373881936,0.6359570661896242,0.2178125,0.7250892857142858,0.2973421926910299,0.6897009966777405,0.2337662337662338,0.7794372294372293,0.23232323232323238,0.7727272727272727,0.22651821862348176,0.7570850202429149,0.20384615384615387,0.6577884615384616,0.0173789173789174,0.7755555555555553,0.3539619268760135,0.6877378091368931,0.3826682110907131,0.8448173344729073,-0.3071461742591774,0.08976190476190471,-20.843572745218317,12.831410301899531,0.4906976744186047,6.701247208636914,23.721729188703563,-4.916114359061073,14.346984890670237,26,14,4,14.922525584456329,32.520932792950795,14.346984890670237,-4.7323165096510955,-10.559073096609044,0.48177777777777775
30,dom_matched,0.4634615384615385,0.5,0.40178571428571425,0.5498338870431894,0.5454545454545454,0.4494949494949495,0.3076923076923077,0.43846153846153846,0.2692307692307693,0.5706563706563706,0.5853281853281853,-0.014671814671814665,-1.7167348743398383,-0.33617337211775755,0.25961538461538464,0.67125,0.3488372093023256,0.6896914132379248,0.16250000000000003,0.676830357142857,0.34219269102990035,0.7491694352159468,0.19913419913419916,0.7966450216450216,0.24229797979797976,0.7678030303030301,0.17803643724696352,0.7125506072874493,0.23451923076923073,0.7269230769230769,0.03703703703703709,0.8518518518518519,0.36326688200727775,0.6899684343434342,0.30050505050505044,0.7484750781625782,-0.21401725699604665,0.19538610038610046,-14.157498068789037,12.086505634106542,0.4738372093023256,-0.3553053432716331,5.910151809954127,-0.12816495954501464,-0.05526983894826037,26,14,4,5.1793523653212645,6.640951254586989,-0.05526983894826037,-1.1323130789446751,-2.384645497648598,0.4264444444444445
30,probe_strat,0.6721153846153847,0.3568872987477638,0.5660714285714287,0.46843853820598,0.7142857142857143,0.38888888888888884,0.6963562753036436,0.27692307692307694,0.2948717948717948,0.5768339768339767,0.5830115830115831,-0.006177606177606321,2.847573667041917,-0.04284996158048647,0.44805288461538456,0.798076923076923,0.23072450805008943,0.554561717352415,0.3267410714285715,0.7625446428571429,0.25411129568106317,0.6828903654485049,0.39383116883116875,0.9047619047619048,0.161489898989899,0.6717171717171717,0.3643724696356275,0.854251012145749,0.1,0.5924038461538462,0.0,0.9285714285714285,0.39659060846560845,0.7389487539487539,0.296014070131953,0.8242269712578678,-0.26563120039682553,0.24329836829836837,-27.439563681153068,31.887245831490805,0.5430232558139535,-1.588135881322518,-10.938130619096764,-3.90555113848521,2.6462194803572427,26,14,7,-11.283551858263749,-10.592709379929781,2.6462194803572427,1.9462455540263917,3.8776629390596598,0.6745009999746842
30,probe_strat_noinit,0.676923076923077,0.43559928443649376,0.5696428571428571,0.5564784053156147,0.7532467532467533,0.3939393939393939,0.6477732793522266,0.4153846153846154,0.2692307692307692,0.616988416988417,0.5706563706563706,0.04633204633204635,0.8506801205789104,-0.06434255099736375,0.46153846153846156,0.8019951923076921,0.2601967799642218,0.5983899821109123,0.3445982142857143,0.7768303571428572,0.30394518272425247,0.7043189368770764,0.4069264069264069,0.9178571428571428,0.1717171717171717,0.6767676767676767,0.3724696356275303,0.8461538461538461,0.1423076923076923,0.6540384615384613,0.038461538461538436,0.8214285714285714,0.3972597273344716,0.7343948916883614,0.3132665562113003,0.796517027863777,-0.21560684717524792,0.2535069444444445,-18.52959955717659,18.770293301789167,0.6284883720930232,-0.19235861226425674,-4.365930453333851,-1.899541982534032,0.31266086879126814,26,14,7,-3.6892954502788404,-5.0425654563888616,0.31266086879126814,0.5253807275503766,1.2224508554686633,0.6187041087567404
30,probe_matched,0.5721153846153847,0.4615384615384615,0.5142857142857142,0.5348837209302326,0.7056277056277056,0.38383838383838387,0.43724696356275305,0.40384615384615385,0.44871794871794873,0.5776061776061776,0.5297297297297298,0.04787644787644785,2.7267958231872225,-0.15572594927306485,0.3403605769230769,0.7182932692307693,0.3112701252236136,0.6440295169946333,0.2553571428571429,0.6964285714285714,0.3272425249169435,0.7325581395348837,0.34621212121212114,0.8833333333333331,0.1917929292929293,0.7272727272727273,0.20232793522267203,0.6681174089068824,0.1921153846153846,0.6653846153846152,0.11099999999999999,0.9261904761904762,0.38067838017141425,0.7166169461872586,0.26514389994130355,0.7642927905427906,-0.2208946684123712,0.27222736625514393,-22.115590841055482,25.04789694225197,0.5424418604651162,-1.7009594672490684,-6.364100808423583,0.25737859544296704,5.259118886475982,26,14,4,-6.720895993209107,-6.00730562363806,5.259118886475982,1.9263472380400022,3.6415942062126163,0.6315555555555555
30,dom_regular,0.6730769230769231,0.4883720930232558,0.7232142857142857,0.43521594684385384,0.7012987012987013,0.5505050505050505,0.659919028340081,0.42307692307692313,0.3717948717948718,0.4972972972972973,0.49498069498069497,0.0023166023166023564,0.5069018306346328,-0.31161799317234745,0.4384134615384616,0.7836778846153846,0.33718694096601065,0.7003577817531306,0.4479910714285714,0.8893303571428571,0.2574335548172757,0.6528239202657808,0.38950216450216446,0.8614718614718615,0.30290404040404034,0.7731060606060602,0.3561740890688259,0.8299595141700404,0.2460576923076923,0.7769230769230768,0.08333333333333337,0.8205128205128205,0.3547550862450243,0.7036542890583704,0.2807843203320026,0.749036191974823,-0.1750476051017847,0.24394593253968228,-2.1074856955995824,5.334369992686496,0.6517441860465116,-0.16998619255444117,-0.47843329270001783,0.4374908082527053,-1.0881427790639064,26,14,11,-0.29145181777452234,-0.6654147676255133,-1.0881427790639064,0.10806962762028711,0.9627100626510275,
30,dom_regular_verberase,0.7913461538461538,0.5429338103756709,0.8589285714285715,0.43023255813953487,0.7922077922077921,0.5505050505050505,0.7692307692307692,0.5461538461538462,0.423076923076923,0.6687258687258688,0.34594594594594597,0.32277992277992285,0.20032178401559833,-0.023589178787189143,0.43555288461538455,0.8509615384615384,0.34523703041144904,0.7289803220035779,0.45178571428571435,0.9214285714285714,0.2507475083056478,0.6860880398671096,0.3938311688311688,0.9264069264069265,0.2727272727272727,0.7779040404040403,0.35627530364372473,0.8705465587044533,0.2575961538461538,0.8000961538461538,0.08901282051282049,0.8461538461538461,0.37369038818163597,0.7682813651776501,0.225120873708335,0.6525163556413557,-0.02700669419419426,0.3819904279279278,-1.6306910659571647,1.7318290191001409,0.8505813953488373,0.14040004672573586,0.16428068490732378,0.20894942970359187,-0.5458885327796182,26,14,11,0.08143696901397662,0.24712440080067097,-0.5458885327796182,0.10740723637637543,0.30650983846042446,
30,dom_regular_rank2,0.7490384615384615,0.4892665474060822,0.8357142857142856,0.3870431893687708,0.7619047619047619,0.5303030303030303,0.728744939271255,0.44230769230769235,0.4358974358974359,0.5428571428571428,0.3467181467181467,0.1961389961389961,0.40895738469538123,-0.11504647485299853,0.44709134615384616,0.8278846153846154,0.3362477638640429,0.6923300536672631,0.4535714285714285,0.9214732142857142,0.23255813953488375,0.6578488372093023,0.4284632034632034,0.9090909090909091,0.27260101010101007,0.7676767676767676,0.33198380566801616,0.8705465587044533,0.23067307692307693,0.7539423076923077,0.1428571428571429,0.8581845238095238,0.3474837879675341,0.7658587276129377,0.22449845679012345,0.6532753709998291,-0.05937711148648655,0.3664179203753869,-1.5176022131589628,3.388762053941651,0.7703488372093024,-0.023120373565366892,0.058899896006233625,0.12980969464195524,-0.6885167411412906,26,14,11,-0.12259183146770748,0.24039162348017473,-0.6885167411412906,0.20675734136487123,0.6400431485016782,
31,adom_matched,0.5778846153846153,0.43112701252236135,0.5285714285714286,0.4833887043189369,0.6017316017316017,0.4747474747474747,0.5506072874493927,0.40384615384615385,0.24358974358974358,0.5042471042471042,0.7189189189189189,-0.21467181467181473,95.9960888460767,-0.3375703174076179,0.32689903846153845,0.7336778846153846,0.2888640429338104,0.622562611806798,0.24281250000000001,0.7321874999999999,0.30390365448504986,0.6778654485049835,0.2727272727272727,0.8354978354978355,0.21212121212121213,0.7575757575757576,0.2509109311740891,0.7733805668016193,0.1922115384615385,0.6461538461538461,0.0,0.7305069930069928,0.3578968253968254,0.68731498120043,0.4107749155405405,0.831092780181834,-0.3000137686860739,0.08423989002176648,-23.31393769472324,16.975288620028138,0.5058139534883721,-93.85755305825766,-347.66092184468823,25.69829377607664,-193.14361473422352,26,14,4,-251.38883603378403,-443.93300765559246,-193.14361473422352,62.05493799658517,134.78597553120983,0.4953333333333333
31,dom_matched,0.5125,0.460644007155635,0.4482142857142857,0.5232558139534884,0.6450216450216449,0.4444444444444444,0.32793522267206476,0.4,0.21794871794871798,0.5637065637065637,0.5984555984555985,-0.03474903474903479,-2.0651744613469787,-0.3455143842665992,0.26634615384615384,0.700985576923077,0.3184033989266547,0.6879025044722717,0.19464285714285715,0.6947321428571428,0.3421511627906977,0.7542774086378737,0.22077922077922077,0.8269480519480519,0.2373737373737374,0.7779040404040403,0.16194331983805665,0.7004048582995951,0.22298076923076923,0.7153846153846153,0.03703703703703709,0.8221428571428565,0.3544072755791506,0.6821907931309977,0.33522581986267075,0.7483294483294481,-0.22709980814147487,0.19208591331269342,-11.637553958199222,17.342564256639026,0.49011627906976746,0.32857690027602265,12.765998662030432,2.6282266780854777,2.0964436266016566,26,14,4,12.385780155765833,13.146217168295031,2.0964436266016566,-1.233546300682514,-3.015606644963509,0.4688888888888888
31,probe_strat,0.6874999999999999,0.32468694096601075,0.5785714285714286,0.44352159468438535,0.7359307359307359,0.35858585858585856,0.7044534412955465,0.23461538461538461,0.34615384615384615,0.5498069498069498,0.5691119691119692,-0.019305019305019377,3.562291042479992,-0.0427766528883196,0.46052884615384615,0.823076923076923,0.19226296958855096,0.5197003577817532,0.32678571428571435,0.775,0.22749169435215946,0.6411960132890364,0.4242424242424242,0.9134199134199134,0.12613636363636366,0.6313131313131313,0.38866396761133604,0.8785425101214575,0.07692307692307693,0.5116346153846153,0.03703703703703709,0.9285714285714286,0.38140926640926637,0.7270001102292769,0.30397063078703707,0.8027872718497717,-0.27724373224373217,0.21929012345678991,-24.080539410322626,32.1562873664556,0.5156976744186046,-4.120513102144012,-17.63765915255398,-8.827384774734533,3.477720227179147,26,14,7,-18.50746715705073,-16.76785114805723,3.477720227179147,1.9231682922901054,5.43557418555415,0.6705750740487583
31,probe_strat_noinit,0.6990384615384615,0.39087656529516995,0.5928571428571429,0.5132890365448505,0.7619047619047619,0.3535353535353535,0.6680161943319838,0.3576923076923077,0.358974358974359,0.5922779922779922,0.5953667953667954,-0.003088803088803216,0.38333278915455865,-0.06604461937807714,0.4932211538461539,0.8211538461538461,0.2271690518783542,0.5805679785330947,0.35888392857142853,0.7892857142857144,0.2691029900332226,0.6860880398671096,0.46309523809523806,0.922077922077922,0.14646464646464652,0.6464646464646464,0.38866396761133604,0.8623481781376519,0.10749999999999998,0.5924038461538462,0.03703703703703704,0.8562169312169308,0.4004435210682752,0.7344878472222222,0.30573403766442064,0.7786147186147185,-0.21930501930501922,0.24554719016793317,-16.45862534340378,12.877705065657722,0.6052325581395349,-0.5647274088490747,-5.025550114681504,-2.788676533682699,0.39678030611347676,26,14,7,-4.604520713114795,-5.446579516248213,0.39678030611347676,-0.10009676761677545,0.9358237111789405,0.6211529581529582
31,probe_matched,0.5884615384615384,0.4364937388193202,0.5196428571428572,0.5199335548172758,0.7142857142857142,0.3939393939393939,0.45344129554655865,0.3653846153846154,0.4230769230769231,0.596138996138996,0.5328185328185328,0.06332046332046326,2.4935714774791773,-0.16044897785275775,0.3951201923076923,0.7326923076923078,0.303175313059034,0.6154069767441861,0.27142857142857146,0.7108482142857143,0.32549833887043195,0.7277408637873752,0.4024891774891774,0.8831168831168831,0.2119949494949495,0.7071969696969697,0.19433198380566802,0.7005060728744938,0.1576923076923077,0.6076923076923078,0.0714285714285714,0.9285714285714286,0.38078526149619835,0.7179882812499999,0.28801158301158303,0.754773976023976,-0.22295088722623554,0.24632912132912121,-25.58636890443501,26.372297795063147,0.5383720930232558,-2.614696802659553,-9.727917834076603,-2.7088993730226023,5.917663225489302,26,14,4,-11.75719042127492,-7.698645246878285,5.917663225489302,1.9199718178279508,3.1491139456520068,0.6802222222222222
31,dom_regular,0.6884615384615385,0.5062611806797853,0.7374999999999999,0.45016611295681064,0.7142857142857143,0.5656565656565656,0.6882591093117408,0.4423076923076923,0.35897435897435903,0.5011583011583012,0.4911196911196911,0.010038610038610063,0.45250972856913196,-0.2837045750170698,0.4037740384615385,0.7932692307692307,0.34076475849731663,0.7093023255813953,0.45174107142857145,0.8767857142857143,0.26245847176079734,0.6694767441860465,0.31580086580086575,0.8614718614718615,0.29785353535353537,0.803030303030303,0.3360323886639676,0.8463562753036437,0.23076923076923084,0.7886538461538459,0.07435897435897436,0.8461538461538461,0.3643763893763894,0.6956371112035942,0.3057528957528957,0.731981271043771,-0.18191662084463942,0.21362361408801028,-2.5199388462914873,3.3637618370831617,0.6651162790697674,-0.09568490253094121,-0.42571169145031573,0.4493398629147083,-0.8391883815026671,26,14,11,-0.2995025866252869,-0.5519207962753445,-0.8391883815026671,0.1043495923641258,0.8504070270891387,
31,dom_regular_verberase,0.8,0.5733452593917711,0.8767857142857143,0.45681063122923593,0.7835497835497836,0.5757575757575757,0.7894736842105263,0.5538461538461539,0.3974358974358974,0.6548262548262548,0.34749034749034746,0.3073359073359073,0.1799892230378878,-0.024637565864436523,0.4317067307692308,0.8461778846153846,0.35147584973166374,0.7443202146690517,0.41776785714285714,0.9107142857142856,0.2674418604651163,0.7109634551495017,0.3808441558441558,0.9134199134199135,0.29292929292929293,0.7828282828282829,0.3602226720647773,0.8825910931174089,0.24990384615384617,0.823076923076923,0.08275,0.8206730769230769,0.36584044400815524,0.739034749034749,0.2337299826076916,0.647245019640853,-0.04097562636165578,0.37069444444444444,-1.0625474706991562,2.0372863644952783,0.8523255813953489,0.1779368925042982,0.1865407905668551,0.32855516344469,-0.3734679390004552,26,14,11,0.052185938140420406,0.3208956429932898,-0.3734679390004552,0.09671258001417173,0.2751625293507062,
31,dom_regular_rank2,0.7480769230769231,0.5,0.8339285714285714,0.40199335548172754,0.7532467532467533,0.5757575757575757,0.7570850202429149,0.46153846153846156,0.4358974358974359,0.5328185328185328,0.338996138996139,0.19382239382239375,0.3434524436708006,-0.1123983147908917,0.4076923076923077,0.8241105769230768,0.3344812164579607,0.730813953488372,0.45883928571428567,0.9179017857142857,0.2408222591362126,0.6861295681063122,0.32900432900432897,0.9004329004329004,0.2777777777777778,0.7929292929292928,0.3238866396761133,0.8785425101214575,0.24221153846153848,0.7770192307692309,0.1111111111111111,0.8916666666666666,0.3327869405864197,0.7458177489752496,0.22986338395007125,0.653393552032419,-0.07392403133502208,0.3591874327942438,-1.0240575248330854,2.9552415940418655,0.7802325581395348,0.051976953812038706,0.0996274587942568,0.24317744271008415,-0.4928441282980238,26,14,11,-0.10865072913133311,0.3079056467198467,-0.4928441282980238,0.15830082195749462,0.5550542970574359,
32,adom_matched,0.5913461538461539,0.4221824686940966,0.5357142857142858,0.4817275747508306,0.6450216450216449,0.43939393939393945,0.5506072874493927,0.4,0.21794871794871795,0.5104247104247104,0.7320463320463321,-0.2216216216216217,12.364941179758718,-0.3485675212384947,0.2826201923076923,0.7355769230769231,0.2844141323792487,0.6404516994633274,0.27852678571428574,0.7161160714285714,0.2972591362126246,0.6761212624584717,0.225,0.8484848484848485,0.22222222222222224,0.7930555555555554,0.22672064777327935,0.7854251012145749,0.2076923076923077,0.6654807692307692,0.018518518518518545,0.7166071428571429,0.35699821566358025,0.6751673548548548,0.42264957264957265,0.8238306051587302,-0.3078156001984128,0.09966221677258905,-19.30206428475697,12.920583413733263,0.5145348837209301,-10.774718377177091,-48.03504751126374,-0.6467261120091147,-28.83755612836937,26,14,4,-36.09027633638222,-59.979818686145265,-28.83755612836937,8.341242685002431,16.963453745194474,0.4946666666666667
32,dom_matched,0.5317307692307691,0.4508050089445439,0.4642857142857143,0.5083056478405316,0.670995670995671,0.39898989898989895,0.3481781376518218,0.4,0.17948717948717943,0.5544401544401545,0.6177606177606177,-0.06332046332046326,-4.52264010618887,-0.3669237074153182,0.2519230769230769,0.7307932692307693,0.31661449016100174,0.701319320214669,0.22138392857142855,0.6911160714285713,0.33222591362126247,0.735921926910299,0.19047619047619047,0.8571428571428571,0.21717171717171718,0.7727272727272727,0.15789473684210525,0.7125506072874493,0.2153846153846154,0.7346153846153847,0.025560897435897418,0.7802564102564102,0.3563175533749065,0.672117702117702,0.33359073359073355,0.7778000534616412,-0.24846181033634931,0.17454449454449453,-13.659003700872377,13.222480487694627,0.5133720930232558,0.7341153600415932,26.317083173066713,6.777979984257576,6.833337266207469,26,14,4,25.353504933449397,27.280661412684026,6.833337266207469,-3.243902998766516,-5.98405394324299,0.49044444444444435
32,probe_strat,0.648076923076923,0.3416815742397138,0.5589285714285714,0.43521594684385384,0.7099567099567099,0.35858585858585856,0.6437246963562753,0.2653846153846154,0.33333333333333326,0.5397683397683397,0.5791505791505791,-0.03938223938223939,5.669308519367965,-0.047746022876638414,0.43262019230769233,0.8057932692307692,0.19496869409660111,0.552772808586762,0.34089285714285716,0.7875892857142857,0.22084717607973423,0.6694352159468439,0.38095238095238093,0.892099567099567,0.14646464646464646,0.6667929292929292,0.3360323886639676,0.858400809716599,0.09615384615384617,0.5808653846153846,0.0357142857142857,0.9285714285714286,0.3823275493449184,0.7040959293015311,0.2934248648368989,0.8084979026645693,-0.2603348380413683,0.23309993953434144,-32.569163224716945,25.763922414088377,0.5005813953488372,-3.548063105496742,-24.10556094631993,-15.180512457381896,7.321971772318826,26,14,7,-26.327837362067694,-21.883284530572165,7.321971772318826,3.973968627596445,7.606839824249701,0.6705872762714868
32,probe_strat_noinit,0.7067307692307693,0.39803220035778175,0.6375,0.5049833887043189,0.7445887445887446,0.35858585858585856,0.680161943319838,0.38076923076923075,0.34615384615384615,0.5861003861003861,0.5258687258687258,0.06023166023166027,0.49559280810680845,-0.07308307548997378,0.5067067307692308,0.8288701923076923,0.2396690518783542,0.5814847942754919,0.3785714285714286,0.7875446428571429,0.2823089700996678,0.7094269102990033,0.44155844155844154,0.9395021645021645,0.15643939393939393,0.6617424242424241,0.39676113360323884,0.8623481781376519,0.14230769230769233,0.6230769230769231,0.040000000000000036,0.8710925925925919,0.3809193121693122,0.7275735294117646,0.27535857348861115,0.7707245163690476,-0.1969573610877959,0.2642380839646464,-10.617688183524164,18.856397892735647,0.6279069767441859,-0.3091414699267109,-4.15918056333388,-2.824140618504762,0.7524622683094628,26,14,7,-4.059306248100209,-4.259054878567551,0.7524622683094628,0.17613217407051657,0.8606906755768563,0.6409527860054176
32,probe_matched,0.5778846153846154,0.4543828264758497,0.5357142857142857,0.5033222591362126,0.7012987012987013,0.43939393939393945,0.4251012145748988,0.3769230769230769,0.41025641025641024,0.5791505791505791,0.5444015444015444,0.03474903474903468,2.974554862205029,-0.15789797594746374,0.3557211538461538,0.720264423076923,0.3191636851520573,0.6405187835420393,0.27852678571428574,0.7286607142857143,0.320514950166113,0.714327242524917,0.3593073593073593,0.8874458874458875,0.20189393939393943,0.7373737373737373,0.19028340080971656,0.6600202429149796,0.18836538461538463,0.6653846153846154,0.0714285714285714,0.9285714285714285,0.3848958333333333,0.6912465571512886,0.2918162334087638,0.7836633294147062,-0.22837377818218832,0.21641437066299374,-22.63898877427855,15.36335131194729,0.5453488372093024,-0.6874713241003116,-7.30141904251537,-3.594487445419892,4.662082761723908,26,14,4,-9.100104071974634,-5.502734013056107,4.662082761723908,2.5794939491933544,3.4260530485040865,0.6802222222222222
32,dom_regular,0.7076923076923077,0.49910554561717346,0.7339285714285715,0.4568106312292359,0.7186147186147187,0.5757575757575757,0.7085020242914979,0.42307692307692313,0.3717948717948718,0.5104247104247104,0.5027027027027027,0.007722007722007707,0.45621327465740713,-0.25573289603678423,0.4143269230769231,0.8173076923076923,0.33179785330948125,0.7236583184257602,0.45709821428571434,0.8821428571428571,0.27408637873754155,0.6828073089700996,0.32456709956709956,0.8788961038961038,0.28787878787878785,0.803030303030303,0.3884615384615384,0.8663967611336032,0.2115384615384615,0.7653846153846154,0.07407407407407407,0.8593333333333334,0.3533643647517486,0.706257007277734,0.31232409231635233,0.7583064776408428,-0.20053176553176552,0.2165845114521938,-1.6629330688427755,3.110000205199451,0.6854651162790697,-0.11607402586280698,-0.43745530456176246,0.38918513244340486,-0.8154956181390396,26,14,11,-0.30864103898927786,-0.5662695701342471,-0.8154956181390396,0.17251495975543144,0.780439920259665,
32,dom_regular_verberase,0.8192307692307692,0.5572450805008944,0.8607142857142857,0.47342192691029905,0.7705627705627706,0.6313131313131313,0.8704453441295545,0.5192307692307693,0.4487179487179487,0.6362934362934363,0.33667953667953665,0.2996138996138996,0.2456926534499749,-0.01909409035055089,0.40668269230769233,0.8721153846153846,0.32379248658318427,0.7540250447227191,0.46424107142857146,0.9214285714285714,0.2956395348837209,0.7176079734219268,0.34177489177489173,0.9265151515151515,0.28257575757575765,0.8181818181818182,0.3441295546558704,0.9312753036437246,0.2345192307692308,0.8038461538461539,0.08974358974358972,0.9262566137566137,0.35827495650412317,0.7613899613899614,0.22839338951955046,0.6387391774891775,-0.04047889610389613,0.3683495015560233,-1.0620532324154697,1.4124979754980898,0.8430232558139534,0.14301883779738928,0.18726269262816025,0.3158491933816801,-0.2819601824163448,26,14,11,0.20106205875076533,0.17346332650555518,-0.2819601824163448,0.16438955679206876,0.33861047820186757,
32,dom_regular_rank2,0.7586538461538462,0.48837209302325585,0.8107142857142857,0.41029900332225916,0.7316017316017316,0.5909090909090908,0.7813765182186234,0.3961538461538462,0.4487179487179487,0.5057915057915059,0.3675675675675676,0.1382239382239383,0.35189605980316263,-0.12609452502619484,0.40576923076923077,0.8500240384615384,0.31393112701252235,0.7334525939177102,0.4802678571428571,0.9196428571428571,0.259094684385382,0.6744186046511628,0.32012987012987004,0.9135281385281385,0.2777777777777778,0.8132575757575756,0.3561740890688259,0.8948380566801617,0.21153846153846154,0.7538461538461538,0.11538461538461542,0.8854700854700852,0.33357201130807945,0.7490555881271853,0.24380291005291002,0.6589321789321789,-0.08594955632716049,0.32032596409574465,-1.313280522074437,2.5171169206117505,0.7656976744186047,-0.028067705109421703,-0.0035135360568534155,0.24870165458229218,-0.48499083294278883,26,14,11,-0.09723507163349633,0.0902079995197895,-0.48499083294278883,0.16098192992111496,0.5700836368112171,
33,adom_matched,0.5961538461538463,0.41323792486583183,0.5321428571428571,0.4750830564784053,0.6536796536796537,0.4343434343434343,0.5425101214574899,0.3961538461538462,0.2564102564102564,0.4934362934362934,0.705019305019305,-0.21158301158301157,-486.5097569917399,-0.3460587635102315,0.29033653846153845,0.7538701923076923,0.28888640429338097,0.6350849731663686,0.2605357142857143,0.7142857142857143,0.315531561461794,0.6794435215946845,0.19036796536796532,0.8614718614718614,0.20707070707070704,0.7579545454545452,0.21862348178137647,0.7732793522267206,0.2,0.6500961538461539,0.0,0.7407004830917875,0.3364281358476405,0.6739597486413044,0.39618785511363636,0.8088346014081308,-0.3030008549860791,0.10351351351351351,-15.359137336879833,25.04188889607295,0.5180232558139535,445.8646584459454,1755.095233502947,25.37673173757359,1096.4077666004487,26,14,4,1229.672056505305,2280.518410500589,1096.4077666004487,-325.02423290141064,-671.0646416664018,0.4866666666666667
33,dom_matched,0.5442307692307692,0.44722719141323797,0.47857142857142854,0.5149501661129569,0.696969696969697,0.3939393939393939,0.3522267206477733,0.4269230769230769,0.21794871794871795,0.5343629343629344,0.5976833976833976,-0.06332046332046326,-3.226080718523536,-0.35274625997316195,0.24514423076923075,0.7375240384615385,0.3211091234347048,0.6914803220035778,0.2160267857142857,0.6911160714285713,0.3521179401993355,0.73421926910299,0.16872294372294372,0.8744588744588744,0.20707070707070707,0.7929292929292928,0.15374493927125504,0.7207489878542509,0.2191346153846154,0.7461538461538462,0.0357142857142857,0.8703703703703703,0.33952991452991454,0.6787794937794938,0.3126934984520124,0.7345410127066472,-0.24226671342879266,0.19894349845201237,-16.83318987188313,14.008761037202044,0.5098837209302325,1.3950798765847725,18.824762064196804,4.8063765743326945,5.516622298192783,26,14,4,16.509557658800016,21.139966469593592,5.516622298192783,-2.221330117107082,-4.37436712014234,0.47133333333333327
33,probe_strat,0.6451923076923076,0.334525939177102,0.5392857142857144,0.43189368770764114,0.7142857142857142,0.3333333333333333,0.611336032388664,0.2884615384615385,0.3717948717948718,0.5451737451737451,0.5752895752895753,-0.03011583011583019,6.526427048109486,-0.04790256713079873,0.44326923076923086,0.822139423076923,0.1993738819320215,0.521489266547406,0.31785714285714284,0.7857142857142857,0.24418604651162792,0.6495847176079733,0.4199134199134199,0.9221861471861471,0.13131313131313133,0.6161616161616161,0.3318825910931174,0.8463562753036435,0.1076923076923077,0.5769230769230769,0.024021739130434795,0.9027777777777763,0.378046875,0.7029759837962962,0.2709727584727585,0.7663640131505001,-0.24537181712962966,0.26110269610269593,-29.77955989282462,24.136521374907648,0.4924418604651163,-6.898589496391843,-38.35481289655317,-26.362073910298903,10.3889435701517,26,14,7,-39.28393273408577,-37.42569305902058,10.3889435701517,3.9512307364425774,9.469508547157385,0.6595794790005316
33,probe_strat_noinit,0.6903846153846154,0.3944543828264758,0.6,0.5116279069767442,0.7445887445887446,0.3434343434343435,0.6437246963562753,0.3961538461538462,0.358974358974359,0.5876447876447877,0.48648648648648646,0.10115830115830121,0.5892146251273768,-0.06781916008245306,0.4922115384615385,0.8336778846153846,0.23343023255813958,0.583206618962433,0.3660267857142857,0.7982589285714285,0.2822259136212624,0.6926910299003322,0.46742424242424246,0.9438311688311688,0.12613636363636363,0.6213383838383837,0.3845141700404858,0.8462550607287448,0.14990384615384617,0.6076923076923076,0.07407407407407407,0.8928571428571429,0.3846333391108933,0.7089367656979927,0.2584733394108394,0.7477189242814243,-0.18767394767394746,0.26270127676377664,-23.901303331462188,16.662439126380413,0.6017441860465117,-0.35744321728205847,-4.195811041982622,-3.215528902948883,0.8923110683488552,26,14,7,-3.7079659469810555,-4.683656136984188,0.8923110683488552,0.27644440917009555,0.946666300507127,0.620791701475912
33,probe_matched,0.5923076923076923,0.45796064400715564,0.5321428571428571,0.5232558139534884,0.7532467532467532,0.3939393939393939,0.39676113360323884,0.43846153846153846,0.3846153846153846,0.5899613899613899,0.538996138996139,0.05096525096525095,3.0625408790343047,-0.1562687269498849,0.36439903846153837,0.7105769230769231,0.3102638640429338,0.6565742397137745,0.2695982142857143,0.701830357142857,0.32720099667774083,0.7259966777408637,0.4067099567099567,0.9090909090909091,0.19191919191919193,0.7122474747474746,0.1658906882591093,0.6396761133603239,0.20375000000000007,0.6692307692307692,0.06,0.9259259259259259,0.37500000000000006,0.7110622148122148,0.29677358906525575,0.7814864864864866,-0.22036024305555563,0.22297509392913356,-21.30543332930812,20.641206643062354,0.5558139534883721,-0.7167297949213274,-7.511166223346631,-3.454559787242276,3.4835016464062214,26,14,4,-8.107675661335678,-6.914656785357585,3.4835016464062214,2.857820181203588,3.2965073908408367,0.6642222222222222
33,dom_regular,0.7086538461538462,0.4660107334525939,0.7160714285714286,0.4401993355481727,0.7012987012987013,0.5555555555555556,0.7206477732793521,0.38461538461538464,0.3717948717948718,0.5042471042471042,0.49266409266409267,0.011583011583011504,0.48959163794773597,-0.23470673459792793,0.3950961538461539,0.8269951923076923,0.3157200357781753,0.6942084078711984,0.4660714285714286,0.8857142857142857,0.27408637873754155,0.6677740863787376,0.30303030303030304,0.8790043290043288,0.2878787878787879,0.8181818181818181,0.3846153846153846,0.8906882591093116,0.21923076923076923,0.7539423076923076,0.07999999999999996,0.8571428571428571,0.35553763440860214,0.692863908477621,0.3083512927097213,0.7338041795665633,-0.18354046103395075,0.20700139200139203,-2.506231519915045,3.7361219691843717,0.6877906976744187,-0.2270177873408113,-0.5504163799822545,0.44015467159837557,-0.732408933471655,26,14,11,-0.3831664409145935,-0.7176663190499154,-0.732408933471655,0.1815618318575606,0.8416257020507937,
33,dom_regular_verberase,0.8182692307692307,0.48389982110912344,0.8428571428571427,0.4169435215946844,0.7575757575757576,0.5808080808080808,0.8825910931174088,0.4346153846153846,0.47435897435897434,0.5961389961389961,0.3567567567567567,0.2393822393822394,0.2742205979424764,-0.03849511420065897,0.4230528846153846,0.8731009615384615,0.31211985688729876,0.7102191413237925,0.4803571428571429,0.9249999999999999,0.25747508305647837,0.679485049833887,0.29004329004329,0.9135281385281384,0.25252525252525254,0.8282828282828283,0.4209514170040486,0.9393724696356275,0.2153846153846154,0.7461538461538462,0.0734126984126984,0.8928571428571428,0.3505365055365055,0.760329585537919,0.24013051742218405,0.6494634944634945,-0.068765534507722,0.3683695553812742,-1.2003366356431957,1.5810530474690447,0.8174418604651164,-0.02586638371215011,-0.005667282352936561,0.26049808014413217,-0.3606136624944223,26,14,11,0.00902245870385376,-0.020357023409726883,-0.3606136624944223,0.15879997473777807,0.4061298816049887,
33,dom_regular_rank2,0.7653846153846153,0.45259391771019675,0.7946428571428572,0.39867109634551495,0.7316017316017316,0.5656565656565657,0.7935222672064777,0.3423076923076923,0.47435897435897434,0.4803088803088803,0.3884169884169884,0.0918918918918919,0.3770330235873693,-0.11516066909553967,0.39903846153846156,0.8586538461538462,0.3013864042933811,0.6941189624329158,0.47303571428571434,0.9143303571428572,0.24580564784053158,0.6645348837209302,0.3073593073593074,0.922077922077922,0.26262626262626265,0.7981060606060605,0.3724696356275304,0.8948380566801618,0.18461538461538463,0.7346153846153846,0.10800595238095236,0.8809166666666666,0.3229327541827542,0.7376257359335303,0.2562151563714064,0.6803096722330468,-0.11040609591789931,0.3046144846144846,-1.3329803266622309,2.0869533178662563,0.7523255813953489,-0.17629396227752508,-0.04172974834989139,0.28288487108859023,-0.4657709205467915,26,14,11,-0.11373452733268503,0.03027503063290225,-0.4657709205467915,0.15423809776391012,0.6316557959570367,
34,adom_matched,0.6009615384615384,0.39713774597495527,0.5303571428571429,0.47342192691029905,0.6709956709956709,0.4191919191919192,0.5303643724696356,0.36153846153846153,0.2692307692307692,0.4772200772200772,0.6857142857142857,-0.20849420849420852,-5.382927601037933,-0.32906651361829325,0.2874759615384615,0.7481971153846154,0.270102862254025,0.6450581395348837,0.248125,0.7125,0.30228405315614615,0.6943521594684384,0.22056277056277057,0.8614718614718615,0.2119949494949495,0.7474747474747475,0.21457489878542507,0.7692307692307692,0.18451923076923074,0.6653846153846154,0.0357142857142857,0.7600833333333331,0.33279922779922777,0.6609836040695415,0.38924254345182746,0.7978906950110727,-0.3199679230152365,0.1196852425180598,-16.989130302764647,20.574073296196076,0.49069767441860457,5.518998553382782,19.01654007160526,0.7374522935427361,11.705591398359287,26,14,4,13.215710005196366,24.817370138014155,11.705591398359287,-3.833993601177017,-7.153137886593263,0.5002222222222222
34,dom_matched,0.5432692307692308,0.4239713774597495,0.46071428571428574,0.5016611295681064,0.6839826839826839,0.36868686868686873,0.36032388663967607,0.3884615384615385,0.19230769230769232,0.4857142857142857,0.6108108108108108,-0.12509652509652508,-0.8831874765797907,-0.34444572671247453,0.2547836538461538,0.7336778846153846,0.29427549194991054,0.6824910554561718,0.21250000000000002,0.6910714285714287,0.31220930232558136,0.7325996677740864,0.18181818181818182,0.8788961038961038,0.19191919191919193,0.7525252525252525,0.14969635627530362,0.7165991902834008,0.20375000000000004,0.7116346153846154,0.03703703703703709,0.8096538461538463,0.317964364194833,0.6549345840754507,0.30277768222298673,0.7544619200520066,-0.269547851803171,0.18496440154048832,-13.81656359409182,14.96075163951707,0.4883720930232558,1.1698128297339203,8.333471016341923,2.1702777877883874,3.1774367822308673,26,14,4,7.456016893902165,9.21092513878168,3.1774367822308673,-0.5897521235909455,-1.2185421657098996,0.5015555555555555
34,probe_strat,0.6009615384615385,0.3488372093023256,0.4928571428571429,0.43853820598006643,0.645021645021645,0.3686868686868687,0.582995951417004,0.2692307692307693,0.35897435897435903,0.5428571428571428,0.5667953667953668,-0.02393822393822398,-2.665155656437923,-0.04514581147107471,0.39995192307692307,0.7749999999999999,0.20565742397137748,0.5286896243291591,0.28388392857142863,0.7411160714285714,0.23417774086378734,0.6578488372093024,0.3463203463203463,0.8701298701298701,0.14646464646464646,0.6515151515151515,0.29959514170040485,0.8097165991902834,0.08461538461538462,0.5692307692307692,0.03703703703703709,0.8930357142857142,0.37449203706178785,0.6819981378478623,0.2971842141346786,0.759994896843333,-0.22112196180555543,0.20641610908651783,-24.218522946691817,34.861791646373845,0.43197674418604654,1.6222004173708329,10.966829064738713,10.226793413549137,-3.3647926083367103,26,14,7,11.594744737580603,10.338913391896822,-3.3647926083367103,-2.1471078559123544,-3.2572102856100025,0.6905561125034809
34,probe_strat_noinit,0.6336538461538461,0.41771019677996424,0.5232142857142857,0.5398671096345515,0.6883116883116882,0.42424242424242425,0.6032388663967612,0.3576923076923077,0.4230769230769231,0.5405405405405406,0.5343629343629344,0.00617760617760621,1.198451046098344,-0.06591250030084918,0.4355769230769231,0.7865384615384615,0.26113595706618964,0.5796288014311269,0.32495535714285717,0.7411160714285714,0.29892026578073094,0.717607973421927,0.37662337662337664,0.9090909090909091,0.18181818181818182,0.6969696969696969,0.3441295546558705,0.8137651821862348,0.1423076923076923,0.5731730769230768,0.10256410256410253,0.888888888888889,0.3420589133089133,0.6775787168560605,0.309195804600361,0.7729791440046859,-0.23554590304590298,0.17873158832911146,-14.471307704716056,19.816689744368006,0.5517441860465117,0.021338471171442476,-4.654289977469846,-4.3481949772284905,1.5904724197842157,26,14,7,-4.04197828127978,-5.2666016736599115,1.5904724197842157,0.8323129197922841,1.6168946190195554,0.6622724487987647
34,probe_matched,0.5451923076923076,0.4704830053667263,0.475,0.548172757475083,0.6753246753246753,0.41414141414141414,0.3765182186234818,0.4153846153846154,0.41025641025641024,0.555984555984556,0.5057915057915058,0.050193050193050204,-4.299219107641481,-0.14193297495030735,0.29701923076923076,0.6913461538461538,0.3246645796064401,0.6601296958855098,0.2249553571428571,0.6643303571428572,0.34053156146179403,0.7392857142857142,0.31158008658008657,0.8658008658008658,0.20202020202020202,0.7323232323232323,0.14564777327935222,0.6276315789473683,0.19990384615384618,0.673076923076923,0.06,0.9259259259259259,0.3676439165409753,0.7027276639786474,0.29756778492647057,0.75988416988417,-0.21365388084138084,0.20443146745230076,-16.071245997171197,19.17981314272043,0.516860465116279,0.22345167601913798,9.433812578124204,5.029913531437437,-5.190107178498699,26,14,4,10.361846733222658,8.50577842302575,-5.190107178498699,-4.792691763563514,-3.7352503580163012,0.6371111111111112
34,dom_regular,0.7375,0.4749552772808587,0.7410714285714286,0.4518272425249169,0.7489177489177489,0.5404040404040404,0.7368421052631579,0.40384615384615385,0.38461538461538464,0.4972972972972973,0.5166023166023166,-0.019305019305019266,0.48604582574291477,-0.2309340143478876,0.39514423076923083,0.8384855769230769,0.3210644007155635,0.6994633273703041,0.47316964285714286,0.8857142857142858,0.28567275747508303,0.6778239202657806,0.29004329004329005,0.9047619047619048,0.297979797979798,0.8031565656565656,0.3926113360323887,0.898987854251012,0.2153846153846154,0.7769230769230769,0.0714285714285714,0.8701136363636364,0.34480064655172415,0.7010898388553778,0.3106823240576191,0.769700863486842,-0.22292361393602952,0.21607996632996632,-1.6881204756714345,3.248098165696509,0.6959302325581395,-0.19589258486266742,-0.4839010904665174,0.4137506340928904,-0.5958969845848201,26,14,11,-0.2627179487723231,-0.7050842321607118,-0.5958969845848201,0.19584351619562645,0.8177056080826727,
34,dom_regular_verberase,0.8,0.4928443649373882,0.8267857142857142,0.43853820598006643,0.7445887445887446,0.5909090909090909,0.8582995951417004,0.45769230769230773,0.4487179487179487,0.5374517374517374,0.4138996138996139,0.12355212355212347,0.4187662068353755,-0.07218782270533576,0.4056971153846154,0.8711778846153846,0.3005143112701252,0.7334749552772809,0.4642857142857143,0.9160714285714285,0.28733388704318935,0.6894102990033223,0.28993506493506493,0.9047619047619048,0.2676767676767677,0.8080808080808081,0.4089068825910931,0.9352226720647774,0.20384615384615382,0.7847115384615385,0.07374338624338625,0.8888888888888888,0.33967920967920967,0.7598502076314821,0.2649492114407912,0.6924131274131273,-0.1349469974469975,0.2995841211591985,-0.7797095248724241,1.9383226452921738,0.8005813953488372,0.0035321579496099932,0.06068090179060569,0.2579057331314545,-0.17599994297840227,26,14,11,0.09705955954718436,0.024302244034027018,-0.17599994297840227,0.27905920535855105,0.5784313513803179,
34,dom_regular_rank2,0.7673076923076924,0.462432915921288,0.7857142857142857,0.4136212624584718,0.7402597402597403,0.5555555555555556,0.7935222672064778,0.36923076923076925,0.42307692307692313,0.48108108108108105,0.4231660231660232,0.057915057915057855,0.48211065149318794,-0.13995851108151658,0.37689903846153844,0.8625240384615385,0.2987030411449016,0.6994633273703041,0.4838839285714286,0.9160714285714285,0.2456810631229236,0.676079734219269,0.2769480519480519,0.9090909090909091,0.26262626262626265,0.8080808080808081,0.4089068825910931,0.9068825910931174,0.18461538461538463,0.7308653846153846,0.11143162393162394,0.8846153846153846,0.3189180821688562,0.7448825865492532,0.26816114773016214,0.681101267676345,-0.146371780077063,0.27833343252492176,-1.30133854019305,3.3149175765387593,0.7482558139534884,-0.15809853794835244,-0.04368160995919598,0.27073340793727413,-0.311449463205308,26,14,11,-0.04809037038478904,-0.03927284953360292,-0.311449463205308,0.24699543427835036,0.7508137568815737,
35,adom_matched,0.6096153846153846,0.39803220035778175,0.5464285714285715,0.4700996677740864,0.6796536796536796,0.4242424242424242,0.5465587044534413,0.36153846153846153,0.2435897435897436,0.46718146718146714,0.6563706563706564,-0.18918918918918926,-8.961089970397234,-0.3369743839688458,0.3220673076923077,0.7538461538461538,0.28262522361359566,0.6225402504472272,0.26066964285714284,0.7197767857142856,0.3023255813953489,0.6761212624584718,0.22499999999999998,0.8918831168831167,0.1717171717171717,0.7829545454545453,0.21862348178137653,0.7611336032388664,0.18836538461538463,0.6347115384615384,0.0,0.7828260869565218,0.3150936953671329,0.658272156084656,0.3579464988198268,0.7958397832817335,-0.31802364647633746,0.11888954454060659,-16.152073701183294,14.896104924959909,0.5046511627906977,9.362779737009168,35.41884880543232,2.767049644802763,18.746600028524245,26,14,4,27.740006138316613,43.09769147254802,18.746600028524245,-6.467624180444199,-11.810765158914995,0.49777777777777776
35,dom_matched,0.5644230769230769,0.39803220035778175,0.49642857142857144,0.45514950166112955,0.6883116883116883,0.3484848484848485,0.3805668016194332,0.36923076923076925,0.21794871794871798,0.498069498069498,0.6393822393822395,-0.14131274131274146,-1.9148293361668247,-0.37918087113267324,0.28646634615384614,0.7423076923076923,0.2772361359570662,0.6494186046511626,0.22142857142857142,0.7214732142857143,0.2939784053156146,0.7110465116279069,0.23809523809523808,0.8832251082251081,0.18181818181818182,0.7323232323232324,0.17398785425101213,0.728744939271255,0.18846153846153843,0.6923076923076923,0.0357142857142857,0.8200357142857142,0.3249325459268418,0.6651126651126651,0.2982620320855615,0.7694325053212073,-0.25385923032407415,0.15910043134652524,-25.056302442035324,13.633792338807062,0.4784883720930233,1.9941205162813447,12.344198876954959,4.408372957147207,3.719309711415072,26,14,4,11.891012579132259,12.797385174777661,3.719309711415072,-1.6204200374532254,-2.2512971061252243,0.5144444444444444
35,probe_strat,0.5951923076923078,0.3881932021466905,0.5232142857142857,0.4634551495016611,0.6147186147186148,0.4343434343434343,0.5668016194331984,0.3115384615384616,0.3974358974358974,0.566023166023166,0.5737451737451738,-0.007722007722007707,-28.351877236641528,-0.042012424616351664,0.40187500000000004,0.7702403846153846,0.23166368515205726,0.5590339892665475,0.3088392857142857,0.7482142857142857,0.2507890365448505,0.656187707641196,0.3202380952380952,0.8701298701298701,0.19696969696969696,0.6869949494949493,0.29139676113360324,0.8098178137651819,0.10375,0.5961538461538461,0.03703703703703709,0.9642857142857143,0.37759961691602323,0.6968749240601686,0.315699214891943,0.7521478627012683,-0.21700021450021437,0.2224093736593737,-20.99140218649788,18.758109199583785,0.4819767441860465,2.828284462794385,109.38544932373054,99.91722972540536,-91.69675109425782,26,14,7,113.3553113239387,105.41558732352237,-91.69675109425782,-28.378773040934107,-28.321139174592865,0.6873299156983367
35,probe_strat_noinit,0.6230769230769231,0.445438282647585,0.5642857142857143,0.5465116279069767,0.6536796536796536,0.45959595959595956,0.5789473684210527,0.3730769230769231,0.5128205128205128,0.549034749034749,0.5343629343629342,0.014671814671814776,1.405054749607673,-0.07435854597337815,0.43846153846153846,0.7711538461538461,0.27276386404293385,0.6046511627906976,0.3249107142857143,0.732142857142857,0.3088455149501661,0.7308970099667774,0.3939393939393939,0.8701298701298701,0.19696969696969696,0.7424242424242424,0.3157894736842105,0.805668016194332,0.15384615384615388,0.6077884615384616,0.12870370370370376,0.9285714285714286,0.359367458976834,0.6705729958447351,0.32943647787397784,0.746003591003591,-0.21624049831081088,0.18655854373792993,-18.67399422837017,23.340216929139217,0.5930232558139534,0.4706046867376054,-2.474765186518389,-3.580705071084685,3.547244565556113,26,14,7,-1.8605564731246742,-3.0889738999121037,3.547244565556113,1.3208413347314416,1.5012986523233667,0.6547977266398319
35,probe_matched,0.5480769230769231,0.4508050089445438,0.5071428571428572,0.4767441860465117,0.6796536796536796,0.40909090909090906,0.3360323886639676,0.3961538461538462,0.3846153846153846,0.5266409266409265,0.4486486486486486,0.07799227799227793,-24.42708952718238,-0.1767100091519572,0.34423076923076923,0.6990384615384615,0.31127012522361364,0.6395796064400715,0.28745535714285714,0.7125446428571427,0.2956395348837209,0.7159468438538207,0.3462121212121212,0.8787878787878788,0.2121212121212121,0.7121212121212122,0.15779352226720644,0.6437246963562753,0.19230769230769232,0.6577884615384616,0.038461538461538436,0.925925925925926,0.3319855033051627,0.6752314814814814,0.25924630924630926,0.7469132929715147,-0.19292245370370367,0.2304651675485009,-30.450454931178086,34.26635814342934,0.5186046511627906,-0.44107767370006085,45.03022697887558,28.714176730145777,-27.225468971965075,26,14,4,49.65185269438739,40.40860126336378,-27.225468971965075,-26.325378150824648,-22.257616814448347,0.5995555555555556
35,dom_regular,0.7384615384615385,0.47584973166368516,0.7500000000000001,0.44850498338870426,0.7445887445887446,0.5505050505050504,0.7449392712550608,0.41538461538461535,0.4230769230769231,0.488030888030888,0.4934362934362934,-0.005405405405405406,0.4606183115238281,-0.22466592238632935,0.42778846153846156,0.8423557692307692,0.31663685152057247,0.6933139534883719,0.4766964285714285,0.8892857142857142,0.2707641196013289,0.6860880398671098,0.2857142857142857,0.9090909090909091,0.2876262626262626,0.8031565656565656,0.4168016194331983,0.8947368421052632,0.2230769230769231,0.7501923076923075,0.1,0.8590512820512819,0.3392594537815126,0.6971220011739289,0.3192777230509429,0.743664795509222,-0.1943791336791896,0.19379041988416978,-1.5885234160494677,2.654626043373503,0.7058139534883722,-0.17378642334755398,-0.39141714704793823,0.4091504497828578,-0.4863569387409021,26,14,11,-0.15871850552778585,-0.6241157885680906,-0.4863569387409021,0.21051533005207934,0.746450290348684,
35,dom_regular_verberase,0.8067307692307693,0.49373881932021463,0.85,0.43023255813953487,0.7402597402597403,0.5404040404040404,0.8866396761133604,0.5,0.49999999999999994,0.552123552123552,0.3853281853281853,0.16679536679536672,0.34882605658407634,-0.06432356666617904,0.42093749999999996,0.8663942307692307,0.2996198568872987,0.7165474060822897,0.4820982142857143,0.9178571428571428,0.2724252491694352,0.6894102990033223,0.32456709956709956,0.9177489177489178,0.2626262626262626,0.8080808080808081,0.425,0.9311740890688258,0.22682692307692312,0.7653846153846153,0.07457264957264956,0.8928571428571429,0.3389587355212355,0.7484953703703703,0.24766367428906128,0.6643939393939394,-0.08710717210717206,0.29637923637923635,-0.7220175078421774,1.8069011563503947,0.7959302325581395,0.030444007620690744,0.1987457273510319,0.23477783522426007,-0.05264140112135815,26,14,11,0.21689711271998685,0.18059434198207697,-0.05264140112135815,0.23469942497178095,0.47925649271241383,
35,dom_regular_rank2,0.7701923076923076,0.4704830053667263,0.8107142857142857,0.39700996677740863,0.7272727272727273,0.5606060606060607,0.8137651821862348,0.41923076923076924,0.46153846153846156,0.4965250965250965,0.38764478764478766,0.10888030888030886,0.445433745930539,-0.12830170758919976,0.3951682692307692,0.8577163461538461,0.2897584973166369,0.6932245080500895,0.4660714285714286,0.9160714285714284,0.24248338870431893,0.6578488372093024,0.2985930735930736,0.9177489177489178,0.2724747474747475,0.7779040404040404,0.42500000000000004,0.9149797570850202,0.21913461538461537,0.7423076923076924,0.13043478260869568,0.8976923076923078,0.31765906932573595,0.7249399023857724,0.24939662849492572,0.6736920773507085,-0.13215137210023126,0.2976858862210424,-1.107749628086207,2.576462462851479,0.7610465116279069,-0.11739598717685977,0.13710769444702367,0.23699288120681813,-0.1050384147828666,26,14,11,0.06272373222525528,0.21149165666879208,-0.1050384147828666,0.245112777475921,0.6743719955929597,
36,adom_matched,0.6009615384615384,0.3962432915921288,0.5,0.49169435215946844,0.6753246753246753,0.40404040404040403,0.5465587044534412,0.3423076923076923,0.1538461538461538,0.4115830115830116,0.5806949806949807,-0.16911196911196913,-2.1089471389954006,-0.44567072295308285,0.3200961538461538,0.7346874999999999,0.2745080500894454,0.6010733452593917,0.21607142857142858,0.7214732142857142,0.2889950166112957,0.7093023255813953,0.2554112554112554,0.8614718614718615,0.19684343434343435,0.7373737373737373,0.23076923076923075,0.7449392712550607,0.18076923076923077,0.6270192307692308,0.0357142857142857,0.7450320512820514,0.2936445932539682,0.6285326165828173,0.30489551083591326,0.7812842918075019,-0.3155348594201842,0.14980325268508965,-15.676742382742258,19.705472107307994,0.47790697674418614,4.31598915867318,12.001078313051906,-0.046937127141224146,7.704382134131952,26,14,4,8.598713986382691,15.403442639721122,7.704382134131952,-1.2129990786229468,-3.132887779421062,0.4953333333333333
36,dom_matched,0.6153846153846154,0.35867620751341683,0.5571428571428572,0.43023255813953487,0.7142857142857143,0.3484848484848485,0.4453441295546558,0.3230769230769231,0.2051282051282051,0.4316602316602316,0.5922779922779922,-0.16061776061776056,-2.6989197527156144,-0.49869111140151945,0.3470913461538461,0.7634615384615384,0.253108228980322,0.5930679785330947,0.2748660714285714,0.7804464285714285,0.22923588039867107,0.6727990033222592,0.3070346320346321,0.8961038961038961,0.17676767676767674,0.702020202020202,0.21457489878542507,0.7530364372469636,0.17682692307692308,0.6500961538461538,0.039461538461538444,0.8477272727272729,0.28784560973512213,0.6177799227799228,0.2958581088439415,0.7562872484520123,-0.321908888702367,0.14523325479219618,-12.015867437632982,16.560433239985166,0.488953488372093,4.898043601898779,14.257818615372903,5.486663877360694,6.907505557466746,26,14,4,16.501733486181017,12.01390374456479,6.907505557466746,-1.77947681734791,-3.749711678850133,0.5224444444444444
36,probe_strat,0.5903846153846154,0.3747763864042934,0.5285714285714286,0.44352159468438535,0.6277056277056277,0.3838383838383838,0.5344129554655871,0.3423076923076923,0.48717948717948717,0.555984555984556,0.5907335907335907,-0.03474903474903468,-1.6603018514082892,-0.02779311705585005,0.43072115384615384,0.7779086538461539,0.20304114490161004,0.5197003577817532,0.33571428571428574,0.7964285714285714,0.210921926910299,0.6212624584717608,0.36796536796536794,0.8918831168831168,0.1513888888888889,0.6314393939393937,0.2994939271255061,0.8097165991902833,0.10365384615384617,0.5807692307692308,0.1071428571428571,0.9642857142857142,0.35967898714490537,0.696112041170635,0.34804258804258803,0.7824582631874298,-0.2455681361467364,0.19807750120250117,-15.226106044206068,13.465607764764663,0.46918604651162793,1.2139441792317318,10.488450992289124,13.07373482710067,-8.154421490560178,26,14,7,12.187329317353822,8.789572667224427,-8.154421490560178,-2.973578629394071,-0.15941410513882484,0.6909225082909294
36,probe_strat_noinit,0.6221153846153845,0.41949910554561715,0.5625,0.4867109634551495,0.6623376623376623,0.40909090909090906,0.5506072874493926,0.38846153846153847,0.5384615384615384,0.5667953667953668,0.5521235521235521,0.014671814671814665,0.7592168146792347,-0.045735745086376706,0.4451682692307693,0.7721153846153845,0.2567084078711986,0.5725849731663684,0.3445982142857143,0.771517857142857,0.26910299003322263,0.6810631229235881,0.3765151515151514,0.8917748917748918,0.16666666666666669,0.6667929292929292,0.33198380566801616,0.7813765182186234,0.14990384615384617,0.5961538461538461,0.15384615384615385,0.9285714285714285,0.3604547799981237,0.6914872014872013,0.34822471640525854,0.7529536679536679,-0.24924766639610377,0.18361328125000004,-11.57268035746438,10.865111367634317,0.538953488372093,0.4051158535946855,-4.419869414981551,-8.77230811912919,6.043955524479856,26,14,7,-4.404268953203664,-4.435469876759438,6.043955524479856,1.4296945969481722,-0.007043507913836645,0.6799473431052379
36,probe_matched,0.5750000000000001,0.40608228980322003,0.5571428571428572,0.4235880398671096,0.7012987012987013,0.3787878787878788,0.3522267206477733,0.35000000000000003,0.3589743589743589,0.5042471042471043,0.4617760617760618,0.0424710424710425,-4.546502186466372,-0.06260092804180976,0.3721153846153846,0.7346394230769231,0.25939177101967803,0.6082513416815741,0.3213839285714286,0.7304017857142857,0.2358388704318937,0.6628322259136213,0.3851731601731601,0.8875541125541127,0.18169191919191915,0.7021464646464645,0.1417004048582996,0.6558704453441296,0.17298076923076924,0.6347115384615385,0.038461538461538436,0.8977564102564103,0.32507160637159344,0.654388541759482,0.26425650352733693,0.7166359766359766,-0.24712509712509698,0.21763063325563328,-11.118196534800843,19.492903040824462,0.5017441860465116,2.0917343339555177,13.653418764375953,11.246771665093553,-3.5349268331003,26,14,4,16.77788569218456,10.528951836567344,-3.5349268331003,-6.511563956028212,-2.3007173069671283,0.594
36,dom_regular,0.7144230769230768,0.4579606440071556,0.7482142857142857,0.42192691029900337,0.6969696969696969,0.5707070707070707,0.7246963562753036,0.37307692307692314,0.423076923076923,0.454054054054054,0.44324324324324327,0.010810810810810756,0.6816815420128852,-0.31351583239629727,0.3711298076923077,0.8327163461538462,0.2960420393559928,0.679092128801431,0.4320089285714286,0.9035714285714286,0.23916112956810634,0.6362126245847176,0.2683982683982684,0.9091991341991341,0.24242424242424243,0.7929292929292929,0.3804655870445344,0.874493927125506,0.19615384615384615,0.7153846153846154,0.07047619047619046,0.8834782608695652,0.3095724288893189,0.6594562553844397,0.24371275154798763,0.7317157924474997,-0.2462136927854651,0.24322971600334192,-4.377701188511032,4.222377898120778,0.6854651162790698,-0.24844814818373875,-0.33929625489754994,0.19042971315937188,-0.580479417735647,26,14,11,-0.00026946373596395526,-0.678323046059136,-0.580479417735647,0.35216085987492984,1.0582766073134058,
36,dom_regular_verberase,0.7759615384615385,0.4740608228980322,0.8999999999999999,0.34053156146179403,0.6926406926406927,0.5757575757575757,0.8178137651821862,0.4730769230769232,0.641025641025641,0.4725868725868726,0.37915057915057915,0.09343629343629345,0.3964651486686469,-0.0906127417864642,0.38637019230769226,0.8491586538461537,0.29065295169946337,0.7013193202146689,0.4267857142857143,0.9339285714285714,0.22421096345514951,0.654485049833887,0.2639610389610389,0.9134199134199134,0.2321969696969697,0.7878787878787878,0.3684210526315789,0.9069838056680161,0.2,0.7693269230769232,0.10865683229813666,0.9003260869565215,0.3018111455108359,0.7361263020833334,0.2372699130793151,0.7282484418942752,-0.19875423853752028,0.29046109411047477,-2.9569348193481324,2.7407690045280715,0.772093023255814,0.14556662754231137,0.7130751376257781,-0.07876562837157935,-0.21246918983077306,26,14,11,0.6275738408033585,0.7985764344481977,-0.21246918983077306,0.21951939813509003,0.5986888635641403,
36,dom_regular_rank2,0.7548076923076922,0.4534883720930232,0.8732142857142857,0.3239202657807309,0.6839826839826839,0.5606060606060606,0.7813765182186234,0.42307692307692313,0.6282051282051282,0.4486486486486486,0.3945945945945946,0.054054054054054,0.4954400745799561,-0.1483891524294873,0.36146634615384615,0.8413461538461539,0.28615831842576034,0.6842799642218247,0.41776785714285714,0.9321875,0.21922757475083057,0.6296926910299002,0.26385281385281384,0.9091991341991342,0.25757575757575757,0.8080808080808081,0.33198380566801616,0.8947368421052632,0.20375000000000001,0.7538461538461538,0.11485042735042739,0.8934294871794872,0.29876160990712075,0.7226968396347736,0.2435980761305309,0.7153534915123456,-0.24929555752561072,0.27126953124999975,-2.507567256166921,3.148684864783637,0.7476744186046511,0.02937546200385164,0.5132897602963822,-0.1893848162453046,-0.44807985191069394,26,14,11,0.32512412669359897,0.7014553938991654,-0.44807985191069394,0.26815634363962904,0.7551929099403297,
