lang,lemma,gender,concept_en,set,source,en_overlap,sex_assoc,gloss,zipf,verb,verb_frame,ending,loan,override,ctx1_margin,ctx2_margin,meta_lp_m,meta_lp_f,meta_lp_other,meta_mass,meta_margin,meta_order_agree,n_tokens,tokens,ctx1_verdict,ctx2_verdict,status,passed,ctx_margin,ctx_pred,ctx_correct,frames_agree,meta_pred,meta_correct
es,lugar,m,place,stratum,wiktionary:kaikki@2026-10-03,False,,place,5.8,,,ar,native,,6.56070613861084,7.81947135925293,-0.011223456356674433,-6.823723554611206,,0.9899461380149406,6.812500098254532,True,1, lugar,right,right,known,True,7.190088748931885,m,True,True,m,True
es,ley,f,law,stratum,wiktionary:kaikki@2026-10-03,False,,law (a well-established characteristic of nature),5.6,,,ey,native,,-7.144317626953125,-5.911737442016602,-5.908118009567261,-0.033117836341261864,,0.9701748430737751,-5.875000173225999,True,1, ley,right,right,known,True,-6.528027534484863,f,True,True,f,True
es,muerte,f,death,stratum,wiktionary:kaikki@2026-10-03,False,,death (the cessation of life),5.43,,,te,native,,-7.182669639587402,-5.061404228210449,-7.262258291244507,-0.012258259113878012,,0.988518313493683,-7.250000032130629,True,2, mu|erte,right,right,known,True,-6.122036933898926,f,True,True,f,True
es,nivel,m,level,stratum,wiktionary:kaikki@2026-10-03,False,,"level, tier, height (distance relative to a given reference elevation)",5.39,,,el,loan,,9.66828727722168,5.4267578125,-0.016825539991259575,-6.2668256759643555,,0.9853484331014872,6.250000135973096,True,1, nivel,right,right,known,True,7.54752254486084,m,True,True,m,True
es,clase,f,lecture,stratum,wiktionary:kaikki@2026-10-03,False,,lecture,5.31,,,se,unknown,,-6.404012680053711,-6.528287887573242,-5.080439567565918,-0.017939728684723377,,0.9885463364541094,-5.062499838881195,True,1, clase,right,right,known,True,-6.466150283813477,f,True,True,f,True
es,diciembre,m,december,stratum,wiktionary:kaikki@2026-10-03,False,,December,5.2,,,re,native,,2.449873924255371,2.3710861206054688,-0.046357035636901855,-5.108857154846191,,0.9607559495372155,5.0625001192092896,True,2, dici|embre,right,right,known,True,2.41048002243042,m,True,True,m,True
es,octubre,m,october,stratum,wiktionary:kaikki@2026-10-03,False,,October,5.2,,,re,native,,3.8941574096679688,2.1645126342773438,-0.14655647426843643,-4.959056615829468,,0.870954784175406,4.812500141561031,True,2, oct|ubre,right,right,known,True,3.0293350219726562,m,True,True,m,True
es,voz,f,voice,stratum,wiktionary:kaikki@2026-10-03,False,,voice,5.2,,,oz,native,,-6.5391435623168945,-5.715686798095703,-5.206898927688599,-0.0193987637758255,,0.9863638723122935,-5.187500163912773,True,1, voz,right,right,known,True,-6.127415180206299,f,True,True,f,True
es,abril,m,april,stratum,wiktionary:kaikki@2026-10-03,False,,April,5.18,,,il,unknown,,1.5953350067138672,2.534698486328125,-0.046648625284433365,-5.4216485023498535,,0.9589870530104495,5.37499987706542,True,1, abril,right,right,known,True,2.065016746520996,m,True,True,m,True
es,noviembre,m,november,stratum,wiktionary:kaikki@2026-10-03,False,,November,5.16,,,re,unknown,,2.18603515625,4.391521453857422,-0.0929921343922615,-5.217992067337036,,0.9166446618794396,5.124999932944775,True,2, nov|iembre,right,right,known,True,3.288778305053711,m,True,True,m,True
es,papel,m,paper,stratum,wiktionary:kaikki@2026-10-03,False,,paper,5.16,,,el,native,,7.818019866943359,5.035862922668457,-0.014527254272252321,-5.639527320861816,,0.9898476908263011,5.625000066589564,True,1, papel,right,right,known,True,6.426941394805908,m,True,True,m,True
es,septiembre,m,september,stratum,wiktionary:kaikki@2026-10-03,False,,September,5.13,,,re,loan,,2.4477739334106445,2.0166187286376953,-0.11798061802983284,-4.992980480194092,,0.8955781363009025,4.874999862164259,True,2, sept|iembre,right,right,known,True,2.23219633102417,m,True,True,m,True
es,fútbol,m,football,stratum,wiktionary:kaikki@2026-10-03,False,,football (soccer),5.06,,,ol,unknown,,5.663661003112793,2.6734485626220703,-0.014672319870442152,-6.82717227935791,,0.98654245872197,6.812499959487468,True,4, f|ú|tb|ol,right,right,known,True,4.168554782867432,m,True,True,m,True
es,cine,m,cinema,stratum,wiktionary:kaikki@2026-10-03,False,,"cinema, moviehouse",4.96,,,ne,loan,,7.771656036376953,7.682909965515137,-0.009813461918383837,-6.572313547134399,,0.9916371852512271,6.562500085216016,True,1, cine,right,right,known,True,7.727283000946045,m,True,True,m,True
es,origen,m,origin,stratum,wiktionary:kaikki@2026-10-03,False,,origin,4.96,,,en,unknown,,7.274621963500977,6.370891571044922,-0.01424082973971963,-6.201740980148315,,0.9879222200530275,6.187500150408596,True,1, origen,right,right,known,True,6.822756767272949,m,True,True,m,True
es,viernes,m,friday,stratum,wiktionary:kaikki@2026-10-03,False,,Friday,4.9,,,es,unknown,,6.964441299438477,5.9598236083984375,-0.022115182131528854,-7.022115230560303,,0.9790485190119398,7.000000048428774,True,2, vi|ernes,right,right,known,True,6.462132453918457,m,True,True,m,True
es,parque,m,park,stratum,wiktionary:kaikki@2026-10-03,False,,park,4.85,,,ue,unknown,,6.044012069702148,7.824443817138672,-0.009225061163306236,-7.321724891662598,,0.9914797198696028,7.312499830499291,True,2, par|que,right,right,known,True,6.93422794342041,m,True,True,m,True
es,hogar,m,home,stratum,wiktionary:kaikki@2026-10-03,False,,home,4.84,,,ar,native,,7.100790023803711,6.150313377380371,-0.05811226274818182,-3.308112144470215,,0.9904535600137232,3.249999881722033,True,2, hog|ar,right,right,known,True,6.625551700592041,m,True,True,m,True
es,carne,f,flesh,stratum,wiktionary:kaikki@2026-10-03,False,,"flesh, the soft part of a body which covers the bones",4.83,,,ne,native,,-3.741694450378418,-2.5806102752685547,-4.522204875946045,-0.022204721346497536,,0.9896692128326119,-4.500000154599547,True,1, carne,right,right,known,True,-3.1611523628234863,f,True,True,f,True
es,golpe,m,hit,stratum,wiktionary:kaikki@2026-10-03,False,,"hit, blow, strike",4.82,,,pe,native,,7.69352912902832,5.0272626876831055,-0.024370374158024788,-5.399370431900024,,0.9810248617752968,5.375000057742,True,2, gol|pe,right,right,known,True,6.360395908355713,m,True,True,m,True
es,lunes,m,monday,stratum,wiktionary:kaikki@2026-10-03,False,,Monday,4.81,,,es,native,,3.908782958984375,2.5728797912597656,-0.022812895476818085,-7.460312843322754,,0.9780237326561636,7.437499947845936,True,2, l|unes,right,right,known,True,3.2408313751220703,m,True,True,m,True
es,piel,f,skin,stratum,wiktionary:kaikki@2026-10-03,False,,skin,4.8,,,el,native,,-6.038003921508789,-5.790064811706543,-4.214845418930054,-0.02734545525163412,,0.9878285147613595,-4.18749996367842,True,1, piel,right,right,known,True,-5.914034366607666,f,True,True,f,True
es,cárcel,f,prison,stratum,wiktionary:kaikki@2026-10-03,False,,prison,4.76,,,el,native,,-3.278696060180664,-2.1856021881103516,-5.824335098266602,-0.011835218872874975,,0.9912412897690849,-5.812499879393727,True,3, cá|rc|el,right,right,known,True,-2.732149124145508,f,True,True,f,True
es,perfil,m,profile,stratum,wiktionary:kaikki@2026-10-03,False,,profile,4.73,,,il,loan,,11.734724998474121,6.735301971435547,-0.018135860562324524,-5.0181357860565186,,0.9891121380732633,4.999999925494194,True,1, perfil,right,right,known,True,9.235013484954834,m,True,True,m,True
es,jueves,m,thursday,stratum,wiktionary:kaikki@2026-10-03,False,,Thursday,4.71,,,es,native,,6.213113784790039,4.2810211181640625,-0.027649614959955215,-6.902649641036987,,0.9737422786716211,6.875000026077032,True,2, jue|ves,right,right,known,True,5.247067451477051,m,True,True,m,True
es,tren,m,train,stratum,wiktionary:kaikki@2026-10-03,False,,train,4.71,,,en,unknown,,7.47320556640625,8.618707656860352,-0.014367470052093267,-6.014367341995239,,0.9882026680487442,5.999999871943146,True,1, tren,right,right,known,True,8.0459566116333,m,True,True,m,True
es,frase,f,phrase,stratum,wiktionary:kaikki@2026-10-03,False,,phrase,4.68,,,se,loan,,-4.793344497680664,-5.672508239746094,-4.718899488449097,-0.03139938414096832,,0.9801858543439272,-4.687500104308128,True,1, frase,right,right,known,True,-5.232926368713379,f,True,True,f,True
es,cumpleaños,m,birthday,stratum,wiktionary:kaikki@2026-10-03,False,,birthday,4.66,,,os,unknown,,2.596064567565918,4.5633134841918945,-0.01885522250086069,-6.206355333328247,,0.983437709861271,6.187500110827386,True,4, cum|ple|a|ños,right,right,known,True,3.5796890258789062,m,True,True,m,True
es,señal,f,sign,stratum,wiktionary:kaikki@2026-10-03,False,,sign,4.66,,,al,native,,-5.731334686279297,-6.437995910644531,-4.896621227264404,-0.02162128873169422,,0.986142635686774,-4.87499993853271,True,1, señal,right,right,known,True,-6.084665298461914,f,True,True,f,True
es,martes,m,tuesday,stratum,wiktionary:kaikki@2026-10-03,False,,"Tuesday (the third day of the week in many religious traditions, and the second day of the week in systems that use the ISO 8601 norm; it follows Monday and precedes Wednesday)",4.66,,,es,native,,5.938322067260742,5.976951599121094,-0.025755925104022026,-7.275755882263184,,0.9752707111980383,7.249999957159162,True,2, mart|es,right,right,known,True,5.957636833190918,m,True,True,m,True
es,examen,m,exam,stratum,wiktionary:kaikki@2026-10-03,False,,"exam, examination, test",4.63,,,-men,loan,,6.377952575683594,5.975515365600586,-0.01569491485133767,-5.640694856643677,,0.9886915167595922,5.624999941792339,True,2, exam|en,right,right,known,True,6.17673397064209,m,True,True,m,True
es,oeste,m,west,stratum,wiktionary:kaikki@2026-10-03,False,,west,4.61,,,te,loan,,4.337698936462402,4.4909820556640625,-0.026861938647925854,-6.589362144470215,,0.9749393468945,6.562500205822289,True,2, o|este,right,right,known,True,4.414340496063232,m,True,True,m,True
es,árbol,m,tree,stratum,wiktionary:kaikki@2026-10-03,False,,tree (perennial woody plant),4.58,,,ol,native,,8.02484130859375,8.675561904907227,-0.012239511590451002,-6.012239456176758,,0.9905954008047154,5.999999944586307,True,3, á|rb|ol,right,right,known,True,8.350201606750488,m,True,True,m,True
es,bosque,m,forest,stratum,wiktionary:kaikki@2026-10-03,False,,forest,4.57,,,ue,loan,,7.479320526123047,6.460229873657227,-0.008242805488407612,-7.133242845535278,,0.9925954650329016,7.125000040046871,True,2, bos|que,right,right,known,True,6.969775199890137,m,True,True,m,True
es,desastre,m,disaster,stratum,wiktionary:kaikki@2026-10-03,False,,"disaster, catastrophe, calamity",4.56,,,re,unknown,,8.059516906738281,7.5913848876953125,-0.018956605345010757,-5.393956661224365,,0.9857674181648708,5.3750000558793545,True,3, des|ast|re,right,right,known,True,7.825450897216797,m,True,True,m,True
es,pared,f,wall,stratum,wiktionary:kaikki@2026-10-03,False,,"wall, especially of a house or room",4.5,,,ed,native,,-6.890047073364258,-6.717639923095703,-6.015689134597778,-0.015689081978052855,,0.9871853302518012,-6.0000000526197255,True,1, pared,right,right,known,True,-6.8038434982299805,f,True,True,f,True
es,rol,m,role,stratum,wiktionary:kaikki@2026-10-03,False,,role,4.49,,,ol,loan,,4.538476943969727,4.8614501953125,-0.12609300389885902,-2.626093029975891,,0.9560294022239665,2.500000026077032,True,1, rol,right,right,known,True,4.699963569641113,m,True,True,m,True
es,bienestar,m,well-being,stratum,wiktionary:kaikki@2026-10-03,False,,well-being; welfare,4.47,,,ar,unknown,,6.353991508483887,4.003704071044922,-0.022790047340095043,-5.77278995513916,,0.9806039396050668,5.749999907799065,True,2, bien|estar,right,right,known,True,5.178847789764404,m,True,True,m,True
es,raíz,f,root,stratum,wiktionary:kaikki@2026-10-03,False,,root; root vegetable,4.46,,,íz,native,,-3.51473331451416,-5.352295875549316,-6.140728235244751,-0.015728059224784374,,0.9865485055116798,-6.125000176019967,True,3, ra|í|z,right,right,known,True,-4.433514595031738,f,True,True,f,True
es,índice,m,index,stratum,wiktionary:kaikki@2026-10-03,False,,index,4.46,,,ce,loan,,4.772285461425781,6.887510299682617,-0.027294461615383625,-4.589794397354126,,0.9834076482724353,4.562499935738742,True,1, índice,right,right,known,True,5.829897880554199,m,True,True,m,True
es,documental,m,documentary,stratum,wiktionary:kaikki@2026-10-03,False,,documentary,4.45,,,al,unknown,,2.8005361557006836,5.643613815307617,-0.026866292115300894,-5.08936619758606,,0.988736140101905,5.062499905470759,True,2, document|al,right,right,known,True,4.22207498550415,m,True,True,m,True
es,paquete,m,parcel,stratum,wiktionary:kaikki@2026-10-03,False,,parcel,4.41,,,-ete,unknown,,4.3485870361328125,5.858059883117676,-0.012750790920108557,-6.137750864028931,,0.9896433216008665,6.125000073108822,True,2, pa|quete,right,right,known,True,5.103323459625244,m,True,True,m,True
es,arroz,m,rice,stratum,wiktionary:kaikki@2026-10-03,False,,"rice (cereal plants, Oryza sativa of the grass family whose seeds are used as food)",4.39,,,oz,unknown,,5.58867073059082,3.916910171508789,-0.011117429472506046,-6.448617219924927,,0.9906805220550894,6.437499790452421,True,2, ar|roz,right,right,known,True,4.752790451049805,m,True,True,m,True
es,reloj,m,clock,stratum,wiktionary:kaikki@2026-10-03,False,,clock,4.38,,,oj,loan,,6.883772850036621,6.200128555297852,-0.021592757664620876,-5.459092855453491,,0.9843747461736367,5.43750009778887,True,3, re|lo|j,right,right,known,True,6.541950702667236,m,True,True,m,True
es,gabinete,m,cabinet,stratum,wiktionary:kaikki@2026-10-03,False,,cabinet (all senses),4.34,,,-ete,loan,,4.154706954956055,4.989004135131836,-0.034716373309493065,-3.972216248512268,,0.9911300172703108,3.937499875202775,True,3, g|abin|ete,right,right,known,True,4.571855545043945,m,True,True,m,True
es,autobús,m,bus,stratum,wiktionary:kaikki@2026-10-03,False,,"bus, coach",4.31,,,ús,unknown,,4.7604217529296875,6.761850357055664,-0.008604997768998146,-6.883605003356934,,0.9925869791421984,6.8750000055879354,True,2, autob|ús,right,right,known,True,5.761136054992676,m,True,True,m,True
es,nariz,f,nose,stratum,wiktionary:kaikki@2026-10-03,False,,"nose (a protuberance on the face housing the nostrils, which are used to breathe or smell)",4.3,,,iz,native,,-5.091732978820801,-3.7255802154541016,-5.457408428192139,-0.019908566027879715,,0.9846287733305965,-5.437499862164259,True,2, nar|iz,right,right,known,True,-4.408656597137451,f,True,True,f,True
es,eje,m,axis,stratum,wiktionary:kaikki@2026-10-03,False,,axis,4.29,,,je,native,,5.234942436218262,4.629817962646484,-0.04915119707584381,-3.6116511821746826,,0.9795073141686219,3.562499985098839,True,2, e|je,right,right,known,True,4.932380199432373,m,True,True,m,True
es,té,m,tea,stratum,wiktionary:kaikki@2026-10-03,False,,tea,4.29,,,té,loan,,5.878669738769531,3.182025909423828,-0.017016838770359755,-5.892016887664795,,0.9860848505299047,5.875000048894435,True,1, té,right,right,known,True,4.53034782409668,m,True,True,m,True
es,caos,m,chaos,stratum,wiktionary:kaikki@2026-10-03,False,,chaos,4.29,,,os,loan,,8.301857948303223,6.329380989074707,-0.016680085565894842,-5.9541802406311035,,0.9863052019065677,5.937500155065209,True,2, ca|os,right,right,known,True,7.315619468688965,m,True,True,m,True
es,cristal,m,crystal,stratum,wiktionary:kaikki@2026-10-03,False,,crystal,4.28,,,al,native,,7.390655517578125,4.807065963745117,-0.04096570145338774,-3.7284655570983887,,0.9861687716882437,3.687499855645001,True,2, crist|al,right,right,known,True,6.098860740661621,m,True,True,m,True
es,llave,f,key,stratum,wiktionary:kaikki@2026-10-03,False,,key (to open doors),4.26,,,ve,native,,-5.375461578369141,-6.971384048461914,-5.390905380249023,-0.015905405394732952,,0.9888138579239893,-5.3749999748542905,True,2, ll|ave,right,right,known,True,-6.173422813415527,f,True,True,f,True
es,carnaval,m,carnival,stratum,wiktionary:kaikki@2026-10-03,False,,carnival (festival held just before Lent),4.25,,,al,unknown,,8.084266662597656,3.2300796508789062,-0.023771573789417744,-4.8362717628479,,0.9852125337440021,4.812500189058483,True,3, car|nav|al,right,right,known,True,5.657173156738281,m,True,True,m,True
es,fiebre,f,fever,stratum,wiktionary:kaikki@2026-10-03,False,,fever,4.23,,,re,native,,-4.5893354415893555,-3.3519439697265625,-7.448278427124023,-0.010778494644910097,,0.9898907698729225,-7.437499932479113,True,2, fie|bre,right,right,known,True,-3.970639705657959,f,True,True,f,True
es,maíz,m,corn,stratum,wiktionary:kaikki@2026-10-03,False,,"corn, maize",4.21,,,íz,unknown,,4.536287307739258,3.577077865600586,-0.024204962886869907,-4.524204969406128,,0.9876917361673248,4.500000006519258,True,3, ma|í|z,right,right,known,True,4.056682586669922,m,True,True,m,True
es,estrés,m,stress,stratum,wiktionary:kaikki@2026-10-03,False,,stress,4.19,,,és,unknown,,5.114282608032227,4.977886199951172,-0.024767746217548847,-5.087267637252808,,0.9818204974985091,5.062499891035259,True,2, estr|és,right,right,known,True,5.046084403991699,m,True,True,m,True
es,semestre,m,semester,stratum,wiktionary:kaikki@2026-10-03,False,,semester,4.19,,,re,native,,3.149683952331543,7.125255584716797,-0.014363413210958242,-5.951863527297974,,0.988345660452618,5.937500114087015,True,2, sem|estre,right,right,known,True,5.13746976852417,m,True,True,m,True
es,pasaporte,m,passport,stratum,wiktionary:kaikki@2026-10-03,False,,passport,4.18,,,te,unknown,,7.011172294616699,8.260416030883789,-0.0121186887845397,-6.012118816375732,,0.9913999730983889,6.000000127591193,True,3, pas|ap|orte,right,right,known,True,7.635794162750244,m,True,True,m,True
es,historial,m,record,stratum,wiktionary:kaikki@2026-10-03,False,,"record, history (such as a person's criminal, work, or clinical record)",4.18,,,al,unknown,,5.086060523986816,5.126875877380371,-0.03842908330261707,-3.725929021835327,,0.9868062125506648,3.68749993853271,True,2, histor|ial,right,right,known,True,5.106468200683594,m,True,True,m,True
es,azar,m,luck,stratum,wiktionary:kaikki@2026-10-03,False,,"luck, chance",4.15,,,ar,loan,,6.0644683837890625,3.6194868087768555,-0.05956973880529404,-4.372069716453552,,0.9569080846485871,4.312499977648258,True,2, az|ar,right,right,known,True,4.841977596282959,m,True,True,m,True
es,coste,m,cost,stratum,wiktionary:kaikki@2026-10-03,False,,cost,4.14,,,te,unknown,,6.587270736694336,4.52125358581543,-0.025805961340665817,-5.213305950164795,,0.9800778882952268,5.187499988824129,True,2, cost|e,right,right,known,True,5.554262161254883,m,True,True,m,True
es,cuartel,m,quarters,stratum,wiktionary:kaikki@2026-10-03,False,,quarters (military lodging),4.12,,,el,unknown,,5.969388961791992,2.53118896484375,-0.026214515790343285,-4.463714599609375,,0.9862058995437093,4.437500083819032,True,3, cu|art|el,right,right,known,True,4.250288963317871,m,True,True,m,True
es,síndrome,m,syndrome,stratum,wiktionary:kaikki@2026-10-03,False,,syndrome,4.09,,,me,loan,,3.8257999420166016,3.1288375854492188,-0.014943005982786417,-5.6399431228637695,,0.9887490660329626,5.625000116880983,True,3, sí|nd|rome,right,right,known,True,3.47731876373291,m,True,True,m,True
es,nube,f,cloud,stratum,wiktionary:kaikki@2026-10-03,False,,cloud,4.08,,,be,unknown,,-4.048551559448242,-6.003700256347656,-6.951315641403198,-0.013815583661198616,,0.9872394187692262,-6.937500057742,True,2, n|ube,right,right,known,True,-5.026125907897949,f,True,True,f,True
es,tanque,m,tank,stratum,wiktionary:kaikki@2026-10-03,False,,tank (military vehicle),4.07,,,ue,unknown,,5.694790840148926,3.5874204635620117,-0.017887342255562544,-4.955387353897095,,0.9910348685608722,4.937500011641532,True,2, tan|que,right,right,known,True,4.641105651855469,m,True,True,m,True
es,buque,m,ship,stratum,wiktionary:kaikki@2026-10-03,False,,"ship, vessel",4.06,,,ue,loan,,4.216163635253906,5.345558166503906,-0.022598532028496265,-4.585098624229431,,0.9913718628093404,4.562500092200935,True,2, bu|que,right,right,known,True,4.780860900878906,m,True,True,m,True
es,horizonte,m,horizon,stratum,wiktionary:kaikki@2026-10-03,False,,horizon,4.05,,,te,loan,,7.9793548583984375,4.401782989501953,-0.013251307420432568,-6.075751304626465,,0.9891385685827916,6.062499997206032,True,3, hor|izont|e,right,right,known,True,6.190568923950195,m,True,True,m,True
es,billete,m,banknote,stratum,wiktionary:kaikki@2026-10-03,False,,"banknote, bill (paper currency)",4.04,,,-ete,unknown,,5.733283042907715,5.930566787719727,-0.014808533247560263,-6.639808416366577,,0.986649651110072,6.624999883119017,True,2, bil|lete,right,right,known,True,5.831924915313721,m,True,True,m,True
es,trámite,m,procedure,stratum,wiktionary:kaikki@2026-10-03,False,,"procedure, step",4.03,,,te,loan,,3.1768264770507812,2.917346954345703,-0.013629591558128595,-5.76362943649292,,0.9897009818765954,5.749999844934791,True,3, tr|ám|ite,right,right,known,True,3.047086715698242,m,True,True,m,True
es,noroeste,m,northwest,stratum,wiktionary:kaikki@2026-10-03,False,,northwest,4.0,,,te,unknown,,5.513103485107422,5.2738800048828125,-0.03356832638382912,-5.658568382263184,,0.9705861932390007,5.6250000558793545,True,3, nor|o|este,right,right,known,True,5.393491744995117,m,True,True,m,True
es,higiene,f,hygiene,stratum,wiktionary:kaikki@2026-10-03,False,,hygiene,3.99,,,ne,loan,,-3.8226022720336914,-4.258548736572266,-5.086120843887329,-0.023621045984327793,,0.9829460812232276,-5.062499797903001,True,3, h|igi|ene,right,right,known,True,-4.0405755043029785,f,True,True,f,True
es,almacén,m,warehouse,stratum,wiktionary:kaikki@2026-10-03,False,,warehouse,3.98,,,én,loan,,6.433021545410156,6.935993194580078,-0.016125183552503586,-5.078625202178955,,0.9905372875381939,5.0625000186264515,True,3, al|mac|én,right,right,known,True,6.684507369995117,m,True,True,m,True
es,auge,m,boom,stratum,wiktionary:kaikki@2026-10-03,False,,"boom, rise, growth",3.97,,,ge,loan,,4.3082122802734375,6.788841247558594,-0.09396511688828468,-2.906465172767639,,0.9675186607665821,2.8125000558793545,True,2, a|uge,right,right,known,True,5.548526763916016,m,True,True,m,True
es,noreste,m,northeast,stratum,wiktionary:kaikki@2026-10-03,False,,northeast,3.97,,,te,unknown,,3.4037246704101562,2.070657730102539,-0.03467324934899807,-4.84717321395874,,0.9739088281700681,4.812499964609742,True,3, n|ore|ste,right,right,known,True,2.7371912002563477,m,True,True,m,True
es,desorden,m,disorder,stratum,wiktionary:kaikki@2026-10-03,False,,disorder,3.97,,,en,unknown,,7.5934600830078125,6.985666275024414,-0.017234391067177057,-6.267234563827515,,0.9848282005533757,6.250000172760338,True,2, des|orden,right,right,known,True,7.289563179016113,m,True,True,m,True
es,trimestre,m,trimester,stratum,wiktionary:kaikki@2026-10-03,False,,trimester,3.97,,,re,native,,7.151222229003906,3.962909698486328,-0.01761551294475794,-6.205115556716919,,0.9845662755222935,6.187500043772161,True,2, trimest|re,right,right,known,True,5.557065963745117,m,True,True,m,True
es,béisbol,m,baseball,stratum,wiktionary:kaikki@2026-10-03,False,,baseball (ballgame),3.95,,,ol,unknown,,2.3820266723632812,1.9027652740478516,-0.017089745495468378,-6.079589605331421,,0.9853541984172111,6.0624998598359525,True,3, b|éis|bol,right,right,known,True,2.1423959732055664,m,True,True,m,True
es,vientre,m,abdomen,stratum,wiktionary:kaikki@2026-10-03,False,,abdomen,3.94,,,re,native,,4.908962249755859,11.779500961303711,-0.02947136014699936,-4.279471158981323,,0.9849174571545911,4.249999798834324,True,2, vient|re,right,right,known,True,8.344231605529785,m,True,True,m,True
es,sudeste,m,southeast,stratum,wiktionary:kaikki@2026-10-03,False,,southeast,3.92,,,te,unknown,,2.189485549926758,2.839000701904297,-0.04375305213034153,-4.856253147125244,,0.9650114682221118,4.812500094994903,True,3, s|ude|ste,right,right,known,True,2.5142431259155273,m,True,True,m,True
es,sureste,m,southeast,stratum,wiktionary:kaikki@2026-10-03,False,,southeast,3.9,,,te,unknown,,-0.0036792755126953125,1.6502952575683594,-0.037006765604019165,-5.162006855010986,,0.9694038836823147,5.125000089406967,True,2, sure|ste,unsure,right,unsure,False,0.823307991027832,m,True,False,m,True
es,juguete,m,toy,stratum,wiktionary:kaikki@2026-10-03,False,,toy (something to play with),3.9,,,-ete,native,,6.531816482543945,2.501619338989258,-0.021768691018223763,-5.646768569946289,,0.9824445114003376,5.624999878928065,True,3, jug|u|ete,right,right,known,True,4.516717910766602,m,True,True,m,True
es,plantel,m,schoolhouse,stratum,wiktionary:kaikki@2026-10-03,False,,schoolhouse (building where school is held),3.89,,,el,loan,,4.2045793533325195,7.1795501708984375,-0.03535155579447746,-4.160351395606995,,0.9839623846833649,4.124999839812517,True,2, plant|el,right,right,known,True,5.6920647621154785,m,True,True,m,True
es,medianoche,f,midnight,stratum,wiktionary:kaikki@2026-10-03,False,,midnight,3.88,,,he,unknown,,-4.639206886291504,-2.8403282165527344,-6.738706111907959,-0.05120621435344219,,0.9512922669329664,-6.687499897554517,True,3, med|iano|che,right,right,known,True,-3.739767551422119,f,True,True,f,True
es,inmueble,m,property,stratum,wiktionary:kaikki@2026-10-03,False,,"property, estate",3.87,,,le,native,,1.895111083984375,4.809547424316406,-0.030782916583120823,-4.21828293800354,,0.98512373398568,4.187500021420419,True,3, in|mue|ble,right,right,known,True,3.3523292541503906,m,True,True,m,True
es,clic,m,click,stratum,wiktionary:kaikki@2026-10-03,False,,click,3.87,,,ic,unknown,,5.934032440185547,7.735138893127441,-0.1890324279665947,-2.6265323758125305,,0.9231731975516061,2.437499947845936,True,1, clic,right,right,known,True,6.834585666656494,m,True,True,m,True
es,merced,f,mercy,stratum,wiktionary:kaikki@2026-10-03,False,,mercy,3.86,,,ed,unknown,,-3.5547618865966797,-2.7260799407958984,-4.563497543334961,-0.09474743902683258,,0.9211923897676002,-4.468750104308128,True,2, mer|ced,right,right,known,True,-3.140420913696289,f,True,True,f,True
es,lote,m,lot,stratum,wiktionary:kaikki@2026-10-03,False,,lot (chance assignment),3.86,,,te,unknown,,4.6642608642578125,6.288039207458496,-0.04563245549798012,-4.358132481575012,,0.9712953527851742,4.312500026077032,True,2, l|ote,right,right,known,True,5.476150035858154,m,True,True,m,True
es,carril,m,lane,stratum,wiktionary:kaikki@2026-10-03,False,,lane (a lengthwise division of roadway intended for a single line of vehicles),3.85,,,il,native,,1.5594863891601562,2.081707000732422,-0.0383826307952404,-3.8508827686309814,,0.9846290661024386,3.812500137835741,True,2, carr|il,right,right,known,True,1.820596694946289,m,True,True,m,True
es,umbral,m,doorstep,stratum,wiktionary:kaikki@2026-10-03,False,,doorstep; stoop,3.84,,,al,native,,4.934974670410156,5.712454795837402,-0.054360175505280495,-3.4918601512908936,,0.9804003170283297,3.437499975785613,True,2, um|bral,right,right,known,True,5.323714733123779,m,True,True,m,True
es,malestar,m,unease,stratum,wiktionary:kaikki@2026-10-03,False,,unease,3.83,,,ar,unknown,,5.987240791320801,6.532356262207031,-0.027139713056385517,-4.652139663696289,,0.9828412283062953,4.6249999506399035,True,2, male|star,right,right,known,True,6.259798526763916,m,True,True,m,True
es,lápiz,m,pencil,stratum,wiktionary:kaikki@2026-10-03,False,,pencil,3.82,,,iz,loan,,4.883661270141602,4.761170387268066,-0.012487448286265135,-5.887487411499023,,0.990561145176996,5.874999963212758,True,3, lá|p|iz,right,right,known,True,4.822415828704834,m,True,True,m,True
es,certamen,m,contest,stratum,wiktionary:kaikki@2026-10-03,False,,"contest, competition, pageant",3.81,,,-men,unknown,,2.0438241958618164,2.798433303833008,-0.018761473707854748,-5.081261396408081,,0.9876381668635051,5.062499922700226,True,2, cert|amen,right,right,known,True,2.421128749847412,m,True,True,m,True
es,interfaz,f,interface,stratum,wiktionary:kaikki@2026-10-03,False,,interface (the point of interconnection between two entities),3.81,,,az,native,,-1.486795425415039,-3.367007255554199,-2.428626134991646,-0.5536260548979044,,0.9796894002034122,-1.8750000800937414,False,2, interf|az,right,right,known,True,-2.426901340484619,f,True,True,f,True
es,mármol,m,marble,stratum,wiktionary:kaikki@2026-10-03,False,,marble (crystalline limestone),3.8,,,ol,native,,0.3381080627441406,1.0376205444335938,-0.025792138651013374,-4.400792121887207,,0.9871857964040297,4.374999983236194,True,3, má|rm|ol,unsure,right,unsure,False,0.6878643035888672,m,True,True,m,True
es,césped,m,lawn,stratum,wiktionary:kaikki@2026-10-03,False,,lawn,3.79,,,ed,native,,4.328802108764648,5.934603691101074,-0.01651920424774289,-5.64151930809021,,0.9872765341639618,5.625000103842467,True,3, cé|sp|ed,right,right,known,True,5.131702899932861,m,True,True,m,True
es,paraguas,m,umbrella,stratum,wiktionary:kaikki@2026-10-03,False,,"umbrella, brolly (UK)",3.78,,,as,unknown,,5.977596282958984,5.3683929443359375,-0.01605495996773243,-5.266055107116699,,0.9896030442792361,5.250000147148967,True,3, par|agu|as,right,right,known,True,5.672994613647461,m,True,True,m,True
es,catástrofe,f,catastrophe,stratum,wiktionary:kaikki@2026-10-03,False,,"catastrophe, disaster",3.77,,,fe,unknown,,-3.388731002807617,-6.771451950073242,-5.832390308380127,-0.019890221767127514,,0.9837118723757144,-5.812500086612999,True,4, cat|ást|ro|fe,right,right,known,True,-5.08009147644043,f,True,True,f,True
es,pirámide,f,pyramid,stratum,wiktionary:kaikki@2026-10-03,False,,pyramid,3.76,,,de,native,,-5.384651184082031,-7.983488082885742,-6.0763373374938965,-0.013837259262800217,,0.9886673922879726,-6.062500078231096,True,3, pir|ám|ide,right,right,known,True,-6.684069633483887,f,True,True,f,True
es,peste,f,plague,stratum,wiktionary:kaikki@2026-10-03,False,,plague,3.75,,,te,unknown,,-3.711517333984375,-3.085050582885742,-2.847335457801819,-0.0973355695605278,,0.9721830258684557,-2.749999888241291,True,2, p|este,right,right,known,True,-3.3982839584350586,f,True,True,f,True
es,marfil,m,ivory,stratum,wiktionary:kaikki@2026-10-03,False,,ivory,3.75,,,il,native,,3.854708671569824,4.877754211425781,-0.021207980811595917,-5.021207809448242,,0.9860781243629602,4.999999828636646,True,2, mar|fil,right,right,known,True,4.366231441497803,m,True,True,m,True
es,disfraz,m,disguise,stratum,wiktionary:kaikki@2026-10-03,False,,disguise,3.75,,,az,unknown,,6.264716148376465,0.9483203887939453,-0.025338524021208286,-4.712838411331177,,0.9861434761122561,4.6874998873099685,True,3, dis|f|raz,right,unsure,unsure,False,3.606518268585205,m,True,True,m,True
es,videoclip,m,music video,stratum,wiktionary:kaikki@2026-10-03,False,,music video,3.71,,,ip,loan,,3.773444175720215,1.3534908294677734,-0.017095299437642097,-5.704595327377319,,0.9864403973090498,5.687500027939677,True,3, vide|oc|lip,right,right,known,True,2.563467502593994,m,True,True,m,True
es,cohete,m,skyrocket,stratum,wiktionary:kaikki@2026-10-03,False,,skyrocket,3.71,,,-ete,loan,,1.7495269775390625,0.9298610687255859,-0.011653854511678219,-5.699153900146484,,0.9918215771227636,5.687500045634806,True,2, coh|ete,right,unsure,unsure,False,1.3396940231323242,m,True,True,m,True
es,suroeste,m,southwest,stratum,wiktionary:kaikki@2026-10-03,False,,southwest,3.7,,,te,unknown,,3.0658416748046875,4.020107269287109,-0.03922758623957634,-5.226727485656738,,0.9670078408442269,5.187499899417162,True,3, su|ro|este,right,right,known,True,3.5429744720458984,m,True,True,m,True
es,máster,m,master's degree,stratum,wiktionary:kaikki@2026-10-03,False,,"master's degree, master",3.7,,,er,unknown,,3.5909929275512695,4.677160263061523,-0.11775046214461327,-2.4302505254745483,,0.9808683177773097,2.312500063329935,True,2, má|ster,right,right,known,True,4.1340765953063965,m,True,True,m,True
es,dictamen,m,ruling,stratum,wiktionary:kaikki@2026-10-03,False,,"ruling, verdict, sentence, dictamen",3.7,,,-men,unknown,,3.682636260986328,6.275084495544434,-0.016600937116891146,-6.204101085662842,,0.9855617587626929,6.187500148545951,True,2, dict|amen,right,right,known,True,4.978860378265381,m,True,True,m,True
es,hincapié,m,stomp,stratum,wiktionary:kaikki@2026-10-03,False,,stomp (with the foot),3.69,,,ié,unknown,,1.0546722412109375,1.2663917541503906,-0.14429692924022675,-2.894296884536743,,0.9247997681156969,2.7499999552965164,True,4, h|inc|api|é,right,right,known,True,1.160531997680664,m,True,True,m,True
es,barril,m,barrel,stratum,wiktionary:kaikki@2026-10-03,False,,barrel (large container made of wood staves bound with metal rings or an equivalent container),3.68,,,il,loan,,4.189255714416504,5.204946517944336,-0.01578628784045577,-5.328286409378052,,0.9903761999735793,5.312500121537596,True,2, barr|il,right,right,known,True,4.69710111618042,m,True,True,m,True
es,misil,m,missile,stratum,wiktionary:kaikki@2026-10-03,False,,missile (a self-propelled projectile whose trajectory can be adjusted after it is launched),3.68,,,il,native,,7.628263473510742,5.929355621337891,-0.015977530740201473,-5.265977621078491,,0.9894763837150959,5.25000009033829,True,2, mis|il,right,right,known,True,6.778809547424316,m,True,True,m,True
es,boliche,m,bowling,stratum,wiktionary:kaikki@2026-10-03,False,,bowling,3.64,,,he,unknown,,3.5563526153564453,2.636159896850586,-0.06723032705485821,-3.0672303438186646,,0.9846794693400147,3.0000000167638063,True,3, b|olic|he,right,right,known,True,3.0962562561035156,m,True,True,m,True
es,arce,m,maple tree,stratum,wiktionary:kaikki@2026-10-03,False,,maple tree,3.64,,,ce,native,,6.659999847412109,4.759664535522461,-0.04849774017930031,-3.4859976768493652,,0.9833407502690508,3.437499936670065,True,2, ar|ce,right,right,known,True,5.709832191467285,m,True,True,m,True
es,poste,m,post,stratum,wiktionary:kaikki@2026-10-03,False,,"post (of wood), pole",3.62,,,te,unknown,,2.67897891998291,4.6356964111328125,-0.017308517824858427,-4.954808473587036,,0.9899046910022513,4.937499955762178,True,1, poste,right,right,known,True,3.6573376655578613,m,True,True,m,True
es,pulgar,m,thumb,stratum,wiktionary:kaikki@2026-10-03,False,,"thumb, big toe",3.62,,,ar,native,,6.447027206420898,4.632307052612305,-0.06339686922729015,-3.31339693069458,,0.9852369869419557,3.25000006146729,True,2, pul|gar,right,right,known,True,5.539667129516602,m,True,True,m,True
es,esquí,m,ski,stratum,wiktionary:kaikki@2026-10-03,False,,ski,3.61,,,uí,loan,,3.581197738647461,2.3582286834716797,-0.21741971373558044,-3.717419743537903,,0.8307340262647107,3.5000000298023224,True,2, es|quí,right,right,known,True,2.9697132110595703,m,True,True,m,True
es,currículum,m,curriculum vitae,stratum,wiktionary:kaikki@2026-10-03,False,,curriculum vitae,3.61,,,um,unknown,,4.978543281555176,4.047094345092773,-0.018566546496003866,-6.456066370010376,,0.9831878070511806,6.437499823514372,True,3, curr|ícul|um,right,right,known,True,4.512818813323975,m,True,True,m,True
es,vinagre,m,vinegar,stratum,wiktionary:kaikki@2026-10-03,False,,vinegar (a sour liquid formed by the fermentation of alcohol used as a condiment or preservative),3.61,,,re,native,,7.36732292175293,5.78387451171875,-0.011485980357974768,-5.886485815048218,,0.9915534356066327,5.874999834690243,True,3, vin|ag|re,right,right,known,True,6.57559871673584,m,True,True,m,True
es,fusil,m,rifle,stratum,wiktionary:kaikki@2026-10-03,False,,rifle,3.6,,,il,unknown,,6.231575012207031,10.477977752685547,-0.0147489826194942,-5.889749050140381,,0.9881487875738433,5.875000067520887,True,2, fus|il,right,right,known,True,8.354776382446289,m,True,True,m,True
es,centenar,m,unit of one hundred objects,stratum,wiktionary:kaikki@2026-10-03,False,,a unit of one hundred objects,3.6,,,ar,unknown,,7.178000450134277,6.419939041137695,-0.061100831255316734,-5.311100959777832,,0.9458299838688278,5.250000128522515,True,3, cent|en|ar,right,right,known,True,6.798969745635986,m,True,True,m,True
es,bol,m,bowl,stratum,wiktionary:kaikki@2026-10-03,False,,bowl,3.58,,,ol,unknown,,5.120645523071289,6.968362808227539,-0.6775901913642883,-1.0525902211666107,,0.9376918958429352,0.3750000298023224,False,1, bol,right,right,known,True,6.044504165649414,m,True,True,m,True
es,mueble,m,piece of furniture,stratum,wiktionary:kaikki@2026-10-03,False,,a piece of furniture,3.58,,,le,native,,3.104996681213379,3.5084896087646484,-0.01699100248515606,-5.329490900039673,,0.9882386837158502,5.312499897554517,True,2, mue|ble,right,right,known,True,3.3067431449890137,m,True,True,m,True
es,declive,m,decline,stratum,wiktionary:kaikki@2026-10-03,False,,decline (a downward slope),3.58,,,ve,loan,,4.260544776916504,5.763753890991211,-0.06181594543159008,-3.3118159770965576,,0.9835599828698851,3.2500000316649675,True,2, decl|ive,right,right,known,True,5.012149333953857,m,True,True,m,True
es,chicle,m,chewing gum,stratum,wiktionary:kaikki@2026-10-03,False,,chewing gum,3.57,,,le,loan,,3.8752880096435547,3.6740188598632812,-0.08600259199738503,-3.0860027074813843,,0.963657694878695,3.0000001154839993,True,2, ch|icle,right,right,known,True,3.774653434753418,m,True,True,m,True
es,cauce,m,riverbed,stratum,wiktionary:kaikki@2026-10-03,False,,riverbed,3.56,,,ce,unknown,,3.048063278198242,4.1081695556640625,-0.044493403285741806,-3.7319934368133545,,0.9808390150204676,3.6875000335276127,True,2, ca|uce,right,right,known,True,3.5781164169311523,m,True,True,m,True
es,rompecabezas,m,jigsaw puzzle,stratum,wiktionary:kaikki@2026-10-03,False,,a jigsaw puzzle,3.55,,,as,unknown,,4.002773284912109,5.519432067871094,-0.029096297919750214,-5.3415961265563965,,0.9768847969121406,5.312499828636646,True,4, rom|pec|abe|zas,right,right,known,True,4.761102676391602,m,True,True,m,True
es,confort,m,comfort,stratum,wiktionary:kaikki@2026-10-03,False,,"comfort, ease",3.55,,,rt,unknown,,6.720672607421875,5.258813858032227,-0.05930505692958832,-3.8718050718307495,,0.9832497088194321,3.812500014901161,True,1, confort,right,right,known,True,5.989743232727051,m,True,True,m,True
es,boicot,m,boycott,stratum,wiktionary:kaikki@2026-10-03,False,,boycott,3.54,,,ot,unknown,,2.881877899169922,2.7357826232910156,-0.019115853123366833,-6.581615686416626,,0.9824840776869366,6.562499833293259,True,2, bo|icot,right,right,known,True,2.8088302612304688,m,True,True,m,True
es,compás,m,pair of compasses,stratum,wiktionary:kaikki@2026-10-03,False,,pair of compasses (tool used to draw circles),3.52,,,ás,loan,,2.252931594848633,2.9316320419311523,-0.01578468643128872,-5.265784740447998,,0.9901603383911042,5.250000054016709,True,2, comp|ás,right,right,known,True,2.5922818183898926,m,True,True,m,True
es,porvenir,m,future,stratum,wiktionary:kaikki@2026-10-03,False,,future (that which is yet to come),3.52,,,ir,unknown,,6.655673027038574,5.055133819580078,-0.018453902564942837,-6.01845383644104,,0.984167899766464,5.999999933876097,True,2, por|venir,right,right,known,True,5.855403423309326,m,True,True,m,True
es,ataúd,m,coffin,stratum,wiktionary:kaikki@2026-10-03,False,,"coffin, casket",3.51,,,úd,loan,,4.131536483764648,2.942605972290039,-0.018087981268763542,-5.080587863922119,,0.9885949485384746,5.062499882653356,True,3, ata|ú|d,right,right,known,True,3.5370712280273438,m,True,True,m,True
es,aval,m,endorsement,stratum,wiktionary:kaikki@2026-10-03,False,,endorsement,3.51,,,al,unknown,,6.173514366149902,7.218801498413086,-0.06269779801368713,-3.9376977682113647,,0.9600980486938273,3.8749999701976776,True,1, aval,right,right,known,True,6.696157932281494,m,True,True,m,True
es,cicatriz,f,scar,stratum,wiktionary:kaikki@2026-10-03,False,,"scar, cicatrix",3.5,,,iz,unknown,,-7.240776062011719,-7.627597808837891,-6.451146602630615,-0.013646476436406374,,0.9880280876606788,-6.437500126194209,True,3, cic|at|riz,right,right,known,True,-7.434186935424805,f,True,True,f,True
es,ómnibus,m,public bus,stratum,wiktionary:kaikki@2026-10-03,False,,public bus,3.47,,,us,loan,,2.9032535552978516,4.5155487060546875,-0.01734404731541872,-5.454844236373901,,0.9874950245134407,5.437500189058483,True,3, ó|mn|ibus,right,right,known,True,3.7094011306762695,m,True,True,m,True
es,guion,m,script,stratum,wiktionary:kaikki@2026-10-03,False,,"script, scenario",3.46,,,on,unknown,,4.788303375244141,6.901867866516113,-0.04316553473472595,-4.668165445327759,,0.9673378156853105,4.624999910593033,True,2, gu|ion,right,right,known,True,5.845085620880127,m,True,True,m,True
es,paladar,m,palate,stratum,wiktionary:kaikki@2026-10-03,False,,"palate (roof of the mouth, and sense of taste)",3.46,,,ar,native,,3.3932619094848633,2.701190948486328,-0.03596336301416159,-3.9734634160995483,,0.9864756899278817,3.9375000530853868,True,2, pal|adar,right,right,known,True,3.0472264289855957,m,True,True,m,True
es,ápice,m,apex,stratum,wiktionary:kaikki@2026-10-03,False,,"apex, tip",3.45,,,ce,unknown,,3.009463310241699,4.185737609863281,-0.04184660129249096,-4.0418466329574585,,0.9771288462055558,4.0000000316649675,True,2, áp|ice,right,right,known,True,3.5976004600524902,m,True,True,m,True
es,pinar,m,pine grove,stratum,wiktionary:kaikki@2026-10-03,False,,pine grove,3.44,,,ar,unknown,,5.787160873413086,4.447792053222656,-0.026929214596748352,-5.651929140090942,,0.9769527572488264,5.624999925494194,True,2, pin|ar,right,right,known,True,5.117476463317871,m,True,True,m,True
es,apéndice,m,appendix,stratum,wiktionary:kaikki@2026-10-03,False,,appendix (text added to the end of a book),3.44,,,ce,loan,,6.144280433654785,7.425894737243652,-0.04735901206731796,-4.297358989715576,,0.96745951902278,4.249999977648258,True,4, ap|é|nd|ice,right,right,known,True,6.785087585449219,m,True,True,m,True
es,contraparte,f,counterpart,stratum,wiktionary:kaikki@2026-10-03,False,,counterpart,3.42,,,te,unknown,,-3.083131790161133,-5.078453063964844,-1.5362468361854553,-0.3487468659877777,,0.9239054124196024,-1.1874999701976776,True,3, contr|ap|arte,right,right,known,True,-4.080792427062988,f,True,True,f,True
es,bambú,m,bamboo,stratum,wiktionary:kaikki@2026-10-03,False,,bamboo (plant),3.41,,,bú,loan,,4.270663261413574,5.590439796447754,-0.028891954571008682,-4.3413920402526855,,0.9845651572495393,4.312500085681677,True,2, bamb|ú,right,right,known,True,4.930551528930664,m,True,True,m,True
es,jarabe,m,syrup,stratum,wiktionary:kaikki@2026-10-03,False,,syrup,3.4,,,be,native,,6.573590278625488,12.24722671508789,-0.019089441280812025,-5.019089460372925,,0.9890263720404471,5.000000019092113,True,2, jar|abe,right,right,known,True,9.41040849685669,m,True,True,m,True
es,puré,m,puree,stratum,wiktionary:kaikki@2026-10-03,False,,puree,3.4,,,ré,unknown,,3.526571273803711,3.181062698364258,-0.022552918642759323,-4.897552967071533,,0.9861093670273811,4.875000048428774,True,2, pur|é,right,right,known,True,3.3538169860839844,m,True,True,m,True
es,falange,f,phalanx,stratum,wiktionary:kaikki@2026-10-03,False,,phalanx (one of the bones of the finger or toe),3.4,,,ge,loan,,-3.963075637817383,-1.3645286560058594,-4.283838510513306,-0.03383864555507898,,0.980950433389985,-4.249999864958227,True,2, fal|ange,right,right,known,True,-2.663802146911621,f,True,True,f,True
es,estandarte,m,flag,stratum,wiktionary:kaikki@2026-10-03,False,,"flag, banner, standard, colors",3.4,,,te,loan,,4.855010986328125,5.720912933349609,-0.04052225220948458,-3.790522336959839,,0.9856836842378837,3.7500000847503543,True,3, est|and|arte,right,right,known,True,5.287961959838867,m,True,True,m,True
es,millar,m,unit or group of one thousand,stratum,wiktionary:kaikki@2026-10-03,False,,a unit or group of one thousand,3.39,,,ar,unknown,,4.543638229370117,8.426231384277344,-0.08091295138001442,-4.330912828445435,,0.9358866835907027,4.24999987706542,True,2, mill|ar,right,right,known,True,6.4849348068237305,m,True,True,m,True
es,voleibol,m,volleyball,stratum,wiktionary:kaikki@2026-10-03,False,,volleyball (game),3.38,,,ol,unknown,,3.6754627227783203,3.270784378051758,-0.022527088411152363,-5.02252721786499,,0.9843681446972723,5.000000129453838,True,4, v|ole|ib|ol,right,right,known,True,3.473123550415039,m,True,True,m,True
es,cáliz,m,chalice,stratum,wiktionary:kaikki@2026-10-03,False,,"chalice, goblet",3.38,,,iz,loan,,0.20734405517578125,-0.886444091796875,-0.019984029233455658,-5.082484006881714,,0.9867223847774069,5.062499977648258,True,3, c|ál|iz,unsure,unsure,unsure,False,-0.3395500183105469,f,False,False,m,True
es,mugre,f,dirt,stratum,wiktionary:kaikki@2026-10-03,False,,"dirt, filth, grease, muck",3.38,,,re,unknown,,-2.9526443481445312,-1.3199348449707031,-3.337745785713196,-0.0877457968890667,,0.9752428500375385,-3.249999988824129,True,2, mug|re,right,right,known,True,-2.136289596557617,f,True,True,f,True
es,nordeste,m,northeast,stratum,wiktionary:kaikki@2026-10-03,False,,northeast,3.37,,,te,unknown,,6.052785873413086,7.14961051940918,-0.036293989047408104,-5.036294221878052,,0.9710615148227608,5.000000232830644,True,3, nor|dest|e,right,right,known,True,6.601198196411133,m,True,True,m,True
es,bucle,m,curl of hair,stratum,wiktionary:kaikki@2026-10-03,False,,curl of hair,3.37,,,le,loan,,7.666110992431641,6.932804107666016,-0.07034285366535187,-3.445343017578125,,0.9730177931678694,3.375000163912773,True,2, bu|cle,right,right,known,True,7.299457550048828,m,True,True,m,True
es,escondite,m,hiding place,stratum,wiktionary:kaikki@2026-10-03,False,,hiding place,3.36,,,te,loan,,5.906726837158203,3.907716751098633,-0.023206142708659172,-5.0232062339782715,,0.9844787076090755,5.000000091269612,True,3, es|cond|ite,right,right,known,True,4.907221794128418,m,True,True,m,True
es,cóctel,m,cocktail,stratum,wiktionary:kaikki@2026-10-03,False,,cocktail,3.36,,,el,unknown,,5.8873291015625,5.051843643188477,-0.01708884257823229,-5.892088890075684,,0.9859042250898506,5.875000047497451,True,3, có|ct|el,right,right,known,True,5.469586372375488,m,True,True,m,True
es,sudoeste,m,southwest,stratum,wiktionary:kaikki@2026-10-03,False,,southwest,3.36,,,te,unknown,,-0.6173801422119141,4.0414581298828125,-0.0353776291012764,-5.472877740859985,,0.9695166575254361,5.437500111758709,True,2, sudo|este,unsure,right,unsure,False,1.7120389938354492,m,True,False,m,True
es,yate,m,yacht,stratum,wiktionary:kaikki@2026-10-03,False,,yacht,3.35,,,te,loan,,3.3870582580566406,4.461437225341797,-0.02119889110326767,-4.583698749542236,,0.9908822594612188,4.562499858438969,True,2, y|ate,right,right,known,True,3.9242477416992188,m,True,True,m,True
es,altavoz,m,loudspeaker,stratum,wiktionary:kaikki@2026-10-03,False,,"loudspeaker, speaker (an electromechanical transducer that converts an electrical signal into audible sound)",3.35,,,oz,unknown,,1.7040176391601562,0.6411380767822266,-0.03926713950932026,-4.101767063140869,,0.9796201005598293,4.062499923631549,True,3, alt|av|oz,right,unsure,unsure,False,1.1725778579711914,m,True,True,m,True
es,matiz,m,hue,stratum,wiktionary:kaikki@2026-10-03,False,,hue,3.35,,,iz,unknown,,3.034170150756836,3.0439701080322266,-0.05633024498820305,-3.7438302040100098,,0.9689679368552113,3.6874999590218067,True,2, mat|iz,right,right,known,True,3.0390701293945312,m,True,True,m,True
es,quehacer,m,work,stratum,wiktionary:kaikki@2026-10-03,False,,work,3.35,,,er,unknown,,3.826737403869629,1.9250030517578125,-0.20972783118486404,-4.647227764129639,,0.8209243966425827,4.437499932944775,True,3, que|h|acer,right,right,known,True,2.8758702278137207,m,True,True,m,True
es,paracaídas,m,parachute,stratum,wiktionary:kaikki@2026-10-03,False,,parachute,3.35,,,as,unknown,,3.4480743408203125,3.4502029418945312,-0.02335352450609207,-4.585853576660156,,0.9871318861630415,4.562500052154064,True,4, par|aca|í|das,right,right,known,True,3.449138641357422,m,True,True,m,True
es,sintaxis,f,syntax,stratum,wiktionary:kaikki@2026-10-03,False,,syntax,3.34,,,is,loan,,-4.29780387878418,-4.801294326782227,-4.464266061782837,-0.08926621079444885,,0.926492968055836,-4.374999850988388,True,2, sint|axis,right,right,known,True,-4.549549102783203,f,True,True,f,True
es,baúl,m,chest,stratum,wiktionary:kaikki@2026-10-03,False,,"chest, trunk, footlocker, steamer trunk",3.33,,,úl,unknown,,3.654006004333496,6.141883850097656,-0.031041292008012533,-4.468541264533997,,0.9898323995997197,4.437499972525984,True,3, ba|ú|l,right,right,known,True,4.897944927215576,m,True,True,m,True
es,diésel,m,diesel fuel,stratum,wiktionary:kaikki@2026-10-03,False,,diesel fuel,3.33,,,el,unknown,,4.221435546875,3.6457443237304688,-0.05282912962138653,-4.240329146385193,,0.9653082986299643,4.187500016763806,True,3, di|és|el,right,right,known,True,3.9335899353027344,m,True,True,m,True
es,ojete,m,eyelet,stratum,wiktionary:kaikki@2026-10-03,False,,"eyelet, grommet",3.31,,,-ete,unknown,,3.331319808959961,4.212856292724609,-0.21336233615875244,-2.7758623361587524,,0.8711940762335288,2.5625,True,3, o|j|ete,right,right,known,True,3.772088050842285,m,True,True,m,True
es,vals,m,waltz,stratum,wiktionary:kaikki@2026-10-03,False,,waltz,3.31,,,ls,loan,,5.036342620849609,6.148341178894043,-0.029369637370109558,-5.029369831085205,,0.977667439340421,5.0000001937150955,True,1, vals,right,right,known,True,5.592341899871826,m,True,True,m,True
es,sobrenombre,m,nickname,stratum,wiktionary:kaikki@2026-10-03,False,,"nickname, sobriquet",3.31,,,re,native,,8.179414749145508,4.914237976074219,-0.026403536088764668,-5.088903427124023,,0.9811012410988702,5.062499891035259,True,3, sob|ren|ombre,right,right,known,True,6.546826362609863,m,True,True,m,True
es,pincel,m,paintbrush,stratum,wiktionary:kaikki@2026-10-03,False,,paintbrush (usually thinner than a brocha),3.31,,,el,loan,,6.66551399230957,4.449495315551758,-0.022444079164415598,-4.834944009780884,,0.9884977760043738,4.812499930616468,True,3, p|inc|el,right,right,known,True,5.557504653930664,m,True,True,m,True
es,cofre,m,chest,stratum,wiktionary:kaikki@2026-10-03,False,,"chest, coffer, trunk",3.3,,,re,loan,,4.827692031860352,4.932775497436523,-0.03181507810950279,-3.9693150520324707,,0.9905764435701585,3.937499973922968,True,2, cof|re,right,right,known,True,4.8802337646484375,m,True,True,m,True
es,carné,m,identity card,stratum,wiktionary:kaikki@2026-10-03,False,,identity card,3.3,,,né,loan,,3.7602806091308594,5.569948196411133,-0.01646363502368331,-5.2039635181427,,0.9905082090274188,5.187499883119017,True,2, carn|é,right,right,known,True,4.665114402770996,m,True,True,m,True
es,broche,m,clasp,stratum,wiktionary:kaikki@2026-10-03,False,,"clasp, brooch",3.3,,,he,unknown,,3.810464859008789,5.289848327636719,-0.05173906218260527,-3.801738977432251,,0.9871182176978095,3.7499999152496457,True,2, bro|che,right,right,known,True,4.550156593322754,m,True,True,m,True
es,arrecife,m,reef,stratum,wiktionary:kaikki@2026-10-03,False,,reef,3.3,,,fe,native,,3.447774887084961,2.7015132904052734,-0.01690967520698905,-5.391909599304199,,0.988108165914916,5.37499992409721,True,3, ar|rec|ife,right,right,known,True,3.074644088745117,m,True,True,m,True
es,bufete,m,lawyer's office,stratum,wiktionary:kaikki@2026-10-03,False,,lawyer's office,3.29,,,-ete,unknown,,1.6190462112426758,3.557802200317383,-0.07902750931680202,-2.954027533531189,,0.9860492394732456,2.875000024214387,True,2, buf|ete,right,right,known,True,2.5884242057800293,m,True,True,m,True
es,ovni,m,ufo,stratum,wiktionary:kaikki@2026-10-03,False,,UFO,3.29,,,ni,unknown,,3.3875579833984375,1.8717193603515625,-0.03392775356769562,-4.59642767906189,,0.9769058703139801,4.562499925494194,True,2, ov|ni,right,right,known,True,2.629638671875,m,True,True,m,True
es,perejil,m,parsley,stratum,wiktionary:kaikki@2026-10-03,False,,parsley,3.29,,,il,native,,4.467023849487305,4.2099609375,-0.025639722123742104,-5.150639772415161,,0.9804828921726905,5.125000050291419,True,4, p|ere|j|il,right,right,known,True,4.338492393493652,m,True,True,m,True
es,superávit,m,surplus,stratum,wiktionary:kaikki@2026-10-03,False,,surplus,3.29,,,it,loan,,4.84138298034668,7.454469680786133,-0.01855887845158577,-5.518558740615845,,0.9856247915967444,5.499999862164259,True,3, super|á|vit,right,right,known,True,6.147926330566406,m,True,True,m,True
es,parabrisas,m,windscreen,stratum,wiktionary:kaikki@2026-10-03,False,,"windscreen, windshield",3.29,,,as,unknown,,3.486639976501465,1.2496681213378906,-0.06217564083635807,-3.2496756315231323,,0.9821224266155466,3.1874999906867743,True,4, par|ab|ris|as,right,right,known,True,2.3681540489196777,m,True,True,m,True
es,proyectil,m,projectile,stratum,wiktionary:kaikki@2026-10-03,False,,projectile,3.29,,,il,unknown,,3.221011161804199,4.995113372802734,-0.035076520405709743,-3.9725764989852905,,0.9852650518303223,3.937499978579581,True,3, pro|yect|il,right,right,known,True,4.108062267303467,m,True,True,m,True
es,girasol,m,sunflower,stratum,wiktionary:kaikki@2026-10-03,False,,sunflower,3.28,,,ol,unknown,,3.339876174926758,5.7347412109375,-0.056338388472795486,-3.368838310241699,,0.9812837189217143,3.3124999217689037,True,3, gir|as|ol,right,right,known,True,4.537308692932129,m,True,True,m,True
es,manjar,m,delicacy,stratum,wiktionary:kaikki@2026-10-03,False,,"delicacy, food, sustenance (especially delicious food, or one of the types of foods listed below)",3.28,,,ar,loan,,3.828092575073242,5.244438171386719,-0.02668684348464012,-5.151686668395996,,0.9798664235092797,5.124999824911356,True,2, man|jar,right,right,known,True,4.5362653732299805,m,True,True,m,True
es,códice,m,codex,stratum,wiktionary:kaikki@2026-10-03,False,,codex,3.28,,,ce,native,,4.947017669677734,2.4259395599365234,-0.020884539000689983,-5.4583845138549805,,0.9836678653919635,5.4374999748542905,True,3, c|ód|ice,right,right,known,True,3.686478614807129,m,True,True,m,True
es,hoz,f,sickle,stratum,wiktionary:kaikki@2026-10-03,False,,sickle,3.28,,,oz,native,,-2.9251747131347656,-5.057518005371094,-4.342259407043457,-0.02975942101329565,,0.9837112489589184,-4.312499986030161,True,2, h|oz,right,right,known,True,-3.9913463592529297,f,True,True,f,True
es,arancel,m,tariff,stratum,wiktionary:kaikki@2026-10-03,False,,tariff,3.27,,,el,loan,,5.040586471557617,4.121938705444336,-0.03209175728261471,-4.3445916175842285,,0.981420443148523,4.312499860301614,True,2, ar|ancel,right,right,known,True,4.581262588500977,m,True,True,m,True
es,glaciar,m,glacier,stratum,wiktionary:kaikki@2026-10-03,False,,glacier,3.27,,,ar,unknown,,3.8019495010375977,4.680868148803711,-0.01507397461682558,-5.577573776245117,,0.9888872859223338,5.562499801628292,True,2, glac|iar,right,right,known,True,4.241408824920654,m,True,True,m,True
es,bilis,f,bile,stratum,wiktionary:kaikki@2026-10-03,False,,bile,3.27,,,is,unknown,,-5.514440536499023,-3.5404510498046875,-2.370798498392105,-0.3707985579967499,,0.9316780084242611,-1.9999999403953552,True,2, bil|is,right,right,known,True,-4.5274457931518555,f,True,True,f,True
es,desinterés,m,disinterest,stratum,wiktionary:kaikki@2026-10-03,False,,disinterest,3.27,,,és,unknown,,2.319795608520508,4.725704193115234,-0.021008314564824104,-5.771008253097534,,0.982331827991989,5.74999993853271,True,3, des|inter|és,right,right,known,True,3.522749900817871,m,True,True,m,True
es,escorial,m,slag heap,stratum,wiktionary:kaikki@2026-10-03,False,,slag heap,3.27,,,al,unknown,,2.1607894897460938,3.394390106201172,-0.18539078533649445,-2.372890830039978,,0.9443654019058354,2.1875000447034836,True,2, esc|orial,right,right,known,True,2.777589797973633,m,True,True,m,True
es,vértice,m,vertex,stratum,wiktionary:kaikki@2026-10-03,False,,vertex,3.26,,,ce,native,,4.057758331298828,5.941985130310059,-0.02232235949486494,-5.084822416305542,,0.98422642891373,5.062500056810677,True,3, vé|rt|ice,right,right,known,True,4.999871730804443,m,True,True,m,True
es,ramal,m,exit,stratum,wiktionary:kaikki@2026-10-03,False,,exit (of a highway or road),3.25,,,al,unknown,,4.421506881713867,3.563070297241211,-0.0641366746276617,-3.3141367435455322,,0.9742561119977966,3.2500000689178705,True,2, ram|al,right,right,known,True,3.992288589477539,m,True,True,m,True
es,billar,m,billiards,stratum,wiktionary:kaikki@2026-10-03,False,,billiards,3.25,,,ar,unknown,,4.348819732666016,5.983041763305664,-0.016375556588172913,-5.203875541687012,,0.9897842747053749,5.187499985098839,True,2, bill|ar,right,right,known,True,5.16593074798584,m,True,True,m,True
es,arenal,m,sandy area or patch of ground,stratum,wiktionary:kaikki@2026-10-03,False,,sandy area or patch of ground; beach,3.24,,,al,unknown,,2.3725032806396484,2.489521026611328,-0.07089503854513168,-3.508394956588745,,0.9615810111461229,3.4374999180436134,True,2, aren|al,right,right,known,True,2.4310121536254883,m,True,True,m,True
es,canje,m,swap,stratum,wiktionary:kaikki@2026-10-03,False,,"swap, exchange",3.24,,,je,unknown,,5.733536720275879,3.354940414428711,-0.06576373428106308,-3.3157637119293213,,0.9771114582897427,3.249999977648258,True,2, can|je,right,right,known,True,4.544238567352295,m,True,True,m,True
es,estuche,m,case,stratum,wiktionary:kaikki@2026-10-03,False,,case (to hold and protect something),3.23,,,he,loan,,4.277544021606445,4.724802017211914,-0.04884868673980236,-3.6113486289978027,,0.9884575304076217,3.5624999422580004,True,2, est|uche,right,right,known,True,4.50117301940918,m,True,True,m,True
es,jengibre,m,ginger,stratum,wiktionary:kaikki@2026-10-03,False,,ginger,3.23,,,re,native,,3.4289493560791016,3.7279434204101562,-0.07760479860007763,-3.0151047706604004,,0.9789007774599123,2.9374999720603228,True,3, j|eng|ibre,right,right,known,True,3.578446388244629,m,True,True,m,True
es,andén,m,platform,stratum,wiktionary:kaikki@2026-10-03,False,,platform (at a train station),3.23,,,én,native,,3.9174423217773438,0.3932971954345703,-0.02777127455919981,-4.402771234512329,,0.9857141488093623,4.374999959953129,True,2, and|én,right,unsure,unsure,False,2.155369758605957,m,True,True,m,True
es,porche,m,veranda,stratum,wiktionary:kaikki@2026-10-03,False,,"veranda, verandah; stoop; porch",3.23,,,he,loan,,5.055789947509766,1.9396324157714844,-0.04962776601314545,-3.3621277809143066,,0.9863116642797494,3.312500014901161,True,2, por|che,right,right,known,True,3.497711181640625,m,True,True,m,True
es,orbe,m,orb,stratum,wiktionary:kaikki@2026-10-03,False,,orb,3.22,,,be,unknown,,6.247344970703125,5.640863418579102,-0.08878051489591599,-2.9637805223464966,,0.9682289077145172,2.8750000074505806,True,2, or|be,right,right,known,True,5.944104194641113,m,True,True,m,True
es,cúspide,f,peak,stratum,wiktionary:kaikki@2026-10-03,False,,peak; zenith,3.21,,,de,native,,-4.319854736328125,-2.483114242553711,-2.803334951400757,-0.11583494581282139,,0.9708340993791291,-2.6875000055879354,True,3, cú|sp|ide,right,right,known,True,-3.401484489440918,f,True,True,f,True
es,penalti,m,penalty,stratum,wiktionary:kaikki@2026-10-03,False,,"penalty, penalty kick",3.21,,,ti,unknown,,0.6186637878417969,4.101490020751953,-0.021453925408422947,-4.708953857421875,,0.9878096222466515,4.687499932013452,True,3, pen|alt|i,unsure,right,unsure,False,2.360076904296875,m,True,True,m,True
es,resorte,m,spring,stratum,wiktionary:kaikki@2026-10-03,False,,spring (device made of flexible material),3.21,,,te,unknown,,3.7604618072509766,3.4400196075439453,-0.03443228546530008,-4.034432291984558,,0.9873495024007137,4.000000006519258,True,2, res|orte,right,right,known,True,3.600240707397461,m,True,True,m,True
es,desnivel,m,difference of altitude,stratum,wiktionary:kaikki@2026-10-03,False,,difference of altitude,3.2,,,el,unknown,,7.765825271606445,3.091470718383789,-0.03333539795130491,-4.658335447311401,,0.9785890058212412,4.6250000493600965,True,2, desn|ivel,right,right,known,True,5.428647994995117,m,True,True,m,True
es,palenque,m,palisade,stratum,wiktionary:kaikki@2026-10-03,False,,palisade; fence,3.2,,,ue,loan,,1.9928245544433594,-0.13457298278808594,-0.09416938200592995,-2.8441693782806396,,0.9687400081226827,2.7499999962747097,True,3, pal|en|que,right,unsure,unsure,False,0.9291257858276367,m,True,False,m,True
es,podre,f,rot,stratum,wiktionary:kaikki@2026-10-03,False,,rot; rotting,3.19,,,re,unknown,,3.6507492065429688,-0.4726371765136719,-0.574034184217453,-1.011534184217453,,0.9481582003983489,0.4375,False,2, pod|re,wrong,unsure,wrong,False,1.5890560150146484,m,False,False,m,False
es,bulevar,m,boulevard,stratum,wiktionary:kaikki@2026-10-03,False,,boulevard,3.19,,,ar,loan,,1.864938735961914,3.87646484375,-0.014305426273494959,-5.514305591583252,,0.9898577676240332,5.500000165309757,True,3, bu|le|var,right,right,known,True,2.870701789855957,m,True,True,m,True
es,burdel,m,brothel,stratum,wiktionary:kaikki@2026-10-03,False,,"brothel, whorehouse",3.19,,,el,loan,,6.334859848022461,4.182912826538086,-0.03257091902196407,-4.532570838928223,,0.978792070756199,4.499999919906259,True,2, bur|del,right,right,known,True,5.258886337280273,m,True,True,m,True
es,mote,m,nickname,stratum,wiktionary:kaikki@2026-10-03,False,,nickname,3.18,,,te,loan,,5.342238426208496,3.158479690551758,-0.2589462399482727,-1.883946180343628,,0.949274799698118,1.6249999403953552,True,1, mote,right,right,known,True,4.250359058380127,m,True,True,m,True
es,folclore,m,folklore,stratum,wiktionary:kaikki@2026-10-03,False,,folklore,3.18,,,re,unknown,,2.816281318664551,1.9749984741210938,-0.019268197938799858,-6.519268274307251,,0.9825817927992027,6.500000076368451,True,3, fol|c|lore,right,right,known,True,2.3956398963928223,m,True,True,m,True
es,mástil,m,mast,stratum,wiktionary:kaikki@2026-10-03,False,,"mast (a tall, slim post or tower used to support the sails on a ship)",3.18,,,il,loan,,2.561664581298828,2.5107173919677734,-0.02737943921238184,-4.402379393577576,,0.9876775205446924,4.374999954365194,True,3, má|st|il,right,right,known,True,2.536190986633301,m,True,True,m,True
es,escaparate,m,display cabinet,stratum,wiktionary:kaikki@2026-10-03,False,,display cabinet,3.18,,,te,loan,,4.948904037475586,5.819278717041016,-0.037472546100616455,-3.7874726057052612,,0.9865693984652573,3.7500000596046448,True,3, escap|ar|ate,right,right,known,True,5.384091377258301,m,True,True,m,True
es,sífilis,f,syphilis,stratum,wiktionary:kaikki@2026-10-03,False,,syphilis,3.17,,,is,unknown,,-3.6219568252563477,-3.812183380126953,-4.044204473495483,-0.04420452006161213,,0.9755055294023345,-3.9999999534338713,True,3, sí|fil|is,right,right,known,True,-3.7170701026916504,f,True,True,f,True
es,carrusel,m,carousel,stratum,wiktionary:kaikki@2026-10-03,False,,"carousel, merry-go-round",3.17,,,el,unknown,,3.4001636505126953,5.009454727172852,-0.02378831896930933,-4.7112884521484375,,0.9863517174067034,4.687500133179128,True,3, carr|us|el,right,right,known,True,4.204809188842773,m,True,True,m,True
es,alarde,m,boast,stratum,wiktionary:kaikki@2026-10-03,False,,"boast, boasting, brag",3.17,,,de,loan,,5.957342147827148,3.659320831298828,-0.07248915359377861,-3.2599891424179077,,0.9691175853389425,3.187499988824129,True,2, al|arde,right,right,known,True,4.808331489562988,m,True,True,m,True
es,pronombre,m,pronoun,stratum,wiktionary:kaikki@2026-10-03,False,,pronoun,3.17,,,re,native,,3.9882965087890625,3.4093799591064453,-0.14314521104097366,-2.455645203590393,,0.971436658070294,2.3124999925494194,True,2, pron|ombre,right,right,known,True,3.698838233947754,m,True,True,m,True
es,autocontrol,m,self-control,stratum,wiktionary:kaikki@2026-10-03,False,,self-control,3.16,,,ol,unknown,,4.310976028442383,4.1983489990234375,-0.04778882674872875,-3.8602888584136963,,0.9747703266571028,3.8125000316649675,True,2, auto|control,right,right,known,True,4.25466251373291,m,True,True,m,True
es,estiércol,m,manure,stratum,wiktionary:kaikki@2026-10-03,False,,manure,3.16,,,ol,native,,2.4727039337158203,2.8999977111816406,-0.06921504065394402,-3.3192150592803955,,0.970401680855314,3.2500000186264515,True,4, est|i|érc|ol,right,right,known,True,2.6863508224487305,m,True,True,m,True
es,fetiche,m,fetish,stratum,wiktionary:kaikki@2026-10-03,False,,fetish (something that is believed to possess magical powers),3.15,,,he,loan,,3.5032215118408203,4.980287551879883,-0.06802607327699661,-3.318026065826416,,0.9715651871534609,3.2499999925494194,True,3, f|etic|he,right,right,known,True,4.241754531860352,m,True,True,m,True
es,jacuzzi,m,hot tub,stratum,wiktionary:kaikki@2026-10-03,False,,"hot tub, jacuzzi",3.14,,,zi,unknown,,2.8362693786621094,0.05771446228027344,-0.025524315424263477,-4.713024139404297,,0.9839339816093832,4.687499823980033,True,2, jac|uzzi,right,unsure,unsure,False,1.4469919204711914,m,True,True,m,True
es,carrete,m,bobbin,stratum,wiktionary:kaikki@2026-10-03,False,,bobbin,3.14,,,-ete,loan,,6.165533065795898,3.1578426361083984,-0.08752370625734329,-2.9000236988067627,,0.9838948602601496,2.8124999925494194,True,2, car|rete,right,right,known,True,4.661687850952148,m,True,True,m,True
es,éter,m,ether,stratum,wiktionary:kaikki@2026-10-03,False,,ether,3.14,,,er,native,,2.888186454772949,2.0824623107910156,-0.08090575784444809,-3.5184056758880615,,0.9533627355701433,3.4374999180436134,True,2, é|ter,right,right,known,True,2.4853243827819824,m,True,True,m,True
es,sien,f,temple,stratum,wiktionary:kaikki@2026-10-03,False,,temple (part of the skull on the side of the forehead),3.14,,,en,loan,,-2.2752685546875,-4.739191055297852,-5.1678266525268555,-0.04282660223543644,,0.9641845518029976,-5.125000050291419,True,2, s|ien,right,right,known,True,-3.507229804992676,f,True,True,f,True
es,farol,m,lantern,stratum,wiktionary:kaikki@2026-10-03,False,,lantern,3.12,,,ol,native,,4.77001953125,4.849766731262207,-0.01708830101415515,-5.017088174819946,,0.9910072596729378,4.999999873805791,True,2, far|ol,right,right,known,True,4.8098931312561035,m,True,True,m,True
es,bache,m,pothole,stratum,wiktionary:kaikki@2026-10-03,False,,pothole,3.11,,,he,unknown,,5.87261962890625,4.542945861816406,-0.029840409755706787,-4.3423402309417725,,0.9836392366557378,4.312499821186066,True,2, b|ache,right,right,known,True,5.207782745361328,m,True,True,m,True
es,traste,m,fret,stratum,wiktionary:kaikki@2026-10-03,False,,fret,3.1,,,te,unknown,,5.729209899902344,4.855804443359375,-0.06769387051463127,-3.192693829536438,,0.9835111871392088,3.1249999590218067,True,2, tr|aste,right,right,known,True,5.292507171630859,m,True,True,m,True
es,derbi,m,derby,stratum,wiktionary:kaikki@2026-10-03,False,,"derby, local derby",3.1,,,bi,unknown,,4.905841827392578,4.478610992431641,-0.7521990947425365,-1.8146990835666656,,0.9289751994541278,1.062499988824129,False,2, der|bi,right,right,known,True,4.692226409912109,m,True,True,m,True
es,trébol,m,clover,stratum,wiktionary:kaikki@2026-10-03,False,,clover,3.1,,,ol,native,,3.928516387939453,5.250236511230469,-0.15052618458867073,-2.2755261063575745,,0.9695054373233154,2.1249999217689037,True,3, tr|é|bol,right,right,known,True,4.589376449584961,m,True,True,m,True
es,barniz,m,varnish,stratum,wiktionary:kaikki@2026-10-03,False,,"varnish, gloss",3.1,,,iz,native,,4.207728385925293,5.670757293701172,-0.028627559542655945,-4.216127395629883,,0.9872492996629665,4.187499836087227,True,2, barn|iz,right,right,known,True,4.939242839813232,m,True,True,m,True
es,brazalete,m,bracelet,stratum,wiktionary:kaikki@2026-10-03,False,,bracelet,3.1,,,-ete,unknown,,4.396681785583496,5.207612991333008,-0.05454595014452934,-3.5545458793640137,,0.979049725768979,3.4999999292194843,True,3, braz|ale|te,right,right,known,True,4.802147388458252,m,True,True,m,True
es,filete,m,fillet,stratum,wiktionary:kaikki@2026-10-03,False,,"fillet, steak",3.09,,,-ete,loan,,0.9428272247314453,3.7269859313964844,-0.027312319725751877,-4.777312397956848,,0.9848748600211448,4.750000078231096,True,2, file|te,unsure,right,unsure,False,2.334906578063965,m,True,True,m,True
es,mantel,m,tablecloth,stratum,wiktionary:kaikki@2026-10-03,False,,tablecloth,3.09,,,el,loan,,4.628528594970703,3.4833316802978516,-0.03342253342270851,-3.9709224700927734,,0.9889856825301218,3.937499936670065,True,2, mant|el,right,right,known,True,4.055930137634277,m,True,True,m,True
es,panal,m,honeycomb,stratum,wiktionary:kaikki@2026-10-03,False,,honeycomb,3.09,,,al,unknown,,2.164578437805176,2.32650089263916,-0.08784803375601768,-2.837847948074341,,0.9761899753607526,2.749999914318323,True,2, pan|al,right,right,known,True,2.245539665222168,m,True,True,m,True
es,hostal,m,hostel,stratum,wiktionary:kaikki@2026-10-03,False,,hostel; cheap hotel,3.09,,,al,native,,4.7970781326293945,4.782718658447266,-0.011841598432511091,-6.136841535568237,,0.9903901537798726,6.124999937135726,True,2, host|al,right,right,known,True,4.78989839553833,m,True,True,m,True
es,portaaviones,m,aircraft carrier,stratum,wiktionary:kaikki@2026-10-03,False,,aircraft carrier,3.09,,,es,unknown,,-0.8408985137939453,-1.0066604614257812,-0.02836717665195465,-4.278367280960083,,0.9860037022803527,4.250000104308128,True,3, porta|av|iones,unsure,wrong,wrong,False,-0.9237794876098633,f,False,True,m,True
es,jornal,m,day's pay,stratum,wiktionary:kaikki@2026-10-03,False,,a day's pay,3.07,,,al,unknown,,6.37000846862793,3.9733448028564453,-0.14178466796875,-2.32928466796875,,0.9736906832399568,2.1875,True,2, jorn|al,right,right,known,True,5.1716766357421875,m,True,True,m,True
es,hélice,f,helix,stratum,wiktionary:kaikki@2026-10-03,False,,helix,3.07,,,ce,loan,,-2.5985708236694336,-5.913394927978516,-4.4656822681427,-0.028182344511151314,,0.9839084211607283,-4.437499923631549,True,2, hé|lice,right,right,known,True,-4.255982875823975,f,True,True,f,True
es,tapiz,m,tapestry,stratum,wiktionary:kaikki@2026-10-03,False,,tapestry,3.06,,,iz,loan,,4.71021842956543,6.784261703491211,-0.03683988191187382,-3.9743399620056152,,0.989028741310062,3.9375000800937414,True,2, tap|iz,right,right,known,True,5.74724006652832,m,True,True,m,True
es,delantal,m,apron,stratum,wiktionary:kaikki@2026-10-03,False,,apron,3.06,,,al,unknown,,3.586048126220703,4.234086990356445,-0.04736571665853262,-3.6723657846450806,,0.9892011294539773,3.625000067986548,True,2, del|antal,right,right,known,True,3.910067558288574,m,True,True,m,True
es,crisol,m,crucible,stratum,wiktionary:kaikki@2026-10-03,False,,crucible,3.06,,,ol,unknown,,6.6649322509765625,8.46766471862793,-0.029091104865074158,-4.404091119766235,,0.9839350307218117,4.375000014901161,True,2, cris|ol,right,right,known,True,7.566298484802246,m,True,True,m,True
es,retrete,m,toilet,stratum,wiktionary:kaikki@2026-10-03,False,,toilet,3.05,,,-ete,loan,,2.319194793701172,4.481855392456055,-0.03307189233601093,-4.033071756362915,,0.9864268444017608,3.999999864026904,True,2, ret|rete,right,right,known,True,3.4005250930786133,m,True,True,m,True
es,descontrol,m,lack of control or order,stratum,wiktionary:kaikki@2026-10-03,False,,a lack of control or order; unruliness,3.05,,,ol,native,,6.65406608581543,8.796577453613281,-0.026199565269052982,-5.213699579238892,,0.9796792389031485,5.187500013969839,True,2, des|control,right,right,known,True,7.7253217697143555,m,True,True,m,True
es,seccional,f,police subdivision in montevideo. there are 24 of them in montevideo,stratum,wiktionary:kaikki@2026-10-03,False,,a police subdivision in Montevideo. There are 24 of them in Montevideo,3.05,,,al,unknown,,-2.2186279296875,-2.0968170166015625,-0.7880184352397919,-0.7255184352397919,,0.9613838011959523,-0.0625,False,3, se|cc|ional,right,right,known,True,-2.1577224731445312,f,True,True,f,True
es,rosal,m,rosebush,stratum,wiktionary:kaikki@2026-10-03,False,,rosebush,3.05,,,al,unknown,,4.431917190551758,4.189430236816406,-0.02581670694053173,-5.2133166790008545,,0.9802291540486833,5.187499972060323,True,2, ro|sal,right,right,known,True,4.310673713684082,m,True,True,m,True
es,anís,m,anise,stratum,wiktionary:kaikki@2026-10-03,False,,anise,3.04,,,ís,loan,,2.91335391998291,2.092710494995117,-0.01989719457924366,-5.707397222518921,,0.9837838368821192,5.687500027939677,True,2, an|ís,right,right,known,True,2.5030322074890137,m,True,True,m,True
es,arcoíris,m,rainbow,stratum,wiktionary:kaikki@2026-10-03,False,,rainbow,3.04,,,is,unknown,,5.470134735107422,6.961455345153809,-0.021794169209897518,-5.396794080734253,,0.9832944059805153,5.374999911524355,True,4, ar|co|í|ris,right,right,known,True,6.215795040130615,m,True,True,m,True
es,granel,m,bulk,stratum,wiktionary:kaikki@2026-10-03,False,,bulk (unpackaged goods),3.02,,,el,unknown,,3.1694393157958984,1.6449623107910156,-0.05366521514952183,-5.9286651611328125,,0.9504596798543998,5.874999945983291,True,2, gr|anel,right,right,known,True,2.407200813293457,m,True,True,m,True
es,grial,m,grail,stratum,wiktionary:kaikki@2026-10-03,False,,grail,3.01,,,al,loan,,3.839357376098633,5.270988464355469,-0.2153417356312275,-2.0278416872024536,,0.965300299296169,1.8124999515712261,True,2, g|rial,right,right,known,True,4.555172920227051,m,True,True,m,True
es,tun,m,pre-hispanic percussion instrument from guatemala,stratum,wiktionary:kaikki@2026-10-03,False,,"a Pre-Hispanic percussion instrument from Guatemala, consisting of a hollow wooden block with slits in the sides",3.01,,,un,unknown,,-0.2464122772216797,-0.2723560333251953,-0.6936324238777161,-0.8811324238777161,,0.9145570198352941,0.1875,True,1, tun,unsure,unsure,unsure,False,-0.2593841552734375,f,False,True,m,True
es,arrabal,m,suburb,stratum,wiktionary:kaikki@2026-10-03,False,,suburb,3.0,,,al,loan,,3.171428680419922,3.4687538146972656,-0.04304363764822483,-3.918043613433838,,0.9779027991046885,3.874999975785613,True,2, arr|abal,right,right,known,True,3.3200912475585938,m,True,True,m,True
es,hule,m,natural rubber,stratum,wiktionary:kaikki@2026-10-03,False,,natural rubber,3.0,,,le,unknown,,3.5567989349365234,1.4935588836669922,-0.1546296700835228,-2.092129707336426,,0.9820583753067836,1.937500037252903,True,2, h|ule,right,right,known,True,2.525178909301758,m,True,True,m,True
es,póquer,m,poker,stratum,wiktionary:kaikki@2026-10-03,False,,poker (card game),2.99,,,er,unknown,,1.8324756622314453,2.383758544921875,-0.09463754668831825,-3.2196375131607056,,0.9609985192716524,3.1249999664723873,True,2, pó|quer,right,right,known,True,2.10811710357666,m,True,True,m,True
es,camarote,m,cabin,stratum,wiktionary:kaikki@2026-10-03,False,,"cabin, quarters",2.99,,,-ote,unknown,,7.663023948669434,7.134452819824219,-0.06027426291257143,-3.3102742433547974,,0.988314870507506,3.249999980442226,True,2, camar|ote,right,right,known,True,7.398738384246826,m,True,True,m,True
es,bisturí,m,scalpel,stratum,wiktionary:kaikki@2026-10-03,False,,"scalpel, bistoury",2.99,,,rí,loan,,3.5124263763427734,5.229104995727539,-0.017775436863303185,-5.330275535583496,,0.987692940798051,5.312500098720193,True,3, bist|ur|í,right,right,known,True,4.370765686035156,m,True,True,m,True
es,menester,m,something necessary,stratum,wiktionary:kaikki@2026-10-03,False,,"something necessary, requirement, must",2.98,,,er,native,,1.5259170532226562,2.3300018310546875,-0.07000308111310005,-3.632503032684326,,0.9630094182094528,3.562499951571226,True,2, men|ester,right,right,known,True,1.9279594421386719,m,True,True,m,True
es,parral,m,vine arbour,stratum,wiktionary:kaikki@2026-10-03,False,,vine arbour,2.98,,,al,unknown,,6.550664901733398,3.3965110778808594,-0.033635733649134636,-4.158635854721069,,0.9825525316276675,4.125000121071935,True,3, p|arr|al,right,right,known,True,4.973587989807129,m,True,True,m,True
es,tándem,m,tandem bicycle,stratum,wiktionary:kaikki@2026-10-03,False,,tandem bicycle,2.98,,,em,unknown,,3.973226547241211,1.6924819946289062,-0.14982712268829346,-2.3373271226882935,,0.9576185761839131,2.1875,True,3, t|ánd|em,right,right,known,True,2.8328542709350586,m,True,True,m,True
es,desliz,m,slip,stratum,wiktionary:kaikki@2026-10-03,False,,"slip, lapse",2.97,,,iz,unknown,,3.782613754272461,6.505361557006836,-0.17700250446796417,-2.1770025491714478,,0.9542940804261528,2.0000000447034836,True,3, des|l|iz,right,right,known,True,5.143987655639648,m,True,True,m,True
es,pesebre,m,nativity scene,stratum,wiktionary:kaikki@2026-10-03,False,,nativity scene,2.95,,,re,unknown,,2.341628074645996,3.5765209197998047,-0.02629440650343895,-4.463794231414795,,0.9857679842258364,4.437499824911356,True,3, p|ese|bre,right,right,known,True,2.9590744972229004,m,True,True,m,True
es,vorágine,f,whirlpool,stratum,wiktionary:kaikki@2026-10-03,False,,"whirlpool, maelstrom",2.95,,,ne,loan,,-3.975780487060547,-5.753820419311523,-4.4153358936309814,-0.04033589642494917,,0.9809089409955538,-4.374999997206032,True,3, vor|ág|ine,right,right,known,True,-4.864800453186035,f,True,True,f,True
es,riel,m,rail,stratum,wiktionary:kaikki@2026-10-03,False,,"rail, track",2.95,,,el,loan,,2.8509368896484375,3.5145721435546875,-0.03678433038294315,-4.099284291267395,,0.9807573396857151,4.062499960884452,True,2, r|iel,right,right,known,True,3.1827545166015625,m,True,True,m,True
es,arnés,m,harness,stratum,wiktionary:kaikki@2026-10-03,False,,harness,2.95,,,és,unknown,,2.445812225341797,5.985079765319824,-0.030937127768993378,-4.218437194824219,,0.9845138262740187,4.187500067055225,True,3, ar|n|és,right,right,known,True,4.2154459953308105,m,True,True,m,True
es,cortafuegos,m,firebreak,stratum,wiktionary:kaikki@2026-10-03,False,,"firebreak, fire line, firetrail (Australia) (An area cleared of all flammable material in the woods to prevent a fire from spreading across it)",2.95,,,os,unknown,,3.827991485595703,5.18202018737793,-0.048457974568009377,-4.110957860946655,,0.9698838857186222,4.062499886378646,True,3, cort|af|uegos,right,right,known,True,4.505005836486816,m,True,True,m,True
es,gravamen,m,tax,stratum,wiktionary:kaikki@2026-10-03,False,,tax,2.95,,,-men,unknown,,3.099907875061035,5.083227157592773,-0.05118517205119133,-3.738685131072998,,0.973934102370223,3.6874999590218067,True,2, grav|amen,right,right,known,True,4.091567516326904,m,True,True,m,True
es,bou,m,seine fishing,stratum,wiktionary:kaikki@2026-10-03,False,,seine fishing,2.95,,,ou,unknown,,2.465435028076172,3.430164337158203,-0.3127242848277092,-1.8127242922782898,,0.9118186549598899,1.5000000074505806,True,1, bou,right,right,known,True,2.9477996826171875,m,True,True,m,True
es,yunque,m,anvil,stratum,wiktionary:kaikki@2026-10-03,False,,anvil,2.95,,,ue,native,,4.057155609130859,4.90367317199707,-0.02516612410545349,-4.525166034698486,,0.9873475766659519,4.499999910593033,True,2, y|unque,right,right,known,True,4.480414390563965,m,True,True,m,True
es,argot,m,slang,stratum,wiktionary:kaikki@2026-10-03,False,,"slang, argot",2.93,,,ot,unknown,,4.183043479919434,2.140382766723633,-0.07841408625245094,-3.5471640825271606,,0.9534091675996863,3.4687499962747097,True,2, arg|ot,right,right,known,True,3.161713123321533,m,True,True,m,True
es,yihad,f,jihad,stratum,wiktionary:kaikki@2026-10-03,False,,jihad,2.92,,,ad,unknown,,-4.082162857055664,-4.310802459716797,-3.6009950637817383,-0.10099511221051216,,0.9365721860038758,-3.499999951571226,True,2, y|ihad,right,right,known,True,-4.1964826583862305,f,True,True,f,True
es,telar,m,loom,stratum,wiktionary:kaikki@2026-10-03,False,,loom,2.92,,,ar,unknown,,5.584173202514648,6.884258270263672,-0.09995082579553127,-2.787450909614563,,0.9805291874515756,2.6875000838190317,True,2, tel|ar,right,right,known,True,6.23421573638916,m,True,True,m,True
es,hachís,m,hashish,stratum,wiktionary:kaikki@2026-10-03,False,,hashish,2.92,,,ís,unknown,,5.07513427734375,2.731809616088867,-0.15241022035479546,-2.40241014957428,,0.9549528054783628,2.2499999292194843,True,3, h|ach|ís,right,right,known,True,3.9034719467163086,m,True,True,m,True
es,almanaque,m,almanac,stratum,wiktionary:kaikki@2026-10-03,False,,almanac,2.91,,,ue,loan,,4.036256790161133,3.975759506225586,-0.012352147605270147,-6.449852228164673,,0.9893333558179311,6.437500080559403,True,3, al|man|aque,right,right,known,True,4.006008148193359,m,True,True,m,True
es,directriz,f,guideline,stratum,wiktionary:kaikki@2026-10-03,False,,"guideline, guidance, direction",2.91,,,iz,unknown,,-2.2254600524902344,-2.6312332153320312,-5.895418405532837,-0.02041837852448225,,0.9827362699440636,-5.875000027008355,True,2, direct|riz,right,right,known,True,-2.428346633911133,f,True,True,f,True
es,taburete,m,stool,stratum,wiktionary:kaikki@2026-10-03,False,,"stool, barstool",2.91,,,-ete,unknown,,5.462132453918457,3.5707225799560547,-0.04652077425271273,-3.734020709991455,,0.9893982570276834,3.6874999357387424,True,3, tab|ure|te,right,right,known,True,4.516427516937256,m,True,True,m,True
es,percance,m,accident,stratum,wiktionary:kaikki@2026-10-03,False,,"accident, mishap",2.9,,,ce,unknown,,2.301210403442383,0.48069000244140625,-0.025005094707012177,-4.962505102157593,,0.982642173519312,4.937500007450581,True,2, perc|ance,right,unsure,unsure,False,1.3909502029418945,m,True,True,m,True
es,matorral,m,brush,stratum,wiktionary:kaikki@2026-10-03,False,,"brush, scrub (wild vegetation)",2.9,,,al,unknown,,3.835264205932617,3.3652477264404297,-0.02664390206336975,-4.839143753051758,,0.9817601275076098,4.812499850988388,True,3, m|ator|ral,right,right,known,True,3.6002559661865234,m,True,True,m,True
es,ingle,f,groin,stratum,wiktionary:kaikki@2026-10-03,False,,groin,2.89,,,le,native,,-0.4424304962158203,0.6476364135742188,-2.3453142046928406,-0.40781419724226,,0.9503361016118185,-1.9375000074505806,True,2, |ingle,unsure,unsure,unsure,False,0.10260295867919922,m,False,False,f,True
es,lar,m,hearth,stratum,wiktionary:kaikki@2026-10-03,False,,"hearth, fireplace",2.89,,,ar,native,,3.7080421447753906,4.896745681762695,-1.4684864282608032,-0.3434864282608032,,0.9396925335119446,-1.125,True,1, lar,right,right,known,True,4.302393913269043,m,True,True,f,False
es,clavel,m,carnation,stratum,wiktionary:kaikki@2026-10-03,False,,carnation (plant),2.89,,,el,loan,,5.139125823974609,4.238445281982422,-0.03862437792122364,-3.9136242866516113,,0.9826960408947079,3.8749999087303877,True,2, cl|avel,right,right,known,True,4.688785552978516,m,True,True,m,True
es,epígrafe,m,epigraph,stratum,wiktionary:kaikki@2026-10-03,False,,epigraph,2.88,,,fe,loan,,1.7174835205078125,2.322906494140625,-0.03502648416906595,-4.660026550292969,,0.9750571817143902,4.625000066123903,True,4, ep|í|gr|afe,right,right,known,True,2.0201950073242188,m,True,True,m,True
es,lapsus,m,slip of the tongue,stratum,wiktionary:kaikki@2026-10-03,False,,slip of the tongue,2.88,,,us,unknown,,2.434703826904297,5.557354927062988,-0.0298253009095788,-4.779825210571289,,0.9792751667291668,4.74999990966171,True,2, laps|us,right,right,known,True,3.9960293769836426,m,True,True,m,True
es,balompié,m,football,stratum,wiktionary:kaikki@2026-10-03,False,,football (soccer),2.87,,,ié,native,,6.344577789306641,5.152587890625,-0.028587866574525833,-5.153588056564331,,0.9777838827471859,5.125000189989805,True,4, bal|om|pi|é,right,right,known,True,5.74858283996582,m,True,True,m,True
es,colmenar,m,apiary,stratum,wiktionary:kaikki@2026-10-03,False,,apiary (a place where beehives are kept),2.86,,,ar,unknown,,2.9376773834228516,2.9930496215820312,-0.09924342855811119,-3.349243402481079,,0.9408978612132628,3.249999973922968,True,3, col|men|ar,right,right,known,True,2.9653635025024414,m,True,True,m,True
es,tui,m,tweet,stratum,wiktionary:kaikki@2026-10-03,False,,tweet (post of Twitter),2.86,,,ui,unknown,,3.601205825805664,2.8430213928222656,-0.2968318685889244,-1.8593319058418274,,0.9053223633923144,1.562500037252903,True,2, t|ui,right,right,known,True,3.222113609313965,m,True,True,m,True
es,mimbre,m,wicker,stratum,wiktionary:kaikki@2026-10-03,False,,wicker,2.86,,,re,native,,5.342721939086914,1.0496940612792969,-0.06802694126963615,-3.568026900291443,,0.962457070414279,3.4999999590218067,True,2, mim|bre,right,right,known,True,3.1962080001831055,m,True,True,m,True
es,laúd,m,lute,stratum,wiktionary:kaikki@2026-10-03,False,,lute (a fretted stringed instrument),2.86,,,úd,loan,,4.069337844848633,2.866985321044922,-0.020745270885527134,-4.895745277404785,,0.9878937189400367,4.875000006519258,True,3, la|ú|d,right,right,known,True,3.4681615829467773,m,True,True,m,True
es,quiste,m,cyst,stratum,wiktionary:kaikki@2026-10-03,False,,cyst,2.86,,,te,unknown,,4.049915313720703,6.483882904052734,-0.03615372069180012,-4.098653793334961,,0.9811210751334642,4.062500072643161,True,2, qu|iste,right,right,known,True,5.266899108886719,m,True,True,m,True
es,cordel,m,string,stratum,wiktionary:kaikki@2026-10-03,False,,string (thin thread),2.85,,,el,loan,,5.150203704833984,6.775534629821777,-0.03188412822782993,-4.21938419342041,,0.9868810069620129,4.18750006519258,True,2, cord|el,right,right,known,True,5.962869167327881,m,True,True,m,True
es,espantapájaros,m,scarecrow,stratum,wiktionary:kaikki@2026-10-03,False,,scarecrow,2.85,,,os,unknown,,2.8744354248046875,2.521002769470215,-0.044456979259848595,-3.7319570779800415,,0.9805083274705841,3.687500098720193,True,6, esp|ant|ap|á|jar|os,right,right,known,True,2.697719097137451,m,True,True,m,True
es,vórtice,m,vortex,stratum,wiktionary:kaikki@2026-10-03,False,,vortex,2.85,,,ce,unknown,,4.636191368103027,3.4317703247070312,-0.025774767622351646,-4.775774717330933,,0.9846716859799232,4.749999949708581,True,4, v|ó|rt|ice,right,right,known,True,4.033980846405029,m,True,True,m,True
es,lanzallamas,m,flamethrower,stratum,wiktionary:kaikki@2026-10-03,False,,flamethrower,2.84,,,as,unknown,,2.5849857330322266,3.4034996032714844,-0.07508960738778114,-3.1375895738601685,,0.9711285921481555,3.0624999664723873,True,3, lanz|all|amas,right,right,known,True,2.9942426681518555,m,True,True,m,True
es,tupper,m,synonym of tupperware,stratum,wiktionary:kaikki@2026-10-03,False,,synonym of Tupperware,2.84,,,er,loan,,2.112091064453125,-0.8387317657470703,-0.06873251311480999,-3.318732500076294,,0.9767824963501206,3.249999986961484,True,2, t|upper,right,unsure,unsure,False,0.6366796493530273,m,True,False,m,True
es,cariz,m,aspect,stratum,wiktionary:kaikki@2026-10-03,False,,"aspect, condition",2.84,,,iz,unknown,,3.701478958129883,1.4725284576416016,-0.41346700489521027,-1.225966989994049,,0.9584125063547496,0.8124999850988388,True,2, car|iz,right,right,known,True,2.587003707885742,m,True,True,m,True
es,peral,m,pear tree,stratum,wiktionary:kaikki@2026-10-03,False,,pear tree,2.84,,,al,unknown,,3.304533004760742,3.1663894653320312,-1.3161577843129635,-1.9411578699946404,,0.9850234342386908,0.6250000856816769,False,2, per|al,right,right,known,True,3.2354612350463867,m,True,True,m,True
es,parachoques,m,bumper,stratum,wiktionary:kaikki@2026-10-03,False,,bumper,2.84,,,es,unknown,,4.546873092651367,5.371326446533203,-0.03567690867930651,-4.160676836967468,,0.9816415723961316,4.124999928288162,True,3, par|acho|ques,right,right,known,True,4.959099769592285,m,True,True,m,True
es,cañaveral,m,reed field,stratum,wiktionary:kaikki@2026-10-03,False,,reed field,2.83,,,al,native,,7.591642379760742,6.069681167602539,-0.06782878190279007,-4.0053287744522095,,0.9526810401944323,3.9374999925494194,True,4, ca|ñ|av|eral,right,right,known,True,6.830661773681641,m,True,True,m,True
es,dineral,m,mint,stratum,wiktionary:kaikki@2026-10-03,False,,"mint, bundle, (UK) packet, an arm and a leg (large amount of money)",2.83,,,al,unknown,,5.300945281982422,7.383056640625,-0.161541860550642,-2.4740418195724487,,0.9389561496946247,2.3124999590218067,True,2, din|eral,right,right,known,True,6.342000961303711,m,True,True,m,True
es,islote,m,islet,stratum,wiktionary:kaikki@2026-10-03,False,,islet,2.82,,,-ote,unknown,,3.0190277099609375,7.584936141967773,-0.0456860326230526,-3.6706860065460205,,0.9808043811403251,3.624999973922968,True,2, isl|ote,right,right,known,True,5.3019819259643555,m,True,True,m,True
es,pendrive,m,flash drive,stratum,wiktionary:kaikki@2026-10-03,False,,"flash drive, pen drive, USB drive, memory stick, thumb drive",2.82,,,ve,unknown,,3.416006088256836,1.0157299041748047,-0.025980086997151375,-4.525979995727539,,0.9852624108814177,4.499999908730388,True,2, pend|rive,right,right,known,True,2.2158679962158203,m,True,True,m,True
es,gasoil,m,diesel fuel,stratum,wiktionary:kaikki@2026-10-03,False,,diesel fuel,2.82,,,il,unknown,,6.874919891357422,4.2354583740234375,-0.02333174366503954,-6.023331880569458,,0.9793792242595092,6.0000001369044185,True,2, gas|oil,right,right,known,True,5.55518913269043,m,True,True,m,True
es,aquelarre,m,nocturnal group of witches and the devil,stratum,wiktionary:kaikki@2026-10-03,False,,a nocturnal group of witches and the devil,2.81,,,re,loan,,2.1228761672973633,3.515268325805664,-0.08353329449892044,-3.27103328704834,,0.9584717145269444,3.1874999925494194,True,3, aquel|ar|re,right,right,known,True,2.8190722465515137,m,True,True,m,True
es,chagas,m,chagas disease,stratum,wiktionary:kaikki@2026-10-03,False,,Chagas disease,2.81,,,as,unknown,,1.013275146484375,0.1635112762451172,-1.500200867652893,-0.8127008974552155,,0.674839049805342,-0.6874999701976776,True,2, ch|agas,right,unsure,unsure,False,0.5883932113647461,m,True,True,f,False
es,tifus,m,typhus,stratum,wiktionary:kaikki@2026-10-03,False,,typhus,2.81,,,us,loan,,3.2467403411865234,1.4781513214111328,-0.06515242904424667,-3.377652406692505,,0.9742505162432671,3.312499977648258,True,3, t|if|us,right,right,known,True,2.362445831298828,m,True,True,m,True
es,laringe,f,larynx,stratum,wiktionary:kaikki@2026-10-03,False,,larynx,2.81,,,ge,loan,,-2.6036338806152344,-3.9713668823242188,-5.834289789199829,-0.021789665333926678,,0.9820883115606782,-5.812500123865902,True,3, l|aring|e,right,right,known,True,-3.2875003814697266,f,True,True,f,True
es,palmarés,m,list of winners or champions,stratum,wiktionary:kaikki@2026-10-03,False,,"list of winners or champions, prize list",2.8,,,és,unknown,,2.6649646759033203,4.008155822753906,-0.024409097619354725,-5.211909294128418,,0.9814335541503881,5.187500196509063,True,3, pal|mar|és,right,right,known,True,3.3365602493286133,m,True,True,m,True
es,dosel,m,canopy,stratum,wiktionary:kaikki@2026-10-03,False,,canopy,2.8,,,el,loan,,4.422697067260742,5.463125228881836,-0.060892365872859955,-3.185892343521118,,0.9873070985913839,3.124999977648258,True,2, dos|el,right,right,known,True,4.942911148071289,m,True,True,m,True
es,bistec,m,steak,stratum,wiktionary:kaikki@2026-10-03,False,,"steak, beefsteak",2.8,,,ec,unknown,,3.0854597091674805,4.253673553466797,-0.023274565115571022,-4.8357744216918945,,0.9876771192962157,4.8124998565763235,True,2, bist|ec,right,right,known,True,3.6695666313171387,m,True,True,m,True
es,antifaz,m,domino mask,stratum,wiktionary:kaikki@2026-10-03,False,,"domino mask, eyemask",2.8,,,az,unknown,,0.7008438110351562,4.0186767578125,-0.05641399323940277,-3.306414008140564,,0.9820710734202908,3.250000014901161,True,3, ant|if|az,unsure,right,unsure,False,2.359760284423828,m,True,True,m,True
es,ajuar,m,dowry,stratum,wiktionary:kaikki@2026-10-03,False,,"dowry, trousseau",2.8,,,ar,native,,4.950326919555664,3.7783279418945312,-0.040038831532001495,-4.040038704872131,,0.980552994435633,3.99999987334013,True,3, a|ju|ar,right,right,known,True,4.364327430725098,m,True,True,m,True
es,croquis,m,sketch,stratum,wiktionary:kaikki@2026-10-03,False,,a sketch,2.8,,,is,unknown,,2.609579086303711,2.6565475463867188,-0.01732813660055399,-6.267328262329102,,0.9848552016385966,6.250000125728548,True,2, cro|quis,right,right,known,True,2.633063316345215,m,True,True,m,True
es,almíbar,m,sugar water,stratum,wiktionary:kaikki@2026-10-03,False,,sugar water,2.79,,,ar,loan,,3.988679885864258,1.0269966125488281,-0.0265283714979887,-4.651528596878052,,0.9834415215523478,4.625000225380063,True,3, alm|í|bar,right,right,known,True,2.507838249206543,m,True,True,m,True
es,boquete,m,gap,stratum,wiktionary:kaikki@2026-10-03,False,,"gap, small opening",2.79,,,-ete,unknown,,2.8973617553710938,3.7816715240478516,-0.032323346473276615,-4.282323241233826,,0.9847473505294164,4.249999894760549,True,2, bo|quete,right,right,known,True,3.3395166397094727,m,True,True,m,True
es,calambre,m,cramp,stratum,wiktionary:kaikki@2026-10-03,False,,cramp,2.79,,,re,unknown,,3.228849411010742,5.286539077758789,-0.05519321747124195,-3.6176931858062744,,0.9731979553640646,3.5624999683350325,True,2, cal|ambre,right,right,known,True,4.257694244384766,m,True,True,m,True
es,triplete,m,treble,stratum,wiktionary:kaikki@2026-10-03,False,,treble (a team that wins three competitions in the same season),2.78,,,-ete,unknown,,3.1082191467285156,3.83880615234375,-0.1480906456708908,-3.0855906009674072,,0.9101908712506515,2.9374999552965164,True,2, tri|plete,right,right,known,True,3.473512649536133,m,True,True,m,True
es,cenit,m,zenith,stratum,wiktionary:kaikki@2026-10-03,False,,zenith,2.78,,,it,loan,,0.8234901428222656,5.78651237487793,-1.569447947666049,-1.7569479644298553,,0.9720671731472699,0.18750001676380634,False,2, cen|it,unsure,right,unsure,False,3.3050012588500977,m,True,True,m,True
es,sirope,m,syrup,stratum,wiktionary:kaikki@2026-10-03,False,,syrup,2.78,,,pe,unknown,,1.8484039306640625,2.5555419921875,-0.023757316172122955,-4.773757457733154,,0.9852354066621802,4.750000141561031,True,3, si|ro|pe,right,right,known,True,2.2019729614257812,m,True,True,m,True
es,tul,m,tulle,stratum,wiktionary:kaikki@2026-10-03,False,,tulle (material),2.78,,,ul,unknown,,5.9515838623046875,5.736291885375977,-0.09034961462020874,-2.9653496742248535,,0.9686188830085758,2.8750000596046448,True,1, tul,right,right,known,True,5.843937873840332,m,True,True,m,True
es,cachete,m,cheek,stratum,wiktionary:kaikki@2026-10-03,False,,cheek,2.77,,,-ete,unknown,,8.329902648925781,6.476451873779297,-0.12609486654400826,-2.501094937324524,,0.9688485866593466,2.3750000707805157,True,2, cach|ete,right,right,known,True,7.403177261352539,m,True,True,m,True
es,pastizal,m,grassland,stratum,wiktionary:kaikki@2026-10-03,False,,"grassland, pasture (land covered with grass)",2.77,,,al,unknown,,8.488338470458984,10.062621116638184,-0.0385849978774786,-4.28858494758606,,0.9758815837140662,4.249999949708581,True,3, past|iz|al,right,right,known,True,9.275479793548584,m,True,True,m,True
es,puntal,m,prop,stratum,wiktionary:kaikki@2026-10-03,False,,"prop, support",2.77,,,al,unknown,,0.21578598022460938,2.9281444549560547,-0.16779760643839836,-2.167797565460205,,0.972757577554997,1.9999999590218067,True,2, punt|al,unsure,right,unsure,False,1.571965217590332,m,True,True,m,True
es,pasodoble,m,certain kind of march,stratum,wiktionary:kaikki@2026-10-03,False,,a certain kind of march (music),2.77,,,le,unknown,,2.6062240600585938,4.011857986450195,-0.02765530627220869,-4.965155363082886,,0.9797157263715135,4.937500056810677,True,3, pas|od|oble,right,right,known,True,3.3090410232543945,m,True,True,m,True
es,morral,m,backpack,stratum,wiktionary:kaikki@2026-10-03,False,,"backpack, knapsack",2.76,,,al,unknown,,1.95391845703125,-0.2831439971923828,-0.01966495579108596,-5.144665002822876,,0.9887189488217779,5.12500004703179,True,2, mor|ral,right,unsure,unsure,False,0.8353872299194336,m,True,False,m,True
es,envés,m,back,stratum,wiktionary:kaikki@2026-10-03,False,,"back (the reverse side of a leaf, fabric etc.)",2.76,,,és,native,,1.1246070861816406,3.0574569702148438,-0.053343404084444046,-3.553343415260315,,0.9775563095393167,3.500000011175871,True,2, env|és,right,right,known,True,2.091032028198242,m,True,True,m,True
es,monteverde,m,area of subtropical forest found in the canary islands,stratum,wiktionary:kaikki@2026-10-03,False,,an area of subtropical forest found in the Canary Islands,2.76,,,de,unknown,,5.200889587402344,1.9397315979003906,-0.4107392728328705,-2.723239302635193,,0.7331916941125853,2.3125000298023224,True,3, mont|ever|de,right,right,known,True,3.570310592651367,m,True,True,m,True
es,fuste,m,wood,stratum,wiktionary:kaikki@2026-10-03,False,,wood,2.75,,,te,native,,3.399148941040039,2.5860557556152344,-0.21210186928510666,-1.7746018171310425,,0.9787091295906645,1.5624999478459358,True,2, f|uste,right,right,known,True,2.9926023483276367,m,True,True,m,True
es,caballete,m,easel,stratum,wiktionary:kaikki@2026-10-03,False,,easel,2.74,,,-ete,unknown,,4.899986267089844,2.378049850463867,-0.03865344449877739,-3.7261534929275513,,0.987325378215745,3.687500048428774,True,3, cab|al|lete,right,right,known,True,3.6390180587768555,m,True,True,m,True
es,descapotable,m,convertible,stratum,wiktionary:kaikki@2026-10-03,False,,convertible,2.74,,,le,unknown,,2.547727584838867,5.741252899169922,-0.16289948672056198,-2.1628995537757874,,0.9848933133045976,2.0000000670552254,True,3, desc|apot|able,right,right,known,True,4.1444902420043945,m,True,True,m,True
es,catre,m,cot,stratum,wiktionary:kaikki@2026-10-03,False,,cot (bed frame),2.74,,,re,loan,,2.69293212890625,1.7531280517578125,-0.03672485612332821,-3.849224805831909,,0.9872624184228648,3.812499949708581,True,2, cat|re,right,right,known,True,2.2230300903320312,m,True,True,m,True
es,vendaval,m,windstorm,stratum,wiktionary:kaikki@2026-10-03,False,,windstorm,2.74,,,al,loan,,3.14404296875,7.894018173217773,-0.034142245538532734,-4.534142255783081,,0.9793146364689969,4.500000010244548,True,2, vend|aval,right,right,known,True,5.519030570983887,m,True,True,m,True
es,frac,m,tailcoat,stratum,wiktionary:kaikki@2026-10-03,False,,tailcoat,2.73,,,ac,loan,,0.223876953125,2.7017154693603516,-0.016121600288897753,-6.5786216259002686,,0.9854221905426961,6.562500025611371,True,1, frac,unsure,right,unsure,False,1.4627962112426758,m,True,True,m,True
es,redil,m,fold,stratum,wiktionary:kaikki@2026-10-03,False,,"fold, pen, sheepfold (fenced off space to keep animals)",2.73,,,il,unknown,,0.44171142578125,1.7806854248046875,-0.4935894310474396,-2.056089460849762,,0.9384277152789872,1.5625000298023224,False,2, red|il,unsure,right,unsure,False,1.1111984252929688,m,True,True,m,True
es,profilaxis,f,prophylaxis,stratum,wiktionary:kaikki@2026-10-03,False,,prophylaxis,2.72,,,is,unknown,,-3.116063117980957,-3.228658676147461,-4.602944850921631,-0.04044465161859989,,0.9713519009965836,-4.562500199303031,True,2, profil|axis,right,right,known,True,-3.172360897064209,f,True,True,f,True
es,tocadiscos,m,record player,stratum,wiktionary:kaikki@2026-10-03,False,,record player,2.72,,,os,unknown,,0.9675617218017578,1.7492389678955078,-0.01971830241382122,-5.207218408584595,,0.9864812497175637,5.1875001061707735,True,4, to|cad|isc|os,unsure,right,unsure,False,1.3584003448486328,m,True,True,m,True
es,limpiaparabrisas,m,windshield wiper,stratum,wiktionary:kaikki@2026-10-03,False,,windshield wiper; windscreen wiper,2.72,,,as,unknown,,5.271583557128906,5.135410308837891,-0.024030765518546104,-4.836530685424805,,0.9845789853804601,4.812499919906259,True,7, lim|pi|ap|ar|ab|ris|as,right,right,known,True,5.203496932983398,m,True,True,m,True
es,cogote,m,nape,stratum,wiktionary:kaikki@2026-10-03,False,,nape (of the neck),2.71,,,-ote,unknown,,5.310209274291992,3.3559417724609375,-0.10855992883443832,-2.6085599660873413,,0.9729071267747986,2.500000037252903,True,2, cog|ote,right,right,known,True,4.333075523376465,m,True,True,m,True
es,terraplén,m,embankment,stratum,wiktionary:kaikki@2026-10-03,False,,"embankment; fill (on a hillside, etc.)",2.71,,,én,unknown,,4.229866027832031,5.864871978759766,-0.03654700331389904,-3.9740469455718994,,0.9859002707556128,3.9374999422580004,True,3, terr|apl|én,right,right,known,True,5.047369003295898,m,True,True,m,True
es,humedal,m,wetland,stratum,wiktionary:kaikki@2026-10-03,False,,wetland,2.71,,,al,unknown,,3.6500625610351562,3.9260616302490234,-0.022214951924979687,-5.272214889526367,,0.9832028269424068,5.2499999376013875,True,3, hum|ed|al,right,right,known,True,3.78806209564209,m,True,True,m,True
es,buche,m,crop,stratum,wiktionary:kaikki@2026-10-03,False,,crop (pouch-like part of the alimentary tract of some birds),2.71,,,he,native,,1.7708969116210938,3.385477066040039,-0.1939983144402504,-1.9439983367919922,,0.9667906036056768,1.7500000223517418,True,2, bu|che,right,right,known,True,2.5781869888305664,m,True,True,m,True
es,lavavajillas,m,dish detergent,stratum,wiktionary:kaikki@2026-10-03,False,,dish detergent,2.71,,,as,unknown,,1.0350875854492188,2.7080020904541016,-0.03092515468597412,-4.030925154685974,,0.9878545469162996,4.0,True,4, lav|av|aj|illas,right,right,known,True,1.8715448379516602,m,True,True,m,True
es,harén,m,harem,stratum,wiktionary:kaikki@2026-10-03,False,,harem,2.71,,,én,loan,,5.775962829589844,8.328056335449219,-0.12646151334047318,-2.6264615058898926,,0.9556778995998279,2.4999999925494194,True,2, har|én,right,right,known,True,7.052009582519531,m,True,True,m,True
es,celuloide,m,celluloid,stratum,wiktionary:kaikki@2026-10-03,False,,celluloid (variety of thermoplastics),2.7,,,de,unknown,,4.6801300048828125,-1.0588493347167969,-0.23287449032068253,-1.7328744530677795,,0.9690314893868597,1.499999962747097,True,3, cel|ulo|ide,right,wrong,conflict,False,1.8106403350830078,m,True,False,m,True
es,regaliz,m,liquorice,stratum,wiktionary:kaikki@2026-10-03,False,,liquorice,2.7,,,iz,native,,-0.2594490051269531,-0.49311256408691406,-0.13676849380135536,-2.8242685794830322,,0.9405066691477594,2.687500085681677,True,3, reg|al|iz,unsure,unsure,unsure,False,-0.3762807846069336,f,False,True,m,True
es,ferri,m,ferry,stratum,wiktionary:kaikki@2026-10-03,False,,ferry,2.7,,,ri,unknown,,1.289743423461914,3.904632568359375,-0.5150843672454357,-1.8275843560695648,,0.9592938916744955,1.312499988824129,False,2, fer|ri,right,right,known,True,2.5971879959106445,m,True,True,m,True
es,ábside,m,apse,stratum,wiktionary:kaikki@2026-10-03,False,,apse,2.69,,,de,unknown,,2.4805870056152344,1.9831275939941406,-0.033463665284216404,-4.0959635972976685,,0.9845348702212345,4.062499932013452,True,3, á|bs|ide,right,right,known,True,2.2318572998046875,m,True,True,m,True
es,procés,m,process of catalan independence,stratum,wiktionary:kaikki@2026-10-03,False,,the process of Catalan independence,2.69,,,és,unknown,,2.394190788269043,3.2031497955322266,-0.13656380027532578,-3.292813777923584,,0.9103562710716047,3.156249977648258,True,2, proc|és,right,right,known,True,2.7986702919006348,m,True,True,m,True
es,carrizal,m,area of reeds,stratum,wiktionary:kaikki@2026-10-03,False,,"area of reeds, reed field",2.69,,,al,unknown,,2.3154430389404297,4.204814910888672,-0.05740934982895851,-4.494909286499023,,0.9564812673591417,4.437499936670065,True,3, carr|iz|al,right,right,known,True,3.260128974914551,m,True,True,m,True
es,puntapié,m,kick,stratum,wiktionary:kaikki@2026-10-03,False,,kick (blow given with the foot),2.69,,,ié,unknown,,1.2596473693847656,3.80322265625,-0.04572765342891216,-3.9832276105880737,,0.9739682788239529,3.9374999571591616,True,3, punt|api|é,right,right,known,True,2.531435012817383,m,True,True,m,True
es,vergel,m,orchard,stratum,wiktionary:kaikki@2026-10-03,False,,orchard,2.68,,,el,loan,,4.698465347290039,3.9974937438964844,-0.03092106617987156,-4.15592098236084,,0.9857083641605895,4.124999916180968,True,2, verg|el,right,right,known,True,4.347979545593262,m,True,True,m,True
es,pajar,m,haystack,stratum,wiktionary:kaikki@2026-10-03,False,,haystack,2.68,,,ar,native,,5.758153915405273,3.8769989013671875,-0.32715556025505066,-1.639655590057373,,0.9518919710693794,1.3125000298023224,True,2, p|ajar,right,right,known,True,4.8175764083862305,m,True,True,m,True
es,basural,m,landfill,stratum,wiktionary:kaikki@2026-10-03,False,,"landfill, dump (place where waste or garbage is left)",2.68,,,al,unknown,,4.120210647583008,3.3795642852783203,-0.021198789589107037,-4.958698749542236,,0.9860611385858471,4.937499959953129,True,2, bas|ural,right,right,known,True,3.749887466430664,m,True,True,m,True
es,pasamontañas,m,balaclava,stratum,wiktionary:kaikki@2026-10-03,False,,balaclava,2.68,,,as,unknown,,0.9554290771484375,0.8710956573486328,-0.06490297056734562,-3.439902901649475,,0.9702107184588773,3.3749999310821295,True,5, pas|am|ont|añ|as,unsure,unsure,unsure,False,0.9132623672485352,m,True,True,m,True
es,azahar,m,orange blossom,stratum,wiktionary:kaikki@2026-10-03,False,,orange blossom,2.67,,,ar,loan,,1.8736820220947266,2.832794189453125,-0.0835585668683052,-3.2085585594177246,,0.9605591427244418,3.1249999925494194,True,3, az|ah|ar,right,right,known,True,2.353238105773926,m,True,True,m,True
es,torniquete,m,turnstile,stratum,wiktionary:kaikki@2026-10-03,False,,turnstile,2.67,,,-ete,unknown,,3.232534408569336,2.628894805908203,-0.028931639157235622,-4.403931617736816,,0.9861464744971922,4.374999978579581,True,3, torn|iqu|ete,right,right,known,True,2.9307146072387695,m,True,True,m,True
es,abrazote,m,bear hug,stratum,wiktionary:kaikki@2026-10-03,False,,bear hug,2.66,,,-ote,unknown,,5.377323150634766,7.741172790527344,-0.048584550619125366,-5.298584699630737,,0.9579526163455898,5.250000149011612,True,3, ab|raz|ote,right,right,known,True,6.559247970581055,m,True,True,m,True
es,desbalance,m,imbalance,stratum,wiktionary:kaikki@2026-10-03,False,,imbalance,2.66,,,ce,unknown,,4.9370269775390625,5.965198516845703,-0.03566509019583464,-4.973165273666382,,0.9719209604142395,4.937500183470547,True,2, des|balance,right,right,known,True,5.451112747192383,m,True,True,m,True
es,palacete,m,small palace,stratum,wiktionary:kaikki@2026-10-03,False,,"small palace, mansion, villa",2.66,,,-ete,unknown,,3.4851760864257812,3.1633529663085938,-0.030398757196962833,-4.092898726463318,,0.987038849962318,4.062499969266355,True,3, pal|ac|ete,right,right,known,True,3.3242645263671875,m,True,True,m,True
es,efeméride,f,event that is periodically commemorated on its anniversary,stratum,wiktionary:kaikki@2026-10-03,False,,event that is periodically commemorated on its anniversary,2.66,,,de,unknown,,-1.9908742904663086,-2.532501220703125,-4.537514686584473,-0.03751475177705288,,0.9739629549801148,-4.49999993480742,True,4, ef|em|é|ride,right,right,known,True,-2.261687755584717,f,True,True,f,True
es,ñame,m,yam,stratum,wiktionary:kaikki@2026-10-03,False,,yam,2.65,,,me,loan,,2.422060012817383,4.841152191162109,-0.23014478385448456,-1.8551447987556458,,0.9673854205285966,1.6250000149011612,True,3, �|�|ame,right,right,known,True,3.631606101989746,m,True,True,m,True
es,popurrí,m,potpourri,stratum,wiktionary:kaikki@2026-10-03,False,,potpourri (collection of various things),2.65,,,rí,loan,,4.067955017089844,2.6177196502685547,-0.03303997777402401,-5.970539808273315,,0.9703003354371824,5.937499830499291,True,3, pop|urr|í,right,right,known,True,3.342837333679199,m,True,True,m,True
es,soplete,m,blowtorch,stratum,wiktionary:kaikki@2026-10-03,False,,blowtorch,2.65,,,-ete,unknown,,5.436513900756836,3.146974563598633,-0.027545491233468056,-4.340045690536499,,0.9860931737029885,4.312500199303031,True,3, s|ople|te,right,right,known,True,4.291744232177734,m,True,True,m,True
es,tamiz,m,sieve,stratum,wiktionary:kaikki@2026-10-03,False,,sieve,2.64,,,iz,loan,,4.919856071472168,4.818204879760742,-0.02159424964338541,-5.084094285964966,,0.9869759307101582,5.06250003632158,True,2, tam|iz,right,right,known,True,4.869030475616455,m,True,True,m,True
es,ictus,m,stroke,stratum,wiktionary:kaikki@2026-10-03,False,,"stroke, ictus",2.64,,,us,unknown,,3.3180980682373047,4.6517791748046875,-0.10496975108981133,-3.6674697399139404,,0.9263919948196228,3.562499988824129,True,3, |ict|us,right,right,known,True,3.984938621520996,m,True,True,m,True
es,sainete,m,playlet,stratum,wiktionary:kaikki@2026-10-03,False,,"playlet, skit (one-act comic play)",2.64,,,-ete,native,,3.2581138610839844,3.094768524169922,-0.04398193955421448,-3.9189820289611816,,0.9793128009352483,3.875000089406967,True,3, s|ain|ete,right,right,known,True,3.176441192626953,m,True,True,m,True
es,espagueti,m,spaghetti,stratum,wiktionary:kaikki@2026-10-03,False,,spaghetti,2.64,,,ti,loan,,3.256145477294922,2.2027339935302734,-1.168741762638092,-3.668741822242737,,0.33712168561819467,2.5000000596046448,True,4, esp|ag|uet|i,right,right,known,True,2.7294397354125977,m,True,True,m,True
es,caqui,m,persimmon,stratum,wiktionary:kaikki@2026-10-03,False,,persimmon (fruit),2.64,,,ui,loan,,1.6675052642822266,1.4171695709228516,-0.6533065736293793,-0.9658066034317017,,0.9118649663602575,0.3125000298023224,False,2, ca|qui,right,right,known,True,1.542337417602539,m,True,True,m,True
es,tétanos,m,tetanus,stratum,wiktionary:kaikki@2026-10-03,False,,tetanus,2.64,,,os,unknown,,2.745687484741211,6.2188568115234375,-0.9248381853103638,-2.6748381853103638,,0.4672058789494326,1.75,True,3, t|ét|anos,right,right,known,True,4.482272148132324,m,True,True,m,True
es,picaporte,m,doorknob,stratum,wiktionary:kaikki@2026-10-03,False,,"doorknob, door handle",2.63,,,te,unknown,,5.424869537353516,5.541160583496094,-0.0607953704893589,-3.1232954263687134,,0.9870956946144884,3.0625000558793545,True,3, pic|ap|orte,right,right,known,True,5.483015060424805,m,True,True,m,True
es,aeroparque,m,airfield,stratum,wiktionary:kaikki@2026-10-03,False,,airfield,2.63,,,ue,unknown,,7.581329345703125,3.856294631958008,-0.016667474526911974,-6.016667366027832,,0.9859102186897162,5.99999989150092,True,4, aer|op|ar|que,right,right,known,True,5.718811988830566,m,True,True,m,True
es,maillot,m,jersey,stratum,wiktionary:kaikki@2026-10-03,False,,jersey,2.63,,,ot,unknown,,4.32122802734375,3.5658645629882812,-0.044161356985569,-3.794161319732666,,0.983728950241705,3.749999962747097,True,3, ma|ill|ot,right,right,known,True,3.9435462951660156,m,True,True,m,True
es,aljibe,m,well,stratum,wiktionary:kaikki@2026-10-03,False,,"well (for water), cistern, tank, reservoir",2.63,,,be,loan,,1.8521308898925781,2.8301048278808594,-0.0324610685929656,-4.219960927963257,,0.9851103249046791,4.187499859370291,True,3, al|j|ibe,right,right,known,True,2.3411178588867188,m,True,True,m,True
es,hecatombe,f,slaughter,stratum,wiktionary:kaikki@2026-10-03,False,,slaughter; bloodbath,2.63,,,be,unknown,,-2.9329071044921875,-0.4776649475097656,-5.1604204177856445,-0.03542047180235386,,0.9709883035322089,-5.124999945983291,True,4, he|cat|om|be,right,unsure,unsure,False,-1.7052860260009766,f,True,True,f,True
es,lavamanos,m,sink,stratum,wiktionary:kaikki@2026-10-03,False,,sink,2.61,,,os,unknown,,0.6759414672851562,3.6777286529541016,-0.02537253126502037,-5.025372505187988,,0.9815159164439193,4.999999973922968,True,3, lav|aman|os,unsure,right,unsure,False,2.176835060119629,m,True,True,m,True
es,ramillete,m,small bunch,stratum,wiktionary:kaikki@2026-10-03,False,,"Small bunch (of flowers, plants etc.)",2.61,,,-ete,unknown,,5.8209381103515625,5.481479644775391,-0.056202154606580734,-3.9312021732330322,,0.9706243207753842,3.8750000186264515,True,3, ram|il|lete,right,right,known,True,5.651208877563477,m,True,True,m,True
es,cuentagotas,m,dropper,stratum,wiktionary:kaikki@2026-10-03,False,,dropper,2.61,,,as,unknown,,-2.646759033203125,-1.2824440002441406,-0.39833035320043564,-1.8983303606510162,,0.9729230724465974,1.5000000074505806,False,3, cuent|ag|otas,wrong,wrong,wrong,False,-1.9646015167236328,f,False,True,m,True
es,pupitre,m,student desk,stratum,wiktionary:kaikki@2026-10-03,False,,a student desk,2.61,,,re,unknown,,5.824097633361816,4.449275016784668,-0.022003802470862865,-4.397003650665283,,0.9914154959112471,4.37499984819442,True,2, pup|itre,right,right,known,True,5.136686325073242,m,True,True,m,True
es,vóley,m,volleyball,stratum,wiktionary:kaikki@2026-10-03,False,,volleyball,2.6,,,ey,unknown,,4.068990707397461,0.6460189819335938,-0.04747846908867359,-3.672478437423706,,0.9798249935929726,3.6249999683350325,True,3, v|ó|ley,right,unsure,unsure,False,2.3575048446655273,m,True,True,m,True
es,esfínter,m,sphincter,stratum,wiktionary:kaikki@2026-10-03,False,,sphincter,2.6,,,er,loan,,1.826883316040039,2.1274375915527344,-0.06935327127575874,-3.756853222846985,,0.9567575320899853,3.687499951571226,True,5, es|f|í|nt|er,right,right,known,True,1.9771604537963867,m,True,True,m,True
es,cañar,m,group of reeds,stratum,wiktionary:kaikki@2026-10-03,False,,a group of reeds,2.59,,,ar,unknown,,5.632619857788086,1.1040878295898438,-0.3145976811647415,-1.5645976662635803,,0.9405535760611359,1.2499999850988388,True,3, ca|ñ|ar,right,right,known,True,3.368353843688965,m,True,True,m,True
es,peroné,m,calf bone,stratum,wiktionary:kaikki@2026-10-03,False,,"calf bone, fibula",2.59,,,né,unknown,,-0.3104896545410156,4.148731231689453,-0.12671855837106705,-2.5017186403274536,,0.9724519453106764,2.3750000819563866,True,3, per|on|é,unsure,right,unsure,False,1.9191207885742188,m,True,False,m,True
es,ojal,m,buttonhole,stratum,wiktionary:kaikki@2026-10-03,False,,"buttonhole, eyelet",2.59,,,al,unknown,,6.404130935668945,5.107473373413086,-0.03660924173891544,-4.724109172821045,,0.973088522696913,4.6874999310821295,True,2, o|jal,right,right,known,True,5.755802154541016,m,True,True,m,True
es,casete,m,cassette,stratum,wiktionary:kaikki@2026-10-03,False,,cassette,2.58,,,-ete,unknown,,1.0108375549316406,3.3284950256347656,-0.12049609422683716,-2.7454960346221924,,0.9826788512626954,2.6249999403953552,True,2, cas|ete,right,right,known,True,2.169666290283203,m,True,True,m,True
es,babi,m,smock,stratum,wiktionary:kaikki@2026-10-03,False,,smock,2.58,,,bi,loan,,4.066587448120117,2.5439529418945312,-0.9730463624000549,-0.5980463624000549,,0.9278156904733564,-0.375,True,2, bab|i,right,right,known,True,3.305270195007324,m,True,True,f,False
es,templete,m,small temple,stratum,wiktionary:kaikki@2026-10-03,False,,small temple; shrine,2.58,,,-ete,unknown,,6.958765029907227,7.5658721923828125,-0.26730040460824966,-1.7048004269599915,,0.9708225923747263,1.4375000223517418,True,2, tem|plete,right,right,known,True,7.2623186111450195,m,True,True,m,True
es,abedul,m,birch,stratum,wiktionary:kaikki@2026-10-03,False,,birch,2.58,,,ul,native,,2.6505470275878906,2.9097976684570312,-0.029663076624274254,-4.3421630859375,,0.9844127478784193,4.312500009313226,True,3, ab|ed|ul,right,right,known,True,2.780172348022461,m,True,True,m,True
es,autogol,m,own goal,stratum,wiktionary:kaikki@2026-10-03,False,,own goal,2.57,,,ol,unknown,,5.527780532836914,6.457418441772461,-0.04689294472336769,-6.296892881393433,,0.9561185058067982,6.249999936670065,True,3, aut|og|ol,right,right,known,True,5.9925994873046875,m,True,True,m,True
es,añil,m,indigo,stratum,wiktionary:kaikki@2026-10-03,False,,indigo (colour),2.57,,,il,loan,,3.287738800048828,2.3665771484375,-0.060679517686367035,-3.9356794357299805,,0.960858440858332,3.8749999180436134,True,2, añ|il,right,right,known,True,2.827157974243164,m,True,True,m,True
es,microbús,m,minibus,stratum,wiktionary:kaikki@2026-10-03,False,,minibus,2.56,,,ús,unknown,,4.346778869628906,4.137458801269531,-0.019946400076150894,-5.019946336746216,,0.9876930586446695,4.999999936670065,True,3, micro|b|ús,right,right,known,True,4.242118835449219,m,True,True,m,True
es,cincel,m,chisel,stratum,wiktionary:kaikki@2026-10-03,False,,"chisel, cold chisel",2.56,,,el,loan,,5.637762069702148,5.160993576049805,-0.027427226305007935,-4.2774271965026855,,0.9869317284674524,4.249999970197678,True,3, c|inc|el,right,right,known,True,5.399377822875977,m,True,True,m,True
es,estay,m,stay,stratum,wiktionary:kaikki@2026-10-03,False,,stay,2.56,,,ay,loan,,3.2672042846679688,1.5897369384765625,-0.6795637607574463,-0.9920637607574463,,0.8782089611896016,0.3125,True,2, est|ay,right,right,known,True,2.4284706115722656,m,True,True,m,True
es,gamonal,m,white asphodel plantation or wood,stratum,wiktionary:kaikki@2026-10-03,False,,white asphodel plantation or wood,2.55,,,al,unknown,,2.997163772583008,3.261739730834961,-0.2241942621767521,-2.536694288253784,,0.9335656568399769,2.312500026077032,True,2, gam|onal,right,right,known,True,3.1294517517089844,m,True,True,m,True
es,dúplex,m,duplex flat,stratum,wiktionary:kaikki@2026-10-03,False,,"duplex flat, duplex apartment",2.55,,,ex,unknown,,4.762895584106445,2.8138084411621094,-0.07155044749379158,-3.1340503692626953,,0.9785291554523113,3.0624999217689037,True,2, dú|plex,right,right,known,True,3.7883520126342773,m,True,True,m,True
es,trapiche,m,press,stratum,wiktionary:kaikki@2026-10-03,False,,"press, crusher (machine)",2.55,,,he,loan,,5.119831085205078,5.902776718139648,-0.07311810925602913,-3.4481180906295776,,0.9612977362667463,3.3749999813735485,True,2, trap|iche,right,right,known,True,5.511303901672363,m,True,True,m,True
es,cafetal,m,piece of land cultivating coffee,stratum,wiktionary:kaikki@2026-10-03,False,,piece of land cultivating coffee,2.55,,,al,unknown,,6.893129348754883,9.700281143188477,-0.034648661501705647,-4.347148776054382,,0.9820247070883551,4.312500114552677,True,2, caf|etal,right,right,known,True,8.29670524597168,m,True,True,m,True
es,tonel,m,barrel,stratum,wiktionary:kaikki@2026-10-03,False,,barrel,2.55,,,el,native,,1.7939376831054688,4.834029197692871,-0.02149088680744171,-5.208991050720215,,0.9847341652128483,5.187500163912773,True,2, ton|el,right,right,known,True,3.31398344039917,m,True,True,m,True
es,santoral,m,saint-day calendar,stratum,wiktionary:kaikki@2026-10-03,False,,saint-day calendar,2.55,,,al,unknown,,2.6463775634765625,2.8633804321289062,-0.05148281902074814,-4.988982915878296,,0.9567526503533209,4.937500096857548,True,2, sant|oral,right,right,known,True,2.7548789978027344,m,True,True,m,True
es,tupé,m,toupee,stratum,wiktionary:kaikki@2026-10-03,False,,toupee,2.55,,,pé,unknown,,1.6949615478515625,2.657613754272461,-0.1540356958284974,-3.0915355682373047,,0.9770821992307164,2.9374998724088073,True,2, tup|é,right,right,known,True,2.1762876510620117,m,True,True,m,True
es,albaricoque,m,apricot,stratum,wiktionary:kaikki@2026-10-03,False,,apricot,2.54,,,ue,unknown,,6.439933776855469,2.6528282165527344,-0.02900255285203457,-4.84150242805481,,0.9794473439244314,4.812499875202775,True,4, al|bar|ico|que,right,right,known,True,4.546380996704102,m,True,True,m,True
es,lanzacohetes,m,bazooka,stratum,wiktionary:kaikki@2026-10-03,False,,"bazooka, rocket-propelled grenade",2.54,,,es,unknown,,4.654109954833984,6.8283843994140625,-0.09370587579905987,-2.9062057733535767,,0.9735788881299283,2.812499897554517,True,4, lanz|ac|oh|etes,right,right,known,True,5.741247177124023,m,True,True,m,True
es,candil,m,type of oil lamp with a restricted shape and a wick spout on one of its sides,stratum,wiktionary:kaikki@2026-10-03,False,,a type of oil lamp with a restricted (jar or pitcher-like) shape and a wick spout on one of its sides,2.53,,,il,loan,,3.0984249114990234,4.749485015869141,-0.057574562728405,-3.307574510574341,,0.9877403628145566,3.249999947845936,True,2, cand|il,right,right,known,True,3.923954963684082,m,True,True,m,True
es,autocar,m,motorcoach,stratum,wiktionary:kaikki@2026-10-03,False,,"motorcoach, bus, coach (vehicle)",2.53,,,ar,loan,,4.217012405395508,8.467273712158203,-0.01642114669084549,-5.266421318054199,,0.9890365968942098,5.250000171363354,True,2, autoc|ar,right,right,known,True,6.3421430587768555,m,True,True,m,True
es,videoclub,m,video rental shop,stratum,wiktionary:kaikki@2026-10-03,False,,video rental shop (business where one can rent and sometimes buy recorded home videos),2.53,,,ub,loan,,4.978937149047852,5.921030044555664,-0.013417163398116827,-6.51341700553894,,0.988156280829734,6.499999842140824,True,3, vide|ocl|ub,right,right,known,True,5.449983596801758,m,True,True,m,True
es,naranjal,m,orange grove,stratum,wiktionary:kaikki@2026-10-03,False,,orange grove,2.53,,,al,unknown,,1.0758113861083984,1.8646259307861328,-0.019136902876198292,-5.269136905670166,,0.9868469549731732,5.250000002793968,True,3, n|aran|jal,right,right,known,True,1.4702186584472656,m,True,True,m,True
es,estilete,m,stiletto,stratum,wiktionary:kaikki@2026-10-03,False,,stiletto,2.52,,,-ete,unknown,,4.0428009033203125,6.6241607666015625,-0.05838900804519653,-3.3083889484405518,,0.9843414624162692,3.2499999403953552,True,3, est|ile|te,right,right,known,True,5.3334808349609375,m,True,True,m,True
es,jur,m,right,stratum,wiktionary:kaikki@2026-10-03,False,,"right, power",2.52,,,ur,unknown,,1.0207862854003906,1.764352798461914,-0.7230080664157867,-0.8480080664157867,,0.915374154495186,0.125,False,1, jur,right,right,known,True,1.3925695419311523,m,True,True,m,True
es,bonete,m,biretta,stratum,wiktionary:kaikki@2026-10-03,False,,biretta (square cap),2.52,,,-ete,unknown,,4.006704330444336,4.134590148925781,-0.11723621375858784,-2.7422361969947815,,0.9858871353006098,2.6249999832361937,True,2, bon|ete,right,right,known,True,4.070647239685059,m,True,True,m,True
es,zapote,m,mamey sapote,stratum,wiktionary:kaikki@2026-10-03,False,,mamey sapote,2.52,,,-ote,loan,,2.768190383911133,0.6850185394287109,-0.038607340306043625,-4.163607358932495,,0.9777996282959077,4.1250000186264515,True,2, zap|ote,right,unsure,unsure,False,1.7266044616699219,m,True,True,m,True
es,berrocal,m,outcrop of rocks that have undergone spheroidal weathering,stratum,wiktionary:kaikki@2026-10-03,False,,an outcrop of rocks that have undergone spheroidal weathering,2.51,,,al,unknown,,0.5032958984375,4.719371795654297,-0.10457471571862698,-3.6045747995376587,,0.9388057418591669,3.5000000838190317,True,3, ber|ro|cal,unsure,right,unsure,False,2.6113338470458984,m,True,True,m,True
es,guardabarros,m,fender,stratum,wiktionary:kaikki@2026-10-03,False,,"fender, mudguard (shield to protect a vehicle from mud)",2.51,,,os,unknown,,5.162227630615234,7.602296829223633,-0.05624906159937382,-4.056249141693115,,0.964789341936132,4.000000080093741,True,3, guard|abar|ros,right,right,known,True,6.382262229919434,m,True,True,m,True
es,nácar,m,nacre,stratum,wiktionary:kaikki@2026-10-03,False,,"nacre, mother of pearl",2.51,,,ar,loan,,6.49807071685791,4.970430374145508,-0.17487408220767975,-2.0498740673065186,,0.9692041701474717,1.8749999850988388,True,3, n|á|car,right,right,known,True,5.734250545501709,m,True,True,m,True
es,cárter,m,crankcase,stratum,wiktionary:kaikki@2026-10-03,False,,crankcase; sump; oil pan,2.5,,,er,unknown,,3.573955535888672,3.2904510498046875,-0.19562821835279465,-1.8831281661987305,,0.9807320978017753,1.6874999478459358,True,3, c|ár|ter,right,right,known,True,3.4322032928466797,m,True,True,m,True
es,faringe,f,pharynx,stratum,wiktionary:kaikki@2026-10-03,False,,pharynx,2.5,,,ge,loan,,-1.7963294982910156,1.2769699096679688,-6.277137756347656,-0.027137650176882744,,0.9751741710416442,-6.2500001061707735,True,2, far|inge,right,wrong,conflict,False,-0.25967979431152344,f,True,False,f,True
es,relé,m,relay,stratum,wiktionary:kaikki@2026-10-03,False,,relay,2.49,,,lé,unknown,,2.1299285888671875,0.4327850341796875,-0.03862791880965233,-4.163627982139587,,0.97875013337191,4.125000063329935,True,2, rel|é,right,unsure,unsure,False,1.2813568115234375,m,True,True,m,True
es,mapamundi,m,world map,stratum,wiktionary:kaikki@2026-10-03,False,,world map,2.48,,,di,native,,3.0684776306152344,5.576773643493652,-0.012814860325306654,-5.637814998626709,,0.9909390339131823,5.625000138301402,True,3, map|am|undi,right,right,known,True,4.322625637054443,m,True,True,m,True
es,parchís,m,ludo,stratum,wiktionary:kaikki@2026-10-03,False,,Ludo (board game),2.48,,,ís,loan,,4.784696578979492,4.437753677368164,-0.04354185424745083,-5.54354190826416,,0.9613764664126696,5.500000054016709,True,2, parch|ís,right,right,known,True,4.611225128173828,m,True,True,m,True
es,váter,m,toilet,stratum,wiktionary:kaikki@2026-10-03,False,,"toilet, WC",2.48,,,er,loan,,4.656818389892578,6.030340194702148,-0.021747823804616928,-4.771747827529907,,0.9869525601410485,4.75000000372529,True,2, vá|ter,right,right,known,True,5.343579292297363,m,True,True,m,True
es,esmoquin,m,tuxedo,stratum,wiktionary:kaikki@2026-10-03,False,,"tuxedo, dinner jacket",2.48,,,in,loan,,4.578001022338867,2.810243606567383,-0.015320535283535719,-6.265320539474487,,0.9867121938471003,6.250000004190952,True,3, es|mo|quin,right,right,known,True,3.694122314453125,m,True,True,m,True
es,ínterin,m,interim,stratum,wiktionary:kaikki@2026-10-03,False,,interim,2.48,,,in,unknown,,3.680204391479492,1.9193859100341797,-0.9645100980997086,-0.9645100682973862,,0.9161863451431027,-2.9802322387695312e-08,False,3, í|nt|erin,right,right,known,True,2.799795150756836,m,True,True,f,False
es,perol,m,cauldron,stratum,wiktionary:kaikki@2026-10-03,False,,cauldron,2.48,,,ol,unknown,,3.565065383911133,4.12199592590332,-0.17023443430662155,-1.9827344417572021,,0.9814020588295671,1.8125000074505806,True,2, per|ol,right,right,known,True,3.8435306549072266,m,True,True,m,True
es,trinquete,m,foremast,stratum,wiktionary:kaikki@2026-10-03,False,,foremast,2.48,,,-ete,unknown,,4.705545425415039,2.8065433502197266,-0.06408956833183765,-3.3765896558761597,,0.9774256924186391,3.312500087544322,True,3, tr|inqu|ete,right,right,known,True,3.756044387817383,m,True,True,m,True
es,rodete,m,roll from the hair of the head,stratum,wiktionary:kaikki@2026-10-03,False,,"a roll from the hair of the head, bun",2.47,,,-ete,unknown,,5.282613754272461,5.614360809326172,-0.18329107761383057,-2.183291018009186,,0.9577790632645613,1.9999999403953552,True,2, rod|ete,right,right,known,True,5.448487281799316,m,True,True,m,True
es,tentempié,m,snack,stratum,wiktionary:kaikki@2026-10-03,False,,"snack, refreshment (small portion of food)",2.47,,,ié,unknown,,2.4311599731445312,3.7689380645751953,-0.08291802182793617,-5.020417928695679,,0.9270960788374671,4.9374999068677425,True,4, tent|em|pi|é,right,right,known,True,3.1000490188598633,m,True,True,m,True
es,cuscús,m,couscous,stratum,wiktionary:kaikki@2026-10-03,False,,couscous,2.47,,,ús,loan,,3.9786624908447266,2.860616683959961,-0.023362240754067898,-5.585862159729004,,0.9807304265984949,5.562499918974936,True,3, c|usc|ús,right,right,known,True,3.4196395874023438,m,True,True,m,True
es,híper,m,hypermarket,stratum,wiktionary:kaikki@2026-10-03,False,,hypermarket,2.47,,,er,unknown,,2.941865921020508,1.3910179138183594,-0.3149433620274067,-2.4399433732032776,,0.9369890530975664,2.125000011175871,True,3, h|í|per,right,right,known,True,2.1664419174194336,m,True,True,m,True
es,moscatel,m,muscatel,stratum,wiktionary:kaikki@2026-10-03,False,,muscatel,2.47,,,el,unknown,,1.6598072052001953,1.4849510192871094,-0.04514872655272484,-4.170148611068726,,0.9717832082128663,4.124999884516001,True,3, mos|cat|el,right,right,known,True,1.5723791122436523,m,True,True,m,True
es,charol,m,patent leather,stratum,wiktionary:kaikki@2026-10-03,False,,patent leather,2.46,,,ol,loan,,3.677967071533203,2.6049251556396484,-0.10001521930098534,-2.8500152826309204,,0.9630925411910014,2.750000063329935,True,2, char|ol,right,right,known,True,3.141446113586426,m,True,True,m,True
es,ajonjolí,m,sesame,stratum,wiktionary:kaikki@2026-10-03,False,,sesame (tropical Asian plant Sesamum indicum),2.46,,,lí,native,,1.389383316040039,0.9478263854980469,-0.124537143856287,-3.6245371103286743,,0.9105850541452016,3.4999999664723873,True,5, aj|on|j|ol|í,right,unsure,unsure,False,1.168604850769043,m,True,True,m,True
es,portaviones,m,aircraft carrier,stratum,wiktionary:kaikki@2026-10-03,False,,aircraft carrier,2.45,,,es,unknown,,3.001241683959961,6.6617889404296875,-0.033781726844608784,-4.03378164768219,,0.9846262541034225,3.999999920837581,True,3, port|av|iones,right,right,known,True,4.831515312194824,m,True,True,m,True
es,molinete,m,pinwheel,stratum,wiktionary:kaikki@2026-10-03,False,,pinwheel,2.45,,,-ete,unknown,,3.8416194915771484,3.87152099609375,-0.070826206356287,-3.1958261728286743,,0.9753422444998705,3.1249999664723873,True,3, mol|in|ete,right,right,known,True,3.856570243835449,m,True,True,m,True
es,raquis,m,rachis,stratum,wiktionary:kaikki@2026-10-03,False,,rachis,2.45,,,is,unknown,,-1.2978229522705078,-1.2632064819335938,-1.2588887214660645,-0.5088887363672256,,0.940251061190231,-0.7499999850988388,True,2, ra|quis,wrong,wrong,wrong,False,-1.2805147171020508,f,False,True,f,False
es,sitial,m,seat,stratum,wiktionary:kaikki@2026-10-03,False,,seat (of honour),2.44,,,al,unknown,,5.663654327392578,4.146886825561523,-0.20892585068941116,-1.8339258432388306,,0.975436140380493,1.6249999925494194,True,2, s|itial,right,right,known,True,4.905270576477051,m,True,True,m,True
es,subclase,f,subclass,stratum,wiktionary:kaikki@2026-10-03,False,,subclass,2.43,,,se,unknown,,-2.265226364135742,-2.7223548889160156,-1.7865678071975708,-0.630317822098732,,0.7200079057558828,-1.1562499850988388,True,3, sub|cl|ase,right,right,known,True,-2.493790626525879,f,True,True,f,True
es,cigüeñal,m,crankshaft,stratum,wiktionary:kaikki@2026-10-03,False,,crankshaft,2.43,,,al,unknown,,4.479972839355469,7.307464599609375,-0.06875888258218765,-3.256258964538574,,0.9727362168801601,3.1875000819563866,True,5, cig|ü|e|ñ|al,right,right,known,True,5.893718719482422,m,True,True,m,True
es,mandil,m,apron,stratum,wiktionary:kaikki@2026-10-03,False,,apron,2.43,,,il,loan,,5.227411270141602,2.3623123168945312,-0.03833903186023235,-3.9758390188217163,,0.9898102233357511,3.937499986961484,True,2, mand|il,right,right,known,True,3.7948617935180664,m,True,True,m,True
es,lingote,m,ingot,stratum,wiktionary:kaikki@2026-10-03,False,,ingot,2.43,,,-ote,loan,,6.838310241699219,6.101596832275391,-0.03083758521825075,-4.280837535858154,,0.9835709182847171,4.2499999506399035,True,2, ling|ote,right,right,known,True,6.469953536987305,m,True,True,m,True
es,hiel,f,bile,stratum,wiktionary:kaikki@2026-10-03,False,,bile,2.43,,,el,native,,0.9540081024169922,0.7826042175292969,-0.2154766544699669,-1.965476632118225,,0.9613578609546019,1.7499999776482582,True,2, h|iel,unsure,unsure,unsure,False,0.8683061599731445,m,False,True,m,False
es,naipe,m,playing card,stratum,wiktionary:kaikki@2026-10-03,False,,playing card,2.42,,,pe,loan,,2.4753494262695312,2.4374542236328125,-0.09043020009994507,-2.90293025970459,,0.9685047743861993,2.8125000596046448,True,3, n|ai|pe,right,right,known,True,2.456401824951172,m,True,True,m,True
es,boj,m,box,stratum,wiktionary:kaikki@2026-10-03,False,,"box (tree), boxwood",2.42,,,oj,loan,,3.992189407348633,3.414979934692383,-0.1519867591559887,-3.3394867181777954,,0.8981023710644247,3.1874999590218067,True,2, bo|j,right,right,known,True,3.703584671020508,m,True,True,m,True
es,softbol,m,softball,stratum,wiktionary:kaikki@2026-10-03,False,,softball,2.42,,,ol,unknown,,3.216552734375,2.230825424194336,-0.03089664690196514,-4.5308966636657715,,0.980351288470406,4.500000016763806,True,2, soft|bol,right,right,known,True,2.723689079284668,m,True,True,m,True
es,mosquete,m,musket,stratum,wiktionary:kaikki@2026-10-03,False,,musket,2.42,,,-ete,loan,,4.561748504638672,3.6175079345703125,-0.03634255286306143,-4.098842620849609,,0.9817061360408698,4.062500067986548,True,2, mos|quete,right,right,known,True,4.089628219604492,m,True,True,m,True
es,lanzagranadas,m,grenade launcher,stratum,wiktionary:kaikki@2026-10-03,False,,grenade launcher,2.42,,,as,unknown,,1.3351764678955078,2.586629867553711,-0.2892299294471741,-1.914229929447174,,0.9209435494076026,1.625,True,4, lanz|ag|ran|adas,right,right,known,True,1.9609031677246094,m,True,True,m,True
es,lodazal,m,muddy place,stratum,wiktionary:kaikki@2026-10-03,False,,"a muddy place; morass, mire, mudhole",2.42,,,al,unknown,,3.1200332641601562,1.2977638244628906,-0.0990111380815506,-2.9115110635757446,,0.9651143797843695,2.812499925494194,True,3, lod|az|al,right,right,known,True,2.2088985443115234,m,True,True,m,True
es,obús,m,howitzer,stratum,wiktionary:kaikki@2026-10-03,False,,howitzer,2.42,,,ús,unknown,,2.7498855590820312,5.450258255004883,-0.037574056535959244,-4.350074052810669,,0.9766645245244231,4.31249999627471,True,2, ob|ús,right,right,known,True,4.100071907043457,m,True,True,m,True
es,culmen,m,height,stratum,wiktionary:kaikki@2026-10-03,False,,"height, high point",2.41,,,-men,unknown,,3.6288557052612305,1.7186145782470703,-0.10493338108062744,-2.9174333810806274,,0.9570063204302555,2.8125,True,2, cul|men,right,right,known,True,2.6737351417541504,m,True,True,m,True
es,accésit,m,second-place prize,stratum,wiktionary:kaikki@2026-10-03,False,,second-place prize,2.41,,,it,unknown,,2.268463134765625,3.1316165924072266,-0.12481053918600082,-3.406060576438904,,0.9162734938307123,3.281250037252903,True,3, acc|és|it,right,right,known,True,2.700039863586426,m,True,True,m,True
es,alcornoque,m,cork oak,stratum,wiktionary:kaikki@2026-10-03,False,,cork oak,2.41,,,ue,loan,,3.388946533203125,4.080545425415039,-0.03207654692232609,-4.094576597213745,,0.9851273363327491,4.062500050291419,True,3, alc|orno|que,right,right,known,True,3.734745979309082,m,True,True,m,True
es,encinar,m,live oak grove,stratum,wiktionary:kaikki@2026-10-03,False,,live oak grove,2.41,,,ar,unknown,,2.459552764892578,-0.3362712860107422,-0.03982451558113098,-4.789824724197388,,0.9692812896735314,4.750000208616257,True,2, enc|inar,right,unsure,unsure,False,1.061640739440918,m,True,False,m,True
es,ñoqui,m,dumpling,stratum,wiktionary:kaikki@2026-10-03,False,,"dumpling, gnocchi",2.41,,,ui,unknown,,1.2109050750732422,2.697132110595703,-0.5897436141967773,-3.6522436141967773,,0.5850016196927069,3.0625,True,4, �|�|o|qui,right,right,known,True,1.9540185928344727,m,True,True,m,True
es,iglú,m,igloo,stratum,wiktionary:kaikki@2026-10-03,False,,igloo (inuit snow house),2.41,,,lú,loan,,5.449680328369141,4.215433120727539,-0.049387888982892036,-3.4868879318237305,,0.9838667413868181,3.4375000428408384,True,3, ig|l|ú,right,right,known,True,4.83255672454834,m,True,True,m,True
es,liquen,m,lichen,stratum,wiktionary:kaikki@2026-10-03,False,,lichen,2.41,,,en,unknown,,7.718753814697266,5.443582534790039,-0.037254778668284416,-4.787254810333252,,0.9718315326021165,4.7500000316649675,True,2, liqu|en,right,right,known,True,6.581168174743652,m,True,True,m,True
es,mamey,m,mamey or mammee apple,stratum,wiktionary:kaikki@2026-10-03,False,,"the mamey or mammee apple, Mammea americana",2.4,,,ey,loan,,2.4707698822021484,3.4311351776123047,-0.05634213611483574,-3.493842124938965,,0.9756621789102753,3.437499988824129,True,3, m|ame|y,right,right,known,True,2.9509525299072266,m,True,True,m,True
es,síncope,m,syncope,stratum,wiktionary:kaikki@2026-10-03,False,,syncope,2.4,,,pe,unknown,,1.418375015258789,1.3671340942382812,-0.054713618010282516,-3.6797136068344116,,0.9727625568138663,3.624999988824129,True,3, s|ín|cope,right,right,known,True,1.3927545547485352,m,True,True,m,True
es,santiamén,m,jiffy,stratum,wiktionary:kaikki@2026-10-03,False,,"jiffy, jiff, flash, short time, moment, lickety-split",2.39,,,én,native,,5.649192810058594,6.432121276855469,-0.21720093488693237,-3.592200994491577,,0.8326643881446925,3.3750000596046448,True,3, sant|iam|én,right,right,known,True,6.040657043457031,m,True,True,m,True
es,oxímoron,m,oxymoron,stratum,wiktionary:kaikki@2026-10-03,False,,oxymoron (figure of speech),2.39,,,on,unknown,,4.339842796325684,1.5320587158203125,-0.10072491131722927,-5.225724935531616,,0.9104056858266825,5.125000024214387,True,3, ox|ím|oron,right,right,known,True,2.935950756072998,m,True,True,m,True
es,espinel,m,trotline,stratum,wiktionary:kaikki@2026-10-03,False,,trotline (long fishing line),2.39,,,el,unknown,,5.858608245849609,2.462282180786133,-0.2849561870098114,-1.7849562168121338,,0.919876371763558,1.5000000298023224,True,3, es|pin|el,right,right,known,True,4.160445213317871,m,True,True,m,True
es,vodevil,m,vaudeville,stratum,wiktionary:kaikki@2026-10-03,False,,vaudeville,2.38,,,il,unknown,,3.8698368072509766,3.466400146484375,-0.07254802621901035,-3.260048031806946,,0.9702207782827458,3.1875000055879354,True,3, v|ode|vil,right,right,known,True,3.668118476867676,m,True,True,m,True
es,raigambre,f,roots,stratum,wiktionary:kaikki@2026-10-03,False,,"roots, root system",2.38,,,re,unknown,,-1.0697021484375,-0.19791412353515625,-2.455656409263611,-0.14315644651651382,,0.9525795932857442,-2.312499962747097,True,3, ra|ig|ambre,right,unsure,unsure,False,-0.6338081359863281,f,True,True,f,True
es,trigal,m,wheatfield,stratum,wiktionary:kaikki@2026-10-03,False,,wheatfield,2.38,,,al,unknown,,4.406999588012695,1.24993896484375,-0.07591416500508785,-3.3884142637252808,,0.980634560702984,3.312500098720193,True,2, trig|al,right,right,known,True,2.8284692764282227,m,True,True,m,True
es,tragaluz,m,skylight,stratum,wiktionary:kaikki@2026-10-03,False,,skylight,2.38,,,uz,unknown,,2.553680419921875,3.3707046508789062,-0.07490993663668633,-3.0124099254608154,,0.9778254588612468,2.937499988824129,True,3, tr|agal|uz,right,right,known,True,2.9621925354003906,m,True,True,m,True
es,sirte,f,sandbar,stratum,wiktionary:kaikki@2026-10-03,False,,"sandbar, sandy reef that hinders the floating of ships",2.37,,,te,loan,,0.26630210876464844,1.3806209564208984,-1.4994460940361023,-0.4056961238384247,,0.8905044054631237,-1.0937499701976776,True,2, sir|te,unsure,wrong,wrong,False,0.8234615325927734,m,False,True,f,True
es,rompehielos,m,icebreaker,stratum,wiktionary:kaikki@2026-10-03,False,,icebreaker,2.37,,,os,unknown,,3.4926815032958984,3.0032100677490234,-0.02954424638301134,-4.717044353485107,,0.9798468145977951,4.687500107102096,True,5, rom|pe|hi|el|os,right,right,known,True,3.247945785522461,m,True,True,m,True
es,manillar,m,handlebar,stratum,wiktionary:kaikki@2026-10-03,False,,handlebar (bar for steering),2.37,,,ar,unknown,,4.160247802734375,3.988475799560547,-0.06209114007651806,-3.312091112136841,,0.9832895402705695,3.2499999720603228,True,3, man|ill|ar,right,right,known,True,4.074361801147461,m,True,True,m,True
es,sacapuntas,m,pencil sharpener,stratum,wiktionary:kaikki@2026-10-03,False,,"pencil sharpener, sharpener",2.37,,,as,unknown,,1.128509521484375,4.4802398681640625,-0.04482939187437296,-4.107329368591309,,0.9853386379759388,4.062499976716936,True,3, sac|ap|untas,right,right,known,True,2.8043746948242188,m,True,True,m,True
es,ampli,m,amp,stratum,wiktionary:kaikki@2026-10-03,False,,amp,2.37,,,li,unknown,,3.1247005462646484,1.9008064270019531,-1.7532526850700378,-0.31575264781713486,,0.9097658006196407,-1.437500037252903,True,2, ampl|i,right,right,known,True,2.512753486633301,m,True,True,f,False
es,sedal,m,thin line,stratum,wiktionary:kaikki@2026-10-03,False,,"thin line, string",2.37,,,al,unknown,,1.7101936340332031,-1.5736408233642578,-0.18606984615325928,-1.9360698461532593,,0.9783389044192651,1.75,True,2, sed|al,right,wrong,conflict,False,0.06827640533447266,m,True,False,m,True
es,rompeolas,m,breakwater,stratum,wiktionary:kaikki@2026-10-03,False,,breakwater (construction in or around a harbour),2.37,,,as,unknown,,2.253429412841797,2.5936756134033203,-0.07471362315118313,-4.449713706970215,,0.94019049999994,4.375000083819032,True,3, rom|pe|olas,right,right,known,True,2.4235525131225586,m,True,True,m,True
es,costillar,m,rib,stratum,wiktionary:kaikki@2026-10-03,False,,rib (cut of meat enclosing rib bones),2.36,,,ar,unknown,,5.267816543579102,3.1792945861816406,-0.22825732082128525,-2.6657572984695435,,0.8717098296999615,2.437499977648258,True,3, cost|ill|ar,right,right,known,True,4.223555564880371,m,True,True,m,True
es,trolebús,m,trolley bus,stratum,wiktionary:kaikki@2026-10-03,False,,trolley bus,2.36,,,ús,loan,,1.7934837341308594,-4.270977020263672,-0.021216523833572865,-4.521216630935669,,0.9899671279334905,4.500000107102096,True,4, t|role|b|ús,right,wrong,conflict,False,-1.2387466430664062,f,False,False,m,True
es,bajamar,f,low tide,stratum,wiktionary:kaikki@2026-10-03,False,,low tide,2.36,,,ar,unknown,,-1.2420406341552734,-1.7980422973632812,-2.5298979748040438,-1.9673979030922055,,0.9838623073933683,-0.5625000717118382,False,2, baj|amar,right,right,known,True,-1.5200414657592773,f,True,True,f,True
es,entremés,m,appetizer,stratum,wiktionary:kaikki@2026-10-03,False,,"appetizer, entrée",2.36,,,és,unknown,,5.212738037109375,2.0882568359375,-0.02679051272571087,-5.276790618896484,,0.9788353637467962,5.2500001061707735,True,3, ent|rem|és,right,right,known,True,3.6504974365234375,m,True,True,m,True
es,solaz,m,solace,stratum,wiktionary:kaikki@2026-10-03,False,,solace,2.35,,,az,native,,2.1797561645507812,0.5180320739746094,-0.03347857017070055,-4.970978736877441,,0.9751343392432621,4.937500166706741,True,2, sol|az,right,unsure,unsure,False,1.3488941192626953,m,True,True,m,True
es,urdimbre,f,warp,stratum,wiktionary:kaikki@2026-10-03,False,,warp (of the weave),2.35,,,re,unknown,,-4.138664245605469,-2.6313037872314453,-3.0796897411346436,-0.07968971878290176,,0.9724946449109837,-3.000000022351742,True,3, ur|dim|bre,right,right,known,True,-3.384984016418457,f,True,True,f,True
es,bisel,m,bevel,stratum,wiktionary:kaikki@2026-10-03,False,,bevel,2.35,,,el,loan,,4.204687118530273,2.8846912384033203,-0.1534777618944645,-2.2784777879714966,,0.9630638784416785,2.125000026077032,True,2, bis|el,right,right,known,True,3.544689178466797,m,True,True,m,True
es,mezquital,m,mesquite grove,stratum,wiktionary:kaikki@2026-10-03,False,,mesquite grove,2.35,,,al,unknown,,1.0783042907714844,0.4907684326171875,-0.07823896035552025,-3.5157389640808105,,0.9545346863295263,3.4375000037252903,True,3, mez|qu|ital,right,unsure,unsure,False,0.7845363616943359,m,True,True,m,True
es,estambre,m,stamen,stratum,wiktionary:kaikki@2026-10-03,False,,stamen,2.34,,,re,unknown,,4.396566390991211,3.3487014770507812,-0.06988050043582916,-2.944880485534668,,0.9855032947508118,2.874999985098839,True,2, est|ambre,right,right,known,True,3.872633934020996,m,True,True,m,True
es,tiple,m,treble guitar,stratum,wiktionary:kaikki@2026-10-03,False,,"treble guitar, a small plucked stringed instrument of the guitar family, used in the traditional musics of Spain and various Latin American nations",2.34,,,le,native,,1.1668663024902344,-1.0351295471191406,-0.6280191019177437,-1.253019079566002,,0.97061287142758,0.6249999776482582,False,2, t|iple,right,wrong,conflict,False,0.06586837768554688,m,True,False,m,True
es,leitmotiv,m,leitmotif,stratum,wiktionary:kaikki@2026-10-03,False,,leitmotif (a recurring melodic theme in an opera),2.34,,,iv,unknown,,2.978271484375,6.003650665283203,-0.034977514296770096,-5.847477436065674,,0.9685201753980993,5.812499921768904,True,4, le|it|mot|iv,right,right,known,True,4.490961074829102,m,True,True,m,True
es,penique,m,penny,stratum,wiktionary:kaikki@2026-10-03,False,,penny,2.33,,,ue,loan,,2.812480926513672,4.530612945556641,-0.08960435539484024,-2.9646042585372925,,0.9662926491106703,2.8749999031424522,True,2, pen|ique,right,right,known,True,3.6715469360351562,m,True,True,m,True
es,donaire,m,gracefulness,stratum,wiktionary:kaikki@2026-10-03,False,,"gracefulness, elegance",2.33,,,re,native,,4.598268508911133,1.9284343719482422,-0.053535737097263336,-3.9285356998443604,,0.9677086838493542,3.874999962747097,True,2, don|aire,right,right,known,True,3.2633514404296875,m,True,True,m,True
es,acicate,m,spur,stratum,wiktionary:kaikki@2026-10-03,False,,spur (implement for prodding a horse),2.33,,,te,loan,,5.292766571044922,3.1466407775878906,-0.07527062110602856,-3.387770652770996,,0.9644454961908903,3.3125000316649675,True,2, ac|icate,right,right,known,True,4.219703674316406,m,True,True,m,True
es,brete,m,unavoidable and inescapable predicament,stratum,wiktionary:kaikki@2026-10-03,False,,an unavoidable and inescapable predicament,2.33,,,-ete,unknown,,3.4122772216796875,4.165029525756836,-0.2790728658437729,-1.716572880744934,,0.93875028275699,1.4375000149011612,True,2, bre|te,right,right,known,True,3.7886533737182617,m,True,True,m,True
es,ántrax,m,carbuncle,stratum,wiktionary:kaikki@2026-10-03,False,,carbuncle,2.33,,,ax,loan,,3.3528099060058594,3.2477588653564453,-0.052897438406944275,-3.990397572517395,,0.9670088398206472,3.9375001341104507,True,3, án|tr|ax,right,right,known,True,3.3002843856811523,m,True,True,m,True
es,timbal,m,kettledrum,stratum,wiktionary:kaikki@2026-10-03,False,,kettledrum,2.32,,,al,unknown,,5.780862808227539,1.3143959045410156,-0.05425223521888256,-4.05425238609314,,0.9647722619125755,4.000000150874257,True,2, tim|bal,right,right,known,True,3.5476293563842773,m,True,True,m,True
es,vitral,m,stained glass,stratum,wiktionary:kaikki@2026-10-03,False,,stained glass,2.32,,,al,unknown,,2.3715267181396484,3.0001602172851562,-0.060535673052072525,-3.4355356693267822,,0.974461729437629,3.3749999962747097,True,2, vit|ral,right,right,known,True,2.6858434677124023,m,True,True,m,True
es,tornasol,m,litmus,stratum,wiktionary:kaikki@2026-10-03,False,,litmus,2.32,,,ol,unknown,,-1.5937042236328125,-2.2843170166015625,-0.15181475318968296,-2.526814818382263,,0.9684575113231977,2.3750000651925802,True,3, torn|as|ol,wrong,wrong,wrong,False,-1.9390106201171875,f,False,True,m,True
es,mobbing,m,workplace bullying,stratum,wiktionary:kaikki@2026-10-03,False,,workplace bullying,2.32,,,ng,unknown,,7.599095344543457,7.021127700805664,-0.03977054916322231,-5.227270603179932,,0.9664726672799764,5.187500054016709,True,2, mob|bing,right,right,known,True,7.3101115226745605,m,True,True,m,True
es,premundial,m,world cup qualifying round,stratum,wiktionary:kaikki@2026-10-03,False,,World Cup qualifying round,2.32,,,al,unknown,,4.223915100097656,4.400299072265625,-0.11748478561639786,-2.8049848079681396,,0.9551622042385574,2.687500022351742,True,3, prem|und|ial,right,right,known,True,4.312107086181641,m,True,True,m,True
es,florete,m,foil,stratum,wiktionary:kaikki@2026-10-03,False,,foil,2.32,,,-ete,unknown,,4.126277923583984,6.0303192138671875,-0.1403699368238449,-2.2653698921203613,,0.9728326340788359,2.1249999552965164,True,2, flo|rete,right,right,known,True,5.078298568725586,m,True,True,m,True
es,arcén,m,edge,stratum,wiktionary:kaikki@2026-10-03,False,,edge,2.31,,,én,unknown,,6.194365501403809,7.566036224365234,-0.043902287259697914,-3.856402277946472,,0.98020100360246,3.8124999906867743,True,2, arc|én,right,right,known,True,6.8802008628845215,m,True,True,m,True
es,dedal,m,thimble,stratum,wiktionary:kaikki@2026-10-03,False,,thimble,2.31,,,al,native,,4.321150779724121,4.457849502563477,-0.04918988607823849,-4.174190044403076,,0.9807508474137077,4.125000158324838,True,2, ded|al,right,right,known,True,4.389500141143799,m,True,True,m,True
es,sacacorchos,m,corkscrew,stratum,wiktionary:kaikki@2026-10-03,False,,corkscrew,2.31,,,os,unknown,,-1.3901824951171875,3.218381881713867,-0.01781438384205103,-5.83031439781189,,0.9853323889541866,5.812500013969839,True,4, sac|ac|orch|os,wrong,right,conflict,False,0.9140996932983398,m,True,False,m,True
es,metil,m,methyl,stratum,wiktionary:kaikki@2026-10-03,False,,methyl,2.31,,,il,unknown,,3.9732017517089844,2.4824371337890625,-0.232741117477417,-2.263991117477417,,0.896805673848394,2.03125,True,2, met|il,right,right,known,True,3.2278194427490234,m,True,True,m,True
es,guiñol,m,puppet theater,stratum,wiktionary:kaikki@2026-10-03,False,,"puppet theater, puppet",2.31,,,ol,unknown,,5.153276443481445,5.347158432006836,-0.045049840584397316,-3.7950496673583984,,0.9799936800844713,3.749999826774001,True,3, gui|ñ|ol,right,right,known,True,5.250217437744141,m,True,True,m,True
es,grillete,m,shackle,stratum,wiktionary:kaikki@2026-10-03,False,,shackle,2.3,,,-ete,unknown,,1.5834484100341797,2.3126869201660156,-0.03886319696903229,-4.163863182067871,,0.977910626620353,4.124999985098839,True,3, gr|il|lete,right,right,known,True,1.9480676651000977,m,True,True,m,True
es,orinal,m,chamber pot,stratum,wiktionary:kaikki@2026-10-03,False,,chamber pot,2.3,,,al,unknown,,4.881845474243164,5.295602798461914,-0.039922745898365974,-3.9774227142333984,,0.9799238759246116,3.9374999683350325,True,2, or|inal,right,right,known,True,5.088724136352539,m,True,True,m,True
es,envite,m,bet,stratum,wiktionary:kaikki@2026-10-03,False,,bet; wager,2.3,,,te,unknown,,4.916896820068359,6.311573028564453,-0.044282203540205956,-4.0442821979522705,,0.9754297932377384,3.9999999944120646,True,2, env|ite,right,right,known,True,5.614234924316406,m,True,True,m,True
es,patinete,m,kick scooter,stratum,wiktionary:kaikki@2026-10-03,False,,kick scooter; push scooter; scooter,2.3,,,-ete,unknown,,4.8913421630859375,3.8072071075439453,-0.029029563069343567,-4.091529607772827,,0.9881335279745359,4.062500044703484,True,3, pat|in|ete,right,right,known,True,4.349274635314941,m,True,True,m,True
es,pisapapeles,m,paperweight,stratum,wiktionary:kaikki@2026-10-03,False,,paperweight,2.3,,,es,unknown,,3.951004981994629,2.6796703338623047,-0.03753614518791437,-4.225036025047302,,0.979184834299416,4.187499879859388,True,4, pis|ap|ape|les,right,right,known,True,3.315337657928467,m,True,True,m,True
es,pernil,m,ham leg of pork,stratum,wiktionary:kaikki@2026-10-03,False,,ham leg of pork,2.29,,,il,native,,4.547800064086914,1.7861995697021484,-0.1965423822402954,-2.2590423822402954,,0.9307347659437721,2.0625,True,2, per|nil,right,right,known,True,3.1669998168945312,m,True,True,m,True
es,retamar,m,any area of spanish bloom trees,stratum,wiktionary:kaikki@2026-10-03,False,,any area of Spanish bloom trees,2.29,,,ar,unknown,,4.208589553833008,9.016134262084961,-0.1207662932574749,-3.183266282081604,,0.9296397952175208,3.062499988824129,True,2, ret|amar,right,right,known,True,6.612361907958984,m,True,True,m,True
es,traspié,m,trip,stratum,wiktionary:kaikki@2026-10-03,False,,"trip, stumble",2.29,,,ié,unknown,,4.163242340087891,8.007389068603516,-0.04557327926158905,-4.358073353767395,,0.9694973795067936,4.312500074505806,True,3, tras|pi|é,right,right,known,True,6.085315704345703,m,True,True,m,True
es,ristre,m,lance rest,stratum,wiktionary:kaikki@2026-10-03,False,,lance rest,2.29,,,re,unknown,,1.1054058074951172,0.0684356689453125,-0.6672926768660545,-1.3547927141189575,,0.9259601455666566,0.687500037252903,False,3, r|ist|re,right,unsure,unsure,False,0.5869207382202148,m,True,True,m,True
es,troquel,m,die,stratum,wiktionary:kaikki@2026-10-03,False,,die (mold),2.28,,,el,loan,,5.154535293579102,-0.543243408203125,-0.06185195408761501,-3.5618518590927124,,0.9703777610031585,3.4999999050050974,True,2, tro|quel,right,unsure,unsure,False,2.3056459426879883,m,True,False,m,True
es,buril,m,burin,stratum,wiktionary:kaikki@2026-10-03,False,,burin,2.28,,,il,unknown,,3.8221797943115234,3.125274658203125,-0.07427627220749855,-3.074276328086853,,0.983484737557324,3.0000000558793545,True,2, bur|il,right,right,known,True,3.473727226257324,m,True,True,m,True
es,frotis,m,swab,stratum,wiktionary:kaikki@2026-10-03,False,,swab; smear,2.28,,,is,unknown,,5.174308776855469,3.5394973754882812,-0.07221110537648201,-3.2597110271453857,,0.9688126683126814,3.1874999217689037,True,3, f|rot|is,right,right,known,True,4.356903076171875,m,True,True,m,True
es,roel,m,roundel,stratum,wiktionary:kaikki@2026-10-03,False,,roundel,2.28,,,el,unknown,,2.8021469116210938,2.077852249145508,-0.22659213840961456,-2.476592183113098,,0.8909242481846098,2.2500000447034836,True,2, ro|el,right,right,known,True,2.439999580383301,m,True,True,m,True
es,pleamar,f,high tide,stratum,wiktionary:kaikki@2026-10-03,False,,high tide,2.27,,,ar,native,,-4.570964813232422,0.9081764221191406,-5.897831916809082,-0.022832093760371208,,0.9803675792112533,-5.874999823048711,True,2, ple|amar,right,unsure,unsure,False,-1.8313941955566406,f,True,False,f,True
es,mosén,m,title of nobility used in the crown of aragon,stratum,wiktionary:kaikki@2026-10-03,False,,a title of nobility used in the Crown of Aragon,2.27,,,én,unknown,,0.8411960601806641,-0.010311126708984375,-0.018242993857711554,-6.705742835998535,,0.9832194101749765,6.687499842140824,True,2, mos|én,unsure,unsure,unsure,False,0.41544246673583984,m,True,False,m,True
es,estoque,m,rapier,stratum,wiktionary:kaikki@2026-10-03,False,,rapier,2.27,,,ue,loan,,2.841197967529297,5.839286804199219,-0.14291798323392868,-2.4554179310798645,,0.9716780956380202,2.312499947845936,True,2, esto|que,right,right,known,True,4.340242385864258,m,True,True,m,True
es,ribete,m,edging,stratum,wiktionary:kaikki@2026-10-03,False,,"edging, rim, trim",2.27,,,-ete,unknown,,2.5797901153564453,2.4175262451171875,-0.05169491097331047,-3.739194869995117,,0.9771529129443122,3.6874999590218067,True,2, rib|ete,right,right,known,True,2.4986581802368164,m,True,True,m,True
es,nidal,m,nesting area,stratum,wiktionary:kaikki@2026-10-03,False,,nesting area,2.27,,,al,unknown,,1.43701171875,1.5286750793457031,-0.7055719494819641,-0.8305719494819641,,0.9368923411605181,0.125,False,2, n|idal,right,right,known,True,1.4828433990478516,m,True,True,m,True
es,empeine,m,instep,stratum,wiktionary:kaikki@2026-10-03,False,,instep,2.27,,,ne,native,,2.7777023315429688,0.9524669647216797,-0.1554066762328148,-2.1554067134857178,,0.9719262838843385,2.000000037252903,True,3, em|pe|ine,right,unsure,unsure,False,1.8650846481323242,m,True,True,m,True
es,suajili,m,swahili,stratum,wiktionary:kaikki@2026-10-03,False,,Swahili (language),2.27,,,li,unknown,,5.2336273193359375,3.821073532104492,-0.09335914812982082,-3.280859112739563,,0.9543635717080281,3.187499964609742,True,3, su|aj|ili,right,right,known,True,4.527350425720215,m,True,True,m,True
es,pegote,m,goop,stratum,wiktionary:kaikki@2026-10-03,False,,"goop, gloop, glob, glop, sticky mess",2.26,,,-ote,unknown,,3.418149948120117,4.642484664916992,-0.0433313325047493,-4.230831265449524,,0.9735282115469008,4.187499932944775,True,2, peg|ote,right,right,known,True,4.030317306518555,m,True,True,m,True
es,rebollar,m,portuguese oak grove,stratum,wiktionary:kaikki@2026-10-03,False,,Portuguese oak grove,2.26,,,ar,unknown,,2.985563278198242,1.9395408630371094,-0.3316022455692291,-2.0816022157669067,,0.846678136181348,1.7499999701976776,True,2, reb|ollar,right,right,known,True,2.462552070617676,m,True,True,m,True
es,óbice,m,obstacle,stratum,wiktionary:kaikki@2026-10-03,False,,obstacle,2.26,,,ce,unknown,,2.9165000915527344,3.358856201171875,-0.0765923298895359,-3.3890923261642456,,0.9600920409196423,3.3124999962747097,True,3, ó|b|ice,right,right,known,True,3.1376781463623047,m,True,True,m,True
es,tamboril,m,tabor,stratum,wiktionary:kaikki@2026-10-03,False,,tabor (small drum),2.26,,,il,unknown,,-2.5347423553466797,-0.018167495727539062,-0.03203916922211647,-4.094539165496826,,0.9867241224103296,4.06249999627471,True,3, tamb|or|il,wrong,unsure,wrong,False,-1.2764549255371094,f,False,True,m,True
es,brocal,m,parapet,stratum,wiktionary:kaikki@2026-10-03,False,,parapet (of well); a puteal,2.26,,,al,native,,4.078500747680664,5.687925338745117,-0.10164007171988487,-2.7266401052474976,,0.9731271942925025,2.6250000335276127,True,2, bro|cal,right,right,known,True,4.883213043212891,m,True,True,m,True
es,lanzamisiles,m,rocket launcher,stratum,wiktionary:kaikki@2026-10-03,False,,rocket launcher,2.25,,,es,unknown,,4.407920837402344,4.876688003540039,-0.03367001563310623,-4.596169948577881,,0.9770024986688944,4.562499932944775,True,4, lanz|am|is|iles,right,right,known,True,4.642304420471191,m,True,True,m,True
es,sillar,m,stone block,stratum,wiktionary:kaikki@2026-10-03,False,,stone block,2.25,,,ar,unknown,,2.2482471466064453,2.969066619873047,-0.6132533848285675,-0.9257533550262451,,0.9598149998263763,0.3124999701976776,False,2, sill|ar,right,right,known,True,2.608656883239746,m,True,True,m,True
es,cuchitril,m,hovel,stratum,wiktionary:kaikki@2026-10-03,False,,"hovel, shack",2.25,,,il,unknown,,1.0480079650878906,0.1681365966796875,-0.07666709460318089,-3.014167070388794,,0.9828277921345752,2.937499975785613,True,4, c|uch|itr|il,right,unsure,unsure,False,0.6080722808837891,m,True,True,m,True
es,espray,m,aerosol,stratum,wiktionary:kaikki@2026-10-03,False,,"aerosol, spray (fine particles suspended in a gaseous medium)",2.25,,,ay,unknown,,2.7267799377441406,1.4497432708740234,-0.05372767895460129,-3.3662277460098267,,0.9854437322445628,3.3125000670552254,True,2, es|pray,right,right,known,True,2.088261604309082,m,True,True,m,True
es,parteaguas,m,watershed,stratum,wiktionary:kaikki@2026-10-03,False,,watershed,2.25,,,as,unknown,,5.015209197998047,8.259817123413086,-0.47084595263004303,-1.5333459377288818,,0.847893114257434,1.0624999850988388,True,3, parte|agu|as,right,right,known,True,6.637513160705566,m,True,True,m,True
es,barandal,m,handrail,stratum,wiktionary:kaikki@2026-10-03,False,,"handrail, guardrail",2.25,,,al,unknown,,2.505603790283203,2.1711158752441406,-0.026973571628332138,-4.839473724365234,,0.9820645898245652,4.812500152736902,True,2, bar|andal,right,right,known,True,2.338359832763672,m,True,True,m,True
es,maizal,m,piece of land cultivating corn,stratum,wiktionary:kaikki@2026-10-03,False,,piece of land cultivating corn; cornfield,2.24,,,al,unknown,,0.50665283203125,2.484659194946289,-0.025155099108815193,-5.087655067443848,,0.9819276015689952,5.0624999683350325,True,3, ma|iz|al,unsure,right,unsure,False,1.4956560134887695,m,True,True,m,True
es,autocine,m,drive-in,stratum,wiktionary:kaikki@2026-10-03,False,,drive-in (outdoor cinema),2.24,,,ne,unknown,,1.5849170684814453,2.7353649139404297,-0.030278806574642658,-4.342778921127319,,0.9834017551016634,4.312500114552677,True,2, autoc|ine,right,right,known,True,2.1601409912109375,m,True,True,m,True
es,falsete,m,falsetto,stratum,wiktionary:kaikki@2026-10-03,False,,falsetto (vocal register occupying the frequency range just above the modal voice),2.24,,,-ete,unknown,,3.376220703125,1.8479137420654297,-0.15086901932954788,-2.2758690118789673,,0.9626764031872841,2.1249999925494194,True,3, fal|set|e,right,right,known,True,2.612067222595215,m,True,True,m,True
es,matraz,m,any kind of flask,stratum,wiktionary:kaikki@2026-10-03,False,,"any kind of flask, or glass container used in a chemical laboratory",2.23,,,az,unknown,,1.3677520751953125,3.4799423217773438,-0.04847450368106365,-3.4234745502471924,,0.9855271688895662,3.3750000465661287,True,2, mat|raz,right,right,known,True,2.423847198486328,m,True,True,m,True
es,piedemonte,m,foothill,stratum,wiktionary:kaikki@2026-10-03,False,,foothill,2.23,,,te,unknown,,9.485942840576172,4.902030944824219,-0.36899613589048386,-1.9939961433410645,,0.8424853899753908,1.6250000074505806,True,3, pied|em|onte,right,right,known,True,7.193986892700195,m,True,True,m,True
es,alfar,m,clay,stratum,wiktionary:kaikki@2026-10-03,False,,clay,2.23,,,ar,loan,,0.31343841552734375,0.6736602783203125,-0.42578622698783875,-1.3007861971855164,,0.9497945668431006,0.8749999701976776,True,2, al|far,unsure,unsure,unsure,False,0.4935493469238281,m,True,True,m,True
es,contrapoder,m,anti-establishment movement,stratum,wiktionary:kaikki@2026-10-03,False,,an anti-establishment movement; a rebellion,2.23,,,er,unknown,,5.072759628295898,3.589935302734375,-0.08865747973322868,-3.43240749835968,,0.9501657312115528,3.3437500186264515,True,3, contr|ap|oder,right,right,known,True,4.331347465515137,m,True,True,m,True
es,rocanrol,m,rock and roll,stratum,wiktionary:kaikki@2026-10-03,False,,rock and roll,2.23,,,ol,unknown,,2.3141136169433594,1.3241214752197266,-0.0567161999642849,-4.119216203689575,,0.9614038914292972,4.06250000372529,True,3, ro|can|rol,right,right,known,True,1.819117546081543,m,True,True,m,True
es,overol,m,overalls plural,stratum,wiktionary:kaikki@2026-10-03,False,,"overalls plural (not US), coveralls plural (US only)",2.22,,,ol,unknown,,2.7343921661376953,1.4180622100830078,-0.0420234901830554,-3.854523539543152,,0.9833938585689564,3.8125000493600965,True,2, over|ol,right,right,known,True,2.0762271881103516,m,True,True,m,True
es,alféizar,m,windowsill,stratum,wiktionary:kaikki@2026-10-03,False,,"windowsill, ledge",2.22,,,ar,loan,,4.617206573486328,4.400470733642578,-0.03502962552011013,-3.910029649734497,,0.9862333544548036,3.875000024214387,True,3, al|fé|izar,right,right,known,True,4.508838653564453,m,True,True,m,True
es,coxis,m,coccyx,stratum,wiktionary:kaikki@2026-10-03,False,,"coccyx, tailbone",2.22,,,is,unknown,,0.20828628540039062,-3.3462886810302734,-0.3208102881908417,-1.508310317993164,,0.949832140876312,1.1875000298023224,True,2, co|xis,unsure,wrong,wrong,False,-1.5690011978149414,f,False,False,m,True
es,mezquite,m,mesquite,stratum,wiktionary:kaikki@2026-10-03,False,,mesquite (tree),2.22,,,te,unknown,,2.6430320739746094,2.634733200073242,-0.038212725892663,-4.288212776184082,,0.9763436496597306,4.250000050291419,True,2, mez|quite,right,right,known,True,2.638882637023926,m,True,True,m,True
es,pantanal,m,swamp,stratum,wiktionary:kaikki@2026-10-03,False,,"swamp, marshland, wetland",2.22,,,al,unknown,,3.887605667114258,5.092212677001953,-0.30127282440662384,-2.5512728691101074,,0.8496589888752797,2.2500000447034836,True,2, pant|anal,right,right,known,True,4.4899091720581055,m,True,True,m,True
es,periné,m,perineum,stratum,wiktionary:kaikki@2026-10-03,False,,perineum,2.21,,,né,unknown,,3.306966781616211,0.6552543640136719,-0.1373501569032669,-2.4498502016067505,,0.9581352972642653,2.3125000447034836,True,3, per|in|é,right,unsure,unsure,False,1.9811105728149414,m,True,True,m,True
es,nixtamal,m,hominy,stratum,wiktionary:kaikki@2026-10-03,False,,"hominy, nixtamal",2.21,,,al,loan,,5.798454284667969,1.6575794219970703,-0.642586812376976,-1.0800868272781372,,0.9580679320707193,0.4375000149011612,False,4, n|ix|tam|al,right,right,known,True,3.7280168533325195,m,True,True,m,True
es,saudade,f,feeling of missing something or someone,stratum,wiktionary:kaikki@2026-10-03,False,,the feeling of missing something or someone,2.21,,,de,loan,,-5.715063095092773,2.846851348876953,-3.9299094676971436,-0.08615950122475624,,0.9373969924983909,-3.8437499664723873,True,3, sa|ud|ade,right,wrong,conflict,False,-1.4341058731079102,f,True,False,f,True
es,cibercrimen,m,cybercrime,stratum,wiktionary:kaikki@2026-10-03,False,,cybercrime,2.21,,,-men,unknown,,1.8836898803710938,4.566591262817383,-0.024896989576518536,-5.64989709854126,,0.9789308045676972,5.625000108964741,True,5, c|ib|erc|rim|en,right,right,known,True,3.2251405715942383,m,True,True,m,True
es,albar,m,wild cherry,stratum,wiktionary:kaikki@2026-10-03,False,,"wild cherry, Prunus avium",2.21,,,ar,unknown,,3.9229354858398438,-0.23146820068359375,-0.4847366511821747,-1.172236680984497,,0.9291682267780428,0.6875000298023224,True,2, al|bar,right,unsure,unsure,False,1.845733642578125,m,True,False,m,True
es,fagot,m,bassoon,stratum,wiktionary:kaikki@2026-10-03,False,,bassoon (musical instrument in the woodwind family),2.21,,,ot,loan,,6.33619499206543,3.41259765625,-0.03030478674918413,-4.530304908752441,,0.9816855079725284,4.500000122003257,True,3, f|ag|ot,right,right,known,True,4.874396324157715,m,True,True,m,True
es,fenobarbital,m,phenobarbital,stratum,wiktionary:kaikki@2026-10-03,False,,phenobarbital,2.21,,,al,unknown,,-0.14124488830566406,1.0189781188964844,-0.0883809570223093,-3.9008809328079224,,0.939010660134308,3.812499975785613,True,4, fen|obar|b|ital,unsure,right,unsure,False,0.43886661529541016,m,True,False,m,True
es,tapial,m,rammed earth,stratum,wiktionary:kaikki@2026-10-03,False,,rammed earth,2.21,,,al,unknown,,3.1391353607177734,4.822410583496094,-1.7751339077949524,-0.2751338630914688,,0.9689042399373544,-1.5000000447034836,True,2, tap|ial,right,right,known,True,3.9807729721069336,m,True,True,f,False
es,oropel,m,tinsel,stratum,wiktionary:kaikki@2026-10-03,False,,tinsel,2.21,,,el,loan,,3.886505126953125,2.949129104614258,-0.11223531514406204,-2.7997353076934814,,0.9547718482921612,2.6874999925494194,True,3, or|op|el,right,right,known,True,3.4178171157836914,m,True,True,m,True
es,castañar,m,chestnut grove or plantation,stratum,wiktionary:kaikki@2026-10-03,False,,chestnut grove or plantation,2.21,,,ar,unknown,,6.002248764038086,5.706092834472656,-0.19573245383799076,-3.445732533931732,,0.9136390452180083,3.2500000800937414,True,3, cast|añ|ar,right,right,known,True,5.854170799255371,m,True,True,m,True
es,antidoping,m,drug test,stratum,wiktionary:kaikki@2026-10-03,False,,drug test,2.2,,,ng,unknown,,2.6794443130493164,4.801982879638672,-0.0640898048877716,-3.8765898942947388,,0.9619329173099411,3.812500089406967,True,2, antid|oping,right,right,known,True,3.740713596343994,m,True,True,m,True
es,birrete,m,biretta,stratum,wiktionary:kaikki@2026-10-03,False,,biretta,2.2,,,-ete,loan,,1.1545982360839844,4.5651397705078125,-0.02444646693766117,-4.524446487426758,,0.9870298787464264,4.500000020489097,True,2, bir|rete,right,right,known,True,2.8598690032958984,m,True,True,m,True
es,redondel,m,circle,stratum,wiktionary:kaikki@2026-10-03,False,,circle,2.2,,,el,unknown,,3.2441444396972656,6.257089614868164,-0.057529471814632416,-3.93252956867218,,0.9638463307166927,3.8750000968575478,True,3, red|ond|el,right,right,known,True,4.750617027282715,m,True,True,m,True
es,rictus,m,sneer,stratum,wiktionary:kaikki@2026-10-03,False,,sneer; wince,2.19,,,us,unknown,,1.9680519104003906,5.839954376220703,-0.07391715422272682,-3.1364171504974365,,0.9729194677725326,3.0624999962747097,True,3, r|ict|us,right,right,known,True,3.904003143310547,m,True,True,m,True
es,cojinete,m,pincushion,stratum,wiktionary:kaikki@2026-10-03,False,,pincushion,2.19,,,-ete,unknown,,3.104940414428711,2.8782196044921875,-0.182597815990448,-2.1825977563858032,,0.9746804566606496,1.9999999403953552,True,3, co|jin|ete,right,right,known,True,2.991580009460449,m,True,True,m,True
es,chucrut,m,sauerkraut,stratum,wiktionary:kaikki@2026-10-03,False,,sauerkraut,2.18,,,ut,unknown,,2.428253173828125,1.7479133605957031,-0.025181004777550697,-5.90018105506897,,0.9779016340012101,5.875000050291419,True,3, ch|uc|rut,right,right,known,True,2.088083267211914,m,True,True,m,True
es,sauzal,m,grove of willows,stratum,wiktionary:kaikki@2026-10-03,False,,a grove of willows,2.18,,,al,unknown,,4.712886810302734,6.171520233154297,-0.033759117126464844,-5.096259117126465,,0.9732245612932311,5.0625,True,3, sa|uz|al,right,right,known,True,5.442203521728516,m,True,True,m,True
es,anaquel,m,shelf,stratum,wiktionary:kaikki@2026-10-03,False,,shelf,2.18,,,el,loan,,3.6538496017456055,2.083965301513672,-0.027070115320384502,-4.5895702838897705,,0.983945968689465,4.562500168569386,True,2, ana|quel,right,right,known,True,2.8689074516296387,m,True,True,m,True
es,vermú,m,vermouth,stratum,wiktionary:kaikki@2026-10-03,False,,vermouth,2.18,,,mú,unknown,,3.403606414794922,1.6902999877929688,-0.022663048468530178,-5.772663116455078,,0.9808034950156761,5.750000067986548,True,2, verm|ú,right,right,known,True,2.5469532012939453,m,True,True,m,True
es,toril,m,bullpen,stratum,wiktionary:kaikki@2026-10-03,False,,bullpen,2.18,,,il,unknown,,-1.2906723022460938,2.1911582946777344,-0.029870323836803436,-4.467370510101318,,0.9826070954503894,4.437500186264515,True,2, tor|il,wrong,right,conflict,False,0.4502429962158203,m,True,False,m,True
es,cuplé,m,type of risqué,stratum,wiktionary:kaikki@2026-10-03,False,,"a type of risqué, bawdy song style popular in Spain around the turn of the 20th century",2.17,,,lé,unknown,,1.3295249938964844,3.269338607788086,-0.17494109272956848,-2.112441062927246,,0.9606590160650801,1.9374999701976776,True,2, cup|lé,right,right,known,True,2.299431800842285,m,True,True,m,True
es,chañar,m,geoffroea decorticans,stratum,wiktionary:kaikki@2026-10-03,False,,"Geoffroea decorticans, a small deciduous tree",2.17,,,ar,unknown,,4.280122756958008,4.069309234619141,-0.2601889967918396,-1.8851889371871948,,0.9479495403589651,1.6249999403953552,True,3, cha|ñ|ar,right,right,known,True,4.174715995788574,m,True,True,m,True
es,cubilete,m,small cube,stratum,wiktionary:kaikki@2026-10-03,False,,small cube (e.g. a stock cube),2.17,,,-ete,loan,,7.070511817932129,5.388410568237305,-0.08013532683253288,-3.205135226249695,,0.9685178742932438,3.124999899417162,True,3, cub|ile|te,right,right,known,True,6.229461193084717,m,True,True,m,True
es,volquete,m,dump truck,stratum,wiktionary:kaikki@2026-10-03,False,,dump truck,2.17,,,-ete,unknown,,3.9281787872314453,2.6718826293945312,-0.028077423572540283,-4.153077483177185,,0.9885148016390808,4.125000059604645,True,2, vol|quete,right,right,known,True,3.3000307083129883,m,True,True,m,True
es,grupete,m,group,stratum,wiktionary:kaikki@2026-10-03,False,,group; bunch; batch,2.16,,,-ete,unknown,,2.413848876953125,3.601766586303711,-0.2586646303534508,-2.196164608001709,,0.8880949403657834,1.9374999776482582,True,2, grup|ete,right,right,known,True,3.007807731628418,m,True,True,m,True
es,mondadientes,m,toothpick,stratum,wiktionary:kaikki@2026-10-03,False,,toothpick,2.16,,,es,unknown,,9.37179183959961,6.748592376708984,-0.11879521608352661,-2.993795156478882,,0.9399470518104729,2.8749999403953552,True,3, mon|dad|ientes,right,right,known,True,8.060192108154297,m,True,True,m,True
es,cúter,m,utility knife,stratum,wiktionary:kaikki@2026-10-03,False,,"utility knife, box cutter, Stanley knife (tool used to cut)",2.15,,,er,unknown,,0.6637458801269531,4.280630111694336,-0.04080952703952789,-3.9158095121383667,,0.9813272178793411,3.874999985098839,True,2, cú|ter,unsure,right,unsure,False,2.4721879959106445,m,True,True,m,True
es,corchete,m,square bracket,stratum,wiktionary:kaikki@2026-10-03,False,,square bracket,2.15,,,-ete,loan,,8.821125030517578,2.7669754028320312,-0.10233163088560104,-2.9773316383361816,,0.957083646649776,2.8750000074505806,True,3, cor|ch|ete,right,right,known,True,5.794050216674805,m,True,True,m,True
es,cartoné,m,hardback,stratum,wiktionary:kaikki@2026-10-03,False,,hardback; hardcover,2.15,,,né,unknown,,0.020050048828125,-0.8521156311035156,-0.02987053617835045,-4.654870510101318,,0.9800964598199073,4.624999973922968,True,3, cart|on|é,unsure,unsure,unsure,False,-0.4160327911376953,f,False,False,m,True
es,vivac,m,bivouac,stratum,wiktionary:kaikki@2026-10-03,False,,bivouac,2.15,,,ac,unknown,,4.941493988037109,2.847492218017578,-0.39972126483917236,-1.5872212648391724,,0.9127392463087436,1.1875,True,2, viv|ac,right,right,known,True,3.8944931030273438,m,True,True,m,True
es,cuete,m,firecracker,stratum,wiktionary:kaikki@2026-10-03,False,,firecracker,2.15,,,-ete,unknown,,1.9022865295410156,1.0851306915283203,-0.45045794546604156,-1.1379579305648804,,0.9582379426147207,0.6874999850988388,True,2, cu|ete,right,right,known,True,1.493708610534668,m,True,True,m,True
es,rosedal,m,rose garden,stratum,wiktionary:kaikki@2026-10-03,False,,rose garden,2.15,,,al,unknown,,2.777162551879883,4.024824142456055,-0.020602365024387836,-5.333102464675903,,0.9845221945448148,5.3125000996515155,True,3, ros|ed|al,right,right,known,True,3.4009933471679688,m,True,True,m,True
es,cibercafé,m,cybercafe,stratum,wiktionary:kaikki@2026-10-03,False,,"cybercafe, Internet cafe",2.14,,,fé,unknown,,2.6263351440429688,2.2422399520874023,-0.018561561591923237,-5.393561363220215,,0.9862975521480031,5.374999801628292,True,4, c|iber|ca|fé,right,right,known,True,2.4342875480651855,m,True,True,m,True
es,matasellos,m,postmark,stratum,wiktionary:kaikki@2026-10-03,False,,postmark,2.14,,,os,unknown,,4.901006698608398,1.094390869140625,-0.03598405420780182,-4.660984039306641,,0.974811012408892,4.624999985098839,True,3, mat|asel|los,right,right,known,True,2.9976987838745117,m,True,True,m,True
es,guantelete,m,gauntlet,stratum,wiktionary:kaikki@2026-10-03,False,,gauntlet (hand armour),2.14,,,-ete,unknown,,2.4937973022460938,2.273447036743164,-0.21734242886304855,-2.342342495918274,,0.9068735005547055,2.1250000670552254,True,3, gu|ante|lete,right,right,known,True,2.383622169494629,m,True,True,m,True
es,bidé,m,bidet,stratum,wiktionary:kaikki@2026-10-03,False,,bidet,2.14,,,dé,unknown,,3.1284103393554688,2.7487869262695312,-0.01739880722016096,-5.017398834228516,,0.9895800807954198,5.000000027008355,True,2, bid|é,right,right,known,True,2.9385986328125,m,True,True,m,True
es,acabose,m,be all and end all,stratum,wiktionary:kaikki@2026-10-03,False,,be all and end all,2.14,,,se,unknown,,4.278034210205078,4.852239608764648,-0.7752664387226105,-1.3377664685249329,,0.7294908272618733,0.5625000298023224,True,2, acab|ose,right,right,known,True,4.565136909484863,m,True,True,m,True
es,tiquete,m,ticket,stratum,wiktionary:kaikki@2026-10-03,False,,ticket,2.13,,,-ete,unknown,,6.4390869140625,2.5127639770507812,-0.014309165067970753,-6.0768091678619385,,0.9881291381259074,6.062500002793968,True,3, t|iqu|ete,right,right,known,True,4.475925445556641,m,True,True,m,True
es,contrafuerte,m,buttress,stratum,wiktionary:kaikki@2026-10-03,False,,buttress,2.13,,,te,unknown,,0.6201744079589844,1.155710220336914,-0.08953733928501606,-3.277037262916565,,0.9557027815545072,3.187499923631549,True,3, contra|fu|erte,unsure,right,unsure,False,0.8879423141479492,m,True,True,m,True
es,sobrecoste,m,extra charge,stratum,wiktionary:kaikki@2026-10-03,False,,extra charge,2.13,,,te,unknown,,2.278514862060547,0.15081024169921875,-0.0890425257384777,-3.026542544364929,,0.9641171281853482,2.9375000186264515,True,3, sob|rec|oste,right,unsure,unsure,False,1.2146625518798828,m,True,True,m,True
es,henar,m,hayfield,stratum,wiktionary:kaikki@2026-10-03,False,,hayfield,2.13,,,ar,unknown,,5.786956787109375,7.080991744995117,-1.4514798521995544,-0.7639798671007156,,0.8701533235187326,-0.6874999850988388,False,2, hen|ar,right,right,known,True,6.433974266052246,m,True,True,f,False
es,mirasol,m,sunflower,stratum,wiktionary:kaikki@2026-10-03,False,,sunflower,2.13,,,ol,unknown,,3.3685970306396484,4.286542892456055,-0.1910681501030922,-2.003568172454834,,0.9666196239352554,1.8125000223517418,True,3, mir|as|ol,right,right,known,True,3.8275699615478516,m,True,True,m,True
es,bajorrelieve,m,bas relief,stratum,wiktionary:kaikki@2026-10-03,False,,bas relief,2.13,,,ve,unknown,,6.243629455566406,7.309131622314453,-0.02140705566853285,-5.333907127380371,,0.9837320850509736,5.312500071711838,True,4, b|ajor|rel|ieve,right,right,known,True,6.77638053894043,m,True,True,m,True
es,palmeral,m,palm tree wood or plantation,stratum,wiktionary:kaikki@2026-10-03,False,,palm tree wood or plantation,2.13,,,al,unknown,,2.4401683807373047,0.5745296478271484,-0.02314924355596304,-5.148149251937866,,0.9833381340162075,5.125000008381903,True,3, pal|mer|al,right,unsure,unsure,False,1.5073490142822266,m,True,True,m,True
es,sotobosque,m,undergrowth,stratum,wiktionary:kaikki@2026-10-03,False,,undergrowth,2.12,,,ue,unknown,,6.116462707519531,4.861499786376953,-0.04507124610245228,-4.607571125030518,,0.9663929860793681,4.562499878928065,True,5, s|ot|ob|os|que,right,right,known,True,5.488981246948242,m,True,True,m,True
es,chut,m,shot,stratum,wiktionary:kaikki@2026-10-03,False,,shot,2.12,,,ut,unknown,,3.2628440856933594,0.8488922119140625,-0.2182692214846611,-2.280769169330597,,0.9480053756593764,2.062499947845936,True,2, ch|ut,right,unsure,unsure,False,2.055868148803711,m,True,True,m,True
es,pretil,m,parapet,stratum,wiktionary:kaikki@2026-10-03,False,,parapet (low wall),2.12,,,il,native,,5.654087066650391,3.794820785522461,-0.033001868054270744,-4.408001899719238,,0.9798135787280031,4.3750000316649675,True,2, pre|til,right,right,known,True,4.724453926086426,m,True,True,m,True
es,sabogal,m,type of fishing net,stratum,wiktionary:kaikki@2026-10-03,False,,A type of fishing net.,2.12,,,al,unknown,,3.9238739013671875,4.482257843017578,-0.2058563306927681,-2.3308563232421875,,0.914348986026785,2.1249999925494194,True,3, sab|og|al,right,right,known,True,4.203065872192383,m,True,True,m,True
es,buje,m,axle box,stratum,wiktionary:kaikki@2026-10-03,False,,axle box; bushing,2.12,,,je,native,,2.506969451904297,1.1755027770996094,-0.13104046881198883,-2.4435404539108276,,0.9654482446718415,2.312499985098839,True,2, bu|je,right,right,known,True,1.8412361145019531,m,True,True,m,True
es,habar,m,bean patch,stratum,wiktionary:kaikki@2026-10-03,False,,bean patch,2.11,,,ar,unknown,,5.099353790283203,2.5118961334228516,-0.2731551378965378,-1.835655152797699,,0.9270220482545661,1.5625000149011612,True,2, hab|ar,right,right,known,True,3.8056249618530273,m,True,True,m,True
es,greve,m,gravy,stratum,wiktionary:kaikki@2026-10-03,False,,gravy,2.11,,,ve,unknown,,-2.141458511352539,-2.4796886444091797,-3.6252635717391968,-0.06276349723339081,,0.9683397968441282,-3.562500074505806,True,2, gre|ve,wrong,wrong,wrong,False,-2.3105735778808594,f,False,True,f,False
es,hach,m,hajj,stratum,wiktionary:kaikki@2026-10-03,False,,hajj,2.11,,,ch,unknown,,4.185550689697266,3.046022415161133,-0.5684351623058319,-1.005935162305832,,0.932567462500637,0.4375,True,2, h|ach,right,right,known,True,3.615786552429199,m,True,True,m,True
es,cordal,m,tailpiece,stratum,wiktionary:kaikki@2026-10-03,False,,"tailpiece (of a violin, etc.)",2.11,,,al,unknown,,1.6702938079833984,1.6790580749511719,-0.5676566809415817,-1.255156695842743,,0.9622667644832636,0.6875000149011612,False,2, cord|al,right,right,known,True,1.6746759414672852,m,True,True,m,True
es,cané,m,type of card game,stratum,wiktionary:kaikki@2026-10-03,False,,"a type of card game, similar to monte",2.1,,,né,unknown,,1.1323528289794922,-1.9525623321533203,-0.5806240141391754,-0.955623984336853,,0.9459106069932559,0.3749999701976776,True,2, can|é,right,wrong,conflict,False,-0.41010475158691406,f,False,False,m,True
es,glicerol,m,glycerol,stratum,wiktionary:kaikki@2026-10-03,False,,glycerol,2.1,,,ol,unknown,,6.910768508911133,4.841142654418945,-0.06412267871201038,-3.3766226768493652,,0.9773916132776111,3.312499998137355,True,3, g|licer|ol,right,right,known,True,5.875955581665039,m,True,True,m,True
es,sombrerete,m,cap,stratum,wiktionary:kaikki@2026-10-03,False,,cap (of mushroom),2.1,,,-ete,unknown,,4.471611022949219,4.707233428955078,-0.07634974271059036,-3.0138497352600098,,0.980120079721327,2.9374999925494194,True,4, som|br|er|ete,right,right,known,True,4.589422225952148,m,True,True,m,True
es,portapapeles,m,clipboard,stratum,wiktionary:kaikki@2026-10-03,False,,clipboard,2.1,,,es,unknown,,5.114091873168945,6.023622512817383,-0.04460778087377548,-3.7321078777313232,,0.9807267271654535,3.6875000968575478,True,4, port|ap|ape|les,right,right,known,True,5.568857192993164,m,True,True,m,True
es,quitanieves,m,snow plow,stratum,wiktionary:kaikki@2026-10-03,False,,"snow plow (US), snow plough (UK)",2.1,,,es,unknown,,7.923677444458008,1.514932632446289,-0.16327596455812454,-2.288275957107544,,0.9771454171648826,2.1249999925494194,True,3, qu|itan|ieves,right,right,known,True,4.719305038452148,m,True,True,m,True
es,armatoste,m,hulky thing,stratum,wiktionary:kaikki@2026-10-03,False,,"hulky thing, big eyesore",2.09,,,te,unknown,,5.774343490600586,6.4163360595703125,-0.09281598031520844,-3.2803159952163696,,0.9578311947369917,3.187500014901161,True,3, arm|at|oste,right,right,known,True,6.095339775085449,m,True,True,m,True
es,suborden,m,suborder,stratum,wiktionary:kaikki@2026-10-03,False,,suborder,2.09,,,en,unknown,,3.929838180541992,3.097471237182617,-0.5103835314512253,-1.2916335463523865,,0.8867119091169856,0.7812500149011612,True,2, sub|orden,right,right,known,True,3.5136547088623047,m,True,True,m,True
es,cachivache,m,junk,stratum,wiktionary:kaikki@2026-10-03,False,,"junk, piece of junk",2.09,,,he,unknown,,6.330972671508789,4.6016998291015625,-0.2065049409866333,-2.4565049409866333,,0.9656081229237625,2.25,True,3, cach|iv|ache,right,right,known,True,5.466336250305176,m,True,True,m,True
es,zumaque,m,sumac,stratum,wiktionary:kaikki@2026-10-03,False,,sumac,2.09,,,ue,loan,,1.9818496704101562,0.4172210693359375,-0.11541992425918579,-2.5529199838638306,,0.9701186925987474,2.4375000596046448,True,3, z|uma|que,right,unsure,unsure,False,1.1995353698730469,m,True,True,m,True
es,arcabuz,m,harquebus,stratum,wiktionary:kaikki@2026-10-03,False,,"harquebus, musket",2.08,,,uz,loan,,7.721046447753906,8.053047180175781,-0.025423103012144566,-4.587923049926758,,0.9855669543974348,4.562499946914613,True,3, arc|ab|uz,right,right,known,True,7.887046813964844,m,True,True,m,True
es,clac,m,crush hat,stratum,wiktionary:kaikki@2026-10-03,False,,"crush hat, opera hat",2.08,,,ac,unknown,,2.3088760375976562,2.1167163848876953,-0.5309273898601532,-1.0309274196624756,,0.946489856376677,0.5000000298023224,True,2, cl|ac,right,right,known,True,2.212796211242676,m,True,True,m,True
es,gafete,m,identification badge,stratum,wiktionary:kaikki@2026-10-03,False,,identification badge,2.08,,,-ete,unknown,,3.8351573944091797,2.937685012817383,-0.03283565677702427,-4.0953357219696045,,0.9843798928139826,4.06250006519258,True,3, g|af|ete,right,right,known,True,3.3864212036132812,m,True,True,m,True
es,molcajete,m,small mortar,stratum,wiktionary:kaikki@2026-10-03,False,,"a small mortar, typically carved from vesicular basalt and used in traditional Mexican cuisine",2.07,,,-ete,unknown,,5.402740478515625,0.7539157867431641,-0.022922543808817863,-4.585422515869141,,0.9877155667431101,4.562499972060323,True,4, mol|ca|j|ete,right,unsure,unsure,False,3.0783281326293945,m,True,True,m,True
es,elipsoide,m,ellipsoid,stratum,wiktionary:kaikki@2026-10-03,False,,ellipsoid,2.07,,,de,unknown,,0.6595573425292969,0.5136299133300781,-0.04560294188559055,-3.858103036880493,,0.9775469510039629,3.8125000949949026,True,4, el|ip|so|ide,unsure,unsure,unsure,False,0.5865936279296875,m,True,True,m,True
es,parterre,m,flowerbed,stratum,wiktionary:kaikki@2026-10-03,False,,flowerbed,2.07,,,re,unknown,,6.7771148681640625,4.284328460693359,-0.07376980409026146,-3.0737698078155518,,0.9765161406897973,3.0000000037252903,True,3, par|ter|re,right,right,known,True,5.530721664428711,m,True,True,m,True
es,guamúchil,m,pithecellobium dulce,stratum,wiktionary:kaikki@2026-10-03,False,,Pithecellobium dulce,2.07,,,il,unknown,,-1.1491889953613281,-0.3617744445800781,-0.1554698646068573,-2.4054698944091797,,0.9625693084754401,2.2500000298023224,True,5, gu|am|ú|ch|il,wrong,unsure,wrong,False,-0.7554817199707031,f,False,True,m,True
es,juanete,m,bunion,stratum,wiktionary:kaikki@2026-10-03,False,,bunion,2.07,,,-ete,unknown,,1.9952201843261719,3.192829132080078,-0.08077307045459747,-2.955773115158081,,0.9748277736638138,2.8750000447034836,True,3, ju|an|ete,right,right,known,True,2.594024658203125,m,True,True,m,True
es,cubil,m,lair,stratum,wiktionary:kaikki@2026-10-03,False,,"lair, den",2.07,,,il,unknown,,9.040000915527344,2.40545654296875,-0.065697330981493,-3.2531973123550415,,0.97515494335692,3.1874999813735485,True,2, cub|il,right,right,known,True,5.722728729248047,m,True,True,m,True
es,videoarte,m,video art,stratum,wiktionary:kaikki@2026-10-03,False,,video art,2.07,,,te,unknown,,2.2682056427001953,1.3203353881835938,-0.01837974227964878,-5.3933796882629395,,0.9863351694224713,5.374999945983291,True,2, video|arte,right,right,known,True,1.7942705154418945,m,True,True,m,True
es,zarzal,m,bramble,stratum,wiktionary:kaikki@2026-10-03,False,,bramble,2.06,,,al,unknown,,1.9627246856689453,5.086597442626953,-0.02610841952264309,-4.963608264923096,,0.9812313441793892,4.937499845400453,True,3, zar|z|al,right,right,known,True,3.524661064147949,m,True,True,m,True
es,tirachinas,m,slingshot,stratum,wiktionary:kaikki@2026-10-03,False,,slingshot,2.06,,,as,unknown,,2.820354461669922,1.6881771087646484,-0.2368648424744606,-1.9868648648262024,,0.9727069265564985,1.7500000223517418,True,3, tir|ach|inas,right,right,known,True,2.254265785217285,m,True,True,m,True
es,limpiavidrios,m,window-cleaning liquid,stratum,wiktionary:kaikki@2026-10-03,False,,window-cleaning liquid,2.06,,,os,unknown,,1.5985107421875,2.6949119567871094,-0.035103898495435715,-4.535103797912598,,0.9763173036714287,4.499999899417162,True,4, lim|pi|avid|rios,right,right,known,True,2.1467113494873047,m,True,True,m,True
es,yerbal,m,maté field,stratum,wiktionary:kaikki@2026-10-03,False,,maté field,2.05,,,al,unknown,,1.0516586303710938,0.1560821533203125,-0.10617956891655922,-2.6686795949935913,,0.9717784073655926,2.562500026077032,True,2, yer|bal,right,unsure,unsure,False,0.6038703918457031,m,True,True,m,True
es,pozol,m,drink made from purple maize and sugar,stratum,wiktionary:kaikki@2026-10-03,False,,"a drink made from purple maize and sugar, popular among indigenous communities in southern Mexico and parts of Central America",2.05,,,ol,loan,,1.1969642639160156,1.6543769836425781,-0.03654680959880352,-4.66154670715332,,0.9742307390065383,4.624999897554517,True,2, poz|ol,right,right,known,True,1.4256706237792969,m,True,True,m,True
es,géiser,m,geyser,stratum,wiktionary:kaikki@2026-10-03,False,,geyser,2.05,,,er,loan,,0.7765960693359375,3.458820343017578,-0.02668000105768442,-4.776679992675781,,0.9820970393698618,4.749999991618097,True,2, gé|iser,unsure,right,unsure,False,2.117708206176758,m,True,True,m,True
es,matamoscas,m,flyswatter,stratum,wiktionary:kaikki@2026-10-03,False,,flyswatter,2.04,,,as,unknown,,3.3945693969726562,3.3264102935791016,-0.2187880501151085,-1.9062880277633667,,0.9722823634569611,1.6874999776482582,True,3, mat|amos|cas,right,right,known,True,3.360489845275879,m,True,True,m,True
es,apoyabrazos,m,vehicle seat armrest,stratum,wiktionary:kaikki@2026-10-03,False,,vehicle seat armrest,2.04,,,os,unknown,,1.8646507263183594,1.5195560455322266,-0.10325761884450912,-3.7282575368881226,,0.9262773365785708,3.6249999180436134,True,5, ap|oy|ab|raz|os,right,right,known,True,1.692103385925293,m,True,True,m,True
es,claqué,m,tap dance,stratum,wiktionary:kaikki@2026-10-03,False,,"tap dance, tap",2.04,,,ué,unknown,,3.569021224975586,0.4522361755371094,-0.2854456603527069,-1.8479456901550293,,0.9095512313446601,1.5625000298023224,True,2, cla|qué,right,unsure,unsure,False,2.0106287002563477,m,True,True,m,True
es,jaral,m,thicket,stratum,wiktionary:kaikki@2026-10-03,False,,thicket; clump,2.04,,,al,unknown,,4.737173080444336,5.815402984619141,-0.034136997535824776,-4.346636772155762,,0.9794148325282549,4.312499774619937,True,2, jar|al,right,right,known,True,5.276288032531738,m,True,True,m,True
es,pañol,m,store,stratum,wiktionary:kaikki@2026-10-03,False,,"store, storeroom, locker",2.04,,,ol,unknown,,1.5485038757324219,1.5435562133789062,-0.0975315123796463,-2.66003155708313,,0.9781639676170678,2.5625000447034836,True,3, pa|ñ|ol,right,right,known,True,1.546030044555664,m,True,True,m,True
es,chapitel,m,spire,stratum,wiktionary:kaikki@2026-10-03,False,,spire,2.04,,,el,unknown,,6.9329986572265625,4.806425094604492,-0.05643761530518532,-3.556437611579895,,0.9739010179537864,3.4999999962747097,True,2, chap|itel,right,right,known,True,5.869711875915527,m,True,True,m,True
es,jaraíz,m,synonym of lagar,stratum,wiktionary:kaikki@2026-10-03,False,,synonym of lagar (“vat in which olives and grapes are pressed”),2.03,,,íz,unknown,,3.410062789916992,2.6645736694335938,-0.6571702361106873,-0.8446702361106873,,0.9484739003441729,0.1875,True,4, j|ara|í|z,right,right,known,True,3.037318229675293,m,True,True,m,True
es,grisú,m,firedamp,stratum,wiktionary:kaikki@2026-10-03,False,,firedamp,2.03,,,sú,unknown,,-1.1029949188232422,-0.4061279296875,-0.1998680680990219,-2.0748680233955383,,0.9521277194007378,1.8749999552965164,True,2, gris|ú,wrong,unsure,wrong,False,-0.7545614242553711,f,False,True,m,True
es,buscaminas,m,synonym of barreminas,stratum,wiktionary:kaikki@2026-10-03,False,,synonym of barreminas (“minesweeper”),2.02,,,as,unknown,,1.3660402297973633,2.220266342163086,-0.05262014456093311,-3.677620053291321,,0.9757897727256597,3.6249999087303877,True,3, busc|amin|as,right,right,known,True,1.7931532859802246,m,True,True,m,True
es,trole,m,trolley bus,stratum,wiktionary:kaikki@2026-10-03,False,,trolley bus,2.02,,,le,unknown,,4.014839172363281,-0.7625007629394531,-0.19586268439888954,-2.0708627700805664,,0.9798859279169388,1.8750000856816769,True,2, t|role,right,unsure,unsure,False,1.626169204711914,m,True,False,m,True
es,carcaj,m,quiver,stratum,wiktionary:kaikki@2026-10-03,False,,quiver,2.02,,,aj,native,,7.508708953857422,0.8080177307128906,-0.37372685968875885,-1.3112268447875977,,0.9580546140274091,0.9374999850988388,True,3, car|ca|j,right,unsure,unsure,False,4.158363342285156,m,True,True,m,True
es,malpaís,m,akin to badlands,stratum,wiktionary:kaikki@2026-10-03,False,,"akin to badlands, but of volcaniclastic origin",2.02,,,ís,unknown,,2.6783905029296875,5.050716400146484,-0.04335538670420647,-4.293355464935303,,0.9716531299094731,4.250000078231096,True,3, mal|pa|ís,right,right,known,True,3.864553451538086,m,True,True,m,True
es,nocedal,m,walnut grove or plantation,stratum,wiktionary:kaikki@2026-10-03,False,,walnut grove or plantation,2.02,,,al,unknown,,6.761661529541016,2.458803176879883,-0.32575441896915436,-1.950754463672638,,0.8796085587754683,1.6250000447034836,True,3, noc|ed|al,right,right,known,True,4.610232353210449,m,True,True,m,True
es,mejunje,m,concoction,stratum,wiktionary:kaikki@2026-10-03,False,,concoction; brew,2.02,,,je,loan,,5.732868194580078,2.43536376953125,-0.17989296652376652,-2.5548930168151855,,0.9741768345946575,2.375000050291419,True,3, mej|un|je,right,right,known,True,4.084115982055664,m,True,True,m,True
es,qualy,f,qualifying round,stratum,wiktionary:kaikki@2026-10-03,False,,qualifying round,2.01,,,ly,unknown,,-0.2900962829589844,0.5234298706054688,-1.422163963317871,-0.5159139633178711,,0.8526377719192472,-0.90625,True,2, qu|aly,unsure,unsure,unsure,False,0.11666679382324219,m,False,False,f,True
es,íleon,m,ileum,stratum,wiktionary:kaikki@2026-10-03,False,,ileum,2.01,,,on,unknown,,3.0525856018066406,1.8244781494140625,-0.14862878248095512,-2.586128830909729,,0.9385698909312158,2.437500048428774,True,2, í|leon,right,right,known,True,2.4385318756103516,m,True,True,m,True
es,velamen,m,set of sails of a boat,stratum,wiktionary:kaikki@2026-10-03,False,,set of sails of a boat,2.01,,,-men,unknown,,2.8564090728759766,4.182464599609375,-0.11139597930014133,-2.7363959550857544,,0.9770324665735823,2.624999975785613,True,2, vel|amen,right,right,known,True,3.519436836242676,m,True,True,m,True
es,berenjenal,m,aubergine field or plantation,stratum,wiktionary:kaikki@2026-10-03,False,,aubergine field or plantation,2.01,,,al,unknown,,3.4352798461914062,2.529325485229492,-0.5167706832289696,-1.5792706608772278,,0.9424832476197906,1.0624999776482582,False,4, ber|en|jen|al,right,right,known,True,2.982302665710449,m,True,True,m,True
es,martinete,m,hammer,stratum,wiktionary:kaikki@2026-10-03,False,,hammer (of a piano),2.0,,,-ete,unknown,,5.975295066833496,7.829689025878906,-0.03013613075017929,-4.155135989189148,,0.9870945011668759,4.124999858438969,True,2, martin|ete,right,right,known,True,6.902492046356201,m,True,True,m,True
es,sóftbol,m,softball,stratum,wiktionary:kaikki@2026-10-03,False,,softball,2.0,,,ol,unknown,,3.9029712677001953,3.2869224548339844,-0.035873282700777054,-4.7858734130859375,,0.9731914036130419,4.7500001303851604,True,3, só|ft|bol,right,right,known,True,3.59494686126709,m,True,True,m,True
es,mitote,m,indigenous dance of mexico,stratum,wiktionary:kaikki@2026-10-03,False,,indigenous dance of Mexico,2.0,,,-ote,unknown,,2.0727195739746094,5.296390533447266,-0.055285919457674026,-4.617785930633545,,0.9562812355234759,4.562500011175871,True,2, mit|ote,right,right,known,True,3.6845550537109375,m,True,True,m,True
es,curri,m,curry,stratum,wiktionary:kaikki@2026-10-03,False,,curry (spice),2.0,,,ri,unknown,,3.209697723388672,0.151611328125,-0.27220501005649567,-1.6472050547599792,,0.95550220066871,1.3750000447034836,True,2, cur|ri,right,unsure,unsure,False,1.680654525756836,m,True,True,m,True
es,serbal,m,sorb,stratum,wiktionary:kaikki@2026-10-03,False,,sorb (tree),2.0,,,al,native,,1.1699256896972656,0.9447593688964844,-0.045274725183844566,-4.35777473449707,,0.968591887992579,4.312500009313226,True,2, ser|bal,right,unsure,unsure,False,1.057342529296875,m,True,True,m,True
es,repelús,m,shiver,stratum,wiktionary:kaikki@2026-10-03,False,,"shiver, heeby-jeebies",2.0,,,ús,unknown,,3.2793636322021484,5.248178482055664,-0.06125141121447086,-3.936251401901245,,0.9601736313085125,3.8749999906867743,True,3, rep|el|ús,right,right,known,True,4.263771057128906,m,True,True,m,True
es,muladar,m,trash heap. rubbish heap,stratum,wiktionary:kaikki@2026-10-03,False,,trash heap. rubbish heap,2.0,,,ar,unknown,,6.109689712524414,3.1955013275146484,-0.10379960387945175,-3.0412997007369995,,0.9500233675511603,2.9375000968575478,True,2, mul|adar,right,right,known,True,4.652595520019531,m,True,True,m,True
es,hiperenlace,m,link,stratum,wiktionary:kaikki@2026-10-03,False,,"link, hyperlink",2.0,,,ce,unknown,,6.414588928222656,3.7676029205322266,-0.0348783303052187,-4.972378253936768,,0.9726671921112985,4.937499923631549,True,4, h|iper|en|lace,right,right,known,True,5.091095924377441,m,True,True,m,True
es,ensalada,f,salad,regular,wiktionary:kaikki@2026-10-03,False,,salad,3.91,,,,loan,,-5.782997131347656,-2.111342430114746,-8.074148178100586,-0.011647955048829317,,0.9887622508332463,-8.062500223051757,True,3, ens|al|ada,right,right,known,True,-3.947169780731201,f,True,True,f,True
es,concurrencia,f,concurrence,regular,wiktionary:kaikki@2026-10-03,False,,concurrence,3.53,,,,native,,-5.668020248413086,-6.551824569702148,-5.461017370223999,-0.02351731527596712,,0.9810156123089168,-5.437500054948032,True,3, conc|urrenc|ia,right,right,known,True,-6.109922409057617,f,True,True,f,True
es,cuantía,f,quantity,regular,wiktionary:kaikki@2026-10-03,False,,quantity,3.48,,,,unknown,,-9.180379867553711,-9.488847732543945,-4.360048055648804,-0.04754810035228729,,0.9675807191700283,-4.312499955296516,True,3, cu|ant|ía,right,right,known,True,-9.334613800048828,f,True,True,f,True
es,ponencia,f,report,regular,wiktionary:kaikki@2026-10-03,False,,"report, presentation, address, speech",3.49,,,,unknown,,-4.187682151794434,-2.539804458618164,-5.957481861114502,-0.019981762394309044,,0.9832243346881805,-5.937500098720193,True,2, pon|encia,right,right,known,True,-3.363743305206299,f,True,True,f,True
es,selva,f,jungle,regular,wiktionary:kaikki@2026-10-03,False,,jungle,4.25,,,,native,,-7.068063735961914,-9.28220272064209,-6.82584285736084,-0.013342848978936672,,0.9878502852421229,-6.812500008381903,True,2, sel|va,right,right,known,True,-8.175133228302002,f,True,True,f,True
es,consecuencia,f,consequence,regular,wiktionary:kaikki@2026-10-03,False,,consequence,4.71,,,,unknown,,-2.40592098236084,-5.331385612487793,-5.9008800983428955,-0.025880069471895695,,0.977282219979813,-5.875000028871,True,2, consec|uencia,right,right,known,True,-3.8686532974243164,f,True,True,f,True
es,historiografía,f,historiography,regular,wiktionary:kaikki@2026-10-03,False,,historiography,3.32,,,,unknown,,-7.260377883911133,-2.469144821166992,-5.829735040664673,-0.017235220409929752,,0.9859033141510833,-5.812499820254743,True,3, histor|i|ografía,right,right,known,True,-4.8647613525390625,f,True,True,f,True
es,sonrisa,f,smile,regular,wiktionary:kaikki@2026-10-03,False,,smile,4.5,,,,native,,-5.692965507507324,-7.1292619705200195,-7.702367544174194,-0.014867695048451424,,0.9856950768429644,-7.687499849125743,True,3, son|ris|a,right,right,known,True,-6.411113739013672,f,True,True,f,True
es,economía,f,economy,regular,wiktionary:kaikki@2026-10-03,False,,economy,5.14,,,,loan,,-6.647254943847656,-5.053092002868652,-6.638217926025391,-0.01321802707388997,,0.9881890112366049,-6.624999898951501,True,1, economía,right,right,known,True,-5.850173473358154,f,True,True,f,True
es,trascendencia,f,importance,regular,wiktionary:kaikki@2026-10-03,False,,importance,3.61,,,,unknown,,-8.046978950500488,-8.94796371459961,-5.467428207397461,-0.029928148724138737,,0.9751468355985329,-5.437500058673322,True,4, tr|asc|end|encia,right,right,known,True,-8.497471332550049,f,True,True,f,True
es,metáfora,f,metaphor,regular,wiktionary:kaikki@2026-10-03,False,,metaphor (the use of a word or phrase to refer to something other than its literal meaning),3.71,,,,loan,,-4.708198547363281,-3.455263137817383,-5.707111358642578,-0.019611280877143145,,0.9842281641070325,-5.687500077765435,True,4, met|á|for|a,right,right,known,True,-4.081730842590332,f,True,True,f,True
es,súplica,f,plea,regular,wiktionary:kaikki@2026-10-03,False,,"plea, supplication (appeal, petition, entreaty)",3.0,,,,unknown,,-5.224265098571777,-5.750218391418457,-6.769630193710327,-0.019630099646747112,,0.981794103753578,-6.75000009406358,True,4, s|ú|p|lica,right,right,known,True,-5.487241744995117,f,True,True,f,True
es,osadía,f,boldness,regular,wiktionary:kaikki@2026-10-03,False,,"boldness, nerve, guts",3.21,,,,unknown,,-3.7990236282348633,-5.00160026550293,-3.7455190420150757,-0.058019138872623444,,0.9709942790519452,-3.6874999031424522,True,3, os|ad|ía,right,right,known,True,-4.4003119468688965,f,True,True,f,True
es,delincuencia,f,crime,regular,wiktionary:kaikki@2026-10-03,False,,"crime, delinquency",4.05,,,,loan,,-5.753257751464844,-7.470014572143555,-5.9544641971588135,-0.016964228823781013,,0.9858192472039773,-5.9374999683350325,True,3, del|inc|uencia,right,right,known,True,-6.611636161804199,f,True,True,f,True
es,sugerencia,f,suggestion,regular,wiktionary:kaikki@2026-10-03,False,,suggestion,3.94,,,,unknown,,-5.947903633117676,-6.264932632446289,-3.1862441301345825,-1.186244159936905,,0.6372500941243203,-1.9999999701976776,False,2, suger|encia,right,right,known,True,-6.106418132781982,f,True,True,f,True
es,pasarela,f,catwalk,regular,wiktionary:kaikki@2026-10-03,False,,catwalk,3.43,,,,unknown,,-5.740093231201172,-8.269529342651367,-7.512209892272949,-0.012209943495690823,,0.9884287865037136,-7.499999948777258,True,3, pas|are|la,right,right,known,True,-7.0048112869262695,f,True,True,f,True
es,pulsera,f,bracelet,regular,wiktionary:kaikki@2026-10-03,False,,bracelet,3.49,,,,unknown,,-4.425027847290039,-3.073727607727051,-5.768359899520874,-0.018359853886067867,,0.9851541146096656,-5.750000045634806,True,3, pul|ser|a,right,right,known,True,-3.749377727508545,f,True,True,f,True
es,docencia,f,teaching,regular,wiktionary:kaikki@2026-10-03,False,,teaching,3.72,,,,unknown,,-5.958337783813477,-3.2241592407226562,-6.080904483795166,-0.01840456761419773,,0.984277648909204,-6.062499916180968,True,2, doc|encia,right,right,known,True,-4.591248512268066,f,True,True,f,True
es,glándula,f,gland,regular,wiktionary:kaikki@2026-10-03,False,,gland,3.25,,,,unknown,,-3.3876495361328125,-4.086666107177734,-5.955264568328857,-0.017764557152986526,,0.9849900870323794,-5.937500011175871,True,3, gl|ánd|ula,right,right,known,True,-3.7371578216552734,f,True,True,f,True
es,venta,f,sale,regular,wiktionary:kaikki@2026-10-03,False,,sale,4.91,,,,native,,-5.991484642028809,-5.598358154296875,-4.773186445236206,-0.02318636327981949,,0.9857970322598699,-4.750000081956387,True,1, venta,right,right,known,True,-5.794921398162842,f,True,True,f,True
es,dureza,f,hardness,regular,wiktionary:kaikki@2026-10-03,False,,hardness,3.69,,,,native,,-5.539227485656738,-3.3025646209716797,-5.891045570373535,-0.016045506112277508,,0.9868467243171148,-5.875000064261258,True,3, d|ure|za,right,right,known,True,-4.420896053314209,f,True,True,f,True
es,fábrica,f,factory,regular,wiktionary:kaikki@2026-10-03,False,,factory,4.47,,,,unknown,,-6.038156509399414,-5.804449081420898,-6.134812116622925,-0.009812003001570702,,0.9925560936734574,-6.125000113621354,True,4, f|á|br|ica,right,right,known,True,-5.921302795410156,f,True,True,f,True
es,intendencia,f,management,regular,wiktionary:kaikki@2026-10-03,False,,"management, administration, government",3.65,,,,unknown,,-7.78969669342041,-4.177955627441406,-3.67352831363678,-0.04852824751287699,,0.982996291778279,-3.625000066123903,True,2, intend|encia,right,right,known,True,-5.983826160430908,f,True,True,f,True
es,tarta,f,pie,regular,wiktionary:kaikki@2026-10-03,False,,"pie, tart",3.79,,,,loan,,-4.202127456665039,-8.176342964172363,-7.073346138000488,-0.010846206452697515,,0.9900615120924717,-7.062499931547791,True,2, t|arta,right,right,known,True,-6.189235210418701,f,True,True,f,True
es,desconfianza,f,mistrust,regular,wiktionary:kaikki@2026-10-03,False,,"mistrust, distrust",3.91,,,,unknown,,-6.408121109008789,-5.204538345336914,-5.830530405044556,-0.018030405044555664,,0.9852119443978029,-5.8125,True,4, des|conf|ian|za,right,right,known,True,-5.806329727172852,f,True,True,f,True
es,colmena,f,beehive,regular,wiktionary:kaikki@2026-10-03,False,,beehive,3.26,,,,native,,-6.851558685302734,-6.354707717895508,-6.577649831771851,-0.01514973258599639,,0.9863802793556736,-6.562500099185854,True,3, col|men|a,right,right,known,True,-6.603133201599121,f,True,True,f,True
es,miseria,f,misery,regular,wiktionary:kaikki@2026-10-03,False,,misery,4.23,,,,unknown,,-8.641973495483398,-4.56983757019043,-5.647593021392822,-0.02259314153343439,,0.981297913712954,-5.624999879859388,True,2, mis|eria,right,right,known,True,-6.605905532836914,f,True,True,f,True
es,pascua,f,easter,regular,wiktionary:kaikki@2026-10-03,False,,Easter,3.93,,,,native,,-4.527824401855469,-5.660942077636719,-5.224133014678955,-0.036633036099374294,,0.9727272007900174,-5.187499978579581,True,3, p|asc|ua,right,right,known,True,-5.094383239746094,f,True,True,f,True
es,pretemporada,f,preseason,regular,wiktionary:kaikki@2026-10-03,False,,preseason,3.42,,,,unknown,,-3.3628005981445312,-3.806243896484375,-5.092061519622803,-0.029561497271060944,,0.9776124447182744,-5.062500022351742,True,4, pre|temp|or|ada,right,right,known,True,-3.584522247314453,f,True,True,f,True
es,psicología,f,psychology,regular,wiktionary:kaikki@2026-10-03,False,,psychology,4.25,,,,loan,,-6.233574867248535,-4.519407272338867,-7.452610731124878,-0.015110904350876808,,0.9855838817613272,-7.437499826774001,True,3, ps|ic|ología,right,right,known,True,-5.376491069793701,f,True,True,f,True
es,tena,f,type of pepper,regular,wiktionary:kaikki@2026-10-03,False,,a type of pepper.,3.14,,,,unknown,,-3.096803665161133,-5.155399322509766,-1.6446849703788757,-0.3946850001811981,,0.9261592847201205,-1.2499999701976776,True,2, ten|a,right,right,known,True,-4.126101493835449,f,True,True,f,True
es,parrilla,f,grill,regular,wiktionary:kaikki@2026-10-03,False,,grill,3.78,,,,unknown,,-4.0116119384765625,-2.996297836303711,-5.391933917999268,-0.01693406281992793,,0.9879044576510255,-5.37499985517934,True,3, p|arr|illa,right,right,known,True,-3.5039548873901367,f,True,True,f,True
es,refinería,f,refinery,regular,wiktionary:kaikki@2026-10-03,False,,refinery,3.47,,,,unknown,,-0.3836822509765625,-2.5357894897460938,-6.70045280456543,-0.012952880933880806,,0.9883635040194978,-6.687499923631549,True,3, ref|iner|ía,unsure,right,unsure,False,-1.4597358703613281,f,True,True,f,True
es,taberna,f,pub,regular,wiktionary:kaikki@2026-10-03,False,,"pub, tavern",3.43,,,,loan,,-2.208230972290039,-5.321615219116211,-4.896783351898193,-0.02178351581096649,,0.9868683712269612,-4.874999836087227,True,2, tab|erna,right,right,known,True,-3.764923095703125,f,True,True,f,True
es,desobediencia,f,disobedience,regular,wiktionary:kaikki@2026-10-03,False,,disobedience,3.5,,,,unknown,,-5.97344970703125,-4.998392105102539,-6.144250392913818,-0.01925054471939802,,0.9830964486867113,-6.12499984819442,True,4, des|ob|edi|encia,right,right,known,True,-5.4859209060668945,f,True,True,f,True
es,pastelería,f,pastry shop,regular,wiktionary:kaikki@2026-10-03,False,,"pastry shop, cake shop",3.14,,,,unknown,,-3.0302467346191406,-0.8080806732177734,-5.516830682754517,-0.01683073677122593,,0.98732910333526,-5.499999945983291,True,3, past|eler|ía,right,unsure,unsure,False,-1.919163703918457,f,True,True,f,True
es,carita,f,smiley,regular,wiktionary:kaikki@2026-10-03,False,,"smiley, emoticon, emoji",3.36,,,,unknown,,-1.6364936828613281,-5.42390251159668,-4.962012767791748,-0.024512847885489464,,0.9831266418560243,-4.937499919906259,True,2, car|ita,right,right,known,True,-3.530198097229004,f,True,True,f,True
es,camarilla,f,secret,regular,wiktionary:kaikki@2026-10-03,False,,"a secret, usually sinister, group of conspiring advisors close to the leadership; a cabal",3.12,,,,unknown,,-2.1977710723876953,-2.5703067779541016,-3.559238910675049,-0.059238895773887634,,0.9729060112342724,-3.500000014901161,True,2, camar|illa,right,right,known,True,-2.3840389251708984,f,True,True,f,True
es,manzanilla,f,camomile,regular,wiktionary:kaikki@2026-10-03,False,,camomile,3.2,,,,unknown,,-5.770870208740234,-4.116184234619141,-5.221197128295898,-0.03369711618870497,,0.9727920634899598,-5.1875000121071935,True,3, man|zan|illa,right,right,known,True,-4.9435272216796875,f,True,True,f,True
es,insistencia,f,insistence,regular,wiktionary:kaikki@2026-10-03,False,,insistence,3.61,,,,unknown,,-7.783339500427246,-5.955894470214844,-5.83637261390686,-0.023872608318924904,,0.9793351900469631,-5.8125000055879354,True,2, insist|encia,right,right,known,True,-6.869616985321045,f,True,True,f,True
es,conveniencia,f,convenience,regular,wiktionary:kaikki@2026-10-03,False,,convenience,3.81,,,,unknown,,-5.946110725402832,-4.817775726318359,-5.647578239440918,-0.02257831860333681,,0.9812286802425338,-5.624999920837581,True,3, conven|i|encia,right,right,known,True,-5.381943225860596,f,True,True,f,True
es,esencia,f,essence,regular,wiktionary:kaikki@2026-10-03,False,,essence,4.26,,,,unknown,,-4.368534088134766,-5.689842224121094,-5.398655652999878,-0.023655620403587818,,0.9811799498697256,-5.37500003259629,True,2, es|encia,right,right,known,True,-5.02918815612793,f,True,True,f,True
es,farmacia,f,drugstore,regular,wiktionary:kaikki@2026-10-03,False,,"drugstore, pharmacy",3.98,,,,loan,,-8.27261734008789,-7.18975830078125,-5.266514539718628,-0.016514358576387167,,0.9891482753186441,-5.250000181142241,True,2, farm|acia,right,right,known,True,-7.73118782043457,f,True,True,f,True
es,milla,f,english or american mile,regular,wiktionary:kaikki@2026-10-03,False,,English or American mile (a unit of distance equivalent to about 1.6 km),3.64,,,,loan,,-3.4084653854370117,-3.6083908081054688,-6.338489294052124,-0.02598942071199417,,0.97611819280082,-6.31249987334013,True,2, mill|a,right,right,known,True,-3.5084280967712402,f,True,True,f,True
es,contaduría,f,bookkeeping,regular,wiktionary:kaikki@2026-10-03,False,,bookkeeping,3.09,,,,unknown,,-1.5848026275634766,-1.8980331420898438,-4.586796522140503,-0.024296503514051437,,0.9862014420413392,-4.5625000186264515,True,4, cont|ad|ur|ía,right,right,known,True,-1.7414178848266602,f,True,True,f,True
es,biotecnología,f,biotechnology,regular,wiktionary:kaikki@2026-10-03,False,,biotechnology,3.29,,,,unknown,,-4.12701416015625,-3.0592575073242188,-6.767748832702637,-0.017748930491507053,,0.9835582254298099,-6.74999990221113,True,4, bi|ot|ecn|ología,right,right,known,True,-3.5931358337402344,f,True,True,f,True
es,floresta,f,woodland,regular,wiktionary:kaikki@2026-10-03,False,,"woodland, greenwood, dell, forest (dense collection of trees)",3.08,,,,loan,,-4.63519287109375,-4.643205642700195,-5.472200155258179,-0.03470012731850147,,0.9705293755533286,-5.437500027939677,True,3, flo|rest|a,right,right,known,True,-4.639199256896973,f,True,True,f,True
es,discrepancia,f,discrepancy,regular,wiktionary:kaikki@2026-10-03,False,,discrepancy,3.39,,,,unknown,,-4.86868953704834,-5.538693428039551,-6.394840478897095,-0.01984052173793316,,0.9820382432276592,-6.374999957159162,True,2, discrepan|cia,right,right,known,True,-5.203691482543945,f,True,True,f,True
es,tijera,f,scissors,regular,wiktionary:kaikki@2026-10-03,False,,scissors,3.29,,,,native,,-3.8108177185058594,-4.233743667602539,-4.040903210639954,-0.10340327024459839,,0.9195442196888826,-3.9374999403953552,True,3, t|ij|era,right,right,known,True,-4.022280693054199,f,True,True,f,True
es,pana,f,velour,regular,wiktionary:kaikki@2026-10-03,False,,"velour, corduroy",3.81,,,,loan,,-0.7142581939697266,-1.1273956298828125,-0.9893044233322144,-0.5518044233322144,,0.9517205836953453,-0.4375,True,2, p|ana,unsure,right,unsure,False,-0.9208269119262695,f,True,True,f,True
es,proa,f,bow,regular,wiktionary:kaikki@2026-10-03,False,,"bow, prow (front of a boat or ship)",3.48,,,,native,,-0.48876953125,-2.366130828857422,-5.332837820053101,-0.02033785730600357,,0.9847073105576511,-5.312499962747097,True,2, pro|a,unsure,right,unsure,False,-1.427450180053711,f,True,True,f,True
es,geología,f,geology,regular,wiktionary:kaikki@2026-10-03,False,,geology (the study of earth and land),3.48,,,,unknown,,-7.374603271484375,-5.826255798339844,-7.573209524154663,-0.010709479916840792,,0.9898870417806545,-7.562500044237822,True,2, ge|ología,right,right,known,True,-6.600429534912109,f,True,True,f,True
es,mercadotecnia,f,marketing,regular,wiktionary:kaikki@2026-10-03,False,,"marketing (the promotion, distribution and selling of a product or service)",3.23,,,,unknown,,-3.6848554611206055,-2.7449684143066406,-3.913466453552246,-0.038466427475214005,,0.9822352406757469,-3.875000026077032,True,4, merc|ad|otec|nia,right,right,known,True,-3.214911937713623,f,True,True,f,True
es,librería,f,bookshop,regular,wiktionary:kaikki@2026-10-03,False,,"bookshop, bookstore",3.88,,,,unknown,,-2.3147125244140625,-4.876453399658203,-5.889630556106567,-0.014630516059696674,,0.9885965816509719,-5.875000040046871,True,3, lib|rer|ía,right,right,known,True,-3.595582962036133,f,True,True,f,True
es,pesadilla,f,nightmare,regular,wiktionary:kaikki@2026-10-03,False,,nightmare,3.98,,,,unknown,,-6.545151710510254,-5.040399551391602,-6.892459154129028,-0.01745918532833457,,0.983741479664751,-6.874999968800694,True,3, pes|ad|illa,right,right,known,True,-5.792775630950928,f,True,True,f,True
es,deuda,f,debt,regular,wiktionary:kaikki@2026-10-03,False,,debt (an obligation to perform for another),4.67,,,,native,,-4.423569679260254,-4.109853744506836,-7.887094259262085,-0.012094318401068449,,0.9883570199666384,-7.8749999408610165,True,2, de|uda,right,right,known,True,-4.266711711883545,f,True,True,f,True
es,capilla,f,chapel,regular,wiktionary:kaikki@2026-10-03,False,,chapel,4.1,,,,native,,-7.365339279174805,-8.778736114501953,-5.82660984992981,-0.014109949581325054,,0.9890819512508793,-5.8124999003484845,True,2, cap|illa,right,right,known,True,-8.072037696838379,f,True,True,f,True
es,cosita,f,diminutive of cosa,regular,wiktionary:kaikki@2026-10-03,False,,diminutive of cosa,3.48,,,,unknown,,-3.2912864685058594,-8.242768287658691,-4.685760021209717,-0.06076003052294254,,0.9509884914248067,-4.624999990686774,True,2, cos|ita,right,right,known,True,-5.767027378082275,f,True,True,f,True
es,gentileza,f,kindness,regular,wiktionary:kaikki@2026-10-03,False,,kindness,3.21,,,,unknown,,-7.595268249511719,-2.176485061645508,-4.721790790557861,-0.03429076448082924,,0.9753453820159053,-4.687500026077032,True,3, gent|ile|za,right,right,known,True,-4.885876655578613,f,True,True,f,True
es,sigla,f,initial,regular,wiktionary:kaikki@2026-10-03,False,,initial,3.22,,,,loan,,-4.114902496337891,-5.333410263061523,-4.66120982170105,-0.0362098915502429,,0.97419334229814,-4.624999930150807,True,2, sig|la,right,right,known,True,-4.724156379699707,f,True,True,f,True
es,etapa,f,stage,regular,wiktionary:kaikki@2026-10-03,False,,"stage, phase",4.69,,,,loan,,-6.230701446533203,-5.837401390075684,-5.147973537445068,-0.02297348529100418,,0.983839291297568,-5.125000052154064,True,2, et|apa,right,right,known,True,-6.034051418304443,f,True,True,f,True
es,rada,f,bay,regular,wiktionary:kaikki@2026-10-03,False,,"bay, creek, cove",3.28,,,,loan,,-2.2999353408813477,-1.8043861389160156,-2.1790136098861694,-0.17901362478733063,,0.9492489784443789,-1.9999999850988388,True,2, r|ada,right,right,known,True,-2.0521607398986816,f,True,True,f,True
es,manija,f,handle,regular,wiktionary:kaikki@2026-10-03,False,,handle (part of an object that is held),3.39,,,,native,,-3.8597545623779297,-3.1521549224853516,-5.4529407024383545,-0.015440673567354679,,0.9889699497678986,-5.437500028871,True,2, man|ija,right,right,known,True,-3.5059547424316406,f,True,True,f,True
es,euforia,f,euphoria,regular,wiktionary:kaikki@2026-10-03,False,,euphoria,3.4,,,,loan,,-3.862539291381836,-3.320964813232422,-5.519242763519287,-0.019242568872869015,,0.9849815020888539,-5.500000194646418,True,2, e|uforia,right,right,known,True,-3.591752052307129,f,True,True,f,True
es,secuela,f,consequence,regular,wiktionary:kaikki@2026-10-03,False,,"consequence, result",3.53,,,,unknown,,-5.9462785720825195,-4.506401062011719,-4.111255407333374,-0.04875539615750313,,0.9696196566548837,-4.062500011175871,True,2, sec|uela,right,right,known,True,-5.226339817047119,f,True,True,f,True
es,pradera,f,pasture,regular,wiktionary:kaikki@2026-10-03,False,,pasture,3.35,,,,native,,-4.662576675415039,-4.292055130004883,-7.635400295257568,-0.010400254745036364,,0.9901518830434975,-7.625000040512532,True,2, pr|adera,right,right,known,True,-4.477315902709961,f,True,True,f,True
es,pornografía,f,pornography,regular,wiktionary:kaikki@2026-10-03,False,,pornography,3.72,,,,unknown,,-7.420928955078125,-4.6728973388671875,-4.42619252204895,-0.05119246803224087,,0.9629147175005942,-4.375000054016709,True,2, porn|ografía,right,right,known,True,-6.046913146972656,f,True,True,f,True
es,bandeja,f,tray,regular,wiktionary:kaikki@2026-10-03,False,,"tray, platter (small, typically rectangular or round, flat, and rigid object upon which things are carried)",3.74,,,,loan,,-2.5347232818603516,-4.646093368530273,-5.391577482223511,-0.016577516682446003,,0.9884370912233056,-5.374999965541065,True,2, bande|ja,right,right,known,True,-3.5904083251953125,f,True,True,f,True
es,joyería,f,jewelry shop / store,regular,wiktionary:kaikki@2026-10-03,False,,jewelry shop / store,3.43,,,,unknown,,-4.46555233001709,-1.1029415130615234,-5.145911693572998,-0.02091171033680439,,0.985129027941422,-5.124999983236194,True,2, joy|ería,right,right,known,True,-2.7842469215393066,f,True,True,f,True
es,injerencia,f,interference,regular,wiktionary:kaikki@2026-10-03,False,,"interference, meddling",3.42,,,,unknown,,-4.913152694702148,-5.979682922363281,-4.616162300109863,-0.053662121295928955,,0.9588933861109066,-4.562500178813934,True,3, inj|er|encia,right,right,known,True,-5.446417808532715,f,True,True,f,True
es,misoginia,f,misogyny,regular,wiktionary:kaikki@2026-10-03,False,,misogyny,3.08,,,,unknown,,-4.895398139953613,-4.031951904296875,-6.086357593536377,-0.02385761495679617,,0.9787437091201132,-6.062499978579581,True,2, misog|inia,right,right,known,True,-4.463675022125244,f,True,True,f,True
es,banqueta,f,footstool,regular,wiktionary:kaikki@2026-10-03,False,,footstool,3.0,,,,native,,-2.5884170532226562,-3.1690673828125,-4.64847207069397,-0.02347194217145443,,0.9863776171484288,-4.625000128522515,True,3, ban|qu|eta,right,right,known,True,-2.878742218017578,f,True,True,f,True
es,valija,f,valise,regular,wiktionary:kaikki@2026-10-03,False,,valise,3.18,,,,loan,,-4.810728073120117,-3.1326236724853516,-6.138362169265747,-0.013362199999392033,,0.9890383511653598,-6.124999969266355,True,2, val|ija,right,right,known,True,-3.9716758728027344,f,True,True,f,True
es,sacristía,f,sacristy,regular,wiktionary:kaikki@2026-10-03,False,,sacristy (room in a church),3.06,,,,native,,-7.3414459228515625,-4.605098724365234,-5.828500986099243,-0.016000995878130198,,0.9871206659971524,-5.812499990221113,True,3, sac|rist|ía,right,right,known,True,-5.973272323608398,f,True,True,f,True
es,prevalencia,f,prevalence,regular,wiktionary:kaikki@2026-10-03,False,,prevalence,3.37,,,,unknown,,-5.190574645996094,-5.5869293212890625,-4.12130880355835,-0.058808859437704086,,0.9630236133322682,-4.0624999441206455,True,2, preval|encia,right,right,known,True,-5.388751983642578,f,True,True,f,True
es,resiliencia,f,resilience,regular,wiktionary:kaikki@2026-10-03,False,,resilience,3.1,,,,unknown,,-5.317174911499023,-4.097105026245117,-5.087446689605713,-0.02494671568274498,,0.9818390671599699,-5.062499973922968,True,3, res|ili|encia,right,right,known,True,-4.70713996887207,f,True,True,f,True
es,quilla,f,keel,regular,wiktionary:kaikki@2026-10-03,False,,keel,3.04,,,,unknown,,-2.744060516357422,-5.570686340332031,-3.1994000673294067,-0.07440009340643883,,0.9703135296875581,-3.124999973922968,True,2, qu|illa,right,right,known,True,-4.157373428344727,f,True,True,f,True
es,pulpa,f,soft part of an animal's body,regular,wiktionary:kaikki@2026-10-03,False,,the soft part of an animal's body; flesh,3.35,,,,native,,-3.353898048400879,-1.7807846069335938,-3.9230164289474487,-0.04801644291728735,,0.9807738713228691,-3.8749999860301614,True,2, pul|pa,right,right,known,True,-2.5673413276672363,f,True,True,f,True
es,psicoterapia,f,psychotherapy,regular,wiktionary:kaikki@2026-10-03,False,,psychotherapy,3.05,,,,unknown,,-3.1094179153442383,-4.899433135986328,-6.580292701721191,-0.017792509403079748,,0.9837794463797646,-6.562500192318112,True,4, ps|ic|oter|apia,right,right,known,True,-4.004425525665283,f,True,True,f,True
es,pertenencia,f,belonging,regular,wiktionary:kaikki@2026-10-03,False,,belonging,3.74,,,,loan,,-6.693319320678711,-5.07084846496582,-3.865536093711853,-0.053036000579595566,,0.9703092983880185,-3.8125000931322575,True,3, pert|en|encia,right,right,known,True,-5.882083892822266,f,True,True,f,True
es,lavadora,f,washing machine,regular,wiktionary:kaikki@2026-10-03,False,,"washing machine, washer, wash",3.36,,,,unknown,,-8.788387298583984,-6.548467636108398,-6.641195774078369,-0.016195856034755707,,0.9852403063078843,-6.624999918043613,True,2, lav|adora,right,right,known,True,-7.668427467346191,f,True,True,f,True
es,cama,f,bed,regular,wiktionary:kaikki@2026-10-03,False,,bed,4.89,,,,unknown,,-5.819639205932617,-4.3187971115112305,-6.82303786277771,-0.010537695605307817,,0.9906596473942679,-6.812500167172402,True,2, c|ama,right,right,known,True,-5.069218158721924,f,True,True,f,True
es,correa,f,belt,regular,wiktionary:kaikki@2026-10-03,False,,"belt, band",4.26,,,,native,,-2.501007080078125,-8.096199035644531,-4.338395595550537,-0.025895641185343266,,0.9875198336522143,-4.312499954365194,True,2, cor|rea,right,right,known,True,-5.298603057861328,f,True,True,f,True
es,ineficacia,f,ineffectiveness,regular,wiktionary:kaikki@2026-10-03,False,,ineffectiveness,3.12,,,,unknown,,-10.339078903198242,-9.073129653930664,-5.900657653808594,-0.025657503865659237,,0.9774278973166461,-5.8750001499429345,True,4, in|ef|ic|acia,right,right,known,True,-9.706104278564453,f,True,True,f,True
es,herejía,f,heresy,regular,wiktionary:kaikki@2026-10-03,False,,heresy,3.23,,,,loan,,-2.0619335174560547,-0.22290420532226562,-6.024298667907715,-0.024298799224197865,,0.9785921410007772,-5.999999868683517,True,3, here|j|ía,right,unsure,unsure,False,-1.1424188613891602,f,True,True,f,True
es,lotería,f,lottery,regular,wiktionary:kaikki@2026-10-03,False,,lottery,3.83,,,,loan,,-6.403220176696777,-5.025494575500488,-5.1447577476501465,-0.019757721573114395,,0.986266076533896,-5.125000026077032,True,2, lot|ería,right,right,known,True,-5.714357376098633,f,True,True,f,True
es,pulgada,f,english or american inch,regular,wiktionary:kaikki@2026-10-03,False,,English or American inch (a unit of length equal to 2.54 cm),3.24,,,,native,,-2.529644012451172,-2.1339645385742188,-6.022883892059326,-0.022883757948875427,,0.9798209299523082,-6.000000134110451,True,3, pul|g|ada,right,right,known,True,-2.3318042755126953,f,True,True,f,True
es,etnia,f,ethnic group,regular,wiktionary:kaikki@2026-10-03,False,,"ethnic group, ethnicity",3.67,,,,loan,,-4.226945877075195,-3.2349891662597656,-6.516369581222534,-0.01636955002322793,,0.9853490054712166,-6.500000031199306,True,2, et|nia,right,right,known,True,-3.7309675216674805,f,True,True,f,True
es,tecnología,f,technology,regular,wiktionary:kaikki@2026-10-03,False,,technology,4.94,,,,unknown,,-7.723663330078125,-5.528692245483398,-5.392897129058838,-0.017897160723805428,,0.9868462984125013,-5.3749999683350325,True,1, tecnología,right,right,known,True,-6.626177787780762,f,True,True,f,True
es,epidemia,f,epidemic,regular,wiktionary:kaikki@2026-10-03,False,,an epidemic,3.82,,,,loan,,-5.028275489807129,-3.9764223098754883,-7.014005184173584,-0.014005381613969803,,0.9869990099730315,-6.999999802559614,True,2, epid|emia,right,right,known,True,-4.502348899841309,f,True,True,f,True
es,lengua,f,tongue,regular,wiktionary:kaikki@2026-10-03,False,,tongue (organ),4.92,,,,unknown,,-5.584617614746094,-4.196568489074707,-3.0645694732666016,-0.06456949934363365,,0.984493039205362,-2.999999973922968,True,2, leng|ua,right,right,known,True,-4.8905930519104,f,True,True,f,True
es,mueca,f,exaggerated facial expression,regular,wiktionary:kaikki@2026-10-03,False,,an exaggerated facial expression,3.12,,,,native,,-4.997828483581543,-5.681827545166016,-4.355908751487732,-0.043408673256635666,,0.9715829794963919,-4.312500078231096,True,2, mue|ca,right,right,known,True,-5.339828014373779,f,True,True,f,True
es,decencia,f,decency,regular,wiktionary:kaikki@2026-10-03,False,,decency,3.61,,,,native,,-9.287935256958008,-1.9028892517089844,-5.954111099243164,-0.01661103405058384,,0.986167237311228,-5.93750006519258,True,2, dec|encia,right,right,known,True,-5.595412254333496,f,True,True,f,True
es,reliquia,f,relic,regular,wiktionary:kaikki@2026-10-03,False,,"relic, heirloom",3.35,,,,native,,-6.53853702545166,-4.5039520263671875,-4.963931083679199,-0.026431077159941196,,0.9815751065164209,-4.937500006519258,True,2, reli|quia,right,right,known,True,-5.521244525909424,f,True,True,f,True
es,santamaría,f,roller shutter,regular,wiktionary:kaikki@2026-10-03,False,,roller shutter (to protect shops),3.3,,,,unknown,,-1.1527824401855469,0.2920570373535156,-4.136478543281555,-0.26147861778736115,,0.7866636666342721,-3.874999925494194,True,3, sant|amar|ía,right,unsure,unsure,False,-0.4303627014160156,f,True,False,f,True
es,maleza,f,underbrush,regular,wiktionary:kaikki@2026-10-03,False,,underbrush,3.12,,,,unknown,,-4.2117919921875,-2.9439754486083984,-5.14862847328186,-0.023628546856343746,,0.9826372808895142,-5.124999926425517,True,2, male|za,right,right,known,True,-3.577883720397949,f,True,True,f,True
es,coraza,f,cuirass,regular,wiktionary:kaikki@2026-10-03,False,,cuirass,3.02,,,,loan,,-1.351156234741211,-7.188312530517578,-5.764670372009277,-0.014670323580503464,,0.9885977031627275,-5.750000048428774,True,2, cor|aza,right,right,known,True,-4.2697343826293945,f,True,True,f,True
es,sociología,f,sociology,regular,wiktionary:kaikki@2026-10-03,False,,sociology,3.87,,,,unknown,,-6.060100555419922,-5.786027908325195,-7.325803756713867,-0.013303666841238737,,0.987444448749746,-7.3125000898726285,True,2, soci|ología,right,right,known,True,-5.923064231872559,f,True,True,f,True
es,pedagogía,f,pedagogy,regular,wiktionary:kaikki@2026-10-03,False,,pedagogy,3.74,,,,unknown,,-6.722579002380371,-6.433107376098633,-6.700427770614624,-0.012927826028317213,,0.9884074441898977,-6.687499944586307,True,3, ped|agog|ía,right,right,known,True,-6.577843189239502,f,True,True,f,True
es,bombilla,f,light bulb,regular,wiktionary:kaikki@2026-10-03,False,,light bulb,3.32,,,,unknown,,-8.477842330932617,-6.187173843383789,-5.519287824630737,-0.01928775943815708,,0.9850311722376895,-5.50000006519258,True,2, bomb|illa,right,right,known,True,-7.332508087158203,f,True,True,f,True
es,gaceta,f,gazette,regular,wiktionary:kaikki@2026-10-03,False,,gazette; newspaper,3.6,,,,unknown,,-2.391345977783203,-3.607860565185547,-3.3103301525115967,-0.0603301115334034,,0.9850222879151489,-3.2500000409781933,True,3, g|ac|eta,right,right,known,True,-2.999603271484375,f,True,True,f,True
es,patología,f,pathology,regular,wiktionary:kaikki@2026-10-03,False,,pathology,3.57,,,,unknown,,-5.113092422485352,-6.205982208251953,-5.9557271003723145,-0.018227090127766132,,0.9845342613834263,-5.937500010244548,True,2, pat|ología,right,right,known,True,-5.659537315368652,f,True,True,f,True
es,soja,f,soya,regular,wiktionary:kaikki@2026-10-03,False,,"soya, soybean",3.76,,,,loan,,-3.5174150466918945,-6.097677230834961,-3.5096715688705444,-0.07217157445847988,,0.9703322684373725,-3.4374999944120646,True,2, so|ja,right,right,known,True,-4.807546138763428,f,True,True,f,True
es,demagogia,f,demagogy,regular,wiktionary:kaikki@2026-10-03,False,,demagogy,3.28,,,,loan,,-5.835559844970703,-3.8184547424316406,-5.396198987960815,-0.021199112758040428,,0.984135481459721,-5.374999875202775,True,3, dem|agog|ia,right,right,known,True,-4.827007293701172,f,True,True,f,True
es,ofensa,f,offense,regular,wiktionary:kaikki@2026-10-03,False,,offense,3.65,,,,native,,-7.111881256103516,-5.9531660079956055,-5.337719678878784,-0.02521977387368679,,0.9799868212811891,-5.312499905005097,True,2, of|ensa,right,right,known,True,-6.5325236320495605,f,True,True,f,True
es,ermita,f,hermitage,regular,wiktionary:kaikki@2026-10-03,False,,hermitage,3.52,,,,loan,,-3.9725265502929688,-5.774221420288086,-6.017195224761963,-0.017195193096995354,,0.985407375100958,-6.0000000316649675,True,3, er|mit|a,right,right,known,True,-4.873373985290527,f,True,True,f,True
es,fábula,f,fable,regular,wiktionary:kaikki@2026-10-03,False,,"fable, myth, tale",3.26,,,,loan,,-3.424915313720703,-5.778794288635254,-6.327550888061523,-0.015050770249217749,,0.9868527227774555,-6.312500117812306,True,3, f|áb|ula,right,right,known,True,-4.6018548011779785,f,True,True,f,True
es,creta,f,chalk,regular,wiktionary:kaikki@2026-10-03,False,,chalk (rock),3.07,,,,unknown,,-6.382139205932617,-3.8775405883789062,-4.774790525436401,-0.024790537543594837,,0.9845503067646104,-4.7499999878928065,True,2, cre|ta,right,right,known,True,-5.129839897155762,f,True,True,f,True
es,borrachera,f,drunkenness,regular,wiktionary:kaikki@2026-10-03,False,,drunkenness,3.21,,,,unknown,,-6.366070747375488,-11.360572814941406,-4.11966598033905,-0.057165905833244324,,0.9622592791698504,-4.062500074505806,True,3, borr|ach|era,right,right,known,True,-8.863321781158447,f,True,True,f,True
es,poza,f,puddle,regular,wiktionary:kaikki@2026-10-03,False,,"puddle, pool",3.08,,,,native,,-2.7828845977783203,-1.7910175323486328,-5.4619951248168945,-0.024495244026184082,,0.9826673453834698,-5.4374998807907104,True,2, po|za,right,right,known,True,-2.2869510650634766,f,True,True,f,True
es,estancia,f,stay,regular,wiktionary:kaikki@2026-10-03,False,,"stay, residence, sojourn",4.2,,,,unknown,,-2.928762435913086,-4.295146942138672,-3.6669446229934692,-0.0419445876032114,,0.9862472562869438,-3.625000035390258,True,2, est|ancia,right,right,known,True,-3.611954689025879,f,True,True,f,True
es,tubería,f,tubing,regular,wiktionary:kaikki@2026-10-03,False,,"tubing, piping",3.52,,,,unknown,,-4.733356475830078,-5.669821739196777,-4.895366430282593,-0.020366543903946877,,0.9873787986628499,-4.874999886378646,True,2, tub|ería,right,right,known,True,-5.201589107513428,f,True,True,f,True
es,cordura,f,sanity,regular,wiktionary:kaikki@2026-10-03,False,,sanity,3.52,,,,native,,-6.634594917297363,-3.930208206176758,-4.779371500015259,-0.0293713565915823,,0.980519563793766,-4.7500001434236765,True,2, cord|ura,right,right,known,True,-5.2824015617370605,f,True,True,f,True
es,pestaña,f,eyelash,regular,wiktionary:kaikki@2026-10-03,False,,eyelash,3.25,,,,native,,-3.5731544494628906,-3.245563507080078,-5.090131521224976,-0.027631514705717564,,0.9790124783680986,-5.062500006519258,True,3, p|esta|ña,right,right,known,True,-3.4093589782714844,f,True,True,f,True
es,infraestructura,f,infrastructure,regular,wiktionary:kaikki@2026-10-03,False,,infrastructure,4.49,,,,unknown,,-6.012767791748047,-5.613166809082031,-5.211121320724487,-0.023621409200131893,,0.9822071287340499,-5.187499911524355,True,3, infra|estruct|ura,right,right,known,True,-5.812967300415039,f,True,True,f,True
es,toalla,f,towel,regular,wiktionary:kaikki@2026-10-03,False,,towel,3.83,,,,loan,,-4.194244384765625,-7.362545013427734,-5.825891494750977,-0.01339139835909009,,0.9896538834250921,-5.8125000963918865,True,2, to|alla,right,right,known,True,-5.77839469909668,f,True,True,f,True
es,ortografía,f,orthography,regular,wiktionary:kaikki@2026-10-03,False,,orthography,3.88,,,,native,,-6.535780906677246,-6.892877578735352,-6.017252683639526,-0.01725271064788103,,0.9853515267246813,-5.999999972991645,True,2, ort|ografía,right,right,known,True,-6.714329242706299,f,True,True,f,True
es,cortina,f,curtain,regular,wiktionary:kaikki@2026-10-03,False,,curtain,3.84,,,,native,,-7.156246185302734,-8.725968360900879,-6.69978141784668,-0.01228132052347064,,0.9890467164269896,-6.687500097323209,True,2, cort|ina,right,right,known,True,-7.941107273101807,f,True,True,f,True
es,bombonera,f,sweet jar,regular,wiktionary:kaikki@2026-10-03,False,,sweet jar,3.1,,,,unknown,,-6.921138763427734,-2.795940399169922,-6.5156474113464355,-0.015647507272660732,,0.9859666128617091,-6.499999904073775,True,3, bomb|on|era,right,right,known,True,-4.858539581298828,f,True,True,f,True
es,puñalada,f,stab,regular,wiktionary:kaikki@2026-10-03,False,,stab (act of stabbing),3.22,,,,unknown,,-3.2442245483398438,-10.711541175842285,-4.901481866836548,-0.02648198325186968,,0.981827963440427,-4.874999883584678,True,4, pu|ñ|al|ada,right,right,known,True,-6.9778828620910645,f,True,True,f,True
es,consistencia,f,consistency,regular,wiktionary:kaikki@2026-10-03,False,,consistency,3.63,,,,unknown,,-6.150419235229492,-4.822975158691406,-5.199486970901489,-0.043236974626779556,,0.9638214573543185,-5.15624999627471,True,2, consist|encia,right,right,known,True,-5.486697196960449,f,True,True,f,True
es,cuaresma,f,lent,regular,wiktionary:kaikki@2026-10-03,False,,Lent,3.44,,,,unknown,,-5.524574279785156,-5.199239730834961,-5.894957065582275,-0.019957047887146473,,0.9830157683143077,-5.875000017695129,True,4, c|ua|res|ma,right,right,known,True,-5.361907005310059,f,True,True,f,True
es,cucharada,f,spoonful,regular,wiktionary:kaikki@2026-10-03,False,,"a spoonful, tablespoon: the quantity held in a tablespoon",3.28,,,,unknown,,-8.198806762695312,-6.906089782714844,-6.671147346496582,-0.04614737257361412,,0.956215780053514,-6.624999973922968,True,3, c|uchar|ada,right,right,known,True,-7.552448272705078,f,True,True,f,True
es,papelería,f,stationery shop / store,regular,wiktionary:kaikki@2026-10-03,False,,"stationery shop / store, stationer's",3.03,,,,unknown,,-3.893251419067383,-1.0386466979980469,-4.710761785507202,-0.023261813446879387,,0.9861617538894882,-4.687499972060323,True,3, pap|eler|ía,right,right,known,True,-2.465949058532715,f,True,True,f,True
es,comparecencia,f,appearance,regular,wiktionary:kaikki@2026-10-03,False,,appearance (in court),3.24,,,,unknown,,-4.017244338989258,-6.663999557495117,-5.523556232452393,-0.02355616819113493,,0.9812219361580089,-5.500000064261258,True,3, compare|c|encia,right,right,known,True,-5.3406219482421875,f,True,True,f,True
es,tierra,f,earth,regular,wiktionary:kaikki@2026-10-03,False,,Earth (planet of the Solar System in which all of humanity resides),5.36,,,,native,,-5.726860046386719,-3.6200246810913086,-6.5102715492248535,-0.010271572042256594,,0.9913157509298793,-6.499999977182597,True,2, ti|erra,right,right,known,True,-4.673442363739014,f,True,True,f,True
es,prosa,f,prose,regular,wiktionary:kaikki@2026-10-03,False,,prose,3.71,,,,native,,-4.6940155029296875,-1.8327512741088867,-5.396615028381348,-0.02161499485373497,,0.9831850579932455,-5.375000033527613,True,2, pros|a,right,right,known,True,-3.263383388519287,f,True,True,f,True
es,cabellera,f,hair,regular,wiktionary:kaikki@2026-10-03,False,,"hair, head of hair",3.19,,,,unknown,,-4.482636451721191,-3.084136962890625,-3.8624284267425537,-0.049928417429327965,,0.9756513438225319,-3.8125000093132257,True,3, cab|ell|era,right,right,known,True,-3.783386707305908,f,True,True,f,True
es,solana,f,strong sunshine,regular,wiktionary:kaikki@2026-10-03,False,,strong sunshine,3.27,,,,unknown,,-4.724037170410156,-8.200668334960938,-2.7922675609588623,-0.10476760566234589,,0.9619283197980562,-2.6874999552965164,True,2, sol|ana,right,right,known,True,-6.462352752685547,f,True,True,f,True
es,crianza,f,upbringing,regular,wiktionary:kaikki@2026-10-03,False,,upbringing,3.7,,,,native,,-5.866059303283691,-2.824625015258789,-5.88819432258606,-0.013194110710173845,,0.9898615461892275,-5.875000211875886,True,2, crian|za,right,right,known,True,-4.34534215927124,f,True,True,f,True
es,semilla,f,seed,regular,wiktionary:kaikki@2026-10-03,False,,seed (of a plant),3.9,,,,native,,-7.358835220336914,-7.544486999511719,-6.390929937362671,-0.01592991128563881,,0.9860890753350647,-6.375000026077032,True,2, sem|illa,right,right,known,True,-7.451661109924316,f,True,True,f,True
es,moraleja,f,moral,regular,wiktionary:kaikki@2026-10-03,False,,moral,3.31,,,,unknown,,-7.058034896850586,-5.666481018066406,-5.907186508178711,-0.03218654543161392,,0.9712391910173594,-5.874999962747097,True,2, morale|ja,right,right,known,True,-6.362257957458496,f,True,True,f,True
es,cornisa,f,cornice,regular,wiktionary:kaikki@2026-10-03,False,,cornice,3.12,,,,loan,,-5.729007720947266,-5.30291748046875,-6.20198917388916,-0.014489168766885996,,0.9878375361638996,-6.187500005122274,True,2, corn|isa,right,right,known,True,-5.515962600708008,f,True,True,f,True
es,terminología,f,terminology,regular,wiktionary:kaikki@2026-10-03,False,,terminology,3.58,,,,unknown,,-10.956110954284668,-7.621515274047852,-4.172208905220032,-0.04720896854996681,,0.9712429976388711,-4.124999936670065,True,2, termin|ología,right,right,known,True,-9.28881311416626,f,True,True,f,True
es,batista,f,batiste,regular,wiktionary:kaikki@2026-10-03,False,,batiste,3.43,,,,unknown,,-1.0663795471191406,0.7001247406005859,-2.47978675365448,-0.16728676669299603,,0.9757987416581801,-2.312499986961484,True,2, bat|ista,right,unsure,unsure,False,-0.18312740325927734,f,True,False,f,True
es,vaina,f,scabbard,regular,wiktionary:kaikki@2026-10-03,False,,"scabbard, sheath",3.88,,,,native,,-4.324835777282715,-6.063850402832031,-4.163172364234924,-0.038172424770891666,,0.980058093300687,-4.124999939464033,True,2, vain|a,right,right,known,True,-5.194343090057373,f,True,True,f,True
es,incompetencia,f,incompetence,regular,wiktionary:kaikki@2026-10-03,False,,incompetence,3.56,,,,unknown,,-6.477526664733887,-5.177757263183594,-5.831994295120239,-0.019494252279400826,,0.9836324810195397,-5.812500042840838,True,2, incompet|encia,right,right,known,True,-5.82764196395874,f,True,True,f,True
es,hoguera,f,campfire,regular,wiktionary:kaikki@2026-10-03,False,,"campfire, bonfire",3.56,,,,unknown,,-4.058037757873535,-4.270753860473633,-6.079479455947876,-0.01697941031306982,,0.9854938036613785,-6.062500045634806,True,3, hog|u|era,right,right,known,True,-4.164395809173584,f,True,True,f,True
es,flujo,m,flow,regular,wiktionary:kaikki@2026-10-03,False,,flow,4.33,,,,loan,,8.035335540771484,6.013266563415527,-0.0298425555229187,-4.6548426151275635,,0.9804170159645977,4.625000059604645,True,2, flu|jo,right,right,known,True,7.024301052093506,m,True,True,m,True
es,establecimiento,m,establishment,regular,wiktionary:kaikki@2026-10-03,False,,establishment,4.37,,,,unknown,,4.590057373046875,4.5246734619140625,-0.02375843282788992,-4.773758411407471,,0.9850357167901858,4.749999978579581,True,2, estable|cimiento,right,right,known,True,4.557365417480469,m,True,True,m,True
es,siglo,m,century,regular,wiktionary:kaikki@2026-10-03,False,,century,5.15,,,,native,,5.176037788391113,4.373111724853516,-0.012278825975954533,-7.38727879524231,,0.988420294931982,7.374999969266355,True,2, sig|lo,right,right,known,True,4.7745747566223145,m,True,True,m,True
es,palito,m,stick,regular,wiktionary:kaikki@2026-10-03,False,,"stick (of a lollipop, ice pop, popsicle)",3.24,,,,unknown,,3.692901611328125,4.168407440185547,-0.02939970511943102,-4.841899633407593,,0.9801965869031413,4.812499928288162,True,2, pal|ito,right,right,known,True,3.930654525756836,m,True,True,m,True
es,periodismo,m,journalism,regular,wiktionary:kaikki@2026-10-03,False,,journalism,4.42,,,,unknown,,6.73964786529541,6.321413040161133,-0.011791625060141087,-6.636791467666626,,0.9896838437791334,6.624999842606485,True,2, period|ismo,right,right,known,True,6.5305304527282715,m,True,True,m,True
es,aislamiento,m,isolation,regular,wiktionary:kaikki@2026-10-03,False,,isolation,4.06,,,,unknown,,7.277734756469727,3.4511260986328125,-0.02107082586735487,-5.396070957183838,,0.9838261562808567,5.375000131316483,True,3, a|isl|amiento,right,right,known,True,5.3644304275512695,m,True,True,m,True
es,hato,m,bundle of things,regular,wiktionary:kaikki@2026-10-03,False,,"bundle of things, especially one containing clothes",3.08,,,,native,,5.687868118286133,4.68879508972168,-0.13326042145490646,-2.4457603693008423,,0.9632911121781594,2.312499947845936,True,2, h|ato,right,right,known,True,5.188331604003906,m,True,True,m,True
es,aguacero,m,downpour,regular,wiktionary:kaikki@2026-10-03,False,,downpour,3.01,,,,native,,3.675701141357422,2.9735107421875,-0.027007664553821087,-4.714507579803467,,0.9831814688600018,4.687499915249646,True,4, ag|u|ac|ero,right,right,known,True,3.324605941772461,m,True,True,m,True
es,podio,m,podium,regular,wiktionary:kaikki@2026-10-03,False,,podium,3.62,,,,loan,,5.893673896789551,4.783566474914551,-0.027610373683273792,-4.2151103019714355,,0.9889534918862386,4.187499928288162,True,2, pod|io,right,right,known,True,5.338620185852051,m,True,True,m,True
es,género,m,kind,regular,wiktionary:kaikki@2026-10-03,False,,kind,4.93,,,,loan,,5.275053024291992,7.23600959777832,-0.03880436532199383,-4.663804531097412,,0.9714438585811607,4.625000165775418,True,1, género,right,right,known,True,6.255531311035156,m,True,True,m,True
es,naranjo,m,orange tree,regular,wiktionary:kaikki@2026-10-03,False,,orange tree,3.44,,,,unknown,,3.7039318084716797,4.568124771118164,-0.030907287262380123,-4.155907154083252,,0.9863365733013946,4.124999866820872,True,3, n|aran|jo,right,right,known,True,4.136028289794922,m,True,True,m,True
es,protagonismo,m,importance,regular,wiktionary:kaikki@2026-10-03,False,,"importance, prominence",3.77,,,,unknown,,4.635381698608398,1.461465835571289,-0.03535322658717632,-4.285353183746338,,0.9791394614174456,4.249999957159162,True,2, protagon|ismo,right,right,known,True,3.0484237670898438,m,True,True,m,True
es,epílogo,m,epilogue,regular,wiktionary:kaikki@2026-10-03,False,,epilogue,3.17,,,,loan,,5.151447296142578,6.153112411499023,-0.01974078081548214,-5.707240581512451,,0.9839381236201097,5.687499800696969,True,3, ep|í|logo,right,right,known,True,5.652279853820801,m,True,True,m,True
es,descrédito,m,discredit,regular,wiktionary:kaikki@2026-10-03,False,,discredit (a degree of dishonour or disesteem),3.03,,,,unknown,,6.047001838684082,8.604803085327148,-0.05957711674273014,-3.5595771074295044,,0.9714846283182088,3.4999999906867743,True,3, descr|éd|ito,right,right,known,True,7.325902462005615,m,True,True,m,True
es,antídoto,m,antidote,regular,wiktionary:kaikki@2026-10-03,False,,antidote,3.21,,,,unknown,,3.4450502395629883,7.857935905456543,-0.02172879409044981,-5.209228754043579,,0.9840673272739879,5.187499959953129,True,3, ant|íd|oto,right,right,known,True,5.651493072509766,m,True,True,m,True
es,encubrimiento,m,cover-up,regular,wiktionary:kaikki@2026-10-03,False,,"cover-up, concealment, whitewash",3.3,,,,unknown,,5.3534088134765625,3.5079803466796875,-0.06820125505328178,-3.3807013034820557,,0.968165270124338,3.312500048428774,True,4, enc|ub|rim|iento,right,right,known,True,4.430694580078125,m,True,True,m,True
es,delito,m,crime,regular,wiktionary:kaikki@2026-10-03,False,,crime; offense,4.69,,,,loan,,4.659012794494629,6.933803558349609,-0.01403966499492526,-6.264039754867554,,0.9879785404479557,6.2500000898726285,True,2, del|ito,right,right,known,True,5.796408176422119,m,True,True,m,True
es,arbusto,m,bush,regular,wiktionary:kaikki@2026-10-03,False,,"bush, shrub",3.31,,,,unknown,,6.9293975830078125,7.18879508972168,-0.025354601442813873,-4.712854623794556,,0.9853877856346576,4.687500022351742,True,2, arb|usto,right,right,known,True,7.059096336364746,m,True,True,m,True
es,nervio,m,nerve,regular,wiktionary:kaikki@2026-10-03,False,,nerve,3.59,,,,native,,5.744919776916504,6.157649993896484,-0.019958294928073883,-5.519958257675171,,0.9842768444590109,5.499999962747097,True,2, nerv|io,right,right,known,True,5.951284885406494,m,True,True,m,True
es,labio,m,lip,regular,wiktionary:kaikki@2026-10-03,False,,lip (fleshy protrusion around the opening of the mouth),3.68,,,,loan,,6.547375679016113,4.956394195556641,-0.05311576463282108,-4.303115725517273,,0.9644840705911562,4.249999960884452,True,2, lab|io,right,right,known,True,5.751884937286377,m,True,True,m,True
es,eufemismo,m,euphemism,regular,wiktionary:kaikki@2026-10-03,False,,euphemism,3.15,,,,loan,,2.3963470458984375,2.8212852478027344,-0.0794260986149311,-3.9231760501861572,,0.9445978754912762,3.843749951571226,True,4, e|uf|em|ismo,right,right,known,True,2.608816146850586,m,True,True,m,True
es,semáforo,m,traffic light,regular,wiktionary:kaikki@2026-10-03,False,,traffic light,3.56,,,,loan,,3.91884708404541,4.202388763427734,-0.01812910847365856,-5.268129110336304,,0.9878415649132197,5.250000001862645,True,4, sem|á|for|o,right,right,known,True,4.060617923736572,m,True,True,m,True
es,orificio,m,orifice,regular,wiktionary:kaikki@2026-10-03,False,,orifice,3.23,,,,unknown,,6.035501480102539,6.322315216064453,-0.04389490932226181,-3.91889488697052,,0.9808360897484214,3.874999977648258,True,2, or|ificio,right,right,known,True,6.178908348083496,m,True,True,m,True
es,orgullo,m,pride,regular,wiktionary:kaikki@2026-10-03,False,,"pride (arrogance, haughtiness)",4.55,,,,loan,,7.093623161315918,5.204002380371094,-0.014299198519438505,-5.764299154281616,,0.9890384108136301,5.749999955762178,True,2, org|ullo,right,right,known,True,6.148812770843506,m,True,True,m,True
es,fideicomiso,m,trust,regular,wiktionary:kaikki@2026-10-03,False,,"trust, escrow, fideicommissum",3.37,,,,unknown,,4.499439239501953,4.907148361206055,-0.06520239263772964,-3.7527023553848267,,0.9607391118316213,3.687499962747097,True,4, f|ide|icom|iso,right,right,known,True,4.703293800354004,m,True,True,m,True
es,erario,m,treasury,regular,wiktionary:kaikki@2026-10-03,False,,treasury (public finance),3.36,,,,native,,5.012060165405273,5.5331573486328125,-0.10977811738848686,-2.7972781658172607,,0.9571227213311666,2.687500048428774,True,2, er|ario,right,right,known,True,5.272608757019043,m,True,True,m,True
es,bizcocho,m,sponge cake,regular,wiktionary:kaikki@2026-10-03,False,,sponge cake,3.21,,,,native,,5.310493469238281,5.648126602172852,-0.021404997445642948,-5.333904981613159,,0.9838840020258399,5.312499984167516,True,3, biz|co|cho,right,right,known,True,5.479310035705566,m,True,True,m,True
es,crucifijo,m,crucifix,regular,wiktionary:kaikki@2026-10-03,False,,crucifix,3.13,,,,native,,2.524664878845215,1.5436592102050781,-0.03977205976843834,-3.7272720336914062,,0.9851127384353833,3.687499973922968,True,3, cruc|if|ijo,right,right,known,True,2.0341620445251465,m,True,True,m,True
es,lienzo,m,canvas,regular,wiktionary:kaikki@2026-10-03,False,,canvas,3.69,,,,native,,5.1992950439453125,7.4748735427856445,-0.028115595690906048,-4.153115630149841,,0.9890910024763108,4.125000034458935,True,2, lien|zo,right,right,known,True,6.3370842933654785,m,True,True,m,True
es,consultorio,m,consulting room,regular,wiktionary:kaikki@2026-10-03,False,,consulting room,3.55,,,,unknown,,3.647014617919922,4.637014389038086,-0.023451412096619606,-4.898451328277588,,0.9908339002829607,4.874999916180968,True,2, consult|orio,right,right,known,True,4.142014503479004,m,True,True,m,True
es,glosario,m,glossary,regular,wiktionary:kaikki@2026-10-03,False,,glossary,3.13,,,,native,,5.245247840881348,4.367527961730957,-0.014055001549422741,-6.389055013656616,,0.9877231692649702,6.3750000121071935,True,3, g|los|ario,right,right,known,True,4.806387901306152,m,True,True,m,True
es,comino,m,cumin,regular,wiktionary:kaikki@2026-10-03,False,,"cumin (plant, spice)",3.15,,,,native,,5.305826187133789,8.08338737487793,-0.044279973953962326,-3.669279932975769,,0.9821829178760384,3.6249999590218067,True,2, com|ino,right,right,known,True,6.694606781005859,m,True,True,m,True
es,adoctrinamiento,m,indoctrination,regular,wiktionary:kaikki@2026-10-03,False,,indoctrination (act of indoctrinating),3.08,,,,unknown,,5.849392890930176,8.531505584716797,-0.03228694200515747,-4.719786882400513,,0.9771634780302494,4.687499940395355,True,4, ado|ctr|in|amiento,right,right,known,True,7.190449237823486,m,True,True,m,True
es,contrapunto,m,counterpoint,regular,wiktionary:kaikki@2026-10-03,False,,counterpoint,3.19,,,,unknown,,4.689594268798828,4.334375381469727,-0.04391849227249622,-4.231418609619141,,0.9718165082465733,4.187500117346644,True,3, contr|ap|unto,right,right,known,True,4.511984825134277,m,True,True,m,True
es,barrio,m,neighbourhood,regular,wiktionary:kaikki@2026-10-03,False,,neighbourhood,4.85,,,,loan,,5.8582305908203125,6.248409271240234,-0.011424618773162365,-6.823924541473389,,0.9897301308969184,6.812499922700226,True,2, bar|rio,right,right,known,True,6.053319931030273,m,True,True,m,True
es,huerto,m,orchard,regular,wiktionary:kaikki@2026-10-03,False,,orchard,3.62,,,,native,,5.604475975036621,4.9643354415893555,-0.014206162188202143,-5.8267059326171875,,0.9889868035961067,5.812499770428985,True,2, hu|erto,right,right,known,True,5.284405708312988,m,True,True,m,True
es,patrocinio,m,sponsorship,regular,wiktionary:kaikki@2026-10-03,False,,sponsorship,3.61,,,,native,,6.022743225097656,4.621557235717773,-0.021761841140687466,-5.334261894226074,,0.9833065051378902,5.312500053085387,True,4, pat|ro|cin|io,right,right,known,True,5.322150230407715,m,True,True,m,True
es,perímetro,m,perimeter,regular,wiktionary:kaikki@2026-10-03,False,,perimeter (the length of the outline of an object),3.61,,,,unknown,,5.6845293045043945,7.445230484008789,-0.01659141667187214,-5.891591310501099,,0.9863298522350712,5.8749998938292265,True,2, perí|metro,right,right,known,True,6.564879894256592,m,True,True,m,True
es,servicio,m,service,regular,wiktionary:kaikki@2026-10-03,False,,service,5.34,,,,loan,,5.958612442016602,6.888599395751953,-0.009610618930310011,-6.822110652923584,,0.9917016005789266,6.812500033993274,True,1, servicio,right,right,known,True,6.423605918884277,m,True,True,m,True
es,consentimiento,m,consent,regular,wiktionary:kaikki@2026-10-03,False,,consent (voluntary agreement or permission),4.2,,,,unknown,,4.449216842651367,6.376758575439453,-0.02566007897257805,-5.088160037994385,,0.9809441242404031,5.062499959021807,True,2, consent|imiento,right,right,known,True,5.41298770904541,m,True,True,m,True
es,aplauso,m,applause,regular,wiktionary:kaikki@2026-10-03,False,,applause (act of applauding),3.79,,,,loan,,7.89954948425293,4.05348014831543,-0.036062076687812805,-5.723562002182007,,0.9681665181052979,5.687499925494194,True,3, apl|aus|o,right,right,known,True,5.97651481628418,m,True,True,m,True
es,virreinato,m,viceroyalty,regular,wiktionary:kaikki@2026-10-03,False,,viceroyalty,3.41,,,,unknown,,4.727054595947266,7.972862243652344,-0.01924630720168352,-5.8317461013793945,,0.9838768440306449,5.812499794177711,True,4, vir|re|in|ato,right,right,known,True,6.349958419799805,m,True,True,m,True
es,susto,m,fright,regular,wiktionary:kaikki@2026-10-03,False,,fright,3.84,,,,native,,4.309430122375488,4.258098602294922,-0.029202615842223167,-5.154202699661255,,0.9793334991630975,5.125000083819032,True,2, sust|o,right,right,known,True,4.283764362335205,m,True,True,m,True
es,califato,m,caliphate,regular,wiktionary:kaikki@2026-10-03,False,,caliphate,3.05,,,,unknown,,7.458003997802734,5.613636016845703,-0.05203156732022762,-3.927031636238098,,0.9690061643162935,3.8750000689178705,True,3, cal|if|ato,right,right,known,True,6.535820007324219,m,True,True,m,True
es,pimiento,m,pepper,regular,wiktionary:kaikki@2026-10-03,False,,pepper (fruit of the capsicum),3.25,,,,native,,5.652097702026367,3.2998123168945312,-0.03292276989668608,-4.282922625541687,,0.986951445440817,4.249999855645001,True,2, p|imiento,right,right,known,True,4.475955009460449,m,True,True,m,True
es,diccionario,m,dictionary,regular,wiktionary:kaikki@2026-10-03,False,,"dictionary, wordbook",4.22,,,,unknown,,6.16395378112793,4.920782089233398,-0.010278311558067799,-6.8852784633636475,,0.990829375319792,6.87500015180558,True,3, dic|cion|ario,right,right,known,True,5.542367935180664,m,True,True,m,True
es,ateísmo,m,atheism,regular,wiktionary:kaikki@2026-10-03,False,,atheism,3.24,,,,unknown,,3.43505859375,5.296537399291992,-0.02228474523872137,-5.772284746170044,,0.9811720952113068,5.750000000931323,True,4, ate|í|sm|o,right,right,known,True,4.365797996520996,m,True,True,m,True
es,trapo,m,rag,regular,wiktionary:kaikki@2026-10-03,False,,"rag, piece of cloth used for cleaning, washing or drying (tea towel, dish towel, dish cloth, dust cloth, paper towel)",3.62,,,,native,,5.360799789428711,4.6020002365112305,-0.038206291384994984,-3.9757062196731567,,0.987677059209878,3.9374999282881618,True,2, trap|o,right,right,known,True,4.981400012969971,m,True,True,m,True
es,olfato,m,smell,regular,wiktionary:kaikki@2026-10-03,False,,"smell, olfaction, sense of smell (sense that detects smells)",3.43,,,,native,,4.969413757324219,6.169961929321289,-0.014391785953193903,-6.264391899108887,,0.9876738918435302,6.250000113155693,True,3, ol|f|ato,right,right,known,True,5.569687843322754,m,True,True,m,True
es,ruido,m,noise,regular,wiktionary:kaikki@2026-10-03,False,,"noise, racket, rattle, clatter, sound (various sounds, usually unwanted)",4.57,,,,native,,6.806951522827148,7.963558197021484,-0.014623215422034264,-6.577123165130615,,0.9869434670497343,6.562499949708581,True,2, r|uido,right,right,known,True,7.385254859924316,m,True,True,m,True
es,año,m,year,regular,wiktionary:kaikki@2026-10-03,False,,year,5.88,,,,native,,6.498685836791992,5.763613700866699,-0.020181396044790745,-7.707681179046631,,0.9805142354905827,7.68749978300184,True,1, año,right,right,known,True,6.131149768829346,m,True,True,m,True
es,agotamiento,m,exhaustion,regular,wiktionary:kaikki@2026-10-03,False,,"exhaustion, depletion",3.48,,,,unknown,,6.727132797241211,4.702096939086914,-0.042424947023391724,-4.042424917221069,,0.97655954475335,3.9999999701976776,True,3, ag|ot|amiento,right,right,known,True,5.7146148681640625,m,True,True,m,True
es,paño,m,cloth,regular,wiktionary:kaikki@2026-10-03,False,,cloth,3.43,,,,native,,4.868467330932617,6.887750625610352,-0.07014544680714607,-3.1951454877853394,,0.9811119299432536,3.1250000409781933,True,2, pa|ño,right,right,known,True,5.878108978271484,m,True,True,m,True
es,bolso,m,purse,regular,wiktionary:kaikki@2026-10-03,False,,purse,4.01,,,,unknown,,7.930329322814941,7.403636932373047,-0.19192650355398655,-2.2544264793395996,,0.9863027120633872,2.062499975785613,True,2, bol|so,right,right,known,True,7.666983127593994,m,True,True,m,True
es,horóscopo,m,horoscope,regular,wiktionary:kaikki@2026-10-03,False,,horoscope (astrological forecast),3.13,,,,loan,,5.793550491333008,5.780406951904297,-0.020990334451198578,-5.3334901332855225,,0.9842944616597538,5.312499798834324,True,4, hor|ó|sc|opo,right,right,known,True,5.786978721618652,m,True,True,m,True
es,apetito,m,appetite,regular,wiktionary:kaikki@2026-10-03,False,,appetite,3.74,,,,unknown,,8.990825653076172,4.429836273193359,-0.017325300723314285,-6.079825162887573,,0.985153472315046,6.062499862164259,True,3, ap|et|ito,right,right,known,True,6.710330963134766,m,True,True,m,True
es,perjuicio,m,detriment,regular,wiktionary:kaikki@2026-10-03,False,,detriment (the opposite of a benefit),3.91,,,,loan,,3.9365901947021484,6.043500900268555,-0.018805360421538353,-5.643805503845215,,0.9850205887217343,5.6250001434236765,True,3, per|ju|icio,right,right,known,True,4.990045547485352,m,True,True,m,True
es,llanto,m,crying,regular,wiktionary:kaikki@2026-10-03,False,,crying,3.81,,,,unknown,,7.294072151184082,5.992671966552734,-0.01935132872313261,-5.519351243972778,,0.9851277005082306,5.499999915249646,True,2, ll|anto,right,right,known,True,6.643372058868408,m,True,True,m,True
es,santuario,m,sanctuary,regular,wiktionary:kaikki@2026-10-03,False,,sanctuary,3.95,,,,unknown,,4.794187545776367,7.893636703491211,-0.02109589520841837,-4.8960959911346436,,0.9875472060276345,4.875000095926225,True,2, sant|uario,right,right,known,True,6.343912124633789,m,True,True,m,True
es,diámetro,m,diameter,regular,wiktionary:kaikki@2026-10-03,False,,diameter,4.0,,,,native,,6.885107040405273,6.596958160400391,-0.010483333375304937,-6.635483264923096,,0.9909256103907396,6.624999931547791,True,2, diá|metro,right,right,known,True,6.741032600402832,m,True,True,m,True
es,algoritmo,m,algorithm,regular,wiktionary:kaikki@2026-10-03,False,,algorithm,3.61,,,,loan,,7.331502914428711,7.612061500549316,-0.019853200763463974,-6.269853115081787,,0.9822503711408344,6.249999914318323,True,3, al|gorit|mo,right,right,known,True,7.471782207489014,m,True,True,m,True
es,obelisco,m,obelisk,regular,wiktionary:kaikki@2026-10-03,False,,obelisk,3.32,,,,loan,,6.896346092224121,6.024496078491211,-0.01636668248102069,-5.453866481781006,,0.9882559953147928,5.437499799299985,True,3, ob|el|isco,right,right,known,True,6.460421085357666,m,True,True,m,True
es,aeródromo,m,airfield,regular,wiktionary:kaikki@2026-10-03,False,,"airfield, aerodrome, airdrome, landing field (place where airplanes can take off and land)",3.06,,,,native,,4.800695419311523,3.133718490600586,-0.01574690593406558,-5.453246831893921,,0.9890735242822527,5.437499925959855,True,3, aer|ód|romo,right,right,known,True,3.9672069549560547,m,True,True,m,True
es,conservadurismo,m,conservatism,regular,wiktionary:kaikki@2026-10-03,False,,conservatism,3.18,,,,native,,9.175420761108398,5.0143890380859375,-0.021842366084456444,-5.5218422412872314,,0.9824265251241664,5.499999875202775,True,4, conserv|ad|ur|ismo,right,right,known,True,7.094904899597168,m,True,True,m,True
es,sésamo,m,sesame,regular,wiktionary:kaikki@2026-10-03,False,,sesame (tropical Asian plant Sesamum indicum),3.12,,,,loan,,1.826883316040039,2.5889053344726562,-0.1343178041279316,-2.6968177556991577,,0.9428952315016685,2.562499951571226,True,3, s|és|amo,right,right,known,True,2.2078943252563477,m,True,True,m,True
es,pepino,m,cucumber,regular,wiktionary:kaikki@2026-10-03,False,,cucumber,3.42,,,,native,,6.911128997802734,5.976097106933594,-0.018144487403333187,-5.518144369125366,,0.9865424041887882,5.499999881722033,True,2, pep|ino,right,right,known,True,6.443613052368164,m,True,True,m,True
es,instinto,m,instinct,regular,wiktionary:kaikki@2026-10-03,False,,instinct,3.89,,,,native,,6.710086822509766,6.726856231689453,-0.016483018174767494,-5.4539830684661865,,0.9879401775030651,5.437500050291419,True,2, inst|into,right,right,known,True,6.718471527099609,m,True,True,m,True
es,fanatismo,m,fanaticism,regular,wiktionary:kaikki@2026-10-03,False,,fanaticism,3.61,,,,unknown,,7.333761215209961,3.854328155517578,-0.022041172720491886,-5.272041082382202,,0.9833731777429758,5.24999990966171,True,3, fan|at|ismo,right,right,known,True,5.5940446853637695,m,True,True,m,True
es,solano,m,nightshade,regular,wiktionary:kaikki@2026-10-03,False,,nightshade,3.55,,,,native,,2.2357540130615234,1.5305442810058594,-0.18181924521923065,-3.056819200515747,,0.8903583984966714,2.8749999552965164,True,2, sol|ano,right,right,known,True,1.8831491470336914,m,True,True,m,True
es,tobillo,m,ankle,regular,wiktionary:kaikki@2026-10-03,False,,ankle,3.6,,,,native,,8.137994766235352,7.650335311889648,-0.05947825871407986,-3.3719784021377563,,0.9846852746951547,3.3125001434236765,True,2, tob|illo,right,right,known,True,7.8941650390625,m,True,True,m,True
es,fango,m,mud,regular,wiktionary:kaikki@2026-10-03,False,,mud (soil and water),3.28,,,,unknown,,5.803095817565918,4.305456161499023,-0.03211567923426628,-4.282115697860718,,0.9822086829289136,4.2500000186264515,True,2, f|ango,right,right,known,True,5.054275989532471,m,True,True,m,True
es,vocablo,m,word,regular,wiktionary:kaikki@2026-10-03,False,,"word, term",3.24,,,,unknown,,7.9940595626831055,9.915414810180664,-0.02994880173355341,-4.592448949813843,,0.980649711789382,4.562500148080289,True,2, vocab|lo,right,right,known,True,8.954737186431885,m,True,True,m,True
es,terremoto,m,earthquake,regular,wiktionary:kaikki@2026-10-03,False,,earthquake,4.19,,,,loan,,4.559349060058594,7.418933868408203,-0.01191012654453516,-7.1994102001190186,,0.9889109226532413,7.187500073574483,True,3, ter|rem|oto,right,right,known,True,5.989141464233398,m,True,True,m,True
es,procedimiento,m,procedure,regular,wiktionary:kaikki@2026-10-03,False,,procedure,4.53,,,,unknown,,7.940950393676758,5.006525993347168,-0.01894893031567335,-5.581448793411255,,0.9851815107584218,5.5624998630955815,True,2, proced|imiento,right,right,known,True,6.473738193511963,m,True,True,m,True
es,enfrentamiento,m,showdown,regular,wiktionary:kaikki@2026-10-03,False,,"showdown, face-off, matchup, match-up, encounter",4.11,,,,unknown,,5.415271759033203,8.314311981201172,-0.03649872541427612,-4.286498785018921,,0.9780184521648972,4.250000059604645,True,2, enfrent|amiento,right,right,known,True,6.8647918701171875,m,True,True,m,True
es,beneplácito,m,consent,regular,wiktionary:kaikki@2026-10-03,False,,"consent, approval, permission",3.14,,,,loan,,9.466140747070312,7.93560791015625,-0.03159940429031849,-5.094099283218384,,0.9751352782629467,5.062499878928065,True,4, bene|pl|ác|ito,right,right,known,True,8.700874328613281,m,True,True,m,True
es,hospicio,m,hospice,regular,wiktionary:kaikki@2026-10-03,False,,hospice,3.2,,,,loan,,7.936492919921875,7.475608825683594,-0.02176627330482006,-4.771766185760498,,0.9875312088070413,4.749999912455678,True,2, hosp|icio,right,right,known,True,7.706050872802734,m,True,True,m,True
es,sótano,m,cellar,regular,wiktionary:kaikki@2026-10-03,False,,cellar,3.66,,,,native,,5.991889953613281,4.435667037963867,-0.02271345630288124,-4.7727134227752686,,0.9876902387134016,4.749999966472387,True,3, só|t|ano,right,right,known,True,5.213778495788574,m,True,True,m,True
es,éxito,m,success,regular,wiktionary:kaikki@2026-10-03,False,,success,5.08,,,,loan,,5.710541725158691,6.150190353393555,-0.018192533403635025,-5.705692529678345,,0.9858373180549175,5.68749999627471,True,1, éxito,right,right,known,True,5.930366039276123,m,True,True,m,True
es,anteproyecto,m,preliminary plan,regular,wiktionary:kaikki@2026-10-03,False,,a preliminary plan,3.42,,,,unknown,,3.893038749694824,7.516313552856445,-0.031088795512914658,-5.156088590621948,,0.9753339890080609,5.124999795109034,True,5, ant|ep|roy|ect|o,right,right,known,True,5.704676151275635,m,True,True,m,True
es,revestimiento,m,coating,regular,wiktionary:kaikki@2026-10-03,False,,"coating, cladding",3.21,,,,unknown,,4.635865211486816,5.925998687744141,-0.08598956279456615,-2.8359895944595337,,0.9832758728840041,2.7500000316649675,True,3, rev|est|imiento,right,right,known,True,5.2809319496154785,m,True,True,m,True
es,condominio,m,apartment building,regular,wiktionary:kaikki@2026-10-03,False,,"apartment building, condominium, condo",3.21,,,,unknown,,4.24930477142334,4.64837646484375,-0.013996404130011797,-5.888996362686157,,0.9889581992597544,5.874999958556145,True,3, condom|in|io,right,right,known,True,4.448840618133545,m,True,True,m,True
es,homicidio,m,homicide,regular,wiktionary:kaikki@2026-10-03,False,,homicide; manslaughter,4.1,,,,native,,1.399332046508789,3.9319725036621094,-0.02394173387438059,-5.5864417552948,,0.980098638592142,5.562500021420419,True,3, homic|id|io,right,right,known,True,2.665652275085449,m,True,True,m,True
es,lavabo,m,bathroom sink,regular,wiktionary:kaikki@2026-10-03,False,,"bathroom sink, washbasin",3.18,,,,loan,,1.9571037292480469,4.2832183837890625,-0.018751857336610556,-4.768751859664917,,0.9916110547597302,4.750000002328306,True,2, lav|abo,right,right,known,True,3.1201610565185547,m,True,True,m,True
es,asesinato,m,assassination,regular,wiktionary:kaikki@2026-10-03,False,,assassination,4.71,,,,unknown,,4.958017349243164,6.1161088943481445,-0.01600501360371709,-6.203504800796509,,0.9861803015587057,6.187499787192792,True,4, as|es|in|ato,right,right,known,True,5.537063121795654,m,True,True,m,True
es,pino,m,pine,regular,wiktionary:kaikki@2026-10-03,False,,pine,3.93,,,,native,,7.428215026855469,4.512950897216797,-0.01540638692677021,-5.577906370162964,,0.9891039535388626,5.562499983236194,True,2, p|ino,right,right,known,True,5.970582962036133,m,True,True,m,True
es,atributo,m,attribute,regular,wiktionary:kaikki@2026-10-03,False,,attribute,3.28,,,,unknown,,6.408002853393555,7.855825424194336,-0.06068954989314079,-3.3731895685195923,,0.9759896468809917,3.3125000186264515,True,2, atrib|uto,right,right,known,True,7.131914138793945,m,True,True,m,True
es,icono,m,icon,regular,wiktionary:kaikki@2026-10-03,False,,"icon (a representation, especially as an object of religious devotion)",3.68,,,,loan,,2.86879825592041,5.590794563293457,-0.022932546213269234,-4.772932529449463,,0.9868536926843812,4.749999983236194,True,2, icon|o,right,right,known,True,4.229796409606934,m,True,True,m,True
es,término,m,end,regular,wiktionary:kaikki@2026-10-03,False,,"end, terminus (the terminal point of something in space or time)",4.87,,,,loan,,6.5267534255981445,7.610990524291992,-0.02368068788200617,-4.898680686950684,,0.9845804346343927,4.874999999068677,True,1, término,right,right,known,True,7.068871974945068,m,True,True,m,True
es,yacimiento,m,deposit,regular,wiktionary:kaikki@2026-10-03,False,,deposit; field or formation,3.51,,,,unknown,,5.194622039794922,5.104185104370117,-0.02049821987748146,-5.082998275756836,,0.9862150368602229,5.0625000558793545,True,2, y|acimiento,right,right,known,True,5.1494035720825195,m,True,True,m,True
es,consenso,m,consensus,regular,wiktionary:kaikki@2026-10-03,False,,consensus,4.15,,,,unknown,,5.518271446228027,8.949567794799805,-0.019275706261396408,-5.956775665283203,,0.9835032202990188,5.937499959021807,True,2, cons|enso,right,right,known,True,7.233919620513916,m,True,True,m,True
es,entretenimiento,m,amusement,regular,wiktionary:kaikki@2026-10-03,False,,amusement,4.17,,,,unknown,,3.9748945236206055,6.978048324584961,-0.028219890780746937,-5.465719938278198,,0.9764126352610702,5.437500047497451,True,3, entre|ten|imiento,right,right,known,True,5.476471424102783,m,True,True,m,True
es,marzo,m,march,regular,wiktionary:kaikki@2026-10-03,False,,March,5.22,,,,native,,1.0803050994873047,2.6291885375976562,-0.08012425154447556,-5.642624378204346,,0.9266157743413119,5.56250012665987,True,1, marzo,right,right,known,True,1.8547468185424805,m,True,True,m,True
es,comunismo,m,communism,regular,wiktionary:kaikki@2026-10-03,False,,communism,4.03,,,,unknown,,5.902864456176758,8.05345344543457,-0.014890040270984173,-6.327390193939209,,0.9870386504800303,6.312500153668225,True,2, comun|ismo,right,right,known,True,6.978158950805664,m,True,True,m,True
es,lino,m,linen,regular,wiktionary:kaikki@2026-10-03,False,,linen,3.58,,,,native,,3.2624073028564453,1.7834587097167969,-0.026267644949257374,-4.838767766952515,,0.9839216794683152,4.812500122003257,True,2, l|ino,right,right,known,True,2.522933006286621,m,True,True,m,True
es,inventario,m,inventory,regular,wiktionary:kaikki@2026-10-03,False,,inventory,3.84,,,,unknown,,8.776732444763184,7.725656509399414,-0.021026290953159332,-5.708526134490967,,0.9825690716606648,5.6874998435378075,True,2, invent|ario,right,right,known,True,8.251194477081299,m,True,True,m,True
es,flanco,m,flank,regular,wiktionary:kaikki@2026-10-03,False,,flank,3.41,,,,loan,,3.4432849884033203,6.687353134155273,-0.0603637620806694,-3.74786376953125,,0.9650355151401728,3.6875000074505806,True,2, fl|anco,right,right,known,True,5.065319061279297,m,True,True,m,True
es,grupo,m,group,regular,wiktionary:kaikki@2026-10-03,False,,group,5.58,,,,loan,,7.350975036621094,8.571659088134766,-0.01749394368380308,-6.017493963241577,,0.985809732816116,6.000000019557774,True,1, grupo,right,right,known,True,7.96131706237793,m,True,True,m,True
es,arquetipo,m,archetype,regular,wiktionary:kaikki@2026-10-03,False,,archetype,3.01,,,,loan,,7.4992218017578125,5.602715492248535,-0.028565170243382454,-4.841065168380737,,0.9797531690605488,4.812499998137355,True,3, ar|quet|ipo,right,right,known,True,6.550968647003174,m,True,True,m,True
es,transcurso,m,course,regular,wiktionary:kaikki@2026-10-03,False,,"course, passing",3.95,,,,unknown,,3.7148075103759766,5.081699371337891,-0.026485702954232693,-4.7764856815338135,,0.983971588450814,4.749999978579581,True,2, trans|curso,right,right,known,True,4.398253440856934,m,True,True,m,True
es,versículo,m,verse,regular,wiktionary:kaikki@2026-10-03,False,,verse (in the Bible),3.1,,,,unknown,,5.610906600952148,4.423698425292969,-0.014381343964487314,-6.576881170272827,,0.9871385250313447,6.56249982630834,True,2, vers|ículo,right,right,known,True,5.017302513122559,m,True,True,m,True
es,periplo,m,round trip,regular,wiktionary:kaikki@2026-10-03,False,,"round trip, journey",3.06,,,,loan,,4.975261688232422,2.2721195220947266,-0.02001789305359125,-5.707517862319946,,0.9838263099418124,5.687499969266355,True,3, per|ip|lo,right,right,known,True,3.623690605163574,m,True,True,m,True
es,oporto,m,port wine,regular,wiktionary:kaikki@2026-10-03,False,,port wine,3.49,,,,unknown,,5.551837921142578,4.360446929931641,-0.2697388231754303,-2.675988793373108,,0.8332722620777192,2.4062499701976776,True,2, o|porto,right,right,known,True,4.956142425537109,m,True,True,m,True
es,albedrío,m,will,regular,wiktionary:kaikki@2026-10-03,False,,will (intent),3.27,,,,native,,3.4694747924804688,1.7142868041992188,-0.042762283235788345,-4.042762279510498,,0.9756952703387832,3.9999999962747097,True,4, al|bed|r|ío,right,right,known,True,2.5918807983398438,m,True,True,m,True
es,ombligo,m,navel,regular,wiktionary:kaikki@2026-10-03,False,,"navel, belly button (remnant of umbilical cord)",3.51,,,,unknown,,6.056621551513672,6.10740852355957,-0.03141174931079149,-4.843911647796631,,0.9770933827676731,4.812499898485839,True,3, om|bl|igo,right,right,known,True,6.082015037536621,m,True,True,m,True
es,hallazgo,m,discovery,regular,wiktionary:kaikki@2026-10-03,False,,discovery,3.82,,,,native,,4.683643341064453,4.03807258605957,-0.018208679743111134,-5.768208742141724,,0.9851802512585538,5.7500000623986125,True,3, hall|az|go,right,right,known,True,4.360857963562012,m,True,True,m,True
es,bazo,m,spleen,regular,wiktionary:kaikki@2026-10-03,False,,spleen,3.07,,,,native,,5.00672721862793,4.4912872314453125,-0.1424166727811098,-2.6424167156219482,,0.9735314044630178,2.5000000428408384,True,2, b|azo,right,right,known,True,4.749007225036621,m,True,True,m,True
es,razonamiento,m,reasoning,regular,wiktionary:kaikki@2026-10-03,False,,reasoning,3.83,,,,unknown,,3.708369255065918,3.3820858001708984,-0.03574893157929182,-5.1919989585876465,,0.9712507770297308,5.156250027008355,True,3, r|azon|amiento,right,right,known,True,3.545227527618408,m,True,True,m,True
es,narcotráfico,m,drug trafficking,regular,wiktionary:kaikki@2026-10-03,False,,drug trafficking,4.02,,,,unknown,,3.3469018936157227,3.258981704711914,-0.022292115725576878,-5.709792137145996,,0.9812770565225648,5.687500021420419,True,4, narc|ot|ráf|ico,right,right,known,True,3.3029417991638184,m,True,True,m,True
es,renacimiento,m,rebirth,regular,wiktionary:kaikki@2026-10-03,False,,rebirth,3.89,,,,unknown,,6.85896110534668,6.1812286376953125,-0.039179470390081406,-4.664179563522339,,0.9710804071480202,4.6250000931322575,True,2, ren|acimiento,right,right,known,True,6.520094871520996,m,True,True,m,True
es,bocado,m,mouthful,regular,wiktionary:kaikki@2026-10-03,False,,mouthful,3.33,,,,unknown,,4.736927032470703,6.849142074584961,-0.09406185895204544,-4.781561851501465,,0.9191339311015363,4.687499992549419,True,2, b|ocado,right,right,known,True,5.793034553527832,m,True,True,m,True
es,heno,m,hay,regular,wiktionary:kaikki@2026-10-03,False,,hay,3.09,,,,native,,5.523738861083984,3.3372268676757812,-0.03431938961148262,-4.3468194007873535,,0.9798396628281865,4.312500011175871,True,2, h|eno,right,right,known,True,4.430482864379883,m,True,True,m,True
es,residuo,m,residue,regular,wiktionary:kaikki@2026-10-03,False,,"residue, remainder",3.29,,,,unknown,,8.41671085357666,10.787975311279297,-0.03913555108010769,-4.726635456085205,,0.9706355566675715,4.687499905005097,True,2, resid|uo,right,right,known,True,9.602343082427979,m,True,True,m,True
es,adiestramiento,m,practice,regular,wiktionary:kaikki@2026-10-03,False,,"practice, training",3.19,,,,unknown,,3.0587081909179688,3.739116668701172,-0.035037738271057606,-4.0350377559661865,,0.9844899776092818,4.000000017695129,True,4, ad|iest|ram|iento,right,right,known,True,3.3989124298095703,m,True,True,m,True
es,morbo,m,disease,regular,wiktionary:kaikki@2026-10-03,False,,disease,3.39,,,,unknown,,4.121705055236816,2.856924057006836,-0.058738287538290024,-4.2462382316589355,,0.957526398949184,4.1874999441206455,True,2, mor|bo,right,right,known,True,3.489314556121826,m,True,True,m,True
es,tráfico,m,traffic,regular,wiktionary:kaikki@2026-10-03,False,,traffic,4.6,,,,unknown,,7.29283332824707,6.896175384521484,-0.011367845814675093,-6.1988677978515625,,0.9907640972148415,6.187499952036887,True,2, tr|áfico,right,right,known,True,7.094504356384277,m,True,True,m,True
es,aeropuerto,m,airport,regular,wiktionary:kaikki@2026-10-03,False,,airport,4.75,,,,unknown,,7.654404640197754,4.700009346008301,-0.011688098311424255,-6.699188232421875,,0.9896336012807998,6.687500134110451,True,4, aer|op|u|erto,right,right,known,True,6.177206993103027,m,True,True,m,True
es,yeso,m,plaster,regular,wiktionary:kaikki@2026-10-03,False,,"plaster, gesso",3.62,,,,native,,4.873103141784668,6.947885513305664,-0.06514600478112698,-3.252645969390869,,0.9846885789945942,3.187499964609742,True,2, yes|o,right,right,known,True,5.910494327545166,m,True,True,m,True
es,cántico,m,chant,regular,wiktionary:kaikki@2026-10-03,False,,"chant, canticle",3.01,,,,loan,,8.513294219970703,8.71798324584961,-0.03155535086989403,-4.844055414199829,,0.9787305831553001,4.812500063329935,True,3, cá|nt|ico,right,right,known,True,8.615638732910156,m,True,True,m,True
es,sobrepeso,m,overweight,regular,wiktionary:kaikki@2026-10-03,False,,overweight,3.38,,,,unknown,,4.479921340942383,3.9988021850585938,-0.02485806029289961,-4.774858236312866,,0.9839530914200694,4.750000176019967,True,3, sob|rep|eso,right,right,known,True,4.239361763000488,m,True,True,m,True
es,plazo,m,period,regular,wiktionary:kaikki@2026-10-03,False,,"period, phase",4.87,,,,native,,7.038220405578613,7.9283294677734375,-0.03214620053768158,-4.157146334648132,,0.984508974297857,4.125000134110451,True,2, pl|azo,right,right,known,True,7.483274936676025,m,True,True,m,True
es,armisticio,m,armistice,regular,wiktionary:kaikki@2026-10-03,False,,armistice,3.1,,,,loan,,5.5687150955200195,4.287761688232422,-0.031121334061026573,-4.843621253967285,,0.9779969662697117,4.812499919906259,True,3, arm|istic|io,right,right,known,True,4.928238391876221,m,True,True,m,True
es,propósito,m,purpose,regular,wiktionary:kaikki@2026-10-03,False,,purpose,4.76,,,,unknown,,5.87204647064209,5.830216407775879,-0.016923367977142334,-6.204423189163208,,0.9853392232385193,6.187499821186066,True,1, propósito,right,right,known,True,5.851131439208984,m,True,True,m,True
es,ángulo,m,angle,regular,wiktionary:kaikki@2026-10-03,False,,angle,4.09,,,,unknown,,6.575746536254883,7.3557024002075195,-0.020840679295361042,-5.395840644836426,,0.9857502831264755,5.374999965541065,True,3, á|ng|ulo,right,right,known,True,6.965724468231201,m,True,True,m,True
es,surgimiento,m,emergence,regular,wiktionary:kaikki@2026-10-03,False,,"emergence, rise",3.71,,,,unknown,,6.29827880859375,5.52699089050293,-0.06208128668367863,-3.5620813369750977,,0.9737284817390923,3.500000050291419,True,2, surg|imiento,right,right,known,True,5.91263484954834,m,True,True,m,True
es,prólogo,m,prologue,regular,wiktionary:kaikki@2026-10-03,False,,prologue,3.76,,,,unknown,,6.06185245513916,4.993234634399414,-0.008996614720672369,-6.946496486663818,,0.992023040483444,6.937499871943146,True,2, pró|logo,right,right,known,True,5.527543544769287,m,True,True,m,True
es,prado,m,meadow,regular,wiktionary:kaikki@2026-10-03,False,,meadow,3.98,,,,native,,5.570974349975586,5.87336540222168,-0.0150804677978158,-5.640080451965332,,0.9886966876417999,5.624999984167516,True,2, pr|ado,right,right,known,True,5.722169876098633,m,True,True,m,True
es,cerezo,m,cherry tree,regular,wiktionary:kaikki@2026-10-03,False,,cherry tree,3.25,,,,native,,2.773130416870117,7.223262786865234,-0.023244288749992847,-4.773244380950928,,0.9857400496139361,4.750000092200935,True,2, cere|zo,right,right,known,True,4.998196601867676,m,True,True,m,True
es,patrimonio,m,estate,regular,wiktionary:kaikki@2026-10-03,False,,estate; property,4.57,,,,native,,11.281533241271973,5.130315780639648,-0.014654525555670261,-5.8271543979644775,,0.9884045203529226,5.812499872408807,True,3, pat|rimon|io,right,right,known,True,8.20592451095581,m,True,True,m,True
es,cerebro,m,brain,regular,wiktionary:kaikki@2026-10-03,False,,brain,4.64,,,,native,,6.682804107666016,7.575519561767578,-0.014242295175790787,-5.451742172241211,,0.9902227671881654,5.43749987706542,True,2, cere|bro,right,right,known,True,7.129161834716797,m,True,True,m,True
es,kiosco,m,kiosk,regular,wiktionary:kaikki@2026-10-03,False,,kiosk,3.2,,,,loan,,4.531882286071777,4.676750183105469,-0.011050795670598745,-6.0110509395599365,,0.9914619139039164,6.000000143889338,True,3, k|ios|co,right,right,known,True,4.604316234588623,m,True,True,m,True
es,hongo,m,fungus,regular,wiktionary:kaikki@2026-10-03,False,,fungus,3.47,,,,unknown,,4.497865676879883,4.6439971923828125,-0.029498789459466934,-4.654498815536499,,0.9832249620099274,4.625000026077032,True,2, h|ongo,right,right,known,True,4.570931434631348,m,True,True,m,True
es,sepulcro,m,sepulchre,regular,wiktionary:kaikki@2026-10-03,False,,sepulchre,3.48,,,,native,,6.3153533935546875,8.512382507324219,-0.02252637129276991,-4.835026502609253,,0.9860616784501754,4.812500131316483,True,3, sep|ul|cro,right,right,known,True,7.413867950439453,m,True,True,m,True
es,lava,f,lava,homograph,wiktionary:kaikki@2026-10-03,True,,lava,3.87,lavar,siempre {w},,loan,,-4.318697929382324,-1.314718246459961,-1.6426582634449005,-0.5801582708954811,,0.9135178063534446,-1.0624999925494194,False,1, lava,right,right,known,True,-2.8167080879211426,f,True,True,f,True
es,manda,f,vow,homograph,wiktionary:kaikki@2026-10-03,False,,vow,4.44,mandar,siempre {w},,unknown,,-0.5291595458984375,-1.2429637908935547,-3.167739510536194,-0.10523956641554832,,0.9487491444919129,-3.0624999441206455,True,2, m|anda,unsure,right,unsure,False,-0.8860616683959961,f,True,True,f,True
es,figura,f,figure,homograph,wiktionary:kaikki@2026-10-03,False,,figure,4.77,figurar,siempre {w},,unknown,,-6.089992523193359,-7.216732025146484,-5.332985877990723,-0.02048587240278721,,0.9868257542372489,-5.3125000055879354,True,1, figura,right,right,known,True,-6.653362274169922,f,True,True,f,True
es,grita,f,shouting match,homograph,wiktionary:kaikki@2026-10-03,False,,shouting match,3.98,gritar,siempre {w},,unknown,,-4.117727279663086,-1.5186233520507812,-0.3949922174215317,-1.8324922323226929,,0.8409933666976692,1.4375000149011612,True,2, grit|a,right,right,known,True,-2.8181753158569336,f,True,True,m,False
es,obra,f,work,homograph,wiktionary:kaikki@2026-10-03,False,,work (usually literary or artistic),5.27,obrar,siempre {w},,native,,-4.878688812255859,-5.565610885620117,-4.654676198959351,-0.029676311649382114,,0.9809473052760811,-4.6249998873099685,True,1, obra,right,right,known,True,-5.222149848937988,f,True,True,f,True
es,pila,f,small battery,homograph,wiktionary:kaikki@2026-10-03,False,,small battery,4.04,pilar,siempre {w},,native,,-3.193675994873047,-6.585562705993652,-5.344921112060547,-0.03242110833525658,,0.9728821494012347,-5.31250000372529,True,2, p|ila,right,right,known,True,-4.88961935043335,f,True,True,f,True
es,cocina,f,kitchen,homograph,wiktionary:kaikki@2026-10-03,False,,kitchen,4.71,cocinar,siempre {w},,native,,-5.905586242675781,-6.437459945678711,-6.573370933532715,-0.010870983824133873,,0.9906097387012934,-6.562499949708581,True,1, cocina,right,right,known,True,-6.171523094177246,f,True,True,f,True
es,captura,f,capture,homograph,wiktionary:kaikki@2026-10-03,False,,capture,4.25,capturar,siempre {w},,unknown,,-4.289578437805176,-3.282650947570801,-3.8585853576660156,-0.04608528129756451,,0.9764227615269738,-3.812500076368451,True,2, capt|ura,right,right,known,True,-3.7861146926879883,f,True,True,f,True
es,pesca,f,fishing,homograph,wiktionary:kaikki@2026-10-03,False,,fishing,4.32,pescar,siempre {w},,unknown,,-7.36051082611084,-7.251972198486328,-3.5552282333374023,-0.05522826686501503,,0.9829909664001486,-3.4999999664723873,True,2, pes|ca,right,right,known,True,-7.306241512298584,f,True,True,f,True
es,charla,f,talk,homograph,wiktionary:kaikki@2026-10-03,False,,"talk, chat",4.35,charlar,siempre {w},,unknown,,-4.219651222229004,-4.716552734375,-6.149967908859253,-0.024967906065285206,,0.9779187890885558,-6.125000002793968,True,2, char|la,right,right,known,True,-4.468101978302002,f,True,True,f,True
es,cancela,f,lattice gate,homograph,wiktionary:kaikki@2026-10-03,False,,lattice gate,3.49,cancelar,siempre {w},,unknown,,-3.526212692260742,-4.931578636169434,-4.959665536880493,-0.022165533155202866,,0.9862254393083187,-4.93750000372529,True,2, cancel|a,right,right,known,True,-4.228895664215088,f,True,True,f,True
es,fotografía,f,photograph,homograph,wiktionary:kaikki@2026-10-03,False,,photograph,4.58,fotografiar,siempre {w},,native,,-5.979144096374512,-5.735541343688965,-6.513026237487793,-0.0130262509919703,,0.988554348527523,-6.499999986495823,True,2, fotograf|ía,right,right,known,True,-5.857342720031738,f,True,True,f,True
es,lanza,f,lance,homograph,wiktionary:kaikki@2026-10-03,False,,"lance, spear, glaive",4.34,lanzar,siempre {w},,native,,-4.271400451660156,-7.762538909912109,-3.61188542842865,-0.04938545357435942,,0.9852473461919018,-3.5624999748542905,True,2, l|anza,right,right,known,True,-6.016969680786133,f,True,True,f,True
es,paga,f,payment,homograph,wiktionary:kaikki@2026-10-03,False,,payment,4.55,pagar,siempre {w},,unknown,,-4.270998001098633,-6.31951904296875,-4.288726329803467,-0.03872618172317743,,0.9761757340198293,-4.250000148080289,True,2, p|aga,right,right,known,True,-5.295258522033691,f,True,True,f,True
es,mejora,f,improvement,homograph,wiktionary:kaikki@2026-10-03,False,,"improvement, improving, amelioration, betterment, refinement",4.43,mejorar,siempre {w},,unknown,,-5.727149963378906,-4.760930061340332,-4.726531505584717,-0.03903152234852314,,0.9727348858844882,-4.687499983236194,True,2, mej|ora,right,right,known,True,-5.244040012359619,f,True,True,f,True
es,falla,f,flaw,homograph,wiktionary:kaikki@2026-10-03,False,,flaw,4.31,fallar,siempre {w},,loan,,-5.771511077880859,-3.317074775695801,-4.350361466407776,-0.03786149527877569,,0.9769869221110615,-4.312499971129,True,2, fall|a,right,right,known,True,-4.54429292678833,f,True,True,f,True
es,etiqueta,f,label,homograph,wiktionary:kaikki@2026-10-03,False,,"label, tag",4.18,etiquetar,siempre {w},,unknown,,-8.325016975402832,-5.610675811767578,-3.735204815864563,-0.04770471900701523,,0.9810582803067719,-3.6875000968575478,True,2, etiqu|eta,right,right,known,True,-6.967846393585205,f,True,True,f,True
es,evidencia,f,evidence,homograph,wiktionary:kaikki@2026-10-03,False,,evidence,4.66,evidenciar,siempre {w},,unknown,,-9.244257926940918,-6.319348335266113,-5.029495000839233,-0.02949507161974907,,0.9779445743826969,-4.999999929219484,True,2, evid|encia,right,right,known,True,-7.781803131103516,f,True,True,f,True
es,nota,f,note,homograph,wiktionary:kaikki@2026-10-03,False,,"note, memo",5.09,notar,siempre {w},,unknown,,-4.629652976989746,-6.766021728515625,-4.410944700241089,-0.035944608971476555,,0.9772142229742418,-4.375000091269612,True,1, nota,right,right,known,True,-5.6978373527526855,f,True,True,f,True
es,muda,f,change,homograph,wiktionary:kaikki@2026-10-03,False,,"a change (of clothes, especially underpants)",3.71,mudar,siempre {w},,unknown,,-2.95068359375,-2.839632034301758,-4.730835676193237,-0.04333571158349514,,0.9664604747110624,-4.687499964609742,True,2, m|uda,right,right,known,True,-2.895157814025879,f,True,True,f,True
es,renuncia,f,resignation,homograph,wiktionary:kaikki@2026-10-03,False,,resignation,4.39,renunciar,siempre {w},,unknown,,-5.374721527099609,-6.525358200073242,-5.029223203659058,-0.029223281890153885,,0.9777945004121007,-4.999999921768904,True,2, ren|uncia,right,right,known,True,-5.950039863586426,f,True,True,f,True
es,marcha,f,march,homograph,wiktionary:kaikki@2026-10-03,True,,march,4.94,marchar,siempre {w},,unknown,,-7.255001068115234,-5.466718673706055,-3.3085196018218994,-0.058519620448350906,,0.9808354886421948,-3.2499999813735485,True,2, march|a,right,right,known,True,-6.3608598709106445,f,True,True,f,True
es,cuelga,f,hanging,homograph,wiktionary:kaikki@2026-10-03,False,,hanging (especially of dried fruit),3.63,colgar,siempre {w},,unknown,,-2.5584354400634766,-1.3355121612548828,-0.28837547451257706,-1.6633754968643188,,0.9580973577901053,1.3750000223517418,True,3, c|uel|ga,right,right,known,True,-1.9469738006591797,f,True,True,m,False
es,toma,f,conquest,homograph,wiktionary:kaikki@2026-10-03,False,,"conquest, capture, taking, takeover",5.01,tomar,siempre {w},,unknown,,-4.226849555969238,-5.155529022216797,-2.0458585619926453,-0.29585861042141914,,0.947743320563484,-1.7499999515712261,True,2, to|ma,right,right,known,True,-4.691189289093018,f,True,True,f,True
es,firma,f,signature,homograph,wiktionary:kaikki@2026-10-03,False,,signature,4.66,firmar,siempre {w},,unknown,,-4.644343376159668,-6.444070816040039,-5.6444597244262695,-0.019459644332528114,,0.9843763219855703,-5.625000080093741,True,1, firma,right,right,known,True,-5.5442070960998535,f,True,True,f,True
es,quema,f,fire,homograph,wiktionary:kaikki@2026-10-03,False,,fire; flame,4.07,quemar,siempre {w},,unknown,,-2.9833316802978516,-0.8337268829345703,-2.6687731742858887,-0.35627324879169464,,0.9662260121339263,-2.312499925494194,True,2, qu|ema,right,unsure,unsure,False,-1.908529281616211,f,True,True,f,True
es,tortura,f,torture,homograph,wiktionary:kaikki@2026-10-03,False,,torture (intentional causing of somebody experiencing agony),4.13,torturar,siempre {w},,loan,,-9.619780540466309,-3.998760223388672,-5.76561427116394,-0.015614158473908901,,0.9876406992104945,-5.7500001126900315,True,2, tort|ura,right,right,known,True,-6.80927038192749,f,True,True,f,True
es,reforma,f,reform,homograph,wiktionary:kaikki@2026-10-03,True,,"reform (the change of something that is defective, broken, inefficient or otherwise negative)",4.89,reformar,siempre {w},,unknown,,-6.419283866882324,-6.682034492492676,-5.345346450805664,-0.03284647408872843,,0.9724760084429542,-5.312499976716936,True,2, reform|a,right,right,known,True,-6.5506591796875,f,True,True,f,True
es,recarga,f,charge,homograph,wiktionary:kaikki@2026-10-03,False,,charge,3.45,recargar,siempre {w},,unknown,,-4.294995307922363,-4.76251220703125,-4.963402271270752,-0.025902124121785164,,0.9817656633580043,-4.937500147148967,True,2, rec|arga,right,right,known,True,-4.528753757476807,f,True,True,f,True
es,mancha,f,spot,homograph,wiktionary:kaikki@2026-10-03,False,,spot; stain,4.25,manchar,siempre {w},,unknown,,-3.771726608276367,-5.01222038269043,-6.7631916999816895,-0.013191589154303074,,0.9880868296824865,-6.750000110827386,True,2, man|cha,right,right,known,True,-4.391973495483398,f,True,True,f,True
es,entrevista,f,interview,homograph,wiktionary:kaikki@2026-10-03,False,,interview,4.83,entrevistar,siempre {w},,native,,-3.5848569869995117,-3.691774368286133,-6.95635199546814,-0.018851899541914463,,0.9822943548582646,-6.937500095926225,True,2, entrev|ista,right,right,known,True,-3.6383156776428223,f,True,True,f,True
es,estrena,f,gift,homograph,wiktionary:kaikki@2026-10-03,False,,"gift, present given as a token of some pleasure, happiness, or benefit received",3.62,estrenar,siempre {w},,unknown,,-3.5743751525878906,-1.7886905670166016,-0.5358998253941536,-1.2233998477458954,,0.9453259980010236,0.6875000223517418,False,2, est|rena,right,right,known,True,-2.681532859802246,f,True,True,m,False
es,rebaja,f,sale,homograph,wiktionary:kaikki@2026-10-03,False,,sale (a selling of goods at reduced prices),3.53,rebajar,siempre {w},,unknown,,-4.361895561218262,-7.370281219482422,-5.830523490905762,-0.01802346296608448,,0.9850802553408169,-5.812500027939677,True,2, reb|aja,right,right,known,True,-5.866088390350342,f,True,True,f,True
es,potencia,f,power,homograph,wiktionary:kaikki@2026-10-03,False,,"power, potency",4.48,potenciar,siempre {w},,native,,-5.703824043273926,-7.642889022827148,-3.6105576753616333,-0.04805771820247173,,0.9801669195407727,-3.5624999571591616,True,2, pot|encia,right,right,known,True,-6.673356533050537,f,True,True,f,True
es,diferencia,f,difference,homograph,wiktionary:kaikki@2026-10-03,False,,difference,5.07,diferenciar,siempre {w},,native,,-5.362250328063965,-7.870452880859375,-4.652749061584473,-0.027749136090278625,,0.9824669367256635,-4.624999925494194,True,1, diferencia,right,right,known,True,-6.61635160446167,f,True,True,f,True
es,censura,f,censure,homograph,wiktionary:kaikki@2026-10-03,False,,censure,4.27,censurar,siempre {w},,unknown,,-6.821122169494629,-3.7423439025878906,-4.411602854728699,-0.036602930165827274,,0.9786110050459853,-4.3749999245628715,True,3, c|ens|ura,right,right,known,True,-5.28173303604126,f,True,True,f,True
es,gira,f,tour,homograph,wiktionary:kaikki@2026-10-03,False,,tour (a journey through a list of places),4.46,girar,siempre {w},,unknown,,-3.975020408630371,-5.1493682861328125,-3.2255016565322876,-0.10050162859261036,,0.9554368699551805,-3.1250000279396772,True,2, g|ira,right,right,known,True,-4.562194347381592,f,True,True,f,True
es,tapa,f,lid,homograph,wiktionary:kaikki@2026-10-03,False,,"lid, cap (the top or cover of a container)",4.13,tapar,siempre {w},,unknown,,-4.095673561096191,-4.146482467651367,-4.154857754707336,-0.029857690446078777,,0.9882423289975264,-4.125000064261258,True,2, tap|a,right,right,known,True,-4.121078014373779,f,True,True,f,True
es,relato,m,story,homograph,wiktionary:kaikki@2026-10-03,False,,story,4.38,relatar,siempre {w},,unknown,,5.431735992431641,6.130185127258301,-0.013987786136567593,-5.88898777961731,,0.9894365020910516,5.874999993480742,True,2, rel|ato,right,right,known,True,5.780960559844971,m,True,True,m,True
es,envío,m,shipment,homograph,wiktionary:kaikki@2026-10-03,False,,"shipment, sending",4.26,enviar,siempre {w},,unknown,,8.376707077026367,8.88123893737793,-0.017812976613640785,-5.517812967300415,,0.986485029713318,5.499999990686774,True,2, env|ío,right,right,known,True,8.628973007202148,m,True,True,m,True
es,progreso,m,progress,homograph,wiktionary:kaikki@2026-10-03,False,,"progress, headway, advancement",4.49,progresar,siempre {w},,loan,,6.389984130859375,5.115848541259766,-0.01644122414290905,-5.828941345214844,,0.9866862438642277,5.812500121071935,True,2, pro|greso,right,right,known,True,5.75291633605957,m,True,True,m,True
es,desafío,m,challenge,homograph,wiktionary:kaikki@2026-10-03,False,,challenge,4.24,desafiar,siempre {w},,unknown,,9.820503234863281,6.47244930267334,-0.016236435156315565,-6.0787365436553955,,0.9862992918572018,6.06250010849908,True,3, des|af|ío,right,right,known,True,8.14647626876831,m,True,True,m,True
es,paro,m,stop,homograph,wiktionary:kaikki@2026-10-03,False,,"stop, stagnation (action of stopping)",4.5,parar,siempre {w},,unknown,,5.678182601928711,5.97993278503418,-0.02690825518220663,-5.1519081592559814,,0.9799844230088852,5.124999904073775,True,2, par|o,right,right,known,True,5.829057693481445,m,True,True,m,True
es,secuestro,m,kidnapping,homograph,wiktionary:kaikki@2026-10-03,False,,kidnapping,4.15,secuestrar,siempre {w},,loan,,4.867189407348633,6.81829833984375,-0.016069490928202868,-6.141069412231445,,0.986212356429967,6.1249999213032424,True,3, sec|uest|ro,right,right,known,True,5.842743873596191,m,True,True,m,True
es,estreno,m,premiere,homograph,wiktionary:kaikki@2026-10-03,False,,premiere,4.28,estrenar,siempre {w},,unknown,,5.750497817993164,8.852165222167969,-0.026770470663905144,-4.65177059173584,,0.9838024660493176,4.625000121071935,True,2, est|reno,right,right,known,True,7.301331520080566,m,True,True,m,True
es,arresto,m,arrest,homograph,wiktionary:kaikki@2026-10-03,True,,arrest,4.09,arrestar,siempre {w},,unknown,,3.2252540588378906,7.135954856872559,-0.030964490957558155,-4.530964374542236,,0.9806148850444509,4.499999883584678,True,2, arrest|o,right,right,known,True,5.180604457855225,m,True,True,m,True
es,aprecio,m,appreciation,homograph,wiktionary:kaikki@2026-10-03,False,,appreciation,3.96,apreciar,siempre {w},,unknown,,5.4248247146606445,4.170696258544922,-0.03721953276544809,-4.537219524383545,,0.9784806558477215,4.499999991618097,True,2, ap|recio,right,right,known,True,4.797760486602783,m,True,True,m,True
es,corro,m,ring,homograph,wiktionary:kaikki@2026-10-03,False,,"ring, circle (of people, held hand to hand)",3.51,correr,siempre {w},,native,,3.976398468017578,5.814178466796875,-0.20062950998544693,-2.0131295323371887,,0.9574227746728055,1.8125000223517418,True,1, corro,right,right,known,True,4.895288467407227,m,True,True,m,True
es,espino,m,hawthorn,homograph,wiktionary:kaikki@2026-10-03,False,,"hawthorn, buckthorn",3.16,espinar,siempre {w},,native,,7.231003761291504,6.387056350708008,-0.1555689461529255,-2.4680689573287964,,0.948231845833301,2.312500011175871,True,2, esp|ino,right,right,known,True,6.809030055999756,m,True,True,m,True
es,noto,m,southerly,homograph,wiktionary:kaikki@2026-10-03,False,,southerly,3.67,notar,siempre {w},,loan,,1.8863029479980469,0.7581977844238281,-0.659582644701004,-1.347082644701004,,0.9038401167663581,0.6875,False,2, not|o,right,unsure,unsure,False,1.3222503662109375,m,True,True,m,True
es,retrato,m,portrait,homograph,wiktionary:kaikki@2026-10-03,False,,portrait,4.17,retratar,siempre {w},,unknown,,5.4683074951171875,6.842645645141602,-0.008897121530026197,-6.696397066116333,,0.9924385462063954,6.687499944586307,True,2, retr|ato,right,right,known,True,6.1554765701293945,m,True,True,m,True
es,pelo,m,hair,homograph,wiktionary:kaikki@2026-10-03,False,,hair (a single hair),4.82,pelar,siempre {w},,native,,5.290679931640625,4.637205123901367,-0.022722103632986546,-5.960222005844116,,0.9801206990961107,5.93749990221113,True,1, pelo,right,right,known,True,4.963942527770996,m,True,True,m,True
es,veto,m,veto,homograph,wiktionary:kaikki@2026-10-03,True,,veto,3.5,vetar,siempre {w},,native,,2.7802515029907227,5.61016845703125,-0.07147215120494366,-3.7902220487594604,,0.9545341180025815,3.718749897554517,True,1, veto,right,right,known,True,4.195209980010986,m,True,True,m,True
es,desalojo,m,eviction,homograph,wiktionary:kaikki@2026-10-03,False,,eviction,3.53,desalojar,siempre {w},,unknown,,5.89582633972168,5.840995788574219,-0.025300217792391777,-5.1503002643585205,,0.9815500979368819,5.125000046566129,True,3, des|alo|jo,right,right,known,True,5.868411064147949,m,True,True,m,True
es,reparo,m,qualm,homograph,wiktionary:kaikki@2026-10-03,False,,"qualm, objection, cavil, demur, compunction",3.12,reparar,siempre {w},,unknown,,4.709656715393066,8.380537033081055,-0.04278561845421791,-4.23028564453125,,0.9794142200180851,4.187500026077032,True,2, repar|o,right,right,known,True,6.5450968742370605,m,True,True,m,True
es,daño,m,damage,homograph,wiktionary:kaikki@2026-10-03,False,,damage,4.88,dañar,siempre {w},,native,,4.714927673339844,4.4602155685424805,-0.026042860001325607,-5.213542699813843,,0.9800022107593656,5.187499839812517,True,2, da|ño,right,right,known,True,4.587571620941162,m,True,True,m,True
es,saludo,m,greeting,homograph,wiktionary:kaikki@2026-10-03,False,,"greeting, greetings",4.48,saludar,siempre {w},,unknown,,4.240703582763672,5.471348762512207,-0.02124838065356016,-6.4587483406066895,,0.9809286311120258,6.437499959953129,True,2, sal|udo,right,right,known,True,4.8560261726379395,m,True,True,m,True
es,tiro,m,throw,homograph,wiktionary:kaikki@2026-10-03,False,,throw (the act of throwing something),4.62,tirar,siempre {w},,unknown,,3.6949825286865234,2.6768550872802734,-0.07670866325497627,-3.014208674430847,,0.9775416649992037,2.937500011175871,True,2, t|iro,right,right,known,True,3.1859188079833984,m,True,True,m,True
es,repaso,m,review,homograph,wiktionary:kaikki@2026-10-03,False,,"review, revision",3.56,repasar,siempre {w},,unknown,,3.742098808288574,4.93541145324707,-0.01755970250815153,-6.955059766769409,,0.9837838878646538,6.937500064261258,True,2, rep|aso,right,right,known,True,4.338755130767822,m,True,True,m,True
es,invento,m,invention,homograph,wiktionary:kaikki@2026-10-03,False,,invention,3.9,inventar,siempre {w},,unknown,,8.944801330566406,8.59948444366455,-0.02303208690136671,-5.210532188415527,,0.9832192316846842,5.187500101514161,True,2, invent|o,right,right,known,True,8.772142887115479,m,True,True,m,True
es,inicio,m,start,homograph,wiktionary:kaikki@2026-10-03,False,,"start, initiation",4.83,iniciar,siempre {w},,unknown,,6.182756423950195,7.338600158691406,-0.027851570397615433,-4.840351581573486,,0.9823643216936855,4.812500011175871,True,1, inicio,right,right,known,True,6.760678291320801,m,True,True,m,True
es,apuro,m,difficulty,homograph,wiktionary:kaikki@2026-10-03,False,,"difficulty, predicament",3.56,apurar,siempre {w},,unknown,,5.263612747192383,8.62495231628418,-0.027185728773474693,-5.089685678482056,,0.9803374432641692,5.062499949708581,True,2, ap|uro,right,right,known,True,6.944282531738281,m,True,True,m,True
es,grito,m,cry,homograph,wiktionary:kaikki@2026-10-03,False,,"a cry, a yell, a scream, a growl",4.28,gritar,siempre {w},,unknown,,5.260583877563477,7.451929092407227,-0.023497624322772026,-5.773497581481934,,0.9808001405578939,5.749999957159162,True,2, g|rito,right,right,known,True,6.356256484985352,m,True,True,m,True
es,desecho,m,waste,homograph,wiktionary:kaikki@2026-10-03,False,,"waste, trash",3.16,desechar,siempre {w},,unknown,,3.7483787536621094,7.415281295776367,-0.04171385616064072,-4.229213833808899,,0.9751020542872543,4.187499977648258,True,2, des|echo,right,right,known,True,5.581830024719238,m,True,True,m,True
es,uso,m,use,homograph,wiktionary:kaikki@2026-10-03,False,,use,5.38,usar,siempre {w},,unknown,,8.120452880859375,8.294682502746582,-0.04890170320868492,-4.517651677131653,,0.9667333960430475,4.468749973922968,True,1, uso,right,right,known,True,8.207567691802979,m,True,True,m,True
es,retraso,m,delay,homograph,wiktionary:kaikki@2026-10-03,False,,delay,4.09,retrasar,siempre {w},,unknown,,7.558300018310547,7.195293426513672,-0.016256467439234257,-5.76625657081604,,0.9872288657352125,5.750000103376806,True,3, re|tras|o,right,right,known,True,7.376796722412109,m,True,True,m,True
es,canto,m,singing,homograph,wiktionary:kaikki@2026-10-03,False,,singing,4.36,cantar,siempre {w},,native,,4.666906356811523,4.193700790405273,-0.022783680818974972,-5.3352837562561035,,0.983075796523716,5.3125000754371285,True,2, c|anto,right,right,known,True,4.430303573608398,m,True,True,m,True
es,descargo,m,unloading,homograph,wiktionary:kaikki@2026-10-03,False,,unloading,3.33,descargar,siempre {w},,unknown,,5.194023132324219,6.646244049072266,-0.0993565060198307,-2.911856532096863,,0.9647700787491043,2.812500026077032,True,2, desc|argo,right,right,known,True,5.920133590698242,m,True,True,m,True
es,velo,m,veil,homograph,wiktionary:kaikki@2026-10-03,False,wordnet:garment.n.01,"veil (something hung up or spread out to hide or protect the face, or hide an object from view; usually of a diaphanous material)",3.85,velar,siempre {w},,native,,4.638021469116211,7.228620529174805,-0.04177987575531006,-3.66677987575531,,0.9864094833667163,3.625,True,2, vel|o,right,right,known,True,5.933320999145508,m,True,True,m,True
es,centro,m,center,homograph,wiktionary:kaikki@2026-10-03,True,,center,5.44,centrar,siempre {w},,loan,,6.204129219055176,6.731166839599609,-0.012169565539807081,-5.824669599533081,,0.9915815390522327,5.812500033993274,True,1, centro,right,right,known,True,6.467648029327393,m,True,True,m,True
es,respeto,m,respect,homograph,wiktionary:kaikki@2026-10-03,False,,respect,4.97,respetar,siempre {w},,loan,,6.088254928588867,2.660491943359375,-0.014992231037467718,-6.5774922370910645,,0.986583805330921,6.562500006053597,True,3, res|pet|o,right,right,known,True,4.374373435974121,m,True,True,m,True
es,almuerzo,m,lunch,homograph,wiktionary:kaikki@2026-10-03,False,,lunch,4.16,almorzar,siempre {w},,native,,7.745534896850586,3.5515594482421875,-0.015482131857424974,-5.452981948852539,,0.9889289458681821,5.437499816995114,True,3, alm|uer|zo,right,right,known,True,5.648547172546387,m,True,True,m,True
es,camino,m,way,homograph,wiktionary:kaikki@2026-10-03,False,,"way, route",5.28,caminar,siempre {w},,native,,7.017748832702637,6.567342758178711,-0.010270828381180763,-5.947770833969116,,0.9925227783205943,5.9375000055879354,True,1, camino,right,right,known,True,6.792545795440674,m,True,True,m,True
es,mojo,m,type of sauce from the canary islands made from oil and vinegar,homograph,wiktionary:kaikki@2026-10-03,True,,"a type of sauce from the Canary Islands made from oil and vinegar, to which various herbs and spices are added",3.21,mojar,siempre {w},,unknown,,2.091257095336914,1.7207050323486328,-0.10001178085803986,-3.0375118255615234,,0.9550263563605916,2.9375000447034836,True,1, mojo,right,right,known,True,1.9059810638427734,m,True,True,m,True
es,reclamo,m,complaint,homograph,wiktionary:kaikki@2026-10-03,False,,complaint,4.05,reclamar,siempre {w},,unknown,,7.491783142089844,6.89677619934082,-0.03227446973323822,-4.719774484634399,,0.9793280911149688,4.687500014901161,True,2, recl|amo,right,right,known,True,7.194279670715332,m,True,True,m,True
es,acierto,m,correct answer,homograph,wiktionary:kaikki@2026-10-03,False,,correct answer,3.69,acertar,siempre {w},,unknown,,5.4088897705078125,8.897531509399414,-0.028332989662885666,-5.340832948684692,,0.9770971586275892,5.312499959021807,True,3, ac|i|erto,right,right,known,True,7.153210639953613,m,True,True,m,True
es,sistema,m,system,exception_ma,wiktionary:kaikki@2026-10-03,False,,system,5.56,,,,loan,,8.228300094604492,7.618413925170898,-0.012398167978972197,-6.5123982429504395,,0.9893525273818251,6.500000074971467,True,1, sistema,right,right,known,True,7.923357009887695,m,True,True,m,True
es,problema,m,problem,exception_ma,wiktionary:kaikki@2026-10-03,True,,"problem, issue, challenge (a difficulty or obstacle that has to be dealt with)",5.5,,,,loan,,6.887953758239746,7.137970447540283,-0.014973349403589964,-5.952473402023315,,0.9877850014949039,5.9375000526197255,True,1, problema,right,right,known,True,7.012962102890015,m,True,True,m,True
es,idioma,m,language,exception_ma,wiktionary:kaikki@2026-10-03,False,,language,4.74,,,,loan,,4.930539131164551,3.540532112121582,-0.017419880256056786,-6.017420053482056,,0.9851861568133962,6.000000173225999,True,2, idi|oma,right,right,known,True,4.235535621643066,m,True,True,m,True
es,clima,m,climate,exception_ma,wiktionary:kaikki@2026-10-03,False,,"climate, weather",4.64,,,,loan,,7.389644622802734,4.653291702270508,-0.01694217836484313,-6.454442024230957,,0.9847803773835538,6.437499845866114,True,2, cl|ima,right,right,known,True,6.021468162536621,m,True,True,m,True
es,poema,m,poem,exception_ma,wiktionary:kaikki@2026-10-03,False,,poem (literary piece written in verse),4.31,,,,loan,,6.94901180267334,5.336757659912109,-0.011512886732816696,-7.199012994766235,,0.9893024675127133,7.187500108033419,True,2, po|ema,right,right,known,True,6.142884731292725,m,True,True,m,True
es,esquema,m,outline,exception_ma,wiktionary:kaikki@2026-10-03,False,,"outline (a general description, a summarizing statement)",4.17,,,,loan,,6.493734359741211,5.073799133300781,-0.020437429659068584,-5.395437240600586,,0.9844491915917419,5.374999810941517,True,3, es|qu|ema,right,right,known,True,5.783766746520996,m,True,True,m,True
es,lema,m,motto,exception_ma,wiktionary:kaikki@2026-10-03,False,,motto,4.08,,,,loan,,6.429557800292969,8.139528274536133,-0.04335957020521164,-3.980859637260437,,0.9780163203075501,3.9375000670552254,True,2, le|ma,right,right,known,True,7.284543037414551,m,True,True,m,True
es,dilema,m,dilemma,exception_ma,wiktionary:kaikki@2026-10-03,True,,"dilemma, quandary",3.79,,,,native,,5.099874496459961,6.560545921325684,-0.023891697637736797,-4.7738916873931885,,0.9849069417549909,4.749999989755452,True,2, dile|ma,right,right,known,True,5.830210208892822,m,True,True,m,True
es,paradigma,m,paradigm,exception_ma,wiktionary:kaikki@2026-10-03,True,,paradigm,3.75,,,,loan,,5.745741844177246,6.692440986633301,-0.026703685522079468,-5.276703596115112,,0.9789222014554685,5.249999910593033,True,2, parad|igma,right,right,known,True,6.219091415405273,m,True,True,m,True
es,síntoma,m,symptom,exception_ma,wiktionary:kaikki@2026-10-03,False,,symptom (indicators and characteristics of the presence of something else),3.73,,,,loan,,6.62449836730957,6.043436050415039,-0.023044620640575886,-5.83554482460022,,0.9801503307270862,5.812500203959644,True,3, sí|nt|oma,right,right,known,True,6.333967208862305,m,True,True,m,True
es,telegrama,m,telegram,exception_ma,wiktionary:kaikki@2026-10-03,True,,telegram,3.61,,,,unknown,,2.284295082092285,3.960397720336914,-0.016605128534138203,-6.2666051387786865,,0.9855655909156279,6.250000010244548,True,2, telegram|a,right,right,known,True,3.1223464012145996,m,True,True,m,True
es,carisma,m,charisma,exception_ma,wiktionary:kaikki@2026-10-03,True,,charisma,3.54,,,,loan,,5.4238128662109375,2.6910343170166016,-0.06670219264924526,-3.316702127456665,,0.9787689374203768,3.2499999348074198,True,2, car|isma,right,right,known,True,4.0574235916137695,m,True,True,m,True
es,enigma,m,enigma,exception_ma,wiktionary:kaikki@2026-10-03,True,,"enigma, conundrum (something that is puzzling)",3.51,,,,native,,5.551708221435547,5.840848922729492,-0.029288707301020622,-4.9042887687683105,,0.9785532722541752,4.87500006146729,True,2, en|igma,right,right,known,True,5.6962785720825195,m,True,True,m,True
es,emblema,m,emblem,exception_ma,wiktionary:kaikki@2026-10-03,True,,emblem,3.5,,,,loan,,3.899991989135742,3.0118541717529297,-0.04944365285336971,-3.3619437217712402,,0.9864934835961987,3.3125000689178705,True,3, em|ble|ma,right,right,known,True,3.455923080444336,m,True,True,m,True
es,estigma,m,stigma,exception_ma,wiktionary:kaikki@2026-10-03,True,,stigma,3.45,,,,loan,,4.348052978515625,4.005979537963867,-0.06921528838574886,-3.2567152976989746,,0.97346049469986,3.1875000093132257,True,2, est|igma,right,right,known,True,4.177016258239746,m,True,True,m,True
es,dogma,m,dogma,exception_ma,wiktionary:kaikki@2026-10-03,True,,dogma,3.38,,,,native,,6.8164567947387695,3.321528434753418,-0.020437325350940228,-5.457937240600586,,0.9841076114974898,5.437499915249646,True,2, dog|ma,right,right,known,True,5.068992614746094,m,True,True,m,True
es,prisma,m,prism,exception_ma,wiktionary:kaikki@2026-10-03,True,,prism (a polyhedron with parallel ends of the same size and shape),3.32,,,,loan,,4.568920135498047,3.324687957763672,-0.027278244495391846,-4.402278304100037,,0.9877777454811213,4.375000059604645,True,2, pr|isma,right,right,known,True,3.9468040466308594,m,True,True,m,True
es,teorema,m,theorem,exception_ma,wiktionary:kaikki@2026-10-03,False,,theorem,3.27,,,,unknown,,6.241668701171875,6.864461898803711,-0.012135091703385115,-7.074635028839111,,0.9887863786273527,7.062499937135726,True,3, te|ore|ma,right,right,known,True,6.553065299987793,m,True,True,m,True
es,genoma,m,genome,exception_ma,wiktionary:kaikki@2026-10-03,False,,genome (complete genetic information of an organism),3.14,,,,unknown,,3.0976552963256836,4.020109176635742,-0.026545857079327106,-4.901545763015747,,0.98129619277294,4.87499990593642,True,2, gen|oma,right,right,known,True,3.558882236480713,m,True,True,m,True
es,cromosoma,m,chromosome,exception_ma,wiktionary:kaikki@2026-10-03,False,,chromosome,3.01,,,,loan,,3.1987171173095703,4.577617645263672,-0.049439309164881706,-5.174439430236816,,0.9578275055687693,5.125000121071935,True,4, c|rom|os|oma,right,right,known,True,3.888167381286621,m,True,True,m,True
es,panorama,m,scenery,exception_ma,wiktionary:kaikki@2026-10-03,True,,scenery,4.29,,,,unknown,,3.715147018432617,6.124567031860352,-0.023973030503839254,-4.711472988128662,,0.9867541153122339,4.687499957624823,True,1, panorama,right,right,known,True,4.919857025146484,m,True,True,m,True
es,crucigrama,m,crossword,exception_ma,wiktionary:kaikki@2026-10-03,False,,crossword,2.64,,,,unknown,,2.594268798828125,3.266921043395996,-0.013226788956671953,-6.075726747512817,,0.9892717813244215,6.062499958556145,True,3, cruc|ig|rama,right,right,known,True,2.9305949211120605,m,True,True,m,True
es,hematoma,m,bruise,exception_ma,wiktionary:kaikki@2026-10-03,False,,bruise,2.72,,,,unknown,,3.933382034301758,4.854581832885742,-0.029853815212845802,-4.404853820800781,,0.9828056860691519,4.3750000055879354,True,2, hemat|oma,right,right,known,True,4.39398193359375,m,True,True,m,True
es,ecosistema,m,ecosystem,exception_ma,wiktionary:kaikki@2026-10-03,False,,ecosystem,3.75,,,,unknown,,4.722070693969727,5.497453689575195,-0.027005739510059357,-5.214505672454834,,0.9793184649401905,5.187499932944775,True,3, e|cos|istema,right,right,known,True,5.109762191772461,m,True,True,m,True
es,drama,m,drama,exception_ma,wiktionary:kaikki@2026-10-03,True,,"drama (genre in art, film, theatre and literature or a work of said genre)",4.45,,,,loan,,3.7056217193603516,5.158598899841309,-0.13269038684666157,-3.1326903700828552,,0.9850270730561472,2.9999999832361937,True,1, drama,right,right,known,True,4.43211030960083,m,True,True,m,True
es,foto,f,photo,exception_clipping,wiktionary:kaikki@2026-10-03,False,,"photo, photograph",5.34,,,,unknown,,-4.057892799377441,-5.345954895019531,-6.576931715011597,-0.014431776478886604,,0.9871326195623589,-6.56249993853271,True,1, foto,right,right,known,True,-4.701923847198486,f,True,True,f,True
es,moto,f,motorcycle,exception_clipping,wiktionary:kaikki@2026-10-03,True,,motorcycle,4.32,,,,unknown,clipping sense is tagged abbreviation so the lexicon skipped it; only other sense is rare masculine 'milestone',-3.1891422271728516,-3.917757034301758,-4.164056062698364,-0.03905601520091295,,0.9879282585346534,-4.125000047497451,True,1, moto,right,right,known,True,-3.5534496307373047,f,True,True,f,True
es,día,m,day,exception_true,wiktionary:kaikki@2026-10-03,False,,day (any period of 24 hours),5.96,,,,native,,7.230594635009766,7.311856269836426,-0.015567335300147533,-7.328067302703857,,0.9853174668202427,7.31249996740371,True,1, día,right,right,known,True,7.271225452423096,m,True,True,m,True
es,mapa,m,map,exception_true,wiktionary:kaikki@2026-10-03,False,,map (sheet with geographical information on it),4.63,,,,native,,6.028294563293457,6.631233215332031,-0.00792425754480064,-6.445424318313599,,0.9939522830073109,6.437500060768798,True,1, mapa,right,right,known,True,6.329763889312744,m,True,True,m,True
es,planeta,m,planet,exception_true,wiktionary:kaikki@2026-10-03,True,,planet,4.74,,,,native,,5.719663619995117,7.023125648498535,-0.020055603701621294,-4.457555532455444,,0.9928485155380121,4.437499928753823,True,2, plan|eta,right,right,known,True,6.371394634246826,m,True,True,m,True
es,tranvía,m,tram,exception_true,wiktionary:kaikki@2026-10-03,False,,tram,3.49,,,,unknown,,2.3539905548095703,3.3003292083740234,-0.013830427080392838,-5.4513304233551025,,0.9912490748221927,5.43749999627471,True,3, tran|v|ía,right,right,known,True,2.827159881591797,m,True,True,m,True
es,mediodía,m,noon,exception_true,wiktionary:kaikki@2026-10-03,False,,"noon, midday",4.13,,,,unknown,,2.935880661010742,3.0826568603515625,-0.028329099528491497,-5.590829133987427,,0.9759843174023133,5.562500034458935,True,3, med|iod|ía,right,right,known,True,3.0092687606811523,m,True,True,m,True
es,sofá,m,sofa,exception_true,wiktionary:kaikki@2026-10-03,True,,"sofa, couch",3.96,,,,loan,,7.097747802734375,8.143938064575195,-0.018718186765909195,-4.893718004226685,,0.9898982188123768,4.874999817460775,True,2, sof|á,right,right,known,True,7.620842933654785,m,True,True,m,True
es,mano,f,hand,exception_true,wiktionary:kaikki@2026-10-03,False,,hand,5.38,,,,native,masculine is regional slang ('bro'); verb manar 'to flow' is rare; every ordinary sense is feminine,-5.878666877746582,-5.108593940734863,-4.958199977874756,-0.020699886605143547,,0.9865521861109108,-4.937500091269612,True,1, mano,right,right,known,True,-5.493630409240723,f,True,True,f,True
