lemma,gender,concept_en,zipf,ru_ending,set,cell,ctx1_margin,ctx1_rival,ctx2_margin,ctx2_rival,status
время,n,time,6.21,mja,framecheck,,6.111753463745117,f,5.8137054443359375,f,known
том,m,volume,6.0,cons,framecheck,,2.440566062927246,n,4.71333122253418,n,known
год,m,year,5.76,cons,framecheck,,6.156170845031738,f,6.202617645263672,n,known
место,n,place,5.71,o,framecheck,,5.987801551818848,f,4.890364646911621,m,known
дело,n,affair,5.67,o,framecheck,,7.9176201820373535,f,8.015218257904053,f,known
вопрос,m,question,5.57,cons,framecheck,,4.0427446365356445,n,6.3301496505737305,n,known
дом,m,house,5.51,cons,framecheck,,3.4187870025634766,n,5.051126480102539,n,known
участие,n,participation,5.38,o,framecheck,,4.260122299194336,m,3.669112205505371,m,known
мир,m,peace,5.38,cons,framecheck,,5.107084274291992,f,4.56163215637207,n,known
момент,m,moment,5.37,cons,framecheck,,3.8535194396972656,f,6.268413543701172,f,known
город,m,city,5.35,cons,framecheck,,5.801369667053223,n,7.353483200073242,n,known
течение,n,current,5.34,o,framecheck,,3.9395627975463867,f,3.4760494232177734,f,known
работа,f,work,5.33,a,framecheck,,5.178328514099121,m,7.081320285797119,m,known
период,m,period,5.33,cons,framecheck,,5.625070571899414,f,7.430807113647461,f,known
количество,n,quantity,5.32,o,framecheck,,5.017496109008789,f,4.593524932861328,m,known
имя,n,personal name,5.31,mja,framecheck,,5.1352949142456055,f,4.929117202758789,f,known
ночь,f,night,5.3,soft,framecheck,,4.131616592407227,n,5.623394012451172,n,known
возможность,f,opportunity,5.28,soft,framecheck,,4.79148006439209,n,7.299737930297852,n,known
история,f,history,5.27,a,framecheck,,5.536221981048584,n,6.679376602172852,n,known
решение,n,decision,5.27,o,framecheck,,7.063788414001465,f,5.939742565155029,m,known
помощь,f,help,5.25,soft,framecheck,,4.176682472229004,n,4.994420051574707,n,known
сайт,m,website,5.23,cons,framecheck,,5.4737396240234375,n,6.08942174911499,f,known
состав,m,composition,5.22,cons,framecheck,,3.4737396240234375,f,6.598541259765625,f,known
группа,f,group,5.2,a,framecheck,,6.687983512878418,n,6.854089736938477,n,known
слово,n,word,5.2,o,framecheck,,7.630555629730225,m,5.447076320648193,m,known
развитие,n,development,5.19,o,framecheck,,5.8438310623168945,f,5.469816207885742,f,known
настоящее,n,present,5.18,o,framecheck,,3.765873908996582,f,5.751364707946777,f,known
закон,m,law,5.18,cons,framecheck,,5.291386604309082,n,5.838835716247559,n,known
система,f,system,5.18,a,framecheck,,6.840879440307617,n,6.737573623657227,m,known
центр,m,center,5.17,cons,framecheck,,5.3820695877075195,n,5.677097320556641,n,known
сердце,n,heart,5.17,o,framecheck,,5.214208602905273,f,4.334003448486328,m,known
ряд,m,row,5.16,cons,framecheck,,3.996725082397461,n,5.972856521606445,n,known
ответ,m,answer,5.16,cons,framecheck,,3.7678098678588867,n,5.87100887298584,n,known
главное,n,main thing,5.15,o,framecheck,,6.0319671630859375,f,3.8406238555908203,f,known
час,m,hour,5.14,cons,framecheck,,4.683402061462402,n,5.290258407592773,f,known
компания,f,company,5.14,a,framecheck,,5.385812759399414,n,4.279812812805176,m,known
список,m,list,5.14,cons,framecheck,,4.847199440002441,n,6.490534782409668,f,known
вид,m,look,5.13,cons,framecheck,,6.50474739074707,f,6.992885589599609,n,known
начал,m,old believer prayer,5.13,cons,framecheck,,-4.386111259460449,n,-0.6632604598999023,n,unsure
проект,m,project,5.12,cons,framecheck,,5.3577728271484375,n,6.223276615142822,n,known
игра,f,game,5.11,a,framecheck,,6.376021385192871,n,5.736459255218506,m,known
очередь,f,queue,5.1,soft,framecheck,,4.475455284118652,n,5.958211898803711,n,known
сезон,m,season,5.1,cons,framecheck,,5.117086410522461,n,5.0244855880737305,n,known
суд,m,court,5.09,cons,framecheck,,2.7810535430908203,n,5.62060546875,f,known
поле,n,field,5.09,o,framecheck,,6.2133588790893555,f,5.029266357421875,m,known
правительство,n,government,5.08,o,framecheck,,4.197831153869629,f,6.804347991943359,m,known
первое,n,first thing,5.08,o,framecheck,,6.705720901489258,f,6.815011978149414,f,known
область,f,region,5.08,soft,framecheck,,6.3987579345703125,n,5.490840911865234,n,known
месяц,m,month,5.08,cons,framecheck,,4.941897392272949,n,5.104087829589844,n,known
команда,f,command,5.07,a,framecheck,,5.279233932495117,n,4.536013603210449,m,known
большинство,n,majority,5.07,o,framecheck,,8.04007625579834,m,1.0048112869262695,m,known
клуб,m,cloud,5.07,cons,framecheck,,5.05511474609375,n,6.350537300109863,n,known
речь,f,speech,5.07,soft,framecheck,,5.5381059646606445,n,3.607818603515625,m,known
интернет,m,internet,5.07,cons,framecheck,,4.132809638977051,n,3.2530717849731445,n,known
совет,m,advice,5.06,cons,framecheck,,5.994026184082031,n,7.514222145080566,n,known
деятельность,f,activity,5.06,soft,framecheck,,3.5484142303466797,n,4.621074676513672,n,known
начало,n,beginning,5.05,o,framecheck,,4.998605728149414,f,4.342350959777832,m,known
план,m,plan,5.05,cons,framecheck,,2.441864013671875,f,7.550971031188965,f,known
книга,f,book,5.05,a,framecheck,,7.788852691650391,n,6.291365146636963,n,known
бизнес,m,business,5.05,cons,framecheck,,2.202559471130371,n,4.380764961242676,n,known
производство,n,production,5.05,o,framecheck,,7.7656965255737305,f,6.854540824890137,m,known
проблема,f,problem,5.04,a,framecheck,,5.944681167602539,m,4.6305131912231445,m,known
семья,f,family,5.04,a,framecheck,,7.2618303298950195,n,3.565585136413574,m,known
строительство,n,construction,5.04,o,framecheck,,4.537985801696777,f,2.7739181518554688,f,known
процесс,m,process,5.03,cons,framecheck,,3.0758113861083984,n,6.175746917724609,n,known
свет,m,light,5.03,cons,framecheck,,3.4173717498779297,f,6.071239471435547,n,known
голос,m,voice,5.03,cons,framecheck,,4.603581428527832,n,5.154809951782227,n,known
движение,n,movement,5.03,o,framecheck,,6.525730133056641,f,8.578439712524414,f,known
матч,m,match,5.02,cons,framecheck,,4.558361053466797,f,5.497753143310547,f,known
положение,n,position,5.01,o,framecheck,,6.263912200927734,f,6.702890396118164,m,known
море,n,sea,5.0,o,framecheck,,4.563474655151367,m,2.583028793334961,f,known
вечер,m,evening,5.0,cons,framecheck,,5.646343231201172,f,4.036696434020996,f,known
версия,f,version,4.99,a,framecheck,,6.866964340209961,m,6.560580730438232,m,known
пора,f,time,4.99,a,framecheck,,5.277472496032715,n,4.234697341918945,n,known
утро,n,morning,4.98,o,framecheck,,8.17526626586914,m,2.8964834213256836,m,known
конец,m,end,4.98,cons,framecheck,,3.1117591857910156,n,3.4319467544555664,f,known
пост,m,fast,4.98,cons,framecheck,,3.6450014114379883,n,3.647602081298828,n,known
состояние,n,state,4.98,o,framecheck,,4.807801246643066,f,4.711252212524414,f,known
создание,n,creation,4.97,o,framecheck,,3.009392738342285,f,5.169356346130371,f,known
выбор,m,choice,4.97,cons,framecheck,,5.414531707763672,f,5.4675493240356445,f,known
способ,m,method,4.97,cons,framecheck,,5.733804702758789,f,7.813410758972168,f,known
война,f,war,4.97,a,framecheck,,4.098697662353516,n,6.554616928100586,n,known
случай,m,case,4.96,cons,framecheck,,5.647514343261719,n,7.621354103088379,f,known
курс,m,course,4.96,cons,framecheck,,6.2388715744018555,n,6.714846134185791,n,known
взгляд,m,glance,4.96,cons,framecheck,,5.797418594360352,n,6.057722091674805,f,known
руководство,n,guidance,4.96,o,framecheck,,8.873678207397461,f,8.547059059143066,f,known
смог,m,smog,4.96,cons,framecheck,,3.417936325073242,n,5.934737205505371,f,known
оружие,n,weapon,4.96,o,framecheck,,6.687677383422852,m,4.495584487915039,m,known
мнение,n,opinion,4.96,o,framecheck,,7.029355049133301,f,6.016796112060547,f,known
телефон,m,telephone,4.95,cons,framecheck,,5.30604362487793,n,5.094948768615723,n,known
рост,m,growth,4.95,cons,framecheck,,3.732332229614258,n,5.30976676940918,n,known
название,n,name,4.95,o,framecheck,,5.764494895935059,f,5.326227188110352,f,known
журнал,m,magazine,4.94,cons,framecheck,,5.867282867431641,n,5.33817195892334,f,known
тело,n,body,4.94,o,framecheck,,6.626616477966309,m,5.300882339477539,m,known
песня,f,song,4.94,a,framecheck,,5.487607002258301,n,4.273138046264648,m,known
результат,m,effect,4.93,cons,framecheck,,4.490772247314453,f,6.29182243347168,f,known
общество,n,society,4.93,o,framecheck,,6.420368194580078,f,7.437381744384766,m,known
опыт,m,experience,4.92,cons,framecheck,,5.84267520904541,n,7.67845344543457,n,known
управление,n,administration,4.92,o,framecheck,,6.559258460998535,f,6.786768913269043,f,known
связь,f,tie,4.92,soft,framecheck,,4.611668586730957,m,5.140459060668945,n,known
правило,n,rule,4.92,o,framecheck,,7.445228576660156,f,6.625850200653076,m,known
серия,f,series,4.91,a,framecheck,,6.5543212890625,m,3.9002676010131836,m,known
факт,m,fact,4.91,cons,framecheck,,3.6449928283691406,f,5.08662223815918,f,known
письмо,n,letter,4.91,o,framecheck,,7.743472576141357,f,4.557798862457275,m,known
срок,m,period,4.91,cons,framecheck,,2.860354423522949,f,5.368575096130371,f,known
предложение,n,offer,4.91,o,framecheck,,6.83832311630249,f,5.3657546043396,m,known
идея,f,idea,4.91,a,framecheck,,7.380969524383545,m,7.861672401428223,m,known
смысл,m,sense,4.9,cons,framecheck,,5.775352478027344,f,7.135100364685059,f,known
информация,f,information,4.9,a,framecheck,,5.7003936767578125,n,6.524646759033203,n,known
полиция,f,police,4.9,a,framecheck,,5.187285423278809,m,5.645137786865234,m,known
значение,n,significance,4.89,o,framecheck,,6.715993881225586,f,6.464488983154297,m,known
союз,m,union,4.89,cons,framecheck,,4.125432968139648,n,2.862100601196289,n,known
будущее,n,future,4.89,o,framecheck,,6.586514472961426,f,4.878997802734375,f,known
здание,n,building,4.89,o,framecheck,,6.543227195739746,m,5.665195941925049,m,known
чувство,n,sense,4.88,o,framecheck,,4.147957801818848,f,4.4626264572143555,f,known
сообщение,n,report,4.88,o,framecheck,,6.197788238525391,f,5.613463878631592,m,known
глаз,m,eye,4.88,cons,framecheck,,5.929081916809082,n,6.767226219177246,n,known
образование,n,formation,4.88,o,framecheck,,6.825746536254883,f,6.312755584716797,m,known
спорт,m,sport,4.87,cons,framecheck,,2.8730506896972656,n,3.849468231201172,n,known
политика,f,politics,4.87,a,framecheck,,6.473413467407227,n,7.716817855834961,n,known
цена,f,price,4.87,a,framecheck,,4.341861724853516,m,5.965326309204102,m,known
организация,f,organization,4.87,a,framecheck,,4.097206115722656,m,4.077278137207031,m,known
партия,f,party,4.87,a,framecheck,,5.975683212280273,n,7.408700942993164,m,known
экономика,f,economy,4.86,a,framecheck,,8.13238525390625,n,7.280969619750977,m,known
выход,m,going out,4.86,cons,framecheck,,7.143804550170898,f,6.529287338256836,f,known
контракт,m,contract,4.86,cons,framecheck,,3.1892995834350586,f,4.621530532836914,f,known
порядок,m,order,4.86,cons,framecheck,,3.5260581970214844,n,5.770412445068359,n,known
влияние,n,influence,4.86,o,framecheck,,7.489142417907715,m,6.826442718505859,m,known
музыка,f,music,4.85,a,framecheck,,6.379936218261719,m,5.91099739074707,m,known
государство,n,state,4.85,o,framecheck,,3.688068389892578,f,5.265905380249023,f,known
церковь,f,church,4.84,soft,framecheck,,6.867830276489258,m,3.534841537475586,m,known
школа,f,school,4.84,a,framecheck,,5.797101974487305,n,5.030120849609375,m,known
вариант,m,version,4.83,cons,framecheck,,6.016457557678223,n,7.769556045532227,f,known
институт,m,institute,4.83,cons,framecheck,,2.1956787109375,n,5.229096412658691,f,known
текст,m,text,4.83,cons,framecheck,,5.412137031555176,n,7.706940650939941,f,known
отличие,n,difference,4.82,o,framecheck,,7.12339973449707,f,6.907159805297852,m,known
площадь,f,square,4.82,soft,framecheck,,5.8650360107421875,n,4.923830986022949,m,known
множество,n,multitude,4.82,o,framecheck,,5.572979927062988,f,5.524444580078125,f,known
чемпионат,m,championship,4.82,cons,framecheck,,-0.040190696716308594,n,1.2946386337280273,n,unsure
использование,n,use,4.82,o,framecheck,,4.221506118774414,f,4.750422477722168,f,known
шаг,m,step,4.82,cons,framecheck,,5.314882278442383,n,6.366273880004883,n,known
желание,n,wish,4.81,o,framecheck,,5.452293395996094,f,5.053337097167969,f,known
страна,f,country,4.81,a,framecheck,,7.625261306762695,m,6.536943435668945,m,known
адрес,m,address,4.81,cons,framecheck,,5.0844831466674805,n,7.024287223815918,n,known
режим,m,regime,4.81,cons,framecheck,,6.593453407287598,n,5.092528343200684,f,known
образ,m,shape,4.8,cons,framecheck,,4.571359634399414,n,7.446935653686523,n,known
содержание,n,keeping,4.8,o,framecheck,,4.808692932128906,f,5.178192138671875,m,known
второе,n,second course,4.8,o,framecheck,,7.609589576721191,f,5.993304252624512,m,known
остров,m,island,4.8,cons,framecheck,,5.449688911437988,n,4.923467636108398,n,known
отсутствие,n,lack,4.8,o,framecheck,,4.628517150878906,m,3.5228757858276367,m,known
увеличение,n,increase,4.8,o,framecheck,,7.832355499267578,f,7.704726219177246,f,known
сборная,f,combined team,4.79,a,framecheck,,10.379354476928711,m,8.786277770996094,n,known
завод,m,factory,4.79,cons,framecheck,,2.20550537109375,f,5.411166191101074,f,known
сон,m,sleep,4.79,cons,framecheck,,3.8634681701660156,f,6.151145935058594,n,known
выпуск,m,issue,4.79,cons,framecheck,,9.65861701965332,n,6.480884552001953,n,known
перевод,m,transfer,4.79,cons,framecheck,,5.941242218017578,n,6.788758277893066,n,known
встреча,f,meeting,4.79,a,framecheck,,5.909205436706543,n,5.816059112548828,m,known
банк,m,bank,4.78,cons,framecheck,,3.8476152420043945,n,4.245943069458008,n,known
скорость,f,speed,4.78,soft,framecheck,,3.4810590744018555,n,5.755287170410156,n,known
стол,m,table,4.78,cons,framecheck,,1.3957843780517578,n,4.258642196655273,n,known
район,m,district,4.78,cons,framecheck,,5.8008575439453125,n,6.181243896484375,n,known
издание,n,publication,4.78,o,framecheck,,6.750343322753906,m,5.2582550048828125,m,known
комплекс,m,complex,4.78,cons,framecheck,,6.823629379272461,n,7.374355316162109,f,known
задача,f,problem,4.78,a,framecheck,,6.564431190490723,n,5.957065582275391,m,known
пара,f,pair,4.77,a,framecheck,,6.83879280090332,n,4.991460800170898,m,known
действие,n,action,4.77,o,framecheck,,6.090929985046387,f,5.711514472961426,m,known
размер,m,size,4.77,cons,framecheck,,3.7369508743286133,f,5.007328033447266,f,known
солнце,n,sun,4.77,o,framecheck,,2.846498489379883,f,5.663089752197266,m,known
отношение,n,attitude,4.77,o,framecheck,,6.356379508972168,f,4.435967445373535,m,known
искусство,n,art,4.77,o,framecheck,,6.20902156829834,m,5.268438339233398,m,known
удар,m,hit,4.77,cons,framecheck,,5.22194766998291,f,5.163000106811523,f,known
земля,f,earth,4.77,a,framecheck,,7.451342582702637,m,5.727736473083496,m,known
температура,f,temperature,4.76,a,framecheck,,3.1048851013183594,n,3.110382080078125,m,known
комитет,m,committee,4.76,cons,framecheck,,4.109933853149414,n,4.395441055297852,n,known
ситуация,f,situation,4.76,a,framecheck,,6.662598609924316,n,6.910834312438965,n,known
убийство,n,murder,4.76,o,framecheck,,6.054759979248047,m,3.451033592224121,m,known
статья,f,article,4.76,a,framecheck,,7.073790073394775,m,5.745021343231201,m,known
качество,n,quality,4.75,o,framecheck,,6.590947151184082,m,5.278128623962402,m,known
подарок,m,present,4.75,cons,framecheck,,4.72597599029541,n,6.252496719360352,n,known
сила,f,strength,4.75,a,framecheck,,5.241154670715332,n,7.490896224975586,n,known
разговор,m,talk,4.74,cons,framecheck,,3.639859199523926,n,10.01802921295166,n,known
минуту,f,jiffy,4.74,cons,framecheck,,0.6981182098388672,n,2.5422706604003906,n,unsure
источник,m,spring,4.74,cons,framecheck,,4.040594100952148,n,6.9587202072143555,f,known
газета,f,newspaper,4.74,a,framecheck,,4.506363868713379,m,3.679783821105957,m,known
интерес,m,interest,4.74,cons,framecheck,,5.343362808227539,f,4.533348083496094,f,known
цвет,m,color,4.74,cons,framecheck,,6.5760698318481445,n,6.797591209411621,f,known
судьба,f,destiny,4.74,a,framecheck,,5.945496559143066,n,5.762369155883789,n,known
армия,f,army,4.74,a,framecheck,,6.598357200622559,m,4.659223556518555,m,known
должность,f,office,4.74,soft,framecheck,,3.462207794189453,n,4.529768943786621,n,known
кровь,f,blood,4.74,soft,framecheck,,2.381885528564453,n,2.3607540130615234,n,known
золото,n,gold,4.73,o,framecheck,,5.793471336364746,m,5.483491897583008,f,known
договор,m,agreement,4.73,cons,framecheck,,3.225391387939453,f,5.214488983154297,f,known
знак,m,sign,4.73,cons,framecheck,,3.616334915161133,n,7.0596466064453125,n,known
футбол,m,football,4.73,cons,framecheck,,4.018312454223633,n,4.689510345458984,n,known
альбом,m,album,4.72,cons,framecheck,,2.716123580932617,f,5.039332389831543,n,known
праздник,m,holiday,4.71,cons,framecheck,,2.246169090270996,n,4.025712966918945,f,known
форма,f,form,4.71,a,framecheck,,5.142580986022949,m,5.4467315673828125,m,known
шанс,m,chance,4.71,cons,framecheck,,4.101892471313477,n,5.26237678527832,f,known
парк,m,park,4.71,cons,framecheck,,6.6075439453125,n,6.181109428405762,n,known
банка,f,jar,4.71,a,framecheck,,5.337965965270996,m,4.013175010681152,m,known
дорога,f,road,4.71,a,framecheck,,8.362695693969727,n,7.22053337097168,m,known
участок,m,part,4.71,cons,framecheck,,4.136959075927734,f,5.469755172729492,n,known
заявление,n,declaration,4.71,o,framecheck,,7.367951393127441,f,7.502782821655273,f,known
победа,f,victory,4.71,a,framecheck,,4.594223976135254,n,4.793710708618164,n,known
ход,m,motion,4.7,cons,framecheck,,2.8616867065429688,n,6.4416704177856445,n,known
запись,f,record,4.7,soft,framecheck,,5.892816543579102,n,4.7786736488342285,m,known
пример,m,example,4.7,cons,framecheck,,4.8934478759765625,n,5.387637138366699,n,known
статус,m,status,4.7,cons,framecheck,,4.349242210388184,f,4.780993461608887,f,known
фонд,m,fund,4.7,cons,framecheck,,6.657456398010254,n,5.296546936035156,f,known
причина,f,cause,4.7,a,framecheck,,6.76633358001709,m,5.108133316040039,m,known
рынок,m,marketplace,4.7,cons,framecheck,,2.055255889892578,n,3.879544258117676,n,known
пресс,m,press,4.69,cons,framecheck,,0.4846649169921875,n,1.3666162490844727,n,unsure
население,n,population,4.69,o,framecheck,,4.499794006347656,m,5.645673751831055,m,known
газ,m,gas,4.69,cons,framecheck,,-0.1552600860595703,f,2.076714515686035,f,unsure
давление,n,pressure,4.69,o,framecheck,,10.346308708190918,f,6.292623519897461,f,known
ветер,m,wind,4.69,cons,framecheck,,2.166524887084961,n,5.120504379272461,n,known
магазин,m,shop,4.69,cons,framecheck,,1.6814212799072266,f,3.427821159362793,f,known
литература,f,literature,4.68,a,framecheck,,4.360740661621094,n,4.012890815734863,n,known
край,m,border,4.68,cons,framecheck,,4.842735290527344,f,4.5641326904296875,f,known
успех,m,success,4.68,cons,framecheck,,1.2553625106811523,n,5.035544395446777,n,known
этап,m,step,4.68,cons,framecheck,,6.41417121887207,n,6.699402809143066,n,known
рот,m,mouth,4.68,cons,framecheck,,6.214982986450195,n,5.089311599731445,f,known
ключ,m,key,4.68,cons,framecheck,,1.369215965270996,n,4.104567527770996,n,known
запад,m,west,4.68,cons,framecheck,,4.217397689819336,n,3.8504371643066406,n,known
премьера,f,premiere,4.68,a,framecheck,,2.71634578704834,m,3.576931953430176,m,known
ответственность,f,responsibility,4.68,soft,framecheck,,4.563767433166504,n,5.134613037109375,n,known
понедельник,m,monday,4.68,cons,framecheck,,3.2147817611694336,f,1.140183448791504,n,known
описание,n,description,4.68,o,framecheck,,5.664104461669922,f,5.96713924407959,f,known
устройство,n,arrangement,4.67,o,framecheck,,6.112054824829102,f,5.543916702270508,m,known
сборник,m,collection,4.67,cons,framecheck,,4.263082504272461,n,5.212502479553223,f,known
тема,f,theme,4.67,a,framecheck,,5.274982452392578,n,5.88629150390625,n,known
плюс,m,plus sign,4.67,cons,framecheck,,1.0938615798950195,n,3.769376754760742,n,known
воскресенье,n,sunday,4.67,o,framecheck,,6.326935768127441,m,5.539079666137695,m,known
восток,m,east,4.67,cons,framecheck,,4.625637054443359,n,6.528872489929199,f,known
здоровье,n,health,4.67,o,framecheck,,6.2356367111206055,f,5.684279441833496,m,known
оценка,f,valuation,4.66,a,framecheck,,7.111289978027344,n,6.047985076904297,m,known
приказ,m,order,4.66,cons,framecheck,,1.4298362731933594,n,3.3017663955688477,f,known
зал,m,hall,4.66,cons,framecheck,,3.4774608612060547,n,5.146780967712402,f,known
окно,n,window,4.66,o,framecheck,,3.921377182006836,m,4.340549468994141,m,known
лучшее,n,something better,4.66,o,framecheck,,4.234137535095215,m,3.99462890625,m,known
повышение,n,raise,4.65,o,framecheck,,6.26155948638916,f,6.690723419189453,f,known
разница,f,difference,4.65,a,framecheck,,4.380551338195801,n,3.646381378173828,m,known
применение,n,application,4.65,o,framecheck,,4.972225189208984,m,4.770196914672852,f,known
наличие,n,availability,4.65,o,framecheck,,3.3267898559570312,f,3.4967422485351562,f,known
канал,m,channel,4.65,cons,framecheck,,3.755856513977051,n,5.057188034057617,n,known
музей,m,museum,4.65,cons,framecheck,,5.463705062866211,f,5.999037742614746,f,known
воздух,m,air,4.65,cons,framecheck,,3.6383514404296875,n,4.743064880371094,n,known
анализ,m,analysis,4.65,cons,framecheck,,5.397436141967773,f,5.864192962646484,f,known
округа,f,neighbourhood,4.65,a,framecheck,,1.856496810913086,n,1.8323583602905273,n,known
концерт,m,concert,4.65,cons,framecheck,,8.280226707458496,n,8.065695762634277,f,known
отдел,m,department,4.64,cons,framecheck,,4.242618560791016,f,5.867120742797852,f,known
схема,f,scheme,4.64,a,framecheck,,6.038190841674805,m,6.219596862792969,m,known
памятник,m,monument,4.64,cons,framecheck,,3.226639747619629,n,6.291189193725586,n,known
ремонт,m,repair,4.64,cons,framecheck,,6.389963150024414,f,6.661195755004883,f,known
конкурс,m,contest,4.64,cons,framecheck,,6.90574836730957,f,6.798563003540039,f,known
возраст,m,age,4.63,cons,framecheck,,2.954768180847168,n,4.471336364746094,n,known
ужин,m,supper,4.63,cons,framecheck,,1.1878385543823242,n,2.5679636001586914,n,known
счастье,n,happiness,4.63,o,framecheck,,2.8995914459228516,f,3.04642391204834,m,known
вес,m,weight,4.63,cons,framecheck,,4.5142059326171875,n,3.8682384490966797,n,known
борьба,f,struggle,4.63,a,framecheck,,3.3535919189453125,n,2.46408748626709,m,known
круг,m,circle,4.63,cons,framecheck,,5.464756011962891,n,6.724457740783691,n,known
штаб,m,headquarters,4.63,cons,framecheck,,4.433746337890625,n,6.9946699142456055,f,known
долг,m,debt,4.63,cons,framecheck,,2.464320182800293,n,6.066832542419434,n,known
финал,m,finale,4.63,cons,framecheck,,8.49295425415039,f,5.278444290161133,f,known
гол,m,goal,4.63,cons,framecheck,,0.7600250244140625,f,2.544118881225586,f,unsure
теория,f,theory,4.63,a,framecheck,,8.963249206542969,n,7.636575698852539,m,known
наука,f,science,4.63,a,framecheck,,3.5346269607543945,n,2.9775772094726562,n,known
доступ,m,access,4.62,cons,framecheck,,2.0499439239501953,n,4.6112775802612305,n,known
операция,f,operation,4.62,a,framecheck,,6.526972770690918,n,8.03650951385498,n,known
турнир,m,tournament,4.62,cons,framecheck,,3.940690040588379,n,6.466753005981445,n,known
лечение,n,treatment,4.62,o,framecheck,,4.5963945388793945,f,5.162297248840332,f,known
небо,n,sky,4.62,o,framecheck,,4.321054458618164,f,4.027228355407715,m,known
труд,m,work,4.62,cons,framecheck,,3.3830642700195312,n,5.431281089782715,f,known
открытие,n,opening,4.61,o,framecheck,,7.122847557067871,m,4.964751243591309,m,known
соглашение,n,agreement,4.61,o,framecheck,,6.550856590270996,f,4.795601844787598,m,known
храм,m,temple,4.61,cons,framecheck,,2.770313262939453,n,5.082254409790039,n,known
картина,f,picture,4.61,a,framecheck,,7.361647605895996,m,5.204028129577637,m,known
аэропорт,m,airport,4.61,cons,framecheck,,4.209332466125488,n,5.630022048950195,n,known
минимум,m,minimum,4.61,cons,framecheck,,1.9638538360595703,n,3.1509475708007812,n,known
исследование,n,research,4.61,o,framecheck,,8.928299903869629,f,6.3503522872924805,f,known
вещь,f,thing,4.61,soft,framecheck,,3.9995765686035156,n,5.143393516540527,n,known
код,m,code,4.6,cons,framecheck,,3.031963348388672,n,5.125889301300049,n,known
эффект,m,effect,4.6,cons,framecheck,,6.914857864379883,f,8.13131332397461,f,known
собрание,n,meeting,4.6,o,framecheck,,7.95888614654541,f,4.338825225830078,m,known
оборудование,n,equipment,4.59,o,framecheck,,5.728485107421875,f,6.0910797119140625,f,known
служба,f,service,4.59,a,framecheck,,5.743467330932617,n,4.297989845275879,n,known
материал,m,material,4.59,cons,framecheck,,5.282922744750977,f,7.044649124145508,f,known
министерство,n,ministry,4.59,o,framecheck,,2.925983428955078,m,4.770103454589844,m,known
расследование,n,investigation,4.59,o,framecheck,,6.421762466430664,m,3.129465103149414,f,known
поражение,n,defeat,4.59,o,framecheck,,5.386079788208008,f,7.460144996643066,f,known
практика,f,practice,4.58,a,framecheck,,6.512945175170898,n,7.285932540893555,m,known
лес,m,forest,4.58,cons,framecheck,,5.867236137390137,n,6.970059394836426,n,known
звук,m,sound,4.58,cons,framecheck,,6.461081504821777,n,6.666810989379883,n,known
секс,m,sex,4.58,cons,framecheck,,1.833749771118164,n,3.114818572998047,n,known
культура,f,culture,4.58,a,framecheck,,3.8036184310913086,n,4.726938247680664,n,known
вина,f,guilt,4.58,a,framecheck,,2.9451217651367188,n,3.0205020904541016,m,known
метод,m,method,4.58,cons,framecheck,,5.6416168212890625,n,6.4351806640625,n,known
дата,f,date,4.58,a,framecheck,,6.573995590209961,n,5.221883773803711,m,known
обучение,n,learning,4.58,o,framecheck,,8.42013168334961,f,5.904116630554199,f,known
доля,f,part,4.57,a,framecheck,,4.045736312866211,n,4.958749771118164,n,known
вклад,m,deposit,4.57,cons,framecheck,,4.002420425415039,n,5.897305488586426,n,known
ощущение,n,sensation,4.57,o,framecheck,,5.429290771484375,m,2.882131576538086,m,known
германия,m,incorrect spelling of германия,4.57,a,framecheck,,-4.440749168395996,f,-3.348562240600586,f,wrong
поведение,n,conduct,4.57,o,framecheck,,5.457075119018555,m,6.41844367980957,m,known
рекорд,m,record,4.57,cons,framecheck,,4.58806037902832,f,6.134815216064453,f,known
пункт,m,point,4.57,cons,framecheck,,4.5063886642456055,n,6.534850120544434,f,known
отделение,n,department,4.56,o,framecheck,,3.9940614700317383,m,2.299266815185547,m,known
предприятие,n,enterprise,4.56,o,framecheck,,3.7055530548095703,f,3.8650388717651367,m,known
новость,f,novelty,4.56,soft,framecheck,,5.0280914306640625,n,3.8677926063537598,n,known
впечатление,n,impression,4.56,o,framecheck,,7.374322891235352,f,7.64107608795166,f,known
век,m,century,4.56,cons,framecheck,,3.8572616577148438,n,4.021543502807617,n,known
попытка,f,attempt,4.55,a,framecheck,,3.1341114044189453,n,2.684329032897949,m,known
подготовка,f,preparation,4.55,a,framecheck,,5.638683319091797,n,5.139923095703125,n,known
блок,m,block,4.55,cons,framecheck,,2.7916793823242188,f,5.553750991821289,f,known
свобода,f,freedom,4.55,a,framecheck,,5.590736389160156,n,5.96267032623291,n,known
запах,m,smell,4.55,cons,framecheck,,2.8900413513183594,f,3.852130889892578,f,known
объект,m,object,4.55,cons,framecheck,,4.572209358215332,n,6.560024261474609,n,known
сад,m,garden,4.55,cons,framecheck,,7.182666778564453,f,5.687891006469727,n,known
леса,f,fishing line,4.55,a,framecheck,,0.9090614318847656,n,0.08140373229980469,m,unsure
поезд,m,train,4.54,cons,framecheck,,4.97409725189209,n,5.70783805847168,n,known
реакция,f,reaction,4.54,a,framecheck,,6.785965919494629,n,8.125582695007324,n,known
карта,f,map,4.54,a,framecheck,,7.078212261199951,m,4.721553802490234,m,known
остальное,n,rest,4.54,o,framecheck,,6.338188171386719,m,4.842338562011719,m,known
техника,f,engineering,4.54,a,framecheck,,5.821443557739258,m,5.949005126953125,m,known
автобус,m,bus,4.54,cons,framecheck,,7.8490142822265625,f,7.339578628540039,f,known
пространство,n,space,4.54,o,framecheck,,8.406892776489258,f,6.209070205688477,m,known
рейтинг,m,rating,4.54,cons,framecheck,,7.434831619262695,f,7.3484344482421875,f,known
кризис,m,crisis,4.54,cons,framecheck,,3.4743709564208984,n,5.144936561584473,n,known
мозг,m,brain,4.54,cons,framecheck,,5.998716354370117,n,6.22157096862793,n,known
брак,m,marriage,4.54,cons,framecheck,,3.9797744750976562,n,5.549568176269531,n,known
университет,m,university,4.54,cons,framecheck,,4.465274810791016,n,4.669293403625488,n,known
обмен,m,exchange,4.53,cons,framecheck,,6.070900917053223,n,4.670831680297852,n,known
доход,m,income,4.53,cons,framecheck,,4.011802673339844,n,7.062146186828613,f,known
мост,m,bridge,4.53,cons,framecheck,,5.923004150390625,n,7.656628608703613,f,known
карт,m,go-cart,4.53,cons,framecheck,,-0.18966293334960938,n,0.15797805786132812,f,unsure
ад,m,hell,4.53,cons,framecheck,,2.723891258239746,n,3.7829713821411133,n,known
необходимость,f,necessity,4.53,soft,framecheck,,6.6180267333984375,m,5.243722915649414,m,known
снег,m,snow,4.53,cons,framecheck,,4.6352691650390625,f,5.412965774536133,n,known
прошлое,n,past,4.53,o,framecheck,,6.955878257751465,m,5.337865829467773,m,known
постановление,n,resolution,4.53,o,framecheck,,6.123659133911133,m,3.132227897644043,f,known
обед,m,lunch,4.52,cons,framecheck,,2.946469306945801,n,1.5178861618041992,n,known
сериал,m,series,4.52,cons,framecheck,,4.856963157653809,n,4.361863136291504,f,known
сторона,f,side,4.52,a,framecheck,,9.584416389465332,n,7.237089157104492,m,known
представление,n,introduction,4.52,o,framecheck,,7.22148323059082,f,8.427910804748535,f,known
введение,n,bringing in,4.52,o,framecheck,,4.958512306213379,f,3.959718704223633,m,known
лето,n,summer,4.52,o,framecheck,,5.056632041931152,f,4.802984237670898,m,known
переход,m,passage,4.52,cons,framecheck,,3.166632652282715,n,6.552804946899414,n,known
набор,m,set,4.52,cons,framecheck,,5.181136131286621,n,4.05610466003418,n,known
сумма,f,sum,4.52,a,framecheck,,4.9005889892578125,n,2.3423538208007812,m,known
пожар,m,fire,4.51,cons,framecheck,,1.6620807647705078,n,4.570856094360352,n,known
радость,f,joy,4.51,soft,framecheck,,3.0955448150634766,n,5.108550071716309,m,known
ум,m,mind,4.51,cons,framecheck,,-0.7197437286376953,n,3.4936647415161133,f,unsure
секрет,m,secret,4.51,cons,framecheck,,5.618080139160156,n,7.107017517089844,n,known
нос,m,nose,4.51,cons,framecheck,,5.344507217407227,f,4.124030113220215,f,known
конференция,f,conference,4.51,a,framecheck,,7.787423133850098,m,8.74389934539795,m,known
вывод,m,withdrawal,4.51,cons,framecheck,,5.246050834655762,n,7.070741653442383,n,known
задание,n,assignment,4.51,o,framecheck,,5.960022449493408,f,5.031298637390137,m,known
дерево,n,tree,4.51,o,framecheck,,5.784304618835449,m,6.409726142883301,m,known
направление,n,direction,4.51,o,framecheck,,6.237224578857422,f,5.233697891235352,m,known
проведение,n,construction,4.51,o,framecheck,,6.197552680969238,f,4.827752113342285,f,known
чудо,n,miracle,4.51,o,framecheck,,8.489845275878906,m,5.750422477722168,m,known
мяч,m,ball,4.51,cons,framecheck,,0.9065580368041992,f,2.5527286529541016,f,unsure
взрыв,m,explosion,4.51,cons,framecheck,,7.093303680419922,n,10.152145385742188,n,known
замок,m,castle,4.51,cons,framecheck,,5.4369096755981445,n,7.050980567932129,f,known
вкус,m,taste,4.51,cons,framecheck,,4.258349418640137,n,5.921993255615234,n,known
мясо,n,meat,4.5,o,framecheck,,8.297469139099121,f,6.80116081237793,m,known
линия,f,line,4.5,a,framecheck,,6.982192039489746,n,6.757169723510742,m,known
подход,m,approach,4.5,cons,framecheck,,3.469038963317871,n,7.050567626953125,n,known
снижение,n,reduction,4.5,o,framecheck,,6.040130615234375,f,8.190018653869629,f,known
распространение,n,spread,4.5,o,framecheck,,7.1227617263793945,f,5.027503967285156,f,known
структура,f,structure,4.5,a,framecheck,,7.08180046081543,m,5.280612945556641,m,known
разрешение,n,permission,4.5,o,framecheck,,7.715222358703613,m,5.911516189575195,m,known
рука,f,hand,4.5,a,framecheck,,6.0472612380981445,m,4.862710952758789,m,known
существование,n,existence,4.5,o,framecheck,,6.109505653381348,f,6.106271743774414,f,known
рассказ,m,story,4.5,cons,framecheck,,4.94834041595459,n,4.995347023010254,f,known
поток,m,stream,4.49,cons,framecheck,,4.769083023071289,n,8.228265762329102,n,known
кабинет,m,office,4.49,cons,framecheck,,3.3445281982421875,f,3.3665637969970703,n,known
нефть,f,oil,4.49,soft,framecheck,,1.8359222412109375,n,2.3012561798095703,m,known
сигнал,m,signal,4.49,cons,framecheck,,3.7198410034179688,n,5.713593482971191,n,known
кубок,m,goblet,4.49,cons,framecheck,,4.528164863586426,f,5.694967269897461,f,known
хлеб,m,bread,4.49,cons,framecheck,,2.64776611328125,n,4.569780349731445,n,known
защита,f,defense,4.49,a,framecheck,,5.796734809875488,m,6.171459197998047,m,known
обращение,n,conversion,4.49,o,framecheck,,4.587291717529297,f,3.7010040283203125,m,known
ошибка,f,mistake,4.48,a,framecheck,,5.916552543640137,n,5.31907844543457,m,known
ил,m,silt,4.48,cons,framecheck,,-3.003811836242676,f,-0.6605052947998047,f,unsure
настроение,n,mood,4.48,o,framecheck,,5.4072418212890625,f,7.920619010925293,f,known
фронт,m,front,4.48,cons,framecheck,,3.284025192260742,n,3.8033523559570312,f,known
отряд,m,detachment,4.48,cons,framecheck,,2.1158180236816406,n,6.600181579589844,n,known
республика,f,republic,4.48,a,framecheck,,5.301471710205078,n,3.8921566009521484,m,known
пола,f,skirt,4.48,a,framecheck,,1.0978889465332031,n,3.3268661499023438,n,known
появление,n,appearance,4.48,o,framecheck,,4.361640930175781,m,6.007233619689941,m,known
индекс,m,index,4.47,cons,framecheck,,4.026241302490234,f,4.996199607849121,f,known
расстояние,n,distance,4.47,o,framecheck,,6.100577354431152,f,3.397594451904297,m,known
флаг,m,flag,4.47,cons,framecheck,,4.037980079650879,n,5.243216514587402,n,known
продукт,m,product,4.47,cons,framecheck,,5.175426483154297,n,5.771241188049316,n,known
указ,m,enactment,4.47,cons,framecheck,,3.7303085327148438,n,5.803855895996094,f,known
сценарий,m,scenario,4.47,cons,framecheck,,1.0310144424438477,n,4.029877662658691,n,known
ком,m,lump,4.47,cons,framecheck,,-0.048709869384765625,n,0.2562274932861328,n,unsure
гран,m,grain,4.46,cons,framecheck,,-1.9622001647949219,f,0.27283668518066406,f,unsure
возвращение,n,return,4.46,o,framecheck,,4.5413713455200195,f,3.765838623046875,f,known
секунду,f,jiffy,4.46,cons,framecheck,,2.9152984619140625,n,1.06005859375,n,known
масса,f,mass,4.46,a,framecheck,,7.020573616027832,m,5.7234296798706055,m,known
нарушение,n,breach,4.46,o,framecheck,,5.789785385131836,f,3.95761775970459,m,known
улица,f,street,4.46,a,framecheck,,5.286364555358887,n,4.776422500610352,m,known
вино,n,wine,4.46,o,framecheck,,4.883828163146973,m,1.9877853393554688,m,known
отказ,m,refusal,4.46,cons,framecheck,,2.786280632019043,f,5.7192888259887695,f,known
тест,m,test,4.46,cons,framecheck,,4.812674522399902,n,5.091901779174805,n,known
хозяйство,n,economy,4.45,o,framecheck,,5.888140678405762,f,4.750511169433594,m,known
преступление,n,crime,4.45,o,framecheck,,5.734096527099609,m,5.053895950317383,m,known
транспорт,m,transport,4.45,cons,framecheck,,4.1047515869140625,f,7.1150665283203125,n,known
кредит,m,loan,4.45,cons,framecheck,,3.199385643005371,n,4.92985725402832,f,known
душ,m,shower,4.45,cons,framecheck,,3.5477590560913086,f,3.700620651245117,f,known
разработка,f,development,4.45,a,framecheck,,4.4368085861206055,n,6.09870719909668,n,known
конфликт,m,conflict,4.45,cons,framecheck,,5.271221160888672,n,5.345943450927734,n,known
заключение,n,confinement,4.45,o,framecheck,,7.592546463012695,m,4.336954116821289,m,known
база,f,base,4.45,a,framecheck,,7.235837936401367,m,5.677238464355469,m,known
поиск,m,search,4.45,cons,framecheck,,4.686986923217773,n,5.80856990814209,f,known
сотрудничество,n,cooperation,4.45,o,framecheck,,6.243879318237305,f,5.217562675476074,m,known
приложение,n,appendix,4.45,o,framecheck,,5.7105255126953125,m,4.664756774902344,m,known
вызов,m,call,4.45,cons,framecheck,,0.9914398193359375,n,3.311368942260742,n,unsure
кольцо,n,ring,4.45,o,framecheck,,4.722006797790527,m,4.28096866607666,m,known
звание,n,title,4.45,o,framecheck,,6.205593109130859,m,6.238520622253418,m,known
способность,f,ability,4.45,soft,framecheck,,2.6694107055664062,m,5.227370262145996,n,known
изменение,n,change,4.44,o,framecheck,,7.807921409606934,m,7.152276992797852,f,known
счёт,m,count,4.44,cons,framecheck,,4.821466445922852,n,6.841571807861328,f,known
понятие,n,idea,4.44,o,framecheck,,4.951541900634766,m,3.945913314819336,m,known
бюджет,m,budget,4.44,cons,framecheck,,5.222498893737793,n,8.049861907958984,n,known
обзор,m,field of view/vision,4.44,cons,framecheck,,4.627291679382324,n,5.431119918823242,n,known
личность,f,personality,4.44,soft,framecheck,,4.622885704040527,n,7.757713317871094,m,known
механизм,m,mechanism,4.44,cons,framecheck,,4.988651275634766,n,6.020439147949219,f,known
орган,m,organ,4.44,cons,framecheck,,5.143827438354492,f,7.445107460021973,f,known
мощность,f,power,4.44,soft,framecheck,,6.1117095947265625,n,6.554590225219727,m,known
следующее,n,following,4.44,o,framecheck,,6.329694747924805,f,5.05537223815918,f,known
творчество,n,creation,4.44,o,framecheck,,6.6651411056518555,f,5.502864837646484,m,known
прогноз,m,forecast,4.44,cons,framecheck,,5.614180564880371,f,4.609334945678711,f,known
офис,m,office,4.44,cons,framecheck,,5.3179779052734375,f,7.065812110900879,f,known
аппарат,m,apparatus,4.44,cons,framecheck,,5.87217903137207,f,8.085603713989258,f,known
третья,f,third,4.44,a,framecheck,,2.793447494506836,n,5.0615997314453125,m,known
четверг,m,thursday,4.44,cons,framecheck,,1.9684247970581055,f,3.313601493835449,n,known
предмет,m,object,4.44,cons,framecheck,,5.136163711547852,n,6.904806137084961,n,known
опасность,f,danger,4.43,soft,framecheck,,6.230470657348633,n,7.133294105529785,m,known
средство,n,means,4.43,o,framecheck,,8.210040092468262,m,3.9006662368774414,m,known
коллектив,m,collective,4.43,cons,framecheck,,2.0381507873535156,n,6.771526336669922,n,known
отель,m,hotel,4.43,soft,framecheck,,3.670633316040039,n,4.094475746154785,f,known
признание,n,acknowledgement,4.43,o,framecheck,,5.200314521789551,f,1.9563913345336914,f,known
выступление,n,appearance,4.43,o,framecheck,,4.105573654174805,m,3.461695671081543,m,known
выполнение,n,fulfillment,4.43,o,framecheck,,7.359415054321289,m,6.4575653076171875,f,known
принцип,m,principle,4.43,cons,framecheck,,5.050819396972656,n,6.902961730957031,n,known
билет,m,ticket,4.43,cons,framecheck,,3.6153087615966797,n,4.897951126098633,n,known
квартира,f,apartment,4.43,a,framecheck,,3.084514617919922,m,2.2923431396484375,m,known
зона,f,zone,4.43,a,framecheck,,5.773441314697266,m,6.260852813720703,m,known
урок,m,lesson,4.42,cons,framecheck,,2.1172823905944824,n,4.474129676818848,f,known
следствие,n,effect,4.42,o,framecheck,,5.048369407653809,f,4.641645431518555,m,known
природа,f,nature,4.42,a,framecheck,,2.478343963623047,n,4.358549118041992,m,known
компьютер,m,computer,4.42,cons,framecheck,,6.32270622253418,f,7.244182586669922,f,known
погода,f,weather,4.42,a,framecheck,,2.7243242263793945,n,3.8716964721679688,n,known
двор,m,yard,4.42,cons,framecheck,,3.118518829345703,n,3.2845659255981445,n,known
зенит,m,zenith,4.42,cons,framecheck,,2.6429405212402344,n,2.4491119384765625,n,known
третье,n,third course,4.42,o,framecheck,,0.7740592956542969,f,1.4964656829833984,f,unsure
поколение,n,generation,4.42,o,framecheck,,4.681857109069824,m,4.036089897155762,m,known
длина,f,length,4.41,a,framecheck,,4.6815185546875,n,4.927345275878906,n,known
энергия,f,energy,4.41,a,framecheck,,6.148538589477539,n,4.139395713806152,m,known
битва,f,battle,4.41,a,framecheck,,5.610767364501953,m,3.708676338195801,m,known
безопасность,f,safety,4.41,soft,framecheck,,6.451534271240234,m,7.043678283691406,n,known
установка,f,arrangement,4.41,a,framecheck,,5.800776481628418,n,6.233110427856445,n,known
формирование,n,formation,4.41,o,framecheck,,3.8817968368530273,f,4.053671836853027,f,known
поддержка,f,support,4.41,a,framecheck,,4.338322639465332,n,6.652792930603027,n,known
род,m,generation,4.41,cons,framecheck,,1.2583065032958984,n,3.573845863342285,n,known
отпуск,m,leave,4.41,cons,framecheck,,5.649603843688965,n,7.192389488220215,f,known
администрация,f,administration,4.41,a,framecheck,,4.675442695617676,m,4.957599639892578,m,known
полка,f,shelf,4.41,a,framecheck,,4.917978286743164,m,6.329143524169922,m,known
исполнение,n,execution,4.4,o,framecheck,,7.958396911621094,m,8.43188190460205,m,known
портал,m,portal,4.4,cons,framecheck,,5.219017028808594,n,5.065619468688965,n,known
след,m,track,4.4,cons,framecheck,,-1.8382139205932617,n,4.0828704833984375,f,conflict
акт,m,act,4.4,cons,framecheck,,1.4656305313110352,f,3.5596752166748047,n,known
сопротивление,n,resistance,4.4,o,framecheck,,4.470656394958496,m,2.9571590423583984,m,known
зло,n,evil,4.4,o,framecheck,,4.589996337890625,m,5.241329193115234,m,known
угол,m,corner,4.4,cons,framecheck,,4.602800369262695,f,4.96723747253418,f,known
наказание,n,punishment,4.39,o,framecheck,,5.978597640991211,m,6.095524787902832,f,known
лист,m,leaf,4.39,cons,framecheck,,1.9587574005126953,n,6.566070556640625,n,known
сбор,m,collection,4.39,cons,framecheck,,3.5109710693359375,n,3.7351036071777344,n,known
масло,n,butter,4.39,o,framecheck,,6.946559906005859,m,7.154263496398926,m,known
вход,m,entrance,4.39,cons,framecheck,,2.3263092041015625,n,5.840972900390625,n,known
пакет,m,small bag,4.38,cons,framecheck,,3.9100780487060547,n,6.22780704498291,n,known
доклад,m,report,4.38,cons,framecheck,,3.905573844909668,n,2.973539352416992,n,known
приз,m,prize,4.38,cons,framecheck,,2.5268945693969727,f,3.8382930755615234,f,known
пар,m,steam,4.38,cons,framecheck,,3.35970401763916,f,4.036534309387207,n,known
повод,m,rein,4.38,cons,framecheck,,2.6624345779418945,n,3.0169553756713867,n,known
событие,n,event,4.38,o,framecheck,,6.856215476989746,f,5.412933349609375,m,known
агентство,n,agency,4.38,o,framecheck,,1.3589534759521484,f,2.539273262023926,f,known
двигатель,m,engine,4.38,soft,framecheck,,5.228948593139648,n,6.152878761291504,n,known
активность,f,activity,4.38,soft,framecheck,,4.819314956665039,n,4.304879188537598,n,known
еда,f,food,4.38,a,framecheck,,3.6636362075805664,n,4.799581527709961,m,known
май,m,may,4.38,cons,framecheck,,2.9988250732421875,f,3.2595958709716797,f,known
сюжет,m,subject,4.38,cons,framecheck,,4.555780410766602,n,6.475743293762207,n,known
берег,m,bank,4.38,cons,framecheck,,4.252159118652344,n,8.490903854370117,f,known
комната,f,room,4.38,a,framecheck,,7.124765396118164,n,5.770937919616699,m,known
молоко,n,milk,4.38,o,framecheck,,3.168539047241211,m,3.823580741882324,m,known
корпус,m,body,4.37,cons,framecheck,,4.821711540222168,n,7.6109466552734375,n,known
эпизод,m,episode,4.37,cons,framecheck,,4.062029838562012,n,3.8529348373413086,f,known
архив,m,archive,4.37,cons,framecheck,,4.359468460083008,f,6.015782356262207,n,known
образец,m,specimen,4.37,cons,framecheck,,4.517197608947754,n,5.179500579833984,f,known
март,m,march,4.37,cons,framecheck,,2.6290855407714844,n,3.0211944580078125,f,known
кладбище,n,cemetery,4.37,o,framecheck,,4.135921478271484,m,4.685941696166992,m,known
регион,m,region,4.37,cons,framecheck,,1.6524028778076172,f,2.6255617141723633,f,known
документ,m,document,4.37,cons,framecheck,,2.7686243057250977,n,6.125995635986328,n,known
восстановление,n,restoration,4.37,o,framecheck,,9.53577995300293,f,6.821897506713867,f,known
акция,f,share,4.37,a,framecheck,,5.1619873046875,n,4.296856880187988,n,known
штат,m,state,4.37,cons,framecheck,,2.668942451477051,f,6.0119829177856445,f,known
полчаса,n,half an hour,4.37,a,framecheck,,5.940639495849609,m,0.4081439971923828,m,unsure
вероятность,f,probability,4.37,soft,framecheck,,5.525106430053711,n,7.632268905639648,n,known
вторник,m,tuesday,4.37,cons,framecheck,,4.6675262451171875,f,4.488893508911133,n,known
независимость,f,independence,4.37,soft,framecheck,,4.74289608001709,n,5.017902374267578,m,known
фамилия,f,surname,4.36,a,framecheck,,5.162606239318848,m,5.997751235961914,m,known
достижение,n,attainment,4.36,o,framecheck,,6.425400733947754,f,3.8777589797973633,f,known
приговор,m,sentence,4.36,cons,framecheck,,3.2359981536865234,n,4.210823059082031,f,known
заседание,n,session,4.36,o,framecheck,,5.47496223449707,f,4.746973991394043,f,known
судно,n,ship,4.36,o,framecheck,,3.5729684829711914,f,2.8722171783447266,m,known
пособие,n,allowance,4.36,o,framecheck,,4.811979293823242,f,4.7072343826293945,f,known
заказ,m,order,4.36,cons,framecheck,,3.72945499420166,n,6.20950984954834,n,known
изображение,n,image,4.36,o,framecheck,,5.724190711975098,m,4.794607162475586,m,known
волос,m,hair,4.36,cons,framecheck,,4.707531929016113,n,3.449766159057617,n,known
дворец,m,palace,4.36,cons,framecheck,,6.609673500061035,f,5.5254364013671875,n,known
технология,f,technology,4.36,a,framecheck,,7.696672439575195,n,6.84929084777832,m,known
звонок,m,bell,4.36,cons,framecheck,,1.345219612121582,n,2.9063501358032227,n,known
собственность,f,property,4.36,soft,framecheck,,5.072264671325684,n,4.637381553649902,n,known
риск,m,risk,4.36,cons,framecheck,,2.7319564819335938,f,5.287167549133301,f,known
имущество,n,property,4.36,o,framecheck,,4.66510009765625,f,4.193024635314941,m,known
реальность,f,reality,4.36,soft,framecheck,,8.371920585632324,n,5.600444793701172,m,known
эффективность,f,effectiveness,4.36,soft,framecheck,,6.545341491699219,n,7.321039199829102,m,known
поверхность,f,surface,4.35,soft,framecheck,,5.238414764404297,m,5.202138900756836,m,known
портрет,m,portrait,4.35,cons,framecheck,,3.5587587356567383,n,5.329668998718262,n,known
ложь,f,lie,4.35,soft,framecheck,,6.462302207946777,m,4.321372032165527,m,known
полк,m,regiment,4.35,cons,framecheck,,2.3116188049316406,n,3.8640785217285156,f,known
костюм,m,suit,4.35,cons,framecheck,,4.864645957946777,n,5.593820571899414,f,known
доллар,m,dollar,4.35,cons,framecheck,,3.595775604248047,f,4.571830749511719,f,known
определение,n,definition,4.35,o,framecheck,,6.29876708984375,f,6.591562271118164,f,known
сервис,m,service,4.35,cons,framecheck,,4.864258766174316,n,6.398900032043457,n,known
нападение,n,attack,4.35,o,framecheck,,8.042112350463867,f,7.512126922607422,f,known
присутствие,n,presence,4.35,o,framecheck,,4.931195259094238,m,5.218830108642578,m,known
запрет,m,prohibition,4.35,cons,framecheck,,5.009575843811035,n,5.398903846740723,n,known
берет,m,beret,4.35,cons,framecheck,,-0.7635993957519531,n,3.588193893432617,n,unsure
произведение,n,creation,4.34,o,framecheck,,5.314528465270996,m,3.440509796142578,m,known
лига,f,league,4.34,a,framecheck,,8.629446029663086,n,9.00889778137207,n,known
диск,m,disk,4.34,cons,framecheck,,1.792694091796875,n,4.492173194885254,f,known
назначение,n,appointment,4.34,o,framecheck,,4.96037483215332,f,4.102227210998535,f,known
доверие,n,trust,4.34,o,framecheck,,5.155677795410156,f,4.388222694396973,f,known
завтрак,m,breakfast,4.34,cons,framecheck,,2.461904525756836,n,2.9133729934692383,n,known
волна,f,wave,4.34,a,framecheck,,8.100135803222656,m,7.775739669799805,m,known
одежда,f,clothes,4.34,a,framecheck,,6.138280868530273,m,5.551873207092285,m,known
товар,m,commodity,4.34,cons,framecheck,,4.40782356262207,n,5.272650718688965,n,known
расширение,n,widening,4.34,o,framecheck,,5.258792877197266,f,3.5569934844970703,m,known
основное,n,core,4.34,o,framecheck,,7.699029922485352,f,5.814478874206543,f,known
проверка,f,check,4.34,a,framecheck,,7.0441436767578125,n,7.414716720581055,n,known
ворот,m,collar,4.34,cons,framecheck,,-1.2772979736328125,n,1.4351024627685547,n,conflict
питание,n,food,4.34,o,framecheck,,7.721301078796387,m,5.461831092834473,m,known
дизайн,m,design,4.34,cons,framecheck,,5.458554267883301,n,5.348594665527344,f,known
кровать,f,bed,4.33,soft,framecheck,,4.091680526733398,n,3.5067529678344727,n,known
падение,n,fall,4.33,o,framecheck,,5.758764266967773,f,6.197504043579102,m,known
стадион,m,stadium,4.33,cons,framecheck,,2.1547374725341797,f,3.1659364700317383,f,known
титул,m,title,4.33,cons,framecheck,,4.908130645751953,f,6.933252334594727,f,known
сознание,n,consciousness,4.33,o,framecheck,,5.8475799560546875,f,5.1259355545043945,f,known
освобождение,n,liberation,4.33,o,framecheck,,6.490313529968262,f,5.853960037231445,f,known
промышленность,f,industry,4.33,soft,framecheck,,7.812692642211914,n,6.541214942932129,m,known
позиция,f,position,4.33,a,framecheck,,7.282739639282227,n,6.431406021118164,m,known
перечень,m,list,4.33,soft,framecheck,,-0.44367122650146484,n,0.45099830627441406,n,unsure
строй,m,system,4.33,cons,framecheck,,0.3873271942138672,f,4.475312232971191,f,unsure
капитал,m,capital,4.33,cons,framecheck,,3.5010204315185547,f,5.394947052001953,f,known
минус,m,minus,4.33,cons,framecheck,,4.598993301391602,n,4.909456253051758,n,known
апрель,m,april,4.33,soft,framecheck,,5.327761650085449,f,1.8738536834716797,f,known
космос,m,space,4.32,cons,framecheck,,2.4779605865478516,f,2.4179458618164062,n,known
рисунок,m,drawing,4.32,cons,framecheck,,0.8278350830078125,n,1.6681127548217773,n,unsure
символ,m,symbol,4.32,cons,framecheck,,6.242746353149414,n,8.346246719360352,f,known
продукция,f,production,4.32,a,framecheck,,6.802845001220703,m,6.208749771118164,m,known
выражение,n,act of expressing something,4.32,o,framecheck,,6.946256637573242,f,4.027609825134277,m,known
ник,m,internet handle,4.32,cons,framecheck,,3.4559192657470703,n,4.108854293823242,n,known
миг,m,moment,4.32,cons,framecheck,,4.411104202270508,f,4.939243316650391,f,known
юг,m,south,4.32,cons,framecheck,,1.8724327087402344,f,2.8536338806152344,f,known
прогресс,m,progress,4.32,cons,framecheck,,3.373915672302246,n,4.370110511779785,f,known
меч,m,sword,4.32,cons,framecheck,,4.372067451477051,n,3.4847583770751953,f,known
революция,f,revolution,4.32,a,framecheck,,7.875406265258789,m,7.113686561584473,m,known
январь,m,january,4.32,soft,framecheck,,-0.6295375823974609,f,1.1640548706054688,f,unsure
ресторан,m,restaurant,4.32,cons,framecheck,,4.272212982177734,n,7.22706413269043,n,known
кусок,m,piece,4.32,cons,framecheck,,4.52225399017334,n,6.766130447387695,f,known
серебро,n,silver,4.32,o,framecheck,,6.494543075561523,m,5.749784469604492,m,known
рис,m,rice,4.32,cons,framecheck,,0.02310466766357422,n,0.664555549621582,n,unsure
отдых,m,rest,4.32,cons,framecheck,,5.971405029296875,f,6.408999443054199,f,known
камера,f,camera,4.31,a,framecheck,,7.196527481079102,n,5.343830108642578,m,known
беда,f,misfortune,4.31,a,framecheck,,4.558611869812012,n,5.331996917724609,n,known
обсуждение,n,discussion,4.31,o,framecheck,,5.365353584289551,m,4.930313587188721,m,known
ущерб,m,damage,4.31,cons,framecheck,,2.106954574584961,n,4.127132415771484,n,known
парламент,m,parliament,4.31,cons,framecheck,,4.787439346313477,n,8.210025787353516,n,known
объединение,n,association,4.31,o,framecheck,,7.9058685302734375,f,5.8451995849609375,f,known
шум,m,noise,4.31,cons,framecheck,,4.976373672485352,f,7.153772354125977,f,known
колледж,m,college,4.31,cons,framecheck,,1.3506183624267578,n,3.0870790481567383,f,known
высота,f,height,4.3,a,framecheck,,7.1504926681518555,n,6.118501663208008,m,known
организм,m,system of organs making up the body of a living thing,4.3,cons,framecheck,,4.796611785888672,f,4.910688400268555,n,known
справочник,m,reference book,4.3,cons,framecheck,,2.925565719604492,n,3.4615650177001953,n,known
станция,f,station,4.3,a,framecheck,,5.507058143615723,n,7.396040916442871,m,known
дар,m,gift,4.3,cons,framecheck,,0.5941104888916016,n,3.9677724838256836,n,unsure
телевизор,m,television set,4.3,cons,framecheck,,3.5353431701660156,n,3.997250556945801,f,known
урожай,m,crop,4.3,cons,framecheck,,0.13675880432128906,n,3.8829898834228516,f,unsure
луна,f,moon,4.3,a,framecheck,,2.1015872955322266,n,4.038440704345703,m,known
сентябрь,m,september,4.3,soft,framecheck,,3.737741470336914,f,1.944955825805664,f,known
альфа,f,alpha,4.3,a,framecheck,,0.3100700378417969,m,-3.1337833404541016,m,unsure
груз,m,weight,4.3,cons,framecheck,,5.82889461517334,n,5.313808441162109,n,known
потенциал,m,potential,4.3,cons,framecheck,,3.4526758193969727,n,6.69970703125,n,known
рейс,m,flight,4.29,cons,framecheck,,4.238472938537598,f,2.913804054260254,f,known
таблица,f,table,4.29,a,framecheck,,7.240901947021484,n,5.408044815063477,m,known
старт,m,start,4.29,cons,framecheck,,4.245657920837402,f,6.879077911376953,f,known
вред,m,harm,4.29,cons,framecheck,,2.565068244934082,f,4.096322059631348,n,known
нож,m,knife,4.29,cons,framecheck,,2.9920730590820312,f,3.9537277221679688,n,known
изучение,n,studying,4.29,o,framecheck,,5.530533790588379,f,5.060574531555176,f,known
формат,m,size,4.29,cons,framecheck,,5.807350158691406,n,7.26425838470459,f,known
департамент,m,department,4.29,cons,framecheck,,3.202302932739258,n,3.663726806640625,n,known
порт,m,port,4.29,cons,framecheck,,3.6287841796875,n,4.695793151855469,n,known
статистика,f,statistics,4.29,a,framecheck,,9.309833526611328,m,8.124181747436523,m,known
мак,m,poppy,4.29,cons,framecheck,,3.412710189819336,n,4.546308517456055,n,known
смех,m,laugh,4.29,cons,framecheck,,6.501338958740234,n,5.858949661254883,f,known
озеро,n,lake,4.29,o,framecheck,,4.060131072998047,m,2.869274139404297,m,known
голосование,n,voting,4.29,o,framecheck,,5.68046760559082,m,4.402792930603027,m,known
функция,f,function,4.29,a,framecheck,,7.088350296020508,n,6.2442216873168945,m,known
надпись,f,inscription,4.29,soft,framecheck,,2.17413330078125,n,5.239086151123047,n,known
свадьба,f,wedding,4.29,a,framecheck,,5.391476631164551,n,5.843389511108398,n,known
разум,m,reason,4.28,cons,framecheck,,4.443601608276367,n,7.416254043579102,n,known
кодекс,m,code,4.28,cons,framecheck,,-4.248271942138672,n,-2.9842262268066406,n,wrong
поход,m,campaign,4.28,cons,framecheck,,6.0644330978393555,f,4.923786163330078,f,known
зеркало,n,mirror,4.28,o,framecheck,,6.33979606628418,m,2.654705047607422,m,known
термин,m,term,4.28,cons,framecheck,,3.746828079223633,n,5.935763359069824,n,known
наступление,n,offensive,4.28,o,framecheck,,6.432370185852051,f,4.176924705505371,f,known
миссия,f,mission,4.28,a,framecheck,,5.115642547607422,n,4.342717170715332,m,known
август,m,august,4.28,cons,framecheck,,5.445470809936523,n,3.2345199584960938,n,known
хоккей,m,hockey,4.28,cons,framecheck,,1.5379161834716797,n,3.625035285949707,n,known
село,n,village,4.28,o,framecheck,,3.0063695907592773,m,3.8476057052612305,m,known
этаж,m,floor,4.28,cons,framecheck,,5.494390487670898,n,6.796865463256836,n,known
фотография,f,photograph,4.28,a,framecheck,,7.223415374755859,m,5.03724479675293,m,known
экипаж,m,crew,4.28,cons,framecheck,,0.7972612380981445,f,4.781505584716797,n,unsure
раздел,m,division,4.28,cons,framecheck,,2.346006393432617,n,5.610467910766602,f,known
сокращение,n,abbreviation,4.28,o,framecheck,,7.847158432006836,f,5.43265438079834,f,known
февраль,m,february,4.28,soft,framecheck,,4.810554504394531,f,0.984405517578125,n,unsure
рака,f,shrine,4.27,a,framecheck,,2.601104736328125,n,0.6633739471435547,m,unsure
редакция,f,editorship,4.27,a,framecheck,,6.376002311706543,m,7.783980369567871,m,known
сок,m,juice,4.27,cons,framecheck,,2.300177574157715,f,2.847346305847168,f,known
передача,f,delivery,4.27,a,framecheck,,3.1405067443847656,n,5.037376403808594,n,known
инструмент,m,tool,4.27,cons,framecheck,,3.3546676635742188,n,6.520008087158203,f,known
бар,m,saloon,4.27,cons,framecheck,,4.52032470703125,f,4.758233070373535,n,known
помещение,n,lodgement,4.27,o,framecheck,,3.4487056732177734,f,3.7932233810424805,f,known
эфир,m,ether,4.27,cons,framecheck,,7.400742530822754,n,7.911149978637695,f,known
дыхание,n,breath,4.27,o,framecheck,,7.773225784301758,f,5.784441947937012,m,known
океан,m,ocean,4.27,cons,framecheck,,4.914857864379883,n,5.418493270874023,n,known
танец,m,dance,4.27,cons,framecheck,,1.4964427947998047,n,3.099911689758301,n,known
спас,m,rescue,4.27,cons,framecheck,,-0.6144466400146484,n,0.9655981063842773,n,unsure
контакт,m,contact,4.27,cons,framecheck,,5.940774917602539,f,6.984682083129883,n,known
неделя,f,week,4.26,a,framecheck,,5.089181900024414,n,5.297904968261719,n,known
смена,f,change,4.26,a,framecheck,,6.678718566894531,m,6.075313568115234,m,known
скандал,m,scandal,4.26,cons,framecheck,,3.009784698486328,n,2.6598587036132812,f,known
торговля,f,trade,4.26,a,framecheck,,4.484132766723633,n,5.988324165344238,n,known
обвинение,n,accusation,4.26,o,framecheck,,7.568723678588867,f,8.265812873840332,f,known
реал,m,real,4.26,cons,framecheck,,0.6037149429321289,f,4.412717819213867,f,unsure
арест,m,arrest,4.26,cons,framecheck,,3.741978645324707,n,5.683748245239258,n,known
сектор,m,sector,4.26,cons,framecheck,,5.728067398071289,n,4.802343368530273,n,known
территория,f,territory,4.26,a,framecheck,,7.410436630249023,n,6.9823503494262695,m,known
форум,m,forum,4.26,cons,framecheck,,4.525434494018555,f,4.376198768615723,f,known
процент,m,percent,4.26,cons,framecheck,,4.411970138549805,n,6.066403388977051,n,known
куча,f,heap,4.26,a,framecheck,,5.086278915405273,n,4.469158172607422,m,known
паспорт,m,passport,4.26,cons,framecheck,,6.9905195236206055,n,8.018743515014648,n,known
ток,m,current,4.26,cons,framecheck,,1.7052974700927734,f,3.6705923080444336,f,known
популярность,f,popularity,4.26,soft,framecheck,,6.160276412963867,n,6.127692222595215,m,known
критика,f,criticism,4.26,a,framecheck,,4.746057510375977,m,5.706191062927246,m,known
проезд,m,journey,4.25,cons,framecheck,,4.553750991821289,n,5.004297256469727,n,known
сохранение,n,preservation,4.25,o,framecheck,,6.590850830078125,f,5.639459609985352,f,known
цикл,m,cycle,4.25,cons,framecheck,,4.749603271484375,f,4.043774604797363,f,known
митинг,m,rally,4.25,cons,framecheck,,4.254010200500488,n,5.387697219848633,f,known
продолжительность,f,duration,4.25,soft,framecheck,,7.037515640258789,m,3.2612075805664062,m,known
дно,n,floor,4.25,o,framecheck,,6.351067543029785,m,2.7079238891601562,m,known
крик,m,cry,4.25,cons,framecheck,,-0.20958709716796875,n,3.4436397552490234,n,unsure
недвижимость,f,real estate,4.25,soft,framecheck,,4.195754051208496,n,2.035327911376953,n,known
стекло,n,glass,4.25,o,framecheck,,6.987469673156738,f,3.0624732971191406,f,known
фирма,f,firm,4.25,a,framecheck,,6.72329044342041,n,6.707979202270508,m,known
телеканал,m,television channel,4.25,cons,framecheck,,1.5444841384887695,n,3.2285099029541016,n,known
норма,f,norm,4.25,a,framecheck,,5.01632022857666,m,5.8498029708862305,m,known
локомотив,m,locomotive,4.25,cons,framecheck,,2.993912696838379,f,3.602421760559082,f,known
распоряжение,n,disposal,4.25,o,framecheck,,4.5969743728637695,f,1.769312858581543,m,known
совещание,n,conference,4.25,o,framecheck,,6.376020431518555,m,4.640129089355469,m,known
преимущество,n,advantage,4.25,o,framecheck,,6.036465644836426,f,4.485692977905273,f,known
родина,f,homeland,4.25,a,framecheck,,5.4843902587890625,m,3.9945926666259766,m,known
планета,f,planet,4.25,a,framecheck,,6.024163246154785,n,2.0558834075927734,m,known
живот,m,belly,4.25,cons,framecheck,,3.3646240234375,n,4.122659683227539,n,known
формула,f,formula,4.25,a,framecheck,,7.238685607910156,m,6.348079681396484,m,known
динамика,f,dynamics,4.25,a,framecheck,,3.105579376220703,n,3.4998607635498047,m,known
угроза,f,threat,4.25,a,framecheck,,5.109316825866699,n,2.0318355560302734,m,known
библиотека,f,library,4.25,a,framecheck,,6.350458145141602,n,4.875727653503418,m,known
доказательство,n,evidence,4.25,o,framecheck,,6.403806686401367,m,5.394986152648926,m,known
бред,m,delirium,4.25,cons,framecheck,,5.216764450073242,f,6.60618782043457,n,known
октябрь,m,october,4.25,soft,framecheck,,3.1365909576416016,f,2.775075912475586,f,known
крис,m,kris,4.25,cons,framecheck,,0.09098052978515625,f,1.8446121215820312,f,unsure
борт,m,board,4.25,cons,framecheck,,0.2064504623413086,n,2.0370092391967773,n,unsure
дружба,f,friendship,4.25,a,framecheck,,5.011465072631836,n,4.68730354309082,m,known
понимание,n,comprehension,4.24,o,framecheck,,3.103666305541992,m,3.4645633697509766,m,known
красота,f,beauty,4.24,a,framecheck,,5.024209976196289,n,5.076727867126465,m,known
коллекция,f,collection,4.24,a,framecheck,,7.41465950012207,n,5.809020042419434,m,known
философия,f,philosophy,4.24,a,framecheck,,7.264606475830078,m,7.496994972229004,m,known
взаимодействие,n,interaction,4.24,o,framecheck,,6.833343505859375,f,6.119450569152832,f,known
посольство,n,embassy,4.24,o,framecheck,,2.927962303161621,f,2.4085264205932617,f,known
пальто,n,overcoat,4.24,o,framecheck,,4.183034896850586,f,1.7335004806518555,f,known
штука,f,piece,4.24,a,framecheck,,4.199894905090332,n,4.944009780883789,n,known
горло,n,throat,4.24,o,framecheck,,7.298553466796875,m,5.473289489746094,f,known
побережье,n,shore,4.23,o,framecheck,,4.488673210144043,m,2.2131805419921875,m,known
ноябрь,m,november,4.23,soft,framecheck,,5.7362823486328125,f,2.6535701751708984,f,known
река,f,river,4.23,a,framecheck,,6.681743621826172,n,3.8382692337036133,n,known
рай,m,paradise,4.23,cons,framecheck,,4.915307998657227,n,7.573291778564453,f,known
зима,f,winter,4.23,a,framecheck,,7.566134452819824,m,6.8961286544799805,m,known
арсенал,m,arsenal,4.23,cons,framecheck,,1.2921371459960938,f,3.552680015563965,n,known
крепость,f,strength,4.23,soft,framecheck,,4.615731239318848,n,6.140744209289551,n,known
рассмотрение,n,examination,4.23,o,framecheck,,6.2479658126831055,m,5.013424873352051,f,known
согласие,n,consent,4.23,o,framecheck,,6.190891265869141,f,3.692037582397461,m,known
оформление,n,filing,4.23,o,framecheck,,5.103415489196777,f,4.853737831115723,f,known
декабрь,m,december,4.23,soft,framecheck,,4.245791435241699,f,2.794492721557617,f,known
плотность,f,density,4.23,soft,framecheck,,5.200922966003418,n,6.997474670410156,m,known
каталог,m,catalog,4.23,cons,framecheck,,3.700716972351074,f,4.717679977416992,n,known
дневник,m,diary,4.23,cons,framecheck,,2.431041717529297,n,4.573663711547852,n,known
марка,f,stamp,4.23,a,framecheck,,5.8218231201171875,m,5.239833831787109,m,known
тишина,f,silence,4.23,a,framecheck,,4.992818832397461,n,3.7372074127197266,m,known
флот,m,fleet,4.23,cons,framecheck,,4.354768753051758,n,4.93333625793457,n,known
уважение,n,respect,4.23,o,framecheck,,7.681927680969238,f,4.471477508544922,m,known
требование,n,demand,4.23,o,framecheck,,5.139671325683594,f,3.292957305908203,m,known
физика,f,physics,4.23,a,framecheck,,3.6728172302246094,n,5.016262054443359,n,known
поворот,m,turn,4.22,cons,framecheck,,3.735076904296875,n,7.5101776123046875,n,known
телевидение,n,television,4.22,o,framecheck,,6.560657501220703,m,5.421241760253906,m,known
зависимость,f,dependence,4.22,soft,framecheck,,6.275585174560547,n,5.4012298583984375,m,known
кресло,n,armchair,4.22,o,framecheck,,6.5531463623046875,m,5.384057998657227,m,known
почта,f,mail,4.22,a,framecheck,,5.414651870727539,n,4.034659385681152,m,known
уверенность,f,firmness,4.22,soft,framecheck,,9.302690505981445,m,6.223723411560059,m,known
верх,m,top,4.22,cons,framecheck,,0.9290542602539062,n,-0.011190414428710938,f,unsure
дефицит,m,deficit,4.22,cons,framecheck,,3.1155261993408203,n,4.329927444458008,n,known
уход,m,care,4.22,cons,framecheck,,-0.4878959655761719,n,2.7966432571411133,n,unsure
пистолет,m,pistol,4.22,cons,framecheck,,2.614856719970703,n,3.7957887649536133,n,known
приглашение,n,invitation,4.22,o,framecheck,,4.808535575866699,f,2.524502754211426,m,known
расположение,n,placement,4.22,o,framecheck,,5.321464538574219,m,5.046064376831055,m,known
обслуживание,n,service,4.22,o,framecheck,,5.692091941833496,f,6.174172401428223,f,known
протокол,m,minutes,4.22,cons,framecheck,,1.1926307678222656,f,1.995558738708496,f,known
сообщество,n,community,4.22,o,framecheck,,5.940876007080078,f,2.73952579498291,f,known
иск,m,suit,4.21,cons,framecheck,,3.1816864013671875,n,4.741487503051758,f,known
академия,f,academy,4.21,a,framecheck,,6.182210922241211,m,3.2918548583984375,m,known
занятие,n,occupation,4.21,o,framecheck,,6.2909698486328125,m,6.324245452880859,m,known
зарплата,f,wages,4.21,a,framecheck,,2.811244010925293,m,4.531139373779297,m,known
стакан,m,glass,4.21,cons,framecheck,,2.842395782470703,f,3.839308738708496,f,known
укрепление,n,strengthening,4.21,o,framecheck,,6.79389762878418,f,3.674365997314453,f,known
кожа,f,skin,4.21,a,framecheck,,6.38008975982666,m,4.203512191772461,m,known
палец,m,finger or toe,4.21,cons,framecheck,,4.121376037597656,n,4.192564010620117,f,known
легенда,f,legend,4.21,a,framecheck,,4.807861328125,n,5.370875358581543,m,known
федерация,f,federation,4.21,a,framecheck,,6.167821884155273,m,7.207324981689453,m,known
старое,n,past,4.2,o,framecheck,,7.11867618560791,f,6.207563400268555,f,known
эксперимент,m,experiment,4.2,cons,framecheck,,4.166276931762695,n,7.398551940917969,n,known
концепция,f,concept,4.2,a,framecheck,,6.263921737670898,n,8.051094055175781,m,known
экран,m,screen,4.2,cons,framecheck,,8.191549301147461,f,6.467645645141602,n,known
бригада,f,crew,4.2,a,framecheck,,7.261741638183594,m,6.972297668457031,m,known
бассейн,m,swimming pool,4.2,cons,framecheck,,0.875575065612793,n,3.7317113876342773,n,unsure
ящик,m,box,4.2,cons,framecheck,,2.2647008895874023,f,4.283339500427246,n,known
экспорт,m,export,4.2,cons,framecheck,,5.596479415893555,n,6.670598030090332,n,known
церемония,f,ceremony,4.2,a,framecheck,,3.320223808288574,m,1.930450439453125,m,known
словарь,m,dictionary,4.2,soft,framecheck,,2.9909543991088867,n,5.020694732666016,n,known
визит,m,visit,4.2,cons,framecheck,,4.25694465637207,n,5.024514198303223,n,known
дальнейшее,n,future,4.2,o,framecheck,,5.070609092712402,f,4.188343048095703,f,known
благодарность,f,gratitude,4.2,soft,framecheck,,7.900616645812988,n,6.860744476318359,n,known
общение,n,communication,4.2,o,framecheck,,5.243836402893066,m,6.593320846557617,m,known
прокуратура,f,prosecutor's office,4.2,a,framecheck,,3.900923728942871,n,3.2500133514404297,m,known
издательство,n,publishing house,4.19,o,framecheck,,4.183844566345215,m,4.252508163452148,m,known
законодательство,n,legislation,4.19,o,framecheck,,5.2450103759765625,m,5.1568498611450195,m,known
экзамен,m,examination,4.19,cons,framecheck,,3.8497447967529297,n,4.5633392333984375,n,known
пояс,m,belt,4.19,cons,framecheck,,4.963446617126465,n,5.066562652587891,n,known
знание,n,knowledge,4.19,o,framecheck,,4.681194305419922,f,5.975149154663086,f,known
продажа,f,sale,4.19,a,framecheck,,3.3098554611206055,n,3.2814035415649414,n,known
характеристика,f,characterization,4.19,a,framecheck,,7.531407356262207,n,6.739194869995117,n,known
реализация,f,realization,4.19,a,framecheck,,6.150363922119141,n,6.216068267822266,m,known
среда,f,wednesday,4.19,a,framecheck,,2.5335044860839844,n,5.063178062438965,m,known
четверть,f,quarter,4.18,soft,framecheck,,1.4075088500976562,n,2.960024833679199,n,known
тайна,f,mystery,4.18,a,framecheck,,7.154552459716797,m,5.409431457519531,m,known
поцелуй,m,kiss,4.18,cons,framecheck,,2.27962589263916,n,2.8926076889038086,n,known
воспитание,n,education,4.18,o,framecheck,,7.441877365112305,f,7.638155937194824,f,known
спор,m,dispute,4.18,cons,framecheck,,3.829784393310547,n,5.081652641296387,f,known
ассоциация,f,association,4.18,a,framecheck,,4.504148483276367,n,3.881932258605957,n,known
черта,f,line,4.18,a,framecheck,,3.520936965942383,m,5.411616325378418,m,known
квартал,m,quarter,4.18,cons,framecheck,,1.35162353515625,f,1.8281002044677734,f,known
законопроект,m,bill,4.18,cons,framecheck,,5.558740615844727,n,3.1209850311279297,n,known
оборот,m,rotation,4.18,cons,framecheck,,6.276317596435547,n,6.437360763549805,f,known
фигура,f,figure,4.18,a,framecheck,,6.891173362731934,n,6.395451545715332,m,known
слабость,f,weakness,4.18,soft,framecheck,,5.085136413574219,n,5.731758117675781,m,known
сцена,f,stage,4.18,a,framecheck,,4.642352104187012,m,3.489900588989258,m,known
училище,n,specialized school,4.18,o,framecheck,,4.897089004516602,m,3.1600399017333984,m,known
пик,m,peak,4.18,cons,framecheck,,2.2266407012939453,n,5.003798484802246,f,known
разрыв,m,rupture,4.18,cons,framecheck,,5.843532562255859,f,8.212234497070312,n,known
чтение,n,reading,4.18,o,framecheck,,4.1668548583984375,f,4.527435302734375,m,known
раунд,m,round,4.18,cons,framecheck,,4.011984825134277,n,5.512350082397461,n,known
обстановка,f,furniture,4.17,a,framecheck,,3.9028072357177734,n,4.051551818847656,n,known
плата,f,fee,4.17,a,framecheck,,5.9173126220703125,n,7.14825439453125,m,known
запуск,m,startup,4.17,cons,framecheck,,2.8487062454223633,n,2.6582279205322266,n,known
стремление,n,aspiration,4.17,o,framecheck,,5.094366073608398,f,5.399209976196289,f,known
справедливость,f,justice,4.17,soft,framecheck,,6.197348594665527,n,5.306584358215332,n,known
грех,m,sin,4.17,cons,framecheck,,1.0436286926269531,n,3.676342010498047,n,known
сделка,f,deal,4.17,a,framecheck,,3.957956314086914,n,4.6401214599609375,n,known
конгресс,m,congress,4.17,cons,framecheck,,5.867165565490723,n,5.582034111022949,n,known
учреждение,n,establishment,4.17,o,framecheck,,6.434665679931641,f,5.773598670959473,m,known
маршрут,m,route,4.17,cons,framecheck,,8.913947105407715,f,8.403865814208984,f,known
подпись,f,signature,4.17,soft,framecheck,,4.3157758712768555,n,6.310669898986816,m,known
суп,m,soup,4.17,cons,framecheck,,3.963460922241211,f,2.9910526275634766,f,known
смесь,f,blend,4.17,soft,framecheck,,4.905534744262695,n,3.444333076477051,m,known
обувь,f,footwear,4.17,soft,framecheck,,8.741881370544434,m,7.5069580078125,m,known
дым,m,smoke,4.17,cons,framecheck,,-0.3910331726074219,n,3.0280017852783203,n,unsure
вооружение,n,arming,4.17,o,framecheck,,5.142070770263672,f,4.5902252197265625,f,known
плен,m,captivity,4.17,cons,framecheck,,2.427003860473633,n,4.1685791015625,n,known
округ,m,district,4.17,cons,framecheck,,0.9599809646606445,n,2.753763198852539,n,unsure
труп,m,corpse,4.17,cons,framecheck,,3.3644275665283203,n,5.274782180786133,n,known
сказка,f,tale,4.16,a,framecheck,,6.118072509765625,m,6.191219329833984,m,known
принятие,n,acceptance,4.16,o,framecheck,,5.283121109008789,f,4.8938493728637695,f,known
гонка,f,racing,4.16,a,framecheck,,4.535003662109375,m,3.966555595397949,m,known
граница,f,border,4.16,a,framecheck,,5.673990249633789,n,6.2710418701171875,m,known
трагедия,f,tragedy,4.16,a,framecheck,,7.1607770919799805,m,4.088285446166992,m,known
толпа,f,crowd,4.16,a,framecheck,,6.091705322265625,n,3.4995880126953125,m,known
трек,m,track,4.16,cons,framecheck,,4.362695693969727,n,6.179045677185059,n,known
происхождение,n,origin,4.16,o,framecheck,,4.038745880126953,f,3.0458602905273438,f,known
съезд,m,descent,4.16,cons,framecheck,,2.798971176147461,f,1.5022716522216797,n,known
ценность,f,value,4.16,soft,framecheck,,4.933805465698242,n,8.073266983032227,n,known
гордость,f,pride,4.15,soft,framecheck,,6.558300018310547,n,3.5930747985839844,m,known
командование,n,command,4.15,o,framecheck,,6.381433486938477,f,4.934359550476074,f,known
гора,f,mountain,4.15,a,framecheck,,5.5543107986450195,n,5.995182991027832,m,known
опрос,m,questioning,4.15,cons,framecheck,,0.6369571685791016,n,2.251431465148926,n,unsure
предупреждение,n,notice,4.15,o,framecheck,,7.899962425231934,f,3.7951040267944336,m,known
воля,f,will,4.15,a,framecheck,,3.58052921295166,n,3.636538505554199,n,known
исключение,n,exception,4.15,o,framecheck,,5.45273494720459,f,6.024136543273926,f,known
студия,f,studio,4.15,a,framecheck,,5.504680633544922,n,3.5926427841186523,m,known
объявление,n,declaration,4.15,o,framecheck,,6.543346405029297,f,3.6613283157348633,m,known
страница,f,page,4.15,a,framecheck,,5.886635780334473,n,6.182188034057617,m,known
испытание,n,trial,4.15,o,framecheck,,5.917575836181641,m,6.532674789428711,m,known
молчание,n,silence,4.15,o,framecheck,,5.342150688171387,m,4.549121856689453,m,known
самолёт,m,airplane,4.15,cons,framecheck,,1.1274442672729492,f,3.0509214401245117,f,known
повесть,f,narrative,4.15,soft,framecheck,,2.5753984451293945,n,4.121585845947266,n,known
атака,f,attack,4.15,a,framecheck,,4.009498596191406,m,2.904468536376953,m,known
налог,m,tax,4.15,cons,framecheck,,3.6085205078125,n,6.11436653137207,n,known
экспресс,m,express,4.15,cons,framecheck,,4.05189323425293,f,3.9279117584228516,f,known
напряжение,n,effort,4.15,o,framecheck,,5.268899917602539,f,8.821046829223633,f,known
поездка,f,tour,4.15,a,framecheck,,6.106696128845215,m,4.662256240844727,m,known
объяснение,n,explanation,4.15,o,framecheck,,7.926736831665039,f,4.447050094604492,f,known
сюрприз,m,surprise,4.15,cons,framecheck,,3.3614368438720703,n,3.1522769927978516,n,known
комментарий,m,comment,4.15,cons,framecheck,,3.994352340698242,n,4.5437703132629395,n,known
традиция,f,tradition,4.14,a,framecheck,,9.96848201751709,n,7.639614105224609,m,known
сочетание,n,combination,4.14,o,framecheck,,6.973541259765625,f,4.014732360839844,m,known
потеря,f,loss,4.14,a,framecheck,,5.24787712097168,m,5.553890228271484,m,known
улучшение,n,improvement,4.14,o,framecheck,,7.653343200683594,f,4.051937103271484,f,known
столица,f,capital,4.14,a,framecheck,,2.115530014038086,n,2.6811771392822266,n,known
ухо,n,ear,4.14,o,framecheck,,6.829928398132324,f,1.7608013153076172,m,known
замена,f,replacement,4.14,a,framecheck,,4.6746826171875,m,5.505306243896484,m,known
показ,m,show,4.14,cons,framecheck,,1.9764509201049805,f,3.104433059692383,n,known
химия,f,chemistry,4.14,a,framecheck,,7.188798904418945,n,5.982745170593262,m,known
среднее,n,average,4.14,o,framecheck,,6.21502685546875,f,4.249744415283203,m,known
стена,f,wall,4.14,a,framecheck,,5.050115585327148,m,4.181424140930176,m,known
туалет,m,toilet,4.14,cons,framecheck,,3.509765625,n,8.213956832885742,n,known
танк,m,tank,4.14,cons,framecheck,,1.830118179321289,n,3.885774612426758,n,known
финансирование,n,funding,4.14,o,framecheck,,5.877386093139648,f,4.714202880859375,f,known
баланс,m,balance,4.14,cons,framecheck,,4.16752815246582,n,7.07832145690918,f,known
добыча,f,extraction,4.14,a,framecheck,,6.048059463500977,n,5.577230453491211,n,known
недостаток,m,lack,4.13,cons,framecheck,,3.098825454711914,n,2.5624427795410156,f,known
умение,n,ability,4.13,o,framecheck,,6.1515092849731445,f,4.413957595825195,m,known
ширина,f,width,4.13,a,framecheck,,1.8062210083007812,n,0.6081447601318359,m,unsure
царство,n,empire,4.13,o,framecheck,,5.562987327575684,f,4.496128082275391,m,known
пак,m,pack ice,4.13,cons,framecheck,,2.8252029418945312,f,5.543357849121094,n,known
перерыв,m,interruption,4.13,cons,framecheck,,3.6149044036865234,n,3.289724349975586,n,known
тенденция,f,tendency,4.13,a,framecheck,,5.839381217956543,n,2.9624834060668945,m,known
подразделение,n,subdivision,4.13,o,framecheck,,3.3269004821777344,f,2.34515380859375,f,known
предположение,n,assumption,4.13,o,framecheck,,8.672842025756836,f,4.611658096313477,m,known
склад,m,supply,4.13,cons,framecheck,,2.9856576919555664,n,4.522930145263672,f,known
диплом,m,diploma,4.13,cons,framecheck,,3.0079660415649414,n,3.889127731323242,n,known
пресса,f,press,4.13,a,framecheck,,6.23748779296875,m,7.551698684692383,m,known
карьера,f,career,4.13,a,framecheck,,4.562100410461426,n,3.237752914428711,m,known
подвиг,m,exploit,4.12,cons,framecheck,,2.3340940475463867,f,2.593137741088867,f,known
расписание,n,schedule,4.12,o,framecheck,,5.816140174865723,m,3.4743804931640625,m,known
свидетельство,n,government certificate,4.12,o,framecheck,,4.603368759155273,m,4.427872657775879,m,known
цветок,m,flower,4.12,cons,framecheck,,5.737555503845215,n,5.398466110229492,f,known
учебник,m,textbook,4.12,cons,framecheck,,4.7862701416015625,n,5.3505401611328125,n,known
спокойствие,n,calmness,4.12,o,framecheck,,5.099706649780273,m,5.236056327819824,m,known
единство,n,unity,4.12,o,framecheck,,3.3680343627929688,f,4.169559478759766,f,known
сахар,m,sugar,4.12,cons,framecheck,,3.2374086380004883,n,4.343257904052734,n,known
грязь,f,dirt,4.12,soft,framecheck,,5.795590400695801,m,4.351005554199219,m,known
покой,m,calm,4.12,cons,framecheck,,5.466091156005859,n,5.894008636474609,f,known
основание,n,base,4.12,o,framecheck,,6.049619674682617,f,3.2938833236694336,f,known
сыр,m,cheese,4.12,cons,framecheck,,3.4214096069335938,n,2.3739137649536133,n,known
атмосфера,f,atmosphere,4.12,a,framecheck,,8.601613998413086,m,4.594928741455078,m,known
июнь,m,june,4.12,soft,framecheck,,5.517110824584961,f,2.2162094116210938,f,known
плечо,n,shoulder,4.12,o,framecheck,,3.7386112213134766,f,5.865701675415039,m,known
песок,m,sand,4.11,cons,framecheck,,2.5651473999023438,n,6.194422721862793,n,known
лодка,f,boat,4.11,a,framecheck,,4.433313369750977,n,4.797834396362305,m,known
графа,f,column,4.11,a,framecheck,,7.100948333740234,n,3.8529224395751953,m,known
июль,m,july,4.11,soft,framecheck,,5.363677978515625,f,2.324817657470703,f,known
кухня,f,kitchen,4.11,a,framecheck,,6.395260810852051,m,6.628416061401367,m,known
человечество,n,humanity,4.11,o,framecheck,,6.364083290100098,m,6.580995559692383,m,known
климат,m,climate,4.11,cons,framecheck,,3.1260480880737305,n,3.726451873779297,n,known
протест,m,protest,4.11,cons,framecheck,,4.501718521118164,f,6.338203430175781,f,known
авария,f,damage,4.11,a,framecheck,,4.732571601867676,m,5.377399444580078,m,known
верность,f,faithfulness,4.11,soft,framecheck,,3.1395397186279297,n,3.378267288208008,n,known
реклама,f,advertising,4.11,a,framecheck,,7.462662696838379,m,6.539325714111328,m,known
сочинение,n,composition,4.11,o,framecheck,,4.844464302062988,m,6.423381805419922,m,known
мороз,m,freezing weather,4.11,cons,framecheck,,3.519176483154297,f,4.285469055175781,f,known
прямая,f,straight line,4.11,a,framecheck,,7.27286434173584,m,4.5045928955078125,n,known
готовность,f,preparedness,4.11,soft,framecheck,,7.6934309005737305,n,7.226564407348633,m,known
парад,m,parade,4.11,cons,framecheck,,2.4183788299560547,n,4.740718841552734,f,known
стратегия,f,strategy,4.11,a,framecheck,,9.940906524658203,m,6.100009918212891,m,known
совесть,f,conscience,4.11,soft,framecheck,,2.2102460861206055,n,1.9350566864013672,m,known
просьба,f,request,4.11,a,framecheck,,2.577913284301758,n,2.8235549926757812,n,known
катастрофа,f,catastrophe,4.11,a,framecheck,,7.695862770080566,n,9.832405090332031,n,known
постель,f,bed,4.11,soft,framecheck,,5.534544944763184,m,6.544719696044922,n,known
улыбка,f,smile,4.11,a,framecheck,,5.812674522399902,n,3.3780288696289062,m,known
копия,f,copy,4.11,a,framecheck,,4.269221305847168,n,6.277894973754883,n,known
больница,f,hospital,4.11,a,framecheck,,6.150978088378906,m,5.244065284729004,m,known
лента,f,ribbon,4.11,a,framecheck,,4.462050437927246,n,5.9755706787109375,m,known
целое,n,whole,4.1,o,framecheck,,8.261449813842773,f,6.980708122253418,m,known
отражение,n,reflection,4.1,o,framecheck,,7.325723648071289,m,5.954400062561035,m,known
спасение,n,rescue,4.1,o,framecheck,,6.004129409790039,f,4.415545463562012,m,known
насилие,n,violence,4.1,o,framecheck,,4.479368209838867,f,3.310185432434082,f,known
итог,m,sum,4.1,cons,framecheck,,3.567523956298828,f,4.999292373657227,f,known
убежище,n,asylum,4.1,o,framecheck,,3.3535499572753906,f,1.6483259201049805,m,known
драма,f,drama,4.1,a,framecheck,,5.742498397827148,n,3.69537353515625,m,known
фраза,f,sentence,4.1,a,framecheck,,5.678985595703125,m,5.518239974975586,m,known
реформа,f,reform,4.1,a,framecheck,,8.482240676879883,n,5.210519790649414,m,known
изготовление,n,production,4.1,o,framecheck,,5.610029220581055,f,5.533285140991211,f,known
диагноз,m,diagnosis,4.1,cons,framecheck,,4.513130187988281,n,3.1765661239624023,n,known
наследие,n,heritage,4.1,o,framecheck,,6.819428443908691,f,5.99186897277832,f,known
воздействие,n,effect,4.1,o,framecheck,,7.603689193725586,f,4.9921464920043945,m,known
салон,m,salon,4.1,cons,framecheck,,2.5993032455444336,n,3.849172592163086,n,known
призыв,m,call,4.1,cons,framecheck,,4.50076961517334,n,6.218802452087402,f,known
кампания,f,campaign,4.1,a,framecheck,,4.147444725036621,n,2.7509422302246094,m,known
поступок,m,act,4.1,cons,framecheck,,4.353351593017578,n,5.0173492431640625,n,known
совпадение,n,coincidence,4.09,o,framecheck,,4.712080001831055,f,3.644388198852539,m,known
собор,m,cathedral,4.09,cons,framecheck,,3.475480079650879,n,5.359665870666504,n,known
ритм,m,rhythm,4.09,cons,framecheck,,3.9312543869018555,n,7.035297393798828,n,known
кара,f,penalty,4.09,a,framecheck,,6.542606353759766,m,4.838261604309082,m,known
вещество,n,substance,4.09,o,framecheck,,6.92348575592041,f,7.231921195983887,f,known
продвижение,n,advancement,4.09,o,framecheck,,7.141083717346191,f,5.282114028930664,m,known
захват,m,seizure,4.09,cons,framecheck,,5.654697418212891,f,6.909340858459473,f,known
дума,f,thought,4.09,a,framecheck,,6.231183052062988,n,6.317049026489258,m,known
слух,m,hearing,4.09,cons,framecheck,,-0.4060382843017578,n,4.247045516967773,n,unsure
опера,f,opera,4.09,a,framecheck,,6.092714309692383,n,4.282443046569824,m,known
хит,m,hit,4.09,cons,framecheck,,1.9610185623168945,f,4.221447944641113,f,known
вокзал,m,station,4.09,cons,framecheck,,2.76336669921875,n,5.666481018066406,f,known
лекарство,n,medicine,4.09,o,framecheck,,7.052410125732422,m,4.742921829223633,m,known
эхо,n,echo,4.09,o,framecheck,,4.612151145935059,m,3.9207286834716797,m,known
мероприятие,n,undertaking,4.09,o,framecheck,,4.5139617919921875,f,4.324989318847656,m,known
лук,m,onion,4.09,cons,framecheck,,4.086065292358398,n,5.231058120727539,f,known
стул,m,chair,4.09,cons,framecheck,,2.5342750549316406,f,4.462021827697754,f,known
ограничение,n,limitation,4.09,o,framecheck,,7.129962921142578,f,4.08065128326416,m,known
подтверждение,n,confirmation,4.09,o,framecheck,,5.853811264038086,f,4.80598258972168,f,known
ракета,f,rocket,4.09,a,framecheck,,2.489147186279297,m,3.889126777648926,m,known
психология,f,psychology,4.09,a,framecheck,,4.238332748413086,n,3.963247299194336,n,known
пирог,m,pie,4.09,cons,framecheck,,2.14676570892334,n,4.556123733520508,n,known
коэффициент,m,coefficient,4.09,cons,framecheck,,3.5875282287597656,n,5.290630340576172,n,known
строение,n,building,4.08,o,framecheck,,3.493453025817871,f,3.3330183029174805,f,known
отбор,m,selection,4.08,cons,framecheck,,6.684283256530762,n,6.941646575927734,f,known
грузовик,m,lorry,4.08,cons,framecheck,,2.4257545471191406,f,4.984975814819336,f,known
восстание,n,rebellion,4.08,o,framecheck,,4.825464248657227,f,3.361313819885254,m,known
риска,f,groove in the form of a line,4.08,a,framecheck,,2.0685043334960938,n,2.254182815551758,n,known
утверждение,n,strengthening,4.08,o,framecheck,,6.060283660888672,f,4.66169548034668,m,known
основа,f,basis,4.08,a,framecheck,,5.99881649017334,n,6.642414093017578,n,known
планирование,n,planning,4.08,o,framecheck,,8.907166481018066,m,8.454766273498535,f,known
поэзия,f,poetry,4.08,a,framecheck,,4.389554977416992,m,3.4860010147094727,m,known
свидание,n,appointment,4.08,o,framecheck,,7.055307388305664,m,7.797977447509766,m,known
блюдо,n,dish,4.08,o,framecheck,,5.877945899963379,m,3.7375030517578125,m,known
батальон,m,battalion,4.08,cons,framecheck,,2.6782150268554688,n,6.135507583618164,n,known
логика,f,logic,4.08,a,framecheck,,5.658353805541992,m,5.655034065246582,m,known
башня,f,tower,4.08,a,framecheck,,5.538446426391602,n,4.151303291320801,m,known
прелесть,f,charm,4.08,soft,framecheck,,2.816075325012207,n,3.1378650665283203,n,known
реконструкция,f,reconstruction,4.08,a,framecheck,,4.315301895141602,n,3.3889951705932617,n,known
математика,f,mathematics,4.08,a,framecheck,,4.568948745727539,m,6.125311851501465,m,known
конструкция,f,construction,4.08,a,framecheck,,7.32633113861084,n,7.266341209411621,m,known
ом,m,ohm,4.08,cons,framecheck,,1.4774360656738281,n,1.7326831817626953,n,known
площадка,f,area,4.08,a,framecheck,,6.956205368041992,n,6.520589828491211,m,known
полоса,f,stripe,4.08,a,framecheck,,8.159232139587402,m,7.552219390869141,m,known
луч,m,ray,4.08,cons,framecheck,,5.2090654373168945,n,4.011784553527832,n,known
рубеж,m,boundary,4.08,cons,framecheck,,3.487335205078125,n,4.030953407287598,f,known
послание,n,message,4.08,o,framecheck,,6.642988204956055,f,4.095410346984863,m,known
знамя,n,standard,4.07,mja,framecheck,,7.078508377075195,f,3.693998336791992,m,known
известность,f,reputation,4.07,soft,framecheck,,2.7492008209228516,n,3.879354476928711,n,known
признак,m,sign,4.07,cons,framecheck,,5.428867340087891,n,6.023542404174805,f,known
достоинство,n,positive quality,4.07,o,framecheck,,3.6026792526245117,f,2.088747978210449,f,known
премия,f,bonus,4.07,a,framecheck,,6.625057220458984,m,6.072052001953125,m,known
бренд,m,brand,4.07,cons,framecheck,,4.5727033615112305,n,6.356564521789551,f,known
уничтожение,n,destruction,4.07,o,framecheck,,7.345552444458008,f,5.216527938842773,f,known
соответствие,n,correspondence,4.07,o,framecheck,,4.948700904846191,f,3.3649282455444336,m,known
бензин,m,gasoline,4.07,cons,framecheck,,2.219980239868164,f,4.299894332885742,n,known
торт,m,cake,4.07,cons,framecheck,,2.382645606994629,n,4.567594528198242,n,known
жанр,m,genre,4.07,cons,framecheck,,4.601544380187988,n,6.084138870239258,n,known
шар,m,ball,4.07,cons,framecheck,,4.596574783325195,f,6.686058044433594,f,known
запрос,m,inquiry,4.07,cons,framecheck,,3.621537208557129,n,5.434072494506836,n,known
наблюдение,n,observation,4.07,o,framecheck,,7.286748886108398,f,6.646470069885254,f,known
недовольство,n,discontent,4.07,o,framecheck,,8.454075813293457,f,3.8251953125,f,known
сравнение,n,comparison,4.07,o,framecheck,,7.732499122619629,f,6.335317611694336,f,known
хранение,n,custody,4.07,o,framecheck,,6.699933052062988,f,3.2539844512939453,f,known
тон,m,tone,4.06,cons,framecheck,,2.343158721923828,n,6.646629333496094,n,known
гнев,m,anger,4.06,cons,framecheck,,3.720579147338867,n,4.0239105224609375,n,known
распределение,n,distribution,4.06,o,framecheck,,5.618969917297363,f,5.192934036254883,f,known
графика,f,drawing,4.06,a,framecheck,,4.747779846191406,n,5.275237083435059,m,known
удача,f,good luck,4.06,a,framecheck,,5.339917182922363,n,4.849973678588867,m,known
штраф,m,fine,4.06,cons,framecheck,,3.657454490661621,n,7.515582084655762,n,known
важность,f,importance,4.06,soft,framecheck,,5.799435615539551,n,4.74516487121582,m,known
религия,f,religion,4.06,a,framecheck,,1.5665063858032227,m,2.197056770324707,n,known
бомба,f,bomb,4.06,a,framecheck,,6.358630180358887,n,6.2769622802734375,m,known
награда,f,reward,4.06,a,framecheck,,5.668540954589844,n,3.787186622619629,m,known
категория,f,category,4.06,a,framecheck,,7.724124908447266,n,6.053107261657715,m,known
железа,f,gland,4.06,a,framecheck,,1.3153228759765625,n,2.3354415893554688,n,known
слой,m,layer,4.06,cons,framecheck,,1.1077384948730469,n,5.570241928100586,n,known
соотношение,n,correspondence,4.06,o,framecheck,,4.318650245666504,m,3.7389068603515625,m,known
рубин,m,ruby,4.06,cons,framecheck,,2.4150657653808594,f,4.333942413330078,f,known
джин,m,gin,4.06,cons,framecheck,,1.184722900390625,f,2.3889846801757812,n,known
наименование,n,name,4.06,o,framecheck,,3.7406883239746094,f,3.557257652282715,f,known
магия,f,magic,4.05,a,framecheck,,5.0323333740234375,n,5.959019660949707,m,known
внедрение,n,inculcation,4.05,o,framecheck,,8.503179550170898,f,9.645308494567871,m,known
облик,m,face,4.05,cons,framecheck,,4.719211578369141,f,4.579254150390625,f,known
потребность,f,need,4.05,soft,framecheck,,6.361392974853516,n,5.236676216125488,n,known
трансляция,f,broadcast,4.05,a,framecheck,,5.048576354980469,n,3.7185592651367188,n,known
позор,m,shame,4.05,cons,framecheck,,2.850954055786133,n,4.37368106842041,n,known
соединение,n,joining,4.05,o,framecheck,,7.581369400024414,f,8.577075958251953,f,known
медицина,f,medicine,4.05,a,framecheck,,4.472166061401367,n,5.32724666595459,n,known
ствол,m,trunk,4.05,cons,framecheck,,1.7371101379394531,f,4.56941032409668,f,known
глупость,f,stupidity,4.05,soft,framecheck,,4.519189834594727,n,4.657796859741211,m,known
лаборатория,f,laboratory,4.05,a,framecheck,,8.1416654586792,m,6.423466682434082,m,known
нога,f,leg,4.05,a,framecheck,,5.341291427612305,n,5.641435623168945,m,known
выстрел,m,shot,4.05,cons,framecheck,,1.7779836654663086,n,3.7167911529541016,n,known
богатство,n,wealth,4.05,o,framecheck,,5.656732559204102,m,5.701330184936523,m,known
бумага,f,paper,4.05,a,framecheck,,4.605076789855957,m,4.119609832763672,m,known
чан,m,tub,4.05,cons,framecheck,,4.858386993408203,f,4.599128723144531,f,known
процедура,f,procedure,4.05,a,framecheck,,4.8376922607421875,n,5.2205963134765625,n,known
стихотворение,n,poem,4.05,o,framecheck,,3.8444957733154297,m,2.550469398498535,m,known
гражданство,n,citizenship,4.05,o,framecheck,,7.359222412109375,f,6.962628364562988,m,known
лоб,m,forehead,4.05,cons,framecheck,,2.1541271209716797,n,2.6015853881835938,f,known
обновление,n,renewal,4.05,o,framecheck,,7.390129089355469,f,5.921847343444824,f,known
глубина,f,depth,4.05,a,framecheck,,4.452221870422363,n,6.23798942565918,m,known
потребление,n,consumption,4.04,o,framecheck,,4.51384162902832,f,8.24937915802002,m,known
оппозиция,f,opposition,4.04,a,framecheck,,6.996788024902344,n,8.093259811401367,m,known
тайм,m,half time,4.04,cons,framecheck,,1.5133533477783203,n,3.4446544647216797,n,known
полуфинал,m,semifinal,4.04,cons,framecheck,,2.7225265502929688,f,2.650899887084961,f,known
оплата,f,payment,4.04,a,framecheck,,3.443807601928711,n,2.7481002807617188,n,known
условие,n,condition,4.04,o,framecheck,,7.241549015045166,f,6.742740631103516,m,known
величина,f,size,4.04,a,framecheck,,5.925176620483398,n,4.307659149169922,m,known
обязанность,f,duty,4.04,soft,framecheck,,3.4430418014526367,n,3.0108604431152344,m,known
месть,f,revenge,4.04,soft,framecheck,,4.5166778564453125,n,2.2857961654663086,m,known
гимн,m,anthem,4.04,cons,framecheck,,1.6978340148925781,n,3.3214550018310547,f,known
пламя,n,flame,4.04,mja,framecheck,,3.8389739990234375,m,3.0685815811157227,m,known
колесо,n,wheel,4.04,o,framecheck,,4.720456123352051,m,4.814380645751953,m,known
спектр,m,spectrum,4.04,cons,framecheck,,4.75693416595459,n,8.167813301086426,f,known
учение,n,learning,4.04,o,framecheck,,5.575207710266113,m,4.252187728881836,m,known
мгновение,n,moment,4.04,o,framecheck,,7.468469619750977,m,8.073630332946777,f,known
рождение,n,birth,4.04,o,framecheck,,5.578263282775879,m,5.89675235748291,m,known
диаметр,m,diameter,4.04,cons,framecheck,,4.498430252075195,n,6.005664825439453,n,known
факультет,m,faculty,4.04,cons,framecheck,,3.0911760330200195,f,5.275495529174805,f,known
рой,m,swarm,4.04,cons,framecheck,,3.35498046875,n,4.806136131286621,n,known
минута,f,minute,4.04,a,framecheck,,7.7803144454956055,n,8.110694885253906,n,known
клип,m,music video,4.04,cons,framecheck,,4.088881492614746,f,4.561742782592773,n,known
методика,f,method,4.04,a,framecheck,,5.42488956451416,m,5.264930725097656,m,known
особенность,f,peculiarity,4.04,soft,framecheck,,8.008551597595215,m,8.084007263183594,m,known
прочее,n,rest,4.04,o,framecheck,,1.8307456970214844,m,0.12631988525390625,m,unsure
фабрика,f,factory,4.03,a,framecheck,,5.12062931060791,m,5.497158050537109,m,known
юбилей,m,jubilee,4.03,cons,framecheck,,5.088178634643555,n,7.9705400466918945,n,known
мотив,m,tune,4.03,cons,framecheck,,5.959602355957031,n,7.830670356750488,f,known
крыша,f,roof,4.03,a,framecheck,,5.182878494262695,n,6.203405380249023,n,known
вселенная,f,universe,4.03,a,framecheck,,3.7154006958007812,m,3.4172182083129883,m,known
мастерство,n,mastery,4.03,o,framecheck,,6.618629455566406,m,4.505834579467773,m,known
постановка,f,staging,4.03,a,framecheck,,4.441523551940918,n,8.311408996582031,m,known
осуществление,n,realization,4.03,o,framecheck,,2.77036190032959,f,1.9932327270507812,f,known
стрельба,f,shooting,4.03,a,framecheck,,5.599422454833984,n,3.3624629974365234,m,known
филиал,m,branch office,4.03,cons,framecheck,,2.796783447265625,n,3.2055206298828125,n,known
дополнение,n,addition,4.03,o,framecheck,,8.114303588867188,m,7.332267761230469,m,known
сбербанк,m,savings bank,4.03,cons,framecheck,,-0.4585380554199219,f,2.4060306549072266,f,unsure
соревнование,n,competition,4.03,o,framecheck,,5.127236366271973,f,4.425049781799316,f,known
сфера,f,sphere,4.03,a,framecheck,,5.051202774047852,m,3.2872180938720703,m,known
терпение,n,patience,4.03,o,framecheck,,3.637019157409668,f,6.4951372146606445,f,known
пропаганда,f,propaganda,4.02,a,framecheck,,4.094997406005859,m,3.4629783630371094,n,known
вечность,f,eternity,4.02,soft,framecheck,,1.1239585876464844,n,3.9107208251953125,n,known
инцидент,m,incident,4.02,cons,framecheck,,3.9418411254882812,n,4.070140838623047,f,known
стресс,m,stress,4.02,cons,framecheck,,-0.07780647277832031,f,2.296480178833008,f,unsure
сомнение,n,doubt,4.02,o,framecheck,,4.601584434509277,f,6.561079025268555,f,known
освещение,n,lighting,4.02,o,framecheck,,7.800178527832031,m,9.35069465637207,m,known
олимпиада,f,olympiad,4.02,a,framecheck,,5.46445369720459,m,4.971935272216797,m,known
ведение,n,knowledge,4.02,o,framecheck,,6.783045768737793,f,6.54248046875,f,known
топливо,n,fuel,4.02,o,framecheck,,2.3951902389526367,f,3.025453567504883,m,known
туман,m,fog,4.02,cons,framecheck,,4.417552947998047,f,7.491765975952148,n,known
яблоко,n,apple,4.02,o,framecheck,,7.788443565368652,m,6.28590202331543,m,known
употребление,n,use,4.02,o,framecheck,,5.646531105041504,f,4.048736572265625,f,known
землетрясение,n,earthquake,4.02,o,framecheck,,1.912186622619629,f,2.156393051147461,m,known
электричество,n,electricity,4.02,o,framecheck,,3.284090042114258,f,3.520827293395996,f,known
персонал,m,staff,4.02,cons,framecheck,,4.661128044128418,n,6.062699317932129,n,known
возрождение,n,rebirth,4.02,o,framecheck,,6.762993812561035,f,6.372907638549805,m,known
допрос,m,interrogation,4.02,cons,framecheck,,3.37823486328125,n,4.455453872680664,n,known
импорт,m,import,4.02,cons,framecheck,,2.527782440185547,n,4.142334938049316,n,known
ставка,f,bet,4.02,a,framecheck,,5.581460952758789,m,3.865941047668457,m,known
комедия,f,comedy,4.02,a,framecheck,,7.121189117431641,m,6.711470603942871,m,known
максима,f,maxim,4.02,a,framecheck,,3.856173515319824,m,1.666360855102539,m,known
туризм,m,tourism,4.02,cons,framecheck,,-0.3769569396972656,n,2.8207082748413086,n,unsure
голод,m,hunger,4.01,cons,framecheck,,5.146232604980469,n,5.692569732666016,f,known
растение,n,plant,4.01,o,framecheck,,5.343283653259277,m,4.828978538513184,m,known
акцент,m,stress,4.01,cons,framecheck,,3.5891847610473633,f,6.03621768951416,n,known
синдром,m,syndrome,4.01,cons,framecheck,,4.597894668579102,n,4.287067413330078,n,known
остаток,m,remainder,4.01,cons,framecheck,,3.0694847106933594,n,4.626677513122559,n,known
хор,m,chorus,4.01,cons,framecheck,,1.6496610641479492,n,4.73362922668457,f,known
рецепт,m,recipe,4.01,cons,framecheck,,5.993706703186035,f,6.7954630851745605,f,known
темп,m,rate,4.01,cons,framecheck,,1.6214637756347656,f,2.6597156524658203,f,known
кол,m,stake,4.01,cons,framecheck,,-1.219883918762207,n,0.06580066680908203,f,unsure
мужество,n,courage,4.01,o,framecheck,,5.7723493576049805,m,2.1085052490234375,m,known
файл,m,file,4.01,cons,framecheck,,4.071311950683594,n,6.636135101318359,n,known
эпоха,f,epoch,4.01,a,framecheck,,6.394707679748535,n,7.4384765625,m,known
снимок,m,photo,4.01,cons,framecheck,,-0.036255836486816406,n,1.0538415908813477,n,unsure
салат,m,salad,4.01,cons,framecheck,,3.554720878601074,f,4.461093902587891,f,known
забота,f,care,4.01,a,framecheck,,4.756926536560059,n,5.554676055908203,n,known
стабильность,f,stability,4.0,soft,framecheck,,6.480712890625,m,5.308296203613281,m,known
первенство,n,first place,4.0,o,framecheck,,8.238122940063477,m,5.714485168457031,m,known
мешок,m,sack,4.0,cons,framecheck,,4.358303070068359,f,4.783718109130859,f,known
люк,m,hatch,4.0,cons,framecheck,,7.580516815185547,f,4.915185928344727,n,known
платформа,f,platform,4.0,a,framecheck,,3.6043128967285156,n,4.1855316162109375,m,known
миф,m,myth,4.0,cons,framecheck,,4.957462310791016,f,5.8170166015625,f,known
истина,f,truth,4.0,a,framecheck,,4.314767837524414,n,4.239185333251953,m,known
диван,m,sofa,4.0,cons,framecheck,,1.0671024322509766,n,3.9809141159057617,f,known
поединок,m,duel,4.0,cons,framecheck,,1.1579580307006836,n,0.3457317352294922,n,unsure
релиз,m,release,4.0,cons,framecheck,,6.601564407348633,n,1.3917770385742188,n,known
прорыв,m,break,4.0,cons,framecheck,,5.684591293334961,f,6.351546287536621,f,known
побег,m,flight,4.0,cons,framecheck,,2.2064056396484375,n,3.8365840911865234,n,known
стандарт,m,standard,4.0,cons,framecheck,,1.3711738586425781,n,5.9578962326049805,n,known
очерк,m,sketch,4.0,cons,framecheck,,3.491382598876953,n,1.9240694046020508,n,known
бок,m,side,4.0,cons,framecheck,,2.5560874938964844,n,4.13493537902832,f,known
грудь,f,chest,4.48,,strat_ru,дь|native,5.291904449462891,m,5.23328971862793,m,known
исповедь,f,confession,3.58,,strat_ru,дь|native,1.099959373474121,n,0.6794805526733398,n,unsure
проповедь,f,sermon,3.56,,strat_ru,дь|native,2.520181655883789,m,2.0258960723876953,m,known
заповедь,f,commandment,3.13,,strat_ru,дь|native,3.486844062805176,m,0.9910774230957031,m,unsure
прядь,f,lock,3.02,,strat_ru,дь|native,5.98609733581543,n,2.8755931854248047,n,known
гроздь,f,bunch,2.62,,strat_ru,дь|native,3.6289749145507812,n,1.8685493469238281,m,known
жердь,f,perch,2.25,,strat_ru,дь|native,2.4310970306396484,m,1.1644477844238281,m,known
дождь,m,rain,4.64,,strat_ru,дь|native,1.2276439666748047,f,3.373988151550293,f,known
гвоздь,m,nail,3.59,,strat_ru,дь|native,4.862862586975098,n,4.572497367858887,f,known
жёлудь,m,acorn,2.25,,strat_ru,дь|native,7.316375732421875,f,8.877891540527344,f,known
груздь,m,lactarius mushroom,2.17,,strat_ru,дь|native,3.573873519897461,f,4.248313903808594,f,known
роль,f,role,5.28,,strat_ru,ль|loan,4.157502174377441,n,5.401364326477051,m,known
цель,f,goal,4.98,,strat_ru,ль|loan,4.45257568359375,n,5.948616981506348,m,known
медаль,f,medal,4.47,,strat_ru,ль|loan,4.129480361938477,m,4.417111396789551,m,known
мебель,f,furniture,4.11,,strat_ru,ль|loan,6.951282501220703,m,5.789261817932129,m,known
деталь,f,detail,3.88,,strat_ru,ль|loan,4.888486862182617,m,4.457732200622559,m,known
мораль,f,morals,3.76,,strat_ru,ль|loan,5.414083480834961,m,5.054200172424316,m,known
дуэль,f,duel,3.59,,strat_ru,ль|loan,4.489923477172852,n,4.586703300476074,m,known
капель,f,dripping water from thawing snow or ice,3.54,,strat_ru,ль|loan,1.8202552795410156,m,0.9632740020751953,m,unsure
спираль,f,spiral,3.35,,strat_ru,ль|loan,5.280665397644043,m,3.312206268310547,m,known
педаль,f,pedal,3.31,,strat_ru,ль|loan,0.6876468658447266,m,0.6563787460327148,m,unsure
шаль,f,shawl,3.04,,strat_ru,ль|loan,3.9107608795166016,m,1.5769672393798828,m,known
вуаль,f,veil,2.99,,strat_ru,ль|loan,3.6212358474731445,n,1.9499998092651367,m,known
шинель,f,uniform overcoat,2.99,,strat_ru,ль|loan,4.366565704345703,m,1.3500728607177734,m,known
эмаль,f,enamel,2.97,,strat_ru,ль|loan,2.6359119415283203,m,1.969167709350586,m,known
ваниль,f,vanilla,2.87,,strat_ru,ль|loan,4.635974884033203,m,1.6537151336669922,m,known
бутыль,f,large bottle,2.85,,strat_ru,ль|loan,3.2054500579833984,m,3.007753372192383,m,known
карамель,f,caramel,2.83,,strat_ru,ль|loan,6.82402229309082,m,4.893533706665039,m,known
бандероль,f,periodical wrapper,2.47,,strat_ru,ль|loan,2.767599105834961,n,2.2231693267822266,m,known
шрапнель,f,shrapnel,2.45,,strat_ru,ль|loan,5.261831283569336,m,3.3544464111328125,m,known
вермишель,f,vermicelli,2.41,,strat_ru,ль|loan,1.7670555114746094,m,-0.3759441375732422,m,unsure
гастроль,f,tour,2.04,,strat_ru,ль|loan,0.9803791046142578,m,0.6059761047363281,m,unsure
контроль,m,control,4.81,,strat_ru,ль|loan,3.331380844116211,f,4.776098251342773,f,known
автомобиль,m,car,4.66,,strat_ru,ль|loan,4.442400932312012,f,6.594058990478516,f,known
спектакль,m,performance,4.39,,strat_ru,ль|loan,2.578465461730957,n,3.6268625259399414,n,known
ноль,m,zero,4.17,,strat_ru,ль|loan,0.07419204711914062,f,1.8101253509521484,n,unsure
алкоголь,m,ethanol,4.17,,strat_ru,ль|loan,4.515190124511719,n,7.1222076416015625,f,known
руль,m,rudder,4.11,,strat_ru,ль|loan,2.261129379272461,n,2.691255569458008,n,known
дубль,m,take,4.01,,strat_ru,ль|loan,-0.9127588272094727,n,2.401871681213379,n,unsure
госпиталь,m,hospital,4.0,,strat_ru,ль|loan,3.560116767883301,f,3.4212093353271484,f,known
пароль,m,password,3.96,,strat_ru,ль|loan,4.287562370300293,n,4.795499801635742,n,known
марсель,m,topsail,3.88,,strat_ru,ль|loan,0.7850418090820312,f,3.8758010864257812,f,unsure
коктейль,m,cocktail,3.87,,strat_ru,ль|loan,3.129354476928711,n,3.0992488861083984,n,known
модуль,m,module,3.81,,strat_ru,ль|loan,6.095629692077637,n,6.564022064208984,f,known
портфель,m,briefcase,3.8,,strat_ru,ль|loan,5.266323089599609,f,4.1077728271484375,f,known
дизель,m,diesel fuel,3.77,,strat_ru,ль|loan,5.723409652709961,f,4.933540344238281,f,known
рояль,m,grand piano,3.5,,strat_ru,ль|loan,-0.39908695220947266,f,3.6367321014404297,f,unsure
туннель,m,tunnel,3.4,,strat_ru,ль|loan,3.596649169921875,f,5.1185760498046875,n,known
гель,m,gel,3.35,,strat_ru,ль|loan,3.9788331985473633,n,3.782247543334961,n,known
бинокль,m,binoculars,3.2,,strat_ru,ль|loan,-1.2886886596679688,n,3.53121280670166,f,conflict
киль,m,keel,3.16,,strat_ru,ль|loan,1.470834732055664,n,3.3130111694335938,n,known
куль,m,sack,3.11,,strat_ru,ль|loan,1.6174201965332031,n,2.4222564697265625,f,known
бордель,m,brothel,2.99,,strat_ru,ль|loan,1.275482177734375,n,2.5414085388183594,n,known
дирижабль,m,airship,2.99,,strat_ru,ль|loan,0.32703590393066406,n,2.0638809204101562,f,unsure
штиль,m,dead calm,2.97,,strat_ru,ль|loan,-0.457763671875,f,1.6889610290527344,f,unsure
хрусталь,m,crystal,2.96,,strat_ru,ль|loan,2.682537078857422,f,2.875162124633789,f,known
шпиль,m,spire,2.93,,strat_ru,ль|loan,0.6088714599609375,f,2.0129451751708984,f,unsure
скальпель,m,scalpel,2.84,,strat_ru,ль|loan,-4.1997528076171875,f,-1.7335386276245117,f,wrong
бемоль,m,flat,2.83,,strat_ru,ль|loan,-0.3816337585449219,n,1.7359809875488281,n,unsure
водевиль,m,vaudeville,2.77,,strat_ru,ль|loan,4.501546859741211,f,2.547473907470703,n,known
ракель,m,doctor blade,2.75,,strat_ru,ль|loan,0.5168342590332031,f,0.6474590301513672,f,unsure
вексель,m,bill of credit,2.74,,strat_ru,ль|loan,4.136283874511719,n,4.187558174133301,n,known
сель,m,landslide,2.71,,strat_ru,ль|loan,0.6913185119628906,f,-1.2882575988769531,f,unsure
штемпель,m,stamp,2.71,,strat_ru,ль|loan,2.959249496459961,f,4.047296524047852,f,known
некрополь,m,necropolis,2.7,,strat_ru,ль|loan,-0.7324581146240234,f,1.3572015762329102,f,unsure
цоколь,m,socle,2.69,,strat_ru,ль|loan,4.567986488342285,f,5.087122917175293,f,known
артикль,m,article,2.6,,strat_ru,ль|loan,1.6917724609375,f,3.6858739852905273,f,known
циркуль,m,pair of compasses,2.59,,strat_ru,ль|loan,4.322803497314453,n,2.979522705078125,n,known
шницель,m,schnitzel,2.51,,strat_ru,ль|loan,-1.0966453552246094,f,1.7804489135742188,f,conflict
трюфель,m,truffle,2.5,,strat_ru,ль|loan,4.967992782592773,n,5.475553512573242,n,known
фалафель,m,falafel,2.47,,strat_ru,ль|loan,2.8220767974853516,f,2.760021209716797,f,known
штрудель,m,strudel,2.42,,strat_ru,ль|loan,3.7396602630615234,f,5.819038391113281,f,known
эндшпиль,m,endgame,2.42,,strat_ru,ль|loan,4.354459762573242,n,5.197507858276367,f,known
дроссель,m,throttle,2.41,,strat_ru,ль|loan,2.3097400665283203,n,3.040142059326172,n,known
фенхель,m,fennel,2.3,,strat_ru,ль|loan,4.726926803588867,f,3.4950904846191406,f,known
вензель,m,cipher,2.3,,strat_ru,ль|loan,1.57122802734375,n,3.3822383880615234,n,known
ягель,m,cladonia rangiferina,2.29,,strat_ru,ль|loan,-1.8946819305419922,f,-0.024049758911132812,f,unsure
штепсель,m,plug,2.23,,strat_ru,ль|loan,2.342449188232422,f,2.91351318359375,f,known
шпиндель,m,spindle,2.22,,strat_ru,ль|loan,0.3932514190673828,f,2.314983367919922,f,unsure
капсюль,m,percussion cap,2.21,,strat_ru,ль|loan,-3.3623180389404297,f,-1.2665367126464844,f,wrong
халяль,m,any halal act,2.2,,strat_ru,ль|loan,2.6204681396484375,f,0.8133087158203125,f,unsure
пасквиль,m,libel,2.13,,strat_ru,ль|loan,1.6671810150146484,n,3.1029319763183594,n,known
нагель,m,pin,2.06,,strat_ru,ль|loan,-0.4342765808105469,f,1.692422866821289,f,unsure
грифель,m,slate pencil,2.02,,strat_ru,ль|loan,2.425527572631836,n,6.0276336669921875,n,known
стапель,m,building slip,2.02,,strat_ru,ль|loan,-1.504119873046875,f,2.4162731170654297,f,conflict
штабель,m,stack,2.01,,strat_ru,ль|loan,1.3316364288330078,f,3.837697982788086,f,known
боль,f,pain,4.81,,strat_ru,ль|native,4.259748458862305,m,6.555506706237793,m,known
мысль,f,thought,4.76,,strat_ru,ль|native,3.336679458618164,n,4.319526672363281,m,known
прибыль,f,rise,4.43,,strat_ru,ль|native,4.939733505249023,n,8.364413261413574,m,known
гибель,f,loss,4.27,,strat_ru,ль|native,1.919464111328125,m,0.6632518768310547,m,unsure
пыль,f,dust,4.11,,strat_ru,ль|native,4.38584041595459,m,5.698474884033203,m,known
печаль,f,sadness,3.85,,strat_ru,ль|native,6.341695785522461,m,5.154214859008789,m,known
даль,f,distance,3.75,,strat_ru,ль|native,2.954835891723633,n,3.036558151245117,m,known
ель,f,spruce,3.47,,strat_ru,ль|native,3.1060361862182617,m,3.1331787109375,m,known
колыбель,f,cradle,3.28,,strat_ru,ль|native,5.2016801834106445,m,3.7007522583007812,m,known
мель,f,shallow,3.26,,strat_ru,ль|native,1.6698112487792969,n,0.9183387756347656,m,unsure
быль,f,true story,3.12,,strat_ru,ль|native,1.3602886199951172,m,-0.08468246459960938,m,unsure
гниль,f,rottenness,3.02,,strat_ru,ль|native,2.002826690673828,m,1.754195213317871,m,known
купель,f,font,2.89,,strat_ru,ль|native,4.554189682006836,m,1.6334247589111328,m,known
мозоль,f,skin blister,2.83,,strat_ru,ль|native,2.303800582885742,m,2.7703800201416016,m,known
свирель,f,pipe,2.49,,strat_ru,ль|native,3.108875274658203,n,3.1269378662109375,n,known
скрижаль,f,table,2.37,,strat_ru,ль|native,11.410869598388672,m,8.373565673828125,m,known
корабль,m,ship,4.72,,strat_ru,ль|native,2.6211109161376953,f,3.750258445739746,f,known
рубль,m,ruble,4.42,,strat_ru,ль|native,-0.181640625,n,2.8672056198120117,n,unsure
кремль,m,kremlin,4.19,,strat_ru,ль|native,-4.644536972045898,n,-1.9378528594970703,n,wrong
уголь,m,coal,4.08,,strat_ru,ль|native,5.145872116088867,f,5.947175025939941,f,known
кашель,m,cough,3.54,,strat_ru,ль|native,0.5893630981445312,n,2.1324901580810547,n,unsure
стебель,m,stem,3.36,,strat_ru,ль|native,1.2346153259277344,f,3.8437318801879883,f,known
тополь,m,poplar,3.32,,strat_ru,ль|native,-1.5218944549560547,f,2.6918325424194336,f,conflict
миндаль,m,almond,3.06,,strat_ru,ль|native,3.7058420181274414,f,3.6989974975585938,f,known
фитиль,m,wick,3.05,,strat_ru,ль|native,2.4368209838867188,n,2.7253265380859375,n,known
чернобыль,m,wormwood,3.05,,strat_ru,ль|native,3.5476303100585938,f,3.761812210083008,f,known
вопль,m,cry,2.93,,strat_ru,ль|native,-0.7093067169189453,n,1.1104564666748047,n,unsure
хмель,m,hop,2.93,,strat_ru,ль|native,0.08968639373779297,n,2.526797294616699,n,unsure
щавель,m,sorrel,2.76,,strat_ru,ль|native,-0.04012107849121094,n,1.2652263641357422,f,unsure
панель,f,panel,3.75,,strat_ru,ль|unknown,1.406296730041504,n,3.328751564025879,m,known
опухоль,f,tumour,3.69,,strat_ru,ль|unknown,3.8878660202026367,n,2.94512939453125,n,known
карусель,f,merry-go-round,3.53,,strat_ru,ль|unknown,4.161744117736816,m,3.382139205932617,m,known
магистраль,f,main line,3.52,,strat_ru,ль|unknown,4.607654571533203,m,6.152972221374512,m,known
параллель,f,parallel,3.44,,strat_ru,ль|unknown,2.4601993560791016,m,3.7127647399902344,m,known
консоль,f,console,3.38,,strat_ru,ль|unknown,3.688328742980957,m,4.852862358093262,m,known
оттепель,f,thaw,3.24,,strat_ru,ль|unknown,1.6274147033691406,m,0.5887117385864258,m,unsure
вертикаль,f,vertical,3.21,,strat_ru,ль|unknown,2.5385255813598633,m,4.01057243347168,m,known
убыль,f,diminution,3.21,,strat_ru,ль|unknown,2.094186782836914,n,1.9344120025634766,m,known
погибель,f,death,3.02,,strat_ru,ль|unknown,2.2941980361938477,n,3.5671253204345703,m,known
диагональ,f,diagonal,2.93,,strat_ru,ль|unknown,1.199385643005371,m,0.7347297668457031,m,unsure
виолончель,f,cello,2.88,,strat_ru,ль|unknown,5.653839111328125,m,4.1906890869140625,m,known
автомагистраль,f,dual carriageway,2.58,,strat_ru,ль|unknown,3.8131484985351562,n,5.380237579345703,m,known
трель,f,trill,2.54,,strat_ru,ль|unknown,3.938447952270508,n,3.1640625,n,known
удаль,f,prowess,2.4,,strat_ru,ль|unknown,1.589385986328125,m,1.125,m,known
горизонталь,f,horizontal,2.34,,strat_ru,ль|unknown,3.618875503540039,m,6.065160751342773,m,known
аллель,f,allele,2.16,,strat_ru,ль|unknown,1.870737075805664,m,0.14012718200683594,m,unsure
фестиваль,m,festival,4.66,,strat_ru,ль|unknown,1.0765323638916016,n,4.06855583190918,n,known
стиль,m,style,4.6,,strat_ru,ль|unknown,5.840267181396484,f,7.550524711608887,f,known
профиль,m,profile,4.2,,strat_ru,ль|unknown,6.657079696655273,n,6.631568908691406,n,known
тоннель,m,tunnel,3.74,,strat_ru,ль|unknown,4.017910003662109,n,5.68952751159668,n,known
кинофестиваль,m,film festival,3.56,,strat_ru,ль|unknown,-0.7162141799926758,n,-1.3559837341308594,n,unsure
баррель,m,barrel,3.34,,strat_ru,ль|unknown,3.0473403930664062,f,3.3125057220458984,n,known
гриль,m,grill,3.21,,strat_ru,ль|unknown,1.7120342254638672,n,2.066068649291992,f,known
электромобиль,m,electric car,2.93,,strat_ru,ль|unknown,0.9436759948730469,f,4.258735656738281,n,unsure
вентиль,m,valve,2.86,,strat_ru,ль|unknown,5.846521377563477,f,6.08708381652832,f,known
утиль,m,scrap,2.75,,strat_ru,ль|unknown,-8.43412971496582,f,-4.840721130371094,f,wrong
пиксель,m,pixel,2.69,,strat_ru,ль|unknown,1.910013198852539,n,4.046441078186035,n,known
аэрозоль,m,aerosol,2.58,,strat_ru,ль|unknown,3.189176559448242,f,2.7913951873779297,f,known
монокль,m,monocle,2.43,,strat_ru,ль|unknown,-0.3927764892578125,n,2.4159507751464844,n,unsure
гавань,f,haven,3.66,,strat_ru,нь|loan,4.306649208068848,m,1.8980836868286133,m,known
мигрень,f,migraine,2.88,,strat_ru,нь|loan,1.4663066864013672,m,0.3963470458984375,m,unsure
герань,f,geranium,2.66,,strat_ru,нь|loan,0.46426963806152344,m,-0.39070892333984375,m,unsure
бюллетень,m,ballot paper,3.61,,strat_ru,нь|loan,1.783156394958496,f,0.2867145538330078,n,unsure
юань,m,yuan,3.4,,strat_ru,нь|loan,0.8616313934326172,f,3.021463394165039,n,unsure
противень,m,baking pan,2.95,,strat_ru,нь|loan,-0.8607654571533203,n,1.3499164581298828,f,unsure
женьшень,m,ginseng,2.63,,strat_ru,нь|loan,2.3149948120117188,f,2.3152332305908203,f,known
ревень,m,rhubarb,2.54,,strat_ru,нь|loan,2.3592758178710938,n,1.8674144744873047,f,known
жизнь,f,life,5.73,,strat_ru,нь|native,5.009544372558594,n,4.686446666717529,n,known
степень,f,degree,4.62,,strat_ru,нь|native,3.8284664154052734,m,1.1745357513427734,m,known
болезнь,f,disease,4.5,,strat_ru,нь|native,3.9180870056152344,n,3.523331642150879,n,known
осень,f,autumn,4.2,,strat_ru,нь|native,3.9336462020874023,m,3.418344497680664,n,known
казнь,f,execution,4.03,,strat_ru,нь|native,2.4693145751953125,n,2.1106481552124023,m,known
дань,f,contribution,3.96,,strat_ru,нь|native,1.8785371780395508,n,1.618398666381836,n,known
печень,f,liver,3.94,,strat_ru,нь|native,2.582315444946289,m,-0.5198726654052734,m,unsure
ткань,f,fabric,3.9,,strat_ru,нь|native,3.874797821044922,n,5.300646781921387,n,known
грань,f,facet,3.81,,strat_ru,нь|native,4.850072860717773,m,3.278374671936035,m,known
ступень,f,step,3.78,,strat_ru,нь|native,5.972237586975098,m,3.8380393981933594,m,known
песнь,f,canto,3.74,,strat_ru,нь|native,0.2868938446044922,n,1.6761188507080078,n,unsure
боязнь,f,fear,3.52,,strat_ru,нь|native,2.589236259460449,n,3.1417236328125,n,known
ладонь,f,palm,3.47,,strat_ru,нь|native,1.8848323822021484,n,-0.5646457672119141,m,unsure
вонь,f,stink,3.22,,strat_ru,нь|native,3.262235641479492,m,2.1390151977539062,m,known
плесень,f,mildew,3.19,,strat_ru,нь|native,2.248906135559082,n,1.6837406158447266,m,known
брань,f,scolding,3.18,,strat_ru,нь|native,3.426433563232422,n,3.861248016357422,n,known
рань,f,early morning,3.06,,strat_ru,нь|native,4.53993034362793,m,5.090349197387695,m,known
полынь,f,wormwood,3.0,,strat_ru,нь|native,1.3776302337646484,n,1.7608184814453125,m,known
голень,f,shin,2.9,,strat_ru,нь|native,0.5149497985839844,n,0.8744640350341797,n,unsure
яблонь,f,apple tree,2.83,,strat_ru,нь|native,0.3491935729980469,m,-1.5685005187988281,m,unsure
сень,f,canopy,2.68,,strat_ru,нь|native,3.492839813232422,m,2.8835487365722656,m,known
гортань,f,larynx,2.66,,strat_ru,нь|native,3.202016830444336,m,2.2840805053710938,m,known
лохань,f,washtub,2.1,,strat_ru,нь|native,0.6469993591308594,n,2.418813705444336,m,unsure
день,m,day,5.84,,strat_ru,нь|native,5.204996109008789,n,7.047808647155762,n,known
камень,m,stone,4.61,,strat_ru,нь|native,0.9804000854492188,f,4.837751388549805,n,unsure
корень,m,root,3.91,,strat_ru,нь|native,4.461865425109863,f,3.990962028503418,f,known
ремень,m,strap,3.69,,strat_ru,нь|native,0.2034015655517578,f,2.5035228729248047,f,unsure
стержень,m,shank,3.54,,strat_ru,нь|native,3.1057510375976562,f,5.664508819580078,f,known
ячмень,m,barley,3.26,,strat_ru,нь|native,1.524017333984375,f,3.193319320678711,f,known
перстень,m,ring,3.2,,strat_ru,нь|native,0.1431121826171875,f,1.0494956970214844,f,unsure
ясень,m,ash,3.12,,strat_ru,нь|native,-2.6164989471435547,f,1.5620193481445312,n,conflict
щебень,m,crushed stone,3.07,,strat_ru,нь|native,-0.8177337646484375,f,0.3785514831542969,n,unsure
пламень,m,flame,2.51,,strat_ru,нь|native,-1.3989849090576172,n,1.6104259490966797,n,conflict
бивень,m,tusk,2.41,,strat_ru,нь|native,1.3576507568359375,n,1.7964820861816406,n,known
клубень,m,tuber,2.29,,strat_ru,нь|native,-0.8471260070800781,f,1.8181819915771484,f,unsure
зелень,f,greenery,3.71,,strat_ru,нь|unknown,3.328540802001953,n,3.0710620880126953,m,known
пустынь,f,hermitage,3.4,,strat_ru,нь|unknown,4.503175735473633,n,1.2814159393310547,n,known
неприязнь,f,enmity,3.36,,strat_ru,нь|unknown,6.323907852172852,n,5.729240417480469,n,known
пристань,f,wharf,3.33,,strat_ru,нь|unknown,5.585477828979492,n,2.7750682830810547,m,known
сирень,f,lilac,3.18,,strat_ru,нь|unknown,3.2282209396362305,m,2.7867612838745117,m,known
синь,f,blue colour,3.13,,strat_ru,нь|unknown,2.8734378814697266,n,2.4936752319335938,m,known
ругань,f,abuse,3.03,,strat_ru,нь|unknown,2.059694290161133,n,1.9447603225708008,n,known
бронь,f,ripe ear of oat,3.01,,strat_ru,нь|unknown,3.500110626220703,n,3.1691226959228516,m,known
глухомань,f,thick forest,2.39,,strat_ru,нь|unknown,2.563678741455078,m,0.6400699615478516,m,unsure
уровень,m,level,5.18,,strat_ru,нь|unknown,2.1241092681884766,n,6.8769731521606445,n,known
ливень,m,shower,3.44,,strat_ru,нь|unknown,1.725637435913086,f,0.28852272033691406,f,unsure
оползень,m,landslide,2.7,,strat_ru,нь|unknown,-3.5049686431884766,f,-0.32137489318847656,f,unsure
плетень,m,wattle fence,2.55,,strat_ru,нь|unknown,-0.6524696350097656,f,-1.2744216918945312,f,unsure
глазурь,f,syrup,2.86,,strat_ru,рь|loan,2.033832550048828,n,2.2969322204589844,m,known
лазурь,f,azure,2.8,,strat_ru,рь|loan,4.691265106201172,n,3.1808624267578125,m,known
лагерь,m,camp,4.43,,strat_ru,рь|loan,1.1986808776855469,n,3.4803009033203125,f,known
монастырь,m,monastery,4.12,,strat_ru,рь|loan,3.6384849548339844,n,4.526723861694336,n,known
календарь,m,calendar,4.11,,strat_ru,рь|loan,3.7491674423217773,f,3.156679153442383,f,known
фонарь,m,lantern,3.72,,strat_ru,рь|loan,3.1649436950683594,f,3.6419639587402344,f,known
инвентарь,m,inventory,3.51,,strat_ru,рь|loan,3.4734277725219727,f,4.896795272827148,f,known
алтарь,m,altar,3.51,,strat_ru,рь|loan,3.1434717178344727,n,3.3589820861816406,n,known
козырь,m,trump,3.32,,strat_ru,рь|loan,3.7070531845092773,n,2.942441940307617,n,known
имбирь,m,ginger,2.91,,strat_ru,рь|loan,0.07143402099609375,f,3.6752052307128906,f,unsure
штырь,m,pin,2.66,,strat_ru,рь|loan,2.6187610626220703,f,3.90616512298584,f,known
лейкопластырь,m,plaster,2.02,,strat_ru,рь|loan,1.8860435485839844,f,3.056924819946289,f,known
дверь,f,door,4.87,,strat_ru,рь|native,5.619732856750488,n,6.5933332443237305,n,known
корь,f,measles,2.73,,strat_ru,рь|native,1.8944120407104492,m,1.8571357727050781,m,known
ширь,f,expanse,2.37,,strat_ru,рь|native,2.8886966705322266,n,2.8231658935546875,m,known
якорь,m,anchor,3.6,,strat_ru,рь|native,2.112773895263672,f,4.5205230712890625,f,known
вихрь,m,whirlwind,3.27,,strat_ru,рь|native,0.21586990356445312,f,1.6960668563842773,f,unsure
янтарь,m,amber,3.2,,strat_ru,рь|native,-1.1719398498535156,f,1.6662940979003906,f,conflict
пластырь,m,plaster,3.12,,strat_ru,рь|native,3.1936779022216797,n,2.019573211669922,n,known
часть,f,part,5.55,,strat_ru,ть|native,4.126316070556641,n,6.068055152893066,m,known
память,f,memory,4.96,,strat_ru,ть|native,4.664390563964844,n,4.373098373413086,n,known
сеть,f,net,4.79,,strat_ru,ть|native,4.010274887084961,n,4.146604537963867,n,known
суть,f,essence,4.63,,strat_ru,ть|native,2.349982261657715,n,3.0465145111083984,m,known
печать,f,printing,4.18,,strat_ru,ть|native,4.372466087341309,n,3.984518051147461,n,known
ненависть,f,hatred,4.16,,strat_ru,ть|native,4.656896591186523,n,2.7739763259887695,n,known
нить,f,thread,3.91,,strat_ru,ть|native,3.1278886795043945,m,2.977212905883789,m,known
плоть,f,flesh,3.84,,strat_ru,ть|native,3.6014747619628906,n,4.393161773681641,n,known
шерсть,f,fur,3.8,,strat_ru,ть|native,2.4563732147216797,n,4.702646255493164,m,known
челюсть,f,jaw,3.75,,strat_ru,ть|native,3.6010894775390625,n,1.046309471130371,m,known
зависть,f,envy,3.67,,strat_ru,ть|native,2.708036422729492,n,2.5703887939453125,n,known
благодать,f,divine grace,3.52,,strat_ru,ть|native,4.426401138305664,n,3.804088592529297,m,known
кисть,f,brush,3.49,,strat_ru,ть|native,4.339778900146484,n,3.311918258666992,m,known
жуть,f,dismay,3.46,,strat_ru,ть|native,1.9795398712158203,n,1.686223030090332,m,known
горсть,f,hollow of the hand,3.2,,strat_ru,ть|native,2.7006587982177734,n,2.961812973022461,m,known
похоть,f,lust,3.1,,strat_ru,ть|native,4.039569854736328,n,2.3574867248535156,n,known
рукоять,f,handle,2.94,,strat_ru,ть|native,3.7971763610839844,m,2.3324317932128906,m,known
масть,f,color,2.9,,strat_ru,ть|native,2.806924819946289,n,3.000864028930664,m,known
корысть,f,gain,2.68,,strat_ru,ть|native,1.8570079803466797,n,2.525390625,m,known
перхоть,f,dandruff,2.48,,strat_ru,ть|native,4.091503143310547,n,2.924285888671875,m,known
паперть,f,portico of a church,2.37,,strat_ru,ть|native,-0.30751800537109375,m,-1.7006549835205078,m,unsure
путь,m,way,5.13,,strat_ru,ть|native,3.0053396224975586,n,4.988786697387695,f,known
локоть,m,elbow,3.69,,strat_ru,ть|native,0.3450298309326172,n,2.8442153930664062,f,unsure
ноготь,m,nail,3.1,,strat_ru,ть|native,1.4493255615234375,f,1.2263717651367188,f,known
лапоть,m,bast shoe,2.33,,strat_ru,ть|native,-1.9053668975830078,f,-0.03813362121582031,f,unsure
