lang,lemma,gender,concept_en,set,source,zipf,ctx1_margin,ctx2_margin,meta_lp_m,meta_lp_f,meta_lp_other,meta_mass,meta_margin,meta_order_agree,n_tokens,tokens,ctx1_verdict,ctx2_verdict,status,passed,ctx_margin,ctx_pred,ctx_correct,frames_agree,meta_pred,meta_correct
es,puente,m,bridge,pair,data/lexicon/pairs_de_es.csv,4.71,4.412365913391113,4.387646675109863,-0.042512353509664536,-3.60501229763031,,0.9881349103349004,3.5624999441206455,True,2, pu|ente,right,right,known,True,4.400006294250488,m,True,True,m,True
es,tarta,f,pie,pair,data/lexicon/pairs_de_es.csv,3.79,-2.993098258972168,-5.371241569519043,-3.9809714555740356,-0.03565880469977856,,0.9836832527721509,-3.945312650874257,True,2, t|arta,right,right,known,True,-4.1821699142456055,f,True,True,f,True
es,estufa,f,stove,pair,data/lexicon/pairs_de_es.csv,3.49,-3.182405471801758,-3.2214488983154297,-3.5332783460617065,-0.041090890765190125,,0.9889934632806534,-3.4921874552965164,True,3, est|uf|a,right,right,known,True,-3.2019271850585938,f,True,True,f,True
es,manzana,f,apple,pair,data/lexicon/pairs_de_es.csv,4.15,-2.8471755981445312,-2.5221548080444336,-4.579933166503906,-0.048683080822229385,,0.963401281668328,-4.531250085681677,True,3, man|z|ana,right,right,known,True,-2.6846652030944824,f,True,True,f,True
es,mochila,f,backpack,pair,data/lexicon/pairs_de_es.csv,4.05,-3.573704719543457,-3.813765525817871,-3.718474507331848,-0.03878707438707352,,0.9869244102922483,-3.6796874329447746,True,3, mo|ch|ila,right,right,known,True,-3.693735122680664,f,True,True,f,True
es,hígado,m,liver,pair,data/lexicon/pairs_de_es.csv,3.97,4.938122749328613,5.234994888305664,-0.024512496776878834,-4.899512529373169,,0.9832760020368781,4.87500003259629,True,3, h|íg|ado,right,right,known,True,5.086558818817139,m,True,True,m,True
es,teclado,m,keyboard,pair,data/lexicon/pairs_de_es.csv,4.11,4.814855575561523,8.524818420410156,-0.0322406180202961,-3.969740629196167,,0.9896694838116478,3.937500011175871,True,2, te|clado,right,right,known,True,6.66983699798584,m,True,True,m,True
es,cigarrillo,m,cigarette,pair,data/lexicon/pairs_de_es.csv,3.7,8.325315475463867,7.827617645263672,-0.03237871639430523,-4.954253673553467,,0.976286738340294,4.921874957159162,True,3, cig|arr|illo,right,right,known,True,8.07646656036377,m,True,True,m,True
es,chatarra,f,scrap,pair,data/lexicon/pairs_de_es.csv,3.57,-2.5665245056152344,-9.633390426635742,-2.8788281679153442,-0.08976559154689312,,0.9749575135801402,-2.789062576368451,True,2, chat|arra,right,right,known,True,-6.099957466125488,f,True,True,f,True
es,aterrizaje,m,landing,pair,data/lexicon/pairs_de_es.csv,3.79,1.5761995315551758,3.4413700103759766,-0.0643602292984724,-3.2127976417541504,,0.9801246670839316,3.148437412455678,True,4, a|ter|riz|aje,right,right,known,True,2.508784770965576,m,True,True,m,True
es,carril,m,lane,pair,data/lexicon/pairs_de_es.csv,3.85,3.5070858001708984,5.2549896240234375,-0.2109425999224186,-1.992192566394806,,0.9829953874226717,1.7812499664723873,True,2, carr|il,right,right,known,True,4.381037712097168,m,True,True,m,True
es,pulmón,m,lung,pair,data/lexicon/pairs_de_es.csv,3.8,5.406732559204102,6.808263778686523,-0.08224673476070166,-4.332246780395508,,0.9363360269424916,4.250000045634806,True,3, pul|m|ón,right,right,known,True,6.1074981689453125,m,True,True,m,True
es,sima,f,abyss,pair,data/lexicon/pairs_de_es.csv,3.23,1.5898170471191406,0.017305374145507812,-1.3883091807365417,-0.39612169563770294,,0.9337175362962717,-0.9921874850988388,True,2, sim|a,wrong,unsure,wrong,False,0.8035612106323242,m,False,True,f,True
es,granja,f,farm,pair,data/lexicon/pairs_de_es.csv,4.07,-6.0565900802612305,-3.1665878295898438,-4.737556219100952,-0.026618877425789833,,0.9825546618619914,-4.710937341675162,True,2, gran|ja,right,right,known,True,-4.611588954925537,f,True,True,f,True
es,mostaza,f,mustard,pair,data/lexicon/pairs_de_es.csv,3.51,-2.5588302612304688,-1.949920654296875,-2.625842809677124,-0.10240527242422104,,0.9752903204800263,-2.523437537252903,True,2, most|aza,right,right,known,True,-2.254375457763672,f,True,True,f,True
es,montaje,m,assembly,pair,data/lexicon/pairs_de_es.csv,4.01,5.811244964599609,7.301384925842285,-0.0636336300522089,-3.313633680343628,,0.9747470383187883,3.250000050291419,True,2, mont|aje,right,right,known,True,6.556314945220947,m,True,True,m,True
es,manguera,f,hose,pair,data/lexicon/pairs_de_es.csv,3.35,-6.00971794128418,-6.593111038208008,-3.1553791761398315,-0.06162915378808975,,0.9855130310538907,-3.093750022351742,True,3, m|angu|era,right,right,known,True,-6.301414489746094,f,True,True,f,True
es,callejón,m,alley,pair,data/lexicon/pairs_de_es.csv,3.66,8.721597671508789,7.318904876708984,-0.028551582247018814,-4.4894890785217285,,0.9839784363822417,4.46093749627471,True,3, calle|j|ón,right,right,known,True,8.020251274108887,m,True,True,m,True
es,jabón,m,soap,pair,data/lexicon/pairs_de_es.csv,3.88,5.769508361816406,5.441074371337891,-0.028582853265106678,-4.520770311355591,,0.9852898863623489,4.492187458090484,True,2, jab|ón,right,right,known,True,5.605291366577148,m,True,True,m,True
es,colchón,m,mattress,pair,data/lexicon/pairs_de_es.csv,3.7,4.214433670043945,3.105306625366211,-0.04246409982442856,-3.5659016370773315,,0.9868877735943141,3.523437537252903,True,3, col|ch|ón,right,right,known,True,3.659870147705078,m,True,True,m,True
es,algodón,m,cotton,pair,data/lexicon/pairs_de_es.csv,4.09,2.7001399993896484,3.3191795349121094,-0.027586975134909153,-4.941649436950684,,0.9802651407683565,4.914062461815774,True,3, alg|od|ón,right,right,known,True,3.009659767150879,m,True,True,m,True
es,televisora,f,tv station,pair,data/lexicon/pairs_de_es.csv,3.09,-2.2477989196777344,-3.9936771392822266,-4.639639139175415,-0.03026408702135086,,0.9798948692079497,-4.609375052154064,True,2, televis|ora,right,right,known,True,-3.1207380294799805,f,True,True,f,True
es,tubo,m,tube,pair,data/lexicon/pairs_de_es.csv,4.15,6.27357292175293,6.399968147277832,-0.03700367175042629,-3.8963786363601685,,0.9860684730618938,3.859374964609742,True,2, tub|o,right,right,known,True,6.336770534515381,m,True,True,m,True
es,catarata,f,waterfall,pair,data/lexicon/pairs_de_es.csv,3.12,-6.834074974060059,-5.607308387756348,-4.51445198059082,-0.030077042989432812,,0.9818042933912888,-4.4843749376013875,True,3, c|atar|ata,right,right,known,True,-6.220691680908203,f,True,True,f,True
es,brújula,f,compass,pair,data/lexicon/pairs_de_es.csv,3.35,-3.1976089477539062,-3.7308053970336914,-3.1515318155288696,-0.06559431180357933,,0.9797526476368223,-3.0859375037252903,True,4, br|ú|j|ula,right,right,known,True,-3.464207172393799,f,True,True,f,True
es,gorrito,m,bonnet,pair,data/lexicon/pairs_de_es.csv,2.74,4.783412933349609,3.8858375549316406,-0.07866858690977097,-3.0474185943603516,,0.9833909090606385,2.9687500074505806,True,2, gor|rito,right,right,known,True,4.334625244140625,m,True,True,m,True
es,riñón,m,kidney,pair,data/lexicon/pairs_de_es.csv,3.55,1.6454200744628906,3.8892993927001953,-0.20841635670512915,-4.614666223526001,,0.8365282175370796,4.406249866820872,True,3, ri|ñ|ón,right,right,known,True,2.767359733581543,m,True,True,m,True
es,hebra,f,thread,pair,data/lexicon/pairs_de_es.csv,2.73,-7.759317398071289,-3.279184341430664,-2.7502044439315796,-0.09395436197519302,,0.9796349819091756,-2.6562500819563866,True,2, he|bra,right,right,known,True,-5.519250869750977,f,True,True,f,True
es,calabaza,f,pumpkin,pair,data/lexicon/pairs_de_es.csv,3.55,-5.613557815551758,-4.220659255981445,-4.244747161865234,-0.03380972892045975,,0.981220937997079,-4.210937432944775,True,3, cal|ab|aza,right,right,known,True,-4.917108535766602,f,True,True,f,True
es,carruaje,m,carriage,pair,data/lexicon/pairs_de_es.csv,3.22,-0.6696987152099609,-0.44454383850097656,-0.0497343810275197,-3.573171854019165,,0.9841068193237017,3.5234374729916453,True,3, carr|u|aje,unsure,unsure,unsure,False,-0.5571212768554688,f,False,True,m,True
es,espinaca,f,spinach,pair,data/lexicon/pairs_de_es.csv,2.87,-0.6845550537109375,-5.230720520019531,-2.881495952606201,-0.13149593770503998,,0.9336452245282271,-2.750000014901161,True,3, es|pin|aca,unsure,right,unsure,False,-2.9576377868652344,f,True,True,f,True
es,calcetín,m,sock,pair,data/lexicon/pairs_de_es.csv,3.0,4.802003860473633,0.07764434814453125,-0.29711826890707016,-4.078368306159973,,0.7670123443467725,3.781250037252903,True,3, calc|et|ín,right,unsure,unsure,False,2.439824104309082,m,True,True,m,True
es,daga,f,dagger,pair,data/lexicon/pairs_de_es.csv,3.22,-2.525446891784668,-2.9555301666259766,-1.6815301775932312,-0.2518426775932312,,0.9745332230540982,-1.4296875,True,2, d|aga,right,right,known,True,-2.7404885292053223,f,True,True,f,True
es,picota,f,pillory,pair,data/lexicon/pairs_de_es.csv,2.83,-4.9243316650390625,-4.040971755981445,-1.0578647255897522,-0.706302210688591,,0.964060095394283,-0.3515625149011612,False,2, pic|ota,right,right,known,True,-4.482651710510254,f,True,True,f,True
es,casete,m,cassette,pair,data/lexicon/pairs_de_es.csv,2.58,1.0493621826171875,3.4726390838623047,-0.2717570438981056,-1.6701945066452026,,0.9794755302091668,1.398437462747097,True,2, cas|ete,right,right,known,True,2.261000633239746,m,True,True,m,True
es,chimenea,f,chimney,pair,data/lexicon/pairs_de_es.csv,3.69,-4.212739944458008,-3.9329376220703125,-4.2795960903167725,-0.029596203938126564,,0.9849696531457908,-4.249999886378646,True,3, chim|ene|a,right,right,known,True,-4.07283878326416,f,True,True,f,True
es,lavaplatos,m,dishwasher,pair,data/lexicon/pairs_de_es.csv,2.65,1.0242462158203125,4.005558013916016,-0.07552446611225605,-3.2708370685577393,,0.9697787786416111,3.195312602445483,True,4, lav|ap|lat|os,right,right,known,True,2.514902114868164,m,True,True,m,True
es,abeto,m,fir,pair,data/lexicon/pairs_de_es.csv,2.79,6.377681732177734,6.85661506652832,-0.11333249323070049,-3.097707509994507,,0.9643105296455725,2.9843750167638063,True,2, ab|eto,right,right,known,True,6.617148399353027,m,True,True,m,True
es,fideo,m,noodle,pair,data/lexicon/pairs_de_es.csv,2.8,5.305854797363281,6.172595977783203,-0.05542842857539654,-3.649178385734558,,0.9736148811353755,3.5937499571591616,True,2, f|ideo,right,right,known,True,5.739225387573242,m,True,True,m,True
es,artefacto,m,device,pair,data/lexicon/pairs_de_es.csv,3.45,4.496532440185547,3.768465042114258,-0.11609606072306633,-2.741096019744873,,0.9588720863770552,2.6249999590218067,True,3, arte|fact|o,right,right,known,True,4.132498741149902,m,True,True,m,True
es,cartucho,m,cartridge,pair,data/lexicon/pairs_de_es.csv,3.39,3.3046531677246094,5.737054824829102,-0.042799671180546284,-3.7693620920181274,,0.9827261972785735,3.726562420837581,True,3, cart|u|cho,right,right,known,True,4.5208539962768555,m,True,True,m,True
es,otero,m,knoll,pair,data/lexicon/pairs_de_es.csv,3.51,4.385801315307617,4.512504577636719,-0.14161180704832077,-2.9619243144989014,,0.92061382828649,2.8203125074505806,True,2, o|tero,right,right,known,True,4.449152946472168,m,True,True,m,True
es,rosaleda,f,rose garden,pair,data/lexicon/pairs_de_es.csv,2.6,-3.828327178955078,-2.6284828186035156,-4.106234073638916,-0.043734095990657806,,0.9737572617589757,-4.062499977648258,True,3, ros|aled|a,right,right,known,True,-3.228404998779297,f,True,True,f,True
es,cigarro,m,cigar,pair,data/lexicon/pairs_de_es.csv,3.66,6.549339294433594,6.77897834777832,-0.0297424104064703,-5.123492240905762,,0.977463737905832,5.093749830499291,True,2, cigar|ro,right,right,known,True,6.664158821105957,m,True,True,m,True
es,abedul,m,birch,pair,data/lexicon/pairs_de_es.csv,2.58,0.2602653503417969,0.0144500732421875,-0.026188921183347702,-5.690251350402832,,0.9785029814540256,5.664062429219484,True,3, ab|ed|ul,unsure,unsure,unsure,False,0.1373577117919922,m,True,True,m,True
es,perejil,m,parsley,pair,data/lexicon/pairs_de_es.csv,3.29,1.7750558853149414,0.4727592468261719,-0.03481222689151764,-4.206687331199646,,0.9817310969719966,4.171875104308128,True,4, p|ere|j|il,right,unsure,unsure,False,1.1239075660705566,m,True,True,m,True
es,sendero,m,trail,pair,data/lexicon/pairs_de_es.csv,3.89,7.888355255126953,4.112985610961914,-0.0376611091196537,-3.826723575592041,,0.9854510505202025,3.7890624664723873,True,2, sender|o,right,right,known,True,6.000670433044434,m,True,True,m,True
es,franela,f,flannel,pair,data/lexicon/pairs_de_es.csv,2.91,-3.5817718505859375,-4.309532165527344,-2.0896836519241333,-0.15999611467123032,,0.9762747613645855,-1.929687537252903,True,2, fr|anela,right,right,known,True,-3.9456520080566406,f,True,True,f,True
es,coliflor,f,cauliflower,pair,data/lexicon/pairs_de_es.csv,2.8,-2.465517044067383,-1.939493179321289,-1.627403736114502,-0.25240374356508255,,0.9733905474549019,-1.3749999925494194,True,3, col|if|lor,right,right,known,True,-2.202505111694336,f,True,True,f,True
es,parachoques,m,bumper,pair,data/lexicon/pairs_de_es.csv,2.84,6.757663726806641,4.8247528076171875,-0.1172722615301609,-3.3516472578048706,,0.9258159495466165,3.2343749962747097,True,3, par|acho|ques,right,right,known,True,5.791208267211914,m,True,True,m,True
es,bodega,f,wine cellar,pair,data/lexicon/pairs_de_es.csv,3.83,-3.6001367568969727,-7.3508758544921875,-3.5026696920394897,-0.04954458773136139,,0.984413621150402,-3.4531251043081284,True,2, b|odega,right,right,known,True,-5.47550630569458,f,True,True,f,True
es,esófago,m,oesophagus,pair,data/lexicon/pairs_de_es.csv,3.02,3.3945178985595703,0.16015243530273438,-0.04582766816020012,-3.873952627182007,,0.9760054638591749,3.8281249590218067,True,4, es|ó|f|ago,right,unsure,unsure,False,1.7773351669311523,m,True,True,m,True
es,cavidad,f,cavity,pair,data/lexicon/pairs_de_es.csv,3.54,-5.744647026062012,-8.826696395874023,-4.554768323898315,-0.03133083786815405,,0.9810419403840129,-4.523437486030161,True,2, cav|idad,right,right,known,True,-7.285671710968018,f,True,True,f,True
es,broche,m,clasp,pair,data/lexicon/pairs_de_es.csv,3.3,3.2210254669189453,3.6214523315429688,-0.08102018758654594,-2.8935201168060303,,0.9846349738719543,2.8124999292194843,True,2, bro|che,right,right,known,True,3.421238899230957,m,True,True,m,True
es,bulbo,m,bulb,pair,data/lexicon/pairs_de_es.csv,2.86,9.933375358581543,5.457134246826172,-0.05070965923368931,-3.3632097244262695,,0.9853287101317452,3.3125000651925802,True,2, bul|bo,right,right,known,True,7.695254802703857,m,True,True,m,True
es,espantapájaros,m,scarecrow,pair,data/lexicon/pairs_de_es.csv,2.85,4.836651802062988,1.931788444519043,-0.05045698024332523,-4.159832000732422,,0.9686735177700723,4.109375020489097,True,6, esp|ant|ap|á|jar|os,right,right,known,True,3.3842201232910156,m,True,True,m,True
es,superestructura,f,superstructure,pair,data/lexicon/pairs_de_es.csv,2.72,-4.816144943237305,-2.213714599609375,-3.199981927871704,-0.08279446139931679,,0.9616480594643125,-3.1171874664723873,True,3, super|estruct|ura,right,right,known,True,-3.51492977142334,f,True,True,f,True
es,carabina,f,carbine,pair,data/lexicon/pairs_de_es.csv,3.02,-2.4631080627441406,-5.23710823059082,-3.2460038661956787,-0.05850387364625931,,0.983282319381168,-3.1874999925494194,True,3, car|ab|ina,right,right,known,True,-3.8501081466674805,f,True,True,f,True
es,electrodo,m,electrode,pair,data/lexicon/pairs_de_es.csv,2.83,1.8533048629760742,1.4027652740478516,-0.0358611261472106,-4.020236015319824,,0.9837783113798397,3.9843748891726136,True,2, electro|do,right,right,known,True,1.628035068511963,m,True,True,m,True
es,huso,m,spindle,pair,data/lexicon/pairs_de_es.csv,2.94,5.486656188964844,5.415000915527344,-0.10405802354216576,-2.580620527267456,,0.9770114539683135,2.4765625037252903,True,2, hus|o,right,right,known,True,5.450828552246094,m,True,True,m,True
es,mesón,m,workbench,pair,data/lexicon/pairs_de_es.csv,2.96,3.6098241806030273,6.851566314697266,-0.07268266379833221,-3.017995238304138,,0.9822421798525953,2.945312574505806,True,2, mes|ón,right,right,known,True,5.2306952476501465,m,True,True,m,True
es,berro,m,cress,pair,data/lexicon/pairs_de_es.csv,2.6,3.7777881622314453,3.983945846557617,-0.06331386230885983,-3.5789387226104736,,0.9704857915984226,3.515624860301614,True,2, ber|ro,right,right,known,True,3.8808670043945312,m,True,True,m,True
es,maletín,m,briefcase,pair,data/lexicon/pairs_de_es.csv,3.29,4.215876579284668,3.9804983139038086,-0.03048752248287201,-4.085175037384033,,0.9887072924363431,4.054687514901161,True,3, ma|let|ín,right,right,known,True,4.098187446594238,m,True,True,m,True
es,sidra,f,cider,pair,data/lexicon/pairs_de_es.csv,3.27,-2.324432373046875,-2.044546127319336,-1.9267790913581848,-0.19240404665470123,,0.9708317305862235,-1.7343750447034836,True,2, sid|ra,right,right,known,True,-2.1844892501831055,f,True,True,f,True
es,girasol,m,sunflower,pair,data/lexicon/pairs_de_es.csv,3.28,2.183089256286621,2.0540409088134766,-0.04391671530902386,-4.098604202270508,,0.9740200433094951,4.054687486961484,True,3, gir|as|ol,right,right,known,True,2.118565082550049,m,True,True,m,True
es,tulipán,m,tulip,pair,data/lexicon/pairs_de_es.csv,2.58,4.981443405151367,1.7690505981445312,-0.04823731258511543,-3.9701123237609863,,0.9746265788611972,3.921875011175871,True,3, tul|ip|án,right,right,known,True,3.375247001647949,m,True,True,m,True
es,trinchera,f,trench,pair,data/lexicon/pairs_de_es.csv,3.33,-5.753903388977051,-7.919286727905273,-1.9715936779975891,-0.19815616309642792,,0.9629831965491333,-1.7734375149011612,True,3, tr|inch|era,right,right,known,True,-6.836595058441162,f,True,True,f,True
es,cronómetro,m,stopwatch,pair,data/lexicon/pairs_de_es.csv,2.86,8.17851734161377,9.336172103881836,-0.02728300727903843,-4.738220453262329,,0.9834654430810537,4.710937445983291,True,3, cron|ó|metro,right,right,known,True,8.757344722747803,m,True,True,m,True
es,uña,f,fingernail,pair,data/lexicon/pairs_de_es.csv,3.51,-3.6638574600219727,-3.706205368041992,-3.3422101736068726,-0.06877275928854942,,0.9774452946453174,-3.273437414318323,True,2, u|ña,right,right,known,True,-3.6850314140319824,f,True,True,f,True
es,aparador,m,sideboard,pair,data/lexicon/pairs_de_es.csv,2.62,3.3390121459960938,5.947151184082031,-0.04235483333468437,-3.6595423221588135,,0.9857031179849103,3.617187488824129,True,2, apar|ador,right,right,known,True,4.6430816650390625,m,True,True,m,True
es,marga,f,marl,pair,data/lexicon/pairs_de_es.csv,3.1,-5.090124130249023,-5.351770401000977,-4.134013652801514,-0.07932627201080322,,0.9451434711456261,-4.0546873807907104,True,2, m|arga,right,right,known,True,-5.220947265625,f,True,True,f,True
es,caballete,m,easel,pair,data/lexicon/pairs_de_es.csv,2.74,5.387615203857422,3.7001514434814453,-0.06530951336026192,-3.151247024536133,,0.9799566365684673,3.085937511175871,True,3, cab|al|lete,right,right,known,True,4.543883323669434,m,True,True,m,True
es,sanatorio,m,sanatorium,pair,data/lexicon/pairs_de_es.csv,3.35,8.024505615234375,7.761266708374023,-0.030747528187930584,-4.702622413635254,,0.9790425656583315,4.671874885447323,True,2, san|atorio,right,right,known,True,7.892886161804199,m,True,True,m,True
es,grúa,f,tow truck,pair,data/lexicon/pairs_de_es.csv,3.4,-2.2829484939575195,-4.649049758911133,-2.663287401199341,-0.09297483786940575,,0.9815086263636992,-2.570312563329935,True,2, gr|úa,right,right,known,True,-3.465999126434326,f,True,True,f,True
es,termo,m,thermos,pair,data/lexicon/pairs_de_es.csv,3.31,1.4950027465820312,0.7467060089111328,-0.07048786990344524,-3.093925356864929,,0.9813103052526808,3.023437486961484,True,2, term|o,right,unsure,unsure,False,1.120854377746582,m,True,True,m,True
es,olmo,m,elm,pair,data/lexicon/pairs_de_es.csv,3.27,6.751862525939941,6.774700164794922,-0.019828219898045063,-6.1135780811309814,,0.9831774349455987,6.093749861232936,True,2, ol|mo,right,right,known,True,6.763281345367432,m,True,True,m,True
es,ventrículo,m,ventricle,pair,data/lexicon/pairs_de_es.csv,2.82,4.531646728515625,4.670280456542969,-0.03376854117959738,-4.315018653869629,,0.980167236202786,4.2812501126900315,True,3, vent|r|ículo,right,right,known,True,4.600963592529297,m,True,True,m,True
es,cedro,m,cedar,pair,data/lexicon/pairs_de_es.csv,3.22,4.407388687133789,0.9379711151123047,-0.05527784116566181,-3.938090205192566,,0.9755225929406335,3.882812364026904,True,3, c|ed|ro,right,unsure,unsure,False,2.672679901123047,m,True,True,m,True
es,lado,m,side,pair,data/lexicon/pairs_de_es.csv,5.53,4.47811222076416,2.960630416870117,-0.08843782916665077,-3.025937795639038,,0.9643309880183903,2.9374999664723873,True,1, lado,right,right,known,True,3.7193713188171387,m,True,True,m,True
es,rol,m,role,pair,data/lexicon/pairs_de_es.csv,4.49,3.420437812805176,4.8170166015625,-0.32379019260406494,-1.526915192604065,,0.9455170821418621,1.203125,True,1, rol,right,right,known,True,4.118727207183838,m,True,True,m,True
es,oposición,f,opposition,pair,data/lexicon/pairs_de_es.csv,4.83,-6.517982482910156,-7.076827049255371,-3.3403730392456055,-0.07474802248179913,,0.9669704340885812,-3.2656250167638063,True,2, o|posición,right,right,known,True,-6.797404766082764,f,True,True,f,True
es,tratamiento,m,treatment,pair,data/lexicon/pairs_de_es.csv,4.77,7.503885269165039,5.715593338012695,-0.09186326339840889,-3.07623827457428,,0.9584374714309124,2.984375011175871,True,1, tratamiento,right,right,known,True,6.609739303588867,m,True,True,m,True
es,ventaja,f,advantage,pair,data/lexicon/pairs_de_es.csv,4.51,-7.028011322021484,-6.617465972900391,-4.274372577667236,-0.03218517918139696,,0.9836326959029632,-4.242187398485839,True,2, vent|aja,right,right,known,True,-6.8227386474609375,f,True,True,f,True
es,sugerencia,f,suggestion,pair,data/lexicon/pairs_de_es.csv,3.94,-3.3042526245117188,-8.561537742614746,-2.8826630115509033,-0.2186005339026451,,0.8770387715444011,-2.664062477648258,True,2, suger|encia,right,right,known,True,-5.932895183563232,f,True,True,f,True
es,valentía,f,courage,pair,data/lexicon/pairs_de_es.csv,3.92,-4.918184280395508,-2.4960289001464844,-3.4737688302993774,-0.05189373530447483,,0.9805657061520279,-3.4218750949949026,True,3, val|ent|ía,right,right,known,True,-3.707106590270996,f,True,True,f,True
es,pérdida,f,loss,pair,data/lexicon/pairs_de_es.csv,4.72,-4.599665641784668,-4.334989547729492,-4.256246209144592,-0.037496221251785755,,0.9803455025947863,-4.2187499878928065,True,1, pérdida,right,right,known,True,-4.46732759475708,f,True,True,f,True
es,nacimiento,m,birth,pair,data/lexicon/pairs_de_es.csv,4.57,6.071162223815918,6.668560028076172,-0.035305995494127274,-4.050931096076965,,0.9834817176025852,4.015625100582838,True,2, n|acimiento,right,right,known,True,6.369861125946045,m,True,True,m,True
es,vencimiento,m,defeat,pair,data/lexicon/pairs_de_es.csv,3.63,3.108682632446289,4.466939926147461,-0.11640559881925583,-2.4523431062698364,,0.9765256255139843,2.3359375074505806,True,3, v|enc|imiento,right,right,known,True,3.787811279296875,m,True,True,m,True
es,casualidad,f,chance,pair,data/lexicon/pairs_de_es.csv,4.31,-5.030511856079102,-9.106271743774414,-4.601515293121338,-0.046827731654047966,,0.9650947919026495,-4.55468756146729,True,2, casual|idad,right,right,known,True,-7.068391799926758,f,True,True,f,True
es,paisaje,m,landscape,pair,data/lexicon/pairs_de_es.csv,4.3,4.960572242736816,5.630056381225586,-0.035422803834080696,-4.5979228019714355,,0.9752981086552361,4.562499998137355,True,2, pais|aje,right,right,known,True,5.295314311981201,m,True,True,m,True
es,infierno,m,hell,pair,data/lexicon/pairs_de_es.csv,4.44,5.213776588439941,6.86518669128418,-0.05156713351607323,-4.356254577636719,,0.962949169009919,4.3046874441206455,True,3, inf|i|erno,right,right,known,True,6.0394816398620605,m,True,True,m,True
es,voltaje,m,voltage,pair,data/lexicon/pairs_de_es.csv,3.45,3.00492000579834,3.6606311798095703,-0.037436872720718384,-3.8030619621276855,,0.9873827706700404,3.765625089406967,True,2, volt|aje,right,right,known,True,3.332775592803955,m,True,True,m,True
es,conocimiento,m,knowledge,pair,data/lexicon/pairs_de_es.csv,4.94,10.167280197143555,5.671165466308594,-0.05535302683711052,-3.336603045463562,,0.9822252093686075,3.2812500186264515,True,2, conoc|imiento,right,right,known,True,7.919222831726074,m,True,True,m,True
es,botín,m,booty,pair,data/lexicon/pairs_de_es.csv,3.7,3.3088817596435547,5.482097625732422,-0.12732145562767982,-2.799196481704712,,0.9457834043766666,2.671875026077032,True,2, bot|ín,right,right,known,True,4.395489692687988,m,True,True,m,True
es,bendición,f,blessing,pair,data/lexicon/pairs_de_es.csv,4.0,-6.303128242492676,-3.139781951904297,-3.314616560935974,-0.06461655907332897,,0.975681968793272,-3.250000001862645,True,2, bend|ición,right,right,known,True,-4.721455097198486,f,True,True,f,True
es,desempleo,m,unemployment,pair,data/lexicon/pairs_de_es.csv,4.2,6.165657043457031,4.836080551147461,-0.06727265007793903,-3.301647663116455,,0.974975375632893,3.234375013038516,True,3, des|emple|o,right,right,known,True,5.500868797302246,m,True,True,m,True
es,procesamiento,m,processing,pair,data/lexicon/pairs_de_es.csv,3.92,4.300907135009766,1.6092872619628906,-0.0934065617620945,-2.827781558036804,,0.970805491343476,2.7343749962747097,True,2, proces|amiento,right,right,known,True,2.955097198486328,m,True,True,m,True
es,riqueza,f,wealth,pair,data/lexicon/pairs_de_es.csv,4.48,-5.730978012084961,-5.16220760345459,-3.2928463220596313,-0.058471277356147766,,0.9803534466952806,-3.2343750447034836,True,3, r|ique|za,right,right,known,True,-5.446592807769775,f,True,True,f,True
es,eje,m,axis,pair,data/lexicon/pairs_de_es.csv,4.29,4.436144828796387,5.055150985717773,-0.05872713401913643,-3.2931021451950073,,0.9807437123891224,3.234375011175871,True,2, e|je,right,right,known,True,4.74564790725708,m,True,True,m,True
es,prosperidad,f,prosperity,pair,data/lexicon/pairs_de_es.csv,3.93,-7.730539321899414,-4.521554946899414,-4.480748176574707,-0.03543569706380367,,0.9768396942260857,-4.445312479510903,True,2, prosper|idad,right,right,known,True,-6.126047134399414,f,True,True,f,True
es,redacción,f,essay,pair,data/lexicon/pairs_de_es.csv,4.3,-7.021244049072266,-4.087242126464844,-3.2766796350479126,-0.06574215367436409,,0.979211082991982,-3.2109374813735485,True,2, red|acción,right,right,known,True,-5.554243087768555,f,True,True,f,True
es,aburrimiento,m,boredom,pair,data/lexicon/pairs_de_es.csv,3.54,5.579180717468262,5.631641387939453,-0.06263546831905842,-3.4766979217529297,,0.970252042253695,3.4140624534338713,True,4, ab|ur|rim|iento,right,right,known,True,5.605411052703857,m,True,True,m,True
es,estatuto,m,statute,pair,data/lexicon/pairs_de_es.csv,4.0,1.7027320861816406,4.591859817504883,-0.05400863289833069,-3.257133722305298,,0.9868144681869764,3.203125089406967,True,3, est|at|uto,right,right,known,True,3.1472959518432617,m,True,True,m,True
es,tacto,m,touch,pair,data/lexicon/pairs_de_es.csv,3.72,4.3399858474731445,2.72149658203125,-0.06716284155845642,-3.278100371360779,,0.9752287604762091,3.2109375298023224,True,2, tact|o,right,right,known,True,3.5307412147521973,m,True,True,m,True
es,violación,f,violation,pair,data/lexicon/pairs_de_es.csv,4.33,-6.300140380859375,-7.577493667602539,-2.9792392253875732,-0.0886143147945404,,0.966241947348047,-2.890624910593033,True,2, viol|ación,right,right,known,True,-6.938817024230957,f,True,True,f,True
es,asesinato,m,assassination,pair,data/lexicon/pairs_de_es.csv,4.71,5.352561950683594,5.443327903747559,-0.035539635457098484,-4.543352127075195,,0.9760522546780033,4.507812491618097,True,4, as|es|in|ato,right,right,known,True,5.397944927215576,m,True,True,m,True
es,minería,f,mining,pair,data/lexicon/pairs_de_es.csv,4.19,-5.733677864074707,-4.799039840698242,-4.1302729845047,-0.03652285598218441,,0.980542036528185,-4.093750128522515,True,2, miner|ía,right,right,known,True,-5.266358852386475,f,True,True,f,True
es,parentesco,m,kinship,pair,data/lexicon/pairs_de_es.csv,3.43,4.329074859619141,3.0397510528564453,-0.18823517113924026,-2.1413601636886597,,0.946581688530331,1.9531249925494194,True,2, parent|esco,right,right,known,True,3.684412956237793,m,True,True,m,True
es,manojo,m,handful,pair,data/lexicon/pairs_de_es.csv,2.97,6.054172515869141,4.815132141113281,-0.1226199846714735,-3.3882449865341187,,0.9230755033688298,3.265625001862645,True,2, mano|jo,right,right,known,True,5.434652328491211,m,True,True,m,True
es,pudor,m,shame,pair,data/lexicon/pairs_de_es.csv,3.29,3.7893028259277344,3.4877147674560547,-0.14658230915665627,-2.216894805431366,,0.9758449710665065,2.0703124962747097,True,2, pud|or,right,right,known,True,3.6385087966918945,m,True,True,m,True
es,catarro,m,cold,pair,data/lexicon/pairs_de_es.csv,2.74,3.068134307861328,3.2794742584228516,-0.06721554882824421,-3.2469029426574707,,0.9742206241177129,3.1796873938292265,True,3, c|atar|ro,right,right,known,True,3.17380428314209,m,True,True,m,True
es,encarcelamiento,m,imprisonment,pair,data/lexicon/pairs_de_es.csv,3.33,8.041191101074219,5.61082649230957,-0.061701491475105286,-3.3585764169692993,,0.9766304447684622,3.296874925494194,True,4, enc|ar|cel|amiento,right,right,known,True,6.8260087966918945,m,True,True,m,True
es,escepticismo,m,skepticism,pair,data/lexicon/pairs_de_es.csv,3.5,7.824681282043457,3.2585086822509766,-0.05505695007741451,-3.640994429588318,,0.9728410669004838,3.5859374795109034,True,4, es|cept|ic|ismo,right,right,known,True,5.541594982147217,m,True,True,m,True
es,pesadilla,f,nightmare,pair,data/lexicon/pairs_de_es.csv,3.98,-4.127305030822754,-3.5891990661621094,-5.376772165298462,-0.025209651328623295,,0.9798794355568106,-5.351562513969839,True,3, pes|ad|illa,right,right,known,True,-3.8582520484924316,f,True,True,f,True
es,cariño,m,affection,pair,data/lexicon/pairs_de_es.csv,4.59,9.997444152832031,2.314687728881836,-0.08754301443696022,-3.30629301071167,,0.957458494308902,3.2187499962747097,True,3, car|i|ño,right,right,known,True,6.156065940856934,m,True,True,m,True
es,cansancio,m,tiredness,pair,data/lexicon/pairs_de_es.csv,3.88,5.662210464477539,3.151327133178711,-0.05508202873170376,-3.3910194635391235,,0.9804472860560522,3.3359374348074198,True,3, cans|anc|io,right,right,known,True,4.406768798828125,m,True,True,m,True
es,calentamiento,m,warming,pair,data/lexicon/pairs_de_es.csv,3.83,5.5424346923828125,4.065729141235352,-0.07675307802855968,-3.1236281394958496,,0.9712906506403108,3.04687506146729,True,3, cal|ent|amiento,right,right,known,True,4.804081916809082,m,True,True,m,True
es,anverso,m,opposite side,pair,data/lexicon/pairs_de_es.csv,2.89,4.033611297607422,5.251140594482422,-0.09566685184836388,-2.7050418853759766,,0.9756420011926634,2.6093750335276127,True,3, an|vers|o,right,right,known,True,4.642375946044922,m,True,True,m,True
es,hostigamiento,m,harassment,pair,data/lexicon/pairs_de_es.csv,3.18,2.031137466430664,3.136026382446289,-0.08250672928988934,-3.121569275856018,,0.9655451856865873,3.0390625465661287,True,3, host|ig|amiento,right,right,known,True,2.5835819244384766,m,True,True,m,True
es,chantaje,m,blackmail,pair,data/lexicon/pairs_de_es.csv,3.62,2.454493522644043,3.9903831481933594,-0.07422762364149094,-3.0742276906967163,,0.9766644386759663,3.0000000670552254,True,2, chant|aje,right,right,known,True,3.222438335418701,m,True,True,m,True
es,desintegración,f,disintegration,pair,data/lexicon/pairs_de_es.csv,3.32,-6.613798141479492,-9.098678588867188,-3.750682234764099,-0.06318220123648643,,0.9643521244661278,-3.6875000335276127,True,3, des|integr|ación,right,right,known,True,-7.85623836517334,f,True,True,f,True
es,simbolismo,m,symbolism,pair,data/lexicon/pairs_de_es.csv,3.46,8.518301010131836,7.652132034301758,-0.06264150701463223,-3.3829540014266968,,0.9736703933971498,3.3203124944120646,True,3, sim|bol|ismo,right,right,known,True,8.085216522216797,m,True,True,m,True
es,encabezamiento,m,headline,pair,data/lexicon/pairs_de_es.csv,2.58,7.769205093383789,7.390538215637207,-0.1252780593931675,-2.429965615272522,,0.9713820939706799,2.3046875558793545,True,3, enc|abez|amiento,right,right,known,True,7.579871654510498,m,True,True,m,True
es,disfraz,m,disguise,pair,data/lexicon/pairs_de_es.csv,3.75,3.4342079162597656,2.549825668334961,-0.05205504968762398,-3.5676801204681396,,0.9809997023699859,3.5156250707805157,True,3, dis|f|raz,right,right,known,True,2.9920167922973633,m,True,True,m,True
es,fichaje,m,signing,pair,data/lexicon/pairs_de_es.csv,3.54,6.134725570678711,5.995210647583008,-0.12143830955028534,-2.6136257648468018,,0.9604695454598009,2.4921874552965164,True,2, fich|aje,right,right,known,True,6.064968109130859,m,True,True,m,True
es,sanidad,f,health,pair,data/lexicon/pairs_de_es.csv,4.31,-5.1401824951171875,-1.5591144561767578,-4.530484199523926,-0.03048426192253828,,0.9819437458561552,-4.4999999376013875,True,2, san|idad,right,right,known,True,-3.3496484756469727,f,True,True,f,True
es,psicoanálisis,m,psychoanalysis,pair,data/lexicon/pairs_de_es.csv,3.49,1.8182048797607422,1.811798095703125,-0.07277781888842583,-3.1665278673171997,,0.9722739792210637,3.093750048428774,True,5, ps|ico|an|ál|isis,right,right,known,True,1.8150014877319336,m,True,True,m,True
es,nerviosismo,m,nervousness,pair,data/lexicon/pairs_de_es.csv,3.26,3.4219484329223633,3.6829261779785156,-0.08905297517776489,-3.0421780347824097,,0.9625624247692974,2.9531250596046448,True,3, nerv|ios|ismo,right,right,known,True,3.5524373054504395,m,True,True,m,True
es,posicionamiento,m,positioning,pair,data/lexicon/pairs_de_es.csv,3.72,4.309806823730469,2.632396697998047,-0.9363190531730652,-0.8816315531730652,,0.8101733647108982,-0.0546875,False,2, posicion|amiento,right,right,known,True,3.471101760864258,m,True,True,f,False
es,anonimato,m,anonymity,pair,data/lexicon/pairs_de_es.csv,3.6,6.451694488525391,2.108957290649414,-0.08233382552862167,-3.05108380317688,,0.9683065928862569,2.968749977648258,True,3, anon|im|ato,right,right,known,True,4.280325889587402,m,True,True,m,True
es,trofeo,m,trophy,pair,data/lexicon/pairs_de_es.csv,3.82,2.7271547317504883,3.3710765838623047,-0.03389288391917944,-4.04170548915863,,0.9865165031738247,4.007812605239451,True,3, tro|fe|o,right,right,known,True,3.0491156578063965,m,True,True,m,True
es,fuero,m,charter,pair,data/lexicon/pairs_de_es.csv,3.65,5.090364456176758,4.388891220092773,-0.1299305222928524,-2.4268054962158203,,0.9666219745049804,2.296874973922968,True,2, fu|ero,right,right,known,True,4.739627838134766,m,True,True,m,True
es,desplazamiento,m,displacement,pair,data/lexicon/pairs_de_es.csv,3.94,6.794075012207031,4.861695289611816,-0.09429003298282623,-2.898977518081665,,0.9659410936022018,2.804687485098839,True,4, des|pl|az|amiento,right,right,known,True,5.827885150909424,m,True,True,m,True
es,endeudamiento,m,indebtedness,pair,data/lexicon/pairs_de_es.csv,3.52,3.207338333129883,3.633790969848633,-0.08296377584338188,-3.028276205062866,,0.9701920560080668,2.9453124292194843,True,3, ende|ud|amiento,right,right,known,True,3.420564651489258,m,True,True,m,True
es,renacimiento,m,rebirth,pair,data/lexicon/pairs_de_es.csv,3.89,5.719394683837891,6.895023345947266,-0.04607284814119339,-3.741385340690613,,0.9792117537481719,3.6953124925494194,True,2, ren|acimiento,right,right,known,True,6.307209014892578,m,True,True,m,True
es,esclarecimiento,m,unveiling,pair,data/lexicon/pairs_de_es.csv,2.98,4.767753601074219,6.482278823852539,-0.07795869559049606,-3.0701462030410767,,0.9714441165558311,2.9921875074505806,True,3, es|clare|cimiento,right,right,known,True,5.625016212463379,m,True,True,m,True
es,camuflaje,m,camouflage,pair,data/lexicon/pairs_de_es.csv,3.18,3.101923942565918,1.8495216369628906,-0.07252214103937149,-3.1818970441818237,,0.9743882470516034,3.1093749031424522,True,4, cam|u|fl|aje,right,right,known,True,2.4757227897644043,m,True,True,m,True
es,desorden,m,disorder,pair,data/lexicon/pairs_de_es.csv,3.97,6.8333740234375,8.229894638061523,-0.06317156367003918,-3.3600465059280396,,0.9777957260659402,3.2968749422580004,True,2, des|orden,right,right,known,True,7.531634330749512,m,True,True,m,True
es,avistamiento,m,sighting,pair,data/lexicon/pairs_de_es.csv,2.95,8.661613464355469,5.914386749267578,-0.08591075986623764,-3.039035677909851,,0.9657357830591851,2.9531249180436134,True,3, av|ist|amiento,right,right,known,True,7.288000106811523,m,True,True,m,True
es,apareamiento,m,mating,pair,data/lexicon/pairs_de_es.csv,2.94,7.965435028076172,6.978034973144531,-0.1512424275279045,-2.39342999458313,,0.9548334579980333,2.2421875670552254,True,2, apare|amiento,right,right,known,True,7.471735000610352,m,True,True,m,True
es,busto,m,bust,pair,data/lexicon/pairs_de_es.csv,3.57,7.058506011962891,9.67003059387207,-0.10728378221392632,-2.5447837114334106,,0.9796482537567859,2.4374999292194843,True,2, bust|o,right,right,known,True,8.36426830291748,m,True,True,m,True
es,yihad,f,jihad,pair,data/lexicon/pairs_de_es.csv,2.92,-5.681858062744141,-2.671539306640625,-1.7313206195831299,-0.2860080674290657,,0.9436874040337739,-1.4453125521540642,True,2, y|ihad,right,right,known,True,-4.176698684692383,f,True,True,f,True
es,encerrona,f,ambush,pair,data/lexicon/pairs_de_es.csv,2.54,-6.532754898071289,-4.220958709716797,-2.3844414949417114,-0.15006642043590546,,0.952809741199959,-2.234375074505806,True,3, enc|err|ona,right,right,known,True,-5.376856803894043,f,True,True,f,True
es,cúspide,f,peak,pair,data/lexicon/pairs_de_es.csv,3.21,-4.785829544067383,-1.6094703674316406,-2.666415750980377,-0.13516578823328018,,0.9643818921746691,-2.531249962747097,True,3, cú|sp|ide,right,right,known,True,-3.1976499557495117,f,True,True,f,True
es,debilitamiento,m,weakening,pair,data/lexicon/pairs_de_es.csv,3.15,5.560016632080078,5.890504837036133,-0.16876894608139992,-2.2859564423561096,,0.9516182784572829,2.1171874962747097,True,3, deb|ilit|amiento,right,right,known,True,5.7252607345581055,m,True,True,m,True
es,alud,m,avalanche,pair,data/lexicon/pairs_de_es.csv,2.94,1.8295841217041016,1.0615520477294922,-0.283852681517601,-2.0807276368141174,,0.963420992601866,1.7968749552965164,True,2, al|ud,right,right,known,True,1.4455680847167969,m,True,True,m,True
es,misticismo,m,mysticism,pair,data/lexicon/pairs_de_es.csv,2.98,3.002595901489258,4.220727920532227,-0.04943180829286575,-3.8228694200515747,,0.9743610413970635,3.773437611758709,True,3, m|istic|ismo,right,right,known,True,3.611661911010742,m,True,True,m,True
es,estreñimiento,m,constipation,pair,data/lexicon/pairs_de_es.csv,2.94,5.348721504211426,1.7974567413330078,-0.10562613233923912,-3.043126106262207,,0.9475121256853906,2.937499973922968,True,4, est|re|ñ|imiento,right,right,known,True,3.573089122772217,m,True,True,m,True
es,involución,f,regression,pair,data/lexicon/pairs_de_es.csv,2.71,-8.760025024414062,-6.157329559326172,-2.9063267707824707,-0.11726434156298637,,0.9521473324706065,-2.7890624292194843,True,2, invol|ución,right,right,known,True,-7.458677291870117,f,True,True,f,True
es,tez,f,complexion,pair,data/lexicon/pairs_de_es.csv,3.22,-4.839760780334473,-3.9724884033203125,-1.7990680932998657,-0.291255634278059,,0.9801902957073956,-1.5078124590218067,True,2, te|z,right,right,known,True,-4.406124591827393,f,True,True,f,True
es,ocio,m,leisure,pair,data/lexicon/pairs_de_es.csv,3.78,3.395045280456543,0.3276939392089844,-0.08388323336839676,-3.263570785522461,,0.9579135928753423,3.179687552154064,True,2, oc|io,right,unsure,unsure,False,1.8613696098327637,m,True,True,m,True
es,oleaje,m,surf,pair,data/lexicon/pairs_de_es.csv,3.16,4.730855941772461,5.795497894287109,-0.04746644385159016,-3.703716516494751,,0.978635747964181,3.656250072643161,True,2, ole|aje,right,right,known,True,5.263176918029785,m,True,True,m,True
es,ajuar,m,dowry,pair,data/lexicon/pairs_de_es.csv,2.8,3.401182174682617,4.912225723266602,-0.1844661682844162,-2.3250911235809326,,0.9298883047415603,2.1406249552965164,True,3, a|ju|ar,right,right,known,True,4.156703948974609,m,True,True,m,True
es,mordaza,f,gag,pair,data/lexicon/pairs_de_es.csv,3.39,-4.334007263183594,-5.463888168334961,-3.6402597427368164,-0.04650975577533245,,0.9817147587279474,-3.593749986961484,True,3, m|ord|aza,right,right,known,True,-4.898947715759277,f,True,True,f,True
es,preámbulo,m,preamble,pair,data/lexicon/pairs_de_es.csv,3.28,4.782310485839844,3.884444236755371,-0.08074073120951653,-3.0885531902313232,,0.9692796085434681,3.0078124590218067,True,4, pre|á|mb|ulo,right,right,known,True,4.333377361297607,m,True,True,m,True
es,éxtasis,m,ecstasy,pair,data/lexicon/pairs_de_es.csv,3.48,3.876633644104004,0.39243507385253906,-0.27156417816877365,-1.9746891260147095,,0.9567943721688676,1.7031249478459358,True,3, é|xt|asis,right,unsure,unsure,False,2.1345343589782715,m,True,True,m,True
es,periplo,m,round trip,pair,data/lexicon/pairs_de_es.csv,3.06,3.430021286010742,3.7397193908691406,-0.07544976472854614,-3.411387324333191,,0.9607231410510123,3.3359375596046448,True,3, per|ip|lo,right,right,known,True,3.5848703384399414,m,True,True,m,True
es,electorado,m,electorate,pair,data/lexicon/pairs_de_es.csv,3.76,5.604116439819336,6.714508056640625,-0.036783323623239994,-4.200845718383789,,0.9790776598389324,4.164062394760549,True,2, elect|orado,right,right,known,True,6.1593122482299805,m,True,True,m,True
es,diluvio,m,deluge,pair,data/lexicon/pairs_de_es.csv,3.27,6.3623809814453125,7.028383255004883,-0.05356361158192158,-3.6316885948181152,,0.9757450890490795,3.5781249832361937,True,3, dil|uv|io,right,right,known,True,6.695382118225098,m,True,True,m,True
es,veracidad,f,veracity,pair,data/lexicon/pairs_de_es.csv,3.69,-7.710405349731445,-5.239900588989258,-3.5519297122955322,-0.05974224954843521,,0.9758697568503045,-3.492187462747097,True,2, ver|acidad,right,right,known,True,-6.475152969360352,f,True,True,f,True
es,frenesí,m,frenzy,pair,data/lexicon/pairs_de_es.csv,3.16,1.0012454986572266,0.2875213623046875,-0.07848548144102097,-3.5003604888916016,,0.9555272077193305,3.4218750074505806,True,3, fren|es|í,right,unsure,unsure,False,0.644383430480957,m,True,True,m,True
es,reasentamiento,m,resettlement,pair,data/lexicon/pairs_de_es.csv,2.58,3.481504440307617,6.846256256103516,-0.16029603779315948,-2.589983582496643,,0.9273743508950758,2.4296875447034836,True,4, re|as|ent|amiento,right,right,known,True,5.163880348205566,m,True,True,m,True
es,aseguramiento,m,assurance,pair,data/lexicon/pairs_de_es.csv,2.96,5.1304168701171875,4.301464080810547,-0.1193847730755806,-2.494384765625,,0.9707913152022245,2.3749999925494194,True,3, aseg|ur|amiento,right,right,known,True,4.715940475463867,m,True,True,m,True
es,trayecto,m,route,pair,data/lexicon/pairs_de_es.csv,3.9,6.9909515380859375,3.92645263671875,-0.045610059052705765,-3.5534225702285767,,0.9841911608510984,3.507812511175871,True,3, tray|ect|o,right,right,known,True,5.458702087402344,m,True,True,m,True
es,motín,m,mutiny,pair,data/lexicon/pairs_de_es.csv,3.52,5.358366012573242,6.950624465942383,-0.06209700554609299,-3.9527220726013184,,0.960348221150934,3.8906250670552254,True,2, mot|ín,right,right,known,True,6.1544952392578125,m,True,True,m,True
es,tatuaje,m,tattoo,pair,data/lexicon/pairs_de_es.csv,3.85,4.9212846755981445,3.440387725830078,-0.050492774695158005,-3.722367763519287,,0.975201022568556,3.671874988824129,True,3, t|atu|aje,right,right,known,True,4.180836200714111,m,True,True,m,True
es,pesquería,f,fishing,pair,data/lexicon/pairs_de_es.csv,2.55,-6.7103424072265625,-4.67530632019043,-4.083433270454407,-0.04437064379453659,,0.9743939290702421,-4.03906262665987,True,3, pes|quer|ía,right,right,known,True,-5.692824363708496,f,True,True,f,True
es,licenciatura,f,degree,pair,data/lexicon/pairs_de_es.csv,3.91,-5.476937294006348,-5.721214294433594,-3.9650826454162598,-0.043207623064517975,,0.9780063111711308,-3.921875022351742,True,3, lic|enci|atura,right,right,known,True,-5.599075794219971,f,True,True,f,True
es,enriquecimiento,m,enrichment,pair,data/lexicon/pairs_de_es.csv,3.56,3.9529781341552734,3.6612987518310547,-0.10292273759841919,-3.259172797203064,,0.9445566026730436,3.1562500596046448,True,3, en|rique|cimiento,right,right,known,True,3.807138442993164,m,True,True,m,True
es,plató,m,set,pair,data/lexicon/pairs_de_es.csv,3.23,5.520906448364258,3.4216690063476562,-0.21948923915624619,-1.8835517168045044,,0.9717150161797399,1.6640624776482582,True,2, pl|ató,right,right,known,True,4.471287727355957,m,True,True,m,True
es,saneamiento,m,sanitation,pair,data/lexicon/pairs_de_es.csv,3.66,3.1286678314208984,2.636913299560547,-0.11081644520163536,-2.657691478729248,,0.9655038423676061,2.5468750335276127,True,2, sane|amiento,right,right,known,True,2.8827905654907227,m,True,True,m,True
es,autoabastecimiento,m,self-sufficiency,pair,data/lexicon/pairs_de_es.csv,2.5,4.771442413330078,5.045131683349609,-0.11861640214920044,-2.7123663425445557,,0.9552842824757365,2.5937499403953552,True,5, auto|ab|ast|ec|imiento,right,right,known,True,4.908287048339844,m,True,True,m,True
es,redescubrimiento,m,rediscovery,pair,data/lexicon/pairs_de_es.csv,2.54,1.6324234008789062,0.7069072723388672,-0.131328746676445,-2.7172662019729614,,0.9442230990072006,2.5859374552965164,True,5, red|esc|ub|rim|iento,right,unsure,unsure,False,1.1696653366088867,m,True,True,m,True
es,estrechamiento,m,narrowing,pair,data/lexicon/pairs_de_es.csv,2.57,6.664011001586914,6.257406234741211,-0.12486347556114197,-2.6561135053634644,,0.9529593931931708,2.5312500298023224,True,4, est|re|ch|amiento,right,right,known,True,6.4607086181640625,m,True,True,m,True
es,letargo,m,lethargy,pair,data/lexicon/pairs_de_es.csv,3.03,1.717803955078125,6.159364700317383,-0.15898219123482704,-2.3542946577072144,,0.9559534800031907,2.1953124664723873,True,2, let|argo,right,right,known,True,3.938584327697754,m,True,True,m,True
es,virtuosismo,m,virtuosity,pair,data/lexicon/pairs_de_es.csv,2.69,7.731001853942871,3.9895267486572266,-0.09988115727901459,-2.865506172180176,,0.9630892088416173,2.765625014901161,True,3, virt|uos|ismo,right,right,known,True,5.860264301300049,m,True,True,m,True
es,xenofobia,f,xenophobia,pair,data/lexicon/pairs_de_es.csv,3.51,-0.07170677185058594,-0.4197654724121094,-3.793631076812744,-0.06706847809255123,,0.9600246847832113,-3.726562598720193,True,3, xen|of|obia,unsure,unsure,unsure,False,-0.24573612213134766,f,True,True,f,True
es,descarrilamiento,m,derailment,pair,data/lexicon/pairs_de_es.csv,2.52,5.550132751464844,4.956981658935547,-0.08265301398932934,-3.379528045654297,,0.9565014468807906,3.2968750316649675,True,4, desc|arr|il|amiento,right,right,known,True,5.253557205200195,m,True,True,m,True
es,empobrecimiento,m,impoverishment,pair,data/lexicon/pairs_de_es.csv,3.0,5.912594795227051,8.413610458374023,-0.05943313613533974,-3.418808102607727,,0.9756207424532716,3.3593749664723873,True,4, emp|ob|rec|imiento,right,right,known,True,7.163102626800537,m,True,True,m,True
es,hipoxia,f,hypoxia,pair,data/lexicon/pairs_de_es.csv,2.52,-3.8028430938720703,-2.883005142211914,-4.307752370834351,-0.057752469554543495,,0.9587371944551648,-4.249999901279807,True,3, hip|ox|ia,right,right,known,True,-3.342924118041992,f,True,True,f,True
es,sangría,f,bloodletting,pair,data/lexicon/pairs_de_es.csv,3.11,-1.9448232650756836,-1.710200309753418,-2.999258518218994,-0.08519601076841354,,0.9708544244927078,-2.9140625074505806,True,2, sang|ría,right,right,known,True,-1.8275117874145508,f,True,True,f,True
es,ocaso,m,dusk,pair,data/lexicon/pairs_de_es.csv,3.31,6.207731246948242,4.224027633666992,-0.0615655854344368,-3.366253137588501,,0.9753551896490094,3.304687552154064,True,2, oc|aso,right,right,known,True,5.215879440307617,m,True,True,m,True
es,jaqueca,f,headache,pair,data/lexicon/pairs_de_es.csv,2.53,-8.208636283874512,-8.851289749145508,-3.497164249420166,-0.051851723343133926,,0.9806186374608346,-3.445312526077032,True,3, ja|que|ca,right,right,known,True,-8.52996301651001,f,True,True,f,True
es,empresariado,m,business world,pair,data/lexicon/pairs_de_es.csv,3.08,5.988124847412109,3.2261428833007812,-0.0550316646695137,-3.640969157218933,,0.9729230929590323,3.5859374925494194,True,3, empres|ari|ado,right,right,known,True,4.607133865356445,m,True,True,m,True
es,escalafón,m,ranking,pair,data/lexicon/pairs_de_es.csv,3.08,1.7722396850585938,5.828603744506836,-0.11680026352405548,-2.530862808227539,,0.9721352910035896,2.4140625447034836,True,3, escal|af|ón,right,right,known,True,3.800421714782715,m,True,True,m,True
es,detenimiento,m,thoroughness,pair,data/lexicon/pairs_de_es.csv,3.06,8.128808975219727,7.96143913269043,-0.17665574699640274,-2.1610307693481445,,0.956470283278998,1.9843750223517418,True,3, det|en|imiento,right,right,known,True,8.045124053955078,m,True,True,m,True
es,atletismo,m,athletics,pair,data/lexicon/pairs_de_es.csv,3.74,2.8575057983398438,3.8801307678222656,-0.034400650300085545,-4.268775701522827,,0.9802958625376236,4.234375051222742,True,3, at|let|ismo,right,right,known,True,3.3688182830810547,m,True,True,m,True
es,riada,f,flood,pair,data/lexicon/pairs_de_es.csv,2.5,-3.8409061431884766,-3.490081787109375,-2.6337896585464478,-0.11035213991999626,,0.9688105662451187,-2.5234375186264515,True,2, ri|ada,right,right,known,True,-3.665493965148926,f,True,True,f,True
es,ensañamiento,m,irritation,pair,data/lexicon/pairs_de_es.csv,2.66,4.836036682128906,5.928869247436523,-0.19922028481960297,-2.074220299720764,,0.945275869892966,1.8750000149011612,True,3, ens|añ|amiento,right,right,known,True,5.382452964782715,m,True,True,m,True
es,bulto,m,bulge,pair,data/lexicon/pairs_de_es.csv,3.53,3.358994483947754,0.48331451416015625,-0.0479987058788538,-3.993311285972595,,0.974285329147865,3.9453125800937414,True,3, b|ult|o,right,unsure,unsure,False,1.921154499053955,m,True,True,m,True
es,culebrón,m,soap opera,pair,data/lexicon/pairs_de_es.csv,2.63,4.131036758422852,3.0323238372802734,-0.11521152406930923,-2.8183364868164062,,0.951667063796964,2.703124962747097,True,4, c|ule|br|ón,right,right,known,True,3.5816802978515625,m,True,True,m,True
es,marejada,f,swell,pair,data/lexicon/pairs_de_es.csv,2.73,-3.858356475830078,-4.589012145996094,-4.273205280303955,-0.04664279893040657,,0.9685211342552634,-4.2265624813735485,True,3, mare|j|ada,right,right,known,True,-4.223684310913086,f,True,True,f,True
es,enrojecimiento,m,redness,pair,data/lexicon/pairs_de_es.csv,2.61,3.390523910522461,0.8611412048339844,-0.07927969843149185,-3.0402172803878784,,0.9716872067458872,2.9609375819563866,True,4, en|ro|jec|imiento,right,unsure,unsure,False,2.1258325576782227,m,True,True,m,True
es,incursión,f,raid,pair,data/lexicon/pairs_de_es.csv,3.58,-2.4625701904296875,-1.6849250793457031,-3.0989094972610474,-0.09890946373343468,,0.951157295322804,-3.0000000335276127,True,3, inc|urs|ión,right,right,known,True,-2.0737476348876953,f,True,True,f,True
es,espín,m,spin,pair,data/lexicon/pairs_de_es.csv,2.66,5.181598663330078,5.091070175170898,-0.28906770050525665,-1.6015676856040955,,0.9538670976944923,1.3124999850988388,True,2, esp|ín,right,right,known,True,5.136334419250488,m,True,True,m,True
es,sobreexplotación,f,overexploitation,pair,data/lexicon/pairs_de_es.csv,2.67,-1.5618820190429688,2.6457157135009766,-4.120833873748779,-0.05833400413393974,,0.9598028365430655,-4.0624998696148396,True,4, sobre|ex|plot|ación,right,wrong,conflict,False,0.5419168472290039,m,False,False,f,True
es,ovulación,f,ovulation,pair,data/lexicon/pairs_de_es.csv,2.73,-5.128627777099609,-3.2085342407226562,-4.541369676589966,-0.03355720266699791,,0.9777128537921349,-4.507812473922968,True,3, ov|ul|ación,right,right,known,True,-4.168581008911133,f,True,True,f,True
es,quiste,m,cyst,pair,data/lexicon/pairs_de_es.csv,2.86,2.257171630859375,1.7131938934326172,-0.12216439843177795,-2.4659143686294556,,0.9699870048716119,2.3437499701976776,True,2, qu|iste,right,right,known,True,1.985182762145996,m,True,True,m,True
es,autoservicio,m,self-service,pair,data/lexicon/pairs_de_es.csv,2.84,3.0872535705566406,2.5805606842041016,-0.03646664600819349,-4.903654098510742,,0.9718115551932702,4.867187452502549,True,3, autos|erv|icio,right,right,known,True,2.833907127380371,m,True,True,m,True
es,refinamiento,m,refinement,pair,data/lexicon/pairs_de_es.csv,3.01,5.4651994705200195,5.709562301635742,-0.25187045335769653,-2.1503078937530518,,0.8940103349206896,1.8984374403953552,True,2, refin|amiento,right,right,known,True,5.587380886077881,m,True,True,m,True
es,panocha,f,corncob,pair,data/lexicon/pairs_de_es.csv,2.54,-1.7235679626464844,-1.8963432312011719,-0.9165488183498383,-0.5884238183498383,,0.9591931149402919,-0.328125,True,2, pan|ocha,right,right,known,True,-1.8099555969238281,f,True,True,f,True
es,primacía,f,primacy,pair,data/lexicon/pairs_de_es.csv,2.94,-5.0037078857421875,-4.936206817626953,-4.085817575454712,-0.03894243389368057,,0.9789664472387262,-4.046875141561031,True,3, prim|ac|ía,right,right,known,True,-4.96995735168457,f,True,True,f,True
es,platillo,m,saucer,pair,data/lexicon/pairs_de_es.csv,3.45,1.568002700805664,3.485219955444336,-0.08925477042794228,-2.737692356109619,,0.9831001637820889,2.648437585681677,True,2, plat|illo,right,right,known,True,2.526611328125,m,True,True,m,True
es,partidismo,m,partisanship,pair,data/lexicon/pairs_de_es.csv,2.52,5.037563323974609,4.428773880004883,-0.10656533017754555,-2.965940237045288,,0.955112180113214,2.8593749068677425,True,3, part|id|ismo,right,right,known,True,4.733168601989746,m,True,True,m,True
es,vestuario,m,clothing,pair,data/lexicon/pairs_de_es.csv,3.92,6.785863876342773,3.3574695587158203,-0.06453615427017212,-3.212973713874817,,0.9781074958553198,3.1484375596046448,True,2, vest|uario,right,right,known,True,5.071666717529297,m,True,True,m,True
es,suciedad,f,dirt,pair,data/lexicon/pairs_de_es.csv,3.5,-7.262481689453125,-5.342790603637695,-4.39378547668457,-0.02659810520708561,,0.9868017212352407,-4.367187371477485,True,2, suc|iedad,right,right,known,True,-6.30263614654541,f,True,True,f,True
es,silla,f,chair,pair,data/lexicon/pairs_de_es.csv,4.43,-5.700495719909668,-4.516094207763672,-3.9068992137908936,-0.03971177339553833,,0.981997531167043,-3.8671874403953552,True,2, s|illa,right,right,known,True,-5.10829496383667,f,True,True,f,True
es,catedral,f,cathedral,pair,data/lexicon/pairs_de_es.csv,4.26,-4.031806945800781,-3.577244758605957,-4.758570909500122,-0.024195903912186623,,0.9850917894580886,-4.7343750055879354,True,3, c|ated|ral,right,right,known,True,-3.804525852203369,f,True,True,f,True
es,estrato,m,layer,pair,data/lexicon/pairs_de_es.csv,3.37,3.5204219818115234,4.887660980224609,-0.0930808000266552,-2.889955759048462,,0.9668612489360818,2.7968749590218067,True,2, estr|ato,right,right,known,True,4.204041481018066,m,True,True,m,True
es,retrete,m,toilet,pair,data/lexicon/pairs_de_es.csv,3.05,4.009902000427246,4.405092239379883,-0.05251437425613403,-3.302514433860779,,0.9859130539558525,3.2500000596046448,True,2, ret|rete,right,right,known,True,4.2074971199035645,m,True,True,m,True
es,boquete,m,gap,pair,data/lexicon/pairs_de_es.csv,2.79,5.805385589599609,5.623748779296875,-0.06071030534803867,-3.591960310935974,,0.9743297474849084,3.5312500055879354,True,2, bo|quete,right,right,known,True,5.714567184448242,m,True,True,m,True
es,pantalla,f,screen,pair,data/lexicon/pairs_de_es.csv,4.73,-6.268430709838867,-4.2947492599487305,-3.960549473762512,-0.030861939303576946,,0.9898284258612373,-3.9296875344589353,True,1, pantalla,right,right,known,True,-5.281589984893799,f,True,True,f,True
es,vivienda,f,housing,pair,data/lexicon/pairs_de_es.csv,4.61,-5.8974809646606445,-4.821725845336914,-3.608506441116333,-0.04600653424859047,,0.984002031943161,-3.5624999068677425,True,2, viv|ienda,right,right,known,True,-5.359603404998779,f,True,True,f,True
es,correa,f,belt,pair,data/lexicon/pairs_de_es.csv,4.26,-2.534740447998047,-4.539300918579102,-2.0414109230041504,-0.15859848260879517,,0.9860854906619774,-1.8828124403953552,True,2, cor|rea,right,right,known,True,-3.537020683288574,f,True,True,f,True
es,canasta,f,basket,pair,data/lexicon/pairs_de_es.csv,3.73,-3.561779022216797,-4.70326042175293,-4.150550603866577,-0.03336318954825401,,0.9829485861192864,-4.117187414318323,True,2, can|asta,right,right,known,True,-4.132519721984863,f,True,True,f,True
es,charca,f,pond,pair,data/lexicon/pairs_de_es.csv,2.75,-6.231706619262695,-4.551462173461914,-2.7977747917175293,-0.08683736622333527,,0.9810216299851116,-2.710937425494194,True,2, char|ca,right,right,known,True,-5.391584396362305,f,True,True,f,True
es,bol,m,bowl,pair,data/lexicon/pairs_de_es.csv,3.58,4.819862365722656,6.478757858276367,-0.11577418446540833,-2.647024154663086,,0.9798931406779359,2.5312499701976776,True,1, bol,right,right,known,True,5.649310111999512,m,True,True,m,True
es,pimienta,f,pepper,pair,data/lexicon/pairs_de_es.csv,3.89,-2.136198043823242,-2.3622894287109375,-1.90207177400589,-0.1989467740058899,,0.9689929612752312,-1.703125,True,4, p|im|ient|a,right,right,known,True,-2.24924373626709,f,True,True,f,True
es,pegatina,f,sticker,pair,data/lexicon/pairs_de_es.csv,2.86,-6.344490051269531,-5.568941116333008,-3.7370818853378296,-0.04958193562924862,,0.9780696134706479,-3.687499949708581,True,3, peg|at|ina,right,right,known,True,-5.9567155838012695,f,True,True,f,True
es,transbordador,m,ferry,pair,data/lexicon/pairs_de_es.csv,3.21,6.76274299621582,6.784908294677734,-0.043034580536186695,-3.7539721727371216,,0.9841482256899954,3.710937592200935,True,4, trans|b|ord|ador,right,right,known,True,6.773825645446777,m,True,True,m,True
es,armamento,m,armament,pair,data/lexicon/pairs_de_es.csv,3.79,5.540674209594727,2.5337772369384766,-0.11654293909668922,-2.538417935371399,,0.9690325013698454,2.4218749962747097,True,2, arm|amento,right,right,known,True,4.037225723266602,m,True,True,m,True
es,restaurante,m,restaurant,pair,data/lexicon/pairs_de_es.csv,4.45,4.541112899780273,4.123655319213867,-0.037772586569190025,-4.4049599170684814,,0.9753509769355739,4.367187330499291,True,2, restaur|ante,right,right,known,True,4.33238410949707,m,True,True,m,True
es,gimnasio,m,gym,pair,data/lexicon/pairs_de_es.csv,4.19,5.25904655456543,2.44881534576416,-0.038628244772553444,-4.0933157205581665,,0.9792823265209389,4.054687475785613,True,3, gim|n|asio,right,right,known,True,3.853930950164795,m,True,True,m,True
es,buhardilla,f,attic,pair,data/lexicon/pairs_de_es.csv,2.59,0.15442657470703125,-2.1067161560058594,-3.714678645133972,-0.04280367121100426,,0.9825379239426061,-3.671874973922968,True,3, bu|hard|illa,unsure,right,unsure,False,-0.9761447906494141,f,True,False,f,True
es,viña,f,vineyard,pair,data/lexicon/pairs_de_es.csv,3.91,-5.597170829772949,-6.156656265258789,-2.8307993412017822,-0.1042369119822979,,0.9719743183202063,-2.7265624292194843,True,2, vi|ña,right,right,known,True,-5.876913547515869,f,True,True,f,True
es,mapa,m,map,pair,data/lexicon/pairs_de_es.csv,4.63,5.229950904846191,6.6443634033203125,-0.03453341964632273,-4.097033381462097,,0.9843875450531605,4.062499961815774,True,1, mapa,right,right,known,True,5.937157154083252,m,True,True,m,True
es,portillo,m,gate,pair,data/lexicon/pairs_de_es.csv,3.44,5.605291366577148,6.221376419067383,-0.07423042319715023,-2.933605432510376,,0.9843984877651373,2.8593750093132257,True,2, port|illo,right,right,known,True,5.913333892822266,m,True,True,m,True
es,circuito,m,circuit,pair,data/lexicon/pairs_de_es.csv,4.26,6.642178535461426,6.806854248046875,-0.028630889020860195,-4.25519323348999,,0.9863312491155383,4.22656234446913,True,2, circuit|o,right,right,known,True,6.72451639175415,m,True,True,m,True
es,porche,m,veranda,pair,data/lexicon/pairs_de_es.csv,3.23,1.758528709411621,2.2659645080566406,-0.06832568533718586,-3.1073882579803467,,0.9806883381171991,3.039062572643161,True,2, por|che,right,right,known,True,2.012246608734131,m,True,True,m,True
es,púlpito,m,pulpit,pair,data/lexicon/pairs_de_es.csv,3.04,10.509791374206543,4.0159759521484375,-0.03975744638592005,-3.711632490158081,,0.9865238183145578,3.671875043772161,True,4, p|ú|lp|ito,right,right,known,True,7.26288366317749,m,True,True,m,True
es,horca,f,gallows,pair,data/lexicon/pairs_de_es.csv,3.27,-7.065763473510742,-5.204926490783691,-1.8560582399368286,-0.1919957399368286,,0.9819252068786933,-1.6640625,True,2, hor|ca,right,right,known,True,-6.135344982147217,f,True,True,f,True
es,noguera,f,walnut,pair,data/lexicon/pairs_de_es.csv,3.0,-2.4942245483398438,0.7065353393554688,-2.4201806783676147,-0.13893059641122818,,0.9624007823611098,-2.2812500819563866,True,3, nog|u|era,right,unsure,unsure,False,-0.8938446044921875,f,True,False,f,True
es,portafolio,m,portfolio,pair,data/lexicon/pairs_de_es.csv,3.35,3.799623489379883,5.130327224731445,-0.03984498977661133,-3.9382823705673218,,0.9837938278344589,3.8984373807907104,True,3, port|af|olio,right,right,known,True,4.464975357055664,m,True,True,m,True
es,paja,f,straw,pair,data/lexicon/pairs_de_es.csv,4.38,-4.5930681228637695,-5.088188171386719,-3.1569939851760864,-0.07105647958815098,,0.9780607123651328,-3.0859375055879354,True,2, p|aja,right,right,known,True,-4.840628147125244,f,True,True,f,True
es,depósito,m,deposit,pair,data/lexicon/pairs_de_es.csv,4.24,5.3969926834106445,6.1891937255859375,-0.04143568407744169,-3.7679980993270874,,0.984184396505118,3.7265624152496457,True,2, dep|ósito,right,right,known,True,5.793093204498291,m,True,True,m,True
es,hostal,m,hostel,pair,data/lexicon/pairs_de_es.csv,3.09,-1.0572929382324219,1.8256397247314453,-0.039545523934066296,-4.14110791683197,,0.9781181064815567,4.101562392897904,True,2, host|al,wrong,right,conflict,False,0.3841733932495117,m,True,False,m,True
es,trombón,m,trombone,pair,data/lexicon/pairs_de_es.csv,2.7,2.5248184204101562,2.0740623474121094,-0.05139892362058163,-3.8326488733291626,,0.9756146941473827,3.781249949708581,True,3, trom|b|ón,right,right,known,True,2.299440383911133,m,True,True,m,True
es,grabación,f,recording,pair,data/lexicon/pairs_de_es.csv,4.21,-7.803830146789551,-10.149568557739258,-4.402915716171265,-0.03572821896523237,,0.9783677085889639,-4.367187497206032,True,2, grab|ación,right,right,known,True,-8.976699352264404,f,True,True,f,True
es,talón,m,heel,pair,data/lexicon/pairs_de_es.csv,3.35,4.594545364379883,4.980554580688477,-0.06267643719911575,-3.125176429748535,,0.9834297425253635,3.0624999925494194,True,2, tal|ón,right,right,known,True,4.78754997253418,m,True,True,m,True
es,piscina,f,swimming pool,pair,data/lexicon/pairs_de_es.csv,4.15,-6.959583282470703,-7.018729209899902,-4.0400049686431885,-0.04000483546406031,,0.9820488481268617,-4.000000133179128,True,2, pisc|ina,right,right,known,True,-6.989156246185303,f,True,True,f,True
es,tablón,m,plank,pair,data/lexicon/pairs_de_es.csv,3.07,5.6182403564453125,3.826033592224121,-0.0662147793918848,-2.980277180671692,,0.986725227212329,2.914062401279807,True,3, tab|l|ón,right,right,known,True,4.722136974334717,m,True,True,m,True
es,vertedero,m,landfill,pair,data/lexicon/pairs_de_es.csv,3.26,5.232956886291504,4.254159927368164,-0.05090310052037239,-3.496215581893921,,0.9823566777608153,3.4453124813735485,True,3, vert|ed|ero,right,right,known,True,4.743558406829834,m,True,True,m,True
es,paquete,m,parcel,pair,data/lexicon/pairs_de_es.csv,4.41,4.827396392822266,5.701620101928711,-0.02613717596977949,-4.737074613571167,,0.9844256473794171,4.7109374376013875,True,2, pa|quete,right,right,known,True,5.264508247375488,m,True,True,m,True
es,ornato,m,ornament,pair,data/lexicon/pairs_de_es.csv,2.64,4.034557342529297,0.9820518493652344,-0.08712846040725708,-3.0168159008026123,,0.9696071958920796,2.9296874403953552,True,2, orn|ato,right,unsure,unsure,False,2.5083045959472656,m,True,True,m,True
es,garita,f,watchtower,pair,data/lexicon/pairs_de_es.csv,2.92,-5.402202606201172,-2.712848663330078,-2.740453362464905,-0.09201586246490479,,0.9831311629492624,-2.6484375,True,2, gar|ita,right,right,known,True,-4.057525634765625,f,True,True,f,True
es,páncreas,m,pancreas,pair,data/lexicon/pairs_de_es.csv,3.21,2.726408004760742,1.8998336791992188,-0.02536353748291731,-5.048800945281982,,0.9817082196822642,5.023437407799065,True,4, p|án|cre|as,right,right,known,True,2.3131208419799805,m,True,True,m,True
es,aminoácido,m,amino acid,pair,data/lexicon/pairs_de_es.csv,2.66,4.15772819519043,3.415569305419922,-0.053621167317032814,-4.155183672904968,,0.9641782245406538,4.1015625055879354,True,3, amino|ác|ido,right,right,known,True,3.786648750305176,m,True,True,m,True
es,cabello,m,hair,pair,data/lexicon/pairs_de_es.csv,4.54,5.989048004150391,5.356967926025391,-0.022868644446134567,-5.054118633270264,,0.9838554965177013,5.031249988824129,True,2, cabel|lo,right,right,known,True,5.673007965087891,m,True,True,m,True
es,mantel,m,tablecloth,pair,data/lexicon/pairs_de_es.csv,3.09,4.3952484130859375,3.4028491973876953,-0.10894549638032913,-2.4370704889297485,,0.9873635350948641,2.3281249925494194,True,2, mant|el,right,right,known,True,3.8990488052368164,m,True,True,m,True
es,teatro,m,theater,pair,data/lexicon/pairs_de_es.csv,4.83,5.117010116577148,7.093470573425293,-0.03509519435465336,-4.0585325956344604,,0.9828789740656476,4.023437401279807,True,2, te|atro,right,right,known,True,6.105240345001221,m,True,True,m,True
es,banquillo,m,dock,pair,data/lexicon/pairs_de_es.csv,3.55,8.229043960571289,5.408397674560547,-0.03713898081332445,-3.8418264389038086,,0.9860891488503893,3.804687458090484,True,3, ban|qu|illo,right,right,known,True,6.818720817565918,m,True,True,m,True
es,infusión,f,infusion,pair,data/lexicon/pairs_de_es.csv,3.24,-6.061468124389648,-4.695554733276367,-2.8139909505844116,-0.09524093568325043,,0.9716305608490843,-2.718750014901161,True,3, inf|us|ión,right,right,known,True,-5.378511428833008,f,True,True,f,True
es,valeriana,f,valerian,pair,data/lexicon/pairs_de_es.csv,2.62,-6.251343727111816,-0.9806156158447266,-2.8557740449905396,-0.09014904871582985,,0.9726078901386617,-2.7656249962747097,True,3, val|er|iana,right,unsure,unsure,False,-3.6159796714782715,f,True,True,f,True
es,calcita,f,calcite,pair,data/lexicon/pairs_de_es.csv,2.65,-3.0381126403808594,-2.357118606567383,-1.6430885195732117,-0.26027601957321167,,0.9693758194561614,-1.3828125,True,2, calc|ita,right,right,known,True,-2.697615623474121,f,True,True,f,True
es,porvenir,m,future,pair,data/lexicon/pairs_de_es.csv,3.52,3.984477996826172,3.049173355102539,-0.6310286801308393,-1.9122786670923233,,0.970996886054291,1.281249986961484,False,2, por|venir,right,right,known,True,3.5168256759643555,m,True,True,m,True
es,lenguaje,m,language,pair,data/lexicon/pairs_de_es.csv,4.75,5.950507164001465,3.833174705505371,-0.04375298973172903,-3.7625030279159546,,0.9817785929891677,3.7187500381842256,True,3, l|engu|aje,right,right,known,True,4.891840934753418,m,True,True,m,True
es,municipio,m,municipality,pair,data/lexicon/pairs_de_es.csv,4.7,5.443713188171387,4.975061416625977,-0.0402838047593832,-3.6652837991714478,,0.9861286632139968,3.6249999944120646,True,2, municip|io,right,right,known,True,5.209387302398682,m,True,True,m,True
es,elenco,m,list,pair,data/lexicon/pairs_de_es.csv,3.72,2.2299299240112305,3.7510509490966797,-0.1964038610458374,-2.3135913610458374,,0.9207097251740837,2.1171875,True,2, el|enco,right,right,known,True,2.990490436553955,m,True,True,m,True
es,contribución,f,contribution,pair,data/lexicon/pairs_de_es.csv,4.13,-6.13239860534668,-4.479667663574219,-3.6742184162139893,-0.0570308156311512,,0.9718179261354705,-3.617187600582838,True,2, contrib|ución,right,right,known,True,-5.306033134460449,f,True,True,f,True
es,rendimiento,m,performance,pair,data/lexicon/pairs_de_es.csv,4.36,5.063253402709961,5.478577613830566,-0.09672354906797409,-2.8623485565185547,,0.9673886735464247,2.7656250074505806,True,2, rend|imiento,right,right,known,True,5.270915508270264,m,True,True,m,True
es,coherencia,f,coherence,pair,data/lexicon/pairs_de_es.csv,3.79,-9.619165420532227,-9.457075119018555,-2.5005348920822144,-0.16459734737873077,,0.933420649843049,-2.3359375447034836,True,3, co|her|encia,right,right,known,True,-9.53812026977539,f,True,True,f,True
es,protección,f,protection,pair,data/lexicon/pairs_de_es.csv,4.92,-4.760866165161133,-4.637641906738281,-3.6649928092956543,-0.047805399633944035,,0.9835717331151859,-3.6171874096617103,True,1, protección,right,right,known,True,-4.699254035949707,f,True,True,f,True
es,exclusión,f,exclusion,pair,data/lexicon/pairs_de_es.csv,3.99,-7.229990005493164,-8.274335861206055,-1.9727668762207031,-0.24620438367128372,,0.9218767355704738,-1.7265624925494194,True,2, exclus|ión,right,right,known,True,-7.752162933349609,f,True,True,f,True
es,impresión,f,impression,pair,data/lexicon/pairs_de_es.csv,4.52,-7.101116180419922,-5.213417053222656,-4.69821310043335,-0.026338218711316586,,0.9840696612092712,-4.671874881722033,True,2, impres|ión,right,right,known,True,-6.157266616821289,f,True,True,f,True
es,plomo,m,lead,pair,data/lexicon/pairs_de_es.csv,3.98,3.995175361633301,2.0039596557617188,-0.025604221038520336,-4.783416748046875,,0.983611047646326,4.757812527008355,True,2, pl|omo,right,right,known,True,2.9995675086975098,m,True,True,m,True
es,efecto,m,effect,pair,data/lexicon/pairs_de_es.csv,4.97,7.5397796630859375,9.442750930786133,-0.0491605419665575,-3.8850979804992676,,0.9741079240663205,3.83593743853271,True,2, efect|o,right,right,known,True,8.491265296936035,m,True,True,m,True
es,insinuación,f,hint,pair,data/lexicon/pairs_de_es.csv,2.97,-4.425865173339844,-2.2378883361816406,-4.193938255310059,-0.0689382329583168,,0.9485899122433714,-4.125000022351742,True,4, ins|in|u|ación,right,right,known,True,-3.331876754760742,f,True,True,f,True
es,lejanía,f,distance,pair,data/lexicon/pairs_de_es.csv,3.18,-10.190521240234375,-7.759738922119141,-4.512972354888916,-0.028597278520464897,,0.9828070212988109,-4.484375076368451,True,3, le|jan|ía,right,right,known,True,-8.975130081176758,f,True,True,f,True
es,trifulca,f,quarrel,pair,data/lexicon/pairs_de_es.csv,2.63,-1.6299018859863281,-3.481893539428711,-1.5007568895816803,-0.3991943895816803,,0.956094014644032,-1.1015625,True,3, tr|iful|ca,right,right,known,True,-2.5558977127075195,f,True,True,f,True
es,broma,f,joke,pair,data/lexicon/pairs_de_es.csv,4.46,-1.7818565368652344,-6.663608551025391,-4.533096551895142,-0.05653403513133526,,0.9572001206159475,-4.476562516763806,True,2, b|roma,right,right,known,True,-4.2227325439453125,f,True,True,f,True
es,construcción,f,construction,pair,data/lexicon/pairs_de_es.csv,5.04,-5.954035758972168,-5.775657653808594,-4.140563130378723,-0.04681315179914236,,0.9768077794636892,-4.093749978579581,True,1, construcción,right,right,known,True,-5.864846706390381,f,True,True,f,True
es,expresión,f,expression,pair,data/lexicon/pairs_de_es.csv,4.83,-5.179512023925781,-5.413325309753418,-2.189929246902466,-0.7289917916059494,,0.6971229041300939,-1.4609374552965164,True,2, expres|ión,right,right,known,True,-5.2964186668396,f,True,True,f,True
es,convenio,m,agreement,pair,data/lexicon/pairs_de_es.csv,4.28,3.8138294219970703,6.624296188354492,-0.048079634085297585,-3.8762047290802,,0.9745513558160517,3.8281250949949026,True,2, conven|io,right,right,known,True,5.219062805175781,m,True,True,m,True
es,mensaje,m,message,pair,data/lexicon/pairs_de_es.csv,5.1,6.351680755615234,7.823960304260254,-0.039195877499878407,-4.093883395195007,,0.9794754729684484,4.054687517695129,True,1, mensaje,right,right,known,True,7.087820529937744,m,True,True,m,True
es,origen,m,origin,pair,data/lexicon/pairs_de_es.csv,4.96,5.481884956359863,4.792339324951172,-0.09494421072304249,-2.86838161945343,,0.9702342650905824,2.7734374087303877,True,1, origen,right,right,known,True,5.137112140655518,m,True,True,m,True
es,notificación,f,notification,pair,data/lexicon/pairs_de_es.csv,3.95,-4.862866401672363,-7.028454780578613,-3.481520175933838,-0.051832590252161026,,0.9803623410046494,-3.429687585681677,True,2, not|ificación,right,right,known,True,-5.945660591125488,f,True,True,f,True
es,escalón,m,step,pair,data/lexicon/pairs_de_es.csv,3.51,5.5206499099731445,8.751457214355469,-0.04639893025159836,-3.6635864973068237,,0.9814846235166012,3.6171875670552254,True,2, escal|ón,right,right,known,True,7.136053562164307,m,True,True,m,True
es,expansión,f,expansion,pair,data/lexicon/pairs_de_es.csv,4.35,-7.149835586547852,-6.497383117675781,-2.2623382210731506,-0.28577572852373123,,0.8707550158073872,-1.9765624925494194,True,2, expans|ión,right,right,known,True,-6.823609352111816,f,True,True,f,True
es,abastecimiento,m,supply,pair,data/lexicon/pairs_de_es.csv,3.84,4.879551887512207,4.815032958984375,-0.07323354855179787,-3.1747961044311523,,0.9714029410506372,3.1015625558793545,True,4, ab|ast|ec|imiento,right,right,known,True,4.847292423248291,m,True,True,m,True
es,mejoramiento,m,improvement,pair,data/lexicon/pairs_de_es.csv,3.71,7.254711151123047,4.265865325927734,-0.18231236934661865,-2.307312488555908,,0.9333240916347534,2.1250001192092896,True,2, mejor|amiento,right,right,known,True,5.760288238525391,m,True,True,m,True
es,suspicacia,f,suspicion,pair,data/lexicon/pairs_de_es.csv,2.7,-6.5941009521484375,-9.628746032714844,-4.492038726806641,-0.03891359642148018,,0.9735778937666307,-4.4531251303851604,True,3, susp|ic|acia,right,right,known,True,-8.11142349243164,f,True,True,f,True
es,felicitación,f,congratulation,pair,data/lexicon/pairs_de_es.csv,3.38,-4.565801620483398,-3.6404151916503906,-4.383867025375366,-0.047929588705301285,,0.9662837204398509,-4.335937436670065,True,3, fel|icit|ación,right,right,known,True,-4.1031084060668945,f,True,True,f,True
es,indicación,f,indication,pair,data/lexicon/pairs_de_es.csv,3.65,-5.314031600952148,-5.02903938293457,-1.213138908147812,-0.5490764230489731,,0.8959373385808198,-0.6640624850988388,True,2, indic|ación,right,right,known,True,-5.171535491943359,f,True,True,f,True
es,gestión,f,process,pair,data/lexicon/pairs_de_es.csv,4.78,-6.557473182678223,-5.523715019226074,-4.2897409200668335,-0.039741034619510174,,0.9764843996753862,-4.249999885447323,True,1, gestión,right,right,known,True,-6.040594100952148,f,True,True,f,True
es,reportaje,m,report,pair,data/lexicon/pairs_de_es.csv,4.0,1.4996213912963867,4.933788299560547,-0.04406048636883497,-4.106560468673706,,0.9738197808156107,4.062499982304871,True,2, report|aje,right,right,known,True,3.216704845428467,m,True,True,m,True
es,disturbio,m,disturbance,pair,data/lexicon/pairs_de_es.csv,2.95,5.447639465332031,5.947301864624023,-0.06445144861936569,-3.6972638368606567,,0.9634503169013895,3.632812388241291,True,2, disturb|io,right,right,known,True,5.697470664978027,m,True,True,m,True
es,mudanza,f,move,pair,data/lexicon/pairs_de_es.csv,3.53,-6.734072685241699,-7.797477722167969,-3.7327994108200073,-0.06092444621026516,,0.9671098153828798,-3.671874964609742,True,2, mud|anza,right,right,known,True,-7.265775203704834,f,True,True,f,True
es,nombramiento,m,appointment,pair,data/lexicon/pairs_de_es.csv,4.07,3.202524185180664,4.632476806640625,-0.16453851014375687,-2.3364135026931763,,0.9451518714089235,2.1718749925494194,True,3, nom|br|amiento,right,right,known,True,3.9175004959106445,m,True,True,m,True
es,compensación,f,compensation,pair,data/lexicon/pairs_de_es.csv,4.01,-6.422432899475098,-7.376392364501953,-3.5383459329605103,-0.07740838453173637,,0.9545843332181325,-3.460937548428774,True,2, compens|ación,right,right,known,True,-6.899412631988525,f,True,True,f,True
es,voluntad,f,will,pair,data/lexicon/pairs_de_es.csv,4.72,-6.12293815612793,-5.604499816894531,-3.0245567560195923,-0.0714317224919796,,0.9803225994224163,-2.9531250335276127,True,2, volunt|ad,right,right,known,True,-5.8637189865112305,f,True,True,f,True
es,fichero,m,file,pair,data/lexicon/pairs_de_es.csv,3.14,5.527507781982422,6.499638557434082,-0.0445559099316597,-3.607055902481079,,0.9852811559926253,3.5624999925494194,True,2, fich|ero,right,right,known,True,6.013573169708252,m,True,True,m,True
es,descubrimiento,m,discovery,pair,data/lexicon/pairs_de_es.csv,4.25,5.094560623168945,4.60874080657959,-0.07151184789836407,-3.0636993646621704,,0.9781015129328302,2.9921875167638063,True,4, desc|ub|rim|iento,right,right,known,True,4.851650714874268,m,True,True,m,True
es,reforzamiento,m,reinforcement,pair,data/lexicon/pairs_de_es.csv,2.92,4.229004859924316,5.9698944091796875,-0.1171330139040947,-2.8593205213546753,,0.9470971865705153,2.7421875074505806,True,4, re|for|z|amiento,right,right,known,True,5.099449634552002,m,True,True,m,True
es,proyección,f,projection,pair,data/lexicon/pairs_de_es.csv,4.07,-5.020769119262695,-5.369071960449219,-4.481905698776245,-0.03659317083656788,,0.9766142295384274,-4.445312527939677,True,3, pro|ye|cción,right,right,known,True,-5.194920539855957,f,True,True,f,True
es,cálculo,m,calculation,pair,data/lexicon/pairs_de_es.csv,4.17,5.506194114685059,2.0358657836914062,-0.08018849790096283,-2.877063512802124,,0.9792656084797848,2.796875014901161,True,3, c|ál|culo,right,right,known,True,3.7710299491882324,m,True,True,m,True
es,emergencia,f,emergency,pair,data/lexicon/pairs_de_es.csv,4.56,-6.46939754486084,-4.52894401550293,-4.053582191467285,-0.04576953873038292,,0.974751484104805,-4.007812652736902,True,2, emerg|encia,right,right,known,True,-5.499170780181885,f,True,True,f,True
es,jubilación,f,retirement,pair,data/lexicon/pairs_de_es.csv,3.9,-5.258027076721191,-5.300327301025391,-4.301902532577515,-0.03627750277519226,,0.9785108815454465,-4.265625029802322,True,3, jub|il|ación,right,right,known,True,-5.279177188873291,f,True,True,f,True
es,excursión,f,excursion,pair,data/lexicon/pairs_de_es.csv,3.63,-4.034391403198242,0.9413623809814453,-4.1243544816970825,-0.04622940719127655,,0.9711960823800253,-4.078125074505806,True,3, exc|urs|ión,right,unsure,unsure,False,-1.5465145111083984,f,True,False,f,True
es,alojamiento,m,accommodation,pair,data/lexicon/pairs_de_es.csv,3.95,6.255411148071289,2.8649444580078125,-0.07211950607597828,-3.3377444744110107,,0.9665761553204579,3.2656249683350325,True,3, alo|j|amiento,right,right,known,True,4.560177803039551,m,True,True,m,True
es,mantenimiento,m,maintenance,pair,data/lexicon/pairs_de_es.csv,4.45,7.174352645874023,3.36199951171875,-0.08257845044136047,-3.0122660398483276,,0.9701681313423354,2.929687589406967,True,2, manten|imiento,right,right,known,True,5.268176078796387,m,True,True,m,True
es,desenvolvimiento,m,development,pair,data/lexicon/pairs_de_es.csv,2.88,4.7531843185424805,3.2075328826904297,-0.21777445822954178,-2.3583993911743164,,0.8989745719100093,2.1406249329447746,True,3, desenv|olv|imiento,right,right,known,True,3.980358600616455,m,True,True,m,True
es,delito,m,crime,pair,data/lexicon/pairs_de_es.csv,4.69,5.767681121826172,5.3295135498046875,-0.0371727654710412,-4.248110294342041,,0.9785339130884887,4.210937528871,True,2, del|ito,right,right,known,True,5.54859733581543,m,True,True,m,True
es,caminata,f,walk,pair,data/lexicon/pairs_de_es.csv,3.68,-2.781846046447754,-3.512592315673828,-4.443884611129761,-0.05325959250330925,,0.9599671706096135,-4.3906250186264515,True,3, cam|in|ata,right,right,known,True,-3.147219181060791,f,True,True,f,True
es,obtención,f,acquisition,pair,data/lexicon/pairs_de_es.csv,3.89,-4.602373123168945,-5.729798316955566,-2.7039278745651245,-0.13361534848809242,,0.9424296138989849,-2.570312526077032,True,2, obt|ención,right,right,known,True,-5.166085720062256,f,True,True,f,True
es,decadencia,f,decline,pair,data/lexicon/pairs_de_es.csv,3.83,-6.571773529052734,-8.366952896118164,-3.5705920457839966,-0.06277953647077084,,0.968705697555,-3.5078125093132257,True,2, decad|encia,right,right,known,True,-7.469363212585449,f,True,True,f,True
es,fama,f,fame,pair,data/lexicon/pairs_de_es.csv,4.41,-6.319934844970703,-0.6598491668701172,-1.5019628405570984,-0.3379003405570984,,0.9567349313571607,-1.1640625,True,2, fam|a,right,unsure,unsure,False,-3.48989200592041,f,True,True,f,True
es,romanticismo,m,romanticism,pair,data/lexicon/pairs_de_es.csv,3.58,4.048712730407715,4.093013763427734,-0.03582220710813999,-4.30925989151001,,0.9787762650807815,4.27343768440187,True,2, romantic|ismo,right,right,known,True,4.070863246917725,m,True,True,m,True
es,conservación,f,conservation,pair,data/lexicon/pairs_de_es.csv,4.4,-8.134561538696289,-6.172475814819336,-3.882422685623169,-0.04648521915078163,,0.9761265924025118,-3.8359374664723873,True,2, conserv|ación,right,right,known,True,-7.1535186767578125,f,True,True,f,True
es,ademán,m,gesture,pair,data/lexicon/pairs_de_es.csv,2.53,5.479713439941406,4.6532135009765625,-0.11257684603333473,-2.6516393423080444,,0.9711320614086115,2.5390624962747097,True,3, ad|em|án,right,right,known,True,5.066463470458984,m,True,True,m,True
es,demolición,f,demolition,pair,data/lexicon/pairs_de_es.csv,3.53,-2.824636459350586,-3.187013626098633,-3.58175790309906,-0.058320339769124985,,0.9712164007987958,-3.523437563329935,True,2, demol|ición,right,right,known,True,-3.0058250427246094,f,True,True,f,True
es,interrogatorio,m,interrogation,pair,data/lexicon/pairs_de_es.csv,3.64,5.370795249938965,5.737527847290039,-0.11048298329114914,-3.032357931137085,,0.9438345173179514,2.921874947845936,True,2, interrog|atorio,right,right,known,True,5.554161548614502,m,True,True,m,True
es,dinero,m,money,pair,data/lexicon/pairs_de_es.csv,5.47,5.976818084716797,3.8365955352783203,-0.0334128187969327,-4.72872519493103,,0.9764045585405459,4.695312376134098,True,1, dinero,right,right,known,True,4.906706809997559,m,True,True,m,True
es,vereda,f,path,pair,data/lexicon/pairs_de_es.csv,3.74,-4.254756927490234,-4.094579696655273,-3.1429920196533203,-0.06486703082919121,,0.9816411660411497,-3.078124988824129,True,2, ver|eda,right,right,known,True,-4.174668312072754,f,True,True,f,True
es,acercamiento,m,approach,pair,data/lexicon/pairs_de_es.csv,3.91,5.897420883178711,4.133711814880371,-0.14206510037183762,-2.532690167427063,,0.947504012759453,2.3906250670552254,True,3, ac|erc|amiento,right,right,known,True,5.015566349029541,m,True,True,m,True
es,frustración,f,frustration,pair,data/lexicon/pairs_de_es.csv,3.85,-6.032196044921875,-1.7558097839355469,-4.515863537788391,-0.03930103313177824,,0.9744195390924499,-4.476562504656613,True,2, frustr|ación,right,right,known,True,-3.894002914428711,f,True,True,f,True
es,agradecimiento,m,gratitude,pair,data/lexicon/pairs_de_es.csv,3.99,1.8493566513061523,1.5457372665405273,-0.14221126586198807,-2.3765863180160522,,0.9604439337639162,2.234375052154064,True,4, a|grad|ec|imiento,right,right,known,True,1.6975469589233398,m,True,True,m,True
es,servicio,m,service,pair,data/lexicon/pairs_de_es.csv,5.34,6.295823097229004,5.281574249267578,-0.03723567724227905,-4.263798117637634,,0.9784861098561757,4.226562440395355,True,1, servicio,right,right,known,True,5.788698673248291,m,True,True,m,True
es,reconstrucción,f,reconstruction,pair,data/lexicon/pairs_de_es.csv,4.14,-6.154634475708008,-4.299688339233398,-3.078550338745117,-0.10980039089918137,,0.9423853232784465,-2.968749947845936,True,3, recon|str|ucción,right,right,known,True,-5.227161407470703,f,True,True,f,True
es,sepelio,m,burial,pair,data/lexicon/pairs_de_es.csv,2.84,4.625059127807617,2.9942874908447266,-0.060213157907128334,-3.2789632081985474,,0.9822687755809416,3.218750050291419,True,3, sep|el|io,right,right,known,True,3.809673309326172,m,True,True,m,True
es,intentona,f,attempt,pair,data/lexicon/pairs_de_es.csv,2.66,-7.413738250732422,-5.475437164306641,-1.5189386308193207,-0.41737617552280426,,0.9587640428554384,-1.1015624552965164,True,2, intent|ona,right,right,known,True,-6.444587707519531,f,True,True,f,True
es,almacenamiento,m,storage,pair,data/lexicon/pairs_de_es.csv,4.0,4.623248100280762,3.6348114013671875,-0.13836229592561722,-2.325862407684326,,0.968493091059567,2.187500111758709,True,2, almacen|amiento,right,right,known,True,4.129029750823975,m,True,True,m,True
es,descenso,m,descent,pair,data/lexicon/pairs_de_es.csv,4.13,8.999388694763184,7.837062835693359,-0.09415629133582115,-2.797281265258789,,0.9713970961931788,2.703124973922968,True,2, desc|enso,right,right,known,True,8.418225765228271,m,True,True,m,True
es,precedencia,f,precedence,pair,data/lexicon/pairs_de_es.csv,2.53,-6.109066963195801,-6.271690368652344,-1.9131106734275818,-0.311548188328743,,0.8799953192121872,-1.6015624850988388,True,2, preced|encia,right,right,known,True,-6.190378665924072,f,True,True,f,True
es,espionaje,m,espionage,pair,data/lexicon/pairs_de_es.csv,3.72,4.508213043212891,2.960662841796875,-0.04020567424595356,-4.001143217086792,,0.9791327173559768,3.9609375428408384,True,3, esp|ion|aje,right,right,known,True,3.734437942504883,m,True,True,m,True
es,nicho,m,niche,pair,data/lexicon/pairs_de_es.csv,3.47,3.897857666015625,4.96467399597168,-0.056185174733400345,-3.368685245513916,,0.9798457246166173,3.3125000707805157,True,2, nich|o,right,right,known,True,4.431265830993652,m,True,True,m,True
es,hartazgo,m,discontent,pair,data/lexicon/pairs_de_es.csv,2.92,1.9911479949951172,1.2523689270019531,-0.16212297976016998,-2.240247964859009,,0.9570056226465,2.078124985098839,True,3, hart|az|go,right,right,known,True,1.6217584609985352,m,True,True,m,True
es,omisión,f,omission,pair,data/lexicon/pairs_de_es.csv,3.57,-5.925258636474609,-6.791662216186523,-1.5843585729599,-0.6859211027622223,,0.7089995663983724,-0.8984374701976776,True,2, om|isión,right,right,known,True,-6.358460426330566,f,True,True,f,True
es,graduación,f,graduation,pair,data/lexicon/pairs_de_es.csv,3.81,-5.548457145690918,-6.059215545654297,-4.054746031761169,-0.039120864123106,,0.9797339412594477,-4.015625167638063,True,2, gradu|ación,right,right,known,True,-5.803836345672607,f,True,True,f,True
es,enfriamiento,m,cooling,pair,data/lexicon/pairs_de_es.csv,3.28,4.063896179199219,5.149324417114258,-0.08747527003288269,-2.954662799835205,,0.9684674284947739,2.8671875298023224,True,3, enf|ri|amiento,right,right,known,True,4.606610298156738,m,True,True,m,True
es,emisión,f,emission,pair,data/lexicon/pairs_de_es.csv,4.27,-4.925724983215332,-2.884645462036133,-2.9854531288146973,-0.0870156716555357,,0.9735108203374759,-2.8984374571591616,True,2, em|isión,right,right,known,True,-3.9051852226257324,f,True,True,f,True
es,referéndum,m,referendum,pair,data/lexicon/pairs_de_es.csv,4.12,2.5301284790039062,-0.3754596710205078,-0.050192512571811676,-4.315817475318909,,0.9660238466278833,4.265624962747097,True,4, refer|é|nd|um,right,unsure,unsure,False,1.0773344039916992,m,True,False,m,True
es,reconocimiento,m,recognition,pair,data/lexicon/pairs_de_es.csv,4.71,4.699348449707031,5.21381950378418,-0.10444202646613121,-2.651317000389099,,0.9714340417165176,2.546874973922968,True,2, reconoc|imiento,right,right,known,True,4.9565839767456055,m,True,True,m,True
es,homenaje,m,homage,pair,data/lexicon/pairs_de_es.csv,4.51,3.413127899169922,2.0330543518066406,-0.05985614098608494,-3.6457936763763428,,0.9686218072632193,3.585937535390258,True,3, hom|en|aje,right,right,known,True,2.7230911254882812,m,True,True,m,True
es,indemnización,f,indemnification,pair,data/lexicon/pairs_de_es.csv,3.88,-4.041717529296875,-3.992330551147461,-3.433363676071167,-0.0661761574447155,,0.9682779699366657,-3.3671875186264515,True,2, indemn|ización,right,right,known,True,-4.017024040222168,f,True,True,f,True
es,confort,m,comfort,pair,data/lexicon/pairs_de_es.csv,3.55,6.66096305847168,4.774152755737305,-0.10401263646781445,-2.744637608528137,,0.9775497683200551,2.6406249720603228,True,1, confort,right,right,known,True,5.717557907104492,m,True,True,m,True
es,talento,m,talent,pair,data/lexicon/pairs_de_es.csv,4.52,7.348433494567871,5.497682571411133,-0.050028132274746895,-3.8156532049179077,,0.9736808998525903,3.765625072643161,True,2, talent|o,right,right,known,True,6.423058032989502,m,True,True,m,True
es,intervalo,m,interval,pair,data/lexicon/pairs_de_es.csv,3.61,6.679372787475586,5.609220504760742,-0.05828966945409775,-3.777039647102356,,0.9662690508629479,3.718749977648258,True,2, interval|o,right,right,known,True,6.144296646118164,m,True,True,m,True
es,regresión,f,setback,pair,data/lexicon/pairs_de_es.csv,3.27,-7.075078964233398,-4.76750373840332,-2.9942842721939087,-0.0880342535674572,,0.9681381170777833,-2.9062500186264515,True,3, reg|res|ión,right,right,known,True,-5.921291351318359,f,True,True,f,True
es,invasión,f,invasion,pair,data/lexicon/pairs_de_es.csv,4.24,-8.506587028503418,-6.695669174194336,-3.9796441793441772,-0.0499566737562418,,0.9700084416502616,-3.9296875055879354,True,3, inv|as|ión,right,right,known,True,-7.601128101348877,f,True,True,f,True
es,menú,m,menu,pair,data/lexicon/pairs_de_es.csv,3.85,9.137369155883789,5.409527778625488,-0.03890341054648161,-4.00765335559845,,0.9806708658065597,3.968749945051968,True,2, men|ú,right,right,known,True,7.273448467254639,m,True,True,m,True
es,localidad,f,locality,pair,data/lexicon/pairs_de_es.csv,4.44,-3.6817331314086914,-4.467105865478516,-3.663884401321411,-0.046696824952960014,,0.9832946903159401,-3.617187576368451,True,2, local|idad,right,right,known,True,-4.0744194984436035,f,True,True,f,True
es,patrocinio,m,sponsorship,pair,data/lexicon/pairs_de_es.csv,3.61,6.419893264770508,5.332981109619141,-0.06145072914659977,-3.342700719833374,,0.9764626076268796,3.2812499906867743,True,4, pat|ro|cin|io,right,right,known,True,5.876437187194824,m,True,True,m,True
es,horticultura,f,horticulture,pair,data/lexicon/pairs_de_es.csv,2.79,-2.6597375869750977,-2.9633922576904297,-3.6906951665878296,-0.05007017403841019,,0.9762648523395101,-3.6406249925494194,True,4, h|ort|icult|ura,right,right,known,True,-2.8115649223327637,f,True,True,f,True
es,casamiento,m,marriage,pair,data/lexicon/pairs_de_es.csv,3.64,5.364323616027832,7.136274337768555,-0.057775888592004776,-3.2452759742736816,,0.9829908825084994,3.187500085681677,True,2, cas|amiento,right,right,known,True,6.250298976898193,m,True,True,m,True
es,revocación,f,revocation,pair,data/lexicon/pairs_de_es.csv,3.43,-5.433492660522461,-5.844707489013672,-3.2287245988845825,-0.07247461006045341,,0.96993526658864,-3.156249988824129,True,3, rev|oc|ación,right,right,known,True,-5.639100074768066,f,True,True,f,True
es,idilio,m,idyll,pair,data/lexicon/pairs_de_es.csv,2.74,0.6295890808105469,4.896083831787109,-0.07841073535382748,-3.6565357446670532,,0.9506058782205851,3.5781250093132257,True,2, id|ilio,unsure,right,unsure,False,2.762836456298828,m,True,True,m,True
es,estancamiento,m,stagnation,pair,data/lexicon/pairs_de_es.csv,3.48,8.142999649047852,6.12226676940918,-0.09882827475667,-3.0597656965255737,,0.9528903496034017,2.9609374217689037,True,3, est|anc|amiento,right,right,known,True,7.132633209228516,m,True,True,m,True
es,exención,f,exemption,pair,data/lexicon/pairs_de_es.csv,3.32,-4.616411209106445,-6.016700744628906,-3.5692371129989624,-0.053612131625413895,,0.9766409379207901,-3.5156249813735485,True,2, ex|ención,right,right,known,True,-5.316555976867676,f,True,True,f,True
es,intervención,f,intervention,pair,data/lexicon/pairs_de_es.csv,4.64,-5.123723983764648,-4.569862365722656,-3.857292413711548,-0.05260498262941837,,0.9705082518839929,-3.8046874310821295,True,2, interv|ención,right,right,known,True,-4.846793174743652,f,True,True,f,True
es,patronato,m,patronage,pair,data/lexicon/pairs_de_es.csv,3.59,-2.160921096801758,-0.37177085876464844,-0.10877387225627899,-2.718148946762085,,0.9693532570257202,2.609375074505806,True,2, patron|ato,wrong,unsure,wrong,False,-1.2663459777832031,f,False,True,m,True
es,tumulto,m,tumult,pair,data/lexicon/pairs_de_es.csv,3.05,6.954830169677734,9.238985061645508,-0.05136791802942753,-4.86386775970459,,0.9579252517343163,4.812499841675162,True,2, tumult|o,right,right,known,True,8.096907615661621,m,True,True,m,True
es,acné,m,acne,pair,data/lexicon/pairs_de_es.csv,3.22,3.560696601867676,2.647554397583008,-0.16484516113996506,-2.149220108985901,,0.9678292925581609,1.9843749478459358,True,2, ac|né,right,right,known,True,3.104125499725342,m,True,True,m,True
es,hibernación,f,hibernation,pair,data/lexicon/pairs_de_es.csv,2.74,-3.1129817962646484,-2.19891357421875,-4.004608154296875,-0.05929567106068134,,0.9612571000692258,-3.9453124832361937,True,3, h|ibern|ación,right,right,known,True,-2.655947685241699,f,True,True,f,True
es,hipertensión,f,hypertension,pair,data/lexicon/pairs_de_es.csv,3.39,-4.575438499450684,-6.610145568847656,-5.3523077964782715,-0.03199516981840134,,0.973350958781048,-5.32031262665987,True,4, hip|ert|ens|ión,right,right,known,True,-5.59279203414917,f,True,True,f,True
es,superstición,f,superstition,pair,data/lexicon/pairs_de_es.csv,3.21,-8.70040512084961,-4.860235214233398,-5.47570276260376,-0.03039013221859932,,0.9742578722613016,-5.4453126303851604,True,2, superst|ición,right,right,known,True,-6.780320167541504,f,True,True,f,True
es,exterminio,m,extermination,pair,data/lexicon/pairs_de_es.csv,3.48,5.900127410888672,4.53471565246582,-0.0898982509970665,-2.9492732286453247,,0.9665296487983295,2.859374977648258,True,3, exter|min|io,right,right,known,True,5.217421531677246,m,True,True,m,True
es,autocontrol,m,self-control,pair,data/lexicon/pairs_de_es.csv,3.16,4.487049102783203,4.090936660766602,-0.09658156707882881,-2.9950190782546997,,0.958007727632008,2.898437511175871,True,2, auto|control,right,right,known,True,4.288992881774902,m,True,True,m,True
es,cáncer,m,cancer,pair,data/lexicon/pairs_de_es.csv,4.67,3.7320384979248047,3.8062620162963867,-0.05624746344983578,-3.6499974727630615,,0.9715566249194825,3.5937500093132257,True,3, cá|nc|er,right,right,known,True,3.7691502571105957,m,True,True,m,True
es,eslogan,m,slogan,pair,data/lexicon/pairs_de_es.csv,3.42,6.821911811828613,5.748221397399902,-0.07365605607628822,-3.2064685821533203,,0.9695149250076085,3.132812526077032,True,2, es|logan,right,right,known,True,6.285066604614258,m,True,True,m,True
es,nepotismo,m,nepotism,pair,data/lexicon/pairs_de_es.csv,3.31,2.4749412536621094,5.935457229614258,-0.05509254336357117,-3.8441550731658936,,0.9681044421432252,3.7890625298023224,True,3, nep|ot|ismo,right,right,known,True,4.205199241638184,m,True,True,m,True
es,desequilibrio,m,imbalance,pair,data/lexicon/pairs_de_es.csv,3.42,3.8959712982177734,5.487194061279297,-0.07446488551795483,-3.621339797973633,,0.9555612534881233,3.546874912455678,True,4, des|equ|ilib|rio,right,right,known,True,4.691582679748535,m,True,True,m,True
es,cucharadita,f,teaspoon,pair,data/lexicon/pairs_de_es.csv,2.91,-7.561567306518555,-4.78681755065918,-4.202491760253906,-0.05405430123209953,,0.9623622519471005,-4.148437459021807,True,4, c|uchar|ad|ita,right,right,known,True,-6.174192428588867,f,True,True,f,True
es,intersección,f,intersection,pair,data/lexicon/pairs_de_es.csv,3.56,-7.338717460632324,-7.629663467407227,-3.458155393600464,-0.07534283772110939,,0.9606548902506861,-3.3828125558793545,True,3, inter|se|cción,right,right,known,True,-7.484190464019775,f,True,True,f,True
es,exclamación,f,exclamation,pair,data/lexicon/pairs_de_es.csv,2.99,-4.995880126953125,-5.139836311340332,-2.106076419353485,-1.324826419353485,,0.4013643711762052,-0.78125,True,3, excl|am|ación,right,right,known,True,-5.0678582191467285,f,True,True,f,True
es,memorándum,m,memorandum,pair,data/lexicon/pairs_de_es.csv,3.2,4.76984977722168,1.827981948852539,-0.049101533368229866,-3.75222647190094,,0.9756338877890585,3.70312493853271,True,3, memor|ánd|um,right,right,known,True,3.2989158630371094,m,True,True,m,True
es,hemisferio,m,hemisphere,pair,data/lexicon/pairs_de_es.csv,3.75,5.675741195678711,4.512228012084961,-0.03785175643861294,-4.037851810455322,,0.981048331982111,4.000000054016709,True,4, hem|is|fer|io,right,right,known,True,5.093984603881836,m,True,True,m,True
es,subgrupo,m,subgroup,pair,data/lexicon/pairs_de_es.csv,3.03,4.939723968505859,6.5453948974609375,-0.4818051755428314,-1.8255552053451538,,0.7794645849550251,1.3437500298023224,True,2, sub|grupo,right,right,known,True,5.742559432983398,m,True,True,m,True
es,picazón,f,itch,pair,data/lexicon/pairs_de_es.csv,2.78,-1.5089569091796875,3.163167953491211,-4.623189449310303,-0.02943942043930292,,0.9811609833506765,-4.593750028871,True,3, pic|az|ón,right,wrong,conflict,False,0.8271055221557617,m,False,False,f,True
es,tromba,f,whirlwind,pair,data/lexicon/pairs_de_es.csv,2.72,-3.5641307830810547,-4.399261474609375,-2.9774845838546753,-0.079047080129385,,0.9812592301988173,-2.8984375037252903,True,2, trom|ba,right,right,known,True,-3.981696128845215,f,True,True,f,True
es,rabieta,f,tantrum,pair,data/lexicon/pairs_de_es.csv,2.59,-4.102546691894531,-1.8121967315673828,-3.5752490758895874,-0.07524902001023293,,0.9556387167621496,-3.5000000558793545,True,3, r|abi|eta,right,right,known,True,-2.957371711730957,f,True,True,f,True
es,parque,m,park,pair,data/lexicon/pairs_de_es.csv,4.85,7.678108215332031,8.330144882202148,-0.027313455939292908,-4.699188470840454,,0.9821706565700807,4.671875014901161,True,2, par|que,right,right,known,True,8.00412654876709,m,True,True,m,True
es,falacia,f,fallacy,pair,data/lexicon/pairs_de_es.csv,3.32,-5.215126037597656,-4.800568580627441,-3.05393385887146,-0.11643377877771854,,0.9567867021803309,-2.9375000800937414,True,2, fal|acia,right,right,known,True,-5.007847309112549,f,True,True,f,True
es,paranoia,f,paranoia,pair,data/lexicon/pairs_de_es.csv,3.46,-3.853311538696289,-3.2565879821777344,-2.5123300552368164,-0.1295175887644291,,0.9615103357890915,-2.3828124664723873,True,1, paranoia,right,right,known,True,-3.5549497604370117,f,True,True,f,True
es,latitud,f,latitude,pair,data/lexicon/pairs_de_es.csv,3.58,-5.052204132080078,-4.702003479003906,-4.078128457069397,-0.03906603343784809,,0.9794892243549159,-4.039062423631549,True,2, lat|itud,right,right,known,True,-4.877103805541992,f,True,True,f,True
es,traición,f,treason,pair,data/lexicon/pairs_de_es.csv,4.17,-7.37646484375,-7.615694046020508,-4.142857551574707,-0.04129515960812569,,0.975504264275794,-4.101562391966581,True,2, tra|ición,right,right,known,True,-7.496079444885254,f,True,True,f,True
es,tino,m,skill,pair,data/lexicon/pairs_de_es.csv,3.27,4.5783796310424805,3.8087730407714844,-0.17710819840431213,-2.6849206686019897,,0.9069745100359324,2.5078124701976776,True,2, t|ino,right,right,known,True,4.193576335906982,m,True,True,m,True
es,tríada,f,triad,pair,data/lexicon/pairs_de_es.csv,2.82,-3.916391372680664,-4.82490348815918,-2.203835129737854,-0.24289770424365997,,0.8951309377047925,-1.960937425494194,True,2, trí|ada,right,right,known,True,-4.370647430419922,f,True,True,f,True
es,hacinamiento,m,overpopulation,pair,data/lexicon/pairs_de_es.csv,3.09,4.551021575927734,4.062124252319336,-0.08191007748246193,-3.2303476333618164,,0.9612170887926605,3.1484375558793545,True,3, h|acin|amiento,right,right,known,True,4.306572914123535,m,True,True,m,True
es,movimiento,m,movement,pair,data/lexicon/pairs_de_es.csv,5.16,7.1942291259765625,6.230277061462402,-0.05261561833322048,-3.6151156425476074,,0.9759349901619809,3.562500024214387,True,1, movimiento,right,right,known,True,6.712253093719482,m,True,True,m,True
es,parra,f,grapevine,pair,data/lexicon/pairs_de_es.csv,3.72,-4.288110733032227,-4.137424468994141,-1.0732010304927826,-0.8153885677456856,,0.9633534924106075,-0.257812462747097,False,2, par|ra,right,right,known,True,-4.212767601013184,f,True,True,f,True
es,internamiento,m,internment,pair,data/lexicon/pairs_de_es.csv,2.98,4.79578971862793,5.342912673950195,-0.05124415084719658,-3.9262441396713257,,0.9710582495879247,3.874999988824129,True,2, intern|amiento,right,right,known,True,5.0693511962890625,m,True,True,m,True
es,monocultivo,m,monoculture,pair,data/lexicon/pairs_de_es.csv,2.7,3.8467350006103516,3.237516403198242,-0.0992954932153225,-3.083670496940613,,0.9533134518652806,2.9843750037252903,True,3, monoc|ult|ivo,right,right,known,True,3.542125701904297,m,True,True,m,True
es,gonorrea,f,gonorrhea,pair,data/lexicon/pairs_de_es.csv,2.94,-3.0750656127929688,-0.2369251251220703,-2.793507218360901,-0.11381980404257774,,0.9590019754149026,-2.679687414318323,True,3, g|onor|rea,right,unsure,unsure,False,-1.6559953689575195,f,True,True,f,True
es,confluencia,f,confluence,pair,data/lexicon/pairs_de_es.csv,3.68,-4.533361434936523,-3.9829330444335938,-3.2672929763793945,-0.08760540559887886,,0.9550484406091145,-3.1796875707805157,True,3, con|flu|encia,right,right,known,True,-4.258147239685059,f,True,True,f,True
es,sacrificio,m,sacrifice,pair,data/lexicon/pairs_de_es.csv,4.23,6.89875602722168,5.696083068847656,-0.04365675337612629,-4.121781706809998,,0.9738941531587624,4.078124953433871,True,2, sacrific|io,right,right,known,True,6.297419548034668,m,True,True,m,True
es,silbato,m,whistle,pair,data/lexicon/pairs_de_es.csv,2.99,9.805663108825684,7.186504364013672,-0.03207439184188843,-4.383636832237244,,0.9829753635495091,4.351562440395355,True,3, sil|b|ato,right,right,known,True,8.496083736419678,m,True,True,m,True
es,azar,m,luck,pair,data/lexicon/pairs_de_es.csv,4.15,4.287732124328613,5.0956830978393555,-0.0633273757994175,-4.125827312469482,,0.9573119559108669,4.062499936670065,True,2, az|ar,right,right,known,True,4.691707611083984,m,True,True,m,True
es,crucero,m,cruise,pair,data/lexicon/pairs_de_es.csv,3.9,4.501079559326172,5.096141815185547,-0.11328910663723946,-2.6289141178131104,,0.9683452502348786,2.515625011175871,True,2, cruc|ero,right,right,known,True,4.798610687255859,m,True,True,m,True
es,valoración,f,valuation,pair,data/lexicon/pairs_de_es.csv,4.0,-3.265634536743164,-2.7404937744140625,-2.3264383375644684,-0.4123757928609848,,0.9230841721518752,-1.9140625447034836,True,2, valor|ación,right,right,known,True,-3.0030641555786133,f,True,True,f,True
