lang,lemma,gender,concept_en,set,source,freq_bin,zipf,gloss,cited_in,check,de_suffix,es_ending,es_regular,es_exception,ctx1_margin,ctx2_margin,meta_lp_m,meta_lp_f,meta_lp_other,meta_mass,meta_margin,meta_order_agree,n_tokens,tokens,ctx1_verdict,ctx2_verdict,status,passed,ctx_margin,ctx_pred,ctx_correct,frames_agree,meta_pred,meta_correct
de,Apfel,m,apple,classic,wiktionary:kaikki@2026-10-03,mid,4.03,apple (fruit),K;M,,,,,,8.28410816192627,6.191134452819824,-0.037876492366194725,-3.8503764867782593,-5.60037636756897,0.988196943021182,3.8124999944120646,True,2, Ap|fel,right,right,known,True,7.237621307373047,m,True,True,m,True
es,manzana,f,apple,classic,wiktionary:kaikki@2026-10-03,mid,4.15,apple,K;M,,,,,,-5.605463027954102,-4.919605255126953,-5.157788038253784,-0.03278811648488045,,0.9739545449775842,-5.124999921768904,True,3, man|z|ana,right,right,known,True,-5.262534141540527,f,True,True,f,True
de,Pfeil,m,arrow,classic,wiktionary:kaikki@2026-10-03,mid,3.85,arrow (missile),K;M,,,,,,14.290861129760742,7.535892486572266,-0.01563197886571288,-5.765631914138794,-5.828131914138794,0.9916695967220774,5.749999935273081,True,3, P|fe|il,right,right,known,True,10.913376808166504,m,True,True,m,True
es,flecha,f,arrow,classic,wiktionary:kaikki@2026-10-03,mid,3.84,"arrow (projectile, symbol)",K;M,,,,,,-6.091553688049316,-4.746232032775879,-5.392777681350708,-0.01777783315628767,,0.9872513668578009,-5.37499984819442,True,2, fle|cha,right,right,known,True,-5.418892860412598,f,True,True,f,True
de,Stiefel,m,boot,classic,wiktionary:kaikki@2026-10-03,mid,3.94,boot (shoe),K,,,,,,4.907486915588379,4.823398590087891,-0.9604129940271378,-1.0854129865765572,-4.272913098335266,0.9855609103538256,0.1249999925494194,False,3, St|ief|el,right,right,known,True,4.865442752838135,m,True,True,m,True
es,bota,f,boot,classic,wiktionary:kaikki@2026-10-03,mid,3.56,boot,K,,,,,,-4.150357246398926,-3.9046630859375,-4.527290344238281,-0.027290398254990578,,0.9842265646664382,-4.499999945983291,True,2, b|ota,right,right,known,True,-4.027510166168213,f,True,True,f,True
de,Besen,m,broom,classic,wiktionary:kaikki@2026-10-03,low,3.49,broom,K,,,,,,6.509926795959473,5.032154083251953,-0.026895541697740555,-4.5268954038619995,-6.089395523071289,0.9899198133222458,4.499999862164259,True,2, Bes|en,right,right,known,True,5.771040439605713,m,True,True,m,True
es,escoba,f,broom,classic,wiktionary:kaikki@2026-10-03,low,3.43,broom (domestic utensil),K,,,,,,-4.6845855712890625,-1.8137626647949219,-4.774487018585205,-0.02448682300746441,,0.9867163853044809,-4.750000195577741,True,2, esc|oba,right,right,known,True,-3.249174118041992,f,True,True,f,True
de,Mond,m,moon,classic,wiktionary:kaikki@2026-10-03,mid,4.35,moon (a natural satellite that is orbiting its corresponding planet),K;M;D,es:also_given-name,,,,,10.956198692321777,5.2146759033203125,-0.015498603228479624,-5.202998638153076,-7.265498638153076,0.9912296780020109,5.1875000349245965,True,1, Mond,right,right,known,True,8.085437297821045,m,True,True,m,True
es,luna,f,moon,classic,wiktionary:kaikki@2026-10-03,high,4.79,moon,K;M;D,es:also_given-name,,,,,-7.521984100341797,-7.709564208984375,-6.640374183654785,-0.01537417620420456,,0.9860601489023508,-6.625000007450581,True,2, l|una,right,right,known,True,-7.615774154663086,f,True,True,f,True
de,Löffel,m,spoon,classic,wiktionary:kaikki@2026-10-03,mid,3.8,spoon,K,,,,,,5.778715133666992,2.8411827087402344,-0.023970861919224262,-4.77397084236145,-5.21147084236145,0.9909996304556727,4.749999980442226,True,3, L|öff|el,right,right,known,True,4.309948921203613,m,True,True,m,True
es,cuchara,f,spoon,classic,wiktionary:kaikki@2026-10-03,mid,3.67,spoon,K,,,,,,-5.258764266967773,-6.40479850769043,-5.764479875564575,-0.014479901175945997,,0.9891616286792784,-5.749999974388629,True,3, c|uch|ara,right,right,known,True,-5.831781387329102,f,True,True,f,True
de,Stern,m,star,classic,wiktionary:kaikki@2026-10-03,high,4.5,a star; a small luminous dot that can be seen on the night sky,K,de:uncertain(wordnet-animate-share:0.27); es:uncertain(wordnet-animate-share:0.27); es:also_given-name,,,,,11.357152938842773,8.812335968017578,-0.029922982677817345,-5.6549232006073,-4.34242308139801,0.9897930171486866,5.6250002179294825,True,1, Stern,right,right,known,True,10.084744453430176,m,True,True,m,True
es,estrella,f,star,classic,wiktionary:kaikki@2026-10-03,high,4.66,star (celestial body),K,de:uncertain(wordnet-animate-share:0.27); es:uncertain(wordnet-animate-share:0.27); es:also_given-name,,,,,-4.95090389251709,-6.482400894165039,-5.520507335662842,-0.020507224835455418,,0.9838325532080887,-5.500000110827386,True,2, est|rella,right,right,known,True,-5.7166523933410645,f,True,True,f,True
de,Kürbis,m,pumpkin,classic,wiktionary:kaikki@2026-10-03,low,3.47,"pumpkin, gourd, squash (any plant of the genus Cucurbita or its fruit)",K;M,,,,,,7.862177848815918,10.189762115478516,-0.01900523342192173,-4.831505298614502,-6.081505298614502,0.9918193802629386,4.81250006519258,True,3, K|ür|bis,right,right,known,True,9.025969982147217,m,True,True,m,True
es,calabaza,f,pumpkin,classic,wiktionary:kaikki@2026-10-03,mid,3.55,pumpkin (Cucurbita pepo; typical pumpkin used for Halloween and autumn seasonal decoration),K;M,,,,,,-4.690132141113281,-5.175268173217773,-5.892127513885498,-0.017127547413110733,,0.9858009995141708,-5.874999966472387,True,3, cal|ab|aza,right,right,known,True,-4.932700157165527,f,True,True,f,True
de,Bank,f,bench,classic,wiktionary:kaikki@2026-10-03,high,4.91,bench (which people sit on); pew,K,,,,,,-9.887598037719727,-3.4315357208251953,-5.887098073959351,-0.012097958475351334,-7.387098073959351,0.9915003215004792,-5.875000115483999,True,1, Bank,right,right,known,True,-6.659566879272461,f,True,True,f,True
es,banco,m,bench,classic,wiktionary:kaikki@2026-10-03,high,5.04,bank (financial institution),K,,,,,,6.002758979797363,4.814531326293945,-0.0119011583738029,-5.636901378631592,,0.9919865923269586,5.625000220257789,True,1, banco,right,right,known,True,5.408645153045654,m,True,True,m,True
de,Bürste,f,brush,classic,wiktionary:kaikki@2026-10-03,low,3.2,brush,K,,,,,,-6.825540542602539,-2.9992218017578125,-6.944775819778442,-0.0072757096495479345,-7.319775581359863,0.9948744868466076,-6.9375001101288944,True,3, B|ür|ste,right,right,known,True,-4.912381172180176,f,True,True,f,True
es,cepillo,m,brush,classic,wiktionary:kaikki@2026-10-03,mid,3.56,brush,K,,,,,,7.077968597412109,4.36711311340332,-0.010947762057185173,-6.6359477043151855,,0.9904373623195724,6.624999942258,True,2, cep|illo,right,right,known,True,5.722540855407715,m,True,True,m,True
de,Uhr,f,clock,classic,wiktionary:kaikki@2026-10-03,high,5.67,"hours, o'clock (indicates the time within a twelve- or twenty-four-hour period)",K;M,,,,,,-9.194172859191895,-5.517642021179199,-8.012421607971191,-0.012421909254044294,-7.824921607971191,0.988397074618228,-7.999999698717147,True,1, Uhr,right,right,known,True,-7.355907440185547,f,True,True,f,True
es,reloj,m,clock,classic,wiktionary:kaikki@2026-10-03,mid,4.38,clock,K;M,,,,,,7.848335266113281,5.900623321533203,-0.02588476613163948,-4.4008848667144775,,0.9868088545442393,4.375000100582838,True,3, re|lo|j,right,right,known,True,6.874479293823242,m,True,True,m,True
de,Scheibe,f,disk,classic,wiktionary:kaikki@2026-10-03,mid,4.16,flat piece or surface,K,de:also_intj; es:genders=f|m,,,,,-7.531803131103516,-2.764066696166992,-5.267871141433716,-0.017871095333248377,-5.330371141433716,0.9927323443447162,-5.250000046100467,True,2, Sche|ibe,right,right,known,True,-5.147934913635254,f,True,True,f,True
es,disco,m,disk,classic,wiktionary:kaikki@2026-10-03,high,4.69,"club, discotheque",K,de:also_intj; es:genders=f|m,,,,,1.8463926315307617,2.7540111541748047,-0.019448173232376575,-5.144448280334473,,0.9866200439623278,5.125000107102096,True,1, disco,right,right,known,True,2.300201892852783,m,True,True,m,True
de,Trommel,f,drum,classic,wiktionary:kaikki@2026-10-03,mid,3.55,drum (musical instrument),K,,,,,,-7.6286420822143555,-3.1627025604248047,-6.2612926959991455,-0.011292753275483847,-6.3862926959991455,0.9931384988099956,-6.249999942723662,True,2, Trom|mel,right,right,known,True,-5.39567232131958,f,True,True,f,True
es,tambor,m,drum,classic,wiktionary:kaikki@2026-10-03,mid,3.65,drum,K,,,,,,4.531520843505859,3.171234130859375,-0.024454332888126373,-4.399454355239868,,0.9889927866335866,4.375000022351742,True,2, tamb|or,right,right,known,True,3.851377487182617,m,True,True,m,True
de,Gabel,f,fork,classic,wiktionary:kaikki@2026-10-03,mid,3.64,fork,K;M,es:animate(gendered-counterpart),,,,,-7.69914436340332,-5.545416831970215,-6.822761058807373,-0.010261219926178455,-7.260261058807373,0.9917386975106113,-6.812499838881195,True,2, G|abel,right,right,known,True,-6.622280597686768,f,True,True,f,True
es,tenedor,m,fork,classic,wiktionary:kaikki@2026-10-03,mid,3.56,fork,K;M,es:animate(gendered-counterpart),,,,,6.025188446044922,6.988502502441406,-0.014378034509718418,-6.389378070831299,,0.9874244180881355,6.37500003632158,True,2, ten|edor,right,right,known,True,6.506845474243164,m,True,True,m,True
de,Sonne,f,sun,classic,wiktionary:kaikki@2026-10-03,high,4.85,"a sun (a star, especially when being the center of a solar system)",K;M;D,de:also_pron,,,,,-9.207219123840332,-4.985230445861816,-6.5121235847473145,-0.012123560532927513,-8.012123584747314,0.9898365228062431,-6.500000024214387,True,2, Son|ne,right,right,known,True,-7.096224784851074,f,True,True,f,True
es,sol,m,sun,classic,wiktionary:kaikki@2026-10-03,high,5.09,sun,K;M;D,de:also_pron,,,,,6.750268936157227,2.4478321075439453,-0.017070437781512737,-5.767070531845093,,0.9863013200555871,5.75000009406358,True,1, sol,right,right,known,True,4.599050521850586,m,True,True,m,True
de,Toilette,f,toilet,classic,wiktionary:kaikki@2026-10-03,mid,4.13,toilet,K,es:also_adj,,,,,-6.430080413818359,-7.167752265930176,-5.826808214187622,-0.01430833712220192,-6.264308214187622,0.9908482219631909,-5.81249987706542,True,2, Toilet|te,right,right,known,True,-6.798916339874268,f,True,True,f,True
es,inodoro,m,toilet,classic,wiktionary:kaikki@2026-10-03,mid,3.58,toilet bowl,K,es:also_adj,,,,,4.192827224731445,4.378999710083008,-0.028312156908214092,-4.2783119678497314,,0.9859555399728384,4.249999810941517,True,3, in|od|oro,right,right,known,True,4.285913467407227,m,True,True,m,True
de,Geige,f,violin,classic,wiktionary:kaikki@2026-10-03,mid,3.56,"violin, fiddle",K;M,,,,,,-6.488046646118164,-5.765895843505859,-7.258348226547241,-0.008348465198650956,-7.07084846496582,0.9935299214100757,-7.24999976134859,True,2, Ge|ige,right,right,known,True,-6.126971244812012,f,True,True,f,True
es,violín,m,violin,classic,wiktionary:kaikki@2026-10-03,mid,3.67,violin (string instrument),K;M,,,,,,5.215163230895996,1.6411066055297852,-0.022060496732592583,-4.5220606327056885,,0.989048624836586,4.500000135973096,True,2, viol|ín,right,right,known,True,3.4281349182128906,m,True,True,m,True
de,Schlüssel,m,key,classic,wiktionary:kaikki@2026-10-03,mid,4.42,a key,D,,,,,,8.282915115356445,4.869894981384277,-0.5134035311639309,-2.3884034156799316,-5.138403415679932,0.986934085605085,1.8749998845160007,False,3, Schl|üss|el,right,right,known,True,6.576405048370361,m,True,True,m,True
es,llave,f,key,classic,wiktionary:kaikki@2026-10-03,mid,4.26,key (to open doors),D,,,,,,-3.2791624069213867,-6.591371536254883,-5.771095037460327,-0.021095087751746178,,0.9823406435781201,-5.749999949708581,True,2, ll|ave,right,right,known,True,-4.935266971588135,f,True,True,f,True
de,Brücke,f,bridge,classic,wiktionary:kaikki@2026-10-03,high,4.61,bridge,D,,,,,,-6.748933792114258,-6.576489448547363,-6.5080437660217285,-0.008043767185881734,-8.820543766021729,0.9938320508864409,-6.499999998835847,True,3, Br|ück|e,right,right,known,True,-6.6627116203308105,f,True,True,f,True
es,puente,m,bridge,classic,wiktionary:kaikki@2026-10-03,high,4.71,"bridge (construction spanning a waterway, ravine, or valley from an elevated height)",D,,,,,,5.075710296630859,6.896623611450195,-0.011446463875472546,-6.386446475982666,,0.9904233933817079,6.3750000121071935,True,2, pu|ente,right,right,known,True,5.986166954040527,m,True,True,m,True
de,Stein,m,stone,flipped,wiktionary:kaikki@2026-10-03,high,4.66,"stone, rock",,,,,,,17.637887954711914,6.586420059204102,-0.01646319590508938,-5.766463279724121,-5.328963279724121,0.9928284589343692,5.750000083819032,True,1, Stein,right,right,known,True,12.112154006958008,m,True,True,m,True
es,piedra,f,stone,flipped,wiktionary:kaikki@2026-10-03,high,4.76,stone (hard earthen substance that can form large rocks),,,,a,yes,,-6.378349304199219,-5.143579483032227,-4.523669004440308,-0.02366891037672758,,0.9874626780663736,-4.50000009406358,True,2, pied|ra,right,right,known,True,-5.760964393615723,f,True,True,f,True
de,Berg,m,mountain,flipped,wiktionary:kaikki@2026-10-03,high,4.62,"a mountain, hill",,,,,,,7.7462873458862305,5.6244964599609375,-0.02025560149922967,-5.14525580406189,-6.08275580406189,0.9897779683818688,5.12500020256266,True,1, Berg,right,right,known,True,6.685391902923584,m,True,True,m,True
es,montaña,f,mountain,flipped,wiktionary:kaikki@2026-10-03,high,4.55,mountain,,,,a,yes,,-8.047945976257324,-5.534531593322754,-4.533249139785767,-0.033249082043766975,,0.9811804169800132,-4.500000057742,True,2, mont|aña,right,right,known,True,-6.791238784790039,f,True,True,f,True
de,Burg,f,castle,flipped,wiktionary:kaikki@2026-10-03,mid,4.38,"castle, fortification",,,,,,,-9.852062225341797,-2.924234390258789,-6.385155916213989,-0.010156020987778902,-6.697655916213989,0.9932299296750879,-6.37499989522621,True,1, Burg,right,right,known,True,-6.388148307800293,f,True,True,f,True
es,castillo,m,castle,flipped,wiktionary:kaikki@2026-10-03,high,4.58,castle (a large building that is fortified and contains many defences),,,,o,yes,,6.084245681762695,7.304745674133301,-0.014305795542895794,-6.514305591583252,,0.9874685346958916,6.499999796040356,True,2, cast|illo,right,right,known,True,6.694495677947998,m,True,True,m,True
de,Belastung,f,load,flipped,wiktionary:kaikki@2026-10-03,mid,4.25,"load, weight, pressure, strain",,,-ung,,,,-10.532928466796875,-5.82652473449707,-4.162280797958374,-0.037280790507793427,-5.724780797958374,0.98288666713503,-4.125000007450581,True,3, Bel|ast|ung,right,right,known,True,-8.179726600646973,f,True,True,f,True
es,cargamento,m,load,flipped,wiktionary:kaikki@2026-10-03,low,3.39,"load, freight, cargo",,,,o,yes,,8.594025611877441,7.093914031982422,-0.06055410020053387,-3.1855541467666626,,0.9854125263610347,3.1250000465661287,True,2, carg|amento,right,right,known,True,7.843969821929932,m,True,True,m,True
de,Topf,m,pot,flipped,wiktionary:kaikki@2026-10-03,mid,4.06,"pot, jar (any flat-bottomed, usually open-topped vessel)",,,,,,,9.912565231323242,4.990943908691406,-0.024818530306220055,-4.899818658828735,-5.399818658828735,0.9878289598356959,4.875000128522515,True,2, Top|f,right,right,known,True,7.451754570007324,m,True,True,m,True
es,olla,f,pot,flipped,wiktionary:kaikki@2026-10-03,mid,3.85,"pot, pan; kettle (vessel used for cooking food)",,,,a,yes,,-4.691930770874023,-4.724306106567383,-7.45558500289917,-0.018084947019815445,,0.9827130085390772,-7.4375000558793545,True,2, o|lla,right,right,known,True,-4.708118438720703,f,True,True,f,True
de,Leber,f,liver,flipped,wiktionary:kaikki@2026-10-03,mid,3.95,liver,,,,,,,-10.253324508666992,-4.446737289428711,-4.3429296016693115,-0.030429567210376263,-5.2179296016693115,0.9895906110229358,-4.312500034458935,True,2, Le|ber,right,right,known,True,-7.350030899047852,f,True,True,f,True
es,hígado,m,liver,flipped,wiktionary:kaikki@2026-10-03,mid,3.97,liver,,,,o,yes,,6.249927520751953,3.9014816284179688,-0.014705260284245014,-5.139705419540405,,0.9913078489559174,5.12500015925616,True,3, h|íg|ado,right,right,known,True,5.075704574584961,m,True,True,m,True
de,Tastatur,f,keyboard,flipped,wiktionary:kaikki@2026-10-03,mid,3.95,"keyboard (on a computer, typewriter, etc.)",,,-ur,,,,-9.214347839355469,-1.7460660934448242,-6.260353326797485,-0.010353296529501677,-6.947853326797485,0.9927238978929231,-6.250000030267984,True,3, T|ast|atur,right,right,known,True,-5.4802069664001465,f,True,True,f,True
es,teclado,m,keyboard,flipped,wiktionary:kaikki@2026-10-03,mid,4.11,"keyboard (of a typewriter, piano, computer, etc.)",,,,o,yes,,4.929766654968262,9.422585487365723,-0.013412428088486195,-5.5134124755859375,,0.9907096730995949,5.500000047497451,True,2, te|clado,right,right,known,True,7.176176071166992,m,True,True,m,True
de,Lippe,f,lip,flipped,wiktionary:kaikki@2026-10-03,mid,3.91,lip,,,,,,,-8.724348068237305,-2.9975624084472656,-4.277327060699463,-0.02732707280665636,-6.277327060699463,0.9909158413741612,-4.2499999878928065,True,2, Lip|pe,right,right,known,True,-5.860955238342285,f,True,True,f,True
es,labio,m,lip,flipped,wiktionary:kaikki@2026-10-03,mid,3.68,lip (fleshy protrusion around the opening of the mouth),,,,o,yes,,8.211775779724121,8.860462188720703,-0.04375721327960491,-3.7937570810317993,,0.9825021873115829,3.7499998677521944,True,2, lab|io,right,right,known,True,8.536118984222412,m,True,True,m,True
de,Schrott,m,scrap,flipped,wiktionary:kaikki@2026-10-03,mid,3.86,"scrap; junk (discarded material, especially metal)",,,,,,,4.014005661010742,4.856514930725098,-0.13651085644960403,-2.8240108489990234,-3.3865108489990234,0.982562000353348,2.6874999925494194,True,2, Sch|rott,right,right,known,True,4.43526029586792,m,True,True,m,True
es,chatarra,f,scrap,flipped,wiktionary:kaikki@2026-10-03,mid,3.57,scrap (metal),,,,a,yes,,-5.716773986816406,-1.7238883972167969,-4.035064458847046,-0.035064367577433586,,0.9832280337608961,-4.000000091269612,True,2, chat|arra,right,right,known,True,-3.7203311920166016,f,True,True,f,True
de,Fahrbahn,f,lane,flipped,wiktionary:kaikki@2026-10-03,mid,3.84,lane (of traffic in a road),,,,,,,-10.187155723571777,-5.277677536010742,-3.7882742881774902,-0.038274265825748444,-5.97577428817749,0.990835253771392,-3.750000022351742,True,3, Fah|rb|ahn,right,right,known,True,-7.73241662979126,f,True,True,f,True
es,carril,m,lane,flipped,wiktionary:kaikki@2026-10-03,mid,3.85,lane (a lengthwise division of roadway intended for a single line of vehicles),,,,other,,,5.499135971069336,3.4154720306396484,-0.035698045045137405,-3.6606979370117188,,0.9908420948021213,3.6249998919665813,True,2, carr|il,right,right,known,True,4.457304000854492,m,True,True,m,True
de,Lunge,f,lung,flipped,wiktionary:kaikki@2026-10-03,mid,3.83,"lung, lungs",,,,,,,-5.5402679443359375,-4.698548316955566,-4.403218030929565,-0.02821796853095293,-5.340718030929565,0.9905196747720582,-4.3750000623986125,True,2, L|unge,right,right,known,True,-5.119408130645752,f,True,True,f,True
es,pulmón,m,lung,flipped,wiktionary:kaikki@2026-10-03,mid,3.8,lung,,,,other,,,3.8474855422973633,8.20738697052002,-0.03832734934985638,-3.7883273363113403,,0.9857261504465584,3.749999986961484,True,3, pul|m|ón,right,right,known,True,6.027436256408691,m,True,True,m,True
de,Bauernhof,m,farm,flipped,wiktionary:kaikki@2026-10-03,mid,3.77,A farm.,,,,,,,13.172342300415039,9.557878494262695,-0.02803751826286316,-4.9655375480651855,-5.2780375480651855,0.986254608339548,4.937500029802322,True,3, Bau|ern|hof,right,right,known,True,11.365110397338867,m,True,True,m,True
es,granja,f,farm,flipped,wiktionary:kaikki@2026-10-03,mid,4.07,"farm, grange",,,,a,yes,,-3.8168888092041016,-3.5839099884033203,-6.148889541625977,-0.023889615200459957,,0.9789592185295267,-6.124999926425517,True,2, gran|ja,right,right,known,True,-3.700399398803711,f,True,True,f,True
de,Matratze,f,mattress,flipped,wiktionary:kaikki@2026-10-03,mid,3.65,mattress (a pad often of soft cushiony material for sleeping on),,,,,,,-6.648167610168457,-2.915555953979492,-6.25907301902771,-0.009073026478290558,-7.19657301902771,0.9943135501995621,-6.249999992549419,True,3, Mat|rat|ze,right,right,known,True,-4.781861782073975,f,True,True,f,True
es,colchón,m,mattress,flipped,wiktionary:kaikki@2026-10-03,mid,3.7,mattress (pad on which a person can recline and sleep),,,,other,,,6.966494560241699,4.43433952331543,-0.009991236962378025,-6.884991407394409,,0.9910906536668729,6.875000170432031,True,3, col|ch|ón,right,right,known,True,5.7004170417785645,m,True,True,m,True
de,Baumwolle,f,cotton,flipped,wiktionary:kaikki@2026-10-03,mid,3.65,cotton (plant),,,,,,,-6.51910400390625,-5.069679260253906,-4.710264682769775,-0.02276245504617691,-5.585262298583984,0.9917148039814447,-4.6875022277235985,True,3, Baum|w|olle,right,right,known,True,-5.794391632080078,f,True,True,f,True
es,algodón,m,cotton,flipped,wiktionary:kaikki@2026-10-03,mid,4.09,"cotton (plant, textile fiber)",,,,other,,,4.724577903747559,3.994333267211914,-0.013883267063647509,-5.888883352279663,,0.9891797091764134,5.875000085216016,True,3, alg|od|ón,right,right,known,True,4.359455585479736,m,True,True,m,True
de,Kompass,m,compass,flipped,wiktionary:kaikki@2026-10-03,mid,3.52,compass (navigational instrument),,,,,,,10.899441719055176,7.5421342849731445,-0.02196561172604561,-5.959465503692627,-4.834465503692627,0.9921707275681819,5.937499891966581,True,2, Kom|pass,right,right,known,True,9.22078800201416,m,True,True,m,True
es,brújula,f,compass,flipped,wiktionary:kaikki@2026-10-03,low,3.35,compass (device used to determine the cardinal directions),,,,a,yes,,-1.848740577697754,-2.9084291458129883,-5.643277883529663,-0.01827787235379219,,0.9861415969906469,-5.625000011175871,True,4, br|ú|j|ula,right,right,known,True,-2.378584861755371,f,True,True,f,True
de,Haube,f,bonnet,flipped,wiktionary:kaikki@2026-10-03,mid,3.51,"bonnet, cap",,,,,,,-4.492519378662109,-2.715394973754883,-5.265876531600952,-0.01587649341672659,-6.203376531600952,0.9922856313474367,-5.250000038184226,True,2, Ha|ube,right,right,known,True,-3.603957176208496,f,True,True,f,True
es,gorrito,m,bonnet,flipped,wiktionary:kaikki@2026-10-03,low,2.74,"bonnet, baby's bonnet",,,,o,yes,,6.569334030151367,2.999479293823242,-0.02687679883092642,-4.27687668800354,,0.9878018077123072,4.249999889172614,True,2, gor|rito,right,right,known,True,4.784406661987305,m,True,True,m,True
de,Strang,m,thread,flipped,wiktionary:kaikki@2026-10-03,mid,3.5,thread,,,,,,,4.452293395996094,4.03111457824707,-0.08774471655488014,-2.96274471282959,-4.2127445936203,0.9868769476802735,2.8749999962747097,True,2, Str|ang,right,right,known,True,4.241703987121582,m,True,True,m,True
es,hebra,f,thread,flipped,wiktionary:kaikki@2026-10-03,low,2.73,"thread, strand, filament",,,,a,yes,,-3.4207630157470703,-3.1530494689941406,-4.647823810577393,-0.02282374445348978,,0.9876922338933418,-4.625000066123903,True,2, he|bra,right,right,known,True,-3.2869062423706055,f,True,True,f,True
de,Schaltung,f,circuit,flipped,wiktionary:kaikki@2026-10-03,low,3.44,circuit (electrical),,,-ung,,,,-9.348617553710938,-5.298927307128906,-4.037001729011536,-0.03700182307511568,-5.287001609802246,0.9872752167434328,-3.99999990593642,True,2, Sch|altung,right,right,known,True,-7.323772430419922,f,True,True,f,True
es,circuito,m,circuit,flipped,wiktionary:kaikki@2026-10-03,mid,4.26,circuit,,,,o,yes,,6.27181339263916,7.373919486999512,-0.020132990553975105,-4.770133018493652,,0.9885482309267499,4.750000027939677,True,2, circuit|o,right,right,known,True,6.822866439819336,m,True,True,m,True
de,Kutsche,f,carriage,flipped,wiktionary:kaikki@2026-10-03,low,3.43,"carriage, coach (a wagon, usually upholstered, pulled by horses)",,,,,,,-7.429298400878906,-3.169931411743164,-6.384938955307007,-0.0099388905800879,-6.447438955307007,0.994133726113331,-6.375000064726919,True,2, K|utsche,right,right,known,True,-5.299614906311035,f,True,True,f,True
es,carruaje,m,carriage,flipped,wiktionary:kaikki@2026-10-03,low,3.22,carriage,,,,other,,,3.328765869140625,3.039773941040039,-0.01649010181427002,-5.1414899826049805,,0.9895402083575715,5.1249998807907104,True,3, carr|u|aje,right,right,known,True,3.184269905090332,m,True,True,m,True
de,Spinat,m,spinach,flipped,wiktionary:kaikki@2026-10-03,low,3.41,spinach,,,,,,,5.7249908447265625,4.911472320556641,-0.06238785572350025,-3.3123878240585327,-4.624887943267822,0.9862344245519241,3.2499999683350325,True,2, Spin|at,right,right,known,True,5.318231582641602,m,True,True,m,True
es,espinaca,f,spinach,flipped,wiktionary:kaikki@2026-10-03,low,2.87,spinach,,,,a,yes,,-3.571369171142578,-5.690547943115234,-5.273300886154175,-0.023300938308238983,,0.9822571285946186,-5.249999947845936,True,3, es|pin|aca,right,right,known,True,-4.630958557128906,f,True,True,f,True
de,Socke,f,sock,flipped,wiktionary:kaikki@2026-10-03,low,3.38,sock,,,,,,,-4.48921012878418,-2.6819639205932617,-4.1192673444747925,-0.056767243426293135,-5.369267225265503,0.9935517629474822,-4.062500101048499,True,3, S|ock|e,right,right,known,True,-3.5855870246887207,f,True,True,f,True
es,calcetín,m,sock,flipped,wiktionary:kaikki@2026-10-03,low,3.0,sock,,,,other,,,4.014646530151367,-0.8799152374267578,-0.030126450583338737,-4.405126571655273,,0.9849722321556733,4.375000121071935,True,3, calc|et|ín,right,unsure,unsure,False,1.5673656463623047,m,True,False,m,True
de,Pranger,m,pillory,flipped,wiktionary:kaikki@2026-10-03,low,3.31,pillory; any construction to hold someone for public humiliation,,,,,,,0.5983486175537109,3.686382293701172,-0.1150844395160675,-2.990084409713745,-3.115084409713745,0.9875809305648515,2.8749999701976776,True,2, Pr|anger,unsure,right,unsure,False,2.1423654556274414,m,True,True,m,True
es,picota,f,pillory,flipped,wiktionary:kaikki@2026-10-03,low,2.83,pillory,,,,a,yes,,-4.436105728149414,-1.8314399719238281,-3.790641665458679,-0.040641652420163155,,0.9827545187942975,-3.750000013038516,True,2, pic|ota,right,right,known,True,-3.133772850036621,f,True,True,f,True
de,Veranda,f,veranda,flipped,wiktionary:kaikki@2026-10-03,low,3.31,veranda,,,,,,,-8.20854663848877,-5.096981048583984,-4.832205295562744,-0.01970530115067959,-6.332205295562744,0.9902816369917713,-4.8124999944120646,True,2, Ver|anda,right,right,known,True,-6.652763843536377,f,True,True,f,True
es,porche,m,veranda,flipped,wiktionary:kaikki@2026-10-03,low,3.23,"veranda, verandah; stoop; porch",,,,other,,,3.363983154296875,4.322450637817383,-0.0185098210349679,-5.143509864807129,,0.9879112460039041,5.125000043772161,True,2, por|che,right,right,known,True,3.843216896057129,m,True,True,m,True
de,Schornstein,m,chimney,flipped,wiktionary:kaikki@2026-10-03,low,3.29,chimney,,,,,,,8.830981254577637,4.688543319702148,-0.04260210134088993,-4.292602062225342,-4.355102181434631,0.9872572396595035,4.249999960884452,True,3, Sch|orn|stein,right,right,known,True,6.759762287139893,m,True,True,m,True
es,chimenea,f,chimney,flipped,wiktionary:kaikki@2026-10-03,mid,3.69,chimney,,,,a,yes,,-4.379177093505859,-3.7793102264404297,-6.138185024261475,-0.013185126706957817,,0.9892157591614599,-6.124999897554517,True,3, chim|ene|a,right,right,known,True,-4.0792436599731445,f,True,True,f,True
de,Tanne,f,fir,flipped,wiktionary:kaikki@2026-10-03,low,3.26,fir (genus Abies),,,,,,,-8.885942459106445,-4.327732086181641,-3.546639919281006,-0.04663984850049019,-6.921639680862427,0.9851843604633083,-3.5000000707805157,True,2, T|anne,right,right,known,True,-6.606837272644043,f,True,True,f,True
es,abeto,m,fir,flipped,wiktionary:kaikki@2026-10-03,low,2.79,fir,,,,o,yes,,6.775554656982422,6.921138763427734,-0.018762250430881977,-5.643762111663818,,0.9849805213490759,5.624999861232936,True,2, ab|eto,right,right,known,True,6.848346710205078,m,True,True,m,True
de,Vorrichtung,f,device,flipped,wiktionary:kaikki@2026-10-03,low,3.24,"device, rig, contrivance, facility",,,-ung,,,,-7.321725845336914,-3.7788314819335938,-6.3908092975616455,-0.015809413976967335,-6.2033092975616455,0.988167001992359,-6.374999883584678,True,3, Vor|richt|ung,right,right,known,True,-5.550278663635254,f,True,True,f,True
es,artefacto,m,device,flipped,wiktionary:kaikki@2026-10-03,low,3.45,"device, contraption",,,,o,yes,,1.9549827575683594,4.389261245727539,-0.03525718115270138,-4.78525710105896,,0.9737175711194523,4.749999919906259,True,3, arte|fact|o,right,right,known,True,3.172122001647949,m,True,True,m,True
de,Anhöhe,f,knoll,flipped,wiktionary:kaikki@2026-10-03,low,3.22,"knoll, hill, elevation, height",,,,,,,-12.787715911865234,-10.574239730834961,-3.3121644258499146,-0.06216449663043022,-5.124664545059204,0.9874735779436599,-3.2499999292194843,True,4, An|h|ö|he,right,right,known,True,-11.680977821350098,f,True,True,f,True
es,otero,m,knoll,flipped,wiktionary:kaikki@2026-10-03,mid,3.51,knoll,,,,o,yes,,4.662700653076172,5.985931396484375,-0.1544252410531044,-2.404425263404846,,0.9497903674902624,2.250000022351742,True,2, o|tero,right,right,known,True,5.324316024780273,m,True,True,m,True
de,Rosengarten,m,rose garden,flipped,wiktionary:kaikki@2026-10-03,low,3.21,rose garden,,,,,,,6.293004035949707,3.5943355560302734,-0.04377688281238079,-5.293776750564575,-4.543776750564575,0.9732057998615415,5.249999867752194,True,3, Ros|eng|arten,right,right,known,True,4.94366979598999,m,True,True,m,True
es,rosaleda,f,rose garden,flipped,wiktionary:kaikki@2026-10-03,low,2.6,rose garden,,,,a,yes,,-2.0702781677246094,0.3678741455078125,-5.026206970214844,-0.026206841692328453,,0.9809020394352376,-5.000000128522515,True,3, ros|aled|a,right,unsure,unsure,False,-0.8512020111083984,f,True,False,f,True
de,Birke,f,birch,flipped,wiktionary:kaikki@2026-10-03,low,3.18,birch (tree),,,,,,,-9.21672248840332,-5.193351745605469,-2.488473892211914,-0.11347398534417152,-5.800973892211914,0.9851437276762246,-2.3749999068677425,True,2, Bir|ke,right,right,known,True,-7.2050371170043945,f,True,True,f,True
es,abedul,m,birch,flipped,wiktionary:kaikki@2026-10-03,low,2.58,birch,,,,other,,,1.7024555206298828,-0.1926403045654297,-0.016225625295192003,-6.766225814819336,,0.9852056571215866,6.750000189524144,True,3, ab|ed|ul,right,unsure,unsure,False,0.7549076080322266,m,True,False,m,True
de,Milz,f,spleen,flipped,wiktionary:kaikki@2026-10-03,low,3.17,spleen,,,,,,,-10.004350662231445,-3.7283687591552734,-4.4648661613464355,-0.027366272173821926,-6.1523661613464355,0.9878915577276906,-4.437499889172614,True,2, Mil|z,right,right,known,True,-6.866359710693359,f,True,True,f,True
es,bazo,m,spleen,flipped,wiktionary:kaikki@2026-10-03,low,3.07,spleen,,,,o,yes,,4.045433044433594,1.6194782257080078,-0.03119503427296877,-4.156195163726807,,0.9850777507469248,4.125000129453838,True,2, b|azo,right,right,known,True,2.832455635070801,m,True,True,m,True
de,Windel,f,diaper,flipped,wiktionary:kaikki@2026-10-03,low,3.17,"diaper, nappy",,,,,,,-6.82771110534668,-1.7176265716552734,-6.697239637374878,-0.009739642031490803,-6.947239637374878,0.9929616286062479,-6.687499995343387,True,2, Wind|el,right,right,known,True,-4.272668838500977,f,True,True,f,True
es,pañal,m,diaper,flipped,wiktionary:kaikki@2026-10-03,low,3.2,"diaper, nappy",,,,other,,,4.489728927612305,-0.34627532958984375,-0.016985791735351086,-5.141985893249512,,0.9890492958924783,5.125000101514161,True,3, pa|ñ|al,right,unsure,unsure,False,2.0717267990112305,m,True,False,m,True
de,Petersilie,f,parsley,flipped,wiktionary:kaikki@2026-10-03,low,3.15,"parsley, Petroselinum crispum",,,,,,,-4.059665679931641,-2.8547935485839844,-5.761879205703735,-0.011879337951540947,-7.136879205703735,0.992331452792564,-5.749999867752194,True,3, Peters|il|ie,right,right,known,True,-3.4572296142578125,f,True,True,f,True
es,perejil,m,parsley,flipped,wiktionary:kaikki@2026-10-03,low,3.29,parsley,,,,other,,,2.171173095703125,2.3821372985839844,-0.040342675521969795,-3.665342688560486,,0.9862508271569392,3.625000013038516,True,4, p|ere|j|il,right,right,known,True,2.2766551971435547,m,True,True,m,True
de,Klitoris,f,clitoris,flipped,wiktionary:kaikki@2026-10-03,low,3.15,clitoris,,,,,,,-1.7751598358154297,-1.540191650390625,-3.0908702611923218,-0.09087025374174118,-4.903370380401611,0.9661511929510247,-3.0000000074505806,True,2, Kl|itoris,right,right,known,True,-1.6576757431030273,f,True,True,f,True
es,clítoris,m,clitoris,flipped,wiktionary:kaikki@2026-10-03,low,3.13,clitoris,,,,other,,,3.3428955078125,5.480033874511719,-0.13038818538188934,-2.3803881406784058,,0.9728961890676842,2.2499999552965164,True,4, cl|í|tor|is,right,right,known,True,4.411464691162109,m,True,True,m,True
de,Fährte,f,trail,flipped,wiktionary:kaikki@2026-10-03,low,3.1,trail; track,,,,,,,-9.877117156982422,-3.383420944213867,-3.9726918935775757,-0.03519193176180124,-5.972691774368286,0.9924804823006004,-3.9374999618157744,True,3, F|ähr|te,right,right,known,True,-6.6302690505981445,f,True,True,f,True
es,sendero,m,trail,flipped,wiktionary:kaikki@2026-10-03,mid,3.89,"trail, path, track (a route for travel over land)",,,,o,yes,,5.240471839904785,5.586599349975586,-0.013796893414109945,-5.763796806335449,,0.9895360251754233,5.749999912921339,True,2, sender|o,right,right,known,True,5.4135355949401855,m,True,True,m,True
de,Waschlappen,m,flannel,flipped,wiktionary:kaikki@2026-10-03,low,3.06,"flannel, washcloth",,,,,,,6.658893585205078,2.4386978149414062,-0.052708571776747704,-4.0527085065841675,-4.3652085065841675,0.9835946951644805,3.9999999348074198,True,3, Was|chl|appen,right,right,known,True,4.548795700073242,m,True,True,m,True
es,franela,f,flannel,flipped,wiktionary:kaikki@2026-10-03,low,2.91,"flannel (a soft cloth material originally woven from wool, today often combined with cotton or synthetic fibers)",,,,a,yes,,-2.7497081756591797,-3.8361778259277344,-3.794538736343384,-0.04453864507377148,,0.979630526377532,-3.7500000912696123,True,2, fr|anela,right,right,known,True,-3.292943000793457,f,True,True,f,True
de,Stoßstange,f,bumper,flipped,wiktionary:kaikki@2026-10-03,low,3.05,bumper (of vehicle),,,,,,,-4.146190643310547,-2.934621810913086,-2.5954054594039917,-0.09540543332695961,-5.282905578613281,0.9913101340782586,-2.500000026077032,True,4, Sto|ß|st|ange,right,right,known,True,-3.5404062271118164,f,True,True,f,True
es,parachoques,m,bumper,flipped,wiktionary:kaikki@2026-10-03,low,2.84,bumper,,,,other,,,3.732248306274414,3.8643627166748047,-0.10851029306650162,-3.9835102558135986,,0.9196003988300699,3.874999962747097,True,3, par|acho|ques,right,right,known,True,3.7983055114746094,m,True,True,m,True
de,Speiseröhre,f,oesophagus,flipped,wiktionary:kaikki@2026-10-03,low,3.0,oesophagus (tube that carries food from the pharynx to the stomach),,,,,,,-8.913064956665039,-8.019914627075195,-3.6742228269577026,-0.0492227915674448,-5.549222707748413,0.986661863657914,-3.625000035390258,True,4, Spe|iser|öh|re,right,right,known,True,-8.466489791870117,f,True,True,f,True
es,esófago,m,oesophagus,flipped,wiktionary:kaikki@2026-10-03,low,3.02,"oesophagus, esophagus, gullet",,,,o,yes,,4.731331825256348,2.41546630859375,-0.036230048164725304,-4.161230087280273,,0.9801270026018509,4.125000039115548,True,4, es|ó|f|ago,right,right,known,True,3.573399066925049,m,True,True,m,True
de,Laufsteg,m,catwalk,flipped,wiktionary:kaikki@2026-10-03,low,3.0,"catwalk, runway (elevated stage on which models parade)",,,,,,,12.552393913269043,3.295248031616211,-0.04459513444453478,-3.9195951223373413,-4.732095122337341,0.9929485323937381,3.8749999878928065,True,4, La|uf|st|eg,right,right,known,True,7.923820972442627,m,True,True,m,True
es,pasarela,f,catwalk,flipped,wiktionary:kaikki@2026-10-03,low,3.43,catwalk,,,,a,yes,,-3.428863525390625,-5.377547264099121,-5.641373157501221,-0.016373335849493742,,0.9880213364391677,-5.624999821651727,True,3, pas|are|la,right,right,known,True,-4.403205394744873,f,True,True,f,True
de,Schlagstock,m,baton,flipped,wiktionary:kaikki@2026-10-03,low,2.95,"baton, truncheon, nightstick, bat, club, truncheon",,,,,,,5.587726593017578,4.39227294921875,-0.06812170892953873,-4.255621552467346,-3.443121552467346,0.9877362355408762,4.1874998435378075,True,3, Sch|lag|stock,right,right,known,True,4.989999771118164,m,True,True,m,True
es,batuta,f,baton,flipped,wiktionary:kaikki@2026-10-03,low,3.07,baton (stick used by conductors),,,,a,yes,,-4.876243591308594,-3.9782867431640625,-4.646663188934326,-0.021663195453584194,,0.9888392414430319,-4.624999993480742,True,2, bat|uta,right,right,known,True,-4.427265167236328,f,True,True,f,True
de,Bauchspeicheldrüse,f,pancreas,flipped,wiktionary:kaikki@2026-10-03,low,2.89,pancreas,,,,,,,-8.724645614624023,-6.192787170410156,-4.65784215927124,-0.032842278480529785,-6.47034215927124,0.9795448588218754,-4.6249998807907104,True,7, Ba|uch|spe|ich|eld|rü|se,right,right,known,True,-7.45871639251709,f,True,True,f,True
es,páncreas,m,pancreas,flipped,wiktionary:kaikki@2026-10-03,low,3.21,pancreas,,,,other,,,2.986644744873047,4.226213455200195,-0.0438953023403883,-3.5438953638076782,,0.9859563580137654,3.50000006146729,True,4, p|án|cre|as,right,right,known,True,3.606429100036621,m,True,True,m,True
de,Bohrmaschine,f,drill,flipped,wiktionary:kaikki@2026-10-03,low,2.87,drill (tool),,,,,,,-5.273348808288574,-2.4667816162109375,-6.265190362930298,-0.015190357342362404,-6.077690362930298,0.9897316522676671,-6.2500000055879354,True,4, Boh|r|mas|chine,right,right,known,True,-3.870065212249756,f,True,True,f,True
es,simulacro,m,drill,flipped,wiktionary:kaikki@2026-10-03,low,3.43,"drill, fire drill",,,,o,yes,,6.24481201171875,5.204909324645996,-0.02961837314069271,-4.529618501663208,,0.9819394127739454,4.500000128522515,True,2, simul|acro,right,right,known,True,5.724860668182373,m,True,True,m,True
de,Vogelscheuche,f,scarecrow,flipped,wiktionary:kaikki@2026-10-03,low,2.87,scarecrow,,,,,,,-6.788853645324707,-3.7719650268554688,-5.453933238983154,-0.01643329206854105,-6.703933238983154,0.9897394293893368,-5.437499946914613,True,4, Vog|els|che|uche,right,right,known,True,-5.280409336090088,f,True,True,f,True
es,espantapájaros,m,scarecrow,flipped,wiktionary:kaikki@2026-10-03,low,2.85,scarecrow,,,,other,,,6.221277236938477,3.0536136627197266,-0.062277501448988914,-5.187277555465698,,0.945410874999946,5.125000054016709,True,6, esp|ant|ap|á|jar|os,right,right,known,True,4.637445449829102,m,True,True,m,True
de,Überbau,m,superstructure,flipped,wiktionary:kaikki@2026-10-03,low,2.87,superstructure (any material structure or edifice built on something else),,,,,,,12.110501289367676,3.641998291015625,-0.10015272349119186,-3.3501527309417725,-3.2251527309417725,0.9831622920740437,3.2500000074505806,True,2, Über|bau,right,right,known,True,7.87624979019165,m,True,True,m,True
es,superestructura,f,superstructure,flipped,wiktionary:kaikki@2026-10-03,low,2.72,superstructure (any structure built above the top full deck),,,,a,yes,,-9.693727493286133,-5.375495910644531,-3.320587635040283,-0.0705876313149929,,0.9690763810940088,-3.2500000037252903,True,3, super|estruct|ura,right,right,known,True,-7.534611701965332,f,True,True,f,True
de,Aminosäure,f,amino acid,flipped,wiktionary:kaikki@2026-10-03,low,2.86,amino acid,,,,,,,-2.2573089599609375,-3.3676376342773438,-4.963811635971069,-0.026311537250876427,-5.651311635971069,0.9851189245129068,-4.937500098720193,True,5, A|min|os|ä|ure,right,right,known,True,-2.8124732971191406,f,True,True,f,True
es,aminoácido,m,amino acid,flipped,wiktionary:kaikki@2026-10-03,low,2.66,amino acid,,,,o,yes,,3.2421741485595703,4.810461044311523,-0.04032864794135094,-4.540328502655029,,0.9714859047049549,4.499999854713678,True,3, amino|ác|ido,right,right,known,True,4.026317596435547,m,True,True,m,True
de,Elektrode,f,electrode,flipped,wiktionary:kaikki@2026-10-03,low,2.83,electrode,,,,,,,-7.077808380126953,-2.21258544921875,-5.391863107681274,-0.016862965188920498,-6.516863107681274,0.9897376553797215,-5.375000142492354,True,4, Ele|kt|ro|de,right,right,known,True,-4.645196914672852,f,True,True,f,True
es,electrodo,m,electrode,flipped,wiktionary:kaikki@2026-10-03,low,2.83,electrode,,,,o,yes,,3.2447071075439453,1.6010684967041016,-0.025659254752099514,-5.2756593227386475,,0.9797828995287421,5.250000067986548,True,2, electro|do,right,right,known,True,2.4228878021240234,m,True,True,m,True
de,Minirock,m,miniskirt,flipped,wiktionary:kaikki@2026-10-03,low,2.82,miniskirt,,,,,,,5.306102752685547,3.266887664794922,-0.03949096705764532,-4.476991057395935,-4.414491057395935,0.9898445824468681,4.43750009033829,True,3, Min|iro|ck,right,right,known,True,4.286495208740234,m,True,True,m,True
es,minifalda,f,miniskirt,flipped,wiktionary:kaikki@2026-10-03,low,2.92,miniskirt,,,,a,yes,,-2.8270082473754883,-0.8243618011474609,-5.642376184463501,-0.017376139760017395,,0.9877585823978745,-5.625000044703484,True,4, min|if|al|da,right,unsure,unsure,False,-1.8256850242614746,f,True,True,f,True
de,Kresse,f,cress,flipped,wiktionary:kaikki@2026-10-03,low,2.81,cress,,,,,,,-3.611583709716797,-0.4906787872314453,-4.034997344017029,-0.034997460432350636,-5.534997463226318,0.9905820674434345,-3.999999883584678,True,2, K|resse,right,unsure,unsure,False,-2.051131248474121,f,True,True,f,True
es,berro,m,cress,flipped,wiktionary:kaikki@2026-10-03,low,2.6,cress,,,,o,yes,,6.506121635437012,3.7081356048583984,-0.0843835137784481,-2.834383487701416,,0.9795699267266876,2.749999973922968,True,2, ber|ro,right,right,known,True,5.107128620147705,m,True,True,m,True
de,Kehlkopf,m,larynx,flipped,wiktionary:kaikki@2026-10-03,low,2.8,larynx,,,,,,,10.86705207824707,7.712118148803711,-0.06960326619446278,-3.1946033239364624,-4.816165447235107,0.9868710257524047,3.1250000577419996,True,5, K|eh|lk|op|f,right,right,known,True,9.28958511352539,m,True,True,m,True
es,laringe,f,larynx,flipped,wiktionary:kaikki@2026-10-03,low,2.81,larynx,,,,other,,,-5.210382461547852,-6.680898666381836,-4.898847341537476,-0.023847443982958794,,0.9844179724400517,-4.874999897554517,True,3, l|aring|e,right,right,known,True,-5.945640563964844,f,True,True,f,True
de,Apfelwein,m,cider,flipped,wiktionary:kaikki@2026-10-03,low,2.79,"cider, apple cider",,,,,,,7.335395812988281,0.07436370849609375,-0.040442030876874924,-4.040442109107971,-5.290441989898682,0.9838856340608955,4.000000078231096,True,4, Ap|fel|we|in,right,unsure,unsure,False,3.7048797607421875,m,True,True,m,True
es,sidra,f,cider,flipped,wiktionary:kaikki@2026-10-03,low,3.27,cider,,,,a,yes,,-0.9561500549316406,-2.6514053344726562,-3.206729531288147,-0.08172946609556675,,0.9777067601456488,-3.1250000651925802,True,2, sid|ra,unsure,right,unsure,False,-1.8037776947021484,f,True,True,f,True
de,Tulpe,f,tulip,flipped,wiktionary:kaikki@2026-10-03,low,2.77,tulip,,,,,,,-6.105266571044922,-3.330873489379883,-7.2587432861328125,-0.008743253536522388,-8.696243286132812,0.9922045126734236,-7.25000003259629,True,2, Tul|pe,right,right,known,True,-4.718070030212402,f,True,True,f,True
es,tulipán,m,tulip,flipped,wiktionary:kaikki@2026-10-03,low,2.58,tulip,,,,other,,,2.8452072143554688,1.3050727844238281,-0.0202539199963212,-4.520253896713257,,0.9911746300571219,4.499999976716936,True,3, tul|ip|án,right,right,known,True,2.0751399993896484,m,True,True,m,True
de,Schützengraben,m,trench,flipped,wiktionary:kaikki@2026-10-03,low,2.74,trench,,,,,,,10.857904434204102,8.624584197998047,-0.03724128007888794,-4.599741220474243,-4.599741220474243,0.9856405948165644,4.562499940395355,True,6, Sch|üt|z|eng|r|aben,right,right,known,True,9.741244316101074,m,True,True,m,True
es,trinchera,f,trench,flipped,wiktionary:kaikki@2026-10-03,low,3.33,"trench, ditch",,,,a,yes,,-6.744438171386719,-6.776987075805664,-5.522883653640747,-0.022883807308971882,,0.9818779548312244,-5.499999846331775,True,3, tr|inch|era,right,right,known,True,-6.760712623596191,f,True,True,f,True
de,Apsis,f,apse,flipped,wiktionary:kaikki@2026-10-03,low,2.72,apse (a semicircular projection from a building),,,,,,,-4.133766174316406,1.2340087890625,-2.615284562110901,-0.11528454348444939,-4.365284442901611,0.9769714173181274,-2.5000000186264515,True,3, A|ps|is,right,wrong,conflict,False,-1.4498786926269531,f,True,False,f,True
es,ábside,m,apse,flipped,wiktionary:kaikki@2026-10-03,low,2.69,apse,,,,other,,,5.753578186035156,5.438241958618164,-0.1027488075196743,-2.60274875164032,,0.9785753774001156,2.4999999441206455,True,3, á|bs|ide,right,right,known,True,5.59591007232666,m,True,True,m,True
de,Baldrian,m,valerian,flipped,wiktionary:kaikki@2026-10-03,low,2.72,valerian (Valeriana officinalis),,,,,,,6.046063423156738,6.087030410766602,-0.0888155922293663,-3.0888155698776245,-3.9013155698776245,0.9839968193453992,2.999999977648258,True,2, Bald|rian,right,right,known,True,6.06654691696167,m,True,True,m,True
es,valeriana,f,valerian,flipped,wiktionary:kaikki@2026-10-03,low,2.62,valerian,,,,a,yes,,-4.242494583129883,-4.9672088623046875,-4.412655830383301,-0.03765570651739836,,0.976021696603891,-4.375000123865902,True,3, val|er|iana,right,right,known,True,-4.604851722717285,f,True,True,f,True
de,Fingernagel,m,fingernail,flipped,wiktionary:kaikki@2026-10-03,low,2.7,fingernail,,,,,,,10.77731704711914,10.991861343383789,-0.022987223230302334,-4.772987127304077,-5.835487127304077,0.9904276014765407,4.749999904073775,True,5, F|ing|ern|ag|el,right,right,known,True,10.884589195251465,m,True,True,m,True
es,uña,f,fingernail,flipped,wiktionary:kaikki@2026-10-03,mid,3.51,"fingernail, toenail, nail",,,,a,yes,,-4.724387168884277,-6.099252700805664,-4.776822566986084,-0.026822472922503948,,0.9822198301142324,-4.75000009406358,True,2, u|ña,right,right,known,True,-5.411819934844971,f,True,True,f,True
de,Anrichte,f,sideboard,flipped,wiktionary:kaikki@2026-10-03,low,2.66,sideboard,,,,,,,-11.042724609375,-4.533153533935547,-4.832787752151489,-0.02028769627213478,-5.957787752151489,0.9919941636446077,-4.8125000558793545,True,3, An|richt|e,right,right,known,True,-7.787939071655273,f,True,True,f,True
es,aparador,m,sideboard,flipped,wiktionary:kaikki@2026-10-03,low,2.62,sideboard,,,,other,,,5.841487884521484,5.996591567993164,-0.02135919127613306,-4.646359205245972,,0.9885396098560688,4.625000013969839,True,2, apar|ador,right,right,known,True,5.919039726257324,m,True,True,m,True
de,Staffelei,f,easel,flipped,wiktionary:kaikki@2026-10-03,low,2.62,easel,,,-ei,,,,-6.936471939086914,-5.997247695922852,-5.392811298370361,-0.017811174038797617,-5.705311298370361,0.991120613701236,-5.375000124331564,True,3, Staff|ele|i,right,right,known,True,-6.466859817504883,f,True,True,f,True
es,caballete,m,easel,flipped,wiktionary:kaikki@2026-10-03,low,2.74,easel,,,,other,,,4.0468597412109375,6.036285400390625,-0.023949972353875637,-4.398949861526489,,0.9887197802051653,4.374999889172614,True,3, cab|al|lete,right,right,known,True,5.041572570800781,m,True,True,m,True
de,Heilanstalt,f,sanatorium,flipped,wiktionary:kaikki@2026-10-03,low,2.57,sanatorium,,,,,,,-8.535234451293945,-3.655773162841797,-5.580985069274902,-0.018485178239643574,-6.330985069274902,0.9873885754062639,-5.562499891035259,True,4, He|il|anst|alt,right,right,known,True,-6.095503807067871,f,True,True,f,True
es,sanatorio,m,sanatorium,flipped,wiktionary:kaikki@2026-10-03,low,3.35,sanatorium,,,,o,yes,,7.736522674560547,5.4005889892578125,-0.019671102985739708,-5.394671201705933,,0.9850975998789392,5.375000098720193,True,2, san|atorio,right,right,known,True,6.56855583190918,m,True,True,m,True
de,Pantoffel,m,slipper,flipped,wiktionary:kaikki@2026-10-03,low,2.56,slipper (indoor shoe),,,,,,,1.0019683837890625,1.0985183715820312,-2.0982406437397003,-0.3482406847178936,-4.0357407331466675,0.9812779320169045,-1.7499999590218067,True,3, Pant|off|el,right,right,known,True,1.0502433776855469,m,True,True,f,False
es,chancla,f,slipper,flipped,wiktionary:kaikki@2026-10-03,low,2.65,slipper,,,,a,yes,,-0.9313945770263672,-2.9122657775878906,-4.156770944595337,-0.03177099488675594,,0.984508561689748,-4.124999949708581,True,2, chan|cla,unsure,right,unsure,False,-1.921830177307129,f,True,True,f,True
de,Ulme,f,elm,flipped,wiktionary:kaikki@2026-10-03,low,2.53,elm (tree),,,,,,,-3.8867835998535156,-1.9357872009277344,-2.159648060798645,-0.15964804589748383,-5.409648180007935,0.9858919237755134,-2.000000014901161,True,2, Ul|me,right,right,known,True,-2.911285400390625,f,True,True,f,True
es,olmo,m,elm,flipped,wiktionary:kaikki@2026-10-03,low,3.27,elm,,,,o,yes,,9.55093002319336,8.390764236450195,-0.019247123040258884,-6.644247055053711,,0.9822802411194985,6.624999932013452,True,2, ol|mo,right,right,known,True,8.970847129821777,m,True,True,m,True
de,Hals,m,neck,control,wiktionary:kaikki@2026-10-03,mid,4.46,neck,,,,,,,10.994064331054688,2.6372947692871094,-0.041975220665335655,-3.6669751405715942,-5.354475259780884,0.9895956535336066,3.6249999199062586,True,2, H|als,right,right,known,True,6.815679550170898,m,True,True,m,True
es,cuello,m,neck,control,wiktionary:kaikki@2026-10-03,high,4.62,neck (part of body connecting the head and the torso),,,,o,yes,,5.954032897949219,5.246917724609375,-0.0342979459092021,-3.784297823905945,,0.9897061504048592,3.7499998779967427,True,3, c|uel|lo,right,right,known,True,5.600475311279297,m,True,True,m,True
de,Magen,m,stomach,control,wiktionary:kaikki@2026-10-03,mid,4.23,"stomach, maw",,,,,,,9.463544845581055,6.7339630126953125,-0.024037925526499748,-4.961537837982178,-5.211537837982178,0.9897030142166461,4.937499912455678,True,2, Mag|en,right,right,known,True,8.098753929138184,m,True,True,m,True
es,estómago,m,stomach,control,wiktionary:kaikki@2026-10-03,mid,4.13,stomach (an organ in animals that stores food in the process of digestion),,,,o,yes,,2.484562873840332,2.060506820678711,-0.013112938031554222,-5.513113021850586,,0.9911324434776438,5.500000083819032,True,3, est|óm|ago,right,right,known,True,2.2725348472595215,m,True,True,m,True
de,Treppe,f,stairs,control,wiktionary:kaikki@2026-10-03,mid,4.19,stairs,,,,,,,-5.661224365234375,-2.9456424713134766,-5.948622465133667,-0.011122565483674407,-8.573622226715088,0.9929855287577578,-5.937499899649993,True,3, T|rep|pe,right,right,known,True,-4.303433418273926,f,True,True,f,True
es,escalera,f,stairs,control,wiktionary:kaikki@2026-10-03,mid,4.14,stairs,,,,a,yes,,-6.352808952331543,-2.9570398330688477,-5.021031141281128,-0.02103133499622345,,0.9866238890458487,-4.9999998062849045,True,2, escal|era,right,right,known,True,-4.654924392700195,f,True,True,f,True
de,Supermarkt,m,supermarket,control,wiktionary:kaikki@2026-10-03,mid,4.17,supermarket,,,,,,,9.569430351257324,10.169468879699707,-0.021172761917114258,-5.396172761917114,-5.958672761917114,0.9867255346521864,5.375,True,2, Super|markt,right,right,known,True,9.869449615478516,m,True,True,m,True
es,supermercado,m,supermarket,control,wiktionary:kaikki@2026-10-03,mid,3.91,supermarket,,,,o,yes,,3.926725387573242,4.402782440185547,-0.019101271405816078,-6.64410138130188,,0.9823925884861351,6.625000109896064,True,3, super|merc|ado,right,right,known,True,4.1647539138793945,m,True,True,m,True
de,Schrank,m,cabinet,control,wiktionary:kaikki@2026-10-03,mid,4.14,"cabinet (storage closet either separate from, or built into, a wall), or (specifically):",,,,,,,8.428390502929688,6.217634201049805,-0.015142415184527636,-5.640142440795898,-5.952642440795898,0.9920090118961651,5.625000025611371,True,2, Sch|rank,right,right,known,True,7.323012351989746,m,True,True,m,True
es,gabinete,m,cabinet,control,wiktionary:kaikki@2026-10-03,mid,4.34,cabinet (all senses),,,,other,,,4.427215576171875,5.572200775146484,-0.027357466518878937,-4.402357578277588,,0.9853565670682638,4.375000111758709,True,3, g|abin|ete,right,right,known,True,4.99970817565918,m,True,True,m,True
de,Kapelle,f,chapel,control,wiktionary:kaikki@2026-10-03,mid,4.07,chapel,,,,,,,-7.481192588806152,-6.694629669189453,-6.32102632522583,-0.00852652546018362,-7.13352632522583,0.9943369973929084,-6.3124997997656465,True,2, Kap|elle,right,right,known,True,-7.087911128997803,f,True,True,f,True
es,capilla,f,chapel,control,wiktionary:kaikki@2026-10-03,mid,4.1,chapel,,,,a,yes,,-3.7118263244628906,-6.173715591430664,-6.824777364730835,-0.012277178466320038,,0.9890610281383525,-6.812500186264515,True,2, cap|illa,right,right,known,True,-4.942770957946777,f,True,True,f,True
de,Palast,m,palace,control,wiktionary:kaikki@2026-10-03,mid,4.02,palace,,,,,,,6.723606109619141,4.197254180908203,-0.01702746981754899,-6.392027378082275,-5.204527378082275,0.9918344763688347,6.374999908264726,True,2, Pal|ast,right,right,known,True,5.460430145263672,m,True,True,m,True
es,palacio,m,palace,control,wiktionary:kaikki@2026-10-03,high,4.67,palace,,,,o,yes,,7.292228698730469,8.386262893676758,-0.01926213875412941,-5.769262075424194,,0.9841445772957147,5.749999936670065,True,2, pal|acio,right,right,known,True,7.839245796203613,m,True,True,m,True
de,Schädel,m,skull,control,wiktionary:kaikki@2026-10-03,mid,4.01,skull,,,,,,,9.867618560791016,6.194155693054199,-0.03132103569805622,-4.843821048736572,-4.781321048736572,0.9876273584100224,4.812500013038516,True,3, Sch|ä|del,right,right,known,True,8.030887126922607,m,True,True,m,True
es,cráneo,m,skull,control,wiktionary:kaikki@2026-10-03,mid,3.86,"skull, cranium",,,,o,yes,,7.748437881469727,9.44080924987793,-0.07715477980673313,-2.952154755592346,,0.9878981068919038,2.874999975785613,True,3, cr|á|neo,right,right,known,True,8.594623565673828,m,True,True,m,True
de,Rückstand,m,residue,control,wiktionary:kaikki@2026-10-03,mid,3.95,residue,,,,,,,9.754495620727539,7.098691940307617,-0.06028330139815807,-3.7477833032608032,-4.435283303260803,0.9871131016384329,3.687500001862645,True,2, Rück|stand,right,right,known,True,8.426593780517578,m,True,True,m,True
es,residuo,m,residue,control,wiktionary:kaikki@2026-10-03,low,3.29,"residue, remainder",,,,o,yes,,8.060219764709473,10.943765640258789,-0.045114412903785706,-3.795114278793335,,0.9790670965064983,3.7499998658895493,True,2, resid|uo,right,right,known,True,9.50199270248413,m,True,True,m,True
de,Laufbahn,f,track,control,wiktionary:kaikki@2026-10-03,mid,3.85,track,,,,,,,-10.001944541931152,-5.426307678222656,-3.366386890411377,-0.053886858746409416,-5.991386651992798,0.9905226394077775,-3.3125000316649675,True,4, La|uf|b|ahn,right,right,known,True,-7.714126110076904,f,True,True,f,True
es,pista,f,track,control,wiktionary:kaikki@2026-10-03,high,4.55,"track, course, trail",,,,a,yes,,-4.156128883361816,-6.830694198608398,-5.018796920776367,-0.018796862103044987,,0.9888295511127323,-5.000000058673322,True,2, p|ista,right,right,known,True,-5.493411540985107,f,True,True,f,True
de,Kneipe,f,pub,control,wiktionary:kaikki@2026-10-03,mid,3.83,"pub, bar",,,,,,,-8.079140663146973,-1.2601070404052734,-5.331294536590576,-0.018794564064592123,-6.268794536590576,0.9907613577853657,-5.312499972525984,True,3, K|ne|ipe,right,right,known,True,-4.669623851776123,f,True,True,f,True
es,taberna,f,pub,control,wiktionary:kaikki@2026-10-03,low,3.43,"pub, tavern",,,,a,yes,,-5.199520111083984,-7.575283050537109,-4.162489175796509,-0.03748910129070282,,0.9788967033653739,-4.125000074505806,True,2, tab|erna,right,right,known,True,-6.387401580810547,f,True,True,f,True
de,Wasserstoff,m,hydrogen,control,wiktionary:kaikki@2026-10-03,mid,3.77,hydrogen; the lightest and most common element in the universe with the atomic number 1,,,,,,,7.443107604980469,4.272254943847656,-0.226802796125412,-3.1018028259277344,-1.9768027663230896,0.9809005791517151,2.8750000298023224,True,2, Wasser|stoff,right,right,known,True,5.8576812744140625,m,True,True,m,True
es,hidrógeno,m,hydrogen,control,wiktionary:kaikki@2026-10-03,mid,3.61,hydrogen,,,,o,yes,,5.464084625244141,5.753721237182617,-0.018132073804736137,-6.205631971359253,,0.9840861210492257,6.187499897554517,True,4, hid|ró|gen|o,right,right,known,True,5.608902931213379,m,True,True,m,True
de,Weizen,m,wheat,control,wiktionary:kaikki@2026-10-03,mid,3.76,wheat,,,,,,,7.541725158691406,4.7454681396484375,-0.09696568176150322,-3.3469656705856323,-3.4094656705856323,0.9849699710217423,3.249999988824129,True,2, We|izen,right,right,known,True,6.143596649169922,m,True,True,m,True
es,trigo,m,wheat,control,wiktionary:kaikki@2026-10-03,mid,4.05,wheat,,,,o,yes,,7.079378128051758,3.10943603515625,-0.0279723908752203,-4.402972459793091,,0.9847520772348162,4.3750000689178705,True,2, tr|igo,right,right,known,True,5.094407081604004,m,True,True,m,True
de,Speck,m,bacon,control,wiktionary:kaikki@2026-10-03,mid,3.73,"bacon, fatty cellular tissue under the porkrind",,,,,,,6.267316818237305,8.247797966003418,-0.09950027614831924,-3.224500298500061,-3.224500298500061,0.9877766245177259,3.125000022351742,True,2, Spe|ck,right,right,known,True,7.257557392120361,m,True,True,m,True
es,tocino,m,bacon,control,wiktionary:kaikki@2026-10-03,low,3.32,bacon,,,,o,yes,,5.522060394287109,2.1583290100097656,-0.020145944319665432,-4.520145893096924,,0.9912817651462547,4.499999948777258,True,2, toc|ino,right,right,known,True,3.8401947021484375,m,True,True,m,True
de,Konsole,f,console,control,wiktionary:kaikki@2026-10-03,mid,3.73,console,,,,,,,-8.218477249145508,-4.722026824951172,-5.450328588485718,-0.012828489299863577,-6.450328588485718,0.9934160149758924,-5.437500099185854,True,2, Kon|sole,right,right,known,True,-6.47025203704834,f,True,True,f,True
es,consola,f,console,control,wiktionary:kaikki@2026-10-03,mid,3.91,console,,,,a,yes,,-5.820058822631836,-6.039850234985352,-5.6411848068237305,-0.016184869688004255,,0.988207369401471,-5.624999937135726,True,2, cons|ola,right,right,known,True,-5.929954528808594,f,True,True,f,True
de,Oberschenkel,m,thigh,control,wiktionary:kaikki@2026-10-03,mid,3.67,thigh (upper leg),,,,,,,7.342831611633301,4.646032333374023,-0.11902064457535744,-3.119020700454712,-3.244020700454712,0.9834768861967084,3.0000000558793545,True,4, O|bers|chen|kel,right,right,known,True,5.994431972503662,m,True,True,m,True
es,muslo,m,thigh,control,wiktionary:kaikki@2026-10-03,low,3.35,"thigh (upper leg of a human, between the hip and the knee)",,,,o,yes,,2.2199182510375977,2.301624298095703,-0.019832544028759003,-4.644832611083984,,0.9918929640933809,4.625000067055225,True,2, mus|lo,right,right,known,True,2.2607712745666504,m,True,True,m,True
de,Birne,f,pear,control,wiktionary:kaikki@2026-10-03,mid,3.6,pear,,,,,,,-6.462937355041504,-2.624135971069336,-4.338134765625,-0.025634665973484516,-6.463134765625,0.9901952653741946,-4.3125000996515155,True,2, Bir|ne,right,right,known,True,-4.54353666305542,f,True,True,f,True
es,pera,f,pear,control,wiktionary:kaikki@2026-10-03,mid,3.61,pear,,,,a,yes,,-1.643136978149414,-5.9576416015625,-6.268335342407227,-0.018335282802581787,,0.9837313451698819,-6.250000059604645,True,2, per|a,right,right,known,True,-3.800389289855957,f,True,True,f,True
de,Gletscher,m,glacier,control,wiktionary:kaikki@2026-10-03,mid,3.58,glacier,,,,,,,2.754497528076172,3.503591537475586,-0.028918408788740635,-4.528918504714966,-6.466418504714966,0.9871459168842383,4.500000095926225,True,3, G|lets|cher,right,right,known,True,3.129044532775879,m,True,True,m,True
es,glaciar,m,glacier,control,wiktionary:kaikki@2026-10-03,low,3.27,glacier,,,,other,,,4.436058044433594,4.901634216308594,-0.023197428323328495,-5.148197412490845,,0.9829275666516539,5.124999984167516,True,2, glac|iar,right,right,known,True,4.668846130371094,m,True,True,m,True
de,Schlucht,f,canyon,control,wiktionary:kaikki@2026-10-03,mid,3.57,"canyon, chasm, gorge, ravine",,,,,,,-8.998163223266602,-4.835744857788086,-5.576535940170288,-0.014035931788384914,-6.889035940170288,0.9924779762666214,-5.562500008381903,True,2, Schl|ucht,right,right,known,True,-6.916954040527344,f,True,True,f,True
es,barranca,f,canyon,control,wiktionary:kaikki@2026-10-03,low,3.17,"canyon, ravine, barranca",,,,a,yes,,-4.246158599853516,-5.396595001220703,-5.019765138626099,-0.01976518426090479,,0.9870349679464216,-4.999999954365194,True,2, barr|anca,right,right,known,True,-4.821376800537109,f,True,True,f,True
de,Leuchtturm,m,lighthouse,control,wiktionary:kaikki@2026-10-03,mid,3.56,lighthouse,,,,,,,6.7700653076171875,7.08686637878418,-0.02722159493714571,-5.2772216796875,-5.0272216796875,0.9873603156209964,5.250000084750354,True,4, Le|uch|tt|urm,right,right,known,True,6.928465843200684,m,True,True,m,True
es,faro,m,lighthouse,control,wiktionary:kaikki@2026-10-03,mid,3.74,lighthouse,,,,o,yes,,2.526571273803711,4.734739303588867,-0.04893573001027107,-3.298935651779175,,0.9891649811438932,3.2499999217689037,True,2, far|o,right,right,known,True,3.630655288696289,m,True,True,m,True
de,Schachtel,f,small,control,wiktionary:kaikki@2026-10-03,mid,3.51,"a small, usually square box, package or case",,,,,,,-8.719989776611328,-3.9491119384765625,-5.951526165008545,-0.014026064425706863,-6.826526165008545,0.9905004487142062,-5.937500100582838,True,3, Sch|acht|el,right,right,known,True,-6.334550857543945,f,True,True,f,True
es,fonda,f,small,control,wiktionary:kaikki@2026-10-03,low,3.25,"small, inexpensive restaurant",,,,a,yes,,-2.4149646759033203,-3.7534446716308594,-4.285736441612244,-0.03573646396398544,,0.9803930080258764,-4.249999977648258,True,2, f|onda,right,right,known,True,-3.08420467376709,f,True,True,f,True
de,Urne,f,urn,control,wiktionary:kaikki@2026-10-03,low,3.46,urn,,,,,,,-6.72109317779541,-5.147434234619141,-5.949681520462036,-0.012181516736745834,-5.762181520462036,0.9942865751633629,-5.93750000372529,True,2, Ur|ne,right,right,known,True,-5.934263706207275,f,True,True,f,True
es,urna,f,urn,control,wiktionary:kaikki@2026-10-03,mid,3.56,urn,,,,a,yes,,-5.434593200683594,-4.424093246459961,-5.271428823471069,-0.02142878621816635,,0.9845903936901512,-5.250000037252903,True,2, urn|a,right,right,known,True,-4.929343223571777,f,True,True,f,True
de,Kugelschreiber,m,ballpoint pen,control,wiktionary:kaikki@2026-10-03,low,3.41,"ballpoint pen, biro",,,,,,,5.670515060424805,5.247931480407715,-0.027227559126913548,-4.652227401733398,-5.777227401733398,0.9873500194114411,4.624999842606485,True,6, K|ug|els|ch|re|iber,right,right,known,True,5.45922327041626,m,True,True,m,True
es,bolígrafo,m,ballpoint pen,control,wiktionary:kaikki@2026-10-03,low,3.14,ballpoint pen,,,,o,yes,,6.67791748046875,2.825807571411133,-0.013851553667336702,-5.638851642608643,,0.9905169244530294,5.625000088941306,True,4, bol|í|gra|fo,right,right,known,True,4.751862525939941,m,True,True,m,True
de,Ingwer,m,ginger,control,wiktionary:kaikki@2026-10-03,low,3.37,ginger,,,,,,,6.2627410888671875,3.5396060943603516,-0.17050139605998993,-2.795501470565796,-2.545501470565796,0.9880961827555941,2.625000074505806,True,2, Ing|wer,right,right,known,True,4.9011735916137695,m,True,True,m,True
es,jengibre,m,ginger,control,wiktionary:kaikki@2026-10-03,low,3.23,ginger,,,,other,,,2.8956308364868164,2.857013702392578,-0.096681859344244,-2.596681833267212,,0.9845266124712688,2.499999973922968,True,3, j|eng|ibre,right,right,known,True,2.8763222694396973,m,True,True,m,True
de,Schlachthof,m,slaughterhouse,control,wiktionary:kaikki@2026-10-03,low,3.26,slaughterhouse,,,,,,,8.665018081665039,3.466939926147461,-0.0409545861184597,-4.10345458984375,-4.72845458984375,0.9881437740874479,4.06250000372529,True,4, Schl|ach|th|of,right,right,known,True,6.06597900390625,m,True,True,m,True
es,matadero,m,slaughterhouse,control,wiktionary:kaikki@2026-10-03,low,3.41,"slaughterhouse, abattoir",,,,o,yes,,6.577454566955566,6.7723388671875,-0.01390430610626936,-6.013904333114624,,0.9887150808582128,6.000000027008355,True,2, mat|adero,right,right,known,True,6.674896717071533,m,True,True,m,True
de,Traube,f,grape,control,wiktionary:kaikki@2026-10-03,low,3.25,grape,,,,,,,-7.840794563293457,-3.3991832733154297,-5.8233819007873535,-0.010882046073675156,-7.7608819007873535,0.9930934221669276,-5.812499854713678,True,2, Tra|ube,right,right,known,True,-5.619988918304443,f,True,True,f,True
es,uva,f,grape,control,wiktionary:kaikki@2026-10-03,mid,3.81,grape,,,,a,yes,,-3.672454833984375,-5.7646484375,-4.904487371444702,-0.029487505555152893,,0.97842005324663,-4.874999865889549,True,2, u|va,right,right,known,True,-4.7185516357421875,f,True,True,f,True
de,Kontrabass,m,double bass,control,wiktionary:kaikki@2026-10-03,low,3.19,double bass (a large stringed instrument),,,,,,,8.374399185180664,8.416061401367188,-0.027562057599425316,-5.215062141418457,-4.777562141418457,0.9879881213976194,5.187500083819032,True,4, Kon|tr|ab|ass,right,right,known,True,8.395230293273926,m,True,True,m,True
es,contrabajo,m,double bass,control,wiktionary:kaikki@2026-10-03,low,2.77,double bass,,,,o,yes,,4.828453063964844,3.5738906860351562,-0.021986893378198147,-4.896986961364746,,0.9862494139186107,4.875000067986548,True,2, contr|abajo,right,right,known,True,4.201171875,m,True,True,m,True
de,Brokkoli,m,broccoli,control,wiktionary:kaikki@2026-10-03,low,3.17,broccoli,,,,,,,4.323005676269531,5.898496627807617,-0.18382253125309944,-2.4338225722312927,-3.933822512626648,0.9827396155823723,2.2500000409781933,True,3, Bro|kk|oli,right,right,known,True,5.110751152038574,m,True,True,m,True
es,brócoli,m,broccoli,control,wiktionary:kaikki@2026-10-03,low,2.95,broccoli,,,,other,,,3.064764976501465,2.458127975463867,-0.03293807711452246,-4.157938241958618,,0.9833596050401573,4.125000164844096,True,3, br|ó|coli,right,right,known,True,2.761446475982666,m,True,True,m,True
de,Sud,m,broth,control,wiktionary:kaikki@2026-10-03,low,3.14,"broth, stock, brew (liquid that remains after cooking, boiling)",,,,,,,3.8003196716308594,2.6309471130371094,-0.09790060669183731,-4.410400390625,-2.722900629043579,0.9850844521323551,4.312499783933163,True,1, Sud,right,right,known,True,3.2156333923339844,m,True,True,m,True
es,bodrio,m,broth,control,wiktionary:kaikki@2026-10-03,low,2.58,broth,,,,o,yes,,6.808570861816406,7.607885360717773,-0.0952298752963543,-3.0952298641204834,,0.9557821171478278,2.999999988824129,True,2, bod|rio,right,right,known,True,7.20822811126709,m,True,True,m,True
de,Rippe,f,rib,control,wiktionary:kaikki@2026-10-03,low,3.13,rib,,,,,,,-6.274715423583984,-2.7936325073242188,-2.8343844413757324,-0.08438441529870033,-4.709384441375732,0.9891602706794289,-2.750000026077032,True,2, Rip|pe,right,right,known,True,-4.534173965454102,f,True,True,f,True
es,costilla,f,rib,control,wiktionary:kaikki@2026-10-03,low,3.34,rib,,,,a,yes,,-2.6306896209716797,-4.725362777709961,-6.266096115112305,-0.016096158884465694,,0.9859330265974302,-6.249999956227839,True,2, cost|illa,right,right,known,True,-3.6780261993408203,f,True,True,f,True
de,Stausee,m,reservoir,control,wiktionary:kaikki@2026-10-03,low,3.12,reservoir,,,,,,,3.1083335876464844,1.833932876586914,-0.04992394335567951,-4.04992401599884,-4.11242401599884,0.988198809340324,4.000000072643161,True,3, St|ause|e,right,right,known,True,2.471133232116699,m,True,True,m,True
es,reservorio,m,reservoir,control,wiktionary:kaikki@2026-10-03,low,2.83,reservoir,,,,o,yes,,6.401883125305176,8.009801864624023,-0.048951009288430214,-3.548951029777527,,0.9818590384569774,3.5000000204890966,True,2, reserv|orio,right,right,known,True,7.2058424949646,m,True,True,m,True
de,Pflaume,f,plum,control,wiktionary:kaikki@2026-10-03,low,3.09,plum,,,,,,,-6.051971435546875,-4.96299934387207,-5.449366569519043,-0.011866786982864141,-7.636866569519043,0.9934619551456583,-5.437499782536179,True,4, P|fl|a|ume,right,right,known,True,-5.507485389709473,f,True,True,f,True
es,ciruela,f,plum,control,wiktionary:kaikki@2026-10-03,low,2.91,plum,,,,a,yes,,-3.7728519439697266,-5.3793182373046875,-5.27050518989563,-0.020505139604210854,,0.9848461423156257,-5.250000050291419,True,2, cir|uela,right,right,known,True,-4.576085090637207,f,True,True,f,True
de,Gondel,f,gondola,control,wiktionary:kaikki@2026-10-03,low,3.08,gondola,,,,,,,-7.67056941986084,-2.500516891479492,-5.389328241348267,-0.01432836800813675,-6.951828241348267,0.9934766432028642,-5.37499987334013,True,3, G|ond|el,right,right,known,True,-5.085543155670166,f,True,True,f,True
es,góndola,f,gondola,control,wiktionary:kaikki@2026-10-03,low,2.8,gondola (boat),,,,a,yes,,-1.4186210632324219,-2.5164833068847656,-6.2646098136901855,-0.014609741512686014,,0.9874586773521616,-6.2500000721774995,True,3, gó|nd|ola,right,right,known,True,-1.9675521850585938,f,True,True,f,True
de,Vervielfältigung,f,duplication,control,wiktionary:kaikki@2026-10-03,low,3.07,duplication,,,-ung,,,,-12.748296737670898,-4.699588775634766,-3.6438040733337402,-0.08130413666367531,-3.95630419254303,0.9674001792690863,-3.562499936670065,True,6, V|erv|i|elf|ält|igung,right,right,known,True,-8.723942756652832,f,True,True,f,True
es,duplicación,f,duplication,control,wiktionary:kaikki@2026-10-03,low,2.94,duplication,,,,other,,,-8.375571250915527,-4.584354400634766,-2.763473391532898,-0.13847343996167183,,0.9455681992272851,-2.624999951571226,True,2, duplic|ación,right,right,known,True,-6.4799628257751465,f,True,True,f,True
de,Diskothek,f,discotheque,control,wiktionary:kaikki@2026-10-03,low,3.07,"discotheque, nightclub",,,,,,,-8.714738845825195,-1.6525115966796875,-5.763328313827515,-0.013328308705240488,-6.825828313827515,0.9914905832677933,-5.750000005122274,True,3, Disk|oth|ek,right,right,known,True,-5.183625221252441,f,True,True,f,True
es,discoteca,f,discotheque,control,wiktionary:kaikki@2026-10-03,mid,3.71,"discotheque, club",,,,a,yes,,-8.28538703918457,-5.800203323364258,-5.526042699813843,-0.026042655110359192,,0.978781616495541,-5.500000044703484,True,2, disc|oteca,right,right,known,True,-7.042795181274414,f,True,True,f,True
de,Ringstraße,f,ring road,control,wiktionary:kaikki@2026-10-03,low,3.05,"ring road, ringway, beltway, boulevard (a circular or semi-circular road surrounding a city center or urban area)",,,,,,,-8.394128799438477,-6.081851959228516,-4.161785960197449,-0.03678602818399668,-6.911786079406738,0.9825356653860045,-4.124999932013452,True,2, Ring|straße,right,right,known,True,-7.237990379333496,f,True,True,f,True
es,circunvalación,f,ring road,control,wiktionary:kaikki@2026-10-03,low,2.98,"ring road, beltway",,,,other,,,-5.282838821411133,-0.5214042663574219,-4.292463541030884,-0.04246347118169069,,0.9760618903416309,-4.250000069849193,True,4, circ|un|val|ación,right,unsure,unsure,False,-2.9021215438842773,f,True,True,f,True
de,Raffinerie,f,refinery,control,wiktionary:kaikki@2026-10-03,low,3.04,refinery,,,,,,,-9.705635070800781,-4.809499740600586,-5.143293142318726,-0.018292978405952454,-6.205793142318726,0.9900111987369442,-5.125000163912773,True,4, R|aff|iner|ie,right,right,known,True,-7.257567405700684,f,True,True,f,True
es,refinería,f,refinery,control,wiktionary:kaikki@2026-10-03,low,3.47,refinery,,,,a,yes,,-5.067869186401367,-4.219512939453125,-5.277320384979248,-0.027320520021021366,,0.9796595355324305,-5.249999864958227,True,3, ref|iner|ía,right,right,known,True,-4.643691062927246,f,True,True,f,True
de,Projektor,m,projector,control,wiktionary:kaikki@2026-10-03,low,3.03,projector,,,,,,,5.947049140930176,5.9034881591796875,-0.020480384118855,-6.270480394363403,-5.145480394363403,0.9903512560067563,6.250000010244548,True,3, Proj|ek|tor,right,right,known,True,5.925268650054932,m,True,True,m,True
es,proyector,m,projector,control,wiktionary:kaikki@2026-10-03,low,3.18,"projector, video projector",,,,other,,,5.435619354248047,7.526521682739258,-0.021222551353275776,-5.3962225914001465,,0.9835700638511304,5.375000040046871,True,3, pro|y|ector,right,right,known,True,6.481070518493652,m,True,True,m,True
de,Likör,m,liqueur,control,wiktionary:kaikki@2026-10-03,low,3.02,liqueur,,,,,,,1.651906967163086,1.0317840576171875,-0.01710982248187065,-5.454609632492065,-5.642109632492065,0.9913170042461958,5.437499810010195,True,2, Lik|ör,right,right,known,True,1.3418455123901367,m,True,True,m,True
es,licor,m,liqueur,control,wiktionary:kaikki@2026-10-03,mid,3.66,liqueur,,,,other,,,6.577561378479004,3.024179458618164,-0.014920754823833704,-5.827420711517334,,0.9886165418180837,5.8124999566935,True,2, lic|or,right,right,known,True,4.800870418548584,m,True,True,m,True
de,Scheibenwischer,m,windshield wiper,control,wiktionary:kaikki@2026-10-03,low,3.02,"windshield wiper, windscreen wiper (UK)",,,,,,,5.972841262817383,6.128425598144531,-0.11880304291844368,-2.868803024291992,-3.993803024291992,0.9804274385193372,2.7499999813735485,True,4, Sche|iben|w|ischer,right,right,known,True,6.050633430480957,m,True,True,m,True
es,limpiaparabrisas,m,windshield wiper,control,wiktionary:kaikki@2026-10-03,low,2.72,windshield wiper; windscreen wiper,,,,other,,,6.482866287231445,5.22590446472168,-0.06768669001758099,-3.192686676979065,,0.9759279264087038,3.124999986961484,True,7, lim|pi|ap|ar|ab|ris|as,right,right,known,True,5.8543853759765625,m,True,True,m,True
de,Vergaser,m,carburetor,control,wiktionary:kaikki@2026-10-03,low,2.99,"carburetor, carburettor",,,,,,,-0.10692405700683594,3.479360580444336,-0.05380677245557308,-3.9288066625595093,-3.9913066625595093,0.9876510919001869,3.874999890103936,True,2, Verg|aser,unsure,right,unsure,False,1.68621826171875,m,True,False,m,True
es,carburador,m,carburetor,control,wiktionary:kaikki@2026-10-03,low,2.81,carburetor (a device in an internal combustion engine),,,,other,,,7.647294998168945,3.303678512573242,-0.014744361862540245,-5.514744520187378,,0.9893907606451666,5.500000158324838,True,3, car|bur|ador,right,right,known,True,5.475486755371094,m,True,True,m,True
de,Birnbaum,m,pear tree,control,wiktionary:kaikki@2026-10-03,low,2.96,pear tree,,,,,,,12.713132858276367,7.624553680419922,-0.023687790147960186,-5.461187839508057,-6.523687839508057,0.9834237845943461,5.4375000493600965,True,3, Bir|n|baum,right,right,known,True,10.168843269348145,m,True,True,m,True
es,peral,m,pear tree,control,wiktionary:kaikki@2026-10-03,low,2.84,pear tree,,,,other,,,4.68327522277832,-1.1514129638671875,-0.4367577563971281,-2.9367578327655792,,0.9790733644794253,2.500000076368451,False,2, per|al,right,wrong,conflict,False,1.7659311294555664,m,True,False,m,True
de,Thymian,m,thyme,control,wiktionary:kaikki@2026-10-03,low,2.96,thyme,,,,,,,6.337698936462402,5.0582427978515625,-0.11242025345563889,-3.5499202013015747,-3.0499202013015747,0.9824770758630863,3.437499947845936,True,3, Th|ym|ian,right,right,known,True,5.697970867156982,m,True,True,m,True
es,tomillo,m,thyme,control,wiktionary:kaikki@2026-10-03,low,2.95,thyme,,,,o,yes,,7.6809797286987305,5.429630279541016,-0.03433784004300833,-3.909337878227234,,0.9876954514287568,3.8750000381842256,True,2, tom|illo,right,right,known,True,6.555305004119873,m,True,True,m,True
de,Cabriolet,m,convertible,control,wiktionary:kaikki@2026-10-03,low,2.94,convertible,,,,,,,6.94544792175293,4.426868438720703,-3.802307367324829,-4.927307367324829,-0.05230744369328022,0.9815884531346737,1.125,True,3, Cab|rio|let,right,right,known,True,5.686158180236816,m,True,True,m,True
es,descapotable,m,convertible,control,wiktionary:kaikki@2026-10-03,low,2.74,convertible,,,,other,,,2.8684234619140625,3.8093338012695312,-0.07588030584156513,-3.075880289077759,,0.9786733560639038,2.9999999832361937,True,3, desc|apot|able,right,right,known,True,3.338878631591797,m,True,True,m,True
de,Katheter,m,catheter,control,wiktionary:kaikki@2026-10-03,low,2.93,catheter (small tube inserted into a body cavity),,,,,,,8.349705696105957,3.0986595153808594,-0.035570770502090454,-4.6605706214904785,-4.5980706214904785,0.9868497497200874,4.624999850988388,True,2, Kath|eter,right,right,known,True,5.724182605743408,m,True,True,m,True
es,catéter,m,catheter,control,wiktionary:kaikki@2026-10-03,low,2.86,catheter (a small tube inserted into a body cavity),,,,other,,,1.374298095703125,1.005716323852539,-0.01813956629484892,-4.893139600753784,,0.9895800200272845,4.875000034458935,True,3, cat|é|ter,right,right,known,True,1.190007209777832,m,True,True,m,True
de,Baldachin,m,canopy,control,wiktionary:kaikki@2026-10-03,low,2.84,"canopy, dais, baldaquin (ornamental roof over an altar, throne, bed etc.)",,,,,,,3.508190155029297,4.803413391113281,-0.04180860612541437,-4.854308605194092,-4.041808485984802,0.9878255772692648,4.812499999068677,True,3, Bald|ach|in,right,right,known,True,4.155801773071289,m,True,True,m,True
es,dosel,m,canopy,control,wiktionary:kaikki@2026-10-03,low,2.8,canopy,,,,other,,,4.381730079650879,1.1005516052246094,-0.05017231963574886,-3.4251723289489746,,0.9858460892341139,3.3750000093132257,True,2, dos|el,right,right,known,True,2.741140842437744,m,True,True,m,True
de,Rebe,f,vine,control,wiktionary:kaikki@2026-10-03,low,2.78,"vine, grape",,,,,,,-6.361328125,-6.3363037109375,-4.893949270248413,-0.01894936477765441,-7.331449270248413,0.9904827945257602,-4.874999905470759,True,2, Re|be,right,right,known,True,-6.34881591796875,f,True,True,f,True
es,vid,f,vine,control,wiktionary:kaikki@2026-10-03,mid,3.51,"vine, grapevine",,,,other,,,-2.948192596435547,-0.8001022338867188,-1.4058132469654083,-0.5308132842183113,,0.9472309770070115,-0.874999962747097,False,1, vid,right,unsure,unsure,False,-1.8741474151611328,f,True,True,f,True
de,Harnröhre,f,urethra,control,wiktionary:kaikki@2026-10-03,low,2.77,urethra,,,,,,,-9.39665699005127,-6.637489318847656,-3.197347402572632,-0.07234743051230907,-4.447347402572632,0.9858870455603194,-3.1249999720603228,True,5, H|arn|r|öh|re,right,right,known,True,-8.017073154449463,f,True,True,f,True
es,uretra,f,urethra,control,wiktionary:kaikki@2026-10-03,low,2.71,urethra,,,,a,yes,,-2.8534603118896484,-3.831239700317383,-3.9138050079345703,-0.03880496881902218,,0.983298352112159,-3.875000039115548,True,2, ure|tra,right,right,known,True,-3.3423500061035156,f,True,True,f,True
de,Verdünnung,f,dilution,control,wiktionary:kaikki@2026-10-03,low,2.76,"dilution, thinning, rarefaction",,,-ung,,,,-10.42893123626709,-6.897071838378906,-5.331823110580444,-0.019323146902024746,-6.081823110580444,0.9881783220463012,-5.31249996367842,True,4, Verd|ü|nn|ung,right,right,known,True,-8.663001537322998,f,True,True,f,True
es,dilución,f,dilution,control,wiktionary:kaikki@2026-10-03,low,2.64,dilution,,,,other,,,-6.792010307312012,-2.394723892211914,-4.284045338630676,-0.0340453777462244,,0.9820504635917384,-4.249999960884452,True,2, dil|ución,right,right,known,True,-4.593367099761963,f,True,True,f,True
de,Parfümerie,f,perfumery,control,wiktionary:kaikki@2026-10-03,low,2.76,perfumery,,,,,,,-8.173933029174805,-1.9427509307861328,-4.343567609786987,-0.031067552976310253,-5.593567609786987,0.987956678510322,-4.312500056810677,True,4, Par|fü|mer|ie,right,right,known,True,-5.058341979980469,f,True,True,f,True
es,perfumería,f,perfumery,control,wiktionary:kaikki@2026-10-03,low,2.84,"perfumery, perfume shop",,,,a,yes,,-7.213193893432617,-4.628910064697266,-4.785494804382324,-0.03549489285796881,,0.9745352680730965,-4.749999911524355,True,3, perf|umer|ía,right,right,known,True,-5.921051979064941,f,True,True,f,True
de,Nerz,m,mink,control,wiktionary:kaikki@2026-10-03,low,2.65,mink,,,,,,,5.143884658813477,4.620063781738281,-0.1916354037821293,-3.4416353702545166,-2.1916353702545166,0.98485577800662,3.2499999664723873,True,2, Ner|z,right,right,known,True,4.881974220275879,m,True,True,m,True
es,visón,m,mink,control,wiktionary:kaikki@2026-10-03,low,2.52,mink,,,,other,,,-0.16524696350097656,1.7516002655029297,-0.16529636271297932,-2.79029643535614,,0.9701994982050268,2.625000072643161,True,2, vis|ón,unsure,right,unsure,False,0.7931766510009766,m,True,False,m,True
de,Reizwäsche,f,lingerie,control,wiktionary:kaikki@2026-10-03,low,2.64,lingerie,,,,,,,-4.088663101196289,-5.607658386230469,-4.962332725524902,-0.024832685478031635,-5.587332725524902,0.988179116961332,-4.937500040046871,True,5, Re|iz|w|äs|che,right,right,known,True,-4.848160743713379,f,True,True,f,True
es,lencería,f,lingerie,control,wiktionary:kaikki@2026-10-03,low,3.18,lingerie,,,,a,yes,,-4.095802307128906,-7.090175628662109,-4.285244584083557,-0.03524468094110489,,0.9808717639174666,-4.249999903142452,True,3, l|encer|ía,right,right,known,True,-5.592988967895508,f,True,True,f,True
de,Barrikade,f,barricade,control,wiktionary:kaikki@2026-10-03,low,2.64,barricade,,,,,,,-9.197698593139648,-1.64599609375,-4.156614303588867,-0.03161424491554499,-5.844114303588867,0.9909932607290479,-4.125000058673322,True,3, Bar|rik|ade,right,right,known,True,-5.421847343444824,f,True,True,f,True
es,barricada,f,barricade,control,wiktionary:kaikki@2026-10-03,low,3.15,"barricade (a barrier constructed across a road, especially as a military defence)",,,,a,yes,,-3.9617061614990234,-6.139804840087891,-6.206928730010986,-0.019428573548793793,,0.9829701593086204,-6.1875001564621925,True,2, barric|ada,right,right,known,True,-5.050755500793457,f,True,True,f,True
de,Irrgarten,m,maze,control,wiktionary:kaikki@2026-10-03,low,2.61,maze,,,,,,,11.146330833435059,6.258112907409668,-0.03730161115527153,-5.912301540374756,-3.974801540374756,0.986847533263133,5.874999929219484,True,3, Irr|g|arten,right,right,known,True,8.702221870422363,m,True,True,m,True
es,dédalo,m,maze,control,wiktionary:kaikki@2026-10-03,low,2.58,"maze, labyrinth (puzzle to get through)",,,,o,yes,,7.839057922363281,9.55885124206543,-0.028334220871329308,-5.528334379196167,,0.9760495451168782,5.500000158324838,True,3, dé|d|alo,right,right,known,True,8.698954582214355,m,True,True,m,True
de,Kamille,f,camomile,control,wiktionary:kaikki@2026-10-03,low,2.61,"camomile (plant of the genus Matricaria, particularly Matricaria recutita, German chamomile)",,,,,,,-6.865545272827148,-5.2432861328125,-5.390870571136475,-0.015870495233684778,-7.015870571136475,0.9899668286014425,-5.37500007590279,True,2, Kam|ille,right,right,known,True,-6.054415702819824,f,True,True,f,True
es,manzanilla,f,camomile,control,wiktionary:kaikki@2026-10-03,low,3.2,camomile,,,,a,yes,,-3.7698593139648438,-2.4699840545654297,-5.962090730667114,-0.024590754881501198,,0.9785336062052647,-5.937499975785613,True,3, man|zan|illa,right,right,known,True,-3.1199216842651367,f,True,True,f,True
de,Webstuhl,m,loom,control,wiktionary:kaikki@2026-10-03,low,2.59,loom (for weaving),,,,,,,5.7461090087890625,6.439355850219727,-0.05635746382176876,-4.181357383728027,-3.8063573837280273,0.9864775359504678,4.124999919906259,True,3, Web|st|uhl,right,right,known,True,6.0927324295043945,m,True,True,m,True
es,telar,m,loom,control,wiktionary:kaikki@2026-10-03,low,2.92,loom,,,,other,,,4.143444061279297,4.66717529296875,-0.031900668516755104,-3.9069007635116577,,0.990105672288782,3.8750000949949026,True,2, tel|ar,right,right,known,True,4.405309677124023,m,True,True,m,True
de,Vegetarismus,m,vegetarianism,control,wiktionary:kaikki@2026-10-03,low,2.52,vegetarianism,,,-ismus,,,,9.671008110046387,4.246801376342773,-0.10352121666073799,-2.853521227836609,-4.103521108627319,0.9758205145593903,2.750000011175871,True,4, Veget|ar|ism|us,right,right,known,True,6.95890474319458,m,True,True,m,True
es,vegetarianismo,m,vegetarianism,control,wiktionary:kaikki@2026-10-03,low,2.51,vegetarianism,,,,o,yes,,4.199625015258789,6.271167755126953,-0.04153980687260628,-4.041539907455444,,0.9768893156631877,4.000000100582838,True,2, vegetarian|ismo,right,right,known,True,5.235396385192871,m,True,True,m,True
de,Tüll,m,tulle,control,wiktionary:kaikki@2026-10-03,low,2.52,tulle (fabric),,,,,,,5.244596481323242,3.4570960998535156,-0.07865596190094948,-4.828655958175659,-2.828655958175659,0.9914477385079474,4.74999999627471,True,3, T|ü|ll,right,right,known,True,4.350846290588379,m,True,True,m,True
es,tul,m,tulle,control,wiktionary:kaikki@2026-10-03,low,2.78,tulle (material),,,,other,,,2.3242759704589844,1.0547409057617188,-0.11662041582167149,-2.616620361804962,,0.9826675863871033,2.4999999459832907,True,1, tul,right,right,known,True,1.6895084381103516,m,True,True,m,True
de,Eukalyptus,m,eucalyptus,control,wiktionary:kaikki@2026-10-03,low,2.52,eucalyptus (any of many trees of genus Eucalyptus),,,,,,,0.8450660705566406,2.8016910552978516,-0.08259223401546478,-3.0825921297073364,-4.520092248916626,0.979932650740398,2.9999998956918716,True,5, E|uk|aly|pt|us,unsure,right,unsure,False,1.823378562927246,m,True,True,m,True
es,eucalipto,m,eucalyptus,control,wiktionary:kaikki@2026-10-03,low,2.91,eucalyptus,,,,o,yes,,4.042165756225586,4.153678894042969,-0.022632322274148464,-5.647632360458374,,0.9811780059899972,5.625000038184226,True,4, e|uc|ali|pto,right,right,known,True,4.097922325134277,m,True,True,m,True
de,Gegenwind,m,headwind,single,wiktionary:kaikki@2026-10-03,low,3.44,headwind,,,,,,,10.060653686523438,7.614927291870117,-0.06391488574445248,-3.8139150142669678,-4.876415014266968,0.9688250629119766,3.7500001285225153,True,3, G|egen|wind,right,right,known,True,8.837790489196777,m,True,True,m,True
de,Kodex,m,code,single,wiktionary:kaikki@2026-10-03,low,3.28,code (compilation of written law),,,,,,,8.411697387695312,6.340057373046875,-0.07560049742460251,-4.513100624084473,-3.200600504875183,0.9876524906831223,4.43750012665987,True,2, Kod|ex,right,right,known,True,7.375877380371094,m,True,True,m,True
de,Speisesaal,m,dining hall,single,wiktionary:kaikki@2026-10-03,low,3.2,dining hall,,,,,,,7.559896469116211,6.815179824829102,-0.04806165397167206,-4.235561728477478,-4.0480616092681885,0.9862707269409434,4.187500074505806,True,3, Spe|ises|aal,right,right,known,True,7.187538146972656,m,True,True,m,True
de,Sonderfall,m,special case,single,wiktionary:kaikki@2026-10-03,low,3.2,special case,,,,,,,10.877866744995117,8.542272567749023,-1.0269534885883331,-2.3394535779953003,-1.7144535183906555,0.638362491292245,1.3125000894069672,True,3, Son|der|fall,right,right,known,True,9.71006965637207,m,True,True,m,True
de,Kurzurlaub,m,short vacation,single,wiktionary:kaikki@2026-10-03,low,3.09,short vacation,,,,,,,7.5069427490234375,4.170351028442383,-0.06724718026816845,-3.754747152328491,-4.004747152328491,0.984909925496653,3.6874999720603228,True,4, Kur|z|url|aub,right,right,known,True,5.83864688873291,m,True,True,m,True
de,Zauberstab,m,magic wand,single,wiktionary:kaikki@2026-10-03,low,3.05,magic wand,,,,,,,12.092636108398438,8.24195384979248,-0.02181890234351158,-5.0843188762664795,-5.5843188762664795,0.9895836687319575,5.062499973922968,True,3, Za|uber|stab,right,right,known,True,10.167294979095459,m,True,True,m,True
de,Leichtsinn,m,carelessness,single,wiktionary:kaikki@2026-10-03,low,3.0,"carelessness, recklessness",,,,,,,7.745816230773926,6.458988189697266,-0.10584731772542,-3.1683472394943237,-3.6683472394943237,0.9746867284555377,3.0624999217689037,True,4, Le|icht|s|inn,right,right,known,True,7.102402210235596,m,True,True,m,True
de,Familienname,m,surname,single,wiktionary:kaikki@2026-10-03,low,2.96,"surname, family name, last name",,,,,,,5.5708465576171875,4.584114074707031,-0.053893471136689186,-4.553893566131592,-3.6788934469223022,0.9853596885017974,4.500000094994903,True,3, Famil|ien|name,right,right,known,True,5.077480316162109,m,True,True,m,True
de,Stöpsel,m,plug,single,wiktionary:kaikki@2026-10-03,low,2.92,plug (something intended to plug),,,,,,,6.819606781005859,2.271200180053711,-0.3410285897552967,-2.341028571128845,-3.966028571128845,0.979932323266929,1.9999999813735485,True,4, St|ö|ps|el,right,right,known,True,4.545403480529785,m,True,True,m,True
de,Interessent,m,interested party,single,wiktionary:kaikki@2026-10-03,low,2.91,"interested party, prospective buyer",,,,,,,4.891246795654297,4.22492790222168,-0.04456411674618721,-4.1695640087127686,-4.9820640087127686,0.9828637154754278,4.124999891966581,True,3, Inter|ess|ent,right,right,known,True,4.558087348937988,m,True,True,m,True
de,Mikrokosmos,m,microcosm,single,wiktionary:kaikki@2026-10-03,low,2.83,microcosm,,,,,,,6.536834716796875,3.850574493408203,-0.08486093766987324,-4.272360920906067,-3.334860920906067,0.9794148754558607,4.187499983236194,True,4, Mik|rok|os|mos,right,right,known,True,5.193704605102539,m,True,True,m,True
de,Scheideweg,m,crossroads,single,wiktionary:kaikki@2026-10-03,low,2.82,crossroads (decisive turning point),,,,,,,5.623783111572266,7.090719223022461,-0.1666616089642048,-2.2916616201400757,-3.729161500930786,0.9812606213635382,2.125000011175871,True,4, Sche|id|ew|eg,right,right,known,True,6.357251167297363,m,True,True,m,True
de,Zahnstocher,m,toothpick,single,wiktionary:kaikki@2026-10-03,low,2.82,toothpick,,,,,,,6.825540542602539,6.547981262207031,-0.7768405927345157,-2.5893405973911285,-5.276840686798096,0.983656601646071,1.8125000046566129,False,5, Z|ahn|st|och|er,right,right,known,True,6.686760902404785,m,True,True,m,True
de,Banküberfall,m,bank raid,single,wiktionary:kaikki@2026-10-03,low,2.79,"bank raid, bank robbery, bank heist",,,,,,,7.793317794799805,11.805305480957031,-0.034408533945679665,-5.1594085693359375,-5.2219085693359375,0.9793549227875733,5.125000035390258,True,3, Bank|über|fall,right,right,known,True,9.799311637878418,m,True,True,m,True
de,Napf,m,small bowl,single,wiktionary:kaikki@2026-10-03,low,2.76,small bowl; cup; now chiefly to hold fodder for animals,,,,,,,8.798333168029785,4.552387237548828,-0.03373888786882162,-4.346238851547241,-4.721238851547241,0.9901544280081114,4.31249996367842,True,2, Nap|f,right,right,known,True,6.675360202789307,m,True,True,m,True
de,Hustensaft,m,cough syrup,single,wiktionary:kaikki@2026-10-03,low,2.7,cough syrup,,,,,,,9.267757415771484,7.953432083129883,-0.1344459243118763,-2.634445905685425,-3.384445905685425,0.9857898156283963,2.4999999813735485,True,3, Hust|ensa|ft,right,right,known,True,8.610594749450684,m,True,True,m,True
de,Barhocker,m,bar stool,single,wiktionary:kaikki@2026-10-03,low,2.69,"bar stool (a tall stool-like seat usually having a foot rest, commonly placed in bars)",,,,,,,5.147216796875,6.414915084838867,-0.5329000987112522,-2.282900243997574,-5.157900333404541,0.9719523798908023,1.7500001452863216,False,3, Bar|h|ocker,right,right,known,True,5.781065940856934,m,True,True,m,True
de,Mittelbau,m,in-between part of a building or other construction,single,wiktionary:kaikki@2026-10-03,low,2.65,in-between part of a building or other construction,,,,,,,9.37157154083252,4.951839447021484,-0.11318952590227127,-3.3631895780563354,-3.2381895780563354,0.9781801840697528,3.250000052154064,True,3, Mitt|el|bau,right,right,known,True,7.161705493927002,m,True,True,m,True
de,Moschus,m,musk,single,wiktionary:kaikki@2026-10-03,low,2.6,musk,,,,,,,5.04151725769043,3.887228012084961,-0.10918958485126495,-3.7341896295547485,-2.8591896295547485,0.9797044135759141,3.6250000447034836,True,3, Mos|ch|us,right,right,known,True,4.464372634887695,m,True,True,m,True
de,Firmenname,m,company name,single,wiktionary:kaikki@2026-10-03,low,2.6,company name,,,,,,,4.73421573638916,4.162969589233398,-0.639009028673172,-1.2640089988708496,-2.2640089988708496,0.9582230243671832,0.6249999701976776,False,3, Firm|en|name,right,right,known,True,4.448592662811279,m,True,True,m,True
de,Zwangsarbeit,f,forced labor,single,wiktionary:kaikki@2026-10-03,low,3.45,forced labor,,,,,,,-7.503496170043945,-4.676914215087891,-3.980295777320862,-0.04279579780995846,-5.417795896530151,0.9821024799975473,-3.9374999795109034,True,3, Zw|angs|arbeit,right,right,known,True,-6.090205192565918,f,True,True,f,True
de,Aktualität,f,relevance to the current time,single,wiktionary:kaikki@2026-10-03,low,3.43,"relevance to the current time, up-to-dateness, currentness",,,-tät,,,,-9.497234344482422,-4.929819107055664,-3.5047361850738525,-0.06723613291978836,-5.2547361850738525,0.9705648710202172,-3.437500052154064,True,3, Akt|ual|ität,right,right,known,True,-7.213526725769043,f,True,True,f,True
de,Bestandsaufnahme,f,stocktaking,single,wiktionary:kaikki@2026-10-03,low,3.41,stocktaking,,,,,,,-7.390566825866699,-3.677021026611328,-4.424043655395508,-0.049043700098991394,-6.236543655395508,0.9663998226784523,-4.374999955296516,True,4, Best|ands|auf|nahme,right,right,known,True,-5.533793926239014,f,True,True,f,True
de,Löschung,f,deletion,single,wiktionary:kaikki@2026-10-03,low,3.38,deletion,,,-ung,,,,-6.904563903808594,-3.6087818145751953,-3.613564610481262,-0.051064569503068924,-4.926064491271973,0.984702520777913,-3.5625000409781933,True,3, Lö|sch|ung,right,right,known,True,-5.2566728591918945,f,True,True,f,True
de,Rezession,f,recession,single,wiktionary:kaikki@2026-10-03,low,3.34,recession,,,-ion,,,,-10.377103805541992,-5.625356674194336,-3.912835121154785,-0.03783504106104374,-6.037835121154785,0.9855624704559103,-3.8750000800937414,True,3, Re|z|ession,right,right,known,True,-8.001230239868164,f,True,True,f,True
de,Grundsicherung,f,basic income benefit,single,wiktionary:kaikki@2026-10-03,low,3.31,basic income benefit,,,-ung,,,,-7.142374038696289,-7.181562423706055,-4.114473104476929,-0.05197311006486416,-4.739473104476929,0.9755451084383303,-4.0624999944120646,True,4, Gr|unds|icher|ung,right,right,known,True,-7.161968231201172,f,True,True,f,True
de,Präsidentschaftswahl,f,presidential election,single,wiktionary:kaikki@2026-10-03,low,3.28,"presidential election, presidential race",,,,,,,-7.397794723510742,-4.087289810180664,-5.585299253463745,-0.022799069993197918,-6.460299253463745,0.9830390120472975,-5.562500183470547,True,6, Pr|äs|idents|chaft|sw|ahl,right,right,known,True,-5.742542266845703,f,True,True,f,True
de,Farbgebung,f,colouring,single,wiktionary:kaikki@2026-10-03,low,3.19,colouring,,,-ung,,,,-8.715132713317871,-5.818120956420898,-3.977003812789917,-0.10200390592217445,-4.789503812789917,0.9311646020795727,-3.8749999068677425,True,3, Far|b|gebung,right,right,known,True,-7.266626834869385,f,True,True,f,True
de,Verschleppung,f,abduction,single,wiktionary:kaikki@2026-10-03,low,2.85,abduction,,,-ung,,,,-10.105897903442383,-7.6264190673828125,-3.1513774394989014,-0.08887751772999763,-4.651377439498901,0.970765779829879,-3.0624999217689037,True,5, Vers|ch|le|pp|ung,right,right,known,True,-8.866158485412598,f,True,True,f,True
de,Hauptwache,f,main guardhouse at the entry to a camp or other facility,single,wiktionary:kaikki@2026-10-03,low,2.82,main guardhouse at the entry to a camp or other facility,,,,,,,-7.311368942260742,-3.9791183471679688,-3.7954442501068115,-0.04544428363442421,-5.0454442501068115,0.985615097069287,-3.7499999664723873,True,3, Haupt|w|ache,right,right,known,True,-5.6452436447143555,f,True,True,f,True
de,Redundanz,f,redundancy,single,wiktionary:kaikki@2026-10-03,low,2.8,redundancy,,,-anz,,,,-7.422420501708984,-4.62432861328125,-3.0458250045776367,-0.29582490026950836,-4.170825004577637,0.8083755755559734,-2.7500001043081284,True,3, Red|und|anz,right,right,known,True,-6.023374557495117,f,True,True,f,True
de,Schattenseite,f,dark side,single,wiktionary:kaikki@2026-10-03,low,2.77,dark side; underbelly,,,,,,,-5.6695556640625,-3.038166046142578,-3.499606132507324,-0.06210613250732422,-4.562106132507324,0.9816599185736021,-3.4375,True,4, Sch|att|ense|ite,right,right,known,True,-4.353860855102539,f,True,True,f,True
de,Überschneidung,f,overlap,single,wiktionary:kaikki@2026-10-03,low,2.73,"overlap, intersection",,,-ung,,,,-9.605673789978027,-6.8196258544921875,-3.80838942527771,-0.058389533311128616,-4.74588942527771,0.9752482130438378,-3.7499998919665813,True,6, Ü|bers|ch|ne|id|ung,right,right,known,True,-8.212649822235107,f,True,True,f,True
de,Verletzlichkeit,f,vulnerability,single,wiktionary:kaikki@2026-10-03,low,2.72,vulnerability,,,-keit,,,,-9.071588516235352,-6.161075592041016,-4.654783487319946,-0.02978345099836588,-5.842283487319946,0.9832024397046925,-4.62500003632158,True,4, Ver|let|z|lichkeit,right,right,known,True,-7.616332054138184,f,True,True,f,True
de,Mittäterschaft,f,complicity,single,wiktionary:kaikki@2026-10-03,low,2.64,complicity,,,-schaft,,,,-9.554758071899414,-5.161289215087891,-2.6105904579162598,-0.173090398311615,-3.7980904579162598,0.9588830464395006,-2.4375000596046448,True,4, Mitt|ä|ters|chaft,right,right,known,True,-7.358023643493652,f,True,True,f,True
de,Stirnseite,f,front,single,wiktionary:kaikki@2026-10-03,low,2.62,front (of a structure),,,,,,,-5.050712585449219,-5.099546432495117,-3.3160988092422485,-0.06609878316521645,-4.753598690032959,0.9809716811290435,-3.250000026077032,True,3, Stir|n|seite,right,right,known,True,-5.075129508972168,f,True,True,f,True
de,Reinform,f,pure form,single,wiktionary:kaikki@2026-10-03,low,2.62,pure form,,,,,,,-2.3977890014648438,-1.853363037109375,-0.8657726943492889,-1.9907727241516113,-1.8657727241516113,0.7236635284169264,1.1250000298023224,True,2, Re|inform,right,right,known,True,-2.1255760192871094,f,True,True,m,False
de,Theaterbühne,f,theater stage,single,wiktionary:kaikki@2026-10-03,low,2.58,theater stage,,,,,,,-5.899507522583008,-4.630153656005859,-4.53450345993042,-0.03450338914990425,-4.65950345993042,0.986692825775354,-4.500000070780516,True,4, Theater|b|üh|ne,right,right,known,True,-5.264830589294434,f,True,True,f,True
de,Überlappung,f,overlap,single,wiktionary:kaikki@2026-10-03,low,2.53,"overlap, overlapping",,,-ung,,,,-6.067058563232422,-4.108766555786133,-3.6918195486068726,-0.06694742292165756,-4.5044474601745605,0.9716105379068269,-3.624872125685215,True,4, Über|l|app|ung,right,right,known,True,-5.087912559509277,f,True,True,f,True
de,Taxonomie,f,taxonomy,single,wiktionary:kaikki@2026-10-03,low,2.51,"taxonomy (science of finding, describing, classifying and naming organisms)",,,,,,,-9.259010314941406,-4.79597282409668,-3.8576056957244873,-0.10760563798248768,-5.232605695724487,0.9290411151707529,-3.7500000577419996,True,3, Tax|onom|ie,right,right,known,True,-7.027491569519043,f,True,True,f,True
de,Absatz,m,verbal noun of absetzen,single,wiktionary:kaikki@2026-10-03,mid,4.4,"verbal noun of absetzen (“to interrupt, put down, sit down”)",,,,,,,9.067891120910645,8.505626678466797,-0.07949032075703144,-3.204490303993225,-3.954490303993225,0.9896830968784911,3.1249999832361937,True,2, Abs|atz,right,right,known,True,8.78675889968872,m,True,True,m,True
de,Konflikt,m,conflict,single,wiktionary:kaikki@2026-10-03,mid,4.4,conflict,,,,,,,7.334403991699219,8.919740676879883,-0.021427261643111706,-5.583927392959595,-5.646427392959595,0.9880941375293744,5.562500131316483,True,4, Kon|f|li|kt,right,right,known,True,8.12707233428955,m,True,True,m,True
de,Haufen,m,heap,single,wiktionary:kaikki@2026-10-03,mid,4.35,"heap, hive, pile",,,,,,,8.430110931396484,7.156846046447754,-0.05445272848010063,-3.616952657699585,-5.741952657699585,0.9867131883025312,3.5624999292194843,True,2, Ha|ufen,right,right,known,True,7.793478488922119,m,True,True,m,True
de,Pokal,m,goblet,single,wiktionary:kaikki@2026-10-03,mid,4.28,"goblet, chalice",,,,,,,9.32502555847168,8.793493270874023,-0.030363349243998528,-5.155363321304321,-4.467863321304321,0.9912394424057881,5.124999972060323,True,2, Pok|al,right,right,known,True,9.059259414672852,m,True,True,m,True
de,Turm,m,tower,single,wiktionary:kaikki@2026-10-03,mid,4.19,"tower, spire (very tall building or structure, especially with a tapering top)",,,,,,,8.938323974609375,6.607253074645996,-0.023214993998408318,-5.210714817047119,-5.273214817047119,0.9888095188748707,5.187499823048711,True,2, Tur|m,right,right,known,True,7.7727885246276855,m,True,True,m,True
de,Kalender,m,calendar,single,wiktionary:kaikki@2026-10-03,mid,4.16,"calendar (means for determining dates, including documents containing date and other time information)",,,,,,,11.086040496826172,7.263128280639648,-0.05796757899224758,-5.120467662811279,-3.4329676628112793,0.9887438871141985,5.062500083819032,True,2, Kal|ender,right,right,known,True,9.17458438873291,m,True,True,m,True
de,Panzer,m,armour,single,wiktionary:kaikki@2026-10-03,mid,4.14,"armour, armour plating, shield",,,,,,,6.383537292480469,4.086883544921875,-0.14627458155155182,-2.5212745666503906,-3.583774447441101,0.9845484414995631,2.374999985098839,True,2, Pan|zer,right,right,known,True,5.235210418701172,m,True,True,m,True
de,Genuss,m,enjoyment,single,wiktionary:kaikki@2026-10-03,mid,4.14,"enjoyment, pleasure",,,,,,,7.208248138427734,6.503292083740234,-0.04251145012676716,-4.917511463165283,-4.105011582374573,0.9824763628179796,4.875000013038516,True,2, Gen|uss,right,right,known,True,6.855770111083984,m,True,True,m,True
de,Holocaust,m,holocaust,single,wiktionary:kaikki@2026-10-03,mid,4.03,a holocaust,,,,,,,10.274280548095703,3.4467296600341797,-0.07999930903315544,-4.079999208450317,-3.5174992084503174,0.9735831221536104,3.999999899417162,True,1, Holocaust,right,right,known,True,6.860505104064941,m,True,True,m,True
de,Saft,m,juice,single,wiktionary:kaikki@2026-10-03,mid,4.02,juice,,,,,,,7.409407615661621,3.9914684295654297,-0.032314358279109,-4.2823145389556885,-5.0323145389556885,0.9891620988023613,4.2500001806765795,True,2, Sa|ft,right,right,known,True,5.700438022613525,m,True,True,m,True
de,Selbstmord,m,suicide,single,wiktionary:kaikki@2026-10-03,mid,4.01,suicide,,,,,,,7.689943313598633,5.582889556884766,-0.07381058856844902,-4.448810577392578,-4.198810577392578,0.9564068471915332,4.374999988824129,True,3, Selbst|m|ord,right,right,known,True,6.636416435241699,m,True,True,m,True
de,Umstand,m,circumstance,single,wiktionary:kaikki@2026-10-03,mid,3.99,circumstance (an event; a fact; a particular incident),,,,,,,6.0491228103637695,6.735198020935059,-0.05868450365960598,-3.933684468269348,-4.496184349060059,0.9771926657958172,3.874999964609742,True,2, Um|stand,right,right,known,True,6.392160415649414,m,True,True,m,True
de,Wiederaufbau,m,reconstruction,single,wiktionary:kaikki@2026-10-03,mid,3.77,"reconstruction, rebuilding",,,,,,,9.918832778930664,7.5871124267578125,-0.08034832961857319,-3.2053483724594116,-4.267848372459412,0.9813554058748417,3.1250000428408384,True,5, W|ied|era|uf|bau,right,right,known,True,8.752972602844238,m,True,True,m,True
de,Zeitplan,m,timetable,single,wiktionary:kaikki@2026-10-03,mid,3.74,"timetable, schedule",,,,,,,8.425071716308594,6.576539993286133,-0.03855684958398342,-4.538556814193726,-4.413556814193726,0.9859058378006482,4.499999964609742,True,2, Zeit|plan,right,right,known,True,7.500805854797363,m,True,True,m,True
de,Nerv,m,nerve,single,wiktionary:kaikki@2026-10-03,mid,3.71,nerve,,,,,,,6.309993743896484,5.411825180053711,-0.03279642295092344,-4.720296382904053,-4.720296382904053,0.9864340660326029,4.687499959953129,True,2, N|erv,right,right,known,True,5.860909461975098,m,True,True,m,True
de,Oldtimer,m,vintage car,single,wiktionary:kaikki@2026-10-03,mid,3.65,vintage car; antique aircraft,,,,,,,5.362124443054199,3.910127639770508,-0.0390469366684556,-5.976546764373779,-3.851546883583069,0.9889750470226242,5.937499827705324,True,2, Old|timer,right,right,known,True,4.6361260414123535,m,True,True,m,True
de,Scheinwerfer,m,spotlight,single,wiktionary:kaikki@2026-10-03,mid,3.59,spotlight,,,,,,,0.4836587905883789,6.746123313903809,-0.1601322740316391,-2.4101322889328003,-3.4101322889328003,0.9818997943589314,2.250000014901161,True,4, Sche|in|wer|fer,unsure,right,unsure,False,3.6148910522460938,m,True,True,m,True
de,Einwand,m,objection,single,wiktionary:kaikki@2026-10-03,mid,3.57,objection (statement expressing opposition),,,,,,,6.903814315795898,4.882305145263672,-0.12330322712659836,-2.998303174972534,-3.373303174972534,0.9753643266301595,2.874999947845936,True,2, Ein|wand,right,right,known,True,5.893059730529785,m,True,True,m,True
de,Ableger,m,layer,single,wiktionary:kaikki@2026-10-03,mid,3.54,"layer, shoot of a plant",,,,,,,2.655162811279297,7.059465408325195,-0.1773054301738739,-2.1773054599761963,-4.239805459976196,0.980794805216978,2.0000000298023224,True,2, Able|ger,right,right,known,True,4.857314109802246,m,True,True,m,True
de,Befund,m,findings,single,wiktionary:kaikki@2026-10-03,mid,3.51,"findings, results",,,,,,,9.665075302124023,7.859480857849121,-0.22287160903215408,-2.4728716611862183,-2.5978716611862183,0.9656530881196088,2.250000052154064,True,3, B|ef|und,right,right,known,True,8.762278079986572,m,True,True,m,True
de,Aussicht,f,scenery,single,wiktionary:kaikki@2026-10-03,mid,4.37,"scenery, view, outlook (also figuratively)",,,,,,,-9.019120216369629,-7.985708236694336,-4.334870338439941,-0.02237028069794178,-7.022370338439941,0.9922140467931289,-4.312500057742,True,2, Auss|icht,right,right,known,True,-8.502414226531982,f,True,True,f,True
de,Provinz,f,province,single,wiktionary:kaikki@2026-10-03,mid,4.3,province (administrative subdivision),,,,,,,-10.240222930908203,-1.2083377838134766,-5.460744142532349,-0.02324416022747755,-5.960744142532349,0.9843097412756863,-5.437499982304871,True,3, Pro|vin|z,right,right,known,True,-5.72428035736084,f,True,True,f,True
de,Fähigkeit,f,ability,single,wiktionary:kaikki@2026-10-03,mid,4.26,"ability, capability",,,-keit,,,,-10.927861213684082,-5.401948928833008,-4.968409061431885,-0.030909160152077675,-5.093409061431885,0.9829696086130131,-4.937499901279807,True,3, F|äh|igkeit,right,right,known,True,-8.164905071258545,f,True,True,f,True
de,Katastrophe,f,catastrophe,single,wiktionary:kaikki@2026-10-03,mid,4.26,"catastrophe, disaster, calamity",,,,,,,-10.859217643737793,-4.520590782165527,-5.516266584396362,-0.01626673713326454,-6.953766584396362,0.9890592333164686,-5.499999847263098,True,3, Kata|st|rophe,right,right,known,True,-7.68990421295166,f,True,True,f,True
de,Maßnahme,f,measure,single,wiktionary:kaikki@2026-10-03,mid,4.19,measure (tactic or strategy),,,,,,,-7.113743782043457,-4.664424896240234,-5.20909571647644,-0.021595800295472145,-6.27159571647644,0.9870717613825702,-5.187499916180968,True,3, Ma|ß|nahme,right,right,known,True,-5.889084339141846,f,True,True,f,True
de,Reichweite,f,range,single,wiktionary:kaikki@2026-10-03,mid,4.19,"range (The maximum distance of a weapon, radio station, sensor, vehicle without refueling, etc.)",,,,,,,-8.68678092956543,-2.9618453979492188,-3.7976304292678833,-0.047630319371819496,-5.797630310058594,0.9790507177519564,-3.750000109896064,True,3, Reich|we|ite,right,right,known,True,-5.824313163757324,f,True,True,f,True
de,Formulierung,f,wording,single,wiktionary:kaikki@2026-10-03,mid,4.02,"wording, phrasing",,,-ung,,,,-12.20015811920166,-6.17833137512207,-2.5393980741500854,-0.35189810395240784,-3.1643980741500854,0.8275789160155398,-2.1874999701976776,True,3, Form|ul|ierung,right,right,known,True,-9.189244747161865,f,True,True,f,True
de,Lampe,f,lamp,single,wiktionary:kaikki@2026-10-03,mid,3.99,"lamp, light (piece of furniture, or fixture mounted on a wall or ceiling, holding one or more electric light sockets)",,,,,,,-6.984905242919922,-6.112547874450684,-6.824570178985596,-0.012070270255208015,-6.637070178985596,0.9904431273178116,-6.812499908730388,True,2, Lam|pe,right,right,known,True,-6.548726558685303,f,True,True,f,True
de,Abbildung,f,depiction,single,wiktionary:kaikki@2026-10-03,mid,3.96,"depiction, image, figure, picture, illustration",,,-ung,,,,-7.101705551147461,-4.633539199829102,-4.551318883895874,-0.051318926736712456,-4.301318883895874,0.9792824551506524,-4.499999957159162,True,3, Abb|ild|ung,right,right,known,True,-5.867622375488281,f,True,True,f,True
de,Soziologie,f,sociology,single,wiktionary:kaikki@2026-10-03,mid,3.9,sociology,,,,,,,-8.09133529663086,-3.167022705078125,-5.642285108566284,-0.01728520169854164,-6.579785108566284,0.9878644780045926,-5.6249999068677425,True,3, So|zi|ologie,right,right,known,True,-5.629179000854492,f,True,True,f,True
de,Erleichterung,f,relief,single,wiktionary:kaikki@2026-10-03,mid,3.84,relief,,,-ung,,,,-9.660383224487305,-6.0379180908203125,-4.5362184047698975,-0.036218524910509586,-6.0987184047698975,0.978356259626525,-4.499999879859388,True,5, Er|le|icht|er|ung,right,right,known,True,-7.849150657653809,f,True,True,f,True
de,Schöpfung,f,creation,single,wiktionary:kaikki@2026-10-03,mid,3.78,creation,,,-ung,,,,-11.528827667236328,-7.436307907104492,-3.7370359897613525,-0.04953594692051411,-5.1745359897613525,0.9840994777417874,-3.6875000428408384,True,4, Sch|ö|pf|ung,right,right,known,True,-9.48256778717041,f,True,True,f,True
de,Hauptrolle,f,lead,single,wiktionary:kaikki@2026-10-03,mid,3.77,lead (starring role in a drama),,,,,,,-4.396625518798828,-5.0292816162109375,-4.840216398239136,-0.027716413140296936,-6.152716398239136,0.9852377207262595,-4.812499985098839,True,3, Haupt|rol|le,right,right,known,True,-4.712953567504883,f,True,True,f,True
de,Beerdigung,f,burial,single,wiktionary:kaikki@2026-10-03,mid,3.73,burial,,,-ung,,,,-12.19871711730957,-4.928180694580078,-4.89418625831604,-0.01918626669794321,-6.26918625831604,0.990572653070366,-4.874999991618097,True,3, Be|erd|igung,right,right,known,True,-8.563448905944824,f,True,True,f,True
de,Flüchtlingspolitik,f,politics of refugee policies,single,wiktionary:kaikki@2026-10-03,mid,3.69,politics of refugee policies,,,-ik,,,,-8.833276748657227,-2.910381317138672,-4.410512924194336,-0.03551273047924042,-7.348012924194336,0.9779361733316765,-4.3750001937150955,True,7, Fl|ü|ch|tl|ings|polit|ik,right,right,known,True,-5.871829032897949,f,True,True,f,True
de,Tournee,f,tour,single,wiktionary:kaikki@2026-10-03,mid,3.66,tour,,,,,,,-5.054525375366211,-5.870882034301758,-5.080064535140991,-0.017564457841217518,-7.392564535140991,0.9897718263977322,-5.062500077299774,True,2, Tour|nee,right,right,known,True,-5.462703704833984,f,True,True,f,True
de,Fauna,f,fauna,single,wiktionary:kaikki@2026-10-03,mid,3.65,fauna,,,,,,,-12.676136016845703,-6.056003570556641,-3.3060531616210938,-0.05605320446193218,-5.431053161621094,0.9881712684589126,-3.2499999571591616,True,2, Fa|una,right,right,known,True,-9.366069793701172,f,True,True,f,True
de,Hypothese,f,hypothesis,single,wiktionary:kaikki@2026-10-03,mid,3.62,hypothesis,,,,,,,-8.093076705932617,-4.347648620605469,-5.956181287765503,-0.018681304529309273,-6.768681287765503,0.985504380069455,-5.937499983236194,True,3, Hyp|oth|ese,right,right,known,True,-6.220362663269043,f,True,True,f,True
de,Dämmerung,f,twilight at the beginning or end of a day,single,wiktionary:kaikki@2026-10-03,mid,3.54,"twilight at the beginning or end of a day, dawn and dusk",,,-ung,,,,-7.089265823364258,-2.482269287109375,-4.16003942489624,-0.03503940813243389,-5.78503942489624,0.984462350784048,-4.125000016763806,True,4, D|äm|mer|ung,right,right,known,True,-4.785767555236816,f,True,True,f,True
de,Sohle,f,sole,single,wiktionary:kaikki@2026-10-03,mid,3.52,sole (of the foot/shoe),,,,,,,-9.506452560424805,-2.914854049682617,-3.6686915159225464,-0.043691571801900864,-5.168691635131836,0.990598328034622,-3.6249999441206455,True,3, So|h|le,right,right,known,True,-6.210653305053711,f,True,True,f,True
de,Tod,m,death,single,wiktionary:kaikki@2026-10-03,high,5.16,death,,,,,,,12.687969207763672,8.033811569213867,-0.022833202965557575,-6.085333347320557,-6.335333347320557,0.9814879691781533,6.062500144354999,True,1, Tod,right,right,known,True,10.36089038848877,m,True,True,m,True
de,Januar,m,january,single,wiktionary:kaikki@2026-10-03,high,5.03,"January (the first month of the Gregorian calendar, following the December of the previous year and preceding February)",,,,,,,9.408212661743164,6.794965744018555,-0.016023936681449413,-7.703523874282837,-6.141024112701416,0.9877970798780575,7.6874999376013875,True,2, Jan|uar,right,right,known,True,8.10158920288086,m,True,True,m,True
de,Körper,m,body,single,wiktionary:kaikki@2026-10-03,high,5.0,"body (of a person, animal, etc.)",,,,,,,10.84890365600586,5.270437240600586,-0.05323939956724644,-4.115739345550537,-4.053239345550537,0.9847497449802112,4.062499945983291,True,1, Körper,right,right,known,True,8.059670448303223,m,True,True,m,True
de,Kreis,m,circle,single,wiktionary:kaikki@2026-10-03,high,5.0,circle,,,,,,,11.26955795288086,10.310347557067871,-0.0316026471555233,-4.156602740287781,-5.65660285949707,0.9915765643918772,4.1250000931322575,True,2, Kre|is,right,right,known,True,10.789952754974365,m,True,True,m,True
de,Punkt,m,dot,single,wiktionary:kaikki@2026-10-03,high,5.0,dot (marking an abbreviation),,,,,,,19.000916481018066,5.8849334716796875,-0.05963594280183315,-3.934635877609253,-3.997135877609253,0.9855299317732331,3.8749999348074198,True,2, P|unkt,right,right,known,True,12.442924976348877,m,True,True,m,True
de,Sport,m,sport,single,wiktionary:kaikki@2026-10-03,high,4.97,sport (athletic activity that uses physical skills competitively under a set of rules),,,,,,,10.194550514221191,5.066248893737793,-0.09482697769999504,-4.282326936721802,-2.9698269367218018,0.9863386086303446,4.187499959021807,True,1, Sport,right,right,known,True,7.630399703979492,m,True,True,m,True
de,Beitrag,m,contribution,single,wiktionary:kaikki@2026-10-03,high,4.91,contribution (something given or offered that adds to a larger whole),,,,,,,10.817371368408203,5.649198532104492,-0.05912924185395241,-3.809129238128662,-4.184129238128662,0.985652944615687,3.7499999962747097,True,1, Beitrag,right,right,known,True,8.233284950256348,m,True,True,m,True
de,Urlaub,m,holiday,single,wiktionary:kaikki@2026-10-03,high,4.83,"holiday, vacation",,,,,,,10.792219161987305,3.9944496154785156,-0.03140497300773859,-4.156405091285706,-5.093904972076416,0.9919468798054369,4.125000118277967,True,2, Url|aub,right,right,known,True,7.39333438873291,m,True,True,m,True
de,Verlag,m,publishing house,single,wiktionary:kaikki@2026-10-03,high,4.75,"publishing house, publisher (a company that produces and sells books, booklets, magazines)",,,,,,,11.01318645477295,5.793622970581055,-0.014466302003711462,-5.764466285705566,-6.264466285705566,0.9914578573898201,5.749999983701855,True,2, Ver|lag,right,right,known,True,8.403404712677002,m,True,True,m,True
de,Brief,m,letter,single,wiktionary:kaikki@2026-10-03,high,4.71,letter (written message),,,,,,,7.51212215423584,5.948613166809082,-0.036193366162478924,-4.286193370819092,-4.473693370819092,0.9911197475685034,4.250000004656613,True,1, Brief,right,right,known,True,6.730367660522461,m,True,True,m,True
de,Mittwoch,m,wednesday,single,wiktionary:kaikki@2026-10-03,high,4.69,Wednesday,,,,,,,8.398345947265625,7.73647403717041,-0.018015390262007713,-6.643015384674072,-7.268015384674072,0.9847366332661374,6.6249999944120646,True,3, Mitt|wo|ch,right,right,known,True,8.067409992218018,m,True,True,m,True
de,Norden,m,north,single,wiktionary:kaikki@2026-10-03,high,4.65,north (direction),,,,,,,11.028055191040039,3.5912399291992188,-0.018338009249418974,-5.955837965011597,-5.830837965011597,0.9896318495929708,5.937499955762178,True,2, N|orden,right,right,known,True,7.309647560119629,m,True,True,m,True
de,Antrag,m,application,single,wiktionary:kaikki@2026-10-03,high,4.62,"application, request",,,,,,,7.85240364074707,6.129547119140625,-0.029438456520438194,-4.591938495635986,-4.841938495635986,0.9918859729565105,4.562500039115548,True,2, An|trag,right,right,known,True,6.990975379943848,m,True,True,m,True
de,Abstand,m,distance,single,wiktionary:kaikki@2026-10-03,high,4.62,"distance, interspace, spacing, interval, gap",,,,,,,11.42294692993164,8.558780670166016,-0.02224747557193041,-5.584747552871704,-6.272247552871704,0.9849388712455593,5.562500077299774,True,2, Ab|stand,right,right,known,True,9.990863800048828,m,True,True,m,True
de,Umgang,m,dealings,single,wiktionary:kaikki@2026-10-03,high,4.61,"dealings, (social) intercourse",,,,,,,10.229791641235352,4.066221237182617,-0.06790253333747387,-3.6929025650024414,-4.380402565002441,0.9754290668540249,3.6250000316649675,True,3, U|mg|ang,right,right,known,True,7.148006439208984,m,True,True,m,True
de,Anlass,m,cause,single,wiktionary:kaikki@2026-10-03,high,4.57,"cause, starting, motive, occasion",,,,,,,7.900888442993164,4.355581283569336,-0.04103343281894922,-5.228533506393433,-3.978533387184143,0.9901626084830322,5.187500073574483,True,2, An|lass,right,right,known,True,6.12823486328125,m,True,True,m,True
de,Unterricht,m,lesson,single,wiktionary:kaikki@2026-10-03,high,4.57,"lesson, class, instruction, education",,,,,,,10.619900703430176,5.31852912902832,-0.017618997022509575,-5.2676191329956055,-5.9551191329956055,0.9906955483714668,5.250000135973096,True,3, Unt|err|icht,right,right,known,True,7.969214916229248,m,True,True,m,True
de,Ausdruck,m,expression,single,wiktionary:kaikki@2026-10-03,high,4.53,"expression, term",,,,,,,7.548037528991699,5.242112159729004,-0.17638396844267845,-3.3638839721679688,-3.1138839721679688,0.9597324819800599,3.1875000037252903,True,3, Aus|dr|uck,right,right,known,True,6.395074844360352,m,True,True,m,True
de,Standort,m,location,single,wiktionary:kaikki@2026-10-03,high,4.53,"location, place, site",,,,,,,11.848522186279297,3.921393394470215,-0.055591169744729996,-3.930591344833374,-4.555591344833374,0.9781430996803412,3.875000175088644,True,2, Stand|ort,right,right,known,True,7.884957790374756,m,True,True,m,True
de,Hass,m,hatred,single,wiktionary:kaikki@2026-10-03,high,4.5,"hatred, hate",,,,,,,7.047145843505859,5.539121627807617,-0.032492684200406075,-4.594992637634277,-5.219992637634277,0.9838124154863435,4.562499953433871,True,1, Hass,right,right,known,True,6.293133735656738,m,True,True,m,True
de,Art,f,kind,single,wiktionary:kaikki@2026-10-03,high,5.51,"kind, sort, type",,,,,,,-5.202310562133789,-3.3500490188598633,-0.7140733599662781,-0.9640733599662781,-2.464073419570923,0.9585078461292926,0.25,True,1, Art,right,right,known,True,-4.276179790496826,f,True,True,m,False
de,Gesellschaft,f,company,single,wiktionary:kaikki@2026-10-03,high,5.28,company (presence of other people in general),,,-schaft,,,,-10.624767303466797,-7.047506332397461,-5.334237813949585,-0.021737747825682163,-6.209237813949585,0.9856026086671923,-5.312500066123903,True,2, Ges|ellschaft,right,right,known,True,-8.836136817932129,f,True,True,f,True
de,Entwicklung,f,evolution,single,wiktionary:kaikki@2026-10-03,high,5.18,evolution,,,-ung,,,,-8.470605850219727,-3.850942611694336,-3.5471303462982178,-0.047130435705184937,-6.609630346298218,0.98531879992461,-3.499999910593033,True,1, Entwicklung,right,right,known,True,-6.160774230957031,f,True,True,f,True
de,Kultur,f,culture,single,wiktionary:kaikki@2026-10-03,high,5.02,culture,,,-ur,,,,-12.900938034057617,-4.629634857177734,-5.082045555114746,-0.019545492250472307,-6.332045555114746,0.98954916379839,-5.062500062864274,True,2, K|ultur,right,right,known,True,-8.765286445617676,f,True,True,f,True
de,Gewalt,f,strong or violent force,single,wiktionary:kaikki@2026-10-03,high,4.9,strong or violent force,,,,,,,-9.067777633666992,-4.563577651977539,-3.8525975942611694,-0.04009763244539499,-5.540097713470459,0.9879978031083771,-3.8124999618157744,True,2, Gew|alt,right,right,known,True,-6.815677642822266,f,True,True,f,True
de,Energie,f,energy,single,wiktionary:kaikki@2026-10-03,high,4.81,energy,,,,,,,-8.890273094177246,-1.4888668060302734,-5.454041957855225,-0.0165419802069664,-6.891541957855225,0.9891693620176765,-5.437499977648258,True,2, E|nergie,right,right,known,True,-5.18956995010376,f,True,True,f,True
de,Vergangenheit,f,past,single,wiktionary:kaikki@2026-10-03,high,4.79,the past (time),,,-heit,,,,-12.039043426513672,-7.553565979003906,-3.858121156692505,-0.04562123119831085,-5.608121156692505,0.981539531258874,-3.812499925494194,True,3, Verg|angen|heit,right,right,known,True,-9.796304702758789,f,True,True,f,True
de,Umgebung,f,environment,single,wiktionary:kaikki@2026-10-03,high,4.78,"environment (area around something), vicinity, surroundings",,,-ung,,,,-11.936017990112305,-5.023381233215332,-4.717227935791016,-0.029727919027209282,-5.654727935791016,0.9834157818917986,-4.687500016763806,True,2, Um|gebung,right,right,known,True,-8.479699611663818,f,True,True,f,True
de,Behandlung,f,treatment,single,wiktionary:kaikki@2026-10-03,high,4.74,treatment,,,-ung,,,,-8.18155288696289,-4.0496625900268555,-4.218652248382568,-0.031152172945439816,-5.781152248382568,0.9873799813974777,-4.1875000754371285,True,3, Beh|and|lung,right,right,known,True,-6.115607738494873,f,True,True,f,True
de,Mehrheit,f,majority,single,wiktionary:kaikki@2026-10-03,high,4.73,majority; bulk,,,-heit,,,,-13.675043106079102,-4.877021789550781,-3.731598377227783,-0.10659842565655708,-5.419098377227783,0.9286325251731125,-3.624999951571226,True,2, Mehr|heit,right,right,known,True,-9.276032447814941,f,True,True,f,True
de,Öffentlichkeit,f,public,single,wiktionary:kaikki@2026-10-03,high,4.69,public,,,-keit,,,,-11.257712364196777,-4.3876800537109375,-4.4689435958862305,-0.03144371882081032,-6.0939435958862305,0.9839000197918424,-4.43749987706542,True,4, Ö|ff|entlich|keit,right,right,known,True,-7.822696208953857,f,True,True,f,True
de,Produktion,f,production,single,wiktionary:kaikki@2026-10-03,high,4.68,production,,,-ion,,,,-10.846179962158203,-3.0896997451782227,-4.097004413604736,-0.034504396840929985,-5.784504413604736,0.9871927556457105,-4.062500016763806,True,2, Produ|ktion,right,right,known,True,-6.967939853668213,f,True,True,f,True
de,Länge,f,length,single,wiktionary:kaikki@2026-10-03,high,4.64,length,,,,,,,-8.567136764526367,-5.598420143127441,-4.220135450363159,-0.03263523615896702,-6.720135450363159,0.9838467276625175,-4.187500214204192,True,2, L|änge,right,right,known,True,-7.082778453826904,f,True,True,f,True
de,Vorstellung,f,idea,single,wiktionary:kaikki@2026-10-03,high,4.63,"idea, image, representation (the transcript, image, or picture of a visible object that is formed by the mind)",,,-ung,,,,-6.14970588684082,-4.375012397766113,-5.0177459716796875,-0.01774593163281679,-6.7677459716796875,0.9905325439458947,-5.000000040046871,True,2, Vor|stellung,right,right,known,True,-5.262359142303467,f,True,True,f,True
de,Bühne,f,stage,single,wiktionary:kaikki@2026-10-03,high,4.62,"stage (typically elevated space in front of a room for concerts, theater and other performances)",,,,,,,-8.193678855895996,-3.682462692260742,-5.5115227699279785,-0.011522747110575438,-6.8865227699279785,0.9943227288730868,-5.500000022817403,True,3, B|üh|ne,right,right,known,True,-5.938070774078369,f,True,True,f,True
de,Medizin,f,medicine,single,wiktionary:kaikki@2026-10-03,high,4.56,medicine (the study of disease and treatment; the profession based thereon),,,,,,,-8.675665855407715,-4.0307159423828125,-6.323890447616577,-0.011390266474336386,-6.636390447616577,0.9921310686566192,-6.312500181142241,True,2, Med|izin,right,right,known,True,-6.353190898895264,f,True,True,f,True
de,Ausnahme,f,exception,single,wiktionary:kaikki@2026-10-03,high,4.56,exception,,,,,,,-4.833526611328125,-7.955413818359375,-2.913736581802368,-0.41373656690120697,-3.351236581802368,0.7515527920505933,-2.500000014901161,True,2, Aus|nahme,right,right,known,True,-6.39447021484375,f,True,True,f,True
de,Kommunikation,f,communication,single,wiktionary:kaikki@2026-10-03,high,4.55,"communication, exchange of signs",,,-ion,,,,-9.150127410888672,-5.363582611083984,-3.740723490715027,-0.05322342552244663,-5.990723609924316,0.9761456563195869,-3.6875000651925802,True,3, Komm|unik|ation,right,right,known,True,-7.256855010986328,f,True,True,f,True
de,Einstellung,f,attitude,single,wiktionary:kaikki@2026-10-03,high,4.54,"attitude, mindset, disposition",,,-ung,,,,-4.784038543701172,-8.386407852172852,-4.714598655700684,-0.0273525295779109,-6.027352333068848,0.9845828607449063,-4.687246126122773,True,3, E|inst|ellung,right,right,known,True,-6.585223197937012,f,True,True,f,True
de,Krise,f,crisis,single,wiktionary:kaikki@2026-10-03,high,4.51,crisis (unstable situation),,,,,,,-7.018486022949219,-2.7402477264404297,-4.399948358535767,-0.024948363192379475,-6.837448358535767,0.9899427701859647,-4.374999995343387,True,2, Kr|ise,right,right,known,True,-4.879366874694824,f,True,True,f,True
es,cloruro,m,chloride,single,wiktionary:kaikki@2026-10-03,low,3.27,chloride,,,,o,yes,,3.005340576171875,6.45020866394043,-0.015392249915748835,-5.390392303466797,,0.989321720015375,5.375000053551048,True,3, cl|or|uro,right,right,known,True,4.727774620056152,m,True,True,m,True
es,pluralismo,m,pluralism,single,wiktionary:kaikki@2026-10-03,low,3.27,pluralism,,,,o,yes,,6.033969879150391,4.633947372436523,-0.1430257260799408,-3.268025755882263,,0.9055033227967796,3.1250000298023224,True,2, plural|ismo,right,right,known,True,5.333958625793457,m,True,True,m,True
es,anzuelo,m,hook,single,wiktionary:kaikki@2026-10-03,low,3.12,"hook, fishhook",,,,o,yes,,5.090520858764648,5.475858688354492,-0.021059125661849976,-5.271059036254883,,0.9849550797968761,5.249999910593033,True,3, anz|uel|o,right,right,known,True,5.28318977355957,m,True,True,m,True
es,tapiz,m,tapestry,single,wiktionary:kaikki@2026-10-03,low,3.06,tapestry,,,,other,,,4.221637725830078,4.052453994750977,-0.017444778233766556,-5.017444610595703,,0.9893294594161981,4.999999832361937,True,2, tap|iz,right,right,known,True,4.137045860290527,m,True,True,m,True
es,espécimen,m,specimen,single,wiktionary:kaikki@2026-10-03,low,3.05,specimen,,,,other,,,6.293391227722168,8.116928100585938,-0.05792083218693733,-3.807920813560486,,0.9659189378156947,3.7499999813735485,True,3, esp|éc|imen,right,right,known,True,7.205159664154053,m,True,True,m,True
es,talco,m,talc,single,wiktionary:kaikki@2026-10-03,low,3.02,talc,,,,o,yes,,4.207208633422852,3.787120819091797,-0.0191663121804595,-5.019166469573975,,0.9878324643159822,5.000000157393515,True,2, tal|co,right,right,known,True,3.997164726257324,m,True,True,m,True
es,reflujo,m,ebb,single,wiktionary:kaikki@2026-10-03,low,2.96,ebb,,,,o,yes,,2.481255531311035,1.7800350189208984,-0.04453424736857414,-3.794534206390381,,0.9796318925318863,3.7499999590218067,True,3, re|flu|jo,right,right,known,True,2.130645275115967,m,True,True,m,True
es,prostíbulo,m,brothel,single,wiktionary:kaikki@2026-10-03,low,2.95,"brothel, whorehouse",,,,o,yes,,11.310229301452637,6.442758560180664,-0.04504729062318802,-4.295047283172607,,0.970012998495964,4.249999992549419,True,4, prost|í|b|ulo,right,right,known,True,8.87649393081665,m,True,True,m,True
es,gulag,m,gulag,single,wiktionary:kaikki@2026-10-03,low,2.92,gulag,,,,other,,,1.72723388671875,2.403959274291992,-0.05576900579035282,-4.430768966674805,,0.9577643680492112,4.374999960884452,True,2, gul|ag,right,right,known,True,2.065596580505371,m,True,True,m,True
es,racionalismo,m,rationalism,single,wiktionary:kaikki@2026-10-03,low,2.89,rationalism (theory that the basis of knowledge is reason),,,,o,yes,,7.608465194702148,6.254070281982422,-0.034890929237008095,-4.28489089012146,,0.979486058124731,4.249999960884452,True,3, rac|ional|ismo,right,right,known,True,6.931267738342285,m,True,True,m,True
es,ciberespacio,m,cyberspace,single,wiktionary:kaikki@2026-10-03,low,2.82,cyberspace,,,,o,yes,,5.111920356750488,4.573522567749023,-0.0319826640188694,-5.281982660293579,,0.9736061717950122,5.24999999627471,True,4, c|iber|esp|acio,right,right,known,True,4.842721462249756,m,True,True,m,True
es,sarro,m,tartar,single,wiktionary:kaikki@2026-10-03,low,2.74,tartar,,,,o,yes,,4.670446395874023,4.342617034912109,-0.09374787658452988,-2.718747854232788,,0.9808372985035823,2.624999977648258,True,2, sar|ro,right,right,known,True,4.506531715393066,m,True,True,m,True
es,tilo,m,basswood,single,wiktionary:kaikki@2026-10-03,low,2.69,"basswood, limewood, linden wood",,,,o,yes,,3.0486888885498047,1.9589786529541016,-0.06480081100016832,-4.06480085849762,,0.9769581000488158,4.000000047497451,True,2, til|o,right,right,known,True,2.503833770751953,m,True,True,m,True
es,varadero,m,dry dock,single,wiktionary:kaikki@2026-10-03,low,2.67,dry dock,,,,o,yes,,1.5373954772949219,0.6843833923339844,-0.06432302854955196,-3.6893230676651,,0.9628871033862538,3.625000039115548,True,2, var|adero,right,unsure,unsure,False,1.1108894348144531,m,True,True,m,True
es,acatamiento,m,observance,single,wiktionary:kaikki@2026-10-03,low,2.66,"observance, compliance",,,,o,yes,,2.328397750854492,2.6155853271484375,-0.029471170157194138,-4.904471397399902,,0.9784311839555633,4.875000227242708,True,3, ac|at|amiento,right,right,known,True,2.471991539001465,m,True,True,m,True
es,lirismo,m,lyricism,single,wiktionary:kaikki@2026-10-03,low,2.65,lyricism,,,,o,yes,,1.5961132049560547,3.360837936401367,-0.03002907522022724,-4.405029058456421,,0.982728536702717,4.374999983236194,True,3, l|ir|ismo,right,right,known,True,2.478475570678711,m,True,True,m,True
es,lesbianismo,m,lesbianism,single,wiktionary:kaikki@2026-10-03,low,2.61,lesbianism,,,,o,yes,,5.705316543579102,2.3320369720458984,-0.08760739117860794,-3.0876073837280273,,0.9630953549672999,2.9999999925494194,True,2, lesbian|ismo,right,right,known,True,4.0186767578125,m,True,True,m,True
es,gamonal,m,white asphodel plantation or wood,single,wiktionary:kaikki@2026-10-03,low,2.55,white asphodel plantation or wood,,,,other,,,1.2889900207519531,3.452341079711914,-0.11097224801778793,-2.9859721660614014,,0.964751975465251,2.8749999180436134,True,2, gam|onal,right,right,known,True,2.3706655502319336,m,True,True,m,True
es,escorbuto,m,scurvy,single,wiktionary:kaikki@2026-10-03,low,2.52,scurvy,,,,o,yes,,1.5121164321899414,5.2321624755859375,-0.04849430173635483,-3.673494338989258,,0.9782448797631105,3.625000037252903,True,3, esc|orb|uto,right,right,known,True,3.3721394538879395,m,True,True,m,True
es,asidero,m,handle,single,wiktionary:kaikki@2026-10-03,low,2.51,handle; hold (something to grab),,,,o,yes,,5.286783218383789,3.5503101348876953,-0.03898786939680576,-3.9139879941940308,,0.983117941383884,3.875000124797225,True,3, as|ider|o,right,right,known,True,4.418546676635742,m,True,True,m,True
es,comprobación,f,check,single,wiktionary:kaikki@2026-10-03,low,3.49,"check, checking, verification, ascertainment, crosscheck (act of inspecting or verifying)",,,,other,,,-6.94093132019043,-6.381582260131836,-4.426441550254822,-0.051441581919789314,,0.974826045877801,-4.3749999683350325,True,3, com|prob|ación,right,right,known,True,-6.661256790161133,f,True,True,f,True
es,seducción,f,seduction,single,wiktionary:kaikki@2026-10-03,low,3.38,seduction,,,,other,,,-6.263080596923828,-4.882139205932617,-4.419867277145386,-0.044867198914289474,,0.9730261785519743,-4.375000078231096,True,2, sed|ucción,right,right,known,True,-5.572609901428223,f,True,True,f,True
es,cisterna,f,cistern,single,wiktionary:kaikki@2026-10-03,low,3.29,cistern,,,,a,yes,,-0.6543598175048828,-2.924724578857422,-4.771611452102661,-0.02161156665533781,,0.9881593290413933,-4.749999885447323,True,3, c|ist|erna,unsure,right,unsure,False,-1.7895421981811523,f,True,True,f,True
es,sustentabilidad,f,sustainability,single,wiktionary:kaikki@2026-10-03,low,3.26,sustainability,,,,other,,,-3.9176101684570312,-0.8704738616943359,-4.064204216003418,-0.06420421600341797,,0.9555252795473499,-4.0,True,3, sust|ent|abilidad,right,unsure,unsure,False,-2.3940420150756836,f,True,True,f,True
es,herejía,f,heresy,single,wiktionary:kaikki@2026-10-03,low,3.23,heresy,,,,a,yes,,-2.395768165588379,-5.733068466186523,-5.3991076946258545,-0.0241076722741127,,0.9810254107137457,-5.375000022351742,True,3, here|j|ía,right,right,known,True,-4.064418315887451,f,True,True,f,True
es,legitimación,f,authentication,single,wiktionary:kaikki@2026-10-03,low,3.21,"authentication, legitimation",,,,other,,,-10.445815086364746,-7.966085433959961,-4.540658950805664,-0.04065903928130865,,0.973940291387264,-4.499999911524355,True,2, legitim|ación,right,right,known,True,-9.205950260162354,f,True,True,f,True
es,hipnosis,f,hypnosis,single,wiktionary:kaikki@2026-10-03,low,3.09,hypnosis,,,,other,,,-4.549452781677246,-2.0665454864501953,-4.528381586074829,-0.02838148083537817,,0.9841795217160194,-4.500000105239451,True,2, hip|nosis,right,right,known,True,-3.3079991340637207,f,True,True,f,True
es,picadura,f,sting,single,wiktionary:kaikki@2026-10-03,low,3.05,"sting, bite e.g. from a snake or insect",,,,a,yes,,-4.690517425537109,-2.3825244903564453,-5.522828578948975,-0.022828715853393078,,0.9819433153838835,-5.4999998630955815,True,3, pic|ad|ura,right,right,known,True,-3.5365209579467773,f,True,True,f,True
es,reedición,f,reprint,single,wiktionary:kaikki@2026-10-03,low,3.0,reprint,,,,other,,,-5.4494781494140625,-4.227542877197266,-4.777767181396484,-0.02776703704148531,,0.9820996923648009,-4.750000144354999,True,3, re|ed|ición,right,right,known,True,-4.838510513305664,f,True,True,f,True
es,incautación,f,confiscation,single,wiktionary:kaikki@2026-10-03,low,2.96,"confiscation, seizure, seizing, impoundment, impounding",,,,other,,,-5.343999862670898,-8.091236114501953,-4.90042781829834,-0.025427750311791897,,0.9828668909863751,-4.875000067986548,True,4, in|ca|ut|ación,right,right,known,True,-6.717617988586426,f,True,True,f,True
es,intercepción,f,interception,single,wiktionary:kaikki@2026-10-03,low,2.84,interception,,,,other,,,-6.16688346862793,-5.168064117431641,-4.41008448600769,-0.03508451394736767,,0.9785370407759124,-4.374999972060323,True,3, inter|ce|pción,right,right,known,True,-5.667473793029785,f,True,True,f,True
es,facilitación,f,facilitation,single,wiktionary:kaikki@2026-10-03,low,2.82,facilitation,,,,other,,,-8.008946418762207,-6.316867828369141,-3.9445931911468506,-0.06959313899278641,,0.9598720165955913,-3.875000052154064,True,2, facilit|ación,right,right,known,True,-7.162907123565674,f,True,True,f,True
es,urticaria,f,urticaria,single,wiktionary:kaikki@2026-10-03,low,2.78,urticaria,,,,a,yes,,-4.555082321166992,-1.3029861450195312,-4.408540964126587,-0.03354086261242628,,0.9800487049388533,-4.375000101514161,True,3, ur|tic|aria,right,right,known,True,-2.9290342330932617,f,True,True,f,True
es,perplejidad,f,perplexity,single,wiktionary:kaikki@2026-10-03,low,2.76,perplexity,,,,other,,,-8.429645538330078,-10.684446334838867,-4.291939973831177,-0.04193996824324131,,0.9730364716993628,-4.2500000055879354,True,4, per|ple|j|idad,right,right,known,True,-9.557045936584473,f,True,True,f,True
es,carnada,f,bait,single,wiktionary:kaikki@2026-10-03,low,2.74,bait,,,,a,yes,,-2.7548437118530273,-6.061372756958008,-3.554102301597595,-0.05410220008343458,,0.9840936067075068,-3.5000001015141606,True,2, carn|ada,right,right,known,True,-4.408108234405518,f,True,True,f,True
es,liana,f,liana,single,wiktionary:kaikki@2026-10-03,low,2.72,"liana (a climbing woody vine, usually tropical)",,,,a,yes,,-4.096158981323242,-4.08221435546875,-5.025130987167358,-0.02513114269822836,,0.9819631480918156,-4.99999984446913,True,2, li|ana,right,right,known,True,-4.089186668395996,f,True,True,f,True
es,botica,f,drugstore,single,wiktionary:kaikki@2026-10-03,low,2.71,"drugstore, pharmacy",,,,a,yes,,-5.609622955322266,-3.8579940795898438,-5.7689738273620605,-0.018973906058818102,,0.9847286184678603,-5.7499999213032424,True,2, bot|ica,right,right,known,True,-4.733808517456055,f,True,True,f,True
es,bisexualidad,f,bisexuality,single,wiktionary:kaikki@2026-10-03,low,2.59,bisexuality,,,,other,,,-6.069019317626953,-4.840057373046875,-3.3345041275024414,-0.08450410515069962,,0.9646661921278907,-3.250000022351742,True,2, bisexual|idad,right,right,known,True,-5.454538345336914,f,True,True,f,True
es,carambola,f,star fruit,single,wiktionary:kaikki@2026-10-03,low,2.54,star fruit,,,,a,yes,,-5.143913269042969,-7.407785415649414,-3.206461191177368,-0.08146112598478794,,0.970078969518529,-3.1250000651925802,True,4, c|aram|b|ola,right,right,known,True,-6.275849342346191,f,True,True,f,True
es,discontinuidad,f,discontinuity,single,wiktionary:kaikki@2026-10-03,low,2.54,discontinuity,,,,other,,,-5.938831329345703,-7.218527793884277,-5.161757946014404,-0.036757905036211014,,0.9708111306189027,-5.125000040978193,True,3, discontin|uid|ad,right,right,known,True,-6.57867956161499,f,True,True,f,True
es,rol,m,role,single,wiktionary:kaikki@2026-10-03,mid,4.49,role,,,,other,,,5.202350616455078,3.390474319458008,-0.08798823133111,-2.962988257408142,,0.9709090145926121,2.875000026077032,True,1, rol,right,right,known,True,4.296412467956543,m,True,True,m,True
es,episodio,m,episode,single,wiktionary:kaikki@2026-10-03,mid,4.4,episode (installment of a drama told in parts),,,,o,yes,,3.3297576904296875,5.51338005065918,-0.01680890005081892,-5.766808748245239,,0.9864652428380438,5.74999984819442,True,3, epis|od|io,right,right,known,True,4.421568870544434,m,True,True,m,True
es,asco,m,disgust,single,wiktionary:kaikki@2026-10-03,mid,4.37,disgust,,,,o,yes,,7.71954345703125,5.755155563354492,-0.03051171638071537,-5.655511856079102,,0.9735630041342587,5.625000139698386,True,2, as|co,right,right,known,True,6.737349510192871,m,True,True,m,True
es,órgano,m,organ,single,wiktionary:kaikki@2026-10-03,mid,4.35,organ (a larger part of an organism),,,,o,yes,,4.402682304382324,5.188854217529297,-0.03368828818202019,-4.283688306808472,,0.9810917890057005,4.2500000186264515,True,2, órg|ano,right,right,known,True,4.7957682609558105,m,True,True,m,True
es,paisaje,m,landscape,single,wiktionary:kaikki@2026-10-03,mid,4.3,landscape (the view of an area of land),,,,other,,,5.893038749694824,4.142332077026367,-0.020533790811896324,-5.520533800125122,,0.9838263582649758,5.500000009313226,True,2, pais|aje,right,right,known,True,5.017685413360596,m,True,True,m,True
es,acento,m,accent,single,wiktionary:kaikki@2026-10-03,mid,4.1,accent (typographical line),,,,o,yes,,9.402460098266602,5.449808120727539,-0.04009445570409298,-3.665094494819641,,0.9864955021103335,3.625000039115548,True,3, a|cent|o,right,right,known,True,7.42613410949707,m,True,True,m,True
es,énfasis,m,emphasis,single,wiktionary:kaikki@2026-10-03,mid,4.08,emphasis,,,,other,,,4.890409469604492,3.5166187286376953,-0.09959001839160919,-2.9745900630950928,,0.9597313209979701,2.8750000447034836,True,3, é|nf|asis,right,right,known,True,4.203514099121094,m,True,True,m,True
es,batallón,m,battalion,single,wiktionary:kaikki@2026-10-03,mid,3.88,battalion,,,,other,,,5.4866790771484375,3.837291717529297,-0.016382356639951468,-5.391382455825806,,0.9883424300415121,5.375000099185854,True,3, bat|all|ón,right,right,known,True,4.661985397338867,m,True,True,m,True
es,llanto,m,crying,single,wiktionary:kaikki@2026-10-03,mid,3.81,crying,,,,o,yes,,8.75930404663086,4.190858840942383,-0.02896473929286003,-5.0289647579193115,,0.9782007722737216,5.0000000186264515,True,2, ll|anto,right,right,known,True,6.475081443786621,m,True,True,m,True
es,aplauso,m,applause,single,wiktionary:kaikki@2026-10-03,mid,3.79,applause (act of applauding),,,,o,yes,,5.5367584228515625,5.911510467529297,-0.02915852889418602,-4.529158592224121,,0.9823909278115331,4.500000063329935,True,3, apl|aus|o,right,right,known,True,5.72413444519043,m,True,True,m,True
es,hábitat,m,habitat,single,wiktionary:kaikki@2026-10-03,mid,3.7,habitat (natural conditions in which a plant or animal lives),,,,other,,,3.591841697692871,6.310035705566406,-0.03586255759000778,-4.410862684249878,,0.9770115108764037,4.37500012665987,True,3, há|bit|at,right,right,known,True,4.950938701629639,m,True,True,m,True
es,caño,m,tube or pipe,single,wiktionary:kaikki@2026-10-03,mid,3.67,tube or pipe,,,,o,yes,,3.996044158935547,3.3112716674804688,-0.024461567401885986,-4.399461507797241,,0.9882169244188918,4.374999940395355,True,2, ca|ño,right,right,known,True,3.653657913208008,m,True,True,m,True
es,vencimiento,m,defeat,single,wiktionary:kaikki@2026-10-03,mid,3.63,"defeat, collapse",,,,o,yes,,4.221487998962402,4.288013458251953,-0.13609353080391884,-2.261093497276306,,0.9777257053365964,2.1249999664723873,True,3, v|enc|imiento,right,right,known,True,4.254750728607178,m,True,True,m,True
es,lodo,m,mud,single,wiktionary:kaikki@2026-10-03,mid,3.63,mud; muck; mire,,,,o,yes,,2.9546947479248047,2.267324447631836,-0.02868670877069235,-4.153686761856079,,0.9875501184883599,4.125000053085387,True,2, l|odo,right,right,known,True,2.6110095977783203,m,True,True,m,True
es,vinagre,m,vinegar,single,wiktionary:kaikki@2026-10-03,mid,3.61,vinegar (a sour liquid formed by the fermentation of alcohol used as a condiment or preservative),,,,other,,,7.317146301269531,6.670169830322266,-0.016517687123268843,-5.266517877578735,,0.9887799310478811,5.2500001904554665,True,3, vin|ag|re,right,right,known,True,6.993658065795898,m,True,True,m,True
es,empoderamiento,m,empowerment,single,wiktionary:kaikki@2026-10-03,mid,3.58,"empowerment, empowering",,,,o,yes,,7.2298688888549805,6.13435173034668,-0.05521894246339798,-4.3052191734313965,,0.9597872684709996,4.2500002309679985,True,3, emp|oder|amiento,right,right,known,True,6.68211030960083,m,True,True,m,True
es,telón,m,curtain,single,wiktionary:kaikki@2026-10-03,mid,3.58,curtain,,,,other,,,9.302055358886719,10.120563507080078,-0.0145750199444592,-5.139575004577637,,0.9914373664892913,5.1249999846331775,True,2, tel|ón,right,right,known,True,9.711309432983398,m,True,True,m,True
es,nitrógeno,m,nitrogen,single,wiktionary:kaikki@2026-10-03,mid,3.55,nitrogen,,,,o,yes,,2.8276443481445312,3.7139148712158203,-0.017278424464166164,-6.017278432846069,,0.9853093000696269,6.000000008381903,True,5, n|itr|ó|gen|o,right,right,known,True,3.270779609680176,m,True,True,m,True
es,escalón,m,step,single,wiktionary:kaikki@2026-10-03,mid,3.51,"step (of a ladder, staircase)",,,,other,,,5.5364179611206055,9.223846435546875,-0.018902544397860765,-4.893902540206909,,0.9902665716330208,4.874999995809048,True,2, escal|ón,right,right,known,True,7.38013219833374,m,True,True,m,True
es,aval,m,endorsement,single,wiktionary:kaikki@2026-10-03,mid,3.51,endorsement,,,,other,,,7.46442985534668,6.742557525634766,-0.26428184658288956,-1.6392818689346313,,0.9630878256696818,1.3750000223517418,True,1, aval,right,right,known,True,7.103493690490723,m,True,True,m,True
es,cooperación,f,cooperation,single,wiktionary:kaikki@2026-10-03,mid,4.49,cooperation,,,,other,,,-10.355175971984863,-4.110012054443359,-5.028015613555908,-0.02801560889929533,,0.9797555103126404,-5.000000004656613,True,2, cooper|ación,right,right,known,True,-7.232594013214111,f,True,True,f,True
es,raíz,f,root,single,wiktionary:kaikki@2026-10-03,mid,4.46,root; root vegetable,,,,other,,,-4.1650896072387695,-4.201345443725586,-4.896876573562622,-0.02187660150229931,,0.9863586846305575,-4.874999972060323,True,3, ra|í|z,right,right,known,True,-4.183217525482178,f,True,True,f,True
es,identificación,f,identification,single,wiktionary:kaikki@2026-10-03,mid,4.39,identification,,,,other,,,-7.105192184448242,-3.692659378051758,-3.205222487449646,-0.08022240921854973,,0.971277893273806,-3.1250000782310963,True,2, ident|ificación,right,right,known,True,-5.39892578125,f,True,True,f,True
es,depresión,f,depression,single,wiktionary:kaikki@2026-10-03,mid,4.33,depression,,,,other,,,-11.637001037597656,-7.22171688079834,-4.541355848312378,-0.04135562386363745,,0.971527799523149,-4.5000002244487405,True,3, dep|res|ión,right,right,known,True,-9.429358959197998,f,True,True,f,True
es,finalidad,f,purpose,single,wiktionary:kaikki@2026-10-03,mid,4.27,"purpose, objective, aim",,,,other,,,-7.996770858764648,-4.129312515258789,-3.245877981185913,-0.12087792903184891,,0.9253809274856426,-3.125000052154064,True,2, final|idad,right,right,known,True,-6.063041687011719,f,True,True,f,True
es,grabación,f,recording,single,wiktionary:kaikki@2026-10-03,mid,4.21,recording (an activity or result),,,,other,,,-6.7508697509765625,-8.122319221496582,-4.282022476196289,-0.032022373750805855,,0.9840390247988471,-4.250000102445483,True,2, grab|ación,right,right,known,True,-7.436594486236572,f,True,True,f,True
es,integridad,f,integrity,single,wiktionary:kaikki@2026-10-03,mid,4.16,integrity,,,,other,,,-4.485068321228027,-3.5735111236572266,-4.659961938858032,-0.03496187273412943,,0.9770148048851509,-4.625000066123903,True,3, integ|rid|ad,right,right,known,True,-4.029289722442627,f,True,True,f,True
es,coincidencia,f,coincidence,single,wiktionary:kaikki@2026-10-03,mid,4.04,coincidence,,,,a,yes,,-7.490257263183594,-7.095037460327148,-5.409181118011475,-0.03418118413537741,,0.9712308742680983,-5.374999933876097,True,3, coinc|id|encia,right,right,known,True,-7.292647361755371,f,True,True,f,True
es,comarca,f,district,single,wiktionary:kaikki@2026-10-03,mid,3.95,district,,,,a,yes,,-6.158588409423828,-4.246908187866211,-4.9677839279174805,-0.030283882282674313,,0.9788276558311607,-4.937500045634806,True,3, com|ar|ca,right,right,known,True,-5.2027482986450195,f,True,True,f,True
es,validez,f,validity,single,wiktionary:kaikki@2026-10-03,mid,3.93,validity,,,,other,,,-6.052730560302734,-4.340564727783203,-4.530030965805054,-0.030031013302505016,,0.9825611028693453,-4.499999952502549,True,2, valide|z,right,right,known,True,-5.196647644042969,f,True,True,f,True
es,pascua,f,easter,single,wiktionary:kaikki@2026-10-03,mid,3.93,Easter,,,,a,yes,,-4.347095489501953,-2.6821765899658203,-3.811893939971924,-0.061893951147794724,,0.973753091574957,-3.749999988824129,True,3, p|asc|ua,right,right,known,True,-3.5146360397338867,f,True,True,f,True
es,procesión,f,procession,single,wiktionary:kaikki@2026-10-03,mid,3.8,procession (act of progressing or proceeding),,,,other,,,-8.251595497131348,-7.189353942871094,-5.893991947174072,-0.018991867545992136,,0.9841451430401035,-5.87500007962808,True,2, proces|ión,right,right,known,True,-7.720474720001221,f,True,True,f,True
es,dominación,f,domination,single,wiktionary:kaikki@2026-10-03,mid,3.73,domination,,,,other,,,-7.766951560974121,-6.570819854736328,-4.287476539611816,-0.03747649025171995,,0.9786862682107227,-4.2500000493600965,True,2, domin|ación,right,right,known,True,-7.168885707855225,f,True,True,f,True
es,brisa,f,breeze,single,wiktionary:kaikki@2026-10-03,mid,3.69,breeze,,,,a,yes,,-6.0455827713012695,-6.420839309692383,-4.898346662521362,-0.023346534930169582,,0.9849132160609124,-4.875000127591193,True,2, br|isa,right,right,known,True,-6.233211040496826,f,True,True,f,True
es,convergencia,f,convergence,single,wiktionary:kaikki@2026-10-03,mid,3.65,"convergence, convergency",,,,a,yes,,-7.12603759765625,-4.647159576416016,-5.154154539108276,-0.029154649004340172,,0.978210259808092,-5.124999890103936,True,3, conver|g|encia,right,right,known,True,-5.886598587036133,f,True,True,f,True
es,obediencia,f,obedience,single,wiktionary:kaikki@2026-10-03,mid,3.58,obedience,,,,a,yes,,-7.692914009094238,-3.5293655395507812,-5.267211437225342,-0.017211248632520437,,0.9887507551576897,-5.250000188592821,True,3, ob|edi|encia,right,right,known,True,-5.61113977432251,f,True,True,f,True
es,guarnición,f,garrison,single,wiktionary:kaikki@2026-10-03,mid,3.58,garrison,,,,other,,,-6.15904426574707,-2.158578872680664,-2.718556046485901,-0.0935559906065464,,0.9771389783879473,-2.6250000558793545,True,3, gu|arn|ición,right,right,known,True,-4.158811569213867,f,True,True,f,True
es,descomposición,f,decomposition,single,wiktionary:kaikki@2026-10-03,mid,3.58,decomposition,,,,other,,,-6.127408981323242,-3.2209396362304688,-5.291067838668823,-0.04106776602566242,,0.9654495240028944,-5.250000072643161,True,3, des|com|posición,right,right,known,True,-4.6741743087768555,f,True,True,f,True
es,parálisis,f,paralysis,single,wiktionary:kaikki@2026-10-03,mid,3.57,paralysis,,,,other,,,-3.0471038818359375,-1.9870262145996094,-4.655471682548523,-0.03047157544642687,,0.986094479092467,-4.625000107102096,True,3, par|ál|isis,right,right,known,True,-2.5170650482177734,f,True,True,f,True
es,cavidad,f,cavity,single,wiktionary:kaikki@2026-10-03,mid,3.54,cavity,,,,other,,,-3.4557838439941406,-6.725902557373047,-3.7903218269348145,-0.0403217114508152,,0.9837654958541739,-3.7500001154839993,True,2, cav|idad,right,right,known,True,-5.090843200683594,f,True,True,f,True
es,tiempo,m,time,single,wiktionary:kaikki@2026-10-03,high,5.97,time,,,,o,yes,,7.755288600921631,4.798426628112793,-0.021030577830970287,-5.27103066444397,,0.9843306758541042,5.250000086612999,True,1, tiempo,right,right,known,True,6.276857614517212,m,True,True,m,True
es,año,m,year,single,wiktionary:kaikki@2026-10-03,high,5.88,year,,,,o,yes,,5.561304092407227,3.796937942504883,-0.03729490749537945,-5.787294864654541,,0.966469074579513,5.749999957159162,True,1, año,right,right,known,True,4.679121017456055,m,True,True,m,True
es,país,m,country,single,wiktionary:kaikki@2026-10-03,high,5.78,country (the territory of a nation),,,,other,,,5.743800163269043,5.885658264160156,-0.02033468708395958,-5.645334720611572,,0.9834326354068267,5.625000033527613,True,1, país,right,right,known,True,5.8147292137146,m,True,True,m,True
es,marzo,m,march,single,wiktionary:kaikki@2026-10-03,high,5.22,March,,,,o,yes,,0.5544052124023438,-0.32736968994140625,-0.04470108821988106,-6.857201099395752,,0.957363866613058,6.812500011175871,True,1, marzo,unsure,unsure,unsure,False,0.11351776123046875,m,True,False,m,True
es,modo,m,way,single,wiktionary:kaikki@2026-10-03,high,5.19,"way, manner",,,,o,yes,,5.911731719970703,5.126639366149902,-0.05562944710254669,-4.05562949180603,,0.9632184293990078,4.000000044703484,True,1, modo,right,right,known,True,5.519185543060303,m,True,True,m,True
es,movimiento,m,movement,single,wiktionary:kaikki@2026-10-03,high,5.16,movement (physical motion between points in space),,,,o,yes,,7.167333602905273,6.367806434631348,-0.035092610865831375,-4.16009259223938,,0.9812480747790226,4.1249999813735485,True,1, movimiento,right,right,known,True,6.7675700187683105,m,True,True,m,True
es,sector,m,section,single,wiktionary:kaikki@2026-10-03,high,5.04,section,,,,other,,,9.269287109375,5.1423187255859375,-0.026389661245048046,-4.4013895988464355,,0.9863109748490055,4.3749999376013875,True,1, sector,right,right,known,True,7.205802917480469,m,True,True,m,True
es,brasil,m,brazil,single,wiktionary:kaikki@2026-10-03,high,5.0,"brazil, brazilwood",,,,other,,,3.320261001586914,-1.4576129913330078,-0.05343946814537048,-4.803439378738403,,0.956422606975716,4.749999910593033,True,2, br|asil,right,wrong,conflict,False,0.9313240051269531,m,True,False,m,True
es,texto,m,text,single,wiktionary:kaikki@2026-10-03,high,4.98,text,,,,o,yes,,6.811007499694824,7.517751693725586,-0.02871616557240486,-4.778716325759888,,0.9811761009718388,4.750000160187483,True,1, texto,right,right,known,True,7.164379596710205,m,True,True,m,True
es,riesgo,m,risk,single,wiktionary:kaikki@2026-10-03,high,4.89,risk; the possibility of harm or an unfavorable outcome from random chance,,,,o,yes,,6.272883415222168,6.105439186096191,-0.013500249944627285,-6.388500213623047,,0.9882875940723601,6.37499996367842,True,2, ries|go,right,right,known,True,6.18916130065918,m,True,True,m,True
es,producto,m,product,single,wiktionary:kaikki@2026-10-03,high,4.88,"product, commodity, item",,,,o,yes,,5.717502593994141,5.69830322265625,-0.04529881663620472,-4.17029881477356,,0.971291490076875,4.124999998137355,True,1, producto,right,right,known,True,5.707902908325195,m,True,True,m,True
es,parque,m,park,single,wiktionary:kaikki@2026-10-03,high,4.85,park,,,,other,,,6.089275360107422,5.036870002746582,-0.015567731577903032,-7.203067779541016,,0.9853106505238626,7.187500047963113,True,2, par|que,right,right,known,True,5.563072681427002,m,True,True,m,True
es,periodo,m,period,single,wiktionary:kaikki@2026-10-03,high,4.73,"period, menstrual cycle",,,,o,yes,,4.900732040405273,3.835134506225586,-0.03654673136770725,-4.16154670715332,,0.9798210990166492,4.124999975785613,True,1, periodo,right,right,known,True,4.36793327331543,m,True,True,m,True
es,foro,m,forum,single,wiktionary:kaikki@2026-10-03,high,4.67,forum (a place for discussion),,,,o,yes,,6.6647539138793945,4.693886756896973,-0.030498264357447624,-4.655498266220093,,0.9795453419419259,4.625000001862645,True,2, for|o,right,right,known,True,5.679320335388184,m,True,True,m,True
es,turismo,m,tourism,single,wiktionary:kaikki@2026-10-03,high,4.63,tourism,,,,o,yes,,7.199052810668945,3.8840465545654297,-0.02506775315850973,-4.6500678062438965,,0.9848791967161307,4.625000053085387,True,2, tur|ismo,right,right,known,True,5.5415496826171875,m,True,True,m,True
es,desastre,m,disaster,single,wiktionary:kaikki@2026-10-03,high,4.56,"disaster, catastrophe, calamity",,,,other,,,6.911163330078125,6.951135635375977,-0.025502492673695087,-5.275502443313599,,0.9799356042508427,5.2499999506399035,True,3, des|ast|re,right,right,known,True,6.931149482727051,m,True,True,m,True
es,jardín,m,garden,single,wiktionary:kaikki@2026-10-03,high,4.56,garden,,,,other,,,8.712879180908203,4.43466854095459,-0.010038541164249182,-7.072538375854492,,0.9909980172253335,7.062499834690243,True,3, j|ard|ín,right,right,known,True,6.5737738609313965,m,True,True,m,True
es,cabello,m,hair,single,wiktionary:kaikki@2026-10-03,high,4.54,hair (mass of hairs),,,,o,yes,,6.498500823974609,4.537269592285156,-0.017501204274594784,-5.517501354217529,,0.9866679100356875,5.5000001499429345,True,2, cabel|lo,right,right,known,True,5.517885208129883,m,True,True,m,True
es,barco,m,boat,single,wiktionary:kaikki@2026-10-03,high,4.52,boat (usually with a concave hull),,,,o,yes,,6.683197975158691,8.303717613220215,-0.018503231927752495,-4.893503189086914,,0.9896918176690552,4.874999957159162,True,2, bar|co,right,right,known,True,7.493457794189453,m,True,True,m,True
es,entrenamiento,m,training,single,wiktionary:kaikki@2026-10-03,high,4.5,"training, workout",,,,o,yes,,5.571828842163086,4.051835060119629,-0.02751944772899151,-4.777519464492798,,0.9812805089066157,4.750000016763806,True,2, entren|amiento,right,right,known,True,4.811831951141357,m,True,True,m,True
es,ley,f,law,single,wiktionary:kaikki@2026-10-03,high,5.6,law (a well-established characteristic of nature),,,,other,,,-7.297598838806152,-9.908548355102539,-5.534298419952393,-0.03429833333939314,,0.9703591527056279,-5.500000086612999,True,1, ley,right,right,known,True,-8.603073596954346,f,True,True,f,True
es,muerte,f,death,single,wiktionary:kaikki@2026-10-03,high,5.43,death (the cessation of life),,,,other,,,-7.010251998901367,-4.079652786254883,-5.523598670959473,-0.023598751984536648,,0.9807950567022221,-5.499999918974936,True,2, mu|erte,right,right,known,True,-5.544952392578125,f,True,True,f,True
es,imagen,f,image,single,wiktionary:kaikki@2026-10-03,high,5.2,image,,,,other,,,-6.405185699462891,-5.966401100158691,-5.837786674499512,-0.025286600925028324,,0.978984988331818,-5.812500073574483,True,1, imagen,right,right,known,True,-6.185793399810791,f,True,True,f,True
es,investigación,f,investigation,single,wiktionary:kaikki@2026-10-03,high,5.17,investigation,,,,other,,,-6.986106872558594,-3.919767379760742,-4.167485237121582,-0.0424851356074214,,0.9770048133316879,-4.125000101514161,True,1, investigación,right,right,known,True,-5.452937126159668,f,True,True,f,True
es,producción,f,production,single,wiktionary:kaikki@2026-10-03,high,5.15,production,,,,other,,,-6.80565071105957,-5.565177917480469,-4.653781414031982,-0.028781416825950146,,0.9830600425086706,-4.624999997206032,True,1, producción,right,right,known,True,-6.1854143142700195,f,True,True,f,True
es,crisis,f,crisis,single,wiktionary:kaikki@2026-10-03,high,5.02,crisis,,,,other,,,-6.663407325744629,-4.4386186599731445,-5.779130220413208,-0.02913025487214327,,0.9747809567134339,-5.749999965541065,True,1, crisis,right,right,known,True,-5.551012992858887,f,True,True,f,True
es,fiesta,f,party,single,wiktionary:kaikki@2026-10-03,high,4.99,party,,,,a,yes,,-6.9648542404174805,-6.945657730102539,-5.765472412109375,-0.01547229615971446,,0.9878796541594126,-5.7500001159496605,True,2, fi|esta,right,right,known,True,-6.95525598526001,f,True,True,f,True
es,democracia,f,democracy,single,wiktionary:kaikki@2026-10-03,high,4.93,democracy (rule by the people),,,,a,yes,,-9.738282203674316,-7.965265274047852,-5.158189058303833,-0.033189063891768456,,0.9735166123945025,-5.1249999944120646,True,2, democr|acia,right,right,known,True,-8.851773738861084,f,True,True,f,True
es,caja,f,box,single,wiktionary:kaikki@2026-10-03,high,4.82,"box, case",,,,a,yes,,-3.9898014068603516,-7.686550140380859,-6.138254880905151,-0.013254988938570023,,0.9891444972111485,-6.124999891966581,True,2, c|aja,right,right,known,True,-5.8381757736206055,f,True,True,f,True
es,intención,f,intention,single,wiktionary:kaikki@2026-10-03,high,4.76,intention,,,,other,,,-7.82615852355957,-4.736233711242676,-4.530465126037598,-0.030465079471468925,,0.9839112630192374,-4.500000046566129,True,2, int|ención,right,right,known,True,-6.281196117401123,f,True,True,f,True
es,biblioteca,f,library,single,wiktionary:kaikki@2026-10-03,high,4.69,library,,,,a,yes,,-8.78038501739502,-5.850645065307617,-5.775729656219482,-0.025729591958224773,,0.9780950786666271,-5.750000064261258,True,2, bibli|oteca,right,right,known,True,-7.315515041351318,f,True,True,f,True
es,frase,f,phrase,single,wiktionary:kaikki@2026-10-03,high,4.68,phrase,,,,other,,,-4.113264083862305,-7.154085159301758,-4.081339359283447,-0.08133932948112488,,0.9392928448207054,-4.000000029802322,True,1, frase,right,right,known,True,-5.633674621582031,f,True,True,f,True
es,presidencia,f,presidency,single,wiktionary:kaikki@2026-10-03,high,4.68,presidency,,,,a,yes,,-4.393355369567871,-3.6275100708007812,-5.026220083236694,-0.02622003387659788,,0.980684300127846,-5.0000000493600965,True,3, pres|id|encia,right,right,known,True,-4.010432720184326,f,True,True,f,True
es,vivienda,f,housing,single,wiktionary:kaikki@2026-10-03,high,4.61,"housing, dwelling",,,,a,yes,,-6.7933807373046875,-3.8977184295654297,-4.161720514297485,-0.03672045562416315,,0.98061893303619,-4.125000058673322,True,2, viv|ienda,right,right,known,True,-5.345549583435059,f,True,True,f,True
es,disposición,f,disposal,single,wiktionary:kaikki@2026-10-03,high,4.61,disposal,,,,other,,,-4.366586685180664,-7.61135196685791,-4.659241199493408,-0.03424128424376249,,0.977735123040605,-4.624999915249646,True,2, dispos|ición,right,right,known,True,-5.988969326019287,f,True,True,f,True
es,filosofía,f,philosophy,single,wiktionary:kaikki@2026-10-03,high,4.59,philosophy,,,,a,yes,,-7.348097801208496,-7.2410736083984375,-4.782942533493042,-0.03294246271252632,,0.9784278971537155,-4.750000070780516,True,4, fil|os|of|ía,right,right,known,True,-7.294585704803467,f,True,True,f,True
es,peña,f,rock,single,wiktionary:kaikki@2026-10-03,high,4.56,"a rock, stone, cliff or outcropping",,,,a,yes,,-4.222560882568359,-1.3174972534179688,-4.780371427536011,-0.030371512286365032,,0.9795434036811642,-4.749999915249646,True,2, pe|ña,right,right,known,True,-2.770029067993164,f,True,True,f,True
es,temperatura,f,temperature,single,wiktionary:kaikki@2026-10-03,high,4.55,temperature,,,,a,yes,,-5.967192649841309,-5.718017578125,-4.654131174087524,-0.029131285846233368,,0.9814823694368908,-4.624999888241291,True,1, temperatura,right,right,known,True,-5.842605113983154,f,True,True,f,True
es,variedad,f,variety,single,wiktionary:kaikki@2026-10-03,high,4.55,variety,,,,other,,,-7.314654350280762,-7.357933044433594,-4.535102128982544,-0.03510219044983387,,0.9776031827344538,-4.49999993853271,True,2, varied|ad,right,right,known,True,-7.336293697357178,f,True,True,f,True
es,ventaja,f,advantage,single,wiktionary:kaikki@2026-10-03,high,4.51,"advantage, upper hand, edge",,,,a,yes,,-4.256989479064941,-7.065570831298828,-6.3919453620910645,-0.01694549899548292,,0.9852107779343766,-6.3749998630955815,True,2, vent|aja,right,right,known,True,-5.661280155181885,f,True,True,f,True
