lang,lemma,gender,concept_en,set,source,freq_bin,zipf,gloss,cited_in,check,de_suffix,es_ending,es_regular,es_exception,ctx1_margin,ctx2_margin,meta_lp_m,meta_lp_f,meta_lp_other,meta_mass,meta_margin,meta_order_agree,n_tokens,tokens,ctx1_verdict,ctx2_verdict,status,passed,ctx_margin,ctx_pred,ctx_correct,frames_agree,meta_pred,meta_correct
de,Apfel,m,apple,classic,wiktionary:kaikki@2026-10-03,mid,4.03,apple (fruit),K;M,,,,,,8.68596076965332,4.258636474609375,-0.08266836032271385,-2.8482933044433594,-4.7936060428619385,0.9883686107185897,2.7656249441206455,True,2, Ap|fel,right,right,known,True,6.472298622131348,m,True,True,m,True
es,manzana,f,apple,classic,wiktionary:kaikki@2026-10-03,mid,4.15,apple,K;M,,,,,,-2.8552494049072266,-2.531047821044922,-4.564583778381348,-0.04895872808992863,,0.963368165901829,-4.515625050291419,True,3, man|z|ana,right,right,known,True,-2.693148612976074,f,True,True,f,True
de,Pfeil,m,arrow,classic,wiktionary:kaikki@2026-10-03,mid,3.85,arrow (missile),K;M,,,,,,7.075531005859375,3.5225791931152344,-0.22210577875375748,-1.7846058011054993,-3.979918360710144,0.988005659979106,1.5625000223517418,True,3, P|fe|il,right,right,known,True,5.299055099487305,m,True,True,m,True
es,flecha,f,arrow,classic,wiktionary:kaikki@2026-10-03,mid,3.84,"arrow (projectile, symbol)",K;M,,,,,,-5.84511661529541,-6.979318618774414,-2.751794457435608,-0.0955444723367691,,0.9762504168277866,-2.656249985098839,True,2, fle|cha,right,right,known,True,-6.412217617034912,f,True,True,f,True
de,Stiefel,m,boot,classic,wiktionary:kaikki@2026-10-03,mid,3.94,boot (shoe),K,,,,,,6.730691909790039,2.1736221313476562,-1.0899337083101273,-0.6836837157607079,-5.433683633804321,0.9901651060826883,-0.4062499925494194,False,3, St|ief|el,right,right,known,True,4.452157020568848,m,True,True,f,False
es,bota,f,boot,classic,wiktionary:kaikki@2026-10-03,mid,3.56,boot,K,,,,,,-3.8951492309570312,-4.375204086303711,-1.034294843673706,-0.47960734367370605,,0.9811355745822097,-0.5546875,True,2, b|ota,right,right,known,True,-4.135176658630371,f,True,True,f,True
de,Besen,m,broom,classic,wiktionary:kaikki@2026-10-03,low,3.49,broom,K,,,,,,7.539791107177734,2.6422557830810547,-0.06636935286223888,-3.066369414329529,-5.191369295120239,0.990619499245813,3.00000006146729,True,2, Bes|en,right,right,known,True,5.0910234451293945,m,True,True,m,True
es,escoba,f,broom,classic,wiktionary:kaikki@2026-10-03,low,3.43,broom (domestic utensil),K,,,,,,-3.114872932434082,-5.029603958129883,-2.560591459274292,-0.09965387359261513,,0.9825184551070718,-2.460937585681677,True,2, esc|oba,right,right,known,True,-4.072238445281982,f,True,True,f,True
de,Mond,m,moon,classic,wiktionary:kaikki@2026-10-03,mid,4.35,moon (a natural satellite that is orbiting its corresponding planet),K;M;D,es:also_given-name,,,,,11.692432403564453,2.7402191162109375,-0.033196184784173965,-4.431633710861206,-5.533196210861206,0.9840239430930728,4.398437526077032,True,1, Mond,right,right,known,True,7.216325759887695,m,True,True,m,True
es,luna,f,moon,classic,wiktionary:kaikki@2026-10-03,high,4.79,moon,K;M;D,es:also_given-name,,,,,-7.725835800170898,-4.983402252197266,-5.517524480819702,-0.025336964055895805,,0.9789975020935088,-5.492187516763806,True,2, l|una,right,right,known,True,-6.354619026184082,f,True,True,f,True
de,Löffel,m,spoon,classic,wiktionary:kaikki@2026-10-03,mid,3.8,spoon,K,,,,,,6.8727264404296875,3.569101333618164,-1.2328709661960602,-1.4984959103167057,-5.264120817184448,0.9877799192832433,0.2656249441206455,False,3, L|öff|el,right,right,known,True,5.220913887023926,m,True,True,m,True
es,cuchara,f,spoon,classic,wiktionary:kaikki@2026-10-03,mid,3.67,spoon,K,,,,,,-4.6652936935424805,-5.516025543212891,-2.7198941707611084,-0.10270672291517258,,0.9728168693223056,-2.617187447845936,True,3, c|uch|ara,right,right,known,True,-5.0906596183776855,f,True,True,f,True
de,Stern,m,star,classic,wiktionary:kaikki@2026-10-03,high,4.5,a star; a small luminous dot that can be seen on the night sky,K,de:uncertain(wordnet-animate-share:0.27); es:uncertain(wordnet-animate-share:0.27); es:also_given-name,,,,,5.209240913391113,5.009513854980469,-0.07016758434474468,-3.2264175415039062,-4.242042541503906,0.9887801300489347,3.1562499571591616,True,1, Stern,right,right,known,True,5.109377384185791,m,True,True,m,True
es,estrella,f,star,classic,wiktionary:kaikki@2026-10-03,high,4.66,star (celestial body),K,de:uncertain(wordnet-animate-share:0.27); es:uncertain(wordnet-animate-share:0.27); es:also_given-name,,,,,-3.647817611694336,-4.645664215087891,-4.343459367752075,-0.03877181001007557,,0.9753401271165627,-4.304687557742,True,2, est|rella,right,right,known,True,-4.146740913391113,f,True,True,f,True
de,Kürbis,m,pumpkin,classic,wiktionary:kaikki@2026-10-03,low,3.47,"pumpkin, gourd, squash (any plant of the genus Cucurbita or its fruit)",K;M,,,,,,10.302194595336914,7.935599327087402,-0.05959606356918812,-3.223658561706543,-5.161158561706543,0.9879275808339023,3.164062498137355,True,3, K|ür|bis,right,right,known,True,9.118896961212158,m,True,True,m,True
es,calabaza,f,pumpkin,classic,wiktionary:kaikki@2026-10-03,mid,3.55,pumpkin (Cucurbita pepo; typical pumpkin used for Halloween and autumn seasonal decoration),K;M,,,,,,-5.59482479095459,-4.20819091796875,-4.229646444320679,-0.03433397226035595,,0.9809347833690776,-4.195312472060323,True,3, cal|ab|aza,right,right,known,True,-4.90150785446167,f,True,True,f,True
de,Bank,f,bench,classic,wiktionary:kaikki@2026-10-03,high,4.91,bench (which people sit on); pew,K,,,,,,-7.181273460388184,-4.25324821472168,-4.525311708450317,-0.025311670266091824,-5.994061708450317,0.9894073918663779,-4.500000038184226,True,1, Bank,right,right,known,True,-5.717260837554932,f,True,True,f,True
es,banco,m,bench,classic,wiktionary:kaikki@2026-10-03,high,5.04,bank (financial institution),K,,,,,,6.479585647583008,6.846146583557129,-0.03384722117334604,-4.002597212791443,,0.9853071219173162,3.968749991618097,True,1, banco,right,right,known,True,6.662866115570068,m,True,True,m,True
de,Bürste,f,brush,classic,wiktionary:kaikki@2026-10-03,low,3.2,brush,K,,,,,,-7.194899559020996,-2.5720977783203125,-5.019353628158569,-0.019353448878973722,-6.261541128158569,0.9914449343008893,-5.000000179279596,True,3, B|ür|ste,right,right,known,True,-4.883498668670654,f,True,True,f,True
es,cepillo,m,brush,classic,wiktionary:kaikki@2026-10-03,mid,3.56,brush,K,,,,,,4.5582170486450195,3.804708480834961,-0.03318582754582167,-4.228498339653015,,0.9876661380799252,4.1953125121071935,True,2, cep|illo,right,right,known,True,4.18146276473999,m,True,True,m,True
de,Uhr,f,clock,classic,wiktionary:kaikki@2026-10-03,high,5.67,"hours, o'clock (indicates the time within a twelve- or twenty-four-hour period)",K;M,,,,,,-10.395771026611328,-6.683938026428223,-5.723428964614868,-0.020303974859416485,-5.793741464614868,0.9863869079817006,-5.703124989755452,True,1, Uhr,right,right,known,True,-8.539854526519775,f,True,True,f,True
es,reloj,m,clock,classic,wiktionary:kaikki@2026-10-03,mid,4.38,clock,K;M,,,,,,6.584251403808594,7.623468399047852,-0.02085257228463888,-5.059915065765381,,0.986594322135149,5.039062493480742,True,3, re|lo|j,right,right,known,True,7.103859901428223,m,True,True,m,True
de,Scheibe,f,disk,classic,wiktionary:kaikki@2026-10-03,mid,4.16,flat piece or surface,K,de:also_intj; es:genders=f|m,,,,,-7.056851387023926,-4.528077125549316,-4.873703718185425,-0.022141318768262863,-5.694016218185425,0.9903888219127481,-4.851562399417162,True,2, Sche|ibe,right,right,known,True,-5.792464256286621,f,True,True,f,True
es,disco,m,disk,classic,wiktionary:kaikki@2026-10-03,high,4.69,"club, discotheque",K,de:also_intj; es:genders=f|m,,,,,2.5186214447021484,3.7137222290039062,-0.03835013974457979,-3.928975224494934,,0.984059041401069,3.8906250847503543,True,1, disco,right,right,known,True,3.1161718368530273,m,True,True,m,True
de,Trommel,f,drum,classic,wiktionary:kaikki@2026-10-03,mid,3.55,drum (musical instrument),K,,,,,,-7.220841407775879,-3.682321548461914,-3.921759843826294,-0.03894734941422939,-5.546759843826294,0.9884140135258859,-3.8828124944120646,True,2, Trom|mel,right,right,known,True,-5.4515814781188965,f,True,True,f,True
es,tambor,m,drum,classic,wiktionary:kaikki@2026-10-03,mid,3.65,drum,K,,,,,,7.2852783203125,6.337109565734863,-0.05024194344878197,-3.4564919471740723,,0.9836265433923737,3.4062500037252903,True,2, tamb|or,right,right,known,True,6.811193943023682,m,True,True,m,True
de,Gabel,f,fork,classic,wiktionary:kaikki@2026-10-03,mid,3.64,fork,K;M,es:animate(gendered-counterpart),,,,,-10.037471771240234,-7.315878868103027,-5.300846338272095,-0.019596120342612267,-6.191471338272095,0.9890975924931601,-5.2812502179294825,True,2, G|abel,right,right,known,True,-8.67667531967163,f,True,True,f,True
es,tenedor,m,fork,classic,wiktionary:kaikki@2026-10-03,mid,3.56,fork,K;M,es:animate(gendered-counterpart),,,,,7.575793266296387,6.963907241821289,-0.0527487825602293,-3.787123680114746,,0.977536566795005,3.734374897554517,True,2, ten|edor,right,right,known,True,7.269850254058838,m,True,True,m,True
de,Sonne,f,sun,classic,wiktionary:kaikki@2026-10-03,high,4.85,"a sun (a star, especially when being the center of a solar system)",K;M;D,de:also_pron,,,,,-5.065390110015869,-4.20850944519043,-5.4917426109313965,-0.022992532700300217,-5.7651801109313965,0.9846789940434935,-5.468750078231096,True,2, Son|ne,right,right,known,True,-4.636949777603149,f,True,True,f,True
es,sol,m,sun,classic,wiktionary:kaikki@2026-10-03,high,5.09,sun,K;M;D,de:also_pron,,,,,4.586915016174316,3.1739320755004883,-0.1894882470369339,-3.173863172531128,,0.9690623106945921,2.984374925494194,True,1, sol,right,right,known,True,3.8804235458374023,m,True,True,m,True
de,Toilette,f,toilet,classic,wiktionary:kaikki@2026-10-03,mid,4.13,toilet,K,es:also_adj,,,,,-9.728093147277832,-8.165809631347656,-4.042681455612183,-0.034868828020989895,-5.753618955612183,0.9871788183142796,-4.007812627591193,True,2, Toilet|te,right,right,known,True,-8.946951389312744,f,True,True,f,True
es,inodoro,m,toilet,classic,wiktionary:kaikki@2026-10-03,mid,3.58,toilet bowl,K,es:also_adj,,,,,3.6068010330200195,3.414569854736328,-0.036149424500763416,-4.028336882591248,,0.9827560232899124,3.992187458090484,True,3, in|od|oro,right,right,known,True,3.510685443878174,m,True,True,m,True
de,Geige,f,violin,classic,wiktionary:kaikki@2026-10-03,mid,3.56,"violin, fiddle",K;M,,,,,,-0.24721336364746094,-1.9252204895019531,-4.14815092086792,-0.03877584170550108,-4.98408842086792,0.9871790971332717,-4.109375079162419,True,2, Ge|ige,unsure,right,unsure,False,-1.086216926574707,f,True,True,f,True
es,violín,m,violin,classic,wiktionary:kaikki@2026-10-03,mid,3.67,violin (string instrument),K;M,,,,,,6.671720504760742,4.748040199279785,-0.04856992419809103,-3.9001322984695435,,0.9756228567523089,3.8515623742714524,True,2, viol|ín,right,right,known,True,5.709880352020264,m,True,True,m,True
de,Schlüssel,m,key,classic,wiktionary:kaikki@2026-10-03,mid,4.42,a key,D,,,,,,7.299468994140625,3.99802303314209,-0.1515001654624939,-2.167125105857849,-4.299937725067139,0.9878598412716957,2.0156249403953552,True,3, Schl|üss|el,right,right,known,True,5.648746013641357,m,True,True,m,True
es,llave,f,key,classic,wiktionary:kaikki@2026-10-03,mid,4.26,key (to open doors),D,,,,,,-5.326061248779297,-7.985760688781738,-2.689420700073242,-0.10348320379853249,,0.9773874618242584,-2.5859374962747097,True,2, ll|ave,right,right,known,True,-6.655910968780518,f,True,True,f,True
de,Brücke,f,bridge,classic,wiktionary:kaikki@2026-10-03,high,4.61,bridge,D,,,,,,-8.374642372131348,-4.082368850708008,-4.242720365524292,-0.03178290743380785,-5.961470365524292,0.9887766206831806,-4.210937458090484,True,3, Br|ück|e,right,right,known,True,-6.228505611419678,f,True,True,f,True
es,puente,m,bridge,classic,wiktionary:kaikki@2026-10-03,high,4.71,"bridge (construction spanning a waterway, ravine, or valley from an elevated height)",D,,,,,,4.4153594970703125,4.365821838378906,-0.04289348144084215,-3.597580909729004,,0.9880858450166423,3.5546874282881618,True,2, pu|ente,right,right,known,True,4.390590667724609,m,True,True,m,True
de,Stein,m,stone,flipped,wiktionary:kaikki@2026-10-03,high,4.66,"stone, rock",,,,,,,7.018451690673828,4.1688995361328125,-0.05928584188222885,-3.5202232599258423,-4.246785879135132,0.9876905396225959,3.4609374180436134,True,1, Stein,right,right,known,True,5.59367561340332,m,True,True,m,True
es,piedra,f,stone,flipped,wiktionary:kaikki@2026-10-03,high,4.76,stone (hard earthen substance that can form large rocks),,,,a,yes,,-5.230254173278809,-5.443733215332031,-4.144021034240723,-0.03464589174836874,,0.9843373179809075,-4.109375142492354,True,2, pied|ra,right,right,known,True,-5.33699369430542,f,True,True,f,True
de,Berg,m,mountain,flipped,wiktionary:kaikki@2026-10-03,high,4.62,"a mountain, hill",,,,,,,7.796746253967285,5.393062591552734,-0.048200663179159164,-3.5638257265090942,-6.423200607299805,0.985933731026656,3.515625063329935,True,1, Berg,right,right,known,True,6.59490442276001,m,True,True,m,True
es,montaña,f,mountain,flipped,wiktionary:kaikki@2026-10-03,high,4.55,mountain,,,,a,yes,,-7.237361907958984,-8.136100769042969,-3.7205272912979126,-0.05646485090255737,,0.970693012121271,-3.6640624403953552,True,2, mont|aña,right,right,known,True,-7.686731338500977,f,True,True,f,True
de,Burg,f,castle,flipped,wiktionary:kaikki@2026-10-03,mid,4.38,"castle, fortification",,,,,,,-7.122661590576172,-4.038471221923828,-4.045787692070007,-0.03797511104494333,-5.155162572860718,0.9869389292803612,-4.007812581025064,True,1, Burg,right,right,known,True,-5.58056640625,f,True,True,f,True
es,castillo,m,castle,flipped,wiktionary:kaikki@2026-10-03,high,4.58,castle (a large building that is fortified and contains many defences),,,,o,yes,,9.24533748626709,7.241188049316406,-0.034338414669036865,-4.3077757358551025,,0.9797147511674239,4.273437321186066,True,2, cast|illo,right,right,known,True,8.243262767791748,m,True,True,m,True
de,Belastung,f,load,flipped,wiktionary:kaikki@2026-10-03,mid,4.25,"load, weight, pressure, strain",,,-ung,,,,-8.38207721710205,-4.657291412353516,-2.2951092422008514,-1.0060468539595604,-5.818546772003174,0.9869042130094847,-1.289062388241291,False,3, Bel|ast|ung,right,right,known,True,-6.519684314727783,f,True,True,f,True
es,cargamento,m,load,flipped,wiktionary:kaikki@2026-10-03,low,3.39,"load, freight, cargo",,,,o,yes,,5.045969009399414,7.40240478515625,-0.07140328548848629,-3.2745282649993896,,0.9690962729668829,3.2031249795109034,True,2, carg|amento,right,right,known,True,6.224186897277832,m,True,True,m,True
de,Topf,m,pot,flipped,wiktionary:kaikki@2026-10-03,mid,4.06,"pot, jar (any flat-bottomed, usually open-topped vessel)",,,,,,,8.616073608398438,2.5139284133911133,-0.05533731169998646,-3.2350248098373413,-5.578774929046631,0.9902706597177835,3.179687498137355,True,2, Top|f,right,right,known,True,5.565001010894775,m,True,True,m,True
es,olla,f,pot,flipped,wiktionary:kaikki@2026-10-03,mid,3.85,"pot, pan; kettle (vessel used for cooking food)",,,,a,yes,,-5.358730316162109,-5.584419250488281,-3.798083186149597,-0.04027065448462963,,0.9833621640568055,-3.7578125316649675,True,2, o|lla,right,right,known,True,-5.471574783325195,f,True,True,f,True
de,Leber,f,liver,flipped,wiktionary:kaikki@2026-10-03,mid,3.95,liver,,,,,,,-7.448003768920898,-4.244922637939453,-4.000846266746521,-0.039908697828650475,-5.5008461475372314,0.9869424970984333,-3.9609375689178705,True,2, Le|ber,right,right,known,True,-5.846463203430176,f,True,True,f,True
es,hígado,m,liver,flipped,wiktionary:kaikki@2026-10-03,mid,3.97,liver,,,,o,yes,,4.959471702575684,5.242481231689453,-0.02439332101494074,-4.907205820083618,,0.9833404142992546,4.882812499068677,True,3, h|íg|ado,right,right,known,True,5.100976467132568,m,True,True,m,True
de,Tastatur,f,keyboard,flipped,wiktionary:kaikki@2026-10-03,mid,3.95,"keyboard (on a computer, typewriter, etc.)",,,-ur,,,,-5.255214691162109,-0.9933738708496094,-4.883470058441162,-0.024095107801258564,-6.031907558441162,0.9874437394487372,-4.8593749506399035,True,3, T|ast|atur,right,unsure,unsure,False,-3.1242942810058594,f,True,True,f,True
es,teclado,m,keyboard,flipped,wiktionary:kaikki@2026-10-03,mid,4.11,"keyboard (of a typewriter, piano, computer, etc.)",,,,o,yes,,4.824125289916992,8.519380569458008,-0.03241365868598223,-3.969913601875305,,0.9896564242099344,3.937499943189323,True,2, te|clado,right,right,known,True,6.6717529296875,m,True,True,m,True
de,Lippe,f,lip,flipped,wiktionary:kaikki@2026-10-03,mid,3.91,lip,,,,,,,-2.767338752746582,-2.4961719512939453,-3.375747799873352,-0.07106043957173824,-4.703872919082642,0.9839195344094331,-3.304687360301614,True,2, Lip|pe,right,right,known,True,-2.6317553520202637,f,True,True,f,True
es,labio,m,lip,flipped,wiktionary:kaikki@2026-10-03,mid,3.68,lip (fleshy protrusion around the opening of the mouth),,,,o,yes,,7.638613700866699,5.5018768310546875,-0.10293325409293175,-2.6419957876205444,,0.975887657360766,2.5390625335276127,True,2, lab|io,right,right,known,True,6.570245265960693,m,True,True,m,True
de,Schrott,m,scrap,flipped,wiktionary:kaikki@2026-10-03,mid,3.86,"scrap; junk (discarded material, especially metal)",,,,,,,5.658863067626953,2.4579391479492188,-0.344059057533741,-3.008121609687805,-1.8128090500831604,0.9779673458366664,2.664062552154064,True,2, Sch|rott,right,right,known,True,4.058401107788086,m,True,True,m,True
es,chatarra,f,scrap,flipped,wiktionary:kaikki@2026-10-03,mid,3.57,scrap (metal),,,,a,yes,,-2.5570335388183594,-9.623973846435547,-2.8787585496902466,-0.08969612047076225,,0.9750246271903755,-2.7890624292194843,True,2, chat|arra,right,right,known,True,-6.090503692626953,f,True,True,f,True
de,Fahrbahn,f,lane,flipped,wiktionary:kaikki@2026-10-03,mid,3.84,lane (of traffic in a road),,,,,,,-10.420432090759277,-5.330371856689453,-3.5544192790985107,-0.046606751158833504,-5.476294279098511,0.9873914826816084,-3.5078125279396772,True,3, Fah|rb|ahn,right,right,known,True,-7.875401973724365,f,True,True,f,True
es,carril,m,lane,flipped,wiktionary:kaikki@2026-10-03,mid,3.85,lane (a lengthwise division of roadway intended for a single line of vehicles),,,,other,,,3.5205860137939453,5.33152961730957,-0.21225149184465408,-1.9778765439987183,,0.9828232561532392,1.7656250521540642,True,2, carr|il,right,right,known,True,4.426057815551758,m,True,True,m,True
de,Lunge,f,lung,flipped,wiktionary:kaikki@2026-10-03,mid,3.83,"lung, lungs",,,,,,,-5.004202842712402,-7.139585494995117,-3.664321184158325,-0.05494620278477669,-5.515883684158325,0.9825847543466604,-3.6093749813735485,True,2, L|unge,right,right,known,True,-6.07189416885376,f,True,True,f,True
es,pulmón,m,lung,flipped,wiktionary:kaikki@2026-10-03,mid,3.8,lung,,,,other,,,5.381099700927734,6.830636978149414,-0.0832245834171772,-4.325412154197693,,0.9356169510644246,4.242187570780516,True,3, pul|m|ón,right,right,known,True,6.105868339538574,m,True,True,m,True
de,Bauernhof,m,farm,flipped,wiktionary:kaikki@2026-10-03,mid,3.77,A farm.,,,,,,,7.7498369216918945,5.013906478881836,-0.08358054235577583,-2.8492056131362915,-4.810142993927002,0.9860935442567208,2.7656250707805157,True,3, Bau|ern|hof,right,right,known,True,6.381871700286865,m,True,True,m,True
es,granja,f,farm,flipped,wiktionary:kaikki@2026-10-03,mid,4.07,"farm, grange",,,,a,yes,,-6.0667266845703125,-3.2055130004882812,-4.722350597381592,-0.027038090862333775,,0.9822995799535215,-4.695312506519258,True,2, gran|ja,right,right,known,True,-4.636119842529297,f,True,True,f,True
de,Matratze,f,mattress,flipped,wiktionary:kaikki@2026-10-03,mid,3.65,mattress (a pad often of soft cushiony material for sleeping on),,,,,,,-7.523577690124512,-6.4739227294921875,-4.453150391578674,-0.031275322660803795,-6.265650272369385,0.9861556530032607,-4.4218750689178705,True,3, Mat|rat|ze,right,right,known,True,-6.99875020980835,f,True,True,f,True
es,colchón,m,mattress,flipped,wiktionary:kaikki@2026-10-03,mid,3.7,mattress (pad on which a person can recline and sleep),,,,other,,,4.198970794677734,3.0990142822265625,-0.0424672644585371,-3.56590473651886,,0.9868846424456621,3.5234374720603228,True,3, col|ch|ón,right,right,known,True,3.6489925384521484,m,True,True,m,True
de,Baumwolle,f,cotton,flipped,wiktionary:kaikki@2026-10-03,mid,3.65,cotton (plant),,,,,,,-5.803638458251953,-8.098247528076172,-3.5157467126846313,-0.08605915680527687,-4.523559331893921,0.9839661224868179,-3.4296875558793545,True,3, Baum|w|olle,right,right,known,True,-6.9509429931640625,f,True,True,f,True
es,algodón,m,cotton,flipped,wiktionary:kaikki@2026-10-03,mid,4.09,"cotton (plant, textile fiber)",,,,other,,,2.6987266540527344,3.3267555236816406,-0.027509388513863087,-4.941571950912476,,0.9803076946589582,4.9140625623986125,True,3, alg|od|ón,right,right,known,True,3.0127410888671875,m,True,True,m,True
de,Kompass,m,compass,flipped,wiktionary:kaikki@2026-10-03,mid,3.52,compass (navigational instrument),,,,,,,12.55561351776123,4.853876113891602,-0.07494035735726357,-2.9343154430389404,-5.020252704620361,0.9876670905870544,2.859375085681677,True,2, Kom|pass,right,right,known,True,8.704744815826416,m,True,True,m,True
es,brújula,f,compass,flipped,wiktionary:kaikki@2026-10-03,low,3.35,compass (device used to determine the cardinal directions),,,,a,yes,,-3.1795578002929688,-3.7527389526367188,-3.151486873626709,-0.06554939225316048,,0.9797967043488822,-3.0859374813735485,True,4, br|ú|j|ula,right,right,known,True,-3.4661483764648438,f,True,True,f,True
de,Haube,f,bonnet,flipped,wiktionary:kaikki@2026-10-03,mid,3.51,"bonnet, cap",,,,,,,-8.062735557556152,-2.552082061767578,-4.199741840362549,-0.035679372027516365,-5.652866840362549,0.9869000217197094,-4.1640624683350325,True,2, Ha|ube,right,right,known,True,-5.307408809661865,f,True,True,f,True
es,gorrito,m,bonnet,flipped,wiktionary:kaikki@2026-10-03,low,2.74,"bonnet, baby's bonnet",,,,o,yes,,4.733055114746094,3.9037704467773438,-0.07911672815680504,-3.047866702079773,,0.9834886813971633,2.968749973922968,True,2, gor|rito,right,right,known,True,4.318412780761719,m,True,True,m,True
de,Strang,m,thread,flipped,wiktionary:kaikki@2026-10-03,mid,3.5,thread,,,,,,,4.999250411987305,4.344841957092285,-0.10546836256980896,-2.8867183923721313,-3.6054683923721313,0.9850009280501145,2.7812500298023224,True,2, Str|ang,right,right,known,True,4.672046184539795,m,True,True,m,True
es,hebra,f,thread,flipped,wiktionary:kaikki@2026-10-03,low,2.73,"thread, strand, filament",,,,a,yes,,-7.771237373352051,-3.2543373107910156,-2.7508188486099243,-0.09456891566514969,,0.9794454206464672,-2.6562499329447746,True,2, he|bra,right,right,known,True,-5.512787342071533,f,True,True,f,True
de,Schaltung,f,circuit,flipped,wiktionary:kaikki@2026-10-03,low,3.44,circuit (electrical),,,-ung,,,,-9.169447898864746,-5.64576530456543,-3.6815797090530396,-0.06439219042658806,-4.900329828262329,0.9784738592524447,-3.6171875186264515,True,2, Sch|altung,right,right,known,True,-7.407606601715088,f,True,True,f,True
es,circuito,m,circuit,flipped,wiktionary:kaikki@2026-10-03,mid,4.26,circuit,,,,o,yes,,6.639622688293457,6.812946319580078,-0.028630471788346767,-4.255192995071411,,0.9863317494701784,4.226562523283064,True,2, circuit|o,right,right,known,True,6.726284503936768,m,True,True,m,True
de,Kutsche,f,carriage,flipped,wiktionary:kaikki@2026-10-03,low,3.43,"carriage, coach (a wagon, usually upholstered, pulled by horses)",,,,,,,-9.649242401123047,-5.001132965087891,-4.285174250602722,-0.035174197517335415,-5.292986631393433,0.9885495714299599,-4.250000053085387,True,2, K|utsche,right,right,known,True,-7.325187683105469,f,True,True,f,True
es,carruaje,m,carriage,flipped,wiktionary:kaikki@2026-10-03,low,3.22,carriage,,,,other,,,-0.6767520904541016,-0.4492034912109375,-0.04974172171205282,-3.5731791257858276,,0.9840994600031759,3.523437404073775,True,3, carr|u|aje,unsure,unsure,unsure,False,-0.5629777908325195,f,False,True,m,True
de,Spinat,m,spinach,flipped,wiktionary:kaikki@2026-10-03,low,3.41,spinach,,,,,,,2.343181610107422,3.5748233795166016,-0.1516827791929245,-2.339182734489441,-3.706370234489441,0.9808918164965057,2.1874999552965164,True,2, Spin|at,right,right,known,True,2.9590024948120117,m,True,True,m,True
es,espinaca,f,spinach,flipped,wiktionary:kaikki@2026-10-03,low,2.87,spinach,,,,a,yes,,-0.6701374053955078,-5.244958877563477,-2.881540060043335,-0.13154002651572227,,0.93360341132814,-2.7500000335276127,True,3, es|pin|aca,unsure,right,unsure,False,-2.957548141479492,f,True,True,f,True
de,Socke,f,sock,flipped,wiktionary:kaikki@2026-10-03,low,3.38,sock,,,,,,,-5.066428184509277,-3.513704299926758,-4.857522964477539,-0.021585281006991863,-6.232522964477539,0.989528104437949,-4.835937683470547,True,3, S|ock|e,right,right,known,True,-4.290066242218018,f,True,True,f,True
es,calcetín,m,sock,flipped,wiktionary:kaikki@2026-10-03,low,3.0,sock,,,,other,,,4.786243438720703,0.08887100219726562,-0.2966776117682457,-4.077927589416504,,0.766942068602301,3.781249977648258,True,3, calc|et|ín,right,unsure,unsure,False,2.4375572204589844,m,True,True,m,True
de,Pranger,m,pillory,flipped,wiktionary:kaikki@2026-10-03,low,3.31,pillory; any construction to hold someone for public humiliation,,,,,,,6.478451728820801,4.793924331665039,-0.10833627730607986,-2.670836329460144,-4.123961329460144,0.9828607736048683,2.562500052154064,True,2, Pr|anger,right,right,known,True,5.63618803024292,m,True,True,m,True
es,picota,f,pillory,flipped,wiktionary:kaikki@2026-10-03,low,2.83,pillory,,,,a,yes,,-4.913890838623047,-4.039772033691406,-1.0606103241443634,-0.701235368847847,,0.9638685845842373,-0.3593749552965164,False,2, pic|ota,right,right,known,True,-4.476831436157227,f,True,True,f,True
de,Veranda,f,veranda,flipped,wiktionary:kaikki@2026-10-03,low,3.31,veranda,,,,,,,-5.761444091796875,-4.120100975036621,-3.457656145095825,-0.059218630194664,-5.051406145095825,0.9830213192886679,-3.398437514901161,True,2, Ver|anda,right,right,known,True,-4.940772533416748,f,True,True,f,True
es,porche,m,veranda,flipped,wiktionary:kaikki@2026-10-03,low,3.23,"veranda, verandah; stoop; porch",,,,other,,,1.7581233978271484,2.284931182861328,-0.0690270233899355,-3.100277066230774,,0.9804723953250026,3.0312500428408384,True,2, por|che,right,right,known,True,2.0215272903442383,m,True,True,m,True
de,Schornstein,m,chimney,flipped,wiktionary:kaikki@2026-10-03,low,3.29,chimney,,,,,,,3.886117935180664,4.41670036315918,-0.06389514356851578,-3.1185827255249023,-5.665457725524902,0.986566785597085,3.0546875819563866,True,3, Sch|orn|stein,right,right,known,True,4.151409149169922,m,True,True,m,True
es,chimenea,f,chimney,flipped,wiktionary:kaikki@2026-10-03,mid,3.69,chimney,,,,a,yes,,-4.217373847961426,-3.9298152923583984,-4.287314176559448,-0.02950161788612604,,0.9850220826345049,-4.257812558673322,True,3, chim|ene|a,right,right,known,True,-4.073594570159912,f,True,True,f,True
de,Tanne,f,fir,flipped,wiktionary:kaikki@2026-10-03,low,3.26,fir (genus Abies),,,,,,,-6.494320869445801,-2.7499256134033203,-4.049445390701294,-0.033820414915680885,-6.260382890701294,0.9897435181409748,-4.015624975785613,True,2, T|anne,right,right,known,True,-4.6221232414245605,f,True,True,f,True
es,abeto,m,fir,flipped,wiktionary:kaikki@2026-10-03,low,2.79,fir,,,,o,yes,,6.38299560546875,6.825004577636719,-0.11441240087151527,-3.0909749269485474,,0.9642381790355325,2.976562526077032,True,2, ab|eto,right,right,known,True,6.604000091552734,m,True,True,m,True
de,Vorrichtung,f,device,flipped,wiktionary:kaikki@2026-10-03,low,3.24,"device, rig, contrivance, facility",,,-ung,,,,-5.51768684387207,-1.7733287811279297,-4.599511981010437,-0.03701185714453459,-4.8963868618011475,0.9839400749529845,-4.562500123865902,True,3, Vor|richt|ung,right,right,known,True,-3.6455078125,f,True,True,f,True
es,artefacto,m,device,flipped,wiktionary:kaikki@2026-10-03,low,3.45,"device, contraption",,,,o,yes,,4.494712829589844,3.799710273742676,-0.11464183405041695,-2.755266785621643,,0.959205455971203,2.640624951571226,True,3, arte|fact|o,right,right,known,True,4.14721155166626,m,True,True,m,True
de,Anhöhe,f,knoll,flipped,wiktionary:kaikki@2026-10-03,low,3.22,"knoll, hill, elevation, height",,,,,,,-7.469499588012695,-4.057741165161133,-3.004234552383423,-0.08235951885581017,-4.457359552383423,0.984445664987774,-2.9218750335276127,True,4, An|h|ö|he,right,right,known,True,-5.763620376586914,f,True,True,f,True
es,otero,m,knoll,flipped,wiktionary:kaikki@2026-10-03,mid,3.51,knoll,,,,o,yes,,4.401275634765625,4.529520034790039,-0.14197474718093872,-2.9544748067855835,,0.9206296136716637,2.8125000596046448,True,2, o|tero,right,right,known,True,4.465397834777832,m,True,True,m,True
de,Rosengarten,m,rose garden,flipped,wiktionary:kaikki@2026-10-03,low,3.21,rose garden,,,,,,,7.451608657836914,4.723014831542969,-0.08582945913076401,-3.288954496383667,-4.382704496383667,0.9678543659809636,3.203125037252903,True,3, Ros|eng|arten,right,right,known,True,6.087311744689941,m,True,True,m,True
es,rosaleda,f,rose garden,flipped,wiktionary:kaikki@2026-10-03,low,2.6,rose garden,,,,a,yes,,-3.822734832763672,-2.6198558807373047,-4.106174468994141,-0.04367430694401264,,0.9738155649512853,-4.062500162050128,True,3, ros|aled|a,right,right,known,True,-3.2212953567504883,f,True,True,f,True
de,Birke,f,birch,flipped,wiktionary:kaikki@2026-10-03,low,3.18,birch (tree),,,,,,,-10.811092376708984,-3.265462875366211,-3.344900965690613,-0.05583845265209675,-5.719901084899902,0.986976083801945,-3.289062513038516,True,2, Bir|ke,right,right,known,True,-7.038277626037598,f,True,True,f,True
es,abedul,m,birch,flipped,wiktionary:kaikki@2026-10-03,low,2.58,birch,,,,other,,,0.2647056579589844,0.0074310302734375,-0.02628339361399412,-5.682533502578735,,0.9784230073538611,5.656250108964741,True,3, ab|ed|ul,unsure,unsure,unsure,False,0.13606834411621094,m,True,True,m,True
de,Milz,f,spleen,flipped,wiktionary:kaikki@2026-10-03,low,3.17,spleen,,,,,,,-4.960637092590332,-3.2986717224121094,-4.006255388259888,-0.045317839831113815,-5.248442888259888,0.9811652857052416,-3.960937548428774,True,2, Mil|z,right,right,known,True,-4.129654407501221,f,True,True,f,True
es,bazo,m,spleen,flipped,wiktionary:kaikki@2026-10-03,low,3.07,spleen,,,,o,yes,,5.04905891418457,1.7188644409179688,-0.10039650276303291,-2.959771513938904,,0.965713059713841,2.859375011175871,True,2, b|azo,right,right,known,True,3.3839616775512695,m,True,True,m,True
de,Windel,f,diaper,flipped,wiktionary:kaikki@2026-10-03,low,3.17,"diaper, nappy",,,,,,,-7.605755805969238,-3.1560745239257812,-4.238329887390137,-0.035204905085265636,-5.363329887390137,0.9869196783700664,-4.203124982304871,True,2, Wind|el,right,right,known,True,-5.38091516494751,f,True,True,f,True
es,pañal,m,diaper,flipped,wiktionary:kaikki@2026-10-03,low,3.2,"diaper, nappy",,,,other,,,5.174976348876953,6.022548675537109,-0.05945449881255627,-3.442267060279846,,0.9778463931340068,3.38281256146729,True,3, pa|ñ|al,right,right,known,True,5.598762512207031,m,True,True,m,True
de,Petersilie,f,parsley,flipped,wiktionary:kaikki@2026-10-03,low,3.15,"parsley, Petroselinum crispum",,,,,,,-6.2533063888549805,-5.698040008544922,-4.489202976226807,-0.03607809450477362,-5.684515476226807,0.9807127669194043,-4.453124881722033,True,3, Peters|il|ie,right,right,known,True,-5.975673198699951,f,True,True,f,True
es,perejil,m,parsley,flipped,wiktionary:kaikki@2026-10-03,low,3.29,parsley,,,,other,,,1.7865142822265625,0.4524345397949219,-0.03492967318743467,-4.198992133140564,,0.981696804551341,4.164062459953129,True,4, p|ere|j|il,right,unsure,unsure,False,1.1194744110107422,m,True,True,m,True
de,Klitoris,f,clitoris,flipped,wiktionary:kaikki@2026-10-03,low,3.15,clitoris,,,,,,,0.6523647308349609,1.7875137329101562,-3.8510822057724,-0.062019603326916695,-5.40576958656311,0.9700495061397731,-3.789062602445483,True,2, Kl|itoris,unsure,wrong,wrong,False,1.2199392318725586,m,False,True,f,True
es,clítoris,m,clitoris,flipped,wiktionary:kaikki@2026-10-03,low,3.13,clitoris,,,,other,,,1.1001396179199219,5.774181365966797,-0.08431843295693398,-3.0921308994293213,,0.9659902717016158,3.0078124664723873,True,4, cl|í|tor|is,right,right,known,True,3.4371604919433594,m,True,True,m,True
de,Fährte,f,trail,flipped,wiktionary:kaikki@2026-10-03,low,3.1,trail; track,,,,,,,-10.66712474822998,-4.635652542114258,-3.3759340047836304,-0.07905913051217794,-4.65718412399292,0.9882201903229741,-3.2968748742714524,True,3, F|ähr|te,right,right,known,True,-7.651388645172119,f,True,True,f,True
es,sendero,m,trail,flipped,wiktionary:kaikki@2026-10-03,mid,3.89,"trail, path, track (a route for travel over land)",,,,o,yes,,7.897075653076172,4.112995147705078,-0.03787867072969675,-3.8191285133361816,,0.9854539267341819,3.781249842606485,True,2, sender|o,right,right,known,True,6.005035400390625,m,True,True,m,True
de,Waschlappen,m,flannel,flipped,wiktionary:kaikki@2026-10-03,low,3.06,"flannel, washcloth",,,,,,,8.823102951049805,3.1945743560791016,-0.1064976267516613,-2.622122645378113,-4.434622764587402,0.9856394645195636,2.5156250186264515,True,3, Was|chl|appen,right,right,known,True,6.008838653564453,m,True,True,m,True
es,franela,f,flannel,flipped,wiktionary:kaikki@2026-10-03,low,2.91,"flannel (a soft cloth material originally woven from wool, today often combined with cotton or synthetic fibers)",,,,a,yes,,-3.5672054290771484,-4.293079376220703,-2.0897029638290405,-0.16001547873020172,,0.9762558365544473,-1.9296874850988388,True,2, fr|anela,right,right,known,True,-3.930142402648926,f,True,True,f,True
de,Stoßstange,f,bumper,flipped,wiktionary:kaikki@2026-10-03,low,3.05,bumper (of vehicle),,,,,,,-3.0849552154541016,-4.221439361572266,-3.056810140609741,-0.08806012757122517,-4.939622640609741,0.9849491678327353,-2.968750013038516,True,4, Sto|ß|st|ange,right,right,known,True,-3.6531972885131836,f,True,True,f,True
es,parachoques,m,bumper,flipped,wiktionary:kaikki@2026-10-03,low,2.84,bumper,,,,other,,,6.778852462768555,4.8258514404296875,-0.11692008376121521,-3.351294994354248,,0.9261509069845575,3.234374910593033,True,3, par|acho|ques,right,right,known,True,5.802351951599121,m,True,True,m,True
de,Speiseröhre,f,oesophagus,flipped,wiktionary:kaikki@2026-10-03,low,3.0,oesophagus (tube that carries food from the pharynx to the stomach),,,,,,,-5.235687255859375,-6.4443359375,-3.8853033781051636,-0.0493658185005188,-6.025928258895874,0.9781116641625409,-3.8359375596046448,True,4, Spe|iser|öh|re,right,right,known,True,-5.8400115966796875,f,True,True,f,True
es,esófago,m,oesophagus,flipped,wiktionary:kaikki@2026-10-03,low,3.02,"oesophagus, esophagus, gullet",,,,o,yes,,3.418246269226074,0.18462181091308594,-0.045848459005355835,-3.8739734888076782,,0.9759852212710614,3.8281250298023224,True,4, es|ó|f|ago,right,unsure,unsure,False,1.80143404006958,m,True,True,m,True
de,Laufsteg,m,catwalk,flipped,wiktionary:kaikki@2026-10-03,low,3.0,"catwalk, runway (elevated stage on which models parade)",,,,,,,10.576850891113281,4.375028610229492,-0.13378974795341492,-2.3369146585464478,-4.516602277755737,0.986860301570853,2.203124910593033,True,4, La|uf|st|eg,right,right,known,True,7.475939750671387,m,True,True,m,True
es,pasarela,f,catwalk,flipped,wiktionary:kaikki@2026-10-03,low,3.43,catwalk,,,,a,yes,,-4.553178787231445,-5.41323184967041,-4.000391125679016,-0.03164124209433794,,0.9872437644767353,-3.968749883584678,True,3, pas|are|la,right,right,known,True,-4.983205318450928,f,True,True,f,True
de,Schlagstock,m,baton,flipped,wiktionary:kaikki@2026-10-03,low,2.95,"baton, truncheon, nightstick, bat, club, truncheon",,,,,,,9.182866096496582,4.325216293334961,-0.0851939208805561,-2.8976939916610718,-4.608631372451782,0.9863143028950182,2.8125000707805157,True,3, Sch|lag|stock,right,right,known,True,6.7540411949157715,m,True,True,m,True
es,batuta,f,baton,flipped,wiktionary:kaikki@2026-10-03,low,3.07,baton (stick used by conductors),,,,a,yes,,-5.659475326538086,-4.683629989624023,-1.371166467666626,-0.35554148256778717,,0.9827545408466422,-1.0156249850988388,True,2, bat|uta,right,right,known,True,-5.171552658081055,f,True,True,f,True
de,Bauchspeicheldrüse,f,pancreas,flipped,wiktionary:kaikki@2026-10-03,low,2.89,pancreas,,,,,,,-1.5761909484863281,-3.2128219604492188,-4.337553977966309,-0.04849150963127613,-6.282866477966309,0.9687535859286323,-4.2890624683350325,True,7, Ba|uch|spe|ich|eld|rü|se,right,right,known,True,-2.3945064544677734,f,True,True,f,True
es,páncreas,m,pancreas,flipped,wiktionary:kaikki@2026-10-03,low,3.21,pancreas,,,,other,,,2.7336654663085938,1.886962890625,-0.025306510739028454,-5.048743963241577,,0.9817638636688134,5.023437452502549,True,4, p|án|cre|as,right,right,known,True,2.310314178466797,m,True,True,m,True
de,Bohrmaschine,f,drill,flipped,wiktionary:kaikki@2026-10-03,low,2.87,drill (tool),,,,,,,-6.197002410888672,-4.651458740234375,-4.765774488449097,-0.03139945678412914,-5.601711988449097,0.9816719562084832,-4.7343750316649675,True,4, Boh|r|mas|chine,right,right,known,True,-5.424230575561523,f,True,True,f,True
es,simulacro,m,drill,flipped,wiktionary:kaikki@2026-10-03,low,3.43,"drill, fire drill",,,,o,yes,,4.033405303955078,4.338052749633789,-0.059144509956240654,-3.4419569969177246,,0.9747566659554283,3.382812486961484,True,2, simul|acro,right,right,known,True,4.185729026794434,m,True,True,m,True
de,Vogelscheuche,f,scarecrow,flipped,wiktionary:kaikki@2026-10-03,low,2.87,scarecrow,,,,,,,-3.812074661254883,-3.484203338623047,-3.7937285900115967,-0.05935359187424183,-4.864041090011597,0.9773133999253516,-3.734374998137355,True,4, Vog|els|che|uche,right,right,known,True,-3.648138999938965,f,True,True,f,True
es,espantapájaros,m,scarecrow,flipped,wiktionary:kaikki@2026-10-03,low,2.85,scarecrow,,,,other,,,4.827118873596191,1.9338703155517578,-0.05065613240003586,-4.152218580245972,,0.9685505964262364,4.101562447845936,True,6, esp|ant|ap|á|jar|os,right,right,known,True,3.3804945945739746,m,True,True,m,True
de,Überbau,m,superstructure,flipped,wiktionary:kaikki@2026-10-03,low,2.87,superstructure (any material structure or edifice built on something else),,,,,,,7.056385040283203,3.5331783294677734,-0.825899600982666,-0.7321496307849884,-3.169649600982666,0.9757522390708497,-0.09374997019767761,False,2, Über|bau,right,right,known,True,5.294781684875488,m,True,True,f,False
es,superestructura,f,superstructure,flipped,wiktionary:kaikki@2026-10-03,low,2.72,superstructure (any structure built above the top full deck),,,,a,yes,,-4.82640266418457,-2.178333282470703,-3.1924192905426025,-0.08304436132311821,,0.9617721592202313,-3.1093749292194843,True,3, super|estruct|ura,right,right,known,True,-3.5023679733276367,f,True,True,f,True
de,Aminosäure,f,amino acid,flipped,wiktionary:kaikki@2026-10-03,low,2.86,amino acid,,,,,,,0.7877750396728516,-5.159080505371094,-4.877329587936401,-0.033579484559595585,-5.142954587936401,0.9811968648449783,-4.843750103376806,True,5, A|min|os|ä|ure,unsure,right,unsure,False,-2.185652732849121,f,True,False,f,True
es,aminoácido,m,amino acid,flipped,wiktionary:kaikki@2026-10-03,low,2.66,amino acid,,,,o,yes,,4.143054962158203,3.4108963012695312,-0.05343792773783207,-4.170625448226929,,0.9641773363056889,4.117187520489097,True,3, amino|ác|ido,right,right,known,True,3.776975631713867,m,True,True,m,True
de,Elektrode,f,electrode,flipped,wiktionary:kaikki@2026-10-03,low,2.83,electrode,,,,,,,-7.39137077331543,-3.3406238555908203,-4.545223712921143,-0.029598754830658436,-5.631161212921143,0.9868288115685179,-4.515624958090484,True,4, Ele|kt|ro|de,right,right,known,True,-5.365997314453125,f,True,True,f,True
es,electrodo,m,electrode,flipped,wiktionary:kaikki@2026-10-03,low,2.83,electrode,,,,o,yes,,1.8390674591064453,1.3816776275634766,-0.03624448552727699,-4.0128068923950195,,0.9835995121890363,3.9765624068677425,True,2, electro|do,right,right,known,True,1.610372543334961,m,True,True,m,True
de,Minirock,m,miniskirt,flipped,wiktionary:kaikki@2026-10-03,low,2.82,miniskirt,,,,,,,6.010105133056641,0.4453582763671875,-0.17274941131472588,-2.0711869597434998,-4.8211870193481445,0.9827973598494115,1.8984375484287739,True,3, Min|iro|ck,right,unsure,unsure,False,3.227731704711914,m,True,True,m,True
es,minifalda,f,miniskirt,flipped,wiktionary:kaikki@2026-10-03,low,2.92,miniskirt,,,,a,yes,,-5.789960861206055,-3.372386932373047,-3.812329411506653,-0.04670433886349201,,0.9776386784272049,-3.765625072643161,True,4, min|if|al|da,right,right,known,True,-4.581173896789551,f,True,True,f,True
de,Kresse,f,cress,flipped,wiktionary:kaikki@2026-10-03,low,2.81,cress,,,,,,,-8.017599105834961,-3.97430419921875,-4.167062997817993,-0.04206292890012264,-5.026437997817993,0.9852155812029078,-4.1250000689178705,True,2, K|resse,right,right,known,True,-5.9959516525268555,f,True,True,f,True
es,berro,m,cress,flipped,wiktionary:kaikki@2026-10-03,low,2.6,cress,,,,o,yes,,3.8096790313720703,3.9779014587402344,-0.06350574269890785,-3.57131826877594,,0.9704302557462261,3.507812526077032,True,2, ber|ro,right,right,known,True,3.8937902450561523,m,True,True,m,True
de,Kehlkopf,m,larynx,flipped,wiktionary:kaikki@2026-10-03,low,2.8,larynx,,,,,,,9.289260864257812,3.9120407104492188,-0.10968445613980293,-2.617496967315674,-4.851871728897095,0.9809395180482838,2.507812511175871,True,5, K|eh|lk|op|f,right,right,known,True,6.600650787353516,m,True,True,m,True
es,laringe,f,larynx,flipped,wiktionary:kaikki@2026-10-03,low,2.81,larynx,,,,other,,,-4.762598037719727,-5.596523284912109,-3.3309246301651,-0.057487042620778084,,0.9803600670391395,-3.273437587544322,True,3, l|aring|e,right,right,known,True,-5.179560661315918,f,True,True,f,True
de,Apfelwein,m,cider,flipped,wiktionary:kaikki@2026-10-03,low,2.79,"cider, apple cider",,,,,,,5.676191329956055,1.9279499053955078,-0.10897219553589821,-2.780847191810608,-3.804284691810608,0.9820463037325611,2.6718749962747097,True,4, Ap|fel|we|in,right,right,known,True,3.8020706176757812,m,True,True,m,True
es,sidra,f,cider,flipped,wiktionary:kaikki@2026-10-03,low,3.27,cider,,,,a,yes,,-2.321722984313965,-2.044414520263672,-1.940132737159729,-0.1901327222585678,,0.9707734212017871,-1.7500000149011612,True,2, sid|ra,right,right,known,True,-2.1830687522888184,f,True,True,f,True
de,Tulpe,f,tulip,flipped,wiktionary:kaikki@2026-10-03,low,2.77,tulip,,,,,,,-5.1895751953125,-2.917715072631836,-4.524069547653198,-0.02406960166990757,-6.258444547653198,0.9898795060956606,-4.499999945983291,True,2, Tul|pe,right,right,known,True,-4.053645133972168,f,True,True,f,True
es,tulipán,m,tulip,flipped,wiktionary:kaikki@2026-10-03,low,2.58,tulip,,,,other,,,4.990810394287109,1.7741632461547852,-0.048245249316096306,-3.9701201915740967,,0.9746191996193464,3.9218749422580004,True,3, tul|ip|án,right,right,known,True,3.3824868202209473,m,True,True,m,True
de,Schützengraben,m,trench,flipped,wiktionary:kaikki@2026-10-03,low,2.74,trench,,,,,,,10.260272979736328,6.394762992858887,-0.10652457922697067,-2.7783995866775513,-4.145586967468262,0.9770907446110004,2.6718750074505806,True,6, Sch|üt|z|eng|r|aben,right,right,known,True,8.327517986297607,m,True,True,m,True
es,trinchera,f,trench,flipped,wiktionary:kaikki@2026-10-03,low,3.33,"trench, ditch",,,,a,yes,,-5.7167558670043945,-7.928213119506836,-1.9655803442001343,-0.19995535910129547,,0.962597553748616,-1.7656249850988388,True,3, tr|inch|era,right,right,known,True,-6.822484493255615,f,True,True,f,True
de,Apsis,f,apse,flipped,wiktionary:kaikki@2026-10-03,low,2.72,apse (a semicircular projection from a building),,,,,,,-1.2686710357666016,-2.293935775756836,-2.77180552482605,-0.11555551365017891,-4.78743052482605,0.9731513941573636,-2.656250011175871,True,3, A|ps|is,right,right,known,True,-1.7813034057617188,f,True,True,f,True
es,ábside,m,apse,flipped,wiktionary:kaikki@2026-10-03,low,2.69,apse,,,,other,,,6.577489852905273,6.884223937988281,-1.0114202052354813,-1.0973577126860619,,0.9787884343904054,0.0859375074505806,False,3, á|bs|ide,right,right,known,True,6.730856895446777,m,True,True,m,True
de,Baldrian,m,valerian,flipped,wiktionary:kaikki@2026-10-03,low,2.72,valerian (Valeriana officinalis),,,,,,,8.273664474487305,2.6153640747070312,-0.4283050149679184,-1.8892425298690796,-1.7642424702644348,0.9784544281925572,1.4609375149011612,True,2, Bald|rian,right,right,known,True,5.444514274597168,m,True,True,m,True
es,valeriana,f,valerian,flipped,wiktionary:kaikki@2026-10-03,low,2.62,valerian,,,,a,yes,,-6.225808143615723,-0.9428348541259766,-2.8412963151931763,-0.09129631891846657,,0.9724169512434538,-2.7499999962747097,True,3, val|er|iana,right,unsure,unsure,False,-3.5843214988708496,f,True,True,f,True
de,Fingernagel,m,fingernail,flipped,wiktionary:kaikki@2026-10-03,low,2.7,fingernail,,,,,,,9.977334976196289,5.705268859863281,-0.11712327972054482,-2.5077483654022217,-4.398373365402222,0.9833980790458768,2.390625085681677,True,5, F|ing|ern|ag|el,right,right,known,True,7.841301918029785,m,True,True,m,True
es,uña,f,fingernail,flipped,wiktionary:kaikki@2026-10-03,mid,3.51,"fingernail, toenail, nail",,,,a,yes,,-3.6669702529907227,-3.6905860900878906,-3.3350027799606323,-0.06937776505947113,,0.9773970795250139,-3.265625014901161,True,2, u|ña,right,right,known,True,-3.6787781715393066,f,True,True,f,True
de,Anrichte,f,sideboard,flipped,wiktionary:kaikki@2026-10-03,low,2.66,sideboard,,,,,,,-5.779361724853516,-6.6944122314453125,-3.5803416967391968,-0.056904131546616554,-4.908466815948486,0.9842478165704482,-3.5234375651925802,True,3, An|richt|e,right,right,known,True,-6.236886978149414,f,True,True,f,True
es,aparador,m,sideboard,flipped,wiktionary:kaikki@2026-10-03,low,2.62,sideboard,,,,other,,,3.328683853149414,5.961338043212891,-0.04230629466474056,-3.6594938039779663,,0.9857511235398992,3.6171875093132257,True,2, apar|ador,right,right,known,True,4.645010948181152,m,True,True,m,True
de,Staffelei,f,easel,flipped,wiktionary:kaikki@2026-10-03,low,2.62,easel,,,-ei,,,,-5.033334732055664,-4.140987396240234,-4.367833852767944,-0.03970875218510628,-5.070958852767944,0.9820594943585674,-4.328125100582838,True,3, Staff|ele|i,right,right,known,True,-4.587161064147949,f,True,True,f,True
es,caballete,m,easel,flipped,wiktionary:kaikki@2026-10-03,low,2.74,easel,,,,other,,,5.357905387878418,3.7130374908447266,-0.06494205631315708,-3.1586920022964478,,0.9800249139607866,3.0937499459832907,True,3, cab|al|lete,right,right,known,True,4.535471439361572,m,True,True,m,True
de,Heilanstalt,f,sanatorium,flipped,wiktionary:kaikki@2026-10-03,low,2.57,sanatorium,,,,,,,-11.644054412841797,-6.222593307495117,-4.409744024276733,-0.034744104370474815,-5.237869024276733,0.9838098538584299,-4.374999919906259,True,4, He|il|anst|alt,right,right,known,True,-8.933323860168457,f,True,True,f,True
es,sanatorio,m,sanatorium,flipped,wiktionary:kaikki@2026-10-03,low,3.35,sanatorium,,,,o,yes,,8.037307739257812,7.744478225708008,-0.030968612991273403,-4.70284366607666,,0.9788608859150056,4.671875053085387,True,2, san|atorio,right,right,known,True,7.89089298248291,m,True,True,m,True
de,Pantoffel,m,slipper,flipped,wiktionary:kaikki@2026-10-03,low,2.56,slipper (indoor shoe),,,,,,,2.7020263671875,0.4044990539550781,-2.17593452334404,-0.4571845047175884,-5.675934553146362,0.9867976204325919,-1.7187500186264515,False,3, Pant|off|el,right,unsure,unsure,False,1.553262710571289,m,True,True,f,False
es,chancla,f,slipper,flipped,wiktionary:kaikki@2026-10-03,low,2.65,slipper,,,,a,yes,,-0.4450225830078125,-1.4949569702148438,-2.3481537103652954,-0.1372162029147148,,0.9727083024164311,-2.2109375074505806,True,2, chan|cla,unsure,right,unsure,False,-0.9699897766113281,f,True,True,f,True
de,Ulme,f,elm,flipped,wiktionary:kaikki@2026-10-03,low,2.53,elm (tree),,,,,,,-4.654924392700195,-4.486736297607422,-3.1287707090377808,-0.0740831270813942,-5.222520589828491,0.9848271843566874,-3.0546875819563866,True,2, Ul|me,right,right,known,True,-4.570830345153809,f,True,True,f,True
es,olmo,m,elm,flipped,wiktionary:kaikki@2026-10-03,low,3.27,elm,,,,o,yes,,6.775115013122559,6.776741027832031,-0.01999212335795164,-6.105929613113403,,0.9830521526224174,6.085937489755452,True,2, ol|mo,right,right,known,True,6.775928020477295,m,True,True,m,True
de,Hals,m,neck,control,wiktionary:kaikki@2026-10-03,mid,4.46,neck,,,,,,,11.002509117126465,1.481649398803711,-0.07908332534134388,-2.8447083234786987,-5.188458204269409,0.9900434046780409,2.765624998137355,True,2, H|als,right,right,known,True,6.242079257965088,m,True,True,m,True
es,cuello,m,neck,control,wiktionary:kaikki@2026-10-03,high,4.62,neck (part of body connecting the head and the torso),,,,o,yes,,7.082706451416016,4.20887565612793,-0.05169219709932804,-3.3329421281814575,,0.9877551126786858,3.2812499310821295,True,3, c|uel|lo,right,right,known,True,5.645791053771973,m,True,True,m,True
de,Magen,m,stomach,control,wiktionary:kaikki@2026-10-03,mid,4.23,"stomach, maw",,,,,,,17.345800399780273,3.3169498443603516,-0.05002912599593401,-3.573466658592224,-5.440654277801514,0.987668024148864,3.52343753259629,True,2, Mag|en,right,right,known,True,10.331375122070312,m,True,True,m,True
es,estómago,m,stomach,control,wiktionary:kaikki@2026-10-03,mid,4.13,stomach (an organ in animals that stores food in the process of digestion),,,,o,yes,,4.844987869262695,4.793277740478516,-0.03814112953841686,-3.842828631401062,,0.9841954037028411,3.804687501862645,True,3, est|óm|ago,right,right,known,True,4.8191328048706055,m,True,True,m,True
de,Treppe,f,stairs,control,wiktionary:kaikki@2026-10-03,mid,4.19,stairs,,,,,,,-3.1841983795166016,-0.5001659393310547,-4.32863712310791,-0.03176216688007116,-6.77394962310791,0.9885599997662962,-4.296874956227839,True,3, T|rep|pe,right,unsure,unsure,False,-1.8421821594238281,f,True,True,f,True
es,escalera,f,stairs,control,wiktionary:kaikki@2026-10-03,mid,4.14,stairs,,,,a,yes,,-6.847563743591309,-2.967813491821289,-3.4559472799301147,-0.06532235071063042,,0.9699947400393882,-3.3906249292194843,True,2, escal|era,right,right,known,True,-4.907688617706299,f,True,True,f,True
de,Supermarkt,m,supermarket,control,wiktionary:kaikki@2026-10-03,mid,4.17,supermarket,,,,,,,9.623488426208496,6.794687271118164,-0.07280581258237362,-2.939993381500244,-5.814993143081665,0.9869256279596694,2.8671875689178705,True,2, Super|markt,right,right,known,True,8.20908784866333,m,True,True,m,True
es,supermercado,m,supermarket,control,wiktionary:kaikki@2026-10-03,mid,3.91,supermarket,,,,o,yes,,5.7249908447265625,5.888143539428711,-0.037559887394309044,-4.146934986114502,,0.9790191939478581,4.109375098720193,True,3, super|merc|ado,right,right,known,True,5.806567192077637,m,True,True,m,True
de,Schrank,m,cabinet,control,wiktionary:kaikki@2026-10-03,mid,4.14,"cabinet (storage closet either separate from, or built into, a wall), or (specifically):",,,,,,,10.523530006408691,4.2384185791015625,-0.05029112473130226,-3.3627911806106567,-6.159666061401367,0.9886244250855994,3.3125000558793545,True,2, Sch|rank,right,right,known,True,7.380974292755127,m,True,True,m,True
es,gabinete,m,cabinet,control,wiktionary:kaikki@2026-10-03,mid,4.34,cabinet (all senses),,,,other,,,4.278928756713867,4.541582107543945,-0.05310709588229656,-3.4124821424484253,,0.98412040561986,3.3593750465661287,True,3, g|abin|ete,right,right,known,True,4.410255432128906,m,True,True,m,True
de,Kapelle,f,chapel,control,wiktionary:kaikki@2026-10-03,mid,4.07,chapel,,,,,,,-7.409859657287598,-5.338581085205078,-4.025095343589783,-0.04072038922458887,-5.228220224380493,0.9861077522230289,-3.984374954365194,True,2, Kap|elle,right,right,known,True,-6.374220371246338,f,True,True,f,True
es,capilla,f,chapel,control,wiktionary:kaikki@2026-10-03,mid,4.1,chapel,,,,a,yes,,-4.676479339599609,-3.514965057373047,-4.125149369239807,-0.03139934875071049,,0.9856317081285753,-4.093750020489097,True,2, cap|illa,right,right,known,True,-4.095722198486328,f,True,True,f,True
de,Palast,m,palace,control,wiktionary:kaikki@2026-10-03,mid,4.02,palace,,,,,,,8.019136428833008,1.9545364379882812,-0.055869368836283684,-3.3449318408966064,-4.6730568408966064,0.9909062882502926,3.2890624720603228,True,2, Pal|ast,right,right,known,True,4.9868364334106445,m,True,True,m,True
es,palacio,m,palace,control,wiktionary:kaikki@2026-10-03,high,4.67,palace,,,,o,yes,,4.46005916595459,5.986368179321289,-0.025801020674407482,-4.432050943374634,,0.9867454245052272,4.406249922700226,True,2, pal|acio,right,right,known,True,5.2232136726379395,m,True,True,m,True
de,Schädel,m,skull,control,wiktionary:kaikki@2026-10-03,mid,4.01,skull,,,,,,,8.422250747680664,4.460809707641602,-0.05597768537700176,-3.407540202140808,-4.7044150829315186,0.9878719303940471,3.3515625167638063,True,3, Sch|ä|del,right,right,known,True,6.441530227661133,m,True,True,m,True
es,cráneo,m,skull,control,wiktionary:kaikki@2026-10-03,mid,3.86,"skull, cranium",,,,o,yes,,7.805591583251953,7.507892608642578,-0.045695461332798004,-3.6550705432891846,,0.9818927106560125,3.6093750819563866,True,3, cr|á|neo,right,right,known,True,7.656742095947266,m,True,True,m,True
de,Rückstand,m,residue,control,wiktionary:kaikki@2026-10-03,mid,3.95,residue,,,,,,,7.38011360168457,4.155281066894531,-0.06251392513513565,-3.3593889474868774,-4.515638828277588,0.9866846082302432,3.296875022351742,True,2, Rück|stand,right,right,known,True,5.767697334289551,m,True,True,m,True
es,residuo,m,residue,control,wiktionary:kaikki@2026-10-03,low,3.29,"residue, remainder",,,,o,yes,,6.223475456237793,8.219923973083496,-0.04539909213781357,-3.6860240697860718,,0.9817792915971933,3.640624977648258,True,2, resid|uo,right,right,known,True,7.2216997146606445,m,True,True,m,True
de,Laufbahn,f,track,control,wiktionary:kaikki@2026-10-03,mid,3.85,track,,,,,,,-6.990245819091797,-5.438392639160156,-2.812709927558899,-0.09395991638302803,-4.4845850467681885,0.9850076309520066,-2.718750011175871,True,4, La|uf|b|ahn,right,right,known,True,-6.214319229125977,f,True,True,f,True
es,pista,f,track,control,wiktionary:kaikki@2026-10-03,high,4.55,"track, course, trail",,,,a,yes,,-4.737697601318359,-7.814640045166016,-3.8133307695388794,-0.03989316429942846,,0.985806238745741,-3.773437605239451,True,2, p|ista,right,right,known,True,-6.2761688232421875,f,True,True,f,True
de,Kneipe,f,pub,control,wiktionary:kaikki@2026-10-03,mid,3.83,"pub, bar",,,,,,,-5.822628021240234,-3.1515140533447266,-4.53074836730957,-0.030748270452022552,-5.93699836730957,0.9847622286399964,-4.500000096857548,True,3, K|ne|ipe,right,right,known,True,-4.4870710372924805,f,True,True,f,True
es,taberna,f,pub,control,wiktionary:kaikki@2026-10-03,low,3.43,"pub, tavern",,,,a,yes,,-5.403665542602539,-6.4210004806518555,-3.272128462791443,-0.06119096465408802,,0.9788911993707864,-3.210937498137355,True,2, tab|erna,right,right,known,True,-5.912333011627197,f,True,True,f,True
de,Wasserstoff,m,hydrogen,control,wiktionary:kaikki@2026-10-03,mid,3.77,hydrogen; the lightest and most common element in the universe with the atomic number 1,,,,,,,7.907082557678223,1.442178726196289,-0.19535421952605247,-4.187541723251343,-2.1172292232513428,0.976990954616779,3.9921875037252903,True,2, Wasser|stoff,right,right,known,True,4.674630641937256,m,True,True,m,True
es,hidrógeno,m,hydrogen,control,wiktionary:kaikki@2026-10-03,mid,3.61,hydrogen,,,,o,yes,,6.89091682434082,5.730403900146484,-0.024289362132549286,-6.71178936958313,,0.977323916234722,6.687500007450581,True,4, hid|ró|gen|o,right,right,known,True,6.310660362243652,m,True,True,m,True
de,Weizen,m,wheat,control,wiktionary:kaikki@2026-10-03,mid,3.76,wheat,,,,,,,10.284029006958008,5.565952301025391,-0.2005804404616356,-2.255267858505249,-2.872455358505249,0.984077761256501,2.0546874180436134,True,2, We|izen,right,right,known,True,7.924990653991699,m,True,True,m,True
es,trigo,m,wheat,control,wiktionary:kaikki@2026-10-03,mid,4.05,wheat,,,,o,yes,,5.765999794006348,4.991315841674805,-0.040078544057905674,-4.305703639984131,,0.9746042688517815,4.265625095926225,True,2, tr|igo,right,right,known,True,5.378657817840576,m,True,True,m,True
de,Speck,m,bacon,control,wiktionary:kaikki@2026-10-03,mid,3.73,"bacon, fatty cellular tissue under the porkrind",,,,,,,7.34632682800293,1.0848522186279297,-0.159653190523386,-2.8393406867980957,-2.7377781867980957,0.983380095872504,2.6796874962747097,True,2, Spe|ck,right,right,known,True,4.21558952331543,m,True,True,m,True
es,tocino,m,bacon,control,wiktionary:kaikki@2026-10-03,low,3.32,bacon,,,,o,yes,,4.901508331298828,4.671911239624023,-0.04201101139187813,-3.971698522567749,,0.9787589422561902,3.929687511175871,True,2, toc|ino,right,right,known,True,4.786709785461426,m,True,True,m,True
de,Konsole,f,console,control,wiktionary:kaikki@2026-10-03,mid,3.73,console,,,,,,,-5.4126386642456055,-3.9871578216552734,-3.911415457725525,-0.03641534224152565,-5.5676655769348145,0.9911675148284544,-3.8750001154839993,True,2, Kon|sole,right,right,known,True,-4.6998982429504395,f,True,True,f,True
es,consola,f,console,control,wiktionary:kaikki@2026-10-03,mid,3.91,console,,,,a,yes,,-6.693406105041504,-5.377780914306641,-2.2930541038513184,-0.12117908149957657,,0.9875427941938946,-2.171875022351742,True,2, cons|ola,right,right,known,True,-6.035593509674072,f,True,True,f,True
de,Oberschenkel,m,thigh,control,wiktionary:kaikki@2026-10-03,mid,3.67,thigh (upper leg),,,,,,,4.150083541870117,4.395538330078125,-1.4110102951526642,-1.184447780251503,-4.903197765350342,0.980939897305362,-0.2265625149011612,False,4, O|bers|chen|kel,right,right,known,True,4.272810935974121,m,True,True,f,False
es,muslo,m,thigh,control,wiktionary:kaikki@2026-10-03,low,3.35,"thigh (upper leg of a human, between the hip and the knee)",,,,o,yes,,7.234123229980469,5.231073379516602,-0.049394793808460236,-3.424394726753235,,0.9846284426817635,3.3749999329447746,True,2, mus|lo,right,right,known,True,6.232598304748535,m,True,True,m,True
de,Birne,f,pear,control,wiktionary:kaikki@2026-10-03,mid,3.6,pear,,,,,,,-7.314336776733398,-3.6419601440429688,-4.750667095184326,-0.024104668758809566,-6.156917095184326,0.9877657716682444,-4.726562426425517,True,2, Bir|ne,right,right,known,True,-5.478148460388184,f,True,True,f,True
es,pera,f,pear,control,wiktionary:kaikki@2026-10-03,mid,3.61,pear,,,,a,yes,,-2.5964603424072266,-5.794234275817871,-4.033734679222107,-0.06498469226062298,,0.9557343847247872,-3.968749986961484,True,2, per|a,right,right,known,True,-4.195347309112549,f,True,True,f,True
de,Gletscher,m,glacier,control,wiktionary:kaikki@2026-10-03,mid,3.58,glacier,,,,,,,3.8860034942626953,2.248441696166992,-0.9422052912414074,-1.598455235362053,-5.785955190658569,0.9838429765357706,0.6562499441206455,False,3, G|lets|cher,right,right,known,True,3.0672225952148438,m,True,True,m,True
es,glaciar,m,glacier,control,wiktionary:kaikki@2026-10-03,low,3.27,glacier,,,,other,,,1.1842174530029297,3.576885223388672,-0.06694075837731361,-3.3638157844543457,,0.9788191028584272,3.296875026077032,True,2, glac|iar,right,right,known,True,2.380551338195801,m,True,True,m,True
de,Schlucht,f,canyon,control,wiktionary:kaikki@2026-10-03,mid,3.57,"canyon, chasm, gorge, ravine",,,,,,,-10.023496627807617,-3.410673141479492,-3.0416207313537598,-0.0884956493973732,-4.51037073135376,0.9840744658111655,-2.9531250819563866,True,2, Schl|ucht,right,right,known,True,-6.717084884643555,f,True,True,f,True
es,barranca,f,canyon,control,wiktionary:kaikki@2026-10-03,low,3.17,"canyon, ravine, barranca",,,,a,yes,,-6.130519866943359,-6.819980621337891,-2.2360405921936035,-0.157915610820055,,0.975256534256326,-2.0781249813735485,True,2, barr|anca,right,right,known,True,-6.475250244140625,f,True,True,f,True
de,Leuchtturm,m,lighthouse,control,wiktionary:kaikki@2026-10-03,mid,3.56,lighthouse,,,,,,,8.288934707641602,7.422740936279297,-0.08391978219151497,-2.857357382774353,-4.7167322635650635,0.9863645441667984,2.773437600582838,True,4, Le|uch|tt|urm,right,right,known,True,7.855837821960449,m,True,True,m,True
es,faro,m,lighthouse,control,wiktionary:kaikki@2026-10-03,mid,3.74,lighthouse,,,,o,yes,,2.419219970703125,4.385219573974609,-0.06242617592215538,-3.148363709449768,,0.983621552803507,3.0859375335276127,True,2, far|o,right,right,known,True,3.402219772338867,m,True,True,m,True
de,Schachtel,f,small,control,wiktionary:kaikki@2026-10-03,mid,3.51,"a small, usually square box, package or case",,,,,,,-10.743014335632324,-4.97713565826416,-4.973639726638794,-0.02051476575434208,-6.098639726638794,0.9897611303267053,-4.953124960884452,True,3, Sch|acht|el,right,right,known,True,-7.860074996948242,f,True,True,f,True
es,fonda,f,small,control,wiktionary:kaikki@2026-10-03,low,3.25,"small, inexpensive restaurant",,,,a,yes,,-1.3704204559326172,-3.6725006103515625,-1.814781367778778,-0.22103135287761688,,0.9656235438731025,-1.5937500149011612,True,2, f|onda,right,right,known,True,-2.52146053314209,f,True,True,f,True
de,Urne,f,urn,control,wiktionary:kaikki@2026-10-03,low,3.46,urn,,,,,,,-6.3464555740356445,-6.138660430908203,-4.635408878326416,-0.026033840142190456,-5.697908878326416,0.9891643578168834,-4.609375038184226,True,2, Ur|ne,right,right,known,True,-6.242558002471924,f,True,True,f,True
es,urna,f,urn,control,wiktionary:kaikki@2026-10-03,mid,3.56,urn,,,,a,yes,,-2.4613819122314453,-4.601737976074219,-3.352967858314514,-0.05609286017715931,,0.9811300006445511,-3.296874998137355,True,2, urn|a,right,right,known,True,-3.531559944152832,f,True,True,f,True
de,Kugelschreiber,m,ballpoint pen,control,wiktionary:kaikki@2026-10-03,low,3.41,"ballpoint pen, biro",,,,,,,6.766658782958984,3.134805679321289,-0.14030896872282028,-2.265308976173401,-5.069996356964111,0.9821673936029206,2.1250000074505806,True,6, K|ug|els|ch|re|iber,right,right,known,True,4.950732231140137,m,True,True,m,True
es,bolígrafo,m,ballpoint pen,control,wiktionary:kaikki@2026-10-03,low,3.14,ballpoint pen,,,,o,yes,,5.43723201751709,4.445535659790039,-0.03316371422261,-4.376913666725159,,0.9831400762056517,4.343749952502549,True,4, bol|í|gra|fo,right,right,known,True,4.9413838386535645,m,True,True,m,True
de,Ingwer,m,ginger,control,wiktionary:kaikki@2026-10-03,low,3.37,ginger,,,,,,,7.740129470825195,3.3208465576171875,-0.15126435458660126,-2.4872018098831177,-3.3387643098831177,0.9832129958890456,2.3359374552965164,True,2, Ing|wer,right,right,known,True,5.530488014221191,m,True,True,m,True
es,jengibre,m,ginger,control,wiktionary:kaikki@2026-10-03,low,3.23,ginger,,,,other,,,2.5968074798583984,2.8805198669433594,-0.0718347355723381,-3.157772183418274,,0.9745805560340141,3.085937447845936,True,3, j|eng|ibre,right,right,known,True,2.738663673400879,m,True,True,m,True
de,Schlachthof,m,slaughterhouse,control,wiktionary:kaikki@2026-10-03,low,3.26,slaughterhouse,,,,,,,9.965293884277344,3.386310577392578,-0.10778363794088364,-2.6468461751937866,-4.670283794403076,0.9823786249197597,2.539062537252903,True,4, Schl|ach|th|of,right,right,known,True,6.675802230834961,m,True,True,m,True
es,matadero,m,slaughterhouse,control,wiktionary:kaikki@2026-10-03,low,3.41,"slaughterhouse, abattoir",,,,o,yes,,4.994483947753906,6.418184280395508,-0.03559543192386627,-4.176220417022705,,0.9804361481990826,4.140624985098839,True,2, mat|adero,right,right,known,True,5.706334114074707,m,True,True,m,True
de,Traube,f,grape,control,wiktionary:kaikki@2026-10-03,low,3.25,grape,,,,,,,-9.195243835449219,-4.916875839233398,-4.69658088684082,-0.02470587659627199,-6.07158088684082,0.989674437652287,-4.671875010244548,True,2, Tra|ube,right,right,known,True,-7.056059837341309,f,True,True,f,True
es,uva,f,grape,control,wiktionary:kaikki@2026-10-03,mid,3.81,grape,,,,a,yes,,-3.6226119995117188,-4.803522109985352,-3.6445322036743164,-0.08203218877315521,,0.948388204244589,-3.562500014901161,True,2, u|va,right,right,known,True,-4.213067054748535,f,True,True,f,True
de,Kontrabass,m,double bass,control,wiktionary:kaikki@2026-10-03,low,3.19,double bass (a large stringed instrument),,,,,,,3.0496692657470703,5.650821685791016,-0.10313449427485466,-2.6343843936920166,-4.462509632110596,0.9864131842148496,2.531249899417162,True,4, Kon|tr|ab|ass,right,right,known,True,4.350245475769043,m,True,True,m,True
es,contrabajo,m,double bass,control,wiktionary:kaikki@2026-10-03,low,2.77,double bass,,,,o,yes,,4.780078887939453,5.648702621459961,-0.061655739322304726,-3.303843140602112,,0.9784481023700001,3.242187401279807,True,2, contr|abajo,right,right,known,True,5.214390754699707,m,True,True,m,True
de,Brokkoli,m,broccoli,control,wiktionary:kaikki@2026-10-03,low,3.17,broccoli,,,,,,,0.6639394760131836,2.457662582397461,-0.15237901359796524,-2.410191535949707,-3.511754035949707,0.981228675841838,2.257812522351742,True,3, Bro|kk|oli,unsure,right,unsure,False,1.5608010292053223,m,True,True,m,True
es,brócoli,m,broccoli,control,wiktionary:kaikki@2026-10-03,low,2.95,broccoli,,,,other,,,4.228577613830566,2.4244728088378906,-0.04183077625930309,-4.213705897331238,,0.9749539932227403,4.171875121071935,True,3, br|ó|coli,right,right,known,True,3.3265252113342285,m,True,True,m,True
de,Sud,m,broth,control,wiktionary:kaikki@2026-10-03,low,3.14,"broth, stock, brew (liquid that remains after cooking, boiling)",,,,,,,5.467477798461914,3.104522705078125,-0.26208049058914185,-3.0433305501937866,-2.074580490589142,0.9866961250262427,2.7812500596046448,True,1, Sud,right,right,known,True,4.2860002517700195,m,True,True,m,True
es,bodrio,m,broth,control,wiktionary:kaikki@2026-10-03,low,2.58,broth,,,,o,yes,,5.634344100952148,5.55731201171875,-0.2093924656510353,-1.9359549283981323,,0.9562198150126635,1.726562462747097,True,2, bod|rio,right,right,known,True,5.595828056335449,m,True,True,m,True
de,Rippe,f,rib,control,wiktionary:kaikki@2026-10-03,low,3.13,rib,,,,,,,-6.049905776977539,-1.957855224609375,-3.963112473487854,-0.04123750701546669,-5.3068623542785645,0.9873661900528107,-3.9218749664723873,True,2, Rip|pe,right,right,known,True,-4.003880500793457,f,True,True,f,True
es,costilla,f,rib,control,wiktionary:kaikki@2026-10-03,low,3.34,rib,,,,a,yes,,-5.331905364990234,-3.5893821716308594,-3.031150698661804,-0.0780258048325777,,0.9767503826964099,-2.9531248938292265,True,2, cost|illa,right,right,known,True,-4.460643768310547,f,True,True,f,True
de,Stausee,m,reservoir,control,wiktionary:kaikki@2026-10-03,low,3.12,reservoir,,,,,,,2.0661544799804688,1.4132499694824219,-0.06977321393787861,-3.0228981971740723,-4.991648197174072,0.9894298889724249,2.9531249832361937,True,3, St|ause|e,right,right,known,True,1.7397022247314453,m,True,True,m,True
es,reservorio,m,reservoir,control,wiktionary:kaikki@2026-10-03,low,2.83,reservoir,,,,o,yes,,6.465412139892578,7.089855194091797,-0.04581238515675068,-3.7020623683929443,,0.9814707468810449,3.6562499832361937,True,2, reserv|orio,right,right,known,True,6.7776336669921875,m,True,True,m,True
de,Pflaume,f,plum,control,wiktionary:kaikki@2026-10-03,low,3.09,plum,,,,,,,-3.2533740997314453,-3.3614234924316406,-3.954520106315613,-0.04045750945806503,-5.532645225524902,0.9858233402003386,-3.9140625968575478,True,4, P|fl|a|ume,right,right,known,True,-3.307398796081543,f,True,True,f,True
es,ciruela,f,plum,control,wiktionary:kaikki@2026-10-03,low,2.91,plum,,,,a,yes,,-5.15001106262207,-7.986936569213867,-4.1066224575042725,-0.04412238486111164,,0.9733328879540484,-4.062500072643161,True,2, cir|uela,right,right,known,True,-6.568473815917969,f,True,True,f,True
de,Gondel,f,gondola,control,wiktionary:kaikki@2026-10-03,low,3.08,gondola,,,,,,,-6.351329803466797,-4.663179397583008,-4.179257750511169,-0.03863274212926626,-5.40582013130188,0.9845973232842193,-4.140625008381903,True,3, G|ond|el,right,right,known,True,-5.507254600524902,f,True,True,f,True
es,góndola,f,gondola,control,wiktionary:kaikki@2026-10-03,low,2.8,gondola (boat),,,,a,yes,,-1.6501893997192383,-1.4333000183105469,-3.7140119075775146,-0.04213683679699898,,0.9831237694214365,-3.6718750707805157,True,3, gó|nd|ola,right,right,known,True,-1.5417447090148926,f,True,True,f,True
de,Vervielfältigung,f,duplication,control,wiktionary:kaikki@2026-10-03,low,3.07,duplication,,,-ung,,,,-8.076594352722168,-6.5634613037109375,-2.8566861152648926,-0.17699865251779556,-3.1848111152648926,0.9474986076873777,-2.679687462747097,True,6, V|erv|i|elf|ält|igung,right,right,known,True,-7.320027828216553,f,True,True,f,True
es,duplicación,f,duplication,control,wiktionary:kaikki@2026-10-03,low,2.94,duplication,,,,other,,,-7.465463638305664,-5.693796157836914,-2.5885311365127563,-0.23696862906217575,,0.8966671136863089,-2.3515625074505806,True,2, duplic|ación,right,right,known,True,-6.579629898071289,f,True,True,f,True
de,Diskothek,f,discotheque,control,wiktionary:kaikki@2026-10-03,low,3.07,"discotheque, nightclub",,,,,,,-9.25759506225586,-7.250247955322266,-4.528673887252808,-0.036486546508967876,-5.966173887252808,0.9781938715437909,-4.49218734074384,True,3, Disk|oth|ek,right,right,known,True,-8.253921508789062,f,True,True,f,True
es,discoteca,f,discotheque,control,wiktionary:kaikki@2026-10-03,mid,3.71,"discotheque, club",,,,a,yes,,-5.648428916931152,-5.6114349365234375,-3.3621435165405273,-0.05745607987046242,,0.9793662980045186,-3.304687436670065,True,2, disc|oteca,right,right,known,True,-5.629931926727295,f,True,True,f,True
de,Ringstraße,f,ring road,control,wiktionary:kaikki@2026-10-03,low,3.05,"ring road, ringway, beltway, boulevard (a circular or semi-circular road surrounding a city center or urban area)",,,,,,,-9.098535537719727,-5.291952133178711,-3.4422236680984497,-0.05941115878522396,-5.91878604888916,0.9774245591325661,-3.3828125093132257,True,2, Ring|straße,right,right,known,True,-7.195243835449219,f,True,True,f,True
es,circunvalación,f,ring road,control,wiktionary:kaikki@2026-10-03,low,2.98,"ring road, beltway",,,,other,,,-4.3262786865234375,-3.8986663818359375,-3.489721894264221,-0.06003440544009209,,0.972444625442109,-3.429687488824129,True,4, circ|un|val|ación,right,right,known,True,-4.1124725341796875,f,True,True,f,True
de,Raffinerie,f,refinery,control,wiktionary:kaikki@2026-10-03,low,3.04,refinery,,,,,,,-10.671073913574219,-5.461225509643555,-3.83106005191803,-0.04980996996164322,-5.096685171127319,0.9821385097439153,-3.7812500819563866,True,4, R|aff|iner|ie,right,right,known,True,-8.066149711608887,f,True,True,f,True
es,refinería,f,refinery,control,wiktionary:kaikki@2026-10-03,low,3.47,refinery,,,,a,yes,,-3.302178382873535,-3.871297836303711,-5.030554533004761,-0.022742101922631264,,0.9840657991517489,-5.0078124310821295,True,3, ref|iner|ía,right,right,known,True,-3.586738109588623,f,True,True,f,True
de,Projektor,m,projector,control,wiktionary:kaikki@2026-10-03,low,3.03,projector,,,,,,,2.7682247161865234,4.581886291503906,-0.07271495833992958,-2.9555275440216064,-5.2289650440216064,0.9875216765520507,2.882812585681677,True,3, Proj|ek|tor,right,right,known,True,3.675055503845215,m,True,True,m,True
es,proyector,m,projector,control,wiktionary:kaikki@2026-10-03,low,3.18,"projector, video projector",,,,other,,,6.116397857666016,5.805637359619141,-0.0712338276207447,-3.055608868598938,,0.9833547235758344,2.9843750409781933,True,3, pro|y|ector,right,right,known,True,5.961017608642578,m,True,True,m,True
de,Likör,m,liqueur,control,wiktionary:kaikki@2026-10-03,low,3.02,liqueur,,,,,,,6.505884170532227,2.558408737182617,-0.0804499164223671,-3.002324938774109,-4.127324819564819,0.9890616478270671,2.921875022351742,True,2, Lik|ör,right,right,known,True,4.532146453857422,m,True,True,m,True
es,licor,m,liqueur,control,wiktionary:kaikki@2026-10-03,mid,3.66,liqueur,,,,other,,,3.9816417694091797,4.525569915771484,-0.046509794890880585,-3.5855722427368164,,0.982792581046972,3.539062447845936,True,2, lic|or,right,right,known,True,4.253605842590332,m,True,True,m,True
de,Scheibenwischer,m,windshield wiper,control,wiktionary:kaikki@2026-10-03,low,3.02,"windshield wiper, windscreen wiper (UK)",,,,,,,5.025209426879883,2.644519805908203,-0.20508600771427155,-1.8535234928131104,-4.69727349281311,0.9831155232523283,1.6484374850988388,True,4, Sche|iben|w|ischer,right,right,known,True,3.834864616394043,m,True,True,m,True
es,limpiaparabrisas,m,windshield wiper,control,wiktionary:kaikki@2026-10-03,low,2.72,windshield wiper; windscreen wiper,,,,other,,,4.78530216217041,2.4132041931152344,-0.07453513517975807,-3.1917226314544678,,0.974159553718593,3.1171874962747097,True,7, lim|pi|ap|ar|ab|ris|as,right,right,known,True,3.5992531776428223,m,True,True,m,True
de,Vergaser,m,carburetor,control,wiktionary:kaikki@2026-10-03,low,2.99,"carburetor, carburettor",,,,,,,3.1234588623046875,-0.16596221923828125,-0.09884700924158096,-2.653534412384033,-4.833222150802612,0.9846332832551028,2.5546874031424522,True,2, Verg|aser,right,unsure,unsure,False,1.4787483215332031,m,True,False,m,True
es,carburador,m,carburetor,control,wiktionary:kaikki@2026-10-03,low,2.81,carburetor (a device in an internal combustion engine),,,,other,,,5.497248649597168,0.78955078125,-0.03276077937334776,-4.126510739326477,,0.9850423410550139,4.093749959953129,True,3, car|bur|ador,right,unsure,unsure,False,3.143399715423584,m,True,True,m,True
de,Birnbaum,m,pear tree,control,wiktionary:kaikki@2026-10-03,low,2.96,pear tree,,,,,,,6.287300109863281,4.269956588745117,-0.10316977649927139,-2.6187946796417236,-5.501607179641724,0.981718439165913,2.5156249031424522,True,3, Bir|n|baum,right,right,known,True,5.278628349304199,m,True,True,m,True
es,peral,m,pear tree,control,wiktionary:kaikki@2026-10-03,low,2.84,pear tree,,,,other,,,1.3445930480957031,1.4242210388183594,-0.2279764674603939,-2.798288941383362,,0.9768008907537032,2.570312473922968,True,2, per|al,right,right,known,True,1.3844070434570312,m,True,True,m,True
de,Thymian,m,thyme,control,wiktionary:kaikki@2026-10-03,low,2.96,thyme,,,,,,,2.6375579833984375,4.10578727722168,-0.1960982382297516,-2.063285708427429,-3.360160708427429,0.9837369597358565,1.8671874701976776,True,3, Th|ym|ian,right,right,known,True,3.3716726303100586,m,True,True,m,True
es,tomillo,m,thyme,control,wiktionary:kaikki@2026-10-03,low,2.95,thyme,,,,o,yes,,5.85893440246582,4.350486755371094,-0.06722072139382362,-3.3562833070755005,,0.9761113503074067,3.289062585681677,True,2, tom|illo,right,right,known,True,5.104710578918457,m,True,True,m,True
de,Cabriolet,m,convertible,control,wiktionary:kaikki@2026-10-03,low,2.94,convertible,,,,,,,1.9096240997314453,0.30532073974609375,-3.2913167476654053,-2.2288167476654053,-0.19756677746772766,0.975195769418564,-1.0625,True,3, Cab|rio|let,right,unsure,unsure,False,1.1074724197387695,m,True,True,f,False
es,descapotable,m,convertible,control,wiktionary:kaikki@2026-10-03,low,2.74,convertible,,,,other,,,5.11116886138916,4.429906845092773,-0.18979163095355034,-2.2679166197776794,,0.9661469275928107,2.078124988824129,True,3, desc|apot|able,right,right,known,True,4.770537853240967,m,True,True,m,True
de,Katheter,m,catheter,control,wiktionary:kaikki@2026-10-03,low,2.93,catheter (small tube inserted into a body cavity),,,,,,,5.709495544433594,4.10780143737793,-0.06826463527977467,-3.107327103614807,-5.240139484405518,0.9852725299516729,3.0390624683350325,True,2, Kath|eter,right,right,known,True,4.908648490905762,m,True,True,m,True
es,catéter,m,catheter,control,wiktionary:kaikki@2026-10-03,low,2.86,catheter (a small tube inserted into a body cavity),,,,other,,,2.9444808959960938,-0.8989372253417969,-0.05392029136419296,-3.6007953882217407,,0.9756584630648548,3.5468750968575478,True,3, cat|é|ter,right,unsure,unsure,False,1.0227718353271484,m,True,False,m,True
de,Baldachin,m,canopy,control,wiktionary:kaikki@2026-10-03,low,2.84,"canopy, dais, baldaquin (ornamental roof over an altar, throne, bed etc.)",,,,,,,1.57623291015625,1.22406005859375,-0.0750386230647564,-3.0437886714935303,-5.02035117149353,0.9854184484485405,2.968750048428774,True,3, Bald|ach|in,right,right,known,True,1.400146484375,m,True,True,m,True
es,dosel,m,canopy,control,wiktionary:kaikki@2026-10-03,low,2.8,canopy,,,,other,,,5.172174453735352,4.029335021972656,-0.2245139181613922,-1.8104514479637146,,0.9634820534456089,1.5859375298023224,True,2, dos|el,right,right,known,True,4.600754737854004,m,True,True,m,True
de,Rebe,f,vine,control,wiktionary:kaikki@2026-10-03,low,2.78,"vine, grape",,,,,,,-7.783710479736328,-5.8255157470703125,-4.027534008026123,-0.03534652665257454,-5.754096508026123,0.9877815747367047,-3.9921874813735485,True,2, Re|be,right,right,known,True,-6.80461311340332,f,True,True,f,True
es,vid,f,vine,control,wiktionary:kaikki@2026-10-03,mid,3.51,"vine, grapevine",,,,other,,,-3.7468509674072266,-0.3444480895996094,-0.48956726491451263,-1.3958173096179962,,0.9544754188282811,0.9062500447034836,False,1, vid,right,unsure,unsure,False,-2.045649528503418,f,True,True,m,False
de,Harnröhre,f,urethra,control,wiktionary:kaikki@2026-10-03,low,2.77,urethra,,,,,,,-7.528270721435547,-8.845993041992188,-3.5303235054016113,-0.06157352402806282,-5.092823505401611,0.9813270058471169,-3.4687499813735485,True,5, H|arn|r|öh|re,right,right,known,True,-8.187131881713867,f,True,True,f,True
es,uretra,f,urethra,control,wiktionary:kaikki@2026-10-03,low,2.71,urethra,,,,a,yes,,-1.646291732788086,-0.2830848693847656,-0.9732067286968231,-0.6763317883014679,,0.9647333937393796,-0.2968749403953552,False,2, ure|tra,right,unsure,unsure,False,-0.9646883010864258,f,True,True,f,True
de,Verdünnung,f,dilution,control,wiktionary:kaikki@2026-10-03,low,2.76,"dilution, thinning, rarefaction",,,-ung,,,,-8.730486869812012,-7.077445983886719,-3.610639452934265,-0.07157703675329685,-4.173139333724976,0.9785340606048312,-3.5390624161809683,True,4, Verd|ü|nn|ung,right,right,known,True,-7.903966426849365,f,True,True,f,True
es,dilución,f,dilution,control,wiktionary:kaikki@2026-10-03,low,2.64,dilution,,,,other,,,-4.7059783935546875,-4.890979766845703,-3.504335880279541,-0.0902734026312828,,0.9439650565494813,-3.414062477648258,True,2, dil|ución,right,right,known,True,-4.798479080200195,f,True,True,f,True
de,Parfümerie,f,perfumery,control,wiktionary:kaikki@2026-10-03,low,2.76,perfumery,,,,,,,-6.948762893676758,-4.647071838378906,-2.9050424098968506,-0.10035481676459312,-4.5925421714782715,0.975351969625581,-2.8046875931322575,True,4, Par|fü|mer|ie,right,right,known,True,-5.797917366027832,f,True,True,f,True
es,perfumería,f,perfumery,control,wiktionary:kaikki@2026-10-03,low,2.84,"perfumery, perfume shop",,,,a,yes,,-4.542661666870117,-5.62498664855957,-3.372450590133667,-0.05995057709515095,,0.9772906490591975,-3.312500013038516,True,3, perf|umer|ía,right,right,known,True,-5.083824157714844,f,True,True,f,True
de,Nerz,m,mink,control,wiktionary:kaikki@2026-10-03,low,2.65,mink,,,,,,,6.942760467529297,3.148550033569336,-0.18487826734781265,-2.364565849304199,-2.942690849304199,0.9823978290326919,2.1796875819563866,True,2, Ner|z,right,right,known,True,5.045655250549316,m,True,True,m,True
es,visón,m,mink,control,wiktionary:kaikki@2026-10-03,low,2.52,mink,,,,other,,,1.4847373962402344,1.63409423828125,-0.2831915132701397,-1.9316290020942688,,0.9718269660407738,1.648437488824129,True,2, vis|ón,right,right,known,True,1.5594158172607422,m,True,True,m,True
de,Reizwäsche,f,lingerie,control,wiktionary:kaikki@2026-10-03,low,2.64,lingerie,,,,,,,0.3960990905761719,-5.789020538330078,-3.561802625656128,-0.06961513869464397,-4.468052625656128,0.9767021528419854,-3.492187486961484,True,5, Re|iz|w|äs|che,unsure,right,unsure,False,-2.696460723876953,f,True,False,f,True
es,lencería,f,lingerie,control,wiktionary:kaikki@2026-10-03,low,3.18,lingerie,,,,a,yes,,-4.764825820922852,-4.949708938598633,-2.508877158164978,-0.1338771991431713,,0.9573818501333813,-2.3749999590218067,True,3, l|encer|ía,right,right,known,True,-4.857267379760742,f,True,True,f,True
de,Barrikade,f,barricade,control,wiktionary:kaikki@2026-10-03,low,2.64,barricade,,,,,,,-9.251702308654785,-3.5743408203125,-3.9713574647903442,-0.04948252718895674,-5.221357345581055,0.9811031678020341,-3.9218749376013875,True,3, Bar|rik|ade,right,right,known,True,-6.413021564483643,f,True,True,f,True
es,barricada,f,barricade,control,wiktionary:kaikki@2026-10-03,low,3.15,"barricade (a barrier constructed across a road, especially as a military defence)",,,,a,yes,,-4.049909591674805,-3.41009521484375,-4.257174015045166,-0.038423964753746986,,0.9766765897862344,-4.218750050291419,True,2, barric|ada,right,right,known,True,-3.7300024032592773,f,True,True,f,True
de,Irrgarten,m,maze,control,wiktionary:kaikki@2026-10-03,low,2.61,maze,,,,,,,2.738443374633789,5.919698715209961,-0.1089690625667572,-2.8355315923690796,-4.257406711578369,0.9705130307853678,2.7265625298023224,True,3, Irr|g|arten,right,right,known,True,4.329071044921875,m,True,True,m,True
es,dédalo,m,maze,control,wiktionary:kaikki@2026-10-03,low,2.58,"maze, labyrinth (puzzle to get through)",,,,o,yes,,7.219602584838867,4.777233123779297,-0.10660362243652344,-3.2550411224365234,,0.9461036509331192,3.1484375,True,3, dé|d|alo,right,right,known,True,5.998417854309082,m,True,True,m,True
de,Kamille,f,camomile,control,wiktionary:kaikki@2026-10-03,low,2.61,"camomile (plant of the genus Matricaria, particularly Matricaria recutita, German chamomile)",,,,,,,-0.5096035003662109,-4.608156204223633,-4.0418171882629395,-0.04181710258126259,-5.2371296882629395,0.9839925872779276,-4.000000085681677,True,2, Kam|ille,unsure,right,unsure,False,-2.558879852294922,f,True,True,f,True
es,manzanilla,f,camomile,control,wiktionary:kaikki@2026-10-03,low,3.2,camomile,,,,a,yes,,-3.8466835021972656,-2.4326858520507812,-3.1282052993774414,-0.07351778820157051,,0.9729339230124125,-3.054687511175871,True,3, man|zan|illa,right,right,known,True,-3.1396846771240234,f,True,True,f,True
de,Webstuhl,m,loom,control,wiktionary:kaikki@2026-10-03,low,2.59,loom (for weaving),,,,,,,5.397552490234375,3.203031539916992,-0.12112559378147125,-2.51175057888031,-4.3008131980896,0.980666287548822,2.390624985098839,True,3, Web|st|uhl,right,right,known,True,4.300292015075684,m,True,True,m,True
es,telar,m,loom,control,wiktionary:kaikki@2026-10-03,low,2.92,loom,,,,other,,,2.800349235534668,1.9647502899169922,-0.05364174023270607,-3.350516676902771,,0.9839015523574477,3.296874936670065,True,2, tel|ar,right,right,known,True,2.38254976272583,m,True,True,m,True
de,Vegetarismus,m,vegetarianism,control,wiktionary:kaikki@2026-10-03,low,2.52,vegetarianism,,,-ismus,,,,7.58419132232666,0.21616172790527344,-0.22745288908481598,-2.305577874183655,-2.625890374183655,0.9723736662074026,2.078124985098839,True,4, Veget|ar|ism|us,right,unsure,unsure,False,3.900176525115967,m,True,True,m,True
es,vegetarianismo,m,vegetarianism,control,wiktionary:kaikki@2026-10-03,low,2.51,vegetarianism,,,,o,yes,,2.700942039489746,4.441518783569336,-0.059736115857958794,-3.630048632621765,,0.9685597276440855,3.5703125167638063,True,2, vegetarian|ismo,right,right,known,True,3.571230411529541,m,True,True,m,True
de,Tüll,m,tulle,control,wiktionary:kaikki@2026-10-03,low,2.52,tulle (fabric),,,,,,,1.440887451171875,2.3532981872558594,-0.6143490076065063,-2.2784115076065063,-1.1690365076065063,0.9899791794083594,1.6640625,True,3, T|ü|ll,right,right,known,True,1.8970928192138672,m,True,True,m,True
es,tul,m,tulle,control,wiktionary:kaikki@2026-10-03,low,2.78,tulle (material),,,,other,,,4.34044075012207,3.312145233154297,-0.205051451921463,-1.8378639817237854,,0.97425707902624,1.6328125298023224,True,1, tul,right,right,known,True,3.8262929916381836,m,True,True,m,True
de,Eukalyptus,m,eucalyptus,control,wiktionary:kaikki@2026-10-03,low,2.52,eucalyptus (any of many trees of genus Eucalyptus),,,,,,,1.0233612060546875,1.0246410369873047,-0.43312764167785645,-1.2612526416778564,-4.5659401416778564,0.9794285881308522,0.828125,True,5, E|uk|aly|pt|us,right,right,known,True,1.024001121520996,m,True,True,m,True
es,eucalipto,m,eucalyptus,control,wiktionary:kaikki@2026-10-03,low,2.91,eucalyptus,,,,o,yes,,0.2397003173828125,1.7919464111328125,-0.034127017483115196,-4.2997519969940186,,0.9831607742743963,4.265624979510903,True,4, e|uc|ali|pto,unsure,right,unsure,False,1.0158233642578125,m,True,True,m,True
de,Gegenwind,m,headwind,single,wiktionary:kaikki@2026-10-03,low,3.44,headwind,,,,,,,7.922365188598633,3.736560821533203,-0.05978715419769287,-3.528537154197693,-5.106662273406982,0.9774743842756366,3.46875,True,3, G|egen|wind,right,right,known,True,5.829463005065918,m,True,True,m,True
de,Kodex,m,code,single,wiktionary:kaikki@2026-10-03,low,3.28,code (compilation of written law),,,,,,,7.123453140258789,3.581690788269043,-0.08322607353329659,-3.0363510847091675,-4.223851203918457,0.9858269524933969,2.953125011175871,True,2, Kod|ex,right,right,known,True,5.352571964263916,m,True,True,m,True
de,Speisesaal,m,dining hall,single,wiktionary:kaikki@2026-10-03,low,3.2,dining hall,,,,,,,7.370761871337891,2.8920955657958984,-0.05804386921226978,-3.362731456756592,-5.089293956756592,0.9845224543448914,3.304687587544322,True,3, Spe|ises|aal,right,right,known,True,5.1314287185668945,m,True,True,m,True
de,Sonderfall,m,special case,single,wiktionary:kaikki@2026-10-03,low,3.2,special case,,,,,,,10.967672348022461,6.952866554260254,-1.9384751915931702,-1.8759751915931702,-1.7822251915931702,0.46735261451227994,-0.0625,True,3, Son|der|fall,right,right,known,True,8.960269451141357,m,True,True,f,False
de,Kurzurlaub,m,short vacation,single,wiktionary:kaikki@2026-10-03,low,3.09,short vacation,,,,,,,9.533487319946289,3.166271209716797,-0.08474570512771606,-3.3191206455230713,-4.217558145523071,0.9708423391326843,3.2343749403953552,True,4, Kur|z|url|aub,right,right,known,True,6.349879264831543,m,True,True,m,True
de,Zauberstab,m,magic wand,single,wiktionary:kaikki@2026-10-03,low,3.05,magic wand,,,,,,,8.300222396850586,5.814474105834961,-0.0788063108921051,-2.8600564002990723,-4.914743900299072,0.9893905880720235,2.781250089406967,True,3, Za|uber|stab,right,right,known,True,7.057348251342773,m,True,True,m,True
de,Leichtsinn,m,carelessness,single,wiktionary:kaikki@2026-10-03,low,3.0,"carelessness, recklessness",,,,,,,5.842874526977539,5.279727935791016,-0.28083163499832153,-2.5855191946029663,-1.9527066946029663,0.9757790661480991,2.3046875596046448,True,4, Le|icht|s|inn,right,right,known,True,5.561301231384277,m,True,True,m,True
de,Familienname,m,surname,single,wiktionary:kaikki@2026-10-03,low,2.96,"surname, family name, last name",,,,,,,3.93865966796875,1.9212837219238281,-0.2102765589952469,-2.6712141036987305,-2.7180891036987305,0.9489626008537351,2.4609375447034836,True,3, Famil|ien|name,right,right,known,True,2.929971694946289,m,True,True,m,True
de,Stöpsel,m,plug,single,wiktionary:kaikki@2026-10-03,low,2.92,plug (something intended to plug),,,,,,,5.162237167358398,4.987506866455078,-0.349518109112978,-1.7713931500911713,-3.9901431798934937,0.9883338405857629,1.4218750409781933,True,4, St|ö|ps|el,right,right,known,True,5.074872016906738,m,True,True,m,True
de,Interessent,m,interested party,single,wiktionary:kaikki@2026-10-03,low,2.91,"interested party, prospective buyer",,,,,,,2.527963638305664,5.222705841064453,-0.14969125390052795,-2.376253843307495,-4.712191343307495,0.9652424967919078,2.226562589406967,True,3, Inter|ess|ent,right,right,known,True,3.8753347396850586,m,True,True,m,True
de,Mikrokosmos,m,microcosm,single,wiktionary:kaikki@2026-10-03,low,2.83,microcosm,,,,,,,4.588038444519043,2.426715850830078,-0.6952776908874512,-3.710902690887451,-0.8984026908874512,0.9706383729441512,3.015625,True,4, Mik|rok|os|mos,right,right,known,True,3.5073771476745605,m,True,True,m,True
de,Scheideweg,m,crossroads,single,wiktionary:kaikki@2026-10-03,low,2.82,crossroads (decisive turning point),,,,,,,9.353435516357422,5.072959899902344,-0.1578223630785942,-2.150009870529175,-4.626572370529175,0.9809509832063112,1.9921875074505806,True,4, Sche|id|ew|eg,right,right,known,True,7.213197708129883,m,True,True,m,True
de,Zahnstocher,m,toothpick,single,wiktionary:kaikki@2026-10-03,low,2.82,toothpick,,,,,,,7.398282051086426,2.6529006958007812,-0.3789556995034218,-1.5352056622505188,-4.613330602645874,0.9843316058953374,1.156249962747097,True,5, Z|ahn|st|och|er,right,right,known,True,5.0255913734436035,m,True,True,m,True
de,Banküberfall,m,bank raid,single,wiktionary:kaikki@2026-10-03,low,2.79,"bank raid, bank robbery, bank heist",,,,,,,7.098981857299805,3.612489700317383,-0.12234466522932053,-3.0207821130752563,-3.6223446130752563,0.9606886840539257,2.898437447845936,True,3, Bank|über|fall,right,right,known,True,5.355735778808594,m,True,True,m,True
de,Napf,m,small bowl,single,wiktionary:kaikki@2026-10-03,low,2.76,small bowl; cup; now chiefly to hold fodder for animals,,,,,,,6.8664140701293945,1.1667308807373047,-0.06648776307702065,-2.9336752891540527,-5.714925050735474,0.9925353162295574,2.867187526077032,True,2, Nap|f,right,right,known,True,4.01657247543335,m,True,True,m,True
de,Hustensaft,m,cough syrup,single,wiktionary:kaikki@2026-10-03,low,2.7,cough syrup,,,,,,,4.279348373413086,3.5495834350585938,-0.12262913584709167,-2.5913790464401245,-3.6538790464401245,0.9857467673141855,2.468749910593033,True,3, Hust|ensa|ft,right,right,known,True,3.91446590423584,m,True,True,m,True
de,Barhocker,m,bar stool,single,wiktionary:kaikki@2026-10-03,low,2.69,"bar stool (a tall stool-like seat usually having a foot rest, commonly placed in bars)",,,,,,,6.102224349975586,2.9708633422851562,-1.7463854551315308,-1.0510729681700468,-6.54326057434082,0.9795650810420886,-0.695312486961484,False,3, Bar|h|ocker,right,right,known,True,4.536543846130371,m,True,True,f,False
de,Mittelbau,m,in-between part of a building or other construction,single,wiktionary:kaikki@2026-10-03,low,2.65,in-between part of a building or other construction,,,,,,,5.12086296081543,3.6536006927490234,-0.2970237284898758,-2.2501487731933594,-2.1563987731933594,0.9718868895642421,1.9531250447034836,True,3, Mitt|el|bau,right,right,known,True,4.387231826782227,m,True,True,m,True
de,Moschus,m,musk,single,wiktionary:kaikki@2026-10-03,low,2.6,musk,,,,,,,5.685964584350586,3.491729736328125,-1.184460997581482,-3.2469608783721924,-0.5203984975814819,0.9846858528662819,2.0624998807907104,True,3, Mos|ch|us,right,right,known,True,4.5888471603393555,m,True,True,m,True
de,Firmenname,m,company name,single,wiktionary:kaikki@2026-10-03,low,2.6,company name,,,,,,,7.183948516845703,4.440055847167969,-0.5069789886474609,-1.686666488647461,-1.8976039290428162,0.9464254271343894,1.1796875,True,3, Firm|en|name,right,right,known,True,5.812002182006836,m,True,True,m,True
de,Zwangsarbeit,f,forced labor,single,wiktionary:kaikki@2026-10-03,low,3.45,forced labor,,,,,,,-9.513127326965332,-4.453155517578125,-3.3375829458236694,-0.08758286759257317,-4.603208065032959,0.9807072173692954,-3.2500000782310963,True,3, Zw|angs|arbeit,right,right,known,True,-6.9831414222717285,f,True,True,f,True
de,Aktualität,f,relevance to the current time,single,wiktionary:kaikki@2026-10-03,low,3.43,"relevance to the current time, up-to-dateness, currentness",,,-tät,,,,-11.948331832885742,-5.621212005615234,-2.9040311574935913,-0.1930936872959137,-2.9430936574935913,0.9344658190474907,-2.7109374701976776,True,3, Akt|ual|ität,right,right,known,True,-8.784771919250488,f,True,True,f,True
de,Bestandsaufnahme,f,stocktaking,single,wiktionary:kaikki@2026-10-03,low,3.41,stocktaking,,,,,,,-7.953289031982422,-3.524972915649414,-4.13200843334198,-0.07732105068862438,-5.0695085525512695,0.9498216529308383,-4.054687382653356,True,4, Best|ands|auf|nahme,right,right,known,True,-5.739130973815918,f,True,True,f,True
de,Löschung,f,deletion,single,wiktionary:kaikki@2026-10-03,low,3.38,deletion,,,-ung,,,,-4.844970703125,-5.069154739379883,-3.2747035026550293,-0.08720344677567482,-4.087203502655029,0.9820408532219611,-3.1875000558793545,True,3, Lö|sch|ung,right,right,known,True,-4.957062721252441,f,True,True,f,True
de,Rezession,f,recession,single,wiktionary:kaikki@2026-10-03,low,3.34,recession,,,-ion,,,,-5.8679656982421875,-6.247501373291016,-3.2969781160354614,-0.08604066073894501,-4.531353235244751,0.9710391318843041,-3.2109374552965164,True,3, Re|z|ession,right,right,known,True,-6.057733535766602,f,True,True,f,True
de,Grundsicherung,f,basic income benefit,single,wiktionary:kaikki@2026-10-03,low,3.31,basic income benefit,,,-ung,,,,-12.788145065307617,-8.169111251831055,-3.9057607650756836,-0.054198257625103,-5.015135765075684,0.9753699485588695,-3.8515625074505806,True,4, Gr|unds|icher|ung,right,right,known,True,-10.478628158569336,f,True,True,f,True
de,Präsidentschaftswahl,f,presidential election,single,wiktionary:kaikki@2026-10-03,low,3.28,"presidential election, presidential race",,,,,,,-2.695338249206543,-2.8420639038085938,-3.746589183807373,-0.059089187532663345,-4.504401683807373,0.9779321045387548,-3.6874999962747097,True,6, Pr|äs|idents|chaft|sw|ahl,right,right,known,True,-2.7687010765075684,f,True,True,f,True
de,Farbgebung,f,colouring,single,wiktionary:kaikki@2026-10-03,low,3.19,colouring,,,-ung,,,,-6.70051383972168,-6.669824600219727,-3.498266577720642,-0.09982915967702866,-3.959204077720642,0.9630698767599586,-3.3984374180436134,True,3, Far|b|gebung,right,right,known,True,-6.685169219970703,f,True,True,f,True
de,Verschleppung,f,abduction,single,wiktionary:kaikki@2026-10-03,low,2.85,abduction,,,-ung,,,,-9.346424102783203,-6.031120300292969,-3.1544629335403442,-0.11540046706795692,-3.8029004335403442,0.9669595105299326,-3.0390624664723873,True,5, Vers|ch|le|pp|ung,right,right,known,True,-7.688772201538086,f,True,True,f,True
de,Hauptwache,f,main guardhouse at the entry to a camp or other facility,single,wiktionary:kaikki@2026-10-03,low,2.82,main guardhouse at the entry to a camp or other facility,,,,,,,-5.282859802246094,-6.458669662475586,-2.6454076766967773,-0.15322019904851913,-3.5750951766967773,0.9631738122291957,-2.492187477648258,True,3, Haupt|w|ache,right,right,known,True,-5.87076473236084,f,True,True,f,True
de,Redundanz,f,redundancy,single,wiktionary:kaikki@2026-10-03,low,2.8,redundancy,,,-anz,,,,-5.666433334350586,-5.46815299987793,-2.511716365814209,-0.4335913211107254,-2.675778865814209,0.8120673980945068,-2.0781250447034836,True,3, Red|und|anz,right,right,known,True,-5.567293167114258,f,True,True,f,True
de,Schattenseite,f,dark side,single,wiktionary:kaikki@2026-10-03,low,2.77,dark side; underbelly,,,,,,,-7.636796951293945,-4.6170501708984375,-3.2407737970352173,-0.08452370949089527,-4.686086177825928,0.9743170860507036,-3.156250087544322,True,4, Sch|att|ense|ite,right,right,known,True,-6.126923561096191,f,True,True,f,True
de,Überschneidung,f,overlap,single,wiktionary:kaikki@2026-10-03,low,2.73,"overlap, intersection",,,-ung,,,,-6.647809982299805,-7.118157386779785,-2.885547161102295,-0.15898459404706955,-4.049609661102295,0.9545465835047712,-2.7265625670552254,True,6, Ü|bers|ch|ne|id|ung,right,right,known,True,-6.882983684539795,f,True,True,f,True
de,Verletzlichkeit,f,vulnerability,single,wiktionary:kaikki@2026-10-03,low,2.72,vulnerability,,,-keit,,,,-6.220940589904785,-5.797239303588867,-3.2445698976516724,-0.11175742745399475,-3.3539448976516724,0.9707388303185362,-3.1328124701976776,True,4, Ver|let|z|lichkeit,right,right,known,True,-6.009089946746826,f,True,True,f,True
de,Mittäterschaft,f,complicity,single,wiktionary:kaikki@2026-10-03,low,2.64,complicity,,,-schaft,,,,-15.361600875854492,-8.844507217407227,-2.6338711977005005,-0.1651211865246296,-3.6416836977005005,0.9590630091973753,-2.468750011175871,True,4, Mitt|ä|ters|chaft,right,right,known,True,-12.10305404663086,f,True,True,f,True
de,Stirnseite,f,front,single,wiktionary:kaikki@2026-10-03,low,2.62,front (of a structure),,,,,,,-0.3155937194824219,-4.957164764404297,-3.249281167984009,-0.08521869033575058,-4.718031167984009,0.967835565544219,-3.164062477648258,True,3, Stir|n|seite,unsure,right,unsure,False,-2.6363792419433594,f,True,True,f,True
de,Reinform,f,pure form,single,wiktionary:kaikki@2026-10-03,low,2.62,pure form,,,,,,,2.5331153869628906,-3.723630905151367,-1.1543627381324768,-1.2481127381324768,-1.2637377381324768,0.9061086981520461,0.09375,False,2, Re|inform,wrong,right,conflict,False,-0.5952577590942383,f,True,False,m,False
de,Theaterbühne,f,theater stage,single,wiktionary:kaikki@2026-10-03,low,2.58,theater stage,,,,,,,-8.010197639465332,-5.576816558837891,-3.971645951271057,-0.049771057441830635,-4.995083570480347,0.9779825294156743,-3.9218748938292265,True,4, Theater|b|üh|ne,right,right,known,True,-6.793507099151611,f,True,True,f,True
de,Überlappung,f,overlap,single,wiktionary:kaikki@2026-10-03,low,2.53,"overlap, overlapping",,,-ung,,,,-6.584308624267578,-6.7812347412109375,-2.906852126121521,-0.1412271112203598,-3.7896647453308105,0.9629868757732303,-2.765625014901161,True,4, Über|l|app|ung,right,right,known,True,-6.682771682739258,f,True,True,f,True
de,Taxonomie,f,taxonomy,single,wiktionary:kaikki@2026-10-03,low,2.51,"taxonomy (science of finding, describing, classifying and naming organisms)",,,,,,,-5.124370574951172,-2.710775375366211,-3.216086268424988,-0.26296117156744003,-3.9113986492156982,0.8376392976084815,-2.9531250968575478,True,3, Tax|onom|ie,right,right,known,True,-3.9175729751586914,f,True,True,f,True
de,Absatz,m,verbal noun of absetzen,single,wiktionary:kaikki@2026-10-03,mid,4.4,"verbal noun of absetzen (“to interrupt, put down, sit down”)",,,,,,,9.661771774291992,4.315786361694336,-0.08191278763115406,-2.9569127559661865,-4.628787994384766,0.9871711713134754,2.8749999683350325,True,2, Abs|atz,right,right,known,True,6.988779067993164,m,True,True,m,True
de,Konflikt,m,conflict,single,wiktionary:kaikki@2026-10-03,mid,4.4,conflict,,,,,,,5.274082183837891,5.618583679199219,-0.056666022166609764,-3.3301035165786743,-5.095728397369385,0.9876227717169234,3.2734374944120646,True,4, Kon|f|li|kt,right,right,known,True,5.446332931518555,m,True,True,m,True
de,Haufen,m,heap,single,wiktionary:kaikki@2026-10-03,mid,4.35,"heap, hive, pile",,,,,,,6.2968292236328125,5.770467758178711,-0.07552817463874817,-2.973965644836426,-4.895840644836426,0.9886391917002356,2.8984374701976776,True,2, Ha|ufen,right,right,known,True,6.033648490905762,m,True,True,m,True
de,Pokal,m,goblet,single,wiktionary:kaikki@2026-10-03,mid,4.28,"goblet, chalice",,,,,,,10.719954490661621,5.419136047363281,-0.05050745978951454,-3.347382426261902,-5.511445045471191,0.990235252587815,3.2968749664723873,True,2, Pok|al,right,right,known,True,8.069545269012451,m,True,True,m,True
de,Turm,m,tower,single,wiktionary:kaikki@2026-10-03,mid,4.19,"tower, spire (very tall building or structure, especially with a tapering top)",,,,,,,6.246835708618164,4.634930610656738,-0.0383138582110405,-3.749251365661621,-5.780501365661621,0.989146604340903,3.7109375074505806,True,2, Tur|m,right,right,known,True,5.440883159637451,m,True,True,m,True
de,Kalender,m,calendar,single,wiktionary:kaikki@2026-10-03,mid,4.16,"calendar (means for determining dates, including documents containing date and other time information)",,,,,,,9.233139038085938,4.403860092163086,-0.06267630681395531,-3.2501763105392456,-4.781426191329956,0.9872080540165282,3.1875000037252903,True,2, Kal|ender,right,right,known,True,6.818499565124512,m,True,True,m,True
de,Panzer,m,armour,single,wiktionary:kaikki@2026-10-03,mid,4.14,"armour, armour plating, shield",,,,,,,5.8504486083984375,4.402425765991211,-0.1102924719452858,-2.524354934692383,-4.516542434692383,0.9871152711391487,2.414062462747097,True,2, Pan|zer,right,right,known,True,5.126437187194824,m,True,True,m,True
de,Genuss,m,enjoyment,single,wiktionary:kaikki@2026-10-03,mid,4.14,"enjoyment, pleasure",,,,,,,7.968986511230469,6.078407287597656,-0.09019071608781815,-2.9886282682418823,-4.027690768241882,0.9823034929718616,2.898437552154064,True,2, Gen|uss,right,right,known,True,7.0236968994140625,m,True,True,m,True
de,Holocaust,m,holocaust,single,wiktionary:kaikki@2026-10-03,mid,4.03,a holocaust,,,,,,,10.11708927154541,1.2762069702148438,-0.25499990582466125,-2.958124876022339,-2.0284374356269836,0.9726323846971651,2.7031249701976776,True,1, Holocaust,right,right,known,True,5.696648120880127,m,True,True,m,True
de,Saft,m,juice,single,wiktionary:kaikki@2026-10-03,mid,4.02,juice,,,,,,,6.5174407958984375,5.225610733032227,-0.1259217970073223,-2.922796845436096,-2.985296845436096,0.9862896135046229,2.796875048428774,True,2, Sa|ft,right,right,known,True,5.871525764465332,m,True,True,m,True
de,Selbstmord,m,suicide,single,wiktionary:kaikki@2026-10-03,mid,4.01,suicide,,,,,,,7.363101959228516,3.069803237915039,-0.19033028930425644,-2.4559552669525146,-2.9090802669525146,0.9707772362563604,2.265624977648258,True,3, Selbst|m|ord,right,right,known,True,5.216452598571777,m,True,True,m,True
de,Umstand,m,circumstance,single,wiktionary:kaikki@2026-10-03,mid,3.99,circumstance (an event; a fact; a particular incident),,,,,,,5.375458717346191,1.516988754272461,-0.059609562158584595,-3.528359532356262,-4.958047151565552,0.9792971943746577,3.4687499701976776,True,2, Um|stand,right,right,known,True,3.446223735809326,m,True,True,m,True
de,Wiederaufbau,m,reconstruction,single,wiktionary:kaikki@2026-10-03,mid,3.77,"reconstruction, rebuilding",,,,,,,6.694736480712891,7.495979309082031,-0.1649867296218872,-2.297799229621887,-4.024361848831177,0.9663947552082861,2.1328125,True,5, W|ied|era|uf|bau,right,right,known,True,7.095357894897461,m,True,True,m,True
de,Zeitplan,m,timetable,single,wiktionary:kaikki@2026-10-03,mid,3.74,"timetable, schedule",,,,,,,10.662763595581055,7.467617988586426,-0.14146286621689796,-2.3133379220962524,-4.243025422096252,0.9847495067510266,2.1718750558793545,True,2, Zeit|plan,right,right,known,True,9.06519079208374,m,True,True,m,True
de,Nerv,m,nerve,single,wiktionary:kaikki@2026-10-03,mid,3.71,nerve,,,,,,,5.670309066772461,3.1900806427001953,-0.06833792477846146,-3.271462917327881,-4.287087917327881,0.9899685909944573,3.2031249925494194,True,2, N|erv,right,right,known,True,4.430194854736328,m,True,True,m,True
de,Oldtimer,m,vintage car,single,wiktionary:kaikki@2026-10-03,mid,3.65,vintage car; antique aircraft,,,,,,,7.471126556396484,1.9139385223388672,-0.11174263432621956,-2.6976802349090576,-3.978930115699768,0.9815617134151455,2.585937600582838,True,2, Old|timer,right,right,known,True,4.692532539367676,m,True,True,m,True
de,Scheinwerfer,m,spotlight,single,wiktionary:kaikki@2026-10-03,mid,3.59,spotlight,,,,,,,2.4502525329589844,3.2050743103027344,-1.7298449650406837,-1.33140748180449,-6.43297004699707,0.9860493413488329,-0.39843748323619366,False,4, Sche|in|wer|fer,right,right,known,True,2.8276634216308594,m,True,True,f,False
de,Einwand,m,objection,single,wiktionary:kaikki@2026-10-03,mid,3.57,objection (statement expressing opposition),,,,,,,8.583446502685547,4.15434455871582,-0.09773019328713417,-2.8477301597595215,-4.1133551597595215,0.982711966904899,2.7499999664723873,True,2, Ein|wand,right,right,known,True,6.368895530700684,m,True,True,m,True
de,Ableger,m,layer,single,wiktionary:kaikki@2026-10-03,mid,3.54,"layer, shoot of a plant",,,,,,,3.0540122985839844,5.546058654785156,-0.20413240045309067,-1.9228823781013489,-3.969757556915283,0.9816033995636357,1.7187499776482582,True,2, Able|ger,right,right,known,True,4.30003547668457,m,True,True,m,True
de,Befund,m,findings,single,wiktionary:kaikki@2026-10-03,mid,3.51,"findings, results",,,,,,,8.913330078125,3.406651496887207,-0.14561381191015244,-2.7940512895584106,-3.0596762895584106,0.9780299870182098,2.648437477648258,True,3, B|ef|und,right,right,known,True,6.1599907875061035,m,True,True,m,True
de,Aussicht,f,scenery,single,wiktionary:kaikki@2026-10-03,mid,4.37,"scenery, view, outlook (also figuratively)",,,,,,,-11.170610427856445,-7.470613479614258,-4.473361253738403,-0.02804861869663,-5.715548753738403,0.9887225848550814,-4.445312635041773,True,2, Auss|icht,right,right,known,True,-9.320611953735352,f,True,True,f,True
de,Provinz,f,province,single,wiktionary:kaikki@2026-10-03,mid,4.3,province (administrative subdivision),,,,,,,-7.2528791427612305,-2.881885528564453,-3.8111343383789062,-0.04550923779606819,-4.928321838378906,0.9853290150098428,-3.765625100582838,True,3, Pro|vin|z,right,right,known,True,-5.067382335662842,f,True,True,f,True
de,Fähigkeit,f,ability,single,wiktionary:kaikki@2026-10-03,mid,4.26,"ability, capability",,,-keit,,,,-9.71568489074707,-6.409494400024414,-3.4813092947006226,-0.10630935803055763,-3.9578717947006226,0.9832052468427526,-3.374999936670065,True,3, F|äh|igkeit,right,right,known,True,-8.062589645385742,f,True,True,f,True
de,Katastrophe,f,catastrophe,single,wiktionary:kaikki@2026-10-03,mid,4.26,"catastrophe, disaster, calamity",,,,,,,-10.88839340209961,-8.557567596435547,-3.075429618358612,-0.47386705968528986,-5.700429677963257,0.9807196146282295,-2.601562558673322,False,3, Kata|st|rophe,right,right,known,True,-9.722980499267578,f,True,True,f,True
de,Maßnahme,f,measure,single,wiktionary:kaikki@2026-10-03,mid,4.19,measure (tactic or strategy),,,,,,,-7.918996810913086,-5.774621963500977,-4.869397163391113,-0.025647147558629513,-5.080334663391113,0.9895510160814455,-4.843750015832484,True,3, Ma|ß|nahme,right,right,known,True,-6.846809387207031,f,True,True,f,True
de,Reichweite,f,range,single,wiktionary:kaikki@2026-10-03,mid,4.19,"range (The maximum distance of a weapon, radio station, sensor, vehicle without refueling, etc.)",,,,,,,-3.548455238342285,-9.486289978027344,-3.688965916633606,-0.07177833467721939,-5.157715797424316,0.9662190492583409,-3.6171875819563866,True,3, Reich|we|ite,right,right,known,True,-6.5173726081848145,f,True,True,f,True
de,Formulierung,f,wording,single,wiktionary:kaikki@2026-10-03,mid,4.02,"wording, phrasing",,,-ung,,,,-9.486536026000977,-8.338794708251953,-3.49046528339386,-0.2092151790857315,-3.97484028339386,0.8707074009266262,-3.2812501043081284,True,3, Form|ul|ierung,right,right,known,True,-8.912665367126465,f,True,True,f,True
de,Lampe,f,lamp,single,wiktionary:kaikki@2026-10-03,mid,3.99,"lamp, light (piece of furniture, or fixture mounted on a wall or ceiling, holding one or more electric light sockets)",,,,,,,-7.322688102722168,-5.362665176391602,-4.846511363983154,-0.026198857463896275,-5.682448863983154,0.9865984115253954,-4.820312506519258,True,2, Lam|pe,right,right,known,True,-6.342676639556885,f,True,True,f,True
de,Abbildung,f,depiction,single,wiktionary:kaikki@2026-10-03,mid,3.96,"depiction, image, figure, picture, illustration",,,-ung,,,,-7.190474510192871,-4.998594284057617,-4.5411882400512695,-0.04900060594081879,-4.3146257400512695,0.9775389651347277,-4.492187634110451,True,3, Abb|ild|ung,right,right,known,True,-6.094534397125244,f,True,True,f,True
de,Soziologie,f,sociology,single,wiktionary:kaikki@2026-10-03,mid,3.9,sociology,,,,,,,-6.290639877319336,-5.766336441040039,-4.05942964553833,-0.07505465671420097,-4.41880464553833,0.9575845057621997,-3.984374988824129,True,3, So|zi|ologie,right,right,known,True,-6.0284881591796875,f,True,True,f,True
de,Erleichterung,f,relief,single,wiktionary:kaikki@2026-10-03,mid,3.84,relief,,,-ung,,,,-11.281885147094727,-5.3507585525512695,-3.692682385444641,-0.05986986681818962,-4.216119766235352,0.9851681479226956,-3.6328125186264515,True,5, Er|le|icht|er|ung,right,right,known,True,-8.316321849822998,f,True,True,f,True
de,Schöpfung,f,creation,single,wiktionary:kaikki@2026-10-03,mid,3.78,creation,,,-ung,,,,-13.166926383972168,-2.823823928833008,-3.3821754455566406,-0.09311295859515667,-4.483737945556641,0.9754928186193265,-3.289062486961484,True,4, Sch|ö|pf|ung,right,right,known,True,-7.995375156402588,f,True,True,f,True
de,Hauptrolle,f,lead,single,wiktionary:kaikki@2026-10-03,mid,3.77,lead (starring role in a drama),,,,,,,-2.8704299926757812,-4.292879104614258,-4.178104758262634,-0.04529218375682831,-5.060917139053345,0.9786270460338946,-4.132812574505806,True,3, Haupt|rol|le,right,right,known,True,-3.5816545486450195,f,True,True,f,True
de,Beerdigung,f,burial,single,wiktionary:kaikki@2026-10-03,mid,3.73,burial,,,-ung,,,,-8.690447807312012,-7.426271438598633,-3.790640711784363,-0.04845317453145981,-5.353140592575073,0.9839577721270965,-3.742187537252903,True,3, Be|erd|igung,right,right,known,True,-8.058359622955322,f,True,True,f,True
de,Flüchtlingspolitik,f,politics of refugee policies,single,wiktionary:kaikki@2026-10-03,mid,3.69,politics of refugee policies,,,-ik,,,,-4.930380821228027,-4.7193145751953125,-2.2208046093583107,-1.4161170460283756,-6.017679691314697,0.9825627663980312,-0.8046875633299351,False,7, Fl|ü|ch|tl|ings|polit|ik,right,right,known,True,-4.82484769821167,f,True,True,f,True
de,Tournee,f,tour,single,wiktionary:kaikki@2026-10-03,mid,3.66,tour,,,,,,,-4.316015243530273,-7.494964599609375,-4.084278464317322,-0.0452160257846117,-5.381153583526611,0.9790972331630793,-4.03906243853271,True,2, Tour|nee,right,right,known,True,-5.905489921569824,f,True,True,f,True
de,Fauna,f,fauna,single,wiktionary:kaikki@2026-10-03,mid,3.65,fauna,,,,,,,-9.963672637939453,-4.378059387207031,-2.8612139225006104,-0.11902638152241707,-3.5330889225006104,0.9789801468354737,-2.7421875409781933,True,2, Fa|una,right,right,known,True,-7.170866012573242,f,True,True,f,True
de,Hypothese,f,hypothesis,single,wiktionary:kaikki@2026-10-03,mid,3.62,hypothesis,,,,,,,-7.859692573547363,-2.4035816192626953,-4.885999441146851,-0.057874251157045364,-4.768811941146851,0.9599868062527792,-4.828125189989805,True,3, Hyp|oth|ese,right,right,known,True,-5.131637096405029,f,True,True,f,True
de,Dämmerung,f,twilight at the beginning or end of a day,single,wiktionary:kaikki@2026-10-03,mid,3.54,"twilight at the beginning or end of a day, dawn and dusk",,,-ung,,,,-5.9541015625,-4.319601058959961,-2.099772810935974,-0.4513353407382965,-4.295085310935974,0.9759630710223008,-1.6484374701976776,False,4, D|äm|mer|ung,right,right,known,True,-5.1368513107299805,f,True,True,f,True
de,Sohle,f,sole,single,wiktionary:kaikki@2026-10-03,mid,3.52,sole (of the foot/shoe),,,,,,,-3.5205602645874023,-3.7412052154541016,-3.8057562112808228,-0.04013111535459757,-5.352631092071533,0.989769985627982,-3.765625095926225,True,3, So|h|le,right,right,known,True,-3.630882740020752,f,True,True,f,True
de,Tod,m,death,single,wiktionary:kaikki@2026-10-03,high,5.16,death,,,,,,,13.75557804107666,4.723808288574219,-0.047061262652277946,-4.429873824119568,-4.148623824119568,0.983246344368726,4.38281256146729,True,1, Tod,right,right,known,True,9.23969316482544,m,True,True,m,True
de,Januar,m,january,single,wiktionary:kaikki@2026-10-03,high,5.03,"January (the first month of the Gregorian calendar, following the December of the previous year and preceding February)",,,,,,,9.275948524475098,4.1892242431640625,-0.19577651470899582,-3.6957764625549316,-2.6801514625549316,0.9224096762111378,3.499999947845936,True,2, Jan|uar,right,right,known,True,6.73258638381958,m,True,True,m,True
de,Körper,m,body,single,wiktionary:kaikki@2026-10-03,high,5.0,"body (of a person, animal, etc.)",,,,,,,9.751171112060547,3.7891368865966797,-0.2691016457974911,-1.831601619720459,-4.511289119720459,0.9804644835679898,1.562499973922968,True,1, Körper,right,right,known,True,6.770153999328613,m,True,True,m,True
de,Kreis,m,circle,single,wiktionary:kaikki@2026-10-03,high,5.0,circle,,,,,,,10.848708152770996,4.069580078125,-0.16675782948732376,-2.174570381641388,-4.627695322036743,0.9849726905994867,2.007812552154064,True,2, Kre|is,right,right,known,True,7.459144115447998,m,True,True,m,True
de,Punkt,m,dot,single,wiktionary:kaikki@2026-10-03,high,5.0,dot (marking an abbreviation),,,,,,,17.692543983459473,7.849289894104004,-0.17810777574777603,-2.2249828577041626,-3.4593578577041626,0.9812160477122641,2.0468750819563866,True,2, P|unkt,right,right,known,True,12.770916938781738,m,True,True,m,True
de,Sport,m,sport,single,wiktionary:kaikki@2026-10-03,high,4.97,sport (athletic activity that uses physical skills competitively under a set of rules),,,,,,,8.36029052734375,3.5257568359375,-0.1777750886976719,-2.380900025367737,-3.193400025367737,0.9805889069101299,2.203124936670065,True,1, Sport,right,right,known,True,5.943023681640625,m,True,True,m,True
de,Beitrag,m,contribution,single,wiktionary:kaikki@2026-10-03,high,4.91,contribution (something given or offered that adds to a larger whole),,,,,,,8.765830993652344,3.9366722106933594,-0.07679756358265877,-3.1080474853515625,-4.3971099853515625,0.984555545508639,3.0312499217689037,True,1, Beitrag,right,right,known,True,6.351251602172852,m,True,True,m,True
de,Urlaub,m,holiday,single,wiktionary:kaikki@2026-10-03,high,4.83,"holiday, vacation",,,,,,,10.340681076049805,2.7479820251464844,-0.0543716698884964,-3.5153090953826904,-4.4137468338012695,0.9889826447837915,3.460937425494194,True,2, Url|aub,right,right,known,True,6.5443315505981445,m,True,True,m,True
de,Verlag,m,publishing house,single,wiktionary:kaikki@2026-10-03,high,4.75,"publishing house, publisher (a company that produces and sells books, booklets, magazines)",,,,,,,11.926153182983398,2.568410873413086,-0.08413161709904671,-2.834131598472595,-4.951319217681885,0.9858329648484446,2.7499999813735485,True,2, Ver|lag,right,right,known,True,7.247282028198242,m,True,True,m,True
de,Brief,m,letter,single,wiktionary:kaikki@2026-10-03,high,4.71,letter (written message),,,,,,,7.489996910095215,3.850461959838867,-0.06830498203635216,-3.310492515563965,-3.997992515563965,0.9903107383871801,3.2421875335276127,True,1, Brief,right,right,known,True,5.670229434967041,m,True,True,m,True
de,Mittwoch,m,wednesday,single,wiktionary:kaikki@2026-10-03,high,4.69,Wednesday,,,,,,,9.432007789611816,5.452051162719727,-0.03266163170337677,-5.01703667640686,-4.42328667640686,0.9865609250688523,4.984375044703484,True,3, Mitt|wo|ch,right,right,known,True,7.4420294761657715,m,True,True,m,True
de,Norden,m,north,single,wiktionary:kaikki@2026-10-03,high,4.65,north (direction),,,,,,,12.90190315246582,4.1536712646484375,-0.25903138518333435,-2.3527814149856567,-2.4152814149856567,0.973881612272899,2.0937500298023224,True,2, N|orden,right,right,known,True,8.527787208557129,m,True,True,m,True
de,Antrag,m,application,single,wiktionary:kaikki@2026-10-03,high,4.62,"application, request",,,,,,,6.488458633422852,3.2919015884399414,-0.055209336802363396,-3.2817717790603638,-5.070834159851074,0.9910690956186858,3.2265624422580004,True,2, An|trag,right,right,known,True,4.8901801109313965,m,True,True,m,True
de,Abstand,m,distance,single,wiktionary:kaikki@2026-10-03,high,4.62,"distance, interspace, spacing, interval, gap",,,,,,,9.646024703979492,7.875734329223633,-0.05294976383447647,-3.4982622861862183,-5.498262166976929,0.9839982652220919,3.445312522351742,True,2, Ab|stand,right,right,known,True,8.760879516601562,m,True,True,m,True
de,Umgang,m,dealings,single,wiktionary:kaikki@2026-10-03,high,4.61,"dealings, (social) intercourse",,,,,,,11.72695541381836,7.212005615234375,-0.08154133334755898,-3.0502912998199463,-4.237791538238525,0.9837741515103591,2.9687499664723873,True,3, U|mg|ang,right,right,known,True,9.469480514526367,m,True,True,m,True
de,Anlass,m,cause,single,wiktionary:kaikki@2026-10-03,high,4.57,"cause, starting, motive, occasion",,,,,,,7.346776962280273,3.0626163482666016,-0.05633752420544624,-3.3063374757766724,-4.931337594985962,0.9905914749722302,3.249999951571226,True,2, An|lass,right,right,known,True,5.2046966552734375,m,True,True,m,True
de,Unterricht,m,lesson,single,wiktionary:kaikki@2026-10-03,high,4.57,"lesson, class, instruction, education",,,,,,,9.450325012207031,4.740983963012695,-0.06812508404254913,-3.0837501287460327,-5.286875247955322,0.9851910630687104,3.0156250447034836,True,3, Unt|err|icht,right,right,known,True,7.095654487609863,m,True,True,m,True
de,Ausdruck,m,expression,single,wiktionary:kaikki@2026-10-03,high,4.53,"expression, term",,,,,,,10.190889358520508,-0.1548480987548828,-0.15461906045675278,-2.732743978500366,-3.021806478500366,0.9830692300931549,2.5781249180436134,True,3, Aus|dr|uck,right,unsure,unsure,False,5.0180206298828125,m,True,False,m,True
de,Standort,m,location,single,wiktionary:kaikki@2026-10-03,high,4.53,"location, place, site",,,,,,,10.954022407531738,3.7074317932128906,-0.10592364519834518,-2.605923652648926,-4.801236152648926,0.9839559011759306,2.5000000074505806,True,2, Stand|ort,right,right,known,True,7.3307271003723145,m,True,True,m,True
de,Hass,m,hatred,single,wiktionary:kaikki@2026-10-03,high,4.5,"hatred, hate",,,,,,,6.431587219238281,6.0646514892578125,-0.33207640796899796,-2.94145131111145,-1.668013870716095,0.9857319551342666,2.6093749031424522,True,1, Hass,right,right,known,True,6.248119354248047,m,True,True,m,True
de,Art,f,kind,single,wiktionary:kaikki@2026-10-03,high,5.51,"kind, sort, type",,,,,,,-5.190728187561035,-2.2783126831054688,-1.9699773788452148,-0.29810231924057007,-2.712164878845215,0.9653785923755474,-1.6718750596046448,True,1, Art,right,right,known,True,-3.734520435333252,f,True,True,f,True
de,Gesellschaft,f,company,single,wiktionary:kaikki@2026-10-03,high,5.28,company (presence of other people in general),,,-schaft,,,,-11.307190895080566,-7.581430435180664,-2.952748119831085,-0.13243568688631058,-4.85899806022644,0.9830311235264162,-2.8203124329447746,True,2, Ges|ellschaft,right,right,known,True,-9.444310665130615,f,True,True,f,True
de,Entwicklung,f,evolution,single,wiktionary:kaikki@2026-10-03,high,5.18,evolution,,,-ung,,,,-8.343008995056152,-6.807886123657227,-2.983516216278076,-0.11632882058620453,-3.866328716278076,0.9697528231985728,-2.8671873956918716,True,1, Entwicklung,right,right,known,True,-7.5754475593566895,f,True,True,f,True
de,Kultur,f,culture,single,wiktionary:kaikki@2026-10-03,high,5.02,culture,,,-ur,,,,-10.611495018005371,-5.395926475524902,-3.332248091697693,-0.06662306189537048,-4.269747972488403,0.9899956794901743,-3.2656250298023224,True,2, K|ultur,right,right,known,True,-8.003710746765137,f,True,True,f,True
de,Gewalt,f,strong or violent force,single,wiktionary:kaikki@2026-10-03,high,4.9,strong or violent force,,,,,,,-7.727197647094727,-3.7211742401123047,-4.200984835624695,-0.044734989292919636,-4.349422454833984,0.987511687451804,-4.156249846331775,True,2, Gew|alt,right,right,known,True,-5.724185943603516,f,True,True,f,True
de,Energie,f,energy,single,wiktionary:kaikki@2026-10-03,high,4.81,energy,,,,,,,-8.475625991821289,-4.080596923828125,-4.24766218662262,-0.03672460746020079,-4.739849805831909,0.9886195286772309,-4.210937579162419,True,2, E|nergie,right,right,known,True,-6.278111457824707,f,True,True,f,True
de,Vergangenheit,f,past,single,wiktionary:kaikki@2026-10-03,high,4.79,the past (time),,,-heit,,,,-6.575987815856934,-7.353668212890625,-2.2846338748931885,-0.27682144567370415,-4.315883994102478,0.9796787510725007,-2.0078124292194843,True,3, Verg|angen|heit,right,right,known,True,-6.964828014373779,f,True,True,f,True
de,Umgebung,f,environment,single,wiktionary:kaikki@2026-10-03,high,4.78,"environment (area around something), vicinity, surroundings",,,-ung,,,,-13.028558731079102,-9.970394134521484,-3.400162100791931,-0.06422468833625317,-4.767349720001221,0.9829588715252446,-3.335937412455678,True,2, Um|gebung,right,right,known,True,-11.499476432800293,f,True,True,f,True
de,Behandlung,f,treatment,single,wiktionary:kaikki@2026-10-03,high,4.74,treatment,,,-ung,,,,-8.077959060668945,-6.0825347900390625,-3.842663526535034,-0.06141367368400097,-4.108288526535034,0.9823203959553133,-3.781249852851033,True,3, Beh|and|lung,right,right,known,True,-7.080246925354004,f,True,True,f,True
de,Mehrheit,f,majority,single,wiktionary:kaikki@2026-10-03,high,4.73,majority; bulk,,,-heit,,,,-11.412558555603027,-3.1903820037841797,-2.9549036026000977,-0.07990359142422676,-5.040841102600098,0.9818456704140055,-2.875000011175871,True,2, Mehr|heit,right,right,known,True,-7.3014702796936035,f,True,True,f,True
de,Öffentlichkeit,f,public,single,wiktionary:kaikki@2026-10-03,high,4.69,public,,,-keit,,,,-9.281497955322266,-4.984794616699219,-2.202218197286129,-0.8272182866930962,-5.827218294143677,0.9853159772872069,-1.3749999105930328,False,4, Ö|ff|entlich|keit,right,right,known,True,-7.133146286010742,f,True,True,f,True
de,Produktion,f,production,single,wiktionary:kaikki@2026-10-03,high,4.68,production,,,-ion,,,,-8.138404846191406,-3.486682891845703,-1.8782657980918884,-0.4485783129930496,-4.300140857696533,0.9857045734047561,-1.4296874850988388,False,2, Produ|ktion,right,right,known,True,-5.812543869018555,f,True,True,f,True
de,Länge,f,length,single,wiktionary:kaikki@2026-10-03,high,4.64,length,,,,,,,-17.097851753234863,-4.974813461303711,-2.3557204119861126,-1.1604078393429518,-6.949470281600952,0.9866616762993035,-1.1953125726431608,False,2, L|änge,right,right,known,True,-11.036332607269287,f,True,True,f,True
de,Vorstellung,f,idea,single,wiktionary:kaikki@2026-10-03,high,4.63,"idea, image, representation (the transcript, image, or picture of a visible object that is formed by the mind)",,,-ung,,,,-11.242640495300293,-7.348893165588379,-4.594550609588623,-0.032050780951976776,-5.258613109588623,0.9848900329490355,-4.562499828636646,True,2, Vor|stellung,right,right,known,True,-9.295766830444336,f,True,True,f,True
de,Bühne,f,stage,single,wiktionary:kaikki@2026-10-03,high,4.62,"stage (typically elevated space in front of a room for concerts, theater and other performances)",,,,,,,-10.802286148071289,-6.791669845581055,-3.5971161127090454,-0.05024109035730362,-6.011178731918335,0.9908622676383586,-3.546875022351742,True,3, B|üh|ne,right,right,known,True,-8.796977996826172,f,True,True,f,True
de,Medizin,f,medicine,single,wiktionary:kaikki@2026-10-03,high,4.56,medicine (the study of disease and treatment; the profession based thereon),,,,,,,-9.514876365661621,-2.957508087158203,-2.855353832244873,-0.09754135087132454,-4.456916332244873,0.9860110256510278,-2.7578124813735485,True,2, Med|izin,right,right,known,True,-6.236192226409912,f,True,True,f,True
de,Ausnahme,f,exception,single,wiktionary:kaikki@2026-10-03,high,4.56,exception,,,,,,,-5.255035400390625,-9.345705032348633,-1.9965580105781555,-1.6371829509735107,-1.8246829509735107,0.49307162252287934,-0.3593750596046448,True,2, Aus|nahme,right,right,known,True,-7.300370216369629,f,True,True,f,True
de,Kommunikation,f,communication,single,wiktionary:kaikki@2026-10-03,high,4.55,"communication, exchange of signs",,,-ion,,,,-8.32163143157959,-4.650581359863281,-3.550526976585388,-0.06615194119513035,-4.464589595794678,0.9802140809344415,-3.484375035390258,True,3, Komm|unik|ation,right,right,known,True,-6.4861063957214355,f,True,True,f,True
de,Einstellung,f,attitude,single,wiktionary:kaikki@2026-10-03,high,4.54,"attitude, mindset, disposition",,,-ung,,,,-6.46345329284668,-9.352241516113281,-4.212586522102356,-0.04071140754967928,-4.978211402893066,0.985217607339675,-4.171875114552677,True,3, E|inst|ellung,right,right,known,True,-7.9078474044799805,f,True,True,f,True
de,Krise,f,crisis,single,wiktionary:kaikki@2026-10-03,high,4.51,crisis (unstable situation),,,,,,,-7.53498649597168,-5.3368377685546875,-4.82448410987854,-0.027609066106379032,-5.35573410987854,0.9880625203549966,-4.796875043772161,True,2, Kr|ise,right,right,known,True,-6.435912132263184,f,True,True,f,True
es,cloruro,m,chloride,single,wiktionary:kaikki@2026-10-03,low,3.27,chloride,,,,o,yes,,1.5945158004760742,1.581869125366211,-0.02370956540107727,-4.929959535598755,,0.9842266403636852,4.906249970197678,True,3, cl|or|uro,right,right,known,True,1.5881924629211426,m,True,True,m,True
es,pluralismo,m,pluralism,single,wiktionary:kaikki@2026-10-03,low,3.27,pluralism,,,,o,yes,,4.231731414794922,3.5416221618652344,-0.25829045474529266,-2.6957905292510986,,0.8429973114434228,2.437500074505806,True,2, plural|ismo,right,right,known,True,3.886676788330078,m,True,True,m,True
es,anzuelo,m,hook,single,wiktionary:kaikki@2026-10-03,low,3.12,"hook, fishhook",,,,o,yes,,3.5976037979125977,5.2852783203125,-0.049615380354225636,-4.002740263938904,,0.9742819806370703,3.953124883584678,True,3, anz|uel|o,right,right,known,True,4.441441059112549,m,True,True,m,True
es,tapiz,m,tapestry,single,wiktionary:kaikki@2026-10-03,low,3.06,tapestry,,,,other,,,5.815029144287109,5.00444221496582,-0.03908782824873924,-3.8359627723693848,,0.9847547188831147,3.7968749441206455,True,2, tap|iz,right,right,known,True,5.409735679626465,m,True,True,m,True
es,espécimen,m,specimen,single,wiktionary:kaikki@2026-10-03,low,3.05,specimen,,,,other,,,5.868953704833984,9.429117202758789,-0.13773106783628464,-2.7939810752868652,,0.9338826206987569,2.6562500074505806,True,3, esp|éc|imen,right,right,known,True,7.649035453796387,m,True,True,m,True
es,talco,m,talc,single,wiktionary:kaikki@2026-10-03,low,3.02,talc,,,,o,yes,,7.121036529541016,3.5415611267089844,-0.06962573900818825,-2.983688235282898,,0.9839983184657025,2.9140624962747097,True,2, tal|co,right,right,known,True,5.331298828125,m,True,True,m,True
es,reflujo,m,ebb,single,wiktionary:kaikki@2026-10-03,low,2.96,ebb,,,,o,yes,,2.0337982177734375,3.241544723510742,-0.10836834087967873,-2.819305896759033,,0.9569744546057952,2.7109375558793545,True,3, re|flu|jo,right,right,known,True,2.63767147064209,m,True,True,m,True
es,prostíbulo,m,brothel,single,wiktionary:kaikki@2026-10-03,low,2.95,"brothel, whorehouse",,,,o,yes,,3.8030223846435547,8.88316535949707,-0.08789070695638657,-2.994140625,,0.9659423324280707,2.9062499180436134,True,4, prost|í|b|ulo,right,right,known,True,6.3430938720703125,m,True,True,m,True
es,gulag,m,gulag,single,wiktionary:kaikki@2026-10-03,low,2.92,gulag,,,,other,,,2.0092830657958984,2.591238021850586,-0.12324579432606697,-2.7794957160949707,,0.9530829254512125,2.6562499217689037,True,2, gul|ag,right,right,known,True,2.300260543823242,m,True,True,m,True
es,racionalismo,m,rationalism,single,wiktionary:kaikki@2026-10-03,low,2.89,rationalism (theory that the basis of knowledge is reason),,,,o,yes,,9.44965934753418,2.1394100189208984,-0.053613387048244476,-3.5926759243011475,,0.9762335347141338,3.539062537252903,True,3, rac|ional|ismo,right,right,known,True,5.794534683227539,m,True,True,m,True
es,ciberespacio,m,cyberspace,single,wiktionary:kaikki@2026-10-03,low,2.82,cyberspace,,,,o,yes,,8.726030349731445,5.029491424560547,-0.07193462178111076,-3.4938095808029175,,0.9610792134791731,3.4218749590218067,True,4, c|iber|esp|acio,right,right,known,True,6.877760887145996,m,True,True,m,True
es,sarro,m,tartar,single,wiktionary:kaikki@2026-10-03,low,2.74,tartar,,,,o,yes,,3.7031211853027344,4.386789321899414,-0.13610832020640373,-2.4642332792282104,,0.9658984953392569,2.3281249590218067,True,2, sar|ro,right,right,known,True,4.044955253601074,m,True,True,m,True
es,tilo,m,basswood,single,wiktionary:kaikki@2026-10-03,low,2.69,"basswood, limewood, linden wood",,,,o,yes,,3.462259292602539,1.4949378967285156,-0.10661549679934978,-2.794115424156189,,0.9703935941071252,2.687499927356839,True,2, til|o,right,right,known,True,2.4785985946655273,m,True,True,m,True
es,varadero,m,dry dock,single,wiktionary:kaikki@2026-10-03,low,2.67,dry dock,,,,o,yes,,4.089792251586914,4.6273956298828125,-0.19206395000219345,-2.2701889276504517,,0.9345787548916189,2.078124977648258,True,2, var|adero,right,right,known,True,4.358593940734863,m,True,True,m,True
es,acatamiento,m,observance,single,wiktionary:kaikki@2026-10-03,low,2.66,"observance, compliance",,,,o,yes,,2.764759063720703,2.520750045776367,-0.08526769652962685,-2.975892663002014,,0.9692908831680418,2.8906249664723873,True,3, ac|at|amiento,right,right,known,True,2.642754554748535,m,True,True,m,True
es,lirismo,m,lyricism,single,wiktionary:kaikki@2026-10-03,low,2.65,lyricism,,,,o,yes,,5.911294937133789,3.597410202026367,-0.09468011930584908,-3.118117570877075,,0.9540276530616145,3.023437451571226,True,3, l|ir|ismo,right,right,known,True,4.754352569580078,m,True,True,m,True
es,lesbianismo,m,lesbianism,single,wiktionary:kaikki@2026-10-03,low,2.61,lesbianism,,,,o,yes,,2.529815673828125,0.9965782165527344,-0.10291775315999985,-2.923230290412903,,0.9560175871790435,2.820312537252903,True,2, lesbian|ismo,right,unsure,unsure,False,1.7631969451904297,m,True,True,m,True
es,gamonal,m,white asphodel plantation or wood,single,wiktionary:kaikki@2026-10-03,low,2.55,white asphodel plantation or wood,,,,other,,,3.9776840209960938,4.390235900878906,-0.6301391422748566,-0.9817016422748566,,0.9516501924160319,0.3515625,False,2, gam|onal,right,right,known,True,4.1839599609375,m,True,True,m,True
es,escorbuto,m,scurvy,single,wiktionary:kaikki@2026-10-03,low,2.52,scurvy,,,,o,yes,,3.501856803894043,3.2285099029541016,-0.06314611434936523,-3.5631461143493652,,0.9673862109554483,3.5,True,3, esc|orb|uto,right,right,known,True,3.3651833534240723,m,True,True,m,True
es,asidero,m,handle,single,wiktionary:kaikki@2026-10-03,low,2.51,handle; hold (something to grab),,,,o,yes,,6.481903076171875,6.7623748779296875,-0.1617884635925293,-2.1930384635925293,,0.9626946231929319,2.03125,True,3, as|ider|o,right,right,known,True,6.622138977050781,m,True,True,m,True
es,comprobación,f,check,single,wiktionary:kaikki@2026-10-03,low,3.49,"check, checking, verification, ascertainment, crosscheck (act of inspecting or verifying)",,,,other,,,-6.120384216308594,-5.502507209777832,-3.1033657789230347,-0.10336576960980892,,0.9537439896967996,-3.0000000093132257,True,3, com|prob|ación,right,right,known,True,-5.811445713043213,f,True,True,f,True
es,seducción,f,seduction,single,wiktionary:kaikki@2026-10-03,low,3.38,seduction,,,,other,,,-7.012978553771973,-5.844266891479492,-4.252284049987793,-0.04134637489914894,,0.9740904248897471,-4.210937675088644,True,2, sed|ucción,right,right,known,True,-6.428622722625732,f,True,True,f,True
es,cisterna,f,cistern,single,wiktionary:kaikki@2026-10-03,low,3.29,cistern,,,,a,yes,,-1.071237564086914,-3.8015098571777344,-2.550833821296692,-0.11333386227488518,,0.9763976191648809,-2.4374999590218067,True,3, c|ist|erna,right,right,known,True,-2.436373710632324,f,True,True,f,True
es,sustentabilidad,f,sustainability,single,wiktionary:kaikki@2026-10-03,low,3.26,sustainability,,,,other,,,-5.224621772766113,-2.9158267974853516,-3.8142114877700806,-0.10327405482530594,,0.9242814117137348,-3.7109374329447746,True,3, sust|ent|abilidad,right,right,known,True,-4.070224285125732,f,True,True,f,True
es,herejía,f,heresy,single,wiktionary:kaikki@2026-10-03,low,3.23,heresy,,,,a,yes,,-9.185397148132324,-7.360322952270508,-4.646259307861328,-0.02907173614948988,,0.9812295136161693,-4.617187571711838,True,3, here|j|ía,right,right,known,True,-8.272860050201416,f,True,True,f,True
es,legitimación,f,authentication,single,wiktionary:kaikki@2026-10-03,low,3.21,"authentication, legitimation",,,,other,,,-6.63306999206543,-5.247730255126953,-3.507025122642517,-0.05390014685690403,,0.9784324641549622,-3.453124975785613,True,2, legitim|ación,right,right,known,True,-5.940400123596191,f,True,True,f,True
es,hipnosis,f,hypnosis,single,wiktionary:kaikki@2026-10-03,low,3.09,hypnosis,,,,other,,,-3.8357839584350586,-2.0470314025878906,-3.0813231468200684,-0.07351070456206799,,0.9794259960077296,-3.0078124422580004,True,2, hip|nosis,right,right,known,True,-2.9414076805114746,f,True,True,f,True
es,picadura,f,sting,single,wiktionary:kaikki@2026-10-03,low,3.05,"sting, bite e.g. from a snake or insect",,,,a,yes,,-6.129838943481445,-4.380048751831055,-4.536383628845215,-0.02857116237282753,,0.9829930250589676,-4.507812466472387,True,3, pic|ad|ura,right,right,known,True,-5.25494384765625,f,True,True,f,True
es,reedición,f,reprint,single,wiktionary:kaikki@2026-10-03,low,3.0,reprint,,,,other,,,-3.6639347076416016,-1.759389877319336,-2.6300947666168213,-0.18478232249617577,,0.9186580897068191,-2.4453124441206455,True,3, re|ed|ición,right,right,known,True,-2.7116622924804688,f,True,True,f,True
es,incautación,f,confiscation,single,wiktionary:kaikki@2026-10-03,low,2.96,"confiscation, seizure, seizing, impoundment, impounding",,,,other,,,-4.1570892333984375,-5.505546569824219,-3.8665010929107666,-0.046188563108444214,,0.976021186268561,-3.8203125298023224,True,4, in|ca|ut|ación,right,right,known,True,-4.831317901611328,f,True,True,f,True
es,intercepción,f,interception,single,wiktionary:kaikki@2026-10-03,low,2.84,interception,,,,other,,,-5.916494369506836,-6.549886703491211,-3.466834306716919,-0.06839681416749954,,0.9651192090208736,-3.3984374925494194,True,3, inter|ce|pción,right,right,known,True,-6.233190536499023,f,True,True,f,True
es,facilitación,f,facilitation,single,wiktionary:kaikki@2026-10-03,low,2.82,facilitation,,,,other,,,-6.381714820861816,-5.384544372558594,-3.618696689605713,-0.06400926411151886,,0.9665972518244839,-3.554687425494194,True,2, facilit|ación,right,right,known,True,-5.883129596710205,f,True,True,f,True
es,urticaria,f,urticaria,single,wiktionary:kaikki@2026-10-03,low,2.78,urticaria,,,,a,yes,,-4.954715728759766,-2.403789520263672,-3.7694040536880493,-0.05065407417714596,,0.9736835079288375,-3.7187499795109034,True,3, ur|tic|aria,right,right,known,True,-3.6792526245117188,f,True,True,f,True
es,perplejidad,f,perplexity,single,wiktionary:kaikki@2026-10-03,low,2.76,perplexity,,,,other,,,-8.155800819396973,-8.39663314819336,-3.3221869468688965,-0.06437443196773529,,0.9743929372404191,-3.257812514901161,True,4, per|ple|j|idad,right,right,known,True,-8.276216983795166,f,True,True,f,True
es,carnada,f,bait,single,wiktionary:kaikki@2026-10-03,low,2.74,bait,,,,a,yes,,-4.589019775390625,-4.289819717407227,-1.6480385065078735,-0.30428849160671234,,0.9573762468754834,-1.3437500149011612,True,2, carn|ada,right,right,known,True,-4.439419746398926,f,True,True,f,True
es,liana,f,liana,single,wiktionary:kaikki@2026-10-03,low,2.72,"liana (a climbing woody vine, usually tropical)",,,,a,yes,,-3.663949966430664,-6.941740989685059,-1.6386204957962036,-0.2714330330491066,,0.962339794763279,-1.367187462747097,True,2, li|ana,right,right,known,True,-5.302845478057861,f,True,True,f,True
es,botica,f,drugstore,single,wiktionary:kaikki@2026-10-03,low,2.71,"drugstore, pharmacy",,,,a,yes,,-5.758811950683594,-3.047060012817383,-4.1956048011779785,-0.0315422723069787,,0.9840160738147514,-4.164062528871,True,2, bot|ica,right,right,known,True,-4.402935981750488,f,True,True,f,True
es,bisexualidad,f,bisexuality,single,wiktionary:kaikki@2026-10-03,low,2.59,bisexuality,,,,other,,,-5.387773513793945,-5.703220367431641,-3.0370187759399414,-0.08389370143413544,,0.9677833420669655,-2.953125074505806,True,2, bisexual|idad,right,right,known,True,-5.545496940612793,f,True,True,f,True
es,carambola,f,star fruit,single,wiktionary:kaikki@2026-10-03,low,2.54,star fruit,,,,a,yes,,-4.259162902832031,-6.069555282592773,-2.220275402069092,-0.16558782011270523,,0.9566513384210381,-2.0546875819563866,True,4, c|aram|b|ola,right,right,known,True,-5.164359092712402,f,True,True,f,True
es,discontinuidad,f,discontinuity,single,wiktionary:kaikki@2026-10-03,low,2.54,discontinuity,,,,other,,,-4.609140396118164,-3.3641815185546875,-4.002764463424683,-0.10432702675461769,,0.9199487881681994,-3.898437436670065,True,3, discontin|uid|ad,right,right,known,True,-3.986660957336426,f,True,True,f,True
es,rol,m,role,single,wiktionary:kaikki@2026-10-03,mid,4.49,role,,,,other,,,3.4169225692749023,4.8145599365234375,-0.3212313950061798,-1.5321689248085022,,0.9459069856700275,1.2109375298023224,True,1, rol,right,right,known,True,4.11574125289917,m,True,True,m,True
es,episodio,m,episode,single,wiktionary:kaikki@2026-10-03,mid,4.4,episode (installment of a drama told in parts),,,,o,yes,,3.814878463745117,5.974058151245117,-0.05216437764465809,-3.5365394353866577,,0.9782971620160887,3.4843750577419996,True,3, epis|od|io,right,right,known,True,4.894468307495117,m,True,True,m,True
es,asco,m,disgust,single,wiktionary:kaikki@2026-10-03,mid,4.37,disgust,,,,o,yes,,4.810112953186035,5.682120323181152,-0.07914236560463905,-3.2275798320770264,,0.963639110828379,3.1484374664723873,True,2, as|co,right,right,known,True,5.246116638183594,m,True,True,m,True
es,órgano,m,organ,single,wiktionary:kaikki@2026-10-03,mid,4.35,organ (a larger part of an organism),,,,o,yes,,4.068553924560547,5.365545272827148,-0.07261313125491142,-3.0023006200790405,,0.9796486387397498,2.929687488824129,True,2, órg|ano,right,right,known,True,4.717049598693848,m,True,True,m,True
es,paisaje,m,landscape,single,wiktionary:kaikki@2026-10-03,mid,4.3,landscape (the view of an area of land),,,,other,,,4.94682502746582,5.610437393188477,-0.03594817779958248,-4.575010776519775,,0.9750265263048021,4.539062598720193,True,2, pais|aje,right,right,known,True,5.278631210327148,m,True,True,m,True
es,acento,m,accent,single,wiktionary:kaikki@2026-10-03,mid,4.1,accent (typographical line),,,,o,yes,,7.014368057250977,5.888668060302734,-0.0960741937160492,-3.033574104309082,,0.9590288292165782,2.937499910593033,True,3, a|cent|o,right,right,known,True,6.4515180587768555,m,True,True,m,True
es,énfasis,m,emphasis,single,wiktionary:kaikki@2026-10-03,mid,4.08,emphasis,,,,other,,,3.413069725036621,1.180398941040039,-1.2452702522277832,-1.9874577522277832,,0.4341647343198992,0.7421875,True,3, é|nf|asis,right,right,known,True,2.29673433303833,m,True,True,m,True
es,batallón,m,battalion,single,wiktionary:kaikki@2026-10-03,mid,3.88,battalion,,,,other,,,4.548711776733398,2.9123687744140625,-0.06667250767350197,-3.535422444343567,,0.966280116149461,3.468749936670065,True,3, bat|all|ón,right,right,known,True,3.7305402755737305,m,True,True,m,True
es,llanto,m,crying,single,wiktionary:kaikki@2026-10-03,mid,3.81,crying,,,,o,yes,,6.048177719116211,2.8471107482910156,-0.038130469620227814,-3.858443021774292,,0.9839709659437254,3.820312552154064,True,2, ll|anto,right,right,known,True,4.447644233703613,m,True,True,m,True
es,aplauso,m,applause,single,wiktionary:kaikki@2026-10-03,mid,3.79,applause (act of applauding),,,,o,yes,,3.810903549194336,2.2844924926757812,-0.07980729267001152,-3.5016822814941406,,0.95347715249395,3.421874988824129,True,3, apl|aus|o,right,right,known,True,3.0476980209350586,m,True,True,m,True
es,hábitat,m,habitat,single,wiktionary:kaikki@2026-10-03,mid,3.7,habitat (natural conditions in which a plant or animal lives),,,,other,,,2.6561336517333984,5.0831451416015625,-0.14466647058725357,-2.3243539333343506,,0.9649145651651179,2.179687462747097,True,3, há|bit|at,right,right,known,True,3.8696393966674805,m,True,True,m,True
es,caño,m,tube or pipe,single,wiktionary:kaikki@2026-10-03,mid,3.67,tube or pipe,,,,o,yes,,6.103250503540039,3.7789363861083984,-0.053065547719597816,-3.404628038406372,,0.982893065141418,3.3515624906867743,True,2, ca|ño,right,right,known,True,4.941093444824219,m,True,True,m,True
es,vencimiento,m,defeat,single,wiktionary:kaikki@2026-10-03,mid,3.63,"defeat, collapse",,,,o,yes,,3.101724624633789,4.493925094604492,-0.11642448604106903,-2.4523619413375854,,0.9765068961640355,2.3359374552965164,True,3, v|enc|imiento,right,right,known,True,3.7978248596191406,m,True,True,m,True
es,lodo,m,mud,single,wiktionary:kaikki@2026-10-03,mid,3.63,mud; muck; mire,,,,o,yes,,2.906644821166992,0.7450790405273438,-0.11684530228376389,-2.7652827501296997,,0.9542293981284602,2.648437447845936,True,2, l|odo,right,unsure,unsure,False,1.825861930847168,m,True,True,m,True
es,vinagre,m,vinegar,single,wiktionary:kaikki@2026-10-03,mid,3.61,vinegar (a sour liquid formed by the fermentation of alcohol used as a condiment or preservative),,,,other,,,4.258378982543945,5.066629409790039,-0.024018527008593082,-4.6724560260772705,,0.9868393126083747,4.648437499068677,True,3, vin|ag|re,right,right,known,True,4.662504196166992,m,True,True,m,True
es,empoderamiento,m,empowerment,single,wiktionary:kaikki@2026-10-03,mid,3.58,"empowerment, empowering",,,,o,yes,,5.262334823608398,7.286737442016602,-0.09201732650399208,-3.185767412185669,,0.9542680805822361,3.093750085681677,True,3, emp|oder|amiento,right,right,known,True,6.2745361328125,m,True,True,m,True
es,telón,m,curtain,single,wiktionary:kaikki@2026-10-03,mid,3.58,curtain,,,,other,,,7.040790557861328,9.065515518188477,-0.04032154008746147,-3.5559465885162354,,0.9890661880312667,3.515625048428774,True,2, tel|ón,right,right,known,True,8.053153038024902,m,True,True,m,True
es,nitrógeno,m,nitrogen,single,wiktionary:kaikki@2026-10-03,mid,3.55,nitrogen,,,,o,yes,,3.163127899169922,2.737649917602539,-0.023000305518507957,-7.054250240325928,,0.9782567286191379,7.03124993480742,True,5, n|itr|ó|gen|o,right,right,known,True,2.9503889083862305,m,True,True,m,True
es,escalón,m,step,single,wiktionary:kaikki@2026-10-03,mid,3.51,"step (of a ladder, staircase)",,,,other,,,5.479748725891113,8.772676467895508,-0.04646508768200874,-3.663652539253235,,0.9814204670913367,3.617187451571226,True,2, escal|ón,right,right,known,True,7.1262125968933105,m,True,True,m,True
es,aval,m,endorsement,single,wiktionary:kaikki@2026-10-03,mid,3.51,endorsement,,,,other,,,7.531999588012695,6.448797225952148,-0.3119608759880066,-1.4447733759880066,,0.9694286724697194,1.1328125,True,1, aval,right,right,known,True,6.990398406982422,m,True,True,m,True
es,cooperación,f,cooperation,single,wiktionary:kaikki@2026-10-03,mid,4.49,cooperation,,,,other,,,-7.532808303833008,-5.752565383911133,-4.064254999160767,-0.056442566215991974,,0.9628636930559188,-4.007812432944775,True,2, cooper|ación,right,right,known,True,-6.64268684387207,f,True,True,f,True
es,raíz,f,root,single,wiktionary:kaikki@2026-10-03,mid,4.46,root; root vegetable,,,,other,,,-3.785252571105957,-4.300183296203613,-3.214568257331848,-0.06613071821630001,,0.9792747900926643,-3.148437539115548,True,3, ra|í|z,right,right,known,True,-4.042717933654785,f,True,True,f,True
es,identificación,f,identification,single,wiktionary:kaikki@2026-10-03,mid,4.39,identification,,,,other,,,-6.854789733886719,-5.947751998901367,-1.6606613397598267,-0.24659883230924606,,0.9735529817195647,-1.4140625074505806,True,2, ident|ificación,right,right,known,True,-6.401270866394043,f,True,True,f,True
es,depresión,f,depression,single,wiktionary:kaikki@2026-10-03,mid,4.33,depression,,,,other,,,-8.076683044433594,-5.331150054931641,-4.942959785461426,-0.028897058218717575,,0.9788370968878126,-4.914062727242708,True,3, dep|res|ión,right,right,known,True,-6.703916549682617,f,True,True,f,True
es,finalidad,f,purpose,single,wiktionary:kaikki@2026-10-03,mid,4.27,"purpose, objective, aim",,,,other,,,-4.618781089782715,-5.1170806884765625,-2.2946823835372925,-0.35718245804309845,,0.8004545848511513,-1.937499925494194,True,2, final|idad,right,right,known,True,-4.867930889129639,f,True,True,f,True
es,grabación,f,recording,single,wiktionary:kaikki@2026-10-03,mid,4.21,recording (an activity or result),,,,other,,,-7.8166093826293945,-10.138517379760742,-4.395357728004456,-0.035982622765004635,,0.97826876572083,-4.359375105239451,True,2, grab|ación,right,right,known,True,-8.977563381195068,f,True,True,f,True
es,integridad,f,integrity,single,wiktionary:kaikki@2026-10-03,mid,4.16,integrity,,,,other,,,-5.700810432434082,-4.958791732788086,-4.165727853775024,-0.04072776064276695,,0.9770998331028052,-4.1250000931322575,True,3, integ|rid|ad,right,right,known,True,-5.329801082611084,f,True,True,f,True
es,coincidencia,f,coincidence,single,wiktionary:kaikki@2026-10-03,mid,4.04,coincidence,,,,a,yes,,-5.490521430969238,-7.096683502197266,-4.561247825622559,-0.05343540199100971,,0.9594995534669413,-4.507812423631549,True,3, coinc|id|encia,right,right,known,True,-6.293602466583252,f,True,True,f,True
es,comarca,f,district,single,wiktionary:kaikki@2026-10-03,mid,3.95,district,,,,a,yes,,-7.045337677001953,-2.3742103576660156,-3.746109127998352,-0.04298407584428787,,0.9825618205712532,-3.703125052154064,True,3, com|ar|ca,right,right,known,True,-4.709774017333984,f,True,True,f,True
es,validez,f,validity,single,wiktionary:kaikki@2026-10-03,mid,3.93,validity,,,,other,,,-5.858466148376465,-3.2630691528320312,-2.477005362510681,-0.12544288113713264,,0.9693250597319565,-2.3515624813735485,True,2, valide|z,right,right,known,True,-4.560767650604248,f,True,True,f,True
es,pascua,f,easter,single,wiktionary:kaikki@2026-10-03,mid,3.93,Easter,,,,a,yes,,-4.887338638305664,-3.929758071899414,-4.401789665222168,-0.03460205718874931,,0.9790079913218566,-4.367187608033419,True,3, p|asc|ua,right,right,known,True,-4.408548355102539,f,True,True,f,True
es,procesión,f,procession,single,wiktionary:kaikki@2026-10-03,mid,3.8,procession (act of progressing or proceeding),,,,other,,,-7.240655899047852,-7.182973861694336,-4.504881143569946,-0.028318770229816437,,0.9837596250846123,-4.47656237334013,True,2, proces|ión,right,right,known,True,-7.211814880371094,f,True,True,f,True
es,dominación,f,domination,single,wiktionary:kaikki@2026-10-03,mid,3.73,domination,,,,other,,,-6.813258171081543,-3.6629066467285156,-3.9645811319351196,-0.05051862820982933,,0.9700590616003257,-3.9140625037252903,True,2, domin|ación,right,right,known,True,-5.238082408905029,f,True,True,f,True
es,brisa,f,breeze,single,wiktionary:kaikki@2026-10-03,mid,3.69,breeze,,,,a,yes,,-3.559351921081543,-6.564886093139648,-3.6473294496536255,-0.0535794198513031,,0.9751423919564972,-3.5937500298023224,True,2, br|isa,right,right,known,True,-5.062119007110596,f,True,True,f,True
es,convergencia,f,convergence,single,wiktionary:kaikki@2026-10-03,mid,3.65,"convergence, convergency",,,,a,yes,,-6.2779693603515625,-4.920875549316406,-3.728547215461731,-0.06448476016521454,,0.9629118463184769,-3.6640624552965164,True,3, conver|g|encia,right,right,known,True,-5.599422454833984,f,True,True,f,True
es,obediencia,f,obedience,single,wiktionary:kaikki@2026-10-03,mid,3.58,obedience,,,,a,yes,,-4.895495414733887,-4.792179107666016,-4.2113494873046875,-0.03947456181049347,,0.9761279858211453,-4.171874925494194,True,3, ob|edi|encia,right,right,known,True,-4.843837261199951,f,True,True,f,True
es,guarnición,f,garrison,single,wiktionary:kaikki@2026-10-03,mid,3.58,garrison,,,,other,,,-6.73193359375,-1.7284526824951172,-2.1912736892700195,-0.16783617809414864,,0.9606404500486856,-2.023437511175871,True,3, gu|arn|ición,right,right,known,True,-4.230193138122559,f,True,True,f,True
es,descomposición,f,decomposition,single,wiktionary:kaikki@2026-10-03,mid,3.58,decomposition,,,,other,,,-6.227485656738281,-3.5677881240844727,-4.021883010864258,-0.0843830294907093,,0.9385848536582562,-3.9374999813735485,True,3, des|com|posición,right,right,known,True,-4.897636890411377,f,True,True,f,True
es,parálisis,f,paralysis,single,wiktionary:kaikki@2026-10-03,mid,3.57,paralysis,,,,other,,,-0.4990825653076172,0.6603450775146484,-4.386860132217407,-0.03529753256589174,,0.9778323841937477,-4.3515625996515155,True,3, par|ál|isis,unsure,unsure,unsure,False,0.08063125610351562,m,False,False,f,True
es,cavidad,f,cavity,single,wiktionary:kaikki@2026-10-03,mid,3.54,cavity,,,,other,,,-5.739618301391602,-8.820596694946289,-4.5470733642578125,-0.03144824504852295,,0.98106355032544,-4.5156251192092896,True,2, cav|idad,right,right,known,True,-7.280107498168945,f,True,True,f,True
es,tiempo,m,time,single,wiktionary:kaikki@2026-10-03,high,5.97,time,,,,o,yes,,7.888071060180664,4.636893272399902,-0.03583743143826723,-4.379587411880493,,0.977355547072404,4.343749980442226,True,1, tiempo,right,right,known,True,6.262482166290283,m,True,True,m,True
es,año,m,year,single,wiktionary:kaikki@2026-10-03,high,5.88,year,,,,o,yes,,5.737339973449707,4.798964500427246,-0.022969488985836506,-5.999531984329224,,0.9798910762688017,5.976562495343387,True,1, año,right,right,known,True,5.268152236938477,m,True,True,m,True
es,país,m,country,single,wiktionary:kaikki@2026-10-03,high,5.78,country (the territory of a nation),,,,other,,,5.45557975769043,5.926765441894531,-0.04577612318098545,-4.037963628768921,,0.9729813967459406,3.9921875055879354,True,1, país,right,right,known,True,5.6911725997924805,m,True,True,m,True
es,marzo,m,march,single,wiktionary:kaikki@2026-10-03,high,5.22,March,,,,o,yes,,1.2216663360595703,1.0514984130859375,-0.11525963246822357,-3.966822028160095,,0.9104773506828847,3.8515623956918716,True,1, marzo,right,right,known,True,1.136582374572754,m,True,True,m,True
es,modo,m,way,single,wiktionary:kaikki@2026-10-03,high,5.19,"way, manner",,,,o,yes,,5.4327239990234375,4.318327903747559,-0.12008004263043404,-2.7919551134109497,,0.9515983169478515,2.6718750707805157,True,1, modo,right,right,known,True,4.875525951385498,m,True,True,m,True
es,movimiento,m,movement,single,wiktionary:kaikki@2026-10-03,high,5.16,movement (physical motion between points in space),,,,o,yes,,7.2091779708862305,6.261750221252441,-0.052205875515937805,-3.6225184202194214,,0.9760940184524235,3.5703125447034836,True,1, movimiento,right,right,known,True,6.735464096069336,m,True,True,m,True
es,sector,m,section,single,wiktionary:kaikki@2026-10-03,high,5.04,section,,,,other,,,6.1114349365234375,2.5132694244384766,-0.04923511855304241,-3.4789226055145264,,0.9828072140806474,3.429687486961484,True,1, sector,right,right,known,True,4.312352180480957,m,True,True,m,True
es,brasil,m,brazil,single,wiktionary:kaikki@2026-10-03,high,5.0,"brazil, brazilwood",,,,other,,,3.3458423614501953,1.3777198791503906,-0.24535401910543442,-2.2844165563583374,,0.8851476764713972,2.039062537252903,True,2, br|asil,right,right,known,True,2.361781120300293,m,True,True,m,True
es,texto,m,text,single,wiktionary:kaikki@2026-10-03,high,4.98,text,,,,o,yes,,5.655835151672363,7.399972915649414,-0.0364938797429204,-4.442744016647339,,0.9767185983157172,4.4062501369044185,True,1, texto,right,right,known,True,6.527904033660889,m,True,True,m,True
es,riesgo,m,risk,single,wiktionary:kaikki@2026-10-03,high,4.89,risk; the possibility of harm or an unfavorable outcome from random chance,,,,o,yes,,5.985300064086914,5.235875129699707,-0.04350289702415466,-3.949752926826477,,0.9777246662928551,3.9062500298023224,True,2, ries|go,right,right,known,True,5.6105875968933105,m,True,True,m,True
es,producto,m,product,single,wiktionary:kaikki@2026-10-03,high,4.88,"product, commodity, item",,,,o,yes,,6.06566047668457,4.739629745483398,-0.06609351187944412,-3.8082810640335083,,0.9613008406272711,3.742187552154064,True,1, producto,right,right,known,True,5.402645111083984,m,True,True,m,True
es,parque,m,park,single,wiktionary:kaikki@2026-10-03,high,4.85,park,,,,other,,,7.686773300170898,8.34394645690918,-0.027259035035967827,-4.699134111404419,,0.9822243561264145,4.671875076368451,True,2, par|que,right,right,known,True,8.015359878540039,m,True,True,m,True
es,periodo,m,period,single,wiktionary:kaikki@2026-10-03,high,4.73,"period, menstrual cycle",,,,o,yes,,4.702768325805664,4.829936981201172,-0.04533044621348381,-3.7328304052352905,,0.9797961540656828,3.6874999590218067,True,1, periodo,right,right,known,True,4.766352653503418,m,True,True,m,True
es,foro,m,forum,single,wiktionary:kaikki@2026-10-03,high,4.67,forum (a place for discussion),,,,o,yes,,6.656215667724609,3.9598445892333984,-0.11495072394609451,-2.5290132761001587,,0.9711524301210483,2.414062552154064,True,2, for|o,right,right,known,True,5.308030128479004,m,True,True,m,True
es,turismo,m,tourism,single,wiktionary:kaikki@2026-10-03,high,4.63,tourism,,,,o,yes,,5.221571922302246,5.554689407348633,-0.041957564651966095,-4.00289511680603,,0.9774301731838768,3.960937552154064,True,2, tur|ismo,right,right,known,True,5.3881306648254395,m,True,True,m,True
es,desastre,m,disaster,single,wiktionary:kaikki@2026-10-03,high,4.56,"disaster, catastrophe, calamity",,,,other,,,8.82470417022705,6.361932754516602,-0.06263794004917145,-4.03920042514801,,0.9575814582744615,3.976562485098839,True,3, des|ast|re,right,right,known,True,7.593318462371826,m,True,True,m,True
es,jardín,m,garden,single,wiktionary:kaikki@2026-10-03,high,4.56,garden,,,,other,,,8.105785369873047,4.894773483276367,-0.02580882888287306,-5.236746311187744,,0.9799763206852237,5.210937482304871,True,3, j|ard|ín,right,right,known,True,6.500279426574707,m,True,True,m,True
es,cabello,m,hair,single,wiktionary:kaikki@2026-10-03,high,4.54,hair (mass of hairs),,,,o,yes,,5.992580413818359,5.337241172790527,-0.022984381765127182,-5.046422004699707,,0.983799617387416,5.02343762293458,True,2, cabel|lo,right,right,known,True,5.664910793304443,m,True,True,m,True
es,barco,m,boat,single,wiktionary:kaikki@2026-10-03,high,4.52,boat (usually with a concave hull),,,,o,yes,,5.920792579650879,5.801996231079102,-0.026393349282443523,-4.502955794334412,,0.986963635139136,4.476562445051968,True,2, bar|co,right,right,known,True,5.86139440536499,m,True,True,m,True
es,entrenamiento,m,training,single,wiktionary:kaikki@2026-10-03,high,4.5,"training, workout",,,,o,yes,,5.351387977600098,4.087352752685547,-0.04170753248035908,-3.8542076349258423,,0.9803564511243448,3.812500102445483,True,2, entren|amiento,right,right,known,True,4.719370365142822,m,True,True,m,True
es,ley,f,law,single,wiktionary:kaikki@2026-10-03,high,5.6,law (a well-established characteristic of nature),,,,other,,,-6.8461456298828125,-9.117117881774902,-1.8531214594841003,-0.22030894830822945,,0.9794968385152226,-1.632812511175871,True,1, ley,right,right,known,True,-7.981631755828857,f,True,True,f,True
es,muerte,f,death,single,wiktionary:kaikki@2026-10-03,high,5.43,death (the cessation of life),,,,other,,,-5.957937240600586,-4.55111026763916,-4.894625902175903,-0.027438312768936157,,0.9808468530546812,-4.867187589406967,True,2, mu|erte,right,right,known,True,-5.254523754119873,f,True,True,f,True
es,imagen,f,image,single,wiktionary:kaikki@2026-10-03,high,5.2,image,,,,other,,,-7.621417999267578,-5.163678169250488,-2.943362593650818,-0.10742515325546265,,0.9596526586222023,-2.8359374403953552,True,1, imagen,right,right,known,True,-6.392548084259033,f,True,True,f,True
es,investigación,f,investigation,single,wiktionary:kaikki@2026-10-03,high,5.17,investigation,,,,other,,,-6.004488945007324,-4.835518836975098,-4.162007212638855,-0.044819640927016735,,0.973537902246928,-4.117187571711838,True,1, investigación,right,right,known,True,-5.420003890991211,f,True,True,f,True
es,producción,f,production,single,wiktionary:kaikki@2026-10-03,high,5.15,production,,,,other,,,-5.746646881103516,-4.124077796936035,-4.045915842056274,-0.0381032545119524,,0.98173058311513,-4.007812587544322,True,1, producción,right,right,known,True,-4.935362339019775,f,True,True,f,True
es,crisis,f,crisis,single,wiktionary:kaikki@2026-10-03,high,5.02,crisis,,,,other,,,-5.924915313720703,-4.011969566345215,-4.8360350131988525,-0.04697267897427082,,0.9625975126215254,-4.789062334224582,True,1, crisis,right,right,known,True,-4.968442440032959,f,True,True,f,True
es,fiesta,f,party,single,wiktionary:kaikki@2026-10-03,high,4.99,party,,,,a,yes,,-6.6429643630981445,-5.790525436401367,-4.6182541847229,-0.03231661580502987,,0.9788563396096206,-4.5859375689178705,True,2, fi|esta,right,right,known,True,-6.216744899749756,f,True,True,f,True
es,democracia,f,democracy,single,wiktionary:kaikki@2026-10-03,high,4.93,democracy (rule by the people),,,,a,yes,,-6.426609039306641,-5.2071075439453125,-6.00978946685791,-0.017601982690393925,,0.985160443366937,-5.992187484167516,True,2, democr|acia,right,right,known,True,-5.816858291625977,f,True,True,f,True
es,caja,f,box,single,wiktionary:kaikki@2026-10-03,high,4.82,"box, case",,,,a,yes,,-4.7535247802734375,-8.150530815124512,-2.7631466388702393,-0.08345911838114262,,0.9857803615352942,-2.6796875204890966,True,2, c|aja,right,right,known,True,-6.452027797698975,f,True,True,f,True
es,intención,f,intention,single,wiktionary:kaikki@2026-10-03,high,4.76,intention,,,,other,,,-6.423765182495117,-7.282623291015625,-4.011342763900757,-0.042592886835336685,,0.9777972049458813,-3.96874987706542,True,2, int|ención,right,right,known,True,-6.853194236755371,f,True,True,f,True
es,biblioteca,f,library,single,wiktionary:kaikki@2026-10-03,high,4.69,library,,,,a,yes,,-5.08531379699707,-5.821088790893555,-4.207350730895996,-0.03547573275864124,,0.9800965197179855,-4.171874998137355,True,2, bibli|oteca,right,right,known,True,-5.4532012939453125,f,True,True,f,True
es,frase,f,phrase,single,wiktionary:kaikki@2026-10-03,high,4.68,phrase,,,,other,,,-5.420687675476074,-7.210127830505371,-3.8050633668899536,-0.0628757867962122,,0.9687685304581961,-3.7421875800937414,True,1, frase,right,right,known,True,-6.315407752990723,f,True,True,f,True
es,presidencia,f,presidency,single,wiktionary:kaikki@2026-10-03,high,4.68,presidency,,,,a,yes,,-5.192935943603516,-3.652444839477539,-4.341131210327148,-0.02863125689327717,,0.9850253463608882,-4.312499953433871,True,3, pres|id|encia,right,right,known,True,-4.422690391540527,f,True,True,f,True
es,vivienda,f,housing,single,wiktionary:kaikki@2026-10-03,high,4.61,"housing, dwelling",,,,a,yes,,-5.901124954223633,-4.7949066162109375,-3.616070032119751,-0.04575743526220322,,0.9841013095133095,-3.5703125968575478,True,2, viv|ienda,right,right,known,True,-5.348015785217285,f,True,True,f,True
es,disposición,f,disposal,single,wiktionary:kaikki@2026-10-03,high,4.61,disposal,,,,other,,,-5.451137542724609,-6.4017486572265625,-3.872503876686096,-0.08344143256545067,,0.9454941591749795,-3.7890624441206455,True,2, dispos|ición,right,right,known,True,-5.926443099975586,f,True,True,f,True
es,filosofía,f,philosophy,single,wiktionary:kaikki@2026-10-03,high,4.59,philosophy,,,,a,yes,,-6.268232345581055,-7.742890357971191,-3.889472484588623,-0.04572251997888088,,0.9763169760017782,-3.843749964609742,True,4, fil|os|of|ía,right,right,known,True,-7.005561351776123,f,True,True,f,True
es,peña,f,rock,single,wiktionary:kaikki@2026-10-03,high,4.56,"a rock, stone, cliff or outcropping",,,,a,yes,,-3.7731800079345703,-3.307514190673828,-1.8958839774131775,-0.2552589364349842,,0.9767296105809624,-1.6406250409781933,True,2, pe|ña,right,right,known,True,-3.540347099304199,f,True,True,f,True
es,temperatura,f,temperature,single,wiktionary:kaikki@2026-10-03,high,4.55,temperature,,,,a,yes,,-6.044134140014648,-6.06679630279541,-4.9714460372924805,-0.02613347303122282,,0.9825629911949969,-4.945312564261258,True,1, temperatura,right,right,known,True,-6.055465221405029,f,True,True,f,True
es,variedad,f,variety,single,wiktionary:kaikki@2026-10-03,high,4.55,variety,,,,other,,,-6.448019981384277,-8.652645111083984,-3.9783504009246826,-0.09553782269358635,,0.929471058652783,-3.8828125782310963,True,2, varied|ad,right,right,known,True,-7.550332546234131,f,True,True,f,True
es,ventaja,f,advantage,single,wiktionary:kaikki@2026-10-03,high,4.51,"advantage, upper hand, edge",,,,a,yes,,-7.014181137084961,-6.580049514770508,-4.266844987869263,-0.03246998507529497,,0.9835228335994753,-4.234375002793968,True,2, vent|aja,right,right,known,True,-6.797115325927734,f,True,True,f,True
