layer,direction,A_f,A_m,A_f_noen,A_m_noen,A_f_abs,A_m_abs,A_f_con,A_m_con,exc_auc,homo_auc_noun,homo_auc_verb,homo_auc_diff,multi_p_diff,cos_concreteness,A_f_lo,A_f_hi,A_m_lo,A_m_hi,A_f_noen_lo,A_f_noen_hi,A_m_noen_lo,A_m_noen_hi,A_f_abs_lo,A_f_abs_hi,A_m_abs_lo,A_m_abs_hi,A_f_con_lo,A_f_con_hi,A_m_con_lo,A_m_con_hi,exc_auc_lo,exc_auc_hi,homo_auc_noun_lo,homo_auc_noun_hi,homo_auc_verb_lo,homo_auc_verb_hi,homo_auc_diff_lo,homo_auc_diff_hi,multi_p_diff_lo,multi_p_diff_hi,regular_test_auc,p_ma_m,p_clipping_f,p_true_m,p_true_f,n_excm,n_excm_noen,n_conc_imputed_train,p_item_foto,p_item_moto,p_item_mano,multi_p_diff_lean_m,multi_p_diff_lean_f,matched_cv_auc
0,adom_matched,0.6278846153846154,0.6064400715563506,0.6821428571428572,0.6112956810631229,0.6883116883116883,0.6464646464646465,0.6093117408906883,0.5692307692307692,0.21794871794871795,0.7359073359073359,0.7359073359073359,0.0,0.0,-0.002033597090963095,0.3591346153846154,0.7572596153846153,0.3558139534883721,0.7227191413237924,0.32321428571428573,0.8010267857142856,0.29730066445182723,0.7641611295681063,0.3071428571428571,0.8659090909090909,0.26262626262626265,0.8282828282828283,0.2550101214574899,0.8137651821862348,0.26913461538461536,0.7615384615384615,0.0,0.8833333333333333,0.4148584822685055,0.7807142857142857,0.4148584822685055,0.7807142857142857,0.0,0.0,0.0,0.0,0.675,0.46887428884288485,-1.0278889861136165,0.31832850891517467,-0.7342839775145323,26,14,4,-0.7776716036973055,-1.2781063685299272,-0.7342839775145323,0.0,0.0,0.4567777777777778
0,dom_matched,0.6375,0.5483005366726297,0.6017857142857143,0.5897009966777409,0.7705627705627706,0.5808080808080808,0.5080971659919028,0.5384615384615384,0.6410256410256411,0.5945945945945946,0.5945945945945946,0.0,0.0,-0.03308675939950334,0.3932091346153846,0.7855769230769231,0.36578711985688733,0.7120080500894455,0.34464285714285714,0.8214285714285714,0.3271594684385382,0.757516611295681,0.38095238095238093,0.9134199134199135,0.2928030303030303,0.797979797979798,0.27530364372469635,0.7735323886639673,0.2882692307692308,0.7577884615384615,0.05,0.9629629629629629,0.3776605439934258,0.7708978328173375,0.3776605439934258,0.7708978328173375,0.0,0.0,0.0,0.0,0.6686046511627907,0.23824073242734745,0.9955408814337903,0.9483903227106961,0.5488686143810645,26,14,4,1.4703188600155832,0.5207629028519972,0.5488686143810645,0.0,0.0,0.5332222222222223
0,probe_strat,0.5144230769230769,0.5670840787119857,0.48928571428571427,0.6096345514950167,0.4588744588744589,0.5404040404040404,0.6538461538461539,0.55,0.15384615384615385,0.7189189189189189,0.7189189189189189,0.0,0.0,0.03209752638410464,0.3302764423076923,0.7981730769230769,0.32558139534883723,0.7227415026833631,0.2517857142857143,0.8053794642857143,0.2973421926910299,0.8222591362126246,0.21212121212121213,0.8616883116883115,0.23232323232323232,0.7880050505050503,0.29959514170040485,0.8663967611336032,0.25375,0.8153846153846154,0.0,0.8213827838827837,0.4498749785863782,0.8140669746517029,0.4498749785863782,0.8140669746517029,0.0,0.0,0.0,0.0,0.6098837209302326,0.6357988432427615,-3.9071069218151067,0.5318568036603853,-1.9075935304110065,26,14,7,-2.0492501451564653,-5.764963698473748,-1.9075935304110065,0.0,0.0,0.4416682362471837
0,probe_strat_noinit,0.5798076923076924,0.5724508050089445,0.5303571428571429,0.6411960132890365,0.5974025974025974,0.4797979797979798,0.6376518218623481,0.6346153846153846,0.14102564102564102,0.6293436293436293,0.6293436293436293,0.0,0.0,0.03933214879781875,0.35477163461538463,0.7759735576923077,0.3443425760286225,0.729897137745975,0.2677678571428571,0.7892857142857143,0.3637043189368771,0.8122923588039868,0.2726190476190476,0.8787878787878788,0.21717171717171718,0.7626262626262627,0.3360323886639676,0.8482287449392711,0.30750000000000005,0.811730769230769,0.0,0.8076923076923077,0.4343515383126935,0.8293273013375294,0.4343515383126935,0.8293273013375294,0.0,0.0,0.0,0.0,0.6627906976744186,0.1409236978795358,-2.3017434859694847,1.0590939968095732,-0.737702674220536,26,14,7,-1.2240841210202404,-3.379402850918729,-0.737702674220536,0.0,0.0,0.39489531910584547
0,probe_matched,0.6326923076923077,0.5849731663685152,0.6071428571428571,0.6212624584717608,0.7186147186147186,0.6111111111111112,0.5769230769230769,0.6230769230769231,0.32051282051282054,0.7382239382239382,0.7382239382239382,0.0,0.0,-0.008586959899271543,0.3903605769230769,0.7962620192307691,0.3711762075134168,0.7147361359570661,0.3463839285714286,0.8160714285714286,0.37188538205980065,0.7774916943521594,0.38517316017316017,0.9134199134199135,0.26755050505050504,0.8031565656565655,0.26912955465587046,0.7855263157894735,0.3152884615384615,0.7962499999999999,0.05128205128205128,0.9259259259259259,0.4470596070950123,0.8119592554486339,0.4470596070950123,0.8119592554486339,0.0,0.0,0.0,0.0,0.6813953488372093,0.3057076241603454,0.2385312201406675,0.9349666711748275,0.01112418264023667,26,14,4,0.5006241399046867,-0.023561699623351695,0.01112418264023667,0.0,0.0,0.5923333333333333
0,dom_regular,0.8259615384615384,1.0,0.7892857142857143,1.0,0.8831168831168831,1.0,0.8319838056680162,1.0,0.0,1.0,1.0,0.0,0.0,-0.16257264490877693,0.6759495192307693,0.9225961538461539,0.9552772808586762,1.0,0.5820982142857143,0.9339732142857142,0.9667774086378738,1.0,0.6882034632034633,0.9956709956709957,0.9090909090909091,1.0,0.6234817813765182,0.9595141700404858,0.9461538461538461,1.0,0.0,0.12,0.9921737823996656,1.0,0.9921737823996656,1.0,0.0,0.0,0.0,0.0,1.0,0.5534467255037414,0.1636520067198579,0.8385317185326948,0.29195094564437546,26,14,11,0.2581330415817315,0.06917097185798429,0.29195094564437546,0.0,0.0,
0,dom_regular_verberase,0.7480769230769231,0.9293381037567084,0.6767857142857143,0.9302325581395349,0.8225108225108225,0.8888888888888888,0.7388663967611336,0.95,0.02564102564102564,0.8216216216216217,0.8216216216216217,0.0,0.0,-0.12940335781465748,0.6149038461538462,0.8663461538461539,0.8300313059033989,0.9928443649373881,0.48924107142857143,0.8455580357142857,0.8372093023255814,1.0,0.6188311688311688,0.948051948051948,0.7222222222222222,1.0,0.5444838056680161,0.9191295546558703,0.8,1.0,0.0,0.18518518518518517,0.6548114648114648,0.9258701558701559,0.6548114648114648,0.9258701558701559,0.0,0.0,0.0,0.0,0.9372093023255814,0.5233872750901065,0.07342633862231664,0.8555537019759676,0.17407285969703465,26,14,11,0.17932131924359643,-0.032468641998963155,0.17407285969703465,0.0,0.0,
0,dom_regular_rank2,0.7110576923076923,0.9051878354203936,0.6392857142857142,0.9169435215946844,0.8051948051948052,0.8585858585858586,0.6720647773279352,0.9230769230769231,0.02564102564102564,0.8077220077220078,0.8077220077220078,0.0,0.0,-0.1383096543937663,0.5408533653846154,0.8235937499999999,0.7906976744186046,0.973211091234347,0.4481696428571429,0.7892857142857143,0.8205980066445183,0.9833887043189369,0.579978354978355,0.948051948051948,0.6868686868686869,0.9950757575757574,0.41695344129554657,0.8461538461538461,0.7384615384615385,1.0,0.0,0.18518518518518517,0.6517030370959802,0.9096846344111968,0.6517030370959802,0.9096846344111968,0.0,0.0,0.0,0.0,0.9296511627906977,0.5527996855845745,0.017098041667833547,0.8766115988533443,0.15694744432506627,26,14,11,0.13529925137184662,-0.10110316803617952,0.15694744432506627,0.0,0.0,
1,adom_matched,0.5384615384615384,0.5894454382826476,0.5589285714285714,0.5730897009966778,0.5367965367965368,0.5909090909090909,0.5384615384615384,0.5846153846153846,0.0641025641025641,0.711969111969112,0.6471042471042471,0.06486486486486487,-0.06354980710519308,0.027626481009367067,0.28259615384615383,0.7269230769230769,0.31565295169946334,0.8274597495527728,0.26607142857142857,0.7625,0.2691029900332226,0.8489617940199334,0.17316017316017315,0.8181818181818182,0.22727272727272727,0.8789141414141413,0.19423076923076923,0.7774291497975707,0.23846153846153847,0.8731730769230769,0.0,0.9232905982905981,0.4107043650793651,0.8183292557604123,0.38866608957088894,0.8008383658383658,-0.0441279871323529,0.09602580669519861,-2.397752064131227,2.217877688103634,0.6447674418604651,0.8604887622840469,-5.969788772933773,-1.0090193261973315,-3.946926008997479,26,14,4,-7.13263549300698,-4.806942052860568,-3.946926008997479,-0.11642486047867945,-0.0031211746783515143,0.4453333333333333
1,dom_matched,0.4009615384615385,0.8059033989266547,0.37142857142857144,0.8289036544850499,0.5021645021645021,0.7121212121212122,0.24696356275303644,0.8884615384615384,0.8974358974358975,0.7814671814671814,0.7637065637065638,0.01776061776061766,0.022979477337389257,-0.052284595592310704,0.2509375,0.6654086538461538,0.4166815742397138,0.8819991055456171,0.18392857142857144,0.6696428571428571,0.4168604651162791,0.9269518272425249,0.21212121212121213,0.8009740259740259,0.30808080808080807,0.9090909090909091,0.09696356275303646,0.6761133603238867,0.41923076923076924,0.9538461538461539,0.037037037037037035,1.0,0.45779296875000003,0.8634672619047619,0.4528947325822326,0.8552631578947368,-0.04353146853146854,0.08767666157372038,-1.1514015654955332,1.5839323032115313,0.7261627906976744,1.4058972934964618,3.2320108094792017,1.7805567718997641,3.728605819575818,26,14,4,3.2036314521881826,3.2603901667702213,3.728605819575818,-0.03819944091458635,0.09289824105393282,0.3955555555555555
1,probe_strat,0.7826923076923077,0.5268336314847942,0.7535714285714286,0.584717607973422,0.7705627705627706,0.5151515151515151,0.8097165991902834,0.5038461538461538,0.41025641025641024,0.7868725868725869,0.8378378378378378,-0.05096525096525095,-0.17268344888180176,0.02160278915601408,0.4740384615384615,0.8826923076923077,0.3380813953488372,0.7584973166368515,0.3482142857142857,0.8857142857142857,0.35377906976744183,0.8421926910299004,0.3418831168831169,0.9395021645021645,0.2222222222222222,0.8232323232323232,0.4251012145748988,0.9190283400809717,0.26153846153846155,0.7846153846153846,0.03571428571428571,1.0,0.5285231660231661,0.8877595117170096,0.5732667217042218,0.9156411845927455,-0.12275812962280316,0.037376443001442966,-0.6445138148650841,0.13096972164691714,0.7953488372093023,0.0422012189560642,-0.5881451973316847,0.17533947112104054,0.8926197022675697,26,14,7,-0.9584837400556673,-0.2178066546077021,0.8926197022675697,-0.22655032544512235,-0.11112130423800679,0.4537119819751398
1,probe_strat_noinit,0.7855769230769231,0.5420393559928444,0.7571428571428571,0.6179401993355482,0.8181818181818182,0.5454545454545454,0.7611336032388664,0.5384615384615384,0.5641025641025641,0.8277992277992278,0.8324324324324325,-0.004633204633204713,-0.05223350515676643,0.01836967137085059,0.5538461538461539,0.8865624999999999,0.35062611806797855,0.7245304114490161,0.4857142857142857,0.889330357142857,0.3637458471760797,0.7907807308970098,0.5106060606060606,0.961038961038961,0.2421717171717172,0.7829545454545453,0.4854251012145749,0.8987854251012146,0.29221153846153847,0.7884615384615384,0.037037037037037035,1.0,0.5772144522144522,0.8998136995971798,0.5981416480835986,0.9202903198452733,-0.09829721362229105,0.059478764478764413,-0.38121236554005966,0.13074764749683782,0.8302325581395349,0.1749674765365226,-0.30631799601775234,-0.1892388563197589,1.333869561164229,26,14,7,-0.9509911184646344,0.3383551264291296,1.333869561164229,-0.12306719727736667,0.028719285838205277,0.4420222526012
1,probe_matched,0.33076923076923076,0.7298747763864043,0.32857142857142857,0.7225913621262459,0.46320346320346323,0.6212121212121212,0.08502024291497975,0.8653846153846154,0.6153846153846154,0.7328185328185328,0.6826254826254826,0.050193050193050204,0.11702526528397753,-0.01912648625764963,0.1961298076923077,0.5894230769230769,0.5025939177101968,0.8390876565295169,0.18209821428571427,0.6089732142857142,0.498297342192691,0.8555647840531561,0.2077922077922078,0.7402597402597403,0.363510101010101,0.8383838383838383,0.03643724696356275,0.5304655870445343,0.5692307692307692,0.9616346153846154,0.10742857142857143,0.9807692307692306,0.49920195325937394,0.8464042139237451,0.45311374742798355,0.8287197018447019,-0.04199091624347331,0.11796996398013371,-2.71137928670305,2.2694910276858113,0.6145348837209302,2.1878997183126043,3.746236391834425,1.829009519528095,1.1332895372952294,26,14,4,3.769258168939607,3.7232146147292435,1.1332895372952294,-0.17135332931519426,0.4466008019687453,0.5473333333333333
1,dom_regular,0.9163461538461538,1.0,0.8910714285714286,1.0,0.9264069264069265,1.0,0.9635627530364372,1.0,0.0,1.0,1.0,0.0,0.016430740295337823,-0.0854261156161081,0.8134375,0.9779086538461538,0.9811717352415027,1.0,0.7392410714285714,0.9875446428571428,0.9800664451827242,1.0,0.7359307359307359,1.0,0.9797979797979798,1.0,0.8582995951417004,1.0,0.9769230769230769,1.0,0.0,0.0,1.0,1.0,1.0,1.0,0.0,0.0,-0.00011447959956510438,0.035732968032119054,1.0,0.6421123359474474,0.002316837691253286,0.7415732577696127,0.1719270224249685,26,14,11,0.10134110593046862,-0.09670743054796205,0.1719270224249685,0.005522422537207444,0.028897389161772532,
1,dom_regular_verberase,0.8884615384615384,0.6037567084078712,0.8392857142857143,0.627906976744186,0.935064935064935,0.6161616161616161,0.8785425101214575,0.5538461538461539,0.1282051282051282,0.7613899613899614,0.7992277992277992,-0.037837837837837784,0.019325012323685043,-0.10523067264136893,0.7653605769230769,0.9663461538461539,0.4167933810375671,0.7522584973166369,0.6695089285714285,0.9696874999999999,0.3803986710963455,0.7857142857142857,0.7792207792207793,1.0,0.3333333333333333,0.8535353535353535,0.6558704453441295,0.9757085020242915,0.3,0.7770192307692307,0.0,0.4272486772486772,0.6055228822449514,0.856332156019656,0.6452692653039328,0.8816293174342105,-0.0730287114845938,0.003862135014478756,-0.012027016709891845,0.051832051360591436,0.9459302325581396,0.029984017029529453,-0.5269825496310733,0.5413832602184628,-0.28121827017489553,26,14,11,-0.4717146799823043,-0.5822504192798422,-0.28121827017489553,0.011271270544473471,0.028529288642783982,
1,dom_regular_rank2,0.8788461538461538,0.5849731663685152,0.8392857142857143,0.5996677740863787,0.935064935064935,0.6212121212121212,0.854251012145749,0.5269230769230769,0.16666666666666666,0.7420849420849421,0.8061776061776061,-0.06409266409266401,0.019609832526555297,-0.12189526305814043,0.7393269230769232,0.9567788461538461,0.3852415026833632,0.7352862254025044,0.6499553571428571,0.9696874999999999,0.36212624584717606,0.7840946843853821,0.7792207792207793,1.0,0.32323232323232326,0.8434343434343434,0.6353238866396761,0.9635627530364372,0.27692307692307694,0.7538461538461538,0.0,0.46019230769230773,0.5804513162920671,0.8482214168760195,0.6416103971492904,0.8914121154218265,-0.10618261118261108,-0.013892941515234934,-0.009493611285366368,0.05462111464520086,0.9290697674418604,0.013335158498498412,-0.4600771607025463,0.5183231707581425,-0.3484899425361945,26,14,11,-0.38551669464338423,-0.5346376267617083,-0.3484899425361945,0.010397661626942369,0.03013802784039863,
2,adom_matched,0.6115384615384616,0.4847942754919499,0.6482142857142857,0.45514950166112955,0.696969696969697,0.4696969696969697,0.562753036437247,0.4423076923076923,0.11538461538461539,0.7706563706563706,0.7644787644787645,0.006177606177606099,-0.06627813255124564,0.01973348810173381,0.2912740384615385,0.7644711538461537,0.29058586762075134,0.7684033989266547,0.2766517857142857,0.8108482142857142,0.23243355481727576,0.7990448504983388,0.25097402597402596,0.8787878787878788,0.19696969696969696,0.8284090909090908,0.19838056680161945,0.8016194331983806,0.21923076923076923,0.7884615384615384,0.0,0.9674166666666667,0.49155881523062755,0.843070083070083,0.477232800982801,0.850209274459475,-0.05823116947777341,0.06094184027777775,-3.2794082212428637,3.2096537937795224,0.6343023255813953,-0.4478638842186782,-6.0162108553372065,-0.8835446310236584,-5.9457410176096746,26,14,4,-7.136321141270015,-4.896100569404399,-5.9457410176096746,0.10808057423279116,-0.2655452260187163,0.4335555555555556
2,dom_matched,0.3346153846153846,0.7719141323792487,0.3517857142857143,0.7624584717607974,0.41125541125541126,0.7727272727272727,0.23076923076923078,0.7730769230769231,0.9358974358974359,0.8015444015444015,0.8054054054054054,-0.0038610038610038533,0.08415291682657933,-0.10226386289443395,0.19901442307692307,0.6654567307692306,0.40961538461538466,0.873009838998211,0.15169642857142857,0.6821428571428572,0.42653654485049836,0.8986710963455149,0.1774891774891775,0.7837662337662336,0.3181818181818182,0.9393939393939394,0.0728744939271255,0.6640688259109311,0.3769230769230769,0.9115384615384615,0.09775000000000003,1.0,0.540216389543015,0.8726045985268118,0.526989948494915,0.8795811414576451,-0.06117006455437722,0.048638816492916355,-2.671524094268084,2.2334391639720974,0.6453488372093024,3.0740999350720855,11.820086282220629,4.500423515436648,11.408851188434602,26,14,4,11.828810156521978,11.811362407919278,11.408851188434602,0.15071222823002972,0.008085132365493143,0.4682222222222222
2,probe_strat,0.7355769230769231,0.5161001788908766,0.7232142857142857,0.5332225913621262,0.7489177489177489,0.6313131313131313,0.7125506072874493,0.45,0.6794871794871795,0.8355212355212355,0.8409266409266409,-0.005405405405405461,-0.24842340644054958,0.00832523817444353,0.4681971153846154,0.8567548076923076,0.2835196779964222,0.6682021466905187,0.40352678571428574,0.8660714285714286,0.28235049833887044,0.7524916943521595,0.3895021645021645,0.9264069264069265,0.3079545454545454,0.8181818181818182,0.38866396761133604,0.8866396761133604,0.16923076923076924,0.6885576923076923,0.21428571428571427,1.0,0.6293677877849705,0.895019305019305,0.6573051948051948,0.9093787202380953,-0.07953667953667953,0.033289534152476825,-1.271745493293559,0.36951159569239306,0.7401162790697674,-0.24800656399830756,0.3540060554931503,0.6498762689781347,2.4809502360700777,26,14,7,0.5553484372404529,0.15266367374584763,2.4809502360700777,-0.3557708122402083,-0.12574065695522532,0.6346564390774917
2,probe_strat_noinit,0.8,0.5286225402504472,0.7767857142857143,0.5996677740863787,0.8095238095238095,0.6515151515151515,0.7692307692307693,0.40384615384615385,0.7692307692307693,0.8903474903474904,0.9003861003861003,-0.010038610038609952,-0.09241219177181374,0.0037983104675977084,0.5162980769230769,0.8846153846153846,0.32021466905187834,0.6959078711985689,0.46602678571428574,0.8928571428571429,0.32720099667774083,0.7675249169435215,0.46320346320346323,0.9393939393939394,0.30808080808080807,0.8434343434343434,0.4331983805668016,0.9069838056680161,0.19230769230769232,0.6807692307692308,0.23171683389074693,1.0,0.6889853395061728,0.9302111083361083,0.7225435117036679,0.9456321674653696,-0.07891494573135205,0.024223037347561035,-0.5787986541833948,0.27440447591942924,0.8046511627906977,-0.050963679771755345,0.45853334679754715,0.21404527733208836,2.4586516906326934,26,14,7,0.011197021193059363,0.905869672402035,2.4586516906326934,-0.10936804977584963,-0.07303406833862988,0.5506595276068961
2,probe_matched,0.3298076923076923,0.6976744186046512,0.33035714285714285,0.6976744186046512,0.4588744588744589,0.6515151515151515,0.16194331983805668,0.7384615384615385,0.8974358974358975,0.7953667953667953,0.8038610038610039,-0.008494208494208566,-0.132262754769578,-0.07088947682541091,0.18841346153846153,0.5635096153846153,0.4936940966010734,0.823814847942755,0.16781249999999998,0.5821428571428572,0.4617524916943522,0.8471760797342193,0.19913419913419914,0.7445887445887446,0.36363636363636365,0.8535353535353535,0.048582995951417005,0.46153846153846156,0.47307692307692306,0.8923076923076924,0.47256410256410253,1.0,0.5931518671644557,0.8576467803030302,0.606024921024921,0.877314575449902,-0.07176481338149288,0.04643997863752737,-7.399283785076969,4.077824150461108,0.5459302325581395,4.865098463715763,18.553288173306328,6.869027827816262,18.04397615855706,26,14,4,17.830456630080896,19.276119716531756,18.04397615855706,-0.21883210953861015,-0.033326349319255426,0.46777777777777774
2,dom_regular,0.9221153846153847,0.9731663685152058,0.9089285714285714,0.9584717607973422,0.9090909090909091,0.9444444444444444,0.9635627530364372,0.9923076923076923,0.0,1.0,1.0,0.0,0.04692171802105104,-0.031996556160533186,0.8230528846153846,0.9788461538461538,0.7593694096601074,1.0,0.7642857142857142,0.9928571428571429,0.7259136212624585,1.0,0.7617965367965368,1.0,0.6565656565656566,1.0,0.8218623481781376,1.0,0.7613461538461538,1.0,0.0,0.05791062801932373,1.0,1.0,1.0,1.0,0.0,0.0,0.02364216462071941,0.07278796910025745,1.0,0.5389052795080669,-0.27093516965869574,0.6714083905019143,-0.07777148014599075,26,14,11,-0.13346121390890328,-0.40840912540848817,-0.07777148014599075,0.048793465857493064,0.04478257763654587,
2,dom_regular_verberase,0.8817307692307692,0.49463327370304117,0.8553571428571428,0.5116279069767442,0.9004329004329005,0.45454545454545453,0.8663967611336032,0.4846153846153846,0.0641025641025641,0.7652509652509653,0.7953667953667953,-0.030115830115830078,0.05141819705643751,-0.025981698793688793,0.7634134615384615,0.9654086538461538,0.3345035778175313,0.6878354203935599,0.6820982142857143,0.9750892857142857,0.31387043189368774,0.7375415282392026,0.7619047619047619,1.0,0.21717171717171718,0.752651515151515,0.6638663967611337,0.9798582995951416,0.2230769230769231,0.7153846153846154,0.0,0.29054166666666653,0.6012997653831269,0.8695808944465944,0.6312094907407407,0.8870613636635308,-0.07986775225388061,0.01474458204334357,0.009221080738163183,0.09903992096764007,0.9308139534883721,-0.1576673678381382,-1.3990685097150557,0.2824050565130369,-1.0505917603405206,26,14,11,-1.320459140804789,-1.4776778786253226,-1.0505917603405206,0.05585235695887305,0.04635058573936831,
2,dom_regular_rank2,0.8730769230769231,0.4785330948121646,0.85,0.473421926910299,0.9047619047619048,0.46464646464646464,0.8461538461538461,0.45,0.11538461538461539,0.7266409266409266,0.7791505791505792,-0.05250965250965256,0.05960678222674999,-0.03878112111510329,0.7595913461538462,0.9529086538461538,0.2933586762075134,0.6618962432915921,0.6838839285714285,0.9732142857142857,0.27072259136212623,0.7093853820598006,0.7532467532467533,1.0,0.20707070707070707,0.7424242424242424,0.6517206477732794,0.9717611336032387,0.21528846153846157,0.676923076923077,0.0,0.35035714285714253,0.5589061469534605,0.8368506493506493,0.6214600592400611,0.8757146307146307,-0.1018538181038181,-0.00904000879104082,0.010803245137152504,0.11361734766105516,0.9162790697674419,-0.21885926103466327,-1.3288173927535079,0.22313950309926636,-1.1066672478011084,26,14,11,-1.2404687827622272,-1.4171660027447885,-1.1066672478011084,0.05930984398972027,0.05994614021192683,
3,adom_matched,0.6384615384615384,0.4991055456171735,0.7285714285714285,0.43521594684385384,0.683982683982684,0.5757575757575758,0.5991902834008097,0.43846153846153846,0.05128205128205128,0.8347490347490347,0.844015444015444,-0.009266409266409315,0.2290767854517864,0.02018398524542797,0.275,0.7990865384615384,0.2915250447227192,0.8076923076923077,0.3195982142857143,0.8678571428571429,0.20764119601328904,0.7757890365448505,0.21190476190476193,0.8832251082251081,0.22727272727272727,0.9041666666666666,0.133502024291498,0.8664979757085018,0.2,0.823076923076923,0.0,0.8932005494505492,0.5328082546832548,0.8865395105410585,0.5289455421808363,0.8990074354657688,-0.06580489309210535,0.05263157894736836,-2.5799916573773993,2.387772042431194,0.6936046511627907,0.07725582638357306,-4.584477648661821,-0.3535026965466764,-2.882690003833712,26,14,4,-5.092208631797746,-4.076746665525896,-2.882690003833712,0.3288619662582071,0.115036578815877,0.43600000000000005
3,dom_matched,0.28076923076923077,0.8103756708407871,0.30892857142857144,0.792358803986711,0.30303030303030304,0.8636363636363636,0.19838056680161945,0.7807692307692308,0.8717948717948718,0.8231660231660232,0.8432432432432433,-0.020077220077220126,0.2350357230305629,-0.12961327768437284,0.1519230769230769,0.6471394230769231,0.49105545617173524,0.9025268336314848,0.12495535714285715,0.7054017857142857,0.4367940199335548,0.9219269102990033,0.09956709956709957,0.7448051948051946,0.4695707070707071,0.9595959595959596,0.04443319838056681,0.6641700404858298,0.4153846153846154,0.9308653846153846,0.059875,1.0,0.5579334077380953,0.895387829295423,0.5442918942918943,0.9058053868773683,-0.0660976824863529,0.05419573377003723,-2.045924049833753,2.4571473928399574,0.661046511627907,3.0706037204592906,7.473847695162706,3.3883770318366575,7.9201525591474145,26,14,4,7.060122293489663,7.88757309683575,7.9201525591474145,0.2660450997203605,0.19959643538507987,0.5064444444444445
3,probe_strat,0.8125,0.45796064400715564,0.875,0.3554817275747508,0.7445887445887446,0.6161616161616161,0.8461538461538461,0.3230769230769231,0.6794871794871795,0.8254826254826255,0.8733590733590734,-0.04787644787644785,-0.051129889041172875,0.035564232062082715,0.4653365384615385,0.9115865384615384,0.24944096601073346,0.7120974955277279,0.4963839285714286,0.9500892857142856,0.1793604651162791,0.6993770764119601,0.3331168831168831,0.9393939393939394,0.35353535353535354,0.8789141414141413,0.42500000000000004,0.9554655870445344,0.12307692307692308,0.6924038461538461,0.2823671497584541,1.0,0.6023562582927908,0.9032620972365554,0.6777468613043304,0.9359621256895193,-0.11441965775299105,0.013128175167648892,-0.5293001042960029,0.2328074734396013,0.8377906976744186,-0.20430251568736768,-0.02742090792299806,0.27541774288819304,2.574316055962548,26,14,7,-0.5958963206261679,0.5410545047801718,2.574316055962548,-0.041053626637128665,-0.0626456175029377,0.7254683172577908
3,probe_strat_noinit,0.8298076923076924,0.6118067978533095,0.8553571428571428,0.5564784053156147,0.7748917748917749,0.7424242424242424,0.854251012145749,0.43846153846153846,0.6025641025641025,0.915057915057915,0.9351351351351351,-0.020077220077220126,-0.020503346453898737,0.024487276821658258,0.46442307692307694,0.9067788461538461,0.3416592128801431,0.7862701252236135,0.5124553571428571,0.9500446428571427,0.2690614617940199,0.7542358803986711,0.3463203463203463,0.9221861471861471,0.4292929292929293,0.9243686868686867,0.4128542510121458,0.9474696356275302,0.18442307692307694,0.7576923076923077,0.14814814814814814,1.0,0.7044717850590528,0.9502721683555685,0.7531197188228439,0.9646058111833092,-0.0949826215451216,0.022459143007707027,-0.30798836736360286,0.19058337140851597,0.8912790697674419,0.1998720318520452,0.09317944728745939,0.34883354306741293,2.045562929814479,26,14,7,-0.26178376308306,0.4481426576579788,2.045562929814479,-0.03215385838043096,-0.0071884756807190356,0.6726301359459255
3,probe_matched,0.33365384615384613,0.7513416815742398,0.3535714285714286,0.7491694352159468,0.4025974025974026,0.7777777777777778,0.2145748987854251,0.7269230769230769,0.8076923076923077,0.8416988416988417,0.8586872586872587,-0.01698841698841702,0.2888786619827741,-0.07157909372362771,0.18555288461538463,0.5289182692307691,0.5401833631484794,0.8613595706618963,0.16245535714285714,0.5841517857142855,0.4882890365448505,0.8787790697674419,0.14285714285714285,0.696969696969697,0.494949494949495,0.9445707070707069,0.032388663967611336,0.47368421052631576,0.47307692307692306,0.9115384615384615,0.3333333333333333,0.9918749999999998,0.6253676470588235,0.8834016476856761,0.6316865079365079,0.9058719630817667,-0.08949016563146997,0.05390994510135128,-3.3670824331542053,3.0543924063911745,0.6186046511627907,2.608970909292817,5.347003055744008,2.6206990881249577,6.048219331448081,26,14,4,4.419118109823661,6.274888001664353,6.048219331448081,0.2902730232156367,0.28728510628807424,0.5657777777777777
3,dom_regular,0.9355769230769231,0.9785330948121646,0.9160714285714285,0.9667774086378738,0.9047619047619048,0.9595959595959596,0.9757085020242915,0.9846153846153847,0.0,1.0,1.0,0.0,0.05825710152403227,-0.06433742443421955,0.8297836538461539,0.9798076923076923,0.80945885509839,1.0,0.7803125,0.9839285714285714,0.7641196013289037,1.0,0.7227272727272727,1.0,0.7525252525252525,1.0,0.8461538461538461,1.0,0.7999038461538462,1.0,0.0,0.05011148272017855,1.0,1.0,1.0,1.0,0.0,0.0,0.03491566599753733,0.08308810023659376,1.0,0.5862004651145613,-0.2283645593049159,0.6365238299111725,-0.10276215978968739,26,14,11,-0.08480575800635926,-0.37192336060347253,-0.10276215978968739,0.06106688363246671,0.05504592197153577,
3,dom_regular_verberase,0.8903846153846153,0.501788908765653,0.8642857142857143,0.5116279069767442,0.9307359307359307,0.4898989898989899,0.8744939271255061,0.47307692307692306,0.08974358974358974,0.7644787644787645,0.7884169884169884,-0.023938223938223868,0.048138497173302854,-0.03963624559789483,0.7519230769230769,0.9605769230769231,0.30945885509838994,0.6977415026833631,0.6839285714285714,0.9750446428571428,0.2955980066445183,0.7375415282392026,0.7834415584415585,1.0,0.22727272727272727,0.7779040404040403,0.6233805668016195,0.9838056680161943,0.24990384615384617,0.7231730769230769,0.0,0.25,0.6083432049918118,0.870192308893135,0.6369863332760005,0.8834016476856761,-0.06295630237408369,0.02089783281733748,0.004296710672836895,0.10260558248737352,0.9238372093023256,-0.14873539132744504,-1.359562451549829,0.22950587899228356,-1.0703594673496875,26,14,11,-1.3294173030383851,-1.3897076000612731,-1.0703594673496875,0.03365848094389691,0.06468708714976679,
3,dom_regular_rank2,0.8817307692307692,0.4892665474060823,0.8625,0.4900332225913621,0.935064935064935,0.5050505050505051,0.8582995951417004,0.4576923076923077,0.11538461538461539,0.7343629343629343,0.7760617760617761,-0.04169884169884175,0.062215309076829095,-0.05035216331230787,0.7317067307692308,0.9596394230769231,0.2915250447227192,0.6949910554561717,0.6749107142857144,0.9607142857142857,0.27541528239202656,0.7442275747508306,0.7748917748917749,1.0,0.21212121212121213,0.7828282828282829,0.5951417004048583,0.97165991902834,0.23836538461538465,0.7269230769230769,0.0,0.30854166666666666,0.5619014319014319,0.8515964665964666,0.6094578029742425,0.8738296107916851,-0.08571428571428574,0.004949949949949981,0.01581650451967305,0.12997480092184888,0.9093023255813953,-0.18519471145120697,-1.27656567428425,0.19513771539834776,-1.1000205548888329,26,14,11,-1.2590965855746425,-1.2940347629938576,-1.1000205548888329,0.04307288074667557,0.084092370025576,
4,adom_matched,0.7596153846153846,0.41681574239713776,0.7767857142857143,0.39867109634551495,0.8614718614718615,0.42424242424242425,0.6680161943319838,0.38076923076923075,0.11538461538461539,0.7984555984555984,0.8254826254826255,-0.027027027027027084,0.2567474189086897,0.02982693773861374,0.38076923076923075,0.9009615384615385,0.2119186046511628,0.7307915921288014,0.38745535714285717,0.9142857142857143,0.18596345514950166,0.7359634551495016,0.42413419913419914,0.9696969696969697,0.1919191919191919,0.7982323232323231,0.20647773279352227,0.9393724696356274,0.13846153846153847,0.7539423076923076,0.0,0.922826086956522,0.5317143962848297,0.8762067728940793,0.5539732258482258,0.8965384397002043,-0.08104383851298191,0.043621399176954734,-1.7403458764779738,2.2122080405484277,0.7075581395348837,-0.2979016117773755,-2.7535142158363195,-0.9787377895821017,-2.3654854527274787,26,14,4,-2.222888484697144,-3.2841399469754955,-2.3654854527274787,0.13805975629662615,0.3923904618939051,0.5586666666666666
4,dom_matched,0.40576923076923077,0.774597495527728,0.3875,0.7906976744186046,0.5108225108225108,0.8080808080808081,0.2631578947368421,0.7538461538461538,0.8333333333333334,0.7984555984555984,0.8185328185328186,-0.020077220077220126,0.19501416442874095,-0.12664493894482018,0.21822115384615384,0.7579326923076921,0.4470483005366726,0.8801654740608229,0.18928571428571428,0.7466517857142855,0.46179401993355484,0.9102990033222591,0.19902597402597402,0.8702380952380951,0.4035353535353536,0.9395202020202019,0.0687246963562753,0.728744939271255,0.39221153846153844,0.9192307692307692,0.037037037037037035,1.0,0.5538629963973664,0.8781532991486068,0.5613899613899614,0.8940496745256806,-0.0635070785070785,0.05789419934640519,-0.6656083258800882,1.3720775934515352,0.6936046511627907,1.6716686660587718,3.4802689063495076,1.2793791974142172,3.5462180330485458,26,14,4,3.7844176709999475,3.1761201416990676,3.5462180330485458,0.18168229458906146,0.2102505871026603,0.6186666666666667
4,probe_strat,0.7951923076923076,0.5143112701252236,0.8482142857142857,0.45016611295681064,0.7662337662337663,0.6565656565656566,0.7813765182186235,0.4,0.7435897435897436,0.8108108108108109,0.8247104247104247,-0.013899613899613805,0.0360491870668794,0.02944388956035318,0.4384375,0.9106009615384615,0.2924418604651163,0.7442084078711986,0.45883928571428567,0.9393303571428571,0.23089700996677742,0.7276162790697674,0.3288961038961039,0.9567099567099567,0.3181818181818182,0.8787878787878788,0.36427125506072877,0.9515182186234816,0.19615384615384615,0.7809615384615383,0.2222222222222222,1.0,0.5894014523745879,0.8864922930743244,0.6090782828282828,0.9034793284793284,-0.08729729729729728,0.05030959752321973,-0.3191598361439757,0.3581523006241862,0.8011627906976744,0.14610613056182997,0.3059856683387138,-0.09277589947033249,2.6492287955755227,26,14,7,0.47708354617348103,0.13488779050394664,2.6492287955755227,-0.00611316607055952,0.08423473350966672,0.7441689324320903
4,probe_strat_noinit,0.8298076923076924,0.6234347048300537,0.8642857142857143,0.5897009966777409,0.8484848484848485,0.6515151515151515,0.7975708502024291,0.5884615384615385,0.6153846153846154,0.8725868725868726,0.8810810810810811,-0.008494208494208455,0.062474023941934485,0.028428191466856552,0.4951923076923077,0.9182692307692307,0.32189177101967803,0.7674418604651163,0.5285267857142857,0.9357589285714285,0.30066445182724255,0.7508305647840532,0.42846320346320343,0.9696969696969697,0.3181818181818182,0.8636363636363636,0.3722672064777328,0.9231781376518218,0.27307692307692305,0.7962499999999999,0.037037037037037035,1.0,0.6896403556034483,0.9339613237639554,0.7129595025788967,0.9471762547348485,-0.07579791566119694,0.03885535037878793,-0.22037656881430395,0.28819575294001926,0.8406976744186047,0.33092201217940664,0.18490976139694426,0.045157951916192686,1.9265066686289865,26,14,7,0.5577865569702094,-0.1879670341763209,1.9265066686289865,-0.009887493668156756,0.14517290121061022,0.7235578339788866
4,probe_matched,0.4394230769230769,0.7262969588550984,0.4,0.7657807308970099,0.5627705627705628,0.702020202020202,0.27530364372469635,0.7538461538461538,0.8461538461538461,0.7976833976833977,0.7984555984555984,-0.0007722007722007485,0.13075929760433916,-0.06707910681751565,0.23843750000000002,0.6971634615384614,0.4991055456171735,0.8524597495527727,0.20892857142857144,0.6732142857142858,0.5314784053156146,0.887126245847176,0.26396103896103895,0.8702380952380951,0.3888888888888889,0.898989898989899,0.09301619433198381,0.6073886639676112,0.4807692307692308,0.8961538461538462,0.1482905982905983,1.0,0.5818832209457209,0.8722526041666666,0.560861226447164,0.8780702172256097,-0.0766343554965846,0.07723207723207728,-0.6839702713594853,0.8786754684956481,0.6744186046511628,1.3732310957954328,2.692881197046969,0.8062743205514206,3.1260482611812366,26,14,4,3.0035658634982805,2.3821965305956567,3.1260482611812366,0.09771925958286201,0.16851934105745583,0.742
4,dom_regular,0.9451923076923077,0.9901610017889088,0.9392857142857143,0.9933554817275747,0.9523809523809523,0.9949494949494949,0.9473684210526315,0.9807692307692307,0.0,1.0,1.0,0.0,0.0830414684123461,-0.05999331079504073,0.8201923076923077,0.9826923076923076,0.851453488372093,1.0,0.7981696428571429,0.9857142857142858,0.8471345514950166,1.0,0.7662337662337663,1.0,0.8232323232323232,1.0,0.8137651821862348,1.0,0.8460576923076923,1.0,0.0,0.0,1.0,1.0,1.0,1.0,0.0,0.0,0.0550204610603583,0.11016694352516194,1.0,0.6141741479761151,-0.21304371549319173,0.6425124561665131,-0.07896510618102108,26,14,11,-0.054985756165810695,-0.37110167482057277,-0.07896510618102108,0.08289480257034776,0.08320908651748705,
4,dom_regular_verberase,0.8971153846153846,0.7110912343470484,0.8625,0.7209302325581395,0.935064935064935,0.6818181818181818,0.8947368421052632,0.7038461538461539,0.038461538461538464,0.8725868725868726,0.7312741312741313,0.1413127413127413,0.09081649887484873,-0.014983709562606147,0.7662980769230769,0.9653846153846154,0.5250223613595707,0.8838327370304113,0.6803125,0.9714285714285714,0.46507475083056476,0.9053986710963454,0.7748917748917749,1.0,0.4342171717171717,0.9393939393939394,0.6518218623481782,0.9878542510121457,0.4346153846153846,0.9078846153846152,0.0,0.21751207729468588,0.7207472599857281,0.9378705018939393,0.5721537171537171,0.8379272039264171,0.05772257739562604,0.20989583333333336,0.04881866549322174,0.13507571870823654,0.977906976744186,0.2177920205228351,-0.7266248860533908,0.4455758548844873,-0.5500870159002659,26,14,11,-0.6454051556491189,-0.8078446164576628,-0.5500870159002659,0.08782602873038889,0.09423417903994569,
4,dom_regular_rank2,0.8759615384615385,0.6118067978533095,0.8410714285714286,0.5963455149501661,0.9264069264069265,0.6212121212121212,0.8582995951417004,0.6076923076923076,0.1282051282051282,0.8092664092664092,0.7274131274131274,0.08185328185328189,0.12018527660823489,-0.03159827106475814,0.7365384615384616,0.9586538461538462,0.41227638640429337,0.7908094812164578,0.6499553571428571,0.9589732142857142,0.36710963455149503,0.8006644518272426,0.766017316017316,1.0,0.3282828282828283,0.8688131313131312,0.562753036437247,0.9676113360323887,0.3384615384615385,0.8115384615384615,0.0,0.35291005291005256,0.6514191581431944,0.8976606641834366,0.5826913484692122,0.8347793888077129,0.010312049062049026,0.14473761853492897,0.06310546758600535,0.1872039781504949,0.9383720930232559,0.07106680078339904,-0.6842834315567139,0.35891920434106533,-0.6479987996489418,26,14,11,-0.639471358729356,-0.7290955043840718,-0.6479987996489418,0.09605869837426038,0.1477585088756343,
5,adom_matched,0.6663461538461538,0.5599284436493739,0.6875,0.5697674418604651,0.7922077922077922,0.6161616161616161,0.582995951417004,0.4653846153846154,0.20512820512820512,0.7861003861003861,0.8277992277992278,-0.04169884169884164,0.7726809373390616,0.019154204548525736,0.29903846153846153,0.8548076923076923,0.33271466905187835,0.7898703041144901,0.2945982142857143,0.8662499999999999,0.2839700996677741,0.8189784053156146,0.32456709956709956,0.9221861471861471,0.2878787878787879,0.898989898989899,0.1375506072874494,0.8705465587044533,0.18846153846153846,0.7693269230769231,0.0,0.975,0.5514356163930633,0.8823790597320008,0.5990675990675991,0.9174512312234836,-0.11767791032496917,0.02316962316962312,-0.3144169917685195,5.815401678467489,0.7098837209302326,0.4258690316300317,-1.5493635141836095,-0.17913824149755372,0.11292390172710602,26,14,4,-1.1007104636886653,-1.9980165646785535,0.11292390172710602,0.7595281881576856,0.7877126506892057,0.5888888888888889
5,dom_matched,0.35384615384615387,0.7835420393559929,0.3196428571428571,0.8106312292358804,0.43722943722943725,0.8535353535353535,0.25101214574898784,0.7192307692307692,0.8333333333333334,0.7598455598455598,0.8077220077220078,-0.04787644787644796,0.722843462878088,-0.13230801079307097,0.2,0.7029567307692306,0.5258944543828264,0.873009838998211,0.15169642857142857,0.6660714285714285,0.5596345514950166,0.9169435215946844,0.19913419913419914,0.8441558441558441,0.5,0.9545454545454546,0.06882591093117409,0.6722672064777326,0.40384615384615385,0.89625,0.07142857142857142,1.0,0.5753793515512265,0.8939719744479806,0.6231258182989104,0.9190597098214285,-0.10476523476523483,0.017043225723159694,-0.04574162773122911,3.4742853828717912,0.6947674418604651,1.9971049550197606,3.753964777891454,1.6042313124148488,4.460716312570806,26,14,4,4.3348454585305785,3.17308409725233,4.460716312570806,0.7455081604694416,0.6969409513451125,0.6882222222222223
5,probe_strat,0.7519230769230769,0.6341681574239714,0.8125,0.5431893687707641,0.7489177489177489,0.7626262626262627,0.7368421052631579,0.47692307692307695,0.47435897435897434,0.8687258687258688,0.911969111969112,-0.043243243243243246,0.8886764125192991,0.020546812081511084,0.4257451923076923,0.8673076923076923,0.38718694096601075,0.8050983899821109,0.4607142857142857,0.9125446428571428,0.31893687707641194,0.7973837209302326,0.3246753246753247,0.9135281385281385,0.398989898989899,0.9141414141414141,0.34402834008097166,0.9190283400809717,0.23067307692307695,0.7924038461538461,0.0882834757834758,1.0,0.7124961974961975,0.9421396296783293,0.7749702380952381,0.9687542492229992,-0.1156278935185185,0.0058608427267848,0.31498781108618856,2.0947531965785724,0.8412790697674418,0.45050643155343356,-0.11383691837980439,0.06822886845551358,2.3239836986006646,26,14,7,-0.046874031064202355,-0.18079980569540643,2.3239836986006646,0.9996979411056688,0.761794665563448,0.7856633756107441
5,probe_strat_noinit,0.7884615384615384,0.7459749552772809,0.8375,0.6727574750830565,0.8138528138528138,0.803030303030303,0.7327935222672065,0.6730769230769231,0.4230769230769231,0.9135135135135135,0.9467181467181467,-0.03320463320463318,0.6981429321805933,0.01107820999822167,0.48365384615384616,0.8971394230769231,0.46153846153846156,0.8515429338103757,0.4945535714285714,0.9267857142857143,0.41183554817275747,0.8438953488372093,0.4199134199134199,0.9653679653679653,0.4292929292929293,0.9595959595959596,0.3480769230769231,0.9272267206477731,0.3346153846153846,0.8692307692307693,0.0,1.0,0.7675096525096525,0.962972972972973,0.8399260160129726,0.989846108262384,-0.10574855699855704,-0.0007528957528957473,0.3176994399973329,1.2216238755545026,0.916860465116279,0.600042522937787,-0.07621030657091421,0.14071387142250416,1.7245979731796297,26,14,7,0.16757993494744733,-0.32000054808927575,1.7245979731796297,0.7922434949850474,0.5905994318326458,0.7592123237386394
5,probe_matched,0.4461538461538462,0.761180679785331,0.4017857142857143,0.7790697674418605,0.6017316017316018,0.7878787878787878,0.26720647773279355,0.7269230769230769,0.8205128205128205,0.861003861003861,0.8926640926640926,-0.031660231660231686,0.7032225632646972,-0.06426305342742829,0.25665865384615383,0.7038701923076923,0.5259391771019678,0.8694543828264758,0.1892410714285714,0.6946428571428571,0.5099252491694352,0.9070598006644517,0.29004329004329005,0.8875541125541125,0.4695707070707071,0.9344696969696968,0.08491902834008097,0.6033400809716598,0.45,0.8884615384615384,0.11081349206349206,1.0,0.6691323491323492,0.9244729721716346,0.7052434497190689,0.9428571428571428,-0.10800952589244486,0.03487871076964486,0.16730127190511826,2.865495768863533,0.7162790697674418,1.3775801058059096,1.863499624638492,0.6363407225035402,3.223957718110084,26,14,4,2.020325152088123,1.706674097188861,3.223957718110084,0.7065652374979662,0.6994023641409614,0.7364444444444445
5,dom_regular,0.9586538461538462,0.9767441860465116,0.9553571428571429,0.9767441860465116,0.9567099567099567,0.9797979797979798,0.9676113360323887,0.9653846153846154,0.0,1.0,1.0,0.0,0.31381200899212724,-0.01287351131600823,0.8326682692307693,0.9894471153846154,0.7862254025044723,1.0,0.8196428571428571,0.9910714285714286,0.7374584717607973,1.0,0.7878787878787878,1.0,0.7119949494949496,1.0,0.7974696356275304,1.0,0.7538461538461538,1.0,0.0,0.040578947368421006,1.0,1.0,1.0,1.0,0.0,0.0,0.1831482965314408,0.4370037528673402,1.0,0.5727184634386744,-0.23592966878707802,0.5678285813826008,-0.06640383522860815,26,14,11,-0.12754261329431615,-0.3443167242798399,-0.06640383522860815,0.3826690908518576,0.23511820115243545,
5,dom_regular_verberase,0.9230769230769231,0.6878354203935599,0.9,0.6710963455149501,0.935064935064935,0.6666666666666666,0.9311740890688259,0.7,0.038461538461538464,0.7714285714285715,0.5397683397683398,0.23166023166023164,0.327243826751611,0.0351073143192377,0.8220673076923076,0.9759855769230769,0.47942754919499103,0.8953488372093024,0.7641071428571428,0.9785714285714285,0.4318521594684385,0.9070182724252491,0.7965367965367965,1.0,0.4039141414141414,0.9141414141414141,0.732591093117409,0.9959514170040485,0.48451923076923076,0.9270192307692308,0.0,0.2,0.6106089856089856,0.8757376857376857,0.37292845929131335,0.6765601315601316,0.13411357786357783,0.3231787926826854,0.18809904832019667,0.48838822953968225,0.9813953488372092,0.20181999806591797,-0.8220401689206204,0.27924103063420824,-0.4802963631212074,26,14,11,-0.7420756990464505,-0.9020046387947902,-0.4802963631212074,0.3859065200777724,0.26020074866456955,
5,dom_regular_rank2,0.9125,0.5125223613595706,0.8964285714285715,0.5033222591362126,0.9393939393939394,0.5656565656565656,0.9068825910931174,0.47307692307692306,0.07692307692307693,0.7938223938223938,0.6640926640926641,0.12972972972972974,0.4441881407838361,0.017821540741394755,0.7768990384615385,0.9740624999999999,0.34792039355992843,0.7245080500894454,0.725,0.9767857142857143,0.2956810631229236,0.7625000000000001,0.7792207792207793,1.0,0.2978535353535353,0.8636363636363636,0.6923076923076923,0.9920040485829958,0.25,0.7500961538461538,0.0,0.32,0.6347902097902098,0.8811128775834658,0.4860592658115878,0.7801529731962771,0.05262438322368426,0.21545652186906059,0.26557533045289944,0.7152094754769277,0.9313953488372093,-0.013694700753047262,-1.0173227839608185,0.08959179220530661,-0.7001611357264141,26,14,11,-0.9673084422394264,-1.0673371256822108,-0.7001611357264141,0.5106454450101179,0.36823693595379986,
6,adom_matched,0.6432692307692308,0.5509838998211091,0.6660714285714285,0.5398671096345515,0.7792207792207793,0.5404040404040404,0.5303643724696356,0.5153846153846153,0.08974358974358974,0.8463320463320463,0.8888030888030888,-0.0424710424710425,0.39924637221512005,-0.08544839279289382,0.33747596153846154,0.8634855769230769,0.34072003577817533,0.7836314847942755,0.35531250000000003,0.8929017857142857,0.31553156146179406,0.7774086378737541,0.39816017316017316,0.9567099567099567,0.2523989898989899,0.8737373737373737,0.15384615384615385,0.8663967611336032,0.25769230769230766,0.7846153846153846,0.0,0.9619301994301994,0.6543135821580094,0.9344594594594594,0.7096136828775161,0.9587394508725704,-0.11610357117143064,0.029364682572886873,-0.42587687735826996,1.9002404269202167,0.6848837209302325,0.25353087438677047,-2.8444875260522826,-0.004179015429028432,-1.1265058560638221,26,14,4,-2.116712153476515,-3.5722628986280496,-1.1265058560638221,0.2555044245582817,0.5635228838229351,0.6671111111111111
6,dom_matched,0.3548076923076923,0.7549194991055456,0.375,0.739202657807309,0.43722943722943725,0.797979797979798,0.20242914979757085,0.7192307692307692,0.8461538461538461,0.7737451737451737,0.833976833976834,-0.06023166023166027,0.38215943916045175,-0.27329751147336995,0.1989903846153846,0.6625721153846152,0.5321332737030411,0.8622540250447227,0.18928571428571428,0.6786160714285714,0.5099252491694352,0.8721345514950166,0.19902597402597402,0.8312770562770563,0.44936868686868686,0.9393939393939394,0.08491902834008097,0.582995951417004,0.4613461538461539,0.8769230769230769,0.05555555555555555,1.0,0.6146494465496013,0.8891005105988933,0.6848740691978477,0.9243257841174508,-0.1226865055948947,0.00698484585868482,-1.6912508195339335,3.370417118674722,0.6284883720930232,2.160893878506014,3.925928156486336,1.6777458696238632,4.479965859261676,26,14,4,4.660609071471675,3.1912472415009976,4.479965859261676,0.19206903232965614,0.5994056183956468,0.7444444444444445
6,probe_strat,0.8067307692307693,0.6028622540250447,0.8321428571428572,0.5382059800664452,0.8874458874458875,0.6111111111111112,0.6882591093117408,0.6076923076923076,0.6794871794871795,0.9428571428571428,0.9698841698841699,-0.027027027027027084,0.32400800456746515,-0.0200209010257066,0.525,0.9269471153846154,0.3495974955277281,0.7379695885509838,0.5375,0.951830357142857,0.27408637873754155,0.7326827242524916,0.48463203463203464,0.9826839826839827,0.2827020202020202,0.8383838383838383,0.3441295546558704,0.9190283400809717,0.2614423076923077,0.8153846153846154,0.19106125356125359,1.0,0.796136314886315,0.9799386119278862,0.8352142518939394,0.9927893662937769,-0.09558119898677173,0.019306139952424743,-0.022287137583914804,0.9645989546235987,0.8447674418604652,0.15468886586005653,0.20681228810994134,0.3441477690320353,2.3299781146513454,26,14,7,0.38461258620205757,0.029011990017825104,2.3299781146513454,0.4274310796560205,0.20581020446625908,0.8578385863649022
6,probe_strat_noinit,0.7990384615384616,0.6663685152057245,0.8142857142857143,0.6112956810631229,0.8961038961038961,0.6262626262626263,0.6356275303643725,0.7115384615384616,0.6025641025641025,0.9745173745173745,0.9791505791505791,-0.004633204633204602,0.3102564812061475,-0.038401900383658594,0.5240144230769231,0.923125,0.4141323792486583,0.7951699463327371,0.5354910714285714,0.9411160714285713,0.3521594684385382,0.7759136212624583,0.5238095238095238,1.0,0.2625,0.8484848484848485,0.3197368421052632,0.8745951417004048,0.3576923076923077,0.8576923076923076,0.07407407407407407,1.0,0.8598935142085298,0.9930616005616005,0.8818925865800865,0.9976833976833976,-0.057308497000773985,0.019306139952424743,0.007391166377024943,0.7388595876933294,0.8703488372093023,0.33863806535317836,0.178977944743552,0.2528165511497353,1.7627979076467872,26,14,7,0.558868200790318,-0.200912311303214,1.7627979076467872,0.4224122608106677,0.18207844737241013,0.8289871648819016
6,probe_matched,0.5192307692307693,0.7146690518783542,0.5214285714285715,0.6943521594684385,0.6406926406926406,0.7222222222222222,0.3562753036437247,0.6692307692307692,0.8717948717948718,0.8849420849420849,0.8965250965250965,-0.01158301158301156,0.3262913566203791,-0.10730341374496437,0.32399038461538465,0.7336538461538461,0.5061717352415027,0.8372093023255814,0.3107142857142857,0.7553571428571428,0.4731312292358804,0.8405730897009966,0.3548701298701299,0.8874458874458875,0.3787878787878788,0.9040404040404041,0.1417004048582996,0.6356275303643725,0.4346153846153846,0.8653846153846154,0.142989417989418,1.0,0.6965458217075005,0.9481424148606811,0.6974830146705147,0.9601677877654441,-0.08936579416455583,0.055617760617760664,-0.1454863486685958,2.0432186390646345,0.7087209302325581,0.899006226345378,2.2595062261003154,0.8532939762008788,3.3248940714226705,26,14,4,2.5089067598388146,2.0101056923618157,3.3248940714226705,0.30844692561597054,0.34668499205398895,0.7513333333333334
6,dom_regular,0.9711538461538461,0.9051878354203936,0.9678571428571429,0.893687707641196,0.9696969696969697,0.8838383838383839,0.979757085020243,0.8884615384615384,0.0,1.0,1.0,0.0,0.2844521000884208,-0.019397394352818304,0.8643990384615385,0.9980769230769231,0.7093023255813954,0.998211091234347,0.8589285714285714,1.0,0.6511212624584718,1.0,0.8571428571428571,1.0,0.601010101010101,1.0,0.8258097165991903,1.0,0.6538461538461539,1.0,0.0,0.11527777777777715,1.0,1.0,1.0,1.0,0.0,0.0,0.19411086175596975,0.3922341291145716,1.0,0.4789631838383664,-0.2773919325884515,0.4983939624406107,-0.1278848265636223,26,14,11,-0.21308751046366375,-0.3416963547132393,-0.1278848265636223,0.32660224160024415,0.23628050978919407,
6,dom_regular_verberase,0.9413461538461538,0.667262969588551,0.9125,0.6495016611295681,0.948051948051948,0.6313131313131313,0.9838056680161943,0.6615384615384615,0.038461538461538464,0.9173745173745174,0.711969111969112,0.20540540540540542,0.23943692410300857,0.08783361744729419,0.8490144230769231,0.9904086538461538,0.4471824686940966,0.8855098389982111,0.7748660714285714,0.9929017857142857,0.4219269102990033,0.9053571428571429,0.8354978354978355,1.0,0.3484848484848485,0.9141414141414141,0.8785425101214575,1.0,0.3923076923076923,0.9153846153846154,0.0,0.25,0.790967365967366,0.9628511638573558,0.5366791596283784,0.8285836385836386,0.10855115484017115,0.3088803088803089,0.1404945006712966,0.35987387372967533,0.9883720930232558,0.14799191052679578,-0.7747511834844877,0.2807797412440667,-0.45685095739073217,26,14,11,-0.7771792039767091,-0.7723231629922662,-0.45685095739073217,0.27332096427595765,0.2007123067624954,
6,dom_regular_rank2,0.9365384615384615,0.5196779964221825,0.9017857142857143,0.521594684385382,0.9437229437229437,0.5151515151515151,0.9757085020242915,0.47692307692307695,0.1282051282051282,0.9243243243243243,0.7737451737451737,0.1505791505791506,0.35518237823129456,0.06391691390521013,0.8200961538461539,0.9884855769230769,0.3648032200357782,0.7710644007155635,0.7481696428571428,0.9928571428571429,0.3289036544850498,0.8040282392026579,0.8094155844155845,1.0,0.25252525252525254,0.8080808080808081,0.7854251012145749,1.0,0.28846153846153844,0.7924038461538461,0.0,0.4851851851851839,0.784024646865325,0.9666666666666667,0.6223064630681818,0.8812582236842105,0.054351204351204364,0.23476833976833975,0.2094425362485761,0.5206074166246727,0.977906976744186,-0.020662842334590537,-0.8888321993573456,0.18403772754319792,-0.5524744812772534,26,14,11,-0.9371901166321752,-0.8404742820825158,-0.5524744812772534,0.39751198239289587,0.30680568776089284,
7,adom_matched,0.6432692307692308,0.5796064400715564,0.6767857142857143,0.5813953488372093,0.7532467532467533,0.5353535353535354,0.5384615384615384,0.5461538461538461,0.07692307692307693,0.8131274131274131,0.8594594594594595,-0.04633204633204635,0.35399809693114703,-0.08284132983581488,0.275,0.8971153846153846,0.31301431127012525,0.8434928443649374,0.27138392857142857,0.9071874999999999,0.3205564784053156,0.8339285714285715,0.3463203463203463,0.961038961038961,0.2522727272727273,0.9040404040404041,0.09716599190283401,0.935323886639676,0.19615384615384615,0.8461538461538461,0.0,0.9642857142857143,0.6161020030021578,0.9196587516585581,0.6350881545608108,0.9437630611455108,-0.14375058635894544,0.10702106535439862,-0.3274115221818199,1.591528673290753,0.7395348837209302,0.3330692822302578,-2.2868064117143847,0.16126394559016563,-1.4002047375721223,26,14,4,-1.853772544577318,-2.719840278851451,-1.4002047375721223,0.15309436549947184,0.5836023614244902,0.6726666666666666
7,dom_matched,0.31634615384615383,0.7754919499105546,0.35,0.7425249169435216,0.3852813852813853,0.8282828282828283,0.18218623481781376,0.7423076923076923,0.9102564102564102,0.7003861003861004,0.7907335907335907,-0.09034749034749034,0.2281887883473584,-0.36192049660825987,0.18269230769230768,0.6577403846153845,0.5348389982110912,0.8864042933810375,0.17857142857142858,0.691205357142857,0.4999169435215947,0.8870431893687708,0.18603896103896103,0.7965367965367965,0.4847222222222222,0.9646464646464646,0.05253036437246964,0.5872469635627529,0.4807692307692308,0.89625,0.06837820512820514,1.0,0.5483453896604938,0.8477787311120645,0.6239099587203303,0.90234375,-0.17901580151580154,0.028387154250155765,-2.6217328510015108,2.367370316894286,0.6313953488372093,3.4005566749619804,9.51837602721217,2.8094566732663435,8.478989411287554,26,14,4,9.355389988181258,9.68136206624308,8.478989411287554,-0.14006855887350028,0.64905432802834,0.7764444444444445
7,probe_strat,0.775,0.5831842576028623,0.7803571428571429,0.5481727574750831,0.7878787878787878,0.5707070707070707,0.7408906882591093,0.5653846153846154,0.782051282051282,0.8718146718146718,0.8996138996138996,-0.027799227799227832,0.3540559536955376,-0.02188470442216346,0.49701923076923077,0.9153846153846154,0.3299865831842576,0.7504919499105545,0.4820982142857143,0.9285714285714286,0.313953488372093,0.760797342192691,0.41114718614718615,0.9696969696969697,0.29797979797979796,0.8383838383838383,0.3845141700404859,0.9271255060728745,0.26913461538461536,0.8076923076923077,0.35833333333333334,1.0,0.7047030747030748,0.9513901748971193,0.7120743034055728,0.9744015444015444,-0.12513691222975254,0.07896587171052633,-0.12539911555737582,1.1326633525036744,0.8203488372093023,0.2507215925434669,0.583905562230939,0.2828610841810426,2.515626112942517,26,14,7,0.7498368262554356,0.41797429820644244,2.515626112942517,0.3508081866789149,0.3577676874288206,0.8933731297941824
7,probe_strat_noinit,0.7894230769230769,0.6520572450805009,0.8142857142857143,0.6196013289036545,0.8225108225108225,0.6161616161616161,0.7125506072874493,0.676923076923077,0.6794871794871795,0.9181467181467181,0.9413127413127413,-0.02316602316602323,0.21213652349420484,-0.03980388461308589,0.49122596153846154,0.9163461538461538,0.42115384615384616,0.7845483005366725,0.510625,0.9339285714285714,0.4052325581395349,0.7824335548172757,0.4457792207792208,0.9654761904761904,0.3231060606060606,0.8383838383838383,0.3643724696356275,0.9231781376518218,0.32288461538461544,0.8385576923076923,0.18452380952380953,1.0,0.762065637065637,0.9640708446207431,0.7685047743055555,0.9821981424148607,-0.10758513931888536,0.05788048756798754,-0.084554494009001,0.7140157974292016,0.872093023255814,0.4322813712194994,0.466524120588027,0.2385916175732465,1.925110482378625,26,14,7,0.7921522545003858,0.14089598667566813,1.925110482378625,0.20241839990169064,0.22324295045707815,0.8772790562264247
7,probe_matched,0.5355769230769231,0.6779964221824687,0.5,0.6910299003322259,0.6147186147186147,0.6464646464646465,0.4089068825910931,0.6615384615384615,0.8589743589743589,0.8216216216216217,0.8115830115830116,0.010038610038610063,0.3173406101820827,-0.11150971716180791,0.31920673076923073,0.7317307692307692,0.4740608228980322,0.8015429338103756,0.26602678571428573,0.7412053571428571,0.47504152823920265,0.845514950166113,0.3159090909090909,0.8528138528138528,0.35353535353535354,0.858712121212121,0.1700404858299595,0.6802631578947367,0.40375,0.8385576923076923,0.22685714285714287,1.0,0.6247046167594293,0.9078126607510288,0.5811728395061729,0.9087332808811959,-0.08050678166003236,0.1294137806637807,-0.39986672244889415,1.7734066739791665,0.7069767441860465,0.8784045661534137,2.1355310703801544,0.7193270886325537,3.0129140142230995,26,14,4,2.0750657125817455,2.1959964281785638,3.0129140142230995,0.20859806959961733,0.44161779941918605,0.8059999999999998
7,dom_regular,0.9634615384615385,0.7710196779964222,0.9517857142857142,0.7740863787375415,0.9653679653679653,0.7323232323232324,0.9919028340080972,0.7653846153846153,0.02564102564102564,1.0,1.0,0.0,0.2804115353108654,0.023786326734620868,0.8643990384615385,1.0,0.5705500894454383,0.9857110912343471,0.8356696428571428,1.0,0.5016611295681063,0.9817275747508306,0.8484848484848485,1.0,0.45454545454545453,1.0,0.8663967611336032,1.0,0.5150961538461538,0.9961538461538462,0.0,0.14457671957671922,1.0,1.0,1.0,1.0,0.0,0.0,0.17318053071818462,0.4097752517522833,0.9837209302325581,0.30573952151198325,-0.7579822373430247,0.3638280037560206,-0.5952010481765274,26,14,11,-0.6227953015546203,-0.8931691731314292,-0.5952010481765274,0.3128433877862624,0.24334656105326863,
7,dom_regular_verberase,0.9423076923076923,0.5670840787119857,0.9125,0.5398671096345515,0.961038961038961,0.5151515151515151,0.9878542510121457,0.5423076923076923,0.07692307692307693,0.955984555984556,0.7173745173745174,0.2386100386100386,0.3133734830703662,0.13295963708443406,0.8451442307692307,0.9971153846153846,0.34792039355992843,0.8139758497316637,0.7803125,0.9964285714285714,0.3105481727574751,0.8205980066445183,0.8527056277056277,1.0,0.24242424242424243,0.8233585858585857,0.9230769230769231,1.0,0.28846153846153844,0.84625,0.0,0.2585470085470085,0.8433562386687387,0.9874136998426436,0.5563109458074053,0.8281576609531772,0.12663896597490346,0.3492406692406692,0.19584152585391992,0.47059774128979426,0.9755813953488373,-0.06623000916307031,-1.3917775032633029,0.09536827695045695,-1.1087944385666544,26,14,11,-1.3045358863206564,-1.4790191202059493,-1.1087944385666544,0.34105045654009664,0.2817426562478172,
7,dom_regular_rank2,0.9355769230769231,0.4400715563506261,0.9053571428571429,0.4186046511627907,0.9437229437229437,0.4090909090909091,0.9757085020242915,0.4307692307692308,0.10256410256410256,0.9590733590733591,0.806949806949807,0.1521235521235521,0.413206430665105,0.10887000568132359,0.8345913461538462,0.9913461538461539,0.26024150268336316,0.715608228980322,0.7660267857142857,0.9893303571428571,0.23251661129568107,0.7110880398671096,0.8268398268398268,1.0,0.18181818181818182,0.74760101010101,0.8500000000000001,1.0,0.21528846153846157,0.7308653846153845,0.0,0.4834999999999991,0.8173322655085427,0.9828125,0.6361903533343162,0.8897022347022346,0.05870978120978112,0.2562113003095975,0.25960860452307205,0.6573822100713965,0.9627906976744186,-0.24046142601450274,-1.6152931582197123,-0.020544233577717452,-1.3013723650944058,26,14,11,-1.5521600566202485,-1.6784262598191761,-1.3013723650944058,0.43465772853558626,0.3886906616702693,
8,adom_matched,0.6596153846153846,0.5366726296958855,0.6910714285714286,0.526578073089701,0.7922077922077922,0.5151515151515151,0.5506072874493927,0.5269230769230769,0.05128205128205128,0.7374517374517374,0.7806949806949807,-0.043243243243243246,0.4151640524485021,-0.10350995826498868,0.34129807692307695,0.8722115384615384,0.32819767441860465,0.8041815742397137,0.3625,0.8964732142857142,0.2790282392026578,0.7940614617940199,0.3852813852813853,0.9393939393939394,0.2523989898989899,0.8787878787878788,0.13360323886639677,0.9029352226720646,0.23836538461538465,0.7807692307692308,0.0,0.9642857142857143,0.5289250800952929,0.8588063063063062,0.5475011456065988,0.9015901887070618,-0.16589796055890668,0.07337403436931374,-0.3844728492419433,1.5377089933544015,0.7087209302325581,0.2336042942936773,-2.757249780164268,-0.06685304279992227,-1.7861011666828444,26,14,4,-2.475191831559416,-3.0393077287691206,-1.7861011666828444,0.15475111841710132,0.7127788341986745,0.7502222222222222
8,dom_matched,0.37403846153846154,0.7245080500894454,0.375,0.7109634551495017,0.47619047619047616,0.7626262626262627,0.23076923076923078,0.7038461538461539,0.8461538461538461,0.6571428571428571,0.7297297297297297,-0.07258687258687258,0.44333685137379,-0.3373984189888582,0.23651442307692308,0.6849038461538459,0.4775939177101968,0.8524597495527727,0.1910267857142857,0.7055803571428569,0.4483388704318937,0.8671511627906977,0.22510822510822512,0.8442640692640692,0.3787878787878788,0.9242424242424242,0.07682186234817814,0.6195344129554654,0.4115384615384615,0.8770192307692307,0.012608974358974361,1.0,0.49536816578483245,0.8111564483545908,0.5549493201276612,0.8676622315592903,-0.16490222281346756,0.03344877344877336,-1.7076531744852848,4.234988357839508,0.6151162790697674,2.3271562100110863,5.327852076069458,1.831293157129499,5.749282382477761,26,14,4,5.453835356910438,5.20186879522848,5.749282382477761,0.06320365767097376,0.8777747870341512,0.7782222222222221
8,probe_strat,0.7740384615384616,0.5554561717352415,0.7732142857142857,0.5166112956810631,0.8268398268398268,0.5202020202020202,0.6923076923076923,0.5576923076923077,0.8076923076923077,0.7806949806949807,0.7583011583011583,0.02239382239382237,0.8122075062104498,-0.059361811720443185,0.5056971153846154,0.9029326923076922,0.35149821109123436,0.7343694096601073,0.4624107142857143,0.9160714285714285,0.31391196013289036,0.7491694352159468,0.4675324675324675,0.9568181818181818,0.27765151515151515,0.7981060606060605,0.36821862348178136,0.9149797570850202,0.28846153846153844,0.8077884615384615,0.31828571428571434,1.0,0.5860962975543478,0.9058670496170497,0.5557142354549475,0.9164134480027608,-0.10571348087261287,0.11586512611296253,0.3087910755298989,2.0702038564436,0.8081395348837209,0.22562725612759388,0.48314379633513294,0.12739362863823012,2.6364197956068214,26,14,7,0.5446647076692244,0.4216228850010415,2.6364197956068214,0.7686269378322499,0.8620138700712493,0.8680818207133998
8,probe_strat_noinit,0.8,0.6377459749552773,0.8035714285714286,0.6196013289036545,0.8528138528138528,0.601010101010101,0.7327935222672065,0.6653846153846154,0.6794871794871795,0.8409266409266409,0.8316602316602316,0.009266409266409315,0.5691890633638779,-0.07523858554647743,0.5086057692307692,0.9076923076923077,0.41050983899821114,0.7594141323792487,0.49642857142857144,0.9232589285714285,0.38035714285714284,0.7857558139534884,0.4804112554112554,0.9698051948051948,0.2978535353535353,0.8132575757575756,0.3522267206477733,0.9191295546558703,0.33451923076923074,0.823076923076923,0.1111111111111111,1.0,0.6793500643500644,0.9285256865530304,0.6393693592434742,0.9463921334083873,-0.0912772034329862,0.10942700270897827,0.2622196229592326,1.2431511178947303,0.877906976744186,0.40332200259892936,0.41261759805438336,0.03555549552052847,1.9121716550797614,26,14,7,0.5372852920716453,0.28794990403712134,1.9121716550797614,0.5200321042018758,0.6253684452633088,0.8686529454950508
8,probe_matched,0.5663461538461538,0.6574239713774598,0.5339285714285714,0.6694352159468439,0.6753246753246753,0.6363636363636364,0.41700404858299595,0.6692307692307692,0.8717948717948718,0.7320463320463321,0.7806949806949807,-0.048648648648648596,0.40401471484142615,-0.12999222351351433,0.3375,0.7557932692307692,0.44539355992844365,0.7969812164579606,0.2892857142857143,0.7554017857142856,0.445141196013289,0.8322259136212624,0.31601731601731603,0.8787878787878788,0.3282828282828283,0.8636363636363636,0.16993927125506073,0.7206477732793523,0.39990384615384617,0.85,0.11069444444444444,1.0,0.5428013392857143,0.84142578125,0.5416578185328185,0.8931888544891641,-0.13636889730639729,0.08651242075777671,-0.368187114684356,3.1143295288413784,0.7075581395348837,0.811737520693311,1.7420948266863643,0.4359577599958914,2.948768003080524,26,14,4,1.6884783763615425,1.795711277011186,2.948768003080524,0.16487488585033533,0.6773173765455301,0.8084444444444443
8,dom_regular,0.9673076923076923,0.774597495527728,0.9589285714285715,0.7425249169435216,0.974025974025974,0.7373737373737373,0.9919028340080972,0.7615384615384615,0.0,1.0,1.0,0.0,0.3963588160496207,0.004747353333346906,0.8557451923076923,1.0,0.5831842576028623,0.9785330948121646,0.8303125,1.0,0.5149501661129569,0.9701411960132891,0.8528138528138528,1.0,0.46464646464646464,0.9848484848484849,0.8096153846153846,1.0,0.5384615384615384,0.99625,0.0,0.18077777777777765,0.9967923015236567,1.0,0.9992186116984658,1.0,-0.0031250000000000444,0.0,0.28196068903208227,0.5314818739749105,0.9976744186046511,0.32983577413883747,-0.482531726189575,0.38743352748799387,-0.3848179497160187,26,14,11,-0.39692090889548337,-0.5681425434836667,-0.3848179497160187,0.41973524808659135,0.3696428937216543,
8,dom_regular_verberase,0.9509615384615384,0.6538461538461539,0.9267857142857143,0.5813953488372093,0.974025974025974,0.6111111111111112,0.9919028340080972,0.6384615384615384,0.05128205128205128,0.8741312741312741,0.6471042471042471,0.22702702702702704,0.44983814091310337,0.09464025226092544,0.8576923076923076,0.9981009615384615,0.44539355992844365,0.862298747763864,0.7874553571428571,0.9982142857142857,0.37375415282392027,0.8372508305647841,0.8528138528138528,1.0,0.3332070707070707,0.8787878787878788,0.9190283400809717,1.0,0.3729807692307692,0.8807692307692307,0.0,0.2509615384615383,0.7406480408995889,0.9398522629772629,0.47139706358456357,0.7765652015279114,0.11891604822761392,0.34136941618752753,0.3211353106089514,0.6141838803735143,0.9883720930232558,0.1334190227544421,-0.7484593190443969,0.26099146805465456,-0.5501826697654091,26,14,11,-0.7130747141680996,-0.783843923920694,-0.5501826697654091,0.48877438939320966,0.40533957122155323,
8,dom_regular_rank2,0.9442307692307692,0.539355992844365,0.9160714285714285,0.49169435215946844,0.974025974025974,0.51010101010101,0.9919028340080972,0.5153846153846153,0.11538461538461539,0.8694980694980695,0.7652509652509653,0.10424710424710426,0.5440608151485252,0.07178475249221432,0.8423076923076923,0.9961538461538462,0.34695885509839,0.7817978533094811,0.7695982142857143,0.9964285714285714,0.29069767441860467,0.7675249169435215,0.8354978354978355,1.0,0.2727272727272727,0.797979797979798,0.8581983805668016,1.0,0.29211538461538467,0.8,0.0,0.5044642857142857,0.715943477699646,0.9312934362934363,0.58504914004914,0.8506529581529582,0.011551140924205856,0.21095517186270651,0.37967762018195206,0.7807473914239841,0.9813953488372092,-0.014074831976679613,-0.824390754088597,0.1869283474344365,-0.6643406216957001,26,14,11,-0.8710920201154654,-0.7776894880617286,-0.6643406216957001,0.5805793807925606,0.502325311555342,
9,adom_matched,0.6875,0.5286225402504472,0.6857142857142857,0.5514950166112956,0.8225108225108225,0.5050505050505051,0.6072874493927125,0.49230769230769234,0.05128205128205128,0.7814671814671814,0.8262548262548263,-0.044787644787644854,0.6077126129097631,-0.13557059940136226,0.3710576923076923,0.8808173076923076,0.33090339892665477,0.7800313059033989,0.3713392857142857,0.9053571428571429,0.32558139534883723,0.7990448504983388,0.4935064935064935,0.9653679653679653,0.24242424242424243,0.8787878787878788,0.2104251012145749,0.9069838056680161,0.25375,0.7615384615384615,0.0,0.9587083333333334,0.562925293149379,0.892013572013572,0.5698188122932419,0.9288245036697048,-0.15162574404761905,0.09266849742852894,0.09191350196449619,2.165113938518238,0.7180232558139535,0.1661429043676252,-2.1190185968864217,-0.14626198179426403,-1.438326778807697,26,14,4,-1.7571425939918905,-2.4808945997809526,-1.438326778807697,0.37956034978355047,0.8684580564825776,0.7422222222222222
9,dom_matched,0.42115384615384616,0.7146690518783542,0.3982142857142857,0.7358803986710963,0.5541125541125541,0.7474747474747475,0.2631578947368421,0.6807692307692308,0.8333333333333334,0.7027027027027027,0.7552123552123552,-0.05250965250965245,0.7926078310358733,-0.349569172435462,0.2673076923076923,0.7164423076923077,0.4811046511627907,0.8318872987477638,0.22316964285714286,0.714375,0.49161129568106315,0.8655315614617939,0.29004329004329005,0.8961038961038961,0.3938131313131313,0.9242424242424242,0.08906882591093117,0.6439271255060727,0.41923076923076924,0.8424038461538461,0.02664835164835166,1.0,0.5410091119349724,0.8314393939393939,0.5532206562158446,0.8857142857142857,-0.15581629552313697,0.08118594243594247,-2.9568179685541853,6.014862521465904,0.647093023255814,1.6848972573783105,4.018257844528281,1.3654980260160199,4.257072481432974,26,14,4,4.315778314227862,3.7207373748287,4.257072481432974,0.5626408302436489,1.0554272605127009,0.7591111111111111
9,probe_strat,0.7903846153846154,0.5339892665474061,0.7857142857142857,0.5448504983388704,0.8138528138528138,0.5757575757575758,0.7813765182186235,0.4423076923076923,0.7692307692307693,0.7760617760617761,0.8795366795366796,-0.10347490347490351,1.07195911957424,-0.06964185508355418,0.4913461538461538,0.9000240384615384,0.33899821109123435,0.718313953488372,0.4607142857142857,0.9125892857142857,0.33222591362126247,0.7541943521594685,0.4544372294372294,0.9481601731601731,0.31805555555555554,0.8282828282828283,0.4128542510121458,0.9271255060728745,0.20384615384615384,0.7001923076923074,0.2502314814814815,1.0,0.5594289031402034,0.8903798247606297,0.6357970732970734,0.9491088321293429,-0.19891986268939393,0.05778999417642463,0.544269653000862,2.579891499142019,0.811046511627907,0.22782988344457852,0.4472639419363465,-0.2506966550645288,1.961961494535764,26,14,7,0.5532054063589023,0.34132247751379075,1.961961494535764,1.0345205841016973,1.1147460172571457,0.8442449558239031
9,probe_strat_noinit,0.7913461538461538,0.590339892665474,0.8285714285714286,0.5730897009966778,0.8138528138528138,0.6060606060606061,0.8016194331983806,0.5038461538461538,0.7051282051282052,0.864092664092664,0.9027027027027027,-0.038610038610038644,0.8230082822898396,-0.08740949490240549,0.5201923076923077,0.9096153846153846,0.39342576028622545,0.7540250447227191,0.5178125,0.9285714285714286,0.37200996677740866,0.7757475083056479,0.4458874458874459,0.961038961038961,0.3383838383838384,0.8434343434343434,0.40475708502024293,0.951417004048583,0.24221153846153848,0.74625,0.11474358974358975,1.0,0.6702593950587656,0.9235783998283998,0.6882660978942053,0.9614499485565575,-0.14828185328185328,0.06564726564726563,0.4704370573492091,1.764360782985356,0.838953488372093,0.35434348448634223,0.3436871560155397,-0.22876738579765088,1.456362876125547,26,14,7,0.43408457374372666,0.25328973828735274,1.456362876125547,0.7769016032018736,0.8757016298189436,0.8542356902356902
9,probe_matched,0.5653846153846154,0.6261180679785331,0.5107142857142857,0.6694352159468439,0.6406926406926406,0.6666666666666666,0.4817813765182186,0.5538461538461539,0.8333333333333334,0.7891891891891892,0.8463320463320463,-0.05714285714285705,0.6244989849877506,-0.14555682911853035,0.3548076923076923,0.7461538461538462,0.45078264758497316,0.7719364937388193,0.29102678571428575,0.7125446428571428,0.4649916943521595,0.8305647840531561,0.3333333333333333,0.8658008658008658,0.37373737373737376,0.8888888888888888,0.18208502024291498,0.7207489878542509,0.35384615384615387,0.7847115384615384,0.1320767195767196,1.0,0.564005439005439,0.8677286581545709,0.5969071476385718,0.9131534342205782,-0.16680032076984763,0.06568772042808228,0.14364891027465443,3.484828873395802,0.6936046511627907,0.7523681059180524,1.5492617239993491,0.3603589891681866,2.5360957241724433,26,14,4,1.827216719842602,1.2713067281560964,2.5360957241724433,0.3147001435757698,0.9785548037443002,0.7948888888888888
9,dom_regular,0.975,0.7933810375670841,0.9696428571428571,0.7674418604651163,0.974025974025974,0.7525252525252525,1.0,0.7884615384615384,0.0,1.0,1.0,0.0,0.43176491410816176,-0.0010855715291254095,0.8595913461538462,1.0,0.6180456171735241,0.9803667262969588,0.8570982142857142,1.0,0.5414867109634551,0.9767857142857143,0.8614718614718615,1.0,0.45454545454545453,0.9849747474747473,0.8217611336032389,1.0,0.5728846153846153,1.0,0.0,0.23025362318840617,0.9852847805788982,1.0,0.995202344095533,1.0,-0.011734661558880307,0.0,0.3259918778348621,0.5475891061942803,1.0,0.3369894121246514,-0.38846810793142994,0.3577585435567667,-0.3264199646654796,26,14,11,-0.31346467556074314,-0.4634715403021168,-0.3264199646654796,0.4332989899863596,0.4300116845330786,
9,dom_regular_verberase,0.9471153846153846,0.686046511627907,0.9267857142857143,0.6196013289036545,0.9696969696969697,0.6060606060606061,0.9878542510121457,0.6961538461538461,0.0641025641025641,0.8571428571428571,0.5891891891891892,0.26795366795366793,0.49326103775240504,0.09140259164517164,0.8567307692307692,0.9990384615384615,0.47580500894454386,0.8721377459749552,0.8,1.0,0.39692691029900334,0.8820598006644518,0.8701298701298701,1.0,0.3383838383838384,0.8787878787878788,0.854251012145749,1.0,0.4226923076923077,0.9230769230769231,0.0,0.33533333333333304,0.7152289801078143,0.9251108339026008,0.41873046875000003,0.7212548262548263,0.15158140283140284,0.383509837962963,0.35641719713484277,0.6506218255860787,0.9901162790697674,0.171776726335614,-0.598224255367416,0.2327786076034942,-0.41121842660335955,26,14,11,-0.5593977797800077,-0.6370507309548241,-0.41121842660335955,0.5086239996878836,0.47570336696900084,
9,dom_regular_rank2,0.9432692307692307,0.5599284436493739,0.925,0.5132890365448505,0.9696969696969697,0.5404040404040404,0.9838056680161943,0.5538461538461539,0.15384615384615385,0.8501930501930502,0.6586872586872586,0.1915057915057916,0.5654779272349567,0.06932286693987542,0.8355769230769231,0.9961538461538462,0.3844812164579607,0.7853533094812165,0.7909821428571429,1.0,0.292358803986711,0.7708056478405316,0.8656926406926407,1.0,0.2828282828282828,0.803030303030303,0.8217611336032389,1.0,0.31153846153846154,0.8384615384615385,0.0,0.5801666666666665,0.7021517214500103,0.912758487654321,0.4882845876615226,0.7961106288580245,0.06557167658730152,0.28242541152263373,0.40466197892392997,0.7673528318207337,0.983139534883721,0.02305484834053532,-0.6426648186435717,0.17153757694892305,-0.5630414062708474,26,14,11,-0.6773258915109027,-0.6080037457762406,-0.5630414062708474,0.5696958285494413,0.5606574685898313,
10,adom_matched,0.760576923076923,0.49552772808586765,0.7660714285714286,0.5132890365448505,0.8701298701298701,0.47474747474747475,0.6680161943319838,0.4423076923076923,0.05128205128205128,0.803088803088803,0.8378378378378378,-0.03474903474903479,0.6617390210495941,-0.11968248299886337,0.44709134615384616,0.9105769230769231,0.32016994633273704,0.7711538461538461,0.44821428571428573,0.925,0.2956395348837209,0.7874169435215947,0.49772727272727274,0.9783549783549783,0.2321969696969697,0.8686868686868687,0.2591093117408907,0.951417004048583,0.2,0.74625,0.0,0.9629629629629629,0.5772031122031123,0.8906430329595916,0.5767091043838132,0.925111526829793,-0.13503347097097096,0.09941406249999984,0.2556310598896538,1.7032061158601894,0.7674418604651163,0.024206508851031837,-1.8136780494594027,-0.21919464459370186,-1.354554715737907,26,14,4,-1.3787133884479765,-2.2486427104708286,-1.354554715737907,0.4399930457587947,0.9151629928105075,0.7477777777777778
10,dom_matched,0.47596153846153844,0.6914132379248659,0.43214285714285716,0.7308970099667774,0.6103896103896104,0.7171717171717171,0.3076923076923077,0.65,0.8333333333333334,0.738996138996139,0.7637065637065638,-0.024710424710424728,0.8114665426256928,-0.3374598804902104,0.30093749999999997,0.7683173076923077,0.45793828264758496,0.8247316636851519,0.2535267857142857,0.776875,0.4666528239202658,0.8737956810631229,0.329004329004329,0.922077922077922,0.32815656565656565,0.9142676767676766,0.1132591093117409,0.7127530364372467,0.37682692307692306,0.84625,0.05028846153846154,1.0,0.5532403360528361,0.8547397047397046,0.5671911880409126,0.9000330225330225,-0.1336014294698142,0.09147630610521232,0.2986175545976475,3.0333595605236487,0.6784883720930233,1.234713660308928,2.9061063032313417,0.8622600720274832,2.995920270145349,26,14,4,3.224121363666037,2.588091242796646,2.995920270145349,0.5972814963458397,1.056249452659811,0.7893333333333332
10,probe_strat,0.8201923076923077,0.5089445438282647,0.7982142857142858,0.5448504983388704,0.8441558441558441,0.51010101010101,0.8299595141700404,0.4307692307692308,0.9230769230769231,0.7042471042471042,0.728957528957529,-0.024710424710424728,0.9955812435966168,-0.06396142289072997,0.5172596153846154,0.9019951923076922,0.3211091234347048,0.7075134168157424,0.4838839285714286,0.9071428571428571,0.32882059800664454,0.7657807308970099,0.4804112554112554,0.9698051948051948,0.26755050505050504,0.7878787878787878,0.44534412955465585,0.9393724696356274,0.19990384615384618,0.7231730769230769,0.5070652173913044,1.0,0.48667989111367277,0.8409302254935614,0.5177829475091472,0.886507966299633,-0.20542652027027028,0.09760467056888539,0.5227000769796158,2.2524668263500787,0.8313953488372093,0.16252260524047796,0.9761745550931162,-0.2969520834278572,2.216884652210864,26,14,7,1.179085845882006,0.7732632643042265,2.216884652210864,0.909077283015304,1.0944429128324027,0.8572442216652743
10,probe_strat_noinit,0.8336538461538462,0.5724508050089445,0.8303571428571429,0.5764119601328903,0.8787878787878788,0.5505050505050505,0.8016194331983806,0.5538461538461539,0.8461538461538461,0.7598455598455598,0.7876447876447876,-0.027799227799227832,0.7846079468884382,-0.06509050896073396,0.5576682692307693,0.9230769230769231,0.3684257602862254,0.7326028622540249,0.5142410714285713,0.9428571428571428,0.3620431893687708,0.7657807308970099,0.5020562770562771,0.9783549783549783,0.25252525252525254,0.8031565656565655,0.46153846153846156,0.9352226720647774,0.2692307692307692,0.7730769230769231,0.37037037037037035,1.0,0.5355925285410217,0.889576167076167,0.579770396319588,0.9067694805194806,-0.18301405263361778,0.1305027855027855,0.4517782083578365,1.5491234647891057,0.8563953488372092,0.2407038709390165,0.7035266761952451,-0.13348396471719617,1.7587023895551526,26,14,7,0.983938436831409,0.4231149155590812,1.7587023895551526,0.7056565269099542,0.8748381411495627,0.8540693147008935
10,probe_matched,0.6365384615384615,0.5840787119856887,0.5803571428571429,0.6395348837209303,0.7445887445887446,0.5202020202020202,0.4979757085020243,0.5923076923076923,0.8333333333333334,0.7088803088803088,0.8038610038610039,-0.09498069498069506,0.7276621937412071,-0.11120557867111959,0.38461538461538464,0.7884855769230769,0.40608228980322003,0.7495751341681575,0.3088839285714286,0.7660714285714286,0.43849667774086376,0.8006644518272426,0.41114718614718615,0.9351731601731601,0.2523989898989899,0.8181818181818182,0.21852226720647774,0.7369433198380565,0.33451923076923074,0.7885576923076922,0.17857142857142858,1.0,0.4688982746115264,0.8135677117925347,0.5501339516964516,0.8865444015444015,-0.21914383806594656,0.0627345380220983,0.16810090192807772,3.1337429672713437,0.6970930232558139,0.5269277519457636,1.6666651120800127,0.3805655186608042,2.201356181921187,26,14,4,2.050764719290753,1.2825655048692721,2.201356181921187,0.43902086011141145,1.0575380036038302,0.8539999999999999
10,dom_regular,0.9826923076923076,0.8166368515205724,0.9821428571428571,0.7857142857142857,0.974025974025974,0.7777777777777778,1.0,0.8,0.0,0.9976833976833976,1.0,-0.0023166023166023564,0.43753864730140113,-0.011195792802763373,0.8961538461538462,1.0,0.5974060822898033,0.9821556350626117,0.8856696428571428,1.0,0.5264950166112956,0.9784468438538206,0.8831168831168831,1.0,0.464520202020202,1.0,0.8663967611336032,1.0,0.5768269230769231,1.0,0.0,0.23959420289855016,0.9799216144494782,1.0,0.9952937123640249,1.0,-0.016420476466049338,0.0,0.3246413910966279,0.5695021603030426,1.0,0.3362775722077104,-0.32456304448843265,0.3505095827625861,-0.2270348908106207,26,14,11,-0.26324016174215664,-0.38588592723470866,-0.2270348908106207,0.4368512052029807,0.4383242954138816,
10,dom_regular_verberase,0.9605769230769231,0.7182468694096601,0.9464285714285714,0.6511627906976745,0.9696969696969697,0.6515151515151515,0.9959514170040485,0.7307692307692307,0.05128205128205128,0.8942084942084942,0.47953667953667956,0.4146718146718147,0.51209113717933,0.06683587813920694,0.8740144230769231,1.0,0.5044499105545617,0.9025044722719141,0.8357142857142857,1.0,0.42857142857142855,0.8971345514950165,0.8614718614718615,1.0,0.363510101010101,0.9090909090909091,0.8987854251012146,1.0,0.46923076923076923,0.95,0.0,0.28650793650793577,0.7746141758138663,0.9620764998744875,0.32577715084876546,0.6339959196209196,0.2808465608465609,0.5235521235521234,0.3730152536949507,0.6822296484521871,0.9941860465116279,0.2139292174833391,-0.48362389500687164,0.26042163152308123,-0.32154387480029756,26,14,11,-0.417426590118874,-0.5498211998948693,-0.32154387480029756,0.5256922528095822,0.4965470050304704,
10,dom_regular_rank2,0.9586538461538462,0.4883720930232558,0.9428571428571428,0.4485049833887043,0.974025974025974,0.46464646464646464,0.9878542510121457,0.46153846153846156,0.16666666666666666,0.9003861003861003,0.5752895752895753,0.3250965250965251,0.5948747047460636,0.04107321034475344,0.8461057692307692,0.9990384615384615,0.3300313059033989,0.745169946332737,0.8071428571428572,1.0,0.2657392026578073,0.7442275747508306,0.8874458874458875,1.0,0.23724747474747476,0.7727272727272727,0.8460526315789474,1.0,0.2575961538461538,0.7807692307692308,0.012538461538461543,0.7416666666666667,0.7505826605826605,0.9597523219814241,0.4048024891774892,0.7122040343915343,0.1903885086106811,0.44346516779589906,0.416017635123744,0.8379119536541554,0.9790697674418605,-0.026357025619390923,-0.5648237504906191,0.1370198402344548,-0.4842551088278339,26,14,11,-0.5577071277246067,-0.5719403732566313,-0.4842551088278339,0.6030256873259466,0.5855592960833403,
11,adom_matched,0.8317307692307693,0.4552772808586762,0.8375,0.4700996677740864,0.8744588744588745,0.5,0.8623481781376519,0.36923076923076925,0.0641025641025641,0.8007722007722008,0.8378378378378378,-0.037065637065637036,0.6008019635066348,-0.13244608225512888,0.4942067307692308,0.9308173076923076,0.2654964221824687,0.7317084078711985,0.48732142857142857,0.9517857142857142,0.2524501661129568,0.7426079734219269,0.5106060606060606,0.9654761904761904,0.22727272727272727,0.8636363636363636,0.3521255060728745,0.9757085020242915,0.18461538461538463,0.7115384615384616,0.0,0.95,0.562491554054054,0.8914121154218265,0.5619155768233005,0.9198240220663509,-0.13313260294014095,0.10078778130012027,0.17231907648518355,1.5622591475676095,0.7686046511627908,-0.10348109715398937,-1.868262355525099,-0.4165154038872929,-1.2135418811893786,26,14,4,-1.610426651058496,-2.126098059991702,-1.2135418811893786,0.498354469747195,0.7178848135174233,0.7213333333333333
11,dom_matched,0.5057692307692307,0.6610017889087657,0.45714285714285713,0.7126245847176079,0.5714285714285714,0.7474747474747475,0.3967611336032389,0.5923076923076923,0.8589743589743589,0.7536679536679537,0.7938223938223938,-0.04015444015444014,0.7977329041078213,-0.339270816157217,0.32882211538461537,0.7913701923076922,0.4257602862254025,0.8005366726296959,0.2606696428571429,0.7875,0.45340531561461794,0.8604651162790697,0.31601731601731603,0.9047619047619048,0.36856060606060603,0.9090909090909091,0.1901821862348178,0.773481781376518,0.3076923076923077,0.8039423076923077,0.050192307692307696,1.0,0.5796999676450141,0.8611256798756799,0.5929207658179013,0.8901828413055357,-0.13361783831598073,0.0795544353877687,0.23526171149813552,3.2127047085293894,0.6767441860465117,1.0842527430560973,2.6187987824240535,0.5191384374850301,2.992889382164235,26,14,4,2.7354737426552025,2.5021238221929045,2.992889382164235,0.6870218248396883,0.9242598518428302,0.8251111111111111
11,probe_strat,0.8538461538461538,0.4150268336314848,0.8160714285714286,0.45348837209302323,0.8268398268398268,0.5303030303030303,0.902834008097166,0.38846153846153847,0.7692307692307693,0.6818532818532819,0.7212355212355213,-0.03938223938223939,1.046950597430812,-0.04519212782476577,0.5768028846153845,0.925,0.2844364937388193,0.6565295169946332,0.4981696428571429,0.9286160714285714,0.2591362126245847,0.7026578073089701,0.44155844155844154,0.9523809523809523,0.2828282828282828,0.8131313131313131,0.5140688259109312,0.9636639676113359,0.18461538461538463,0.6731730769230769,0.2962962962962963,1.0,0.45938237608182536,0.8430634469696969,0.4735507021139507,0.8290650406504065,-0.1864738747073851,0.19040956714835552,0.48189629853797705,2.629670600442834,0.8122093023255814,-0.0287809754713134,0.04964022690941425,-0.6257794519360672,2.0118814808585825,26,14,7,0.003165506640632963,0.09611494717819553,2.0118814808585825,1.1133393455625824,0.9710777424230744,0.8236178324599377
11,probe_strat_noinit,0.8538461538461538,0.5035778175313059,0.8410714285714286,0.5033222591362126,0.8917748917748918,0.5252525252525253,0.8461538461538461,0.5038461538461538,0.6794871794871795,0.738996138996139,0.6555984555984556,0.08339768339768339,0.8465967430202717,-0.053349888075423145,0.5990384615384615,0.9115384615384615,0.32014758497316637,0.6788908765652951,0.5460714285714285,0.9357589285714285,0.2856312292358804,0.7193521594684384,0.4804112554112554,0.9567099567099567,0.30303030303030304,0.8131313131313131,0.5222672064777328,0.9595141700404858,0.2191346153846154,0.7270192307692307,0.22446428571428576,1.0,0.48601006191950463,0.8696080223024882,0.45506965944272443,0.842291113658301,-0.13281249999999992,0.1909694203588612,0.4118462889082979,1.8046925068320188,0.8348837209302326,0.11733008672720209,0.10681906762413741,-0.3883323591552407,1.568103432992227,26,14,7,0.26798422493361973,-0.0543460896853449,1.568103432992227,0.841960340882669,0.8518954883203887,0.8182434875066453
11,probe_matched,0.6394230769230769,0.5474060822898033,0.5803571428571429,0.6013289036544851,0.7186147186147186,0.6161616161616161,0.5222672064777328,0.5153846153846153,0.8333333333333334,0.6903474903474903,0.6957528957528958,-0.005405405405405461,0.45925529355152567,-0.10545804870000258,0.39612980769230766,0.8009615384615385,0.38635957066189625,0.7218470483005367,0.3142857142857143,0.7696875,0.41191860465116276,0.7890365448504983,0.39805194805194805,0.9177489177489178,0.32297979797979803,0.8585858585858586,0.25101214574898784,0.7773279352226721,0.3076923076923077,0.7384615384615385,0.14145833333333332,1.0,0.48072199737901705,0.8149253311471193,0.4553915550595238,0.8204631411597356,-0.1447512335526316,0.15627176857585137,-0.3562760845791069,2.5857345008094486,0.6598837209302325,0.4137669846185127,1.1380008291820884,0.13370104487098713,2.468074888134407,26,14,4,1.3634448817913654,0.9125567765728114,2.468074888134407,0.4516764400855721,0.46791684036975806,0.8275555555555556
11,dom_regular,0.9875,0.8228980322003577,0.9892857142857143,0.792358803986711,0.9826839826839827,0.803030303030303,1.0,0.8,0.01282051282051282,0.9992277992277993,1.0,-0.0007722007722007485,0.44162634146448726,-0.01297150357995108,0.9028125,1.0,0.6153398926654741,0.9722942754919499,0.8928125,1.0,0.5365033222591362,0.978405315614618,0.8831168831168831,1.0,0.4898989898989899,0.9900252525252524,0.9109311740890689,1.0,0.55,0.9961538461538462,0.0,0.25,0.9805594031736775,1.0,0.9876447876447877,1.0,-0.012837956156504004,0.00308647933647935,0.32869253607201654,0.573933588823814,1.0,0.31254638776000915,-0.3221480049095855,0.32136601175774254,-0.20479421598441935,26,14,11,-0.2728188463522315,-0.37147716346693943,-0.20479421598441935,0.43514305539907805,0.44903581125352626,
11,dom_regular_verberase,0.9721153846153846,0.6583184257602862,0.9678571428571429,0.5996677740863787,0.974025974025974,0.6363636363636364,0.9919028340080972,0.6461538461538462,0.07692307692307693,0.8787644787644787,0.5567567567567567,0.322007722007722,0.5229276798091486,0.06927982288256536,0.8845913461538462,1.0,0.4498881932021467,0.839020572450805,0.8678571428571429,1.0,0.3620847176079734,0.8438953488372093,0.8786796536796537,1.0,0.3383838383838384,0.8737373737373737,0.9109311740890689,1.0,0.4115384615384615,0.8884615384615384,0.0,0.34061538461538476,0.7576529580820002,0.9417305797917253,0.40699478763544894,0.6906459780092592,0.20045454545454544,0.4258519795477999,0.38624774260075867,0.6903640701494413,0.9941860465116279,0.1506446850182533,-0.5479837652986947,0.20947928137763197,-0.3293069718738598,26,14,11,-0.4795483244590858,-0.6164192061383036,-0.3293069718738598,0.5068353123780456,0.5413189568732666,
11,dom_regular_rank2,0.9567307692307693,0.4275491949910555,0.9571428571428572,0.37375415282392027,0.9826839826839827,0.4494949494949495,0.9595141700404858,0.4,0.15384615384615385,0.8872586872586873,0.6054054054054054,0.28185328185328185,0.6121288174476235,0.03826451454341245,0.8519230769230769,0.9923317307692308,0.2825805008944544,0.673546511627907,0.8410267857142857,1.0,0.22259136212624583,0.656187707641196,0.8874458874458875,1.0,0.20202020202020202,0.7678030303030301,0.8097165991902834,1.0,0.19230769230769232,0.6846153846153846,0.009862318840579719,0.6672619047619042,0.7337267801857585,0.9427277753206545,0.4382523148148148,0.7484857946864198,0.14649662691587353,0.3808408142773468,0.4108589841082126,0.858523811695157,0.9709302325581395,-0.11049019256889894,-0.6747752219977998,0.07727851239878107,-0.5407337952206241,26,14,11,-0.691482333570653,-0.6580681104249466,-0.5407337952206241,0.613896430583591,0.6101086881493746,
12,adom_matched,0.8086538461538462,0.43828264758497315,0.8089285714285714,0.45514950166112955,0.8744588744588745,0.4797979797979798,0.805668016194332,0.3923076923076923,0.0641025641025641,0.745945945945946,0.8741312741312741,-0.12818532818532813,0.5101298987394579,-0.16477675450770368,0.4719951923076923,0.9182932692307691,0.2664355992844365,0.7307692307692307,0.48035714285714287,0.9285714285714286,0.24414451827242525,0.7393687707641194,0.43712121212121213,0.961038961038961,0.20202020202020202,0.858712121212121,0.3480769230769231,0.9595141700404858,0.18067307692307694,0.6846153846153846,0.0,0.942222222222222,0.5269115138745556,0.8605152599338645,0.6129446640316205,0.9412212775735294,-0.20761649323472087,0.027198745265151515,0.03009997490851408,1.4819644552060216,0.7476744186046511,-0.09795443023277468,-2.0623999378021116,-0.5525887880064388,-1.389652391196636,26,14,4,-1.7468037915240275,-2.3779960840801957,-1.389652391196636,0.40777522794199705,0.6271066653651276,0.6848888888888889
12,dom_matched,0.4846153846153846,0.6592128801431127,0.4446428571428571,0.6976744186046512,0.5584415584415584,0.7575757575757576,0.3684210526315789,0.6153846153846154,0.8717948717948718,0.7297297297297297,0.8115830115830116,-0.08185328185328189,0.6709798058016516,-0.3724633740269423,0.30766826923076923,0.7836538461538461,0.41768783542039356,0.804159212880143,0.25174107142857144,0.7911607142857142,0.42358803986710963,0.8505398671096346,0.26406926406926406,0.8832251082251081,0.3383838383838384,0.9092171717171715,0.17803643724696355,0.7733805668016193,0.33451923076923074,0.8269230769230769,0.05,1.0,0.5374442365851034,0.8390301494775542,0.5982133642930857,0.8936860670194003,-0.17143578643578639,0.03991189773606812,0.08795647742737021,2.93927720381321,0.6651162790697674,1.1905211607530748,2.8130188572203596,0.46906423077486364,3.579654287669244,26,14,4,3.00926147949797,2.616776234942749,3.579654287669244,0.6066179538772926,0.7445362080009191,0.782
12,probe_strat,0.7865384615384615,0.4445438282647585,0.7767857142857143,0.4601328903654485,0.8095238095238095,0.5404040404040404,0.8137651821862348,0.4423076923076923,0.6794871794871795,0.6509652509652509,0.6617760617760617,-0.010810810810810811,0.9818969301118814,-0.05553368100847635,0.5219471153846155,0.8769230769230769,0.2960420393559928,0.6708407871198568,0.4766071428571429,0.8929017857142857,0.27740863787375414,0.7242940199335548,0.42424242424242425,0.9264069264069265,0.2827020202020202,0.803030303030303,0.4046558704453441,0.9271255060728745,0.2151923076923077,0.7307692307692307,0.32051282051282054,1.0,0.4334171826625387,0.8284837585703047,0.40308548503861,0.8378514878514878,-0.1714671814671814,0.18383120335126626,0.4049143416701657,3.7084077952057517,0.7459302325581395,0.11872423421907867,-0.047140147766639384,-1.123197445209609,2.22077655710249,26,14,7,-0.15709139369321884,0.06281109815994007,2.22077655710249,0.9549526185622265,1.012690429025773,0.8189799751905016
12,probe_strat_noinit,0.7759615384615385,0.5295169946332737,0.7767857142857143,0.5564784053156147,0.8354978354978355,0.5606060606060606,0.7611336032388664,0.5576923076923077,0.6923076923076923,0.6942084942084942,0.6864864864864865,0.007722007722007707,0.8130170546584841,-0.0633426318129608,0.5143990384615384,0.8596394230769231,0.33982558139534885,0.6825581395348836,0.475,0.8821874999999999,0.31893687707641194,0.7342607973421927,0.4457792207792208,0.9395021645021645,0.28775252525252526,0.797979797979798,0.39271255060728744,0.8906882591093117,0.27692307692307694,0.7654807692307691,0.25,1.0,0.4602452823234557,0.8235967155741014,0.43426001082251087,0.848235708757187,-0.17606499356499358,0.15870356638545485,0.3199008100548568,3.145068042691641,0.7784883720930232,0.29545078497735755,0.2239132446387448,-0.7617260666836212,1.9269629753014643,26,14,7,0.397022786435268,0.05080370284222156,1.9269629753014643,0.6999465111172035,0.9422405329913761,0.794574618364092
12,probe_matched,0.6519230769230769,0.535778175313059,0.6,0.584717607973422,0.8138528138528138,0.5454545454545454,0.4979757085020243,0.5423076923076923,0.7692307692307693,0.6131274131274131,0.7065637065637066,-0.09343629343629345,0.2877699016452233,-0.10972147860181308,0.4105528846153846,0.7884615384615384,0.38009838998211093,0.711113595706619,0.3410714285714286,0.7785714285714286,0.3853820598006645,0.7740863787375415,0.41114718614718615,0.9307359307359307,0.2727272727272727,0.7880050505050503,0.2062753036437247,0.7368421052631579,0.32298076923076924,0.7770192307692307,0.16633333333333333,1.0,0.4357721560846561,0.759407719017094,0.47535942298668504,0.8398595610119047,-0.21717227146439813,0.08418497862942302,-1.0481261568632576,2.3703322705831154,0.6697674418604651,0.5019627924142787,0.7595663477848005,-0.3204059788481673,2.6557497260485565,26,14,4,0.9056039194015221,0.6135287761680788,2.6557497260485565,0.26217574884074557,0.31702036199319794,0.7597777777777777
12,dom_regular,0.9884615384615385,0.815742397137746,0.9892857142857143,0.782392026578073,0.9826839826839827,0.7929292929292929,1.0,0.8,0.0,0.9984555984555985,0.9992277992277993,-0.0007722007722007485,0.43618255900564135,-0.014301044568306664,0.8778365384615384,1.0,0.5902951699463327,0.9722719141323792,0.8714285714285714,1.0,0.4833056478405316,0.9717607973421927,0.8441558441558441,1.0,0.4393939393939394,0.9797979797979798,0.902834008097166,1.0,0.5421153846153846,0.9885576923076923,0.0,0.27,0.977183320220299,1.0,0.9795436664044059,1.0,-0.012355929569551925,0.005213155864197562,0.32308040744865957,0.5701445508004341,1.0,0.29667037099711496,-0.3558042575288649,0.324971821652924,-0.2607674714992244,26,14,11,-0.3376055899981737,-0.3740029250595562,-0.2607674714992244,0.4275180099880732,0.44608490074000484,
12,dom_regular_verberase,0.9625,0.6368515205724508,0.9553571428571429,0.5830564784053156,0.974025974025974,0.6161616161616161,0.9919028340080972,0.6576923076923077,0.05128205128205128,0.888030888030888,0.5428571428571428,0.3451737451737452,0.5206603343596643,0.07228950372292321,0.864423076923077,1.0,0.4355769230769231,0.8425983899821109,0.8356696428571428,1.0,0.35041528239202663,0.8439368770764119,0.8441558441558441,1.0,0.3330808080808081,0.8686868686868687,0.8906882591093117,1.0,0.3845192307692308,0.8923076923076924,0.0,0.35064814814814815,0.766006231006231,0.9537380783279221,0.3815302144249513,0.6848964533730159,0.22050986565287561,0.46421254241867926,0.3679896942825388,0.6999233285144615,0.9918604651162791,0.14474638005710333,-0.621621457307191,0.21944944200220784,-0.41320448256046666,26,14,11,-0.5746058709015707,-0.6686370437128112,-0.41320448256046666,0.5069063647871697,0.5363791567282299,
12,dom_regular_rank2,0.9384615384615385,0.4150268336314848,0.9375,0.3554817275747508,0.9913419913419913,0.4292929292929293,0.9352226720647774,0.4,0.08974358974358974,0.8687258687258688,0.6115830115830115,0.25714285714285723,0.6079101734905179,0.03901412296248131,0.8211538461538461,0.9884615384615385,0.23969141323792487,0.661046511627907,0.8071428571428572,1.0,0.19414451827242526,0.6678571428571428,0.8787878787878788,1.0,0.16161616161616163,0.7273989898989898,0.7772267206477733,1.0,0.19230769230769232,0.6615384615384615,0.0,0.6666666666666666,0.7095685395685396,0.9272538687511114,0.4388007203632204,0.7392069710347641,0.13111745674245678,0.3684286333116742,0.39605727766285037,0.9026538917393158,0.9546511627906977,-0.16739198908934802,-0.8518949504285938,0.07692161580102919,-0.703428826744467,26,14,11,-0.8744223848614913,-0.8293675159956961,-0.703428826744467,0.5795197934968355,0.6403563220547267,
13,adom_matched,0.7692307692307693,0.44275491949910556,0.7482142857142857,0.46511627906976744,0.8398268398268398,0.48484848484848486,0.7449392712550608,0.4115384615384615,0.0641025641025641,0.7413127413127413,0.877992277992278,-0.1366795366795367,0.5348541659796704,-0.1836881395952172,0.45377403846153846,0.8683173076923076,0.28354203935599287,0.7146690518783542,0.4303571428571429,0.8857142857142857,0.2674003322259136,0.739202657807309,0.39361471861471864,0.9438311688311688,0.20707070707070707,0.8787878787878788,0.3035425101214575,0.9190283400809717,0.19230769230769232,0.7038461538461539,0.0,0.9260582010582009,0.5015263310185185,0.8580421591804571,0.5840754118684882,0.9463385540936107,-0.22970860645059116,0.014157712946775338,-0.005224855478901887,1.73712552530221,0.7197674418604652,-0.10206888499465845,-2.523567504384137,-0.7100419054851906,-1.693716269028345,26,14,4,-2.113898604991214,-2.9332364037770606,-1.693716269028345,0.39351052323204694,0.69638975769124,0.6220000000000001
13,dom_matched,0.4778846153846154,0.6574239713774598,0.4357142857142857,0.6943521594684385,0.5411255411255411,0.7171717171717171,0.3805668016194332,0.6230769230769231,0.8717948717948718,0.7019305019305019,0.81003861003861,-0.10810810810810811,0.6435047074039122,-0.4064247751879698,0.3057211538461539,0.7405048076923076,0.4131484794275492,0.7907423971377459,0.23566964285714284,0.7196874999999999,0.43176910299003324,0.8588039867109635,0.2597402597402597,0.8484848484848485,0.3584595959595959,0.9191919191919192,0.1659919028340081,0.7086032388663966,0.3423076923076923,0.8153846153846154,0.07961538461538462,1.0,0.5046667631172839,0.8269376456876456,0.5905011655011655,0.9054906999806501,-0.2109495563271605,0.008591269841269771,-2.3020877318613358,4.593928421814177,0.6482558139534884,1.4071749768799593,3.4804269088087993,0.5148407254802086,4.5450513309073965,26,14,4,3.631568071456977,3.3292857461606222,4.5450513309073965,0.5761174179742631,0.7205187524663684,0.782
13,probe_strat,0.7778846153846154,0.37924865831842575,0.75,0.42524916943521596,0.8354978354978355,0.41414141414141414,0.7368421052631579,0.38461538461538464,0.5769230769230769,0.637065637065637,0.6633204633204633,-0.026254826254826336,1.6198087088287205,-0.05416088049037052,0.5076201923076923,0.8711538461538462,0.2387969588550984,0.6037790697674419,0.45714285714285713,0.8804017857142856,0.2341777408637874,0.6927325581395349,0.47608225108225105,0.9437229437229437,0.19696969696969696,0.7474747474747475,0.3845141700404859,0.8947368421052632,0.14615384615384616,0.64625,0.16346153846153846,1.0,0.38106058439391777,0.7897088159588159,0.4326278682363134,0.8238001573564122,-0.24526039363113664,0.11739650364650368,-5.338123812876259,11.190653117731674,0.6784883720930233,-0.25792551402534436,-1.2591760397818104,-1.9332071986665351,2.9017851756981408,26,14,7,-1.7481837797618183,-0.7701682998018027,2.9017851756981408,1.4279372577424656,1.8390903672130112,0.813435735804157
13,probe_strat_noinit,0.7740384615384616,0.41055456171735244,0.7535714285714286,0.45182724252491696,0.8441558441558441,0.41414141414141414,0.7125506072874493,0.4307692307692308,0.5769230769230769,0.6494208494208494,0.6818532818532819,-0.032432432432432434,1.2235019602466872,-0.06537038373948209,0.5240384615384616,0.8625,0.2638416815742397,0.6234570661896244,0.46964285714285714,0.8660714285714286,0.2574750830564784,0.7026578073089701,0.5238095238095238,0.948051948051948,0.17664141414141415,0.7223484848484847,0.40880566801619433,0.8947368421052632,0.19230769230769232,0.6807692307692308,0.1426488095238095,1.0,0.41346160690869577,0.7897977979467341,0.47835079292593063,0.8601533915001407,-0.24710424710424705,0.12202980324074063,0.33272501242130986,6.604292501400247,0.7,-0.029296156090816806,-0.8449340552745266,-1.5374629900380654,2.080075970636207,26,14,7,-0.6594813900856875,-1.0303867204633657,2.080075970636207,1.0291842060587095,1.4455793936043764,0.8246063643958381
13,probe_matched,0.6009615384615384,0.5178890876565295,0.5321428571428571,0.584717607973422,0.7402597402597403,0.5656565656565656,0.44534412955465585,0.5192307692307693,0.6282051282051282,0.5683397683397683,0.667953667953668,-0.09961389961389966,0.6609155528477305,-0.11584875393927674,0.3297596153846154,0.7298557692307691,0.35948121645796066,0.7262969588550984,0.26785714285714285,0.7017857142857142,0.4002076411960133,0.7790697674418605,0.3202380952380952,0.8702380952380951,0.29797979797979796,0.8484848484848485,0.17813765182186234,0.7005060728744937,0.2960576923076923,0.7615384615384615,0.1111111111111111,1.0,0.3851427283653846,0.7158329697455084,0.44014585845821097,0.8171618446772253,-0.2624459250271943,0.07466142910587346,-6.138136445171968,5.761603456571906,0.6052325581395349,0.6981422387423819,-0.012627987713823036,-1.015185154065038,3.924191302482407,26,14,4,0.40883828380038006,-0.43409425922802614,3.924191302482407,0.593921462499985,0.737480227530868,0.6902222222222223
13,dom_regular,0.9778846153846154,0.778175313059034,0.9767857142857143,0.7358803986710963,0.974025974025974,0.7373737373737373,0.9919028340080972,0.7846153846153846,0.0,0.9976833976833976,1.0,-0.0023166023166023564,0.4194481302877556,-0.006095085675976491,0.8759134615384615,0.9990384615384615,0.5473389982110912,0.9516994633273703,0.8623660714285715,1.0,0.43845514950166115,0.9502076411960133,0.8483766233766235,1.0,0.41414141414141414,0.9747474747474747,0.854251012145749,1.0,0.5114423076923077,0.9846153846153847,0.0,0.24535256410256395,0.9703023726851852,1.0,0.972221685971686,1.0,-0.01776164875623081,0.011584811584811559,0.30141291290082295,0.5599344255631437,1.0,0.2773972723513589,-0.4426867858834681,0.3090966925753447,-0.359187222464933,26,14,11,-0.4202417054540266,-0.46513186631290965,-0.359187222464933,0.4083143215247029,0.43217248315981577,
13,dom_regular_verberase,0.9461538461538461,0.5894454382826476,0.9410714285714286,0.5598006644518272,0.974025974025974,0.5656565656565656,0.9676113360323887,0.6038461538461538,0.05128205128205128,0.8903474903474904,0.5536679536679536,0.33667953667953676,0.5187610210092488,0.09162529772881113,0.8240144230769231,0.9923317307692308,0.4149150268336315,0.7764087656529517,0.8017410714285714,0.9964285714285714,0.34219269102990035,0.8156146179401993,0.8398268398268398,1.0,0.2727272727272727,0.8183080808080807,0.8380566801619433,1.0,0.3652884615384615,0.8384615384615385,0.0,0.29062962962962974,0.7799227799227799,0.9546980214783282,0.3951931197373697,0.6873344062198552,0.2074303405572756,0.45682547872950346,0.3623226549895363,0.7024363557973913,0.9883720930232558,0.10532971760027984,-0.7415519622670061,0.24236150437511114,-0.5280714429050407,26,14,11,-0.6826648970171467,-0.8004390275168657,-0.5280714429050407,0.5105322938011556,0.528165280675641,
13,dom_regular_rank2,0.9221153846153847,0.4275491949910555,0.9232142857142858,0.39700996677740863,0.9826839826839827,0.41919191919191917,0.9068825910931174,0.41923076923076924,0.11538461538461539,0.8563706563706563,0.6378378378378379,0.21853281853281847,0.6251812101233271,0.05616606609842705,0.7970913461538462,0.9884615384615385,0.2548747763864043,0.6493738819320215,0.7803125,0.9946428571428572,0.2159468438538206,0.6429817275747508,0.8571428571428571,1.0,0.1717171717171717,0.7122474747474746,0.7449392712550608,1.0,0.2191346153846154,0.6885576923076923,0.0,0.6408571428571428,0.6856460206460206,0.921438522777532,0.44672123015873016,0.7740578102125774,0.09556754392359844,0.3227554179566563,0.3959428300774645,0.9558373592461332,0.9488372093023256,-0.16065823569373464,-0.921536681917509,0.13799231990895341,-0.7084031207532224,26,14,11,-0.9652753835820252,-0.8777979802529929,-0.7084031207532224,0.6277269551041202,0.6222717872881348,
14,adom_matched,0.7442307692307693,0.4409660107334526,0.7392857142857143,0.45348837209302323,0.7922077922077922,0.5050505050505051,0.7327935222672065,0.40384615384615385,0.0641025641025641,0.738996138996139,0.894980694980695,-0.15598455598455596,0.5520252923681737,-0.18891151417955165,0.42872596153846154,0.8664182692307691,0.26565295169946335,0.7048747763864042,0.4410267857142857,0.8875,0.2541528239202658,0.7292774086378737,0.3722943722943723,0.9135281385281385,0.24242424242424243,0.8333333333333334,0.3237854251012146,0.9109311740890689,0.17692307692307693,0.6847115384615384,0.0,0.8900714285714285,0.5166176470588236,0.8623365073601108,0.6226303842905405,0.9500067987567987,-0.24233746130030961,-0.006165211477711519,-0.3094349743570863,2.692757826139749,0.6924418604651162,-0.13675672804426867,-3.0879538128276387,-0.9447884641447614,-2.0677515125524244,26,14,4,-2.55696748555928,-3.618940140095997,-2.0677515125524244,0.3797111839867893,0.7489557019468985,0.5924444444444446
14,dom_matched,0.46057692307692305,0.6520572450805009,0.4125,0.686046511627907,0.5064935064935064,0.7323232323232324,0.3765182186234818,0.6153846153846154,0.8461538461538461,0.6972972972972973,0.8023166023166023,-0.10501930501930501,0.7521114375736785,-0.4102253240690798,0.29420673076923076,0.7528846153846154,0.3961762075134168,0.7862477638640429,0.24107142857142858,0.7305803571428569,0.4102159468438539,0.8488372093023255,0.22489177489177492,0.8268398268398268,0.35353535353535354,0.8939393939393939,0.15384615384615385,0.7449392712550608,0.3306730769230769,0.8153846153846154,0.0751923076923077,1.0,0.5011562049062049,0.8155930296555297,0.5843557098765432,0.8977071277006173,-0.20143130756820765,0.01622233344455561,-2.9728957953453126,6.086143067831835,0.6337209302325582,1.6499554956050964,3.7871988697362227,0.39977238063369097,5.155689011834733,26,14,4,4.021437719632706,3.5529600198397393,5.155689011834733,0.6478837185452591,0.871228830749015,0.7548888888888887
14,probe_strat,0.7519230769230769,0.35867620751341683,0.7464285714285714,0.3687707641196013,0.7316017316017316,0.4595959595959596,0.7611336032388664,0.3192307692307692,0.5641025641025641,0.6208494208494209,0.7158301158301158,-0.09498069498069495,1.8858047639619064,-0.049805812353275844,0.4855528846153846,0.8529326923076922,0.23074686940966013,0.6065071556350625,0.4462946428571429,0.8732142857142857,0.20743355481727577,0.648048172757475,0.3678571428571428,0.9221861471861471,0.1919191919191919,0.7676767676767676,0.41700404858299595,0.9271255060728745,0.13076923076923078,0.6115384615384616,0.21428571428571427,1.0,0.41157121407121405,0.7700092479983784,0.4563076636904762,0.8532912703644411,-0.2689191017316017,0.0932504221784408,-10.334451967734552,23.18438965522387,0.6505813953488372,-0.4951130662855235,-1.9989410953211646,-3.062275001437273,3.160623136397852,26,14,7,-2.6863717423355573,-1.3115104483067717,3.160623136397852,1.8165113463131113,1.964997241274815,0.8315612516138833
14,probe_strat_noinit,0.7451923076923077,0.4087656529516995,0.7446428571428572,0.420265780730897,0.7705627705627706,0.42424242424242425,0.7206477732793523,0.38461538461538464,0.5256410256410257,0.6362934362934363,0.722007722007722,-0.08571428571428574,1.3291148070540202,-0.06224852127875084,0.5086298076923077,0.8509855769230769,0.26833631484794274,0.621690518783542,0.4678125,0.8750446428571428,0.23916112956810634,0.6661960132890364,0.42846320346320343,0.9264069264069265,0.20202020202020202,0.7222222222222222,0.4169028340080972,0.8906882591093117,0.1768269230769231,0.661730769230769,0.11180555555555556,1.0,0.4171585013806376,0.7562855281274586,0.4618082893668831,0.8545278637770898,-0.23454290162881497,0.10758513931888547,-4.980222929996375,11.086788887167067,0.6936046511627907,-0.04285355089477434,-1.2486540761704252,-2.064909558651793,2.112844989563568,26,14,7,-1.1223036606827845,-1.3750044916580657,2.112844989563568,1.222720103702649,1.4507087537413024,0.8355804916331234
14,probe_matched,0.5855769230769231,0.5035778175313059,0.525,0.5714285714285714,0.6926406926406926,0.5050505050505051,0.46558704453441296,0.5,0.5897435897435898,0.5737451737451738,0.7057915057915058,-0.1320463320463321,1.0667730316515192,-0.10719386304606887,0.34134615384615385,0.7173317307692307,0.3434257602862254,0.7004919499105544,0.27316964285714285,0.6821875,0.3786960132890365,0.7608388704318937,0.3071428571428571,0.8572510822510822,0.26755050505050504,0.8031565656565655,0.17803643724696355,0.6843117408906881,0.27692307692307694,0.74625,0.1282051282051282,1.0,0.3992107438778521,0.7087363629662392,0.49647652019556043,0.8609391590250965,-0.2901427469135803,0.035315542071756904,-11.689145826005777,10.805071363165437,0.5819767441860465,0.7272989547113119,-0.74551967760254,-2.277757618496455,4.790205439018729,26,14,4,-0.1162023060517963,-1.3748370491532838,4.790205439018729,0.9233232602225616,1.230715627570328,0.7277777777777777
14,dom_regular,0.9798076923076923,0.7674418604651163,0.9803571428571428,0.7142857142857143,0.974025974025974,0.7323232323232324,0.9919028340080972,0.7807692307692308,0.0,0.9976833976833976,1.0,-0.0023166023166023564,0.4132268393105146,-0.005459942333283956,0.8547836538461538,0.9980769230769231,0.5384391771019678,0.9365161001788909,0.8535267857142856,1.0,0.4301495016611296,0.9286960132890365,0.8225108225108225,1.0,0.38876262626262625,0.9696969696969697,0.8380566801619433,1.0,0.47307692307692306,0.9769230769230769,0.0,0.23173076923076838,0.9659076347466441,1.0,0.9635857878001841,1.0,-0.018532818532818518,0.017763377763377768,0.28680577357112885,0.5658473150256208,1.0,0.2682614507777846,-0.4648108368962882,0.30526055529165896,-0.39047716930001425,26,14,11,-0.4390997242965485,-0.49052194949602795,-0.39047716930001425,0.4013851383615471,0.4267602118236204,
14,dom_regular_verberase,0.9432692307692307,0.6010733452593918,0.9321428571428572,0.5598006644518272,0.974025974025974,0.5757575757575758,0.9635627530364372,0.6192307692307693,0.05128205128205128,0.8895752895752895,0.5405405405405406,0.34903474903474896,0.49220473756196326,0.09220604962941042,0.827764423076923,0.9942307692307693,0.41053220035778176,0.780881037567084,0.7928124999999999,0.9982142857142857,0.34551495016611294,0.7906976744186046,0.7792207792207793,1.0,0.2828282828282828,0.8082070707070705,0.8299595141700404,1.0,0.36923076923076925,0.8539423076923076,0.0,0.25,0.75935546875,0.9448488493596754,0.382993402993403,0.691129966129966,0.20770137132206093,0.4563811430478097,0.32835205771239256,0.6836946161726479,0.9837209302325581,0.10419935219144034,-0.7909645531418172,0.2203338905704794,-0.5925026806268643,26,14,11,-0.7212975947965662,-0.8606315114870682,-0.5925026806268643,0.48208475434049664,0.503770432672211,
14,dom_regular_rank2,0.9182692307692307,0.41949910554561715,0.9196428571428571,0.3853820598006645,0.9783549783549783,0.4292929292929293,0.8987854251012146,0.4076923076923077,0.10256410256410256,0.8517374517374517,0.6277992277992278,0.22393822393822393,0.6134038307514552,0.05052850687976659,0.8036778846153847,0.9817307692307692,0.2530635062611807,0.6565518783542039,0.7749107142857143,0.9964285714285714,0.2225498338870432,0.6495847176079733,0.8354978354978355,1.0,0.1717171717171717,0.7121212121212122,0.6923076923076923,1.0,0.21923076923076923,0.6885576923076923,0.0,0.576875,0.670270643020041,0.922021358744763,0.43119734448924507,0.7709232766072937,0.08512021091331279,0.3320439608134921,0.3819293007241355,0.9556464720227599,0.9436046511627907,-0.19309653471988913,-1.0214042851713985,0.07231215131211567,-0.8454576758171936,26,14,11,-1.0713039909324806,-0.9715045794103163,-0.8454576758171936,0.6053686037319175,0.6225869473452125,
15,adom_matched,0.7298076923076923,0.4007155635062612,0.7357142857142858,0.4019933554817276,0.7316017316017316,0.4595959595959596,0.7206477732793523,0.3769230769230769,0.05128205128205128,0.7328185328185328,0.8926640926640926,-0.15984555984555981,0.49763022519001765,-0.18282360331392228,0.4201442307692308,0.8645192307692308,0.24496869409660108,0.6825581395348836,0.41245535714285714,0.8822767857142856,0.23255813953488372,0.6943936877076412,0.35054112554112554,0.9135281385281385,0.1917929292929293,0.8334595959595958,0.3157894736842105,0.9190283400809717,0.1691346153846154,0.6653846153846154,0.0,0.9285714285714286,0.5092879256965944,0.8532912703644411,0.6357831790123457,0.9450710722885646,-0.2554210024653137,-0.002489054951690838,-1.3062808277540403,3.968003053863951,0.6546511627906977,-0.44734564050004966,-4.9821652207441725,-1.5889299286621599,-3.6141976630846617,26,14,4,-4.277070157428874,-5.687260284059471,-3.6141976630846617,0.2579562016427861,0.7715433949582825,0.6146666666666667
15,dom_matched,0.4230769230769231,0.6556350626118068,0.3964285714285714,0.6760797342192691,0.44155844155844154,0.7373737373737373,0.3603238866396761,0.6115384615384616,0.8717948717948718,0.711969111969112,0.8208494208494208,-0.10888030888030886,0.6630146300593067,-0.42619687595243716,0.26521634615384615,0.7453605769230768,0.38723166368515205,0.7862477638640429,0.22138392857142855,0.7161160714285714,0.40685215946843856,0.842234219269103,0.19047619047619047,0.8356060606060606,0.3333333333333333,0.9193181818181817,0.16194331983805668,0.7328947368421052,0.3230769230769231,0.8269230769230769,0.037037037037037035,1.0,0.5126858304297328,0.8151388888888889,0.5979273824744296,0.9005997611049735,-0.20717912946428574,0.003970593413371351,-4.452496565406874,6.116781702526677,0.6139534883720931,2.102439857661725,5.6842232373656,0.5936017829610297,6.918359420665678,26,14,4,5.747160693208617,5.621285781522584,6.918359420665678,0.5128128661047449,0.8346737888645205,0.7333333333333333
15,probe_strat,0.7586538461538461,0.33899821109123435,0.7821428571428571,0.32059800664451826,0.7489177489177489,0.3838383838383838,0.7813765182186235,0.27692307692307694,0.47435897435897434,0.6656370656370656,0.7791505791505792,-0.11351351351351358,1.6239164618466453,-0.04430826454143402,0.5240144230769231,0.8654326923076923,0.19856887298747763,0.5617173524150268,0.4875,0.8964285714285715,0.16611295681063123,0.5964285714285713,0.45021645021645024,0.935064935064935,0.1513888888888889,0.6919191919191919,0.45334008097165995,0.9271255060728745,0.08846153846153847,0.5771153846153844,0.07142857142857142,1.0,0.4208413026121359,0.8088346014081308,0.5044071583766853,0.8803796653796653,-0.28340258506274135,0.09829721362229105,-11.57184551619334,14.41286680068311,0.6377906976744186,-0.7037718404346582,-3.1758423784078644,-3.005921271387217,2.4653775586326696,26,14,7,-4.071540960080295,-2.280143796735434,2.4653775586326696,1.605915888621864,1.6444885455321097,0.7713766486924382
15,probe_strat_noinit,0.7673076923076924,0.39713774597495527,0.7910714285714285,0.3920265780730897,0.7619047619047619,0.41919191919191917,0.7813765182186235,0.36538461538461536,0.358974358974359,0.6880308880308881,0.7343629343629343,-0.04633204633204624,1.1254933784385628,-0.054936797377677385,0.5384134615384615,0.8567307692307692,0.2459525939177102,0.5867844364937388,0.5267410714285714,0.8929017857142857,0.22084717607973423,0.6129568106312292,0.47619047619047616,0.9221861471861471,0.1715909090909091,0.6767676767676768,0.48168016194331986,0.9150809716599189,0.16153846153846155,0.6153846153846154,0.07142857142857142,0.9642857142857143,0.45537335488960873,0.8087324929971988,0.47753482972136224,0.8576101573005598,-0.21997555001568983,0.11192655723905719,-3.164026083349079,8.872645137564877,0.6901162790697675,-0.1476357909100116,-1.8073611603383841,-2.0085342760743967,1.1248860990515024,26,14,7,-1.8089486331543585,-1.8057736875224095,1.1248860990515024,1.0644628980603752,1.1952424988707775,0.8067257031467557
15,probe_matched,0.5951923076923077,0.5062611806797853,0.55,0.5614617940199336,0.6406926406926406,0.5353535353535354,0.5182186234817814,0.4653846153846154,0.5,0.6355212355212355,0.7413127413127413,-0.10579150579150576,0.7702625483779337,-0.0989369608278881,0.34028846153846154,0.7057932692307692,0.3488372093023256,0.7057692307692307,0.27129464285714283,0.7107142857142857,0.3488372093023256,0.7691029900332226,0.29004329004329005,0.8225108225108225,0.23737373737373738,0.8282828282828283,0.2104251012145749,0.7288461538461537,0.27692307692307694,0.7424038461538461,0.041666666666666664,1.0,0.44910169809550615,0.7531108446936621,0.5193153178212074,0.8695033345033345,-0.30039628914628913,0.049823999473736794,-7.373387132517785,6.107731649114179,0.5895348837209302,0.522883596662877,-1.5076604820135457,-1.6398649437066186,3.4508376380572536,26,14,4,-0.9459242299641869,-2.0693967340629045,3.4508376380572536,0.7631227651873987,0.7784223005956878,0.7413333333333333
15,dom_regular,0.9759615384615384,0.7325581395348837,0.975,0.6960132890365448,0.9696969696969697,0.6515151515151515,0.9919028340080972,0.7653846153846153,0.0,0.9969111969111969,0.9984555984555985,-0.001544401544401608,0.40145510430090653,-0.0060483946066257985,0.8489903846153846,0.9980769230769231,0.4892441860465116,0.9338103756708408,0.8428571428571429,1.0,0.3886212624584718,0.9153654485049832,0.8268398268398268,1.0,0.3484848484848485,0.9292929292929293,0.8259109311740891,1.0,0.46923076923076923,0.9692307692307692,0.0,0.31,0.9496352681205743,1.0,0.9535627557421421,1.0,-0.023148595023595016,0.01776341082724062,0.2799687123519161,0.5608582340931082,0.9918604651162791,0.21682129730917513,-0.7301257544058879,0.2402778428867034,-0.5862024355366152,26,14,11,-0.6975283986397994,-0.7627231101719765,-0.5862024355366152,0.38496591774681344,0.4202998889341557,
15,dom_regular_verberase,0.9471153846153846,0.575134168157424,0.9357142857142857,0.5614617940199336,0.9696969696969697,0.5404040404040404,0.97165991902834,0.5961538461538461,0.0641025641025641,0.8872586872586873,0.505019305019305,0.38223938223938225,0.508133354250236,0.09554962994614556,0.8201682692307692,0.9903846153846154,0.3935375670840787,0.7594141323792487,0.7928571428571428,0.9964285714285714,0.3371262458471761,0.7791528239202657,0.8137445887445888,1.0,0.2523989898989899,0.7878787878787878,0.8460526315789474,1.0,0.3460576923076923,0.8269230769230769,0.0,0.295502645502645,0.7632532728040541,0.9463178346297367,0.3471924603174603,0.6563688465250964,0.23456790123456783,0.4969040247678019,0.35451195665858987,0.7137092129959113,0.977906976744186,0.03403279905316679,-1.1067508567555624,0.142265727717743,-0.8414684190549234,26,14,11,-1.0091750986791705,-1.204326614831954,-0.8414684190549234,0.5001692972805417,0.5172351336441723,
15,dom_regular_rank2,0.9240384615384616,0.407871198568873,0.9178571428571428,0.39867109634551495,0.9696969696969697,0.398989898989899,0.9271255060728745,0.3923076923076923,0.11538461538461539,0.8602316602316602,0.6,0.2602316602316602,0.6415492149828628,0.05333506457591633,0.7845192307692308,0.9807932692307691,0.24769677996422185,0.6288237924865832,0.7339285714285714,0.9875446428571428,0.21424418604651163,0.6495431893687708,0.8095238095238095,1.0,0.15656565656565657,0.7122474747474746,0.7286437246963563,1.0,0.19615384615384615,0.6653846153846154,0.0,0.6621666666666662,0.6641562991562991,0.9202794843266253,0.41647076231060604,0.746722068050193,0.10411435786435783,0.35536967418546356,0.38635289282529256,1.0901108386722844,0.9296511627906977,-0.28606311322429917,-1.4559535932507326,-0.05043201215123796,-1.2232381356617223,26,14,11,-1.4372286387499265,-1.4746785477515387,-1.2232381356617223,0.6801660133803435,0.5974157311000273,
16,adom_matched,0.7625,0.4016100178890877,0.7785714285714286,0.4003322259136213,0.7619047619047619,0.4595959595959596,0.7732793522267206,0.38076923076923075,0.05128205128205128,0.7474903474903475,0.8872586872586873,-0.1397683397683398,0.521926881343893,-0.18524363855927564,0.42115384615384616,0.8817548076923076,0.25400268336314846,0.6923076923076923,0.42495535714285715,0.8964732142857142,0.21590531561461795,0.7026578073089701,0.3722943722943723,0.935064935064935,0.1919191919191919,0.8435606060606059,0.2993927125506073,0.9149797570850202,0.18846153846153846,0.6848076923076921,0.0,0.9615384615384616,0.5293470982142857,0.8664311335144669,0.6148345759982298,0.9451857058922276,-0.24377513111888113,0.014163376347594524,-0.35670439942435483,2.6340422504464684,0.6767441860465117,-0.38678944674677673,-3.8429835467961713,-1.2703772535229187,-2.7545376861425486,26,14,4,-3.3140583352595194,-4.371908758332823,-2.7545376861425486,0.3441830965759424,0.7250626353644078,0.6011111111111112
16,dom_matched,0.45,0.6574239713774598,0.42678571428571427,0.6760797342192691,0.48917748917748916,0.7272727272727273,0.38461538461538464,0.6307692307692307,0.8717948717948718,0.7235521235521235,0.8324324324324325,-0.10888030888030897,0.708704568639811,-0.42644938146280353,0.28170673076923075,0.7808173076923076,0.36493738819320215,0.8014534883720931,0.2357142857142857,0.7821428571428571,0.36872923588039863,0.8372093023255814,0.19480519480519481,0.8571428571428571,0.32815656565656565,0.9294191919191918,0.1700404858299595,0.7976720647773278,0.3269230769230769,0.8269230769230769,0.03965384615384616,1.0,0.5239827659371004,0.8252566308544569,0.6093722852316602,0.9133171777482922,-0.19924324622241288,0.013128175167648888,-2.2821593504340236,6.151898750286325,0.6424418604651163,1.7265434936305808,5.04215432247017,0.42634159323130044,5.798153636058126,26,14,4,5.0340681723697545,5.050240472570586,5.798153636058126,0.6827206587664405,0.7384004656379488,0.7524444444444446
16,probe_strat,0.7653846153846153,0.3756708407871199,0.7732142857142857,0.3704318936877076,0.7878787878787878,0.41919191919191917,0.7894736842105263,0.3038461538461538,0.5384615384615384,0.6996138996138996,0.7629343629343629,-0.06332046332046326,1.113251416445261,-0.03931551452933023,0.5335336538461538,0.8759855769230769,0.21911896243291593,0.5680008944543828,0.4963392857142857,0.9036160714285714,0.184343853820598,0.6113372093023256,0.46320346320346323,0.9611471861471861,0.1513888888888889,0.702020202020202,0.43309716599190284,0.9149797570850202,0.1346153846153846,0.6076923076923076,0.10714285714285714,1.0,0.46639340925729594,0.824717664092664,0.4876004380475595,0.8749155629534886,-0.23920606399363284,0.1366907760091401,-4.832583110100012,8.36964770227349,0.6761627906976744,-0.3330611206555806,-1.8162920348160347,-2.3285675555198204,2.215022611834386,26,14,7,-2.427131472843345,-1.2054525967887246,2.215022611834386,0.9136755629396589,1.341338106165949,0.7765083415609733
16,probe_strat_noinit,0.7826923076923077,0.41323792486583183,0.8,0.4069767441860465,0.8008658008658008,0.398989898989899,0.7813765182186235,0.4115384615384615,0.4230769230769231,0.7413127413127413,0.7328185328185328,0.008494208494208455,0.8646081814481574,-0.05002284588733615,0.5518990384615385,0.8731009615384615,0.24776386404293382,0.5876788908765653,0.5409821428571429,0.9107142857142857,0.21756644518272428,0.6029900332225914,0.5107142857142858,0.9393939393939394,0.13636363636363635,0.6818181818181818,0.4574898785425101,0.9272267206477731,0.18076923076923077,0.65,0.07663817663817665,0.9290476190476192,0.4957175925925926,0.8259577922077922,0.4732428803080977,0.8634645061728394,-0.17839422756089418,0.15938354396144772,0.28809161400134586,4.650188689205742,0.7180232558139535,-0.032268064979404196,-1.2680353126333528,-1.8221782454321593,1.1283668160098583,26,14,7,-1.3149861131607536,-1.2210845121059521,1.1283668160098583,0.7090495401274248,1.042389485814709,0.8158234475076581
16,probe_matched,0.6230769230769231,0.5098389982110912,0.5660714285714286,0.574750830564784,0.7142857142857143,0.4444444444444444,0.5101214574898786,0.5076923076923077,0.5769230769230769,0.6826254826254826,0.7444015444015444,-0.061776061776061764,0.6197564213961086,-0.09517379378642207,0.36343749999999997,0.7317548076923076,0.35328711985688727,0.7057468694096601,0.29816964285714287,0.7446875,0.3637458471760797,0.760797342192691,0.2812770562770563,0.8701298701298701,0.22727272727272727,0.8131313131313131,0.19838056680161945,0.7246963562753036,0.2729807692307692,0.7577884615384615,0.07407407407407407,1.0,0.4786309523809524,0.789192734377177,0.4885842264669275,0.8731309321939217,-0.23700100853738626,0.11658775252525243,-5.3592731015947095,6.891849008662283,0.6273255813953489,0.4147209351452508,-0.42310891833082176,-1.1260756760575703,2.6285985097092586,26,14,4,-0.4327277203343514,-0.4134901163272921,2.6285985097092586,0.5648520723538826,0.6825042488729381,0.7340000000000001
16,dom_regular,0.9807692307692307,0.7316636851520573,0.9821428571428571,0.6843853820598007,0.974025974025974,0.6616161616161617,0.9959514170040485,0.7653846153846153,0.0,0.9976833976833976,0.9984555984555985,-0.0007722007722008595,0.3958661419555347,-0.007735314108254591,0.8528365384615384,1.0,0.5044499105545617,0.9338103756708408,0.8660267857142857,1.0,0.4101744186046512,0.921968438538206,0.8224025974025975,1.0,0.3534090909090909,0.9445707070707069,0.8622469635627531,1.0,0.46528846153846154,0.9616346153846154,0.0,0.3,0.9543299300458743,1.0,0.9521207729179866,1.0,-0.016505439591377114,0.022414472190013947,0.2704258857281225,0.5513247291960917,0.9941860465116279,0.21900540068813829,-0.6436653187787071,0.24711338479169007,-0.5195702653814583,26,14,11,-0.620123196608585,-0.6672074409488294,-0.5195702653814583,0.36683657451331886,0.4290427904609241,
16,dom_regular_verberase,0.9538461538461539,0.5626118067978533,0.9410714285714286,0.5332225913621262,0.9696969696969697,0.5353535353535354,0.979757085020243,0.5615384615384615,0.0641025641025641,0.8857142857142857,0.5011583011583012,0.3845559845559845,0.5258995182607349,0.09335988251081288,0.8326923076923077,0.9961538461538462,0.3827817531305904,0.7406529516994632,0.8177232142857143,1.0,0.31561461794019935,0.7757475083056479,0.8268398268398268,1.0,0.26755050505050504,0.7678030303030301,0.8623481781376519,1.0,0.3346153846153846,0.8038461538461539,0.0,0.2599814814814815,0.7474301541059999,0.9406341586349332,0.3295749271936859,0.643363997113997,0.23853640572390572,0.5062022643678991,0.36946065910149367,0.7286754569945156,0.9796511627906976,-0.00676730451736488,-1.179797174867939,0.11194596413356483,-0.8937698737166453,26,14,11,-1.0901606508843182,-1.2694336988515598,-0.8937698737166453,0.5189194247557962,0.5338767679806649,
16,dom_regular_rank2,0.9278846153846154,0.4007155635062612,0.9196428571428571,0.38870431893687707,0.9696969696969697,0.35858585858585856,0.9311740890688259,0.41923076923076924,0.1282051282051282,0.8525096525096525,0.555984555984556,0.2965250965250965,0.6158661371897257,0.05761105421339158,0.8028846153846154,0.9865384615384616,0.24593023255813953,0.6315742397137746,0.7856696428571428,0.9946428571428572,0.21262458471760798,0.6229235880398671,0.844047619047619,1.0,0.14646464646464646,0.6818181818181818,0.7368421052631579,1.0,0.20759615384615387,0.6846153846153846,0.0,0.631296296296296,0.6709815627030539,0.9148656119631352,0.37461053738143524,0.6946428571428571,0.15353983820428294,0.396547484879507,0.36845967818076575,0.9600100537273113,0.9383720930232559,-0.29884522553876136,-1.4665445319576893,-0.08647526290647012,-1.2504219505968894,26,14,11,-1.4488027980301421,-1.4842862658852363,-1.2504219505968894,0.6253302118394204,0.6050500518757885,
17,adom_matched,0.7548076923076923,0.4087656529516995,0.7660714285714286,0.41362126245847175,0.7575757575757576,0.4595959595959596,0.7611336032388664,0.39615384615384613,0.05128205128205128,0.7544401544401544,0.8903474903474904,-0.13590733590733595,0.3939825465645146,-0.20231797424842832,0.42882211538461534,0.8788701923076923,0.2477191413237925,0.6807692307692307,0.43214285714285716,0.8875446428571427,0.2425249169435216,0.7010797342192691,0.341991341991342,0.9307359307359307,0.21199494949494951,0.8435606060606059,0.32388663967611336,0.9230769230769231,0.18067307692307694,0.6961538461538461,0.0,0.937820512820513,0.5249831081081081,0.8599264705882353,0.6561765602400278,0.9476633674485236,-0.2614310920282753,0.010974862810800212,-0.7523397621676232,2.0443755275261424,0.6738372093023256,-0.3072722427722815,-3.4776399839572196,-1.205989196306713,-2.570930956213393,26,14,4,-2.9966210386649377,-3.9586589292495016,-2.570930956213393,0.18932139060197092,0.6278810105217074,0.6091111111111112
17,dom_matched,0.4355769230769231,0.667262969588551,0.4142857142857143,0.6926910299003323,0.45454545454545453,0.7373737373737373,0.3684210526315789,0.6269230769230769,0.8846153846153846,0.7428571428571429,0.8532818532818532,-0.11042471042471036,0.5921449685906628,-0.4373056044415846,0.2826682692307692,0.7462740384615384,0.37918157423971377,0.7942754919499105,0.22495535714285714,0.7716071428571427,0.396843853820598,0.8455564784053157,0.1946969696969697,0.8399350649350649,0.32815656565656565,0.9242424242424242,0.1700404858299595,0.7855263157894735,0.32682692307692307,0.8153846153846154,0.06666666666666667,1.0,0.5343283184984521,0.8383167078020018,0.629587049424006,0.9236078517133204,-0.20981154423491882,0.006201737451737352,-3.5469921464274186,3.7057464672082485,0.6325581395348837,1.865488783233975,5.347733935569127,0.41499429216294353,5.994472501142463,26,14,4,5.241544848905914,5.45392302223234,5.994472501142463,0.5909349504765326,0.5935278464353828,0.7284444444444446
17,probe_strat,0.7759615384615385,0.37656529516994636,0.7696428571428572,0.3920265780730897,0.7748917748917749,0.3838383838383838,0.7894736842105263,0.3346153846153846,0.6282051282051282,0.6857142857142857,0.8007722007722008,-0.11505791505791507,1.1511161820017193,-0.04236216687675008,0.5375,0.8759855769230769,0.2316413237924866,0.5715787119856888,0.49267857142857147,0.8875,0.2075996677740864,0.6262458471760798,0.47619047619047616,0.948051948051948,0.16161616161616163,0.6718434343434342,0.42904858299595144,0.9191295546558703,0.1346153846153846,0.6308653846153846,0.1794871794871795,1.0,0.46331476331476334,0.8795482625482626,0.5703148161648564,0.9034960555793888,-0.28676277611722684,0.09688731353785522,-5.112800429990351,9.798385535891482,0.6732558139534883,-0.3334855213035378,-1.077896867015649,-2.1331219473413636,2.731964708944289,26,14,7,-1.9532531457285023,-0.20254058830279592,2.731964708944289,0.8877284248640989,1.4521307615875707,0.7782324751272119
17,probe_strat_noinit,0.7807692307692308,0.4150268336314848,0.775,0.43521594684385384,0.8225108225108225,0.3888888888888889,0.7651821862348178,0.4269230769230769,0.6153846153846154,0.7644787644787645,0.827027027027027,-0.06254826254826251,0.9162935439538132,-0.05135142195247018,0.5596153846153846,0.8827403846153845,0.25398032200357784,0.5805008944543828,0.5,0.8946428571428572,0.2358388704318937,0.6495431893687708,0.4804112554112554,0.935064935064935,0.16666666666666666,0.6767676767676768,0.45738866396761135,0.9271255060728745,0.17307692307692307,0.6577884615384615,0.16666666666666666,1.0,0.5134663733500943,0.8498887537471129,0.5530841090425531,0.9055877575201621,-0.23990587812254133,0.09557813365079273,0.30363669565577145,4.216823362165071,0.711046511627907,-0.04737949733836688,-0.6107006463950513,-1.5540498985802849,1.5208280880381744,26,14,7,-0.7787100051154011,-0.44269128767470145,1.5208280880381744,0.7589736340031276,1.0960877267545968,0.8056215032530822
17,probe_matched,0.6105769230769231,0.5008944543828264,0.5517857142857143,0.5631229235880398,0.6796536796536796,0.45454545454545453,0.5465587044534413,0.47692307692307695,0.6410256410256411,0.7258687258687259,0.8177606177606178,-0.09189189189189195,0.8448253341716405,-0.08533661379845632,0.3499519230769231,0.7510576923076923,0.3300313059033989,0.6896466905187836,0.2838392857142857,0.7411160714285714,0.3454734219269103,0.7475498338870432,0.2727272727272727,0.8357142857142855,0.24242424242424243,0.7829545454545453,0.2591093117408907,0.7774291497975707,0.2653846153846154,0.7424038461538461,0.14285714285714285,1.0,0.5127413127413127,0.8158712121212122,0.5655971827651515,0.9077786688051324,-0.25021475924935893,0.07863815679033061,-6.545812743913647,8.092123235643623,0.5959302325581395,0.335315977838471,-0.20224368206029986,-1.6999414270380224,3.4847894352861712,26,14,4,-0.524349304478263,0.11986194035766326,3.4847894352861712,0.8921214628220182,0.7907726157140661,0.7395555555555556
17,dom_regular,0.9769230769230769,0.7262969588550984,0.9785714285714285,0.6893687707641196,0.9696969696969697,0.6515151515151515,0.9919028340080972,0.7615384615384615,0.0,0.9976833976833976,0.9984555984555985,-0.0007722007722008595,0.38264939315229834,-0.019265939562717074,0.8615144230769232,1.0,0.49548300536672635,0.935644007155635,0.8606250000000001,1.0,0.3903654485049834,0.9252906976744186,0.8398268398268398,1.0,0.35353535353535354,0.9343434343434344,0.8623481781376519,1.0,0.45384615384615384,0.9769230769230769,0.0,0.34177884615384607,0.9589613679642287,1.0,0.9552347883597884,1.0,-0.021253833431173617,0.02174639961687132,0.26245977600982834,0.5371107023026388,0.9953488372093023,0.2127129510341021,-0.6529549550598193,0.254419491235974,-0.5482368471531249,26,14,11,-0.622836986347121,-0.6830729237725175,-0.5482368471531249,0.35518053762543483,0.4140423708972851,
17,dom_regular_verberase,0.9519230769230769,0.5822898032200358,0.9357142857142857,0.5548172757475083,0.9696969696969697,0.5606060606060606,0.9838056680161943,0.573076923076923,0.0641025641025641,0.8795366795366796,0.4972972972972973,0.38223938223938225,0.49596610430663035,0.07569420844154744,0.8403125,0.9942307692307693,0.37922629695885507,0.7522584973166369,0.7999553571428571,1.0,0.3238372093023256,0.7906976744186046,0.8180735930735932,1.0,0.27260101010101007,0.8181818181818182,0.8421052631578947,1.0,0.3306730769230769,0.8115384615384615,0.0,0.25942592592592595,0.7491486068111455,0.9425688982371697,0.35747104247104244,0.6498939547754895,0.2268341241201105,0.4789111479295665,0.3423301893901362,0.6811341173042565,0.9796511627906976,0.022137548721431255,-1.0567859037590845,0.14804764733082815,-0.8358098447403366,26,14,11,-0.9774731364430314,-1.1360986710751377,-0.8358098447403366,0.4757503555939827,0.5190698171210848,
17,dom_regular_rank2,0.9153846153846154,0.4150268336314848,0.9178571428571428,0.39368770764119604,0.974025974025974,0.3888888888888889,0.902834008097166,0.4115384615384615,0.15384615384615385,0.8424710424710424,0.5451737451737452,0.29729729729729726,0.6061525133890364,0.0405659032796061,0.7921874999999999,0.9817307692307692,0.2647361359570662,0.6047629695885508,0.7553124999999999,0.9910714285714286,0.2225498338870432,0.6561461794019934,0.8267316017316018,1.0,0.1717171717171717,0.7070707070707071,0.7326923076923078,1.0,0.20375000000000001,0.6654807692307692,0.02182065217391305,0.7032407407407412,0.6707159836559423,0.9039092129450464,0.3815499606608969,0.700240421818794,0.13000412398245212,0.3865587471851949,0.3622459452558535,0.9956407653486969,0.9406976744186046,-0.2679860350940324,-1.3706744858390831,-0.08627355156794449,-1.150530367557001,26,14,11,-1.3590145693014621,-1.3823344023767041,-1.150530367557001,0.582765253431534,0.6328808104833247,
18,adom_matched,0.7480769230769231,0.4186046511627907,0.7482142857142857,0.4318936877076412,0.7619047619047619,0.4696969696969697,0.7449392712550608,0.4076923076923077,0.05128205128205128,0.7667953667953668,0.8911196911196911,-0.12432432432432439,0.33339032390889894,-0.2240015501177936,0.43173076923076925,0.8682692307692308,0.2495304114490161,0.6914803220035778,0.4320535714285714,0.8875,0.24750830564784054,0.7126245847176079,0.35909090909090907,0.9264069264069265,0.21704545454545457,0.853661616161616,0.3481781376518219,0.9191295546558703,0.18846153846153846,0.7000961538461538,0.0,0.9302948717948716,0.5183743662033394,0.8545278637770898,0.6493786168981481,0.9399181297097964,-0.258794671000788,0.0031084280303031063,-0.8451985078423792,1.9675363642565933,0.6732558139534883,-0.23447459444025295,-3.091192721326274,-1.1017841020352839,-2.389617226467429,26,14,4,-2.58806629486221,-3.5943191477903382,-2.389617226467429,0.10307420544741208,0.5966087450077412,0.6091111111111112
18,dom_matched,0.43653846153846154,0.6699463327370304,0.4125,0.6926910299003323,0.4675324675324675,0.7424242424242424,0.3643724696356275,0.6346153846153846,0.8717948717948718,0.7328185328185328,0.8532818532818532,-0.12046332046332042,0.5732164490187769,-0.43420542173574456,0.2721153846153846,0.7491826923076922,0.39979874776386404,0.7960867620751342,0.22495535714285714,0.7571874999999999,0.38870431893687707,0.8421926910299004,0.2076839826839827,0.8442640692640692,0.3383838383838384,0.9294191919191918,0.1618421052631579,0.757085020242915,0.33442307692307693,0.8231730769230768,0.06690384615384616,1.0,0.5269777366652366,0.8465774980330448,0.6410216718266254,0.9210572038203617,-0.21646733937239612,-0.0007818765036086654,-2.511935570888661,4.78990283826663,0.6296511627906977,1.7701070543785025,4.253829520335007,0.17955885497242674,5.070973368793781,26,14,4,4.292023134069939,4.215635906600076,5.070973368793781,0.5968925289786107,0.5461580719218239,0.7444444444444446
18,probe_strat,0.7471153846153846,0.38998211091234347,0.7357142857142858,0.4186046511627907,0.7229437229437229,0.4292929292929293,0.7813765182186235,0.33076923076923076,0.6153846153846154,0.6277992277992278,0.7328185328185328,-0.10501930501930501,1.0206901540506628,-0.04688735292424329,0.5028365384615384,0.8682932692307692,0.22808586762075134,0.5957066189624329,0.4481696428571429,0.8875446428571427,0.22583056478405317,0.6428986710963456,0.4067099567099567,0.9393939393939394,0.1717171717171717,0.7424242424242424,0.4251012145748988,0.9312753036437246,0.13846153846153847,0.6077884615384614,0.14285714285714285,1.0,0.4228335339983947,0.8187011483886484,0.48673252534477807,0.8633857266865078,-0.2806807700710808,0.13231032213671098,-2.8034158691658915,8.302511958758386,0.6831395348837209,-0.18229132341196347,-1.1272272909009313,-2.2416510889913894,2.5116548244699555,26,14,7,-2.0352350135495936,-0.21921956825226893,2.5116548244699555,0.8974624429024205,1.1615218239343683,0.7740759474443685
18,probe_strat_noinit,0.7721153846153846,0.42486583184257604,0.7785714285714286,0.45182724252491696,0.7835497835497836,0.4444444444444444,0.7732793522267206,0.4076923076923077,0.5512820512820513,0.6911196911196911,0.7413127413127413,-0.050193050193050204,0.8174791127695158,-0.05178433998677384,0.5316346153846154,0.872139423076923,0.2647361359570662,0.6163014311270125,0.4855357142857143,0.8875892857142856,0.2657392026578073,0.6528654485049834,0.45021645021645024,0.9265151515151515,0.18674242424242427,0.7424242424242424,0.4451417004048583,0.9029352226720646,0.18836538461538463,0.676923076923077,0.16666666666666666,0.9871794871794872,0.4476522956326988,0.7890053527553528,0.46698227070433435,0.8521722494052215,-0.2447029429395677,0.13396851049093345,0.2266197912588167,4.677736916181037,0.7186046511627907,0.03900893310944916,-0.7259314307205502,-1.5876839457343515,1.1382275572666736,26,14,7,-0.8781996661059397,-0.5736631953351607,1.1382275572666736,0.7693724263559523,0.8724581829564456,0.8054308751677173
18,probe_matched,0.5894230769230769,0.4937388193202147,0.5125,0.5631229235880398,0.6363636363636364,0.4797979797979798,0.5263157894736842,0.48846153846153845,0.5897435897435898,0.6749034749034749,0.7243243243243244,-0.049420849420849455,0.5323083384589655,-0.08778407926912175,0.3374519230769231,0.7509855769230769,0.3309257602862254,0.69054114490161,0.2606696428571429,0.7180357142857141,0.3538205980066445,0.7625415282392026,0.2554112554112554,0.8225108225108225,0.2523989898989899,0.8284090909090908,0.2063765182186235,0.740991902834008,0.2846153846153846,0.7384615384615385,0.07663817663817665,1.0,0.44717036435786434,0.775193621482684,0.45425696594427245,0.8662705608280881,-0.26313764906547416,0.13593844089937834,-5.717210354916719,9.424770418784346,0.5872093023255814,0.5211425861755583,-0.6927843862773397,-1.6667967141240971,3.1552440391523398,26,14,4,-1.1979290729214884,-0.187639699633191,3.1552440391523398,0.8188374048035545,0.2048465483508642,0.6735555555555556
18,dom_regular,0.9807692307692307,0.7459749552772809,0.9839285714285714,0.7043189368770764,0.974025974025974,0.6818181818181818,0.9919028340080972,0.7653846153846153,0.0,0.9976833976833976,0.9976833976833976,0.0,0.3918875205368363,-0.022761384744106234,0.8596153846153847,0.9980769230769231,0.506216457960644,0.9186940966010733,0.8624553571428571,1.0,0.42857142857142855,0.9252906976744186,0.8267316017316018,1.0,0.36363636363636365,0.949621212121212,0.8502024291497976,1.0,0.45,0.9576923076923077,0.0,0.23076923076923078,0.9543225013117376,1.0,0.9468044532627866,1.0,-0.021739552717813575,0.02701945282221634,0.2718457583006128,0.5458564899888312,0.9982558139534884,0.2232124604882279,-0.5581685460883483,0.2833640349135086,-0.48805821978014596,26,14,11,-0.5318622806618402,-0.5844748115148566,-0.48805821978014596,0.3635558159358665,0.4242666115093733,
18,dom_regular_verberase,0.9538461538461539,0.5599284436493739,0.9410714285714286,0.5465116279069767,0.974025974025974,0.5303030303030303,0.9757085020242915,0.5653846153846154,0.07692307692307693,0.8694980694980695,0.5019305019305019,0.3675675675675676,0.4995164419411497,0.07705999477822478,0.8307451923076924,0.9903846153846154,0.3694096601073345,0.7540921288014311,0.8035267857142857,0.9964285714285714,0.3155730897009967,0.7741279069767442,0.8267316017316018,1.0,0.25252525252525254,0.797979797979798,0.8299595141700404,1.0,0.29221153846153847,0.8038461538461539,0.0,0.32,0.7142304290137108,0.928125,0.3421047551310709,0.6459722601847405,0.22021621317844767,0.4730010415472231,0.32956809921075325,0.6962922696033748,0.9825581395348837,0.012400032876851624,-0.8906035767592801,0.19891307381436027,-0.7497004380140256,26,14,11,-0.827596244604067,-0.9536109089144934,-0.7497004380140256,0.4675386963724883,0.5360624368767627,
18,dom_regular_rank2,0.9192307692307692,0.3998211091234347,0.9196428571428571,0.39700996677740863,0.9826839826839827,0.40404040404040403,0.902834008097166,0.38076923076923075,0.19230769230769232,0.8362934362934363,0.5397683397683398,0.2965250965250965,0.6152442222221487,0.03941897383510282,0.7836538461538461,0.9817548076923076,0.23790250447227193,0.6208184257602861,0.7642857142857142,0.9910714285714286,0.21428571428571427,0.6296511627906975,0.8268398268398268,1.0,0.16161616161616163,0.6717171717171717,0.7204453441295547,1.0,0.16144230769230772,0.6308653846153846,0.03571428571428571,0.705555555555555,0.6477982215231614,0.9000863637606359,0.3562446557570397,0.693086450659228,0.1267025107361916,0.3892352265719693,0.37479184812682775,0.9851716705372747,0.9383720930232559,-0.27142576314040606,-1.0752203669853868,-0.02709670514048083,-1.0165264126687896,26,14,11,-1.134441542650655,-1.0159991913201183,-1.0165264126687896,0.577100234501288,0.6588373510459891,
19,adom_matched,0.7490384615384615,0.42486583184257604,0.7535714285714286,0.43853820598006643,0.7489177489177489,0.47474747474747475,0.7692307692307693,0.41923076923076924,0.05128205128205128,0.7598455598455598,0.9003861003861003,-0.14054054054054055,0.43244893412179586,-0.22594802153196006,0.4403605769230769,0.883701923076923,0.24505813953488373,0.682468694096601,0.43558035714285714,0.8892857142857142,0.24082225913621264,0.6944352159468438,0.35054112554112554,0.935064935064935,0.19166666666666668,0.848611111111111,0.3237854251012146,0.9272267206477731,0.18461538461538463,0.7,0.0,0.9083333333333333,0.5126820401820401,0.8652691733941734,0.6643102843102844,0.9543711107932193,-0.2675174720938238,0.002317281008687188,-0.9840365394821755,2.6953678109600867,0.6604651162790698,-0.25830763343483076,-3.0623139704904796,-1.0643500940449684,-2.3991127374411176,26,14,4,-2.543444172034232,-3.5811837689467274,-2.3991127374411176,0.2711186427619249,0.6168264099616483,0.5931111111111111
19,dom_matched,0.4346153846153846,0.6636851520572451,0.40714285714285714,0.6827242524916943,0.46320346320346323,0.7373737373737373,0.3724696356275304,0.6346153846153846,0.8717948717948718,0.7297297297297297,0.8571428571428571,-0.12741312741312738,0.6287918501564297,-0.41963456518597614,0.24805288461538463,0.7557932692307692,0.4015652951699464,0.8059257602862254,0.20174107142857142,0.751875,0.3818936877076412,0.8488372093023255,0.17316017316017315,0.8268398268398268,0.3282828282828283,0.9040404040404041,0.1618421052631579,0.7530364372469636,0.3498076923076923,0.8347115384615384,0.07635327635327636,1.0,0.5092149675148873,0.8306239478114479,0.6301361268939395,0.9269746071829404,-0.24326025243994,0.003164058020869111,-3.8240043502056427,5.546033928783283,0.6238372093023256,1.831011560545258,4.3073793249083,0.24927906011779535,5.2288250622225,26,14,4,4.335749124367318,4.2790095254492835,5.2288250622225,0.7046944810315627,0.5420459862991347,0.7166666666666667
19,probe_strat,0.7413461538461539,0.4150268336314848,0.7375,0.4269102990033223,0.7056277056277056,0.48484848484848486,0.7854251012145749,0.35384615384615387,0.5769230769230769,0.6077220077220077,0.7644787644787645,-0.15675675675675682,1.282430954808987,-0.043713904050232864,0.4980769230769231,0.8788461538461538,0.23076923076923078,0.6046958855098389,0.45357142857142857,0.9018303571428571,0.21262458471760798,0.6561461794019934,0.4154761904761905,0.9437229437229437,0.15656565656565657,0.7525252525252525,0.4169028340080972,0.9109311740890689,0.1498076923076923,0.6576923076923077,0.2,1.0,0.3962659801136364,0.7887481555892233,0.4586485046555857,0.8784917868965467,-0.2973166023166024,0.11531692944736394,-4.249767166406867,12.480494410160857,0.6796511627906977,-0.0718916951236384,-0.8985895821163181,-2.455560935907447,2.7108921161655015,26,14,7,-1.783656606697541,-0.013522557535095318,2.7108921161655015,1.286165000554838,1.2781634739565857,0.7406225412014885
19,probe_strat_noinit,0.7865384615384615,0.407871198568873,0.7946428571428571,0.41029900332225916,0.8051948051948052,0.41919191919191917,0.7773279352226721,0.39615384615384613,0.5256410256410257,0.6555984555984556,0.7250965250965251,-0.06949806949806947,0.8636836903200175,-0.049335247569527854,0.5517067307692308,0.8846153846153846,0.2423747763864043,0.5948345259391771,0.5249107142857143,0.9107142857142857,0.23255813953488372,0.6279485049833887,0.4803030303030303,0.9523809523809523,0.16666666666666666,0.7122474747474746,0.46558704453441296,0.9110323886639675,0.18846153846153846,0.6884615384615385,0.17478260869565215,0.9722962962962955,0.42581883827688,0.7646419552669552,0.4093191964285714,0.8523962892161683,-0.23765701890701885,0.149811776061776,0.16377420570210793,5.233450992774516,0.7296511627906976,-0.018251532966820826,-0.8861186773820364,-1.7922586459788488,1.1160293094543923,26,14,7,-0.9841327275963074,-0.7881046271677655,1.1160293094543923,0.7960946777381082,0.9409282761279135,0.8017393736867421
19,probe_matched,0.5980769230769231,0.5125223613595706,0.5339285714285714,0.5880398671096345,0.6233766233766234,0.494949494949495,0.5546558704453441,0.5153846153846153,0.5769230769230769,0.7057915057915058,0.7606177606177607,-0.054826254826254806,0.4716244718180077,-0.07421935470935831,0.3345673076923077,0.7538701923076923,0.3300313059033989,0.6871422182468692,0.2624107142857143,0.7162499999999998,0.3637043189368771,0.7591362126245847,0.2554112554112554,0.8312770562770563,0.21717171717171718,0.8080808080808081,0.22661943319838057,0.7652834008097165,0.2768269230769231,0.74625,0.09434782608695653,1.0,0.47313776390372136,0.8049841615166692,0.453090086148876,0.8906493534109584,-0.23854100854100854,0.14870854419416354,-7.937744245852949,7.330390610918577,0.6011627906976744,0.4822042874871248,-0.4452549537214008,-1.3873868364591626,3.218984909263393,26,14,4,-1.3215410568266064,0.43103114938380477,3.218984909263393,0.6827621959663057,0.2303242156485241,0.7246666666666668
19,dom_regular,0.9788461538461538,0.7540250447227191,0.9821428571428571,0.7159468438538206,0.974025974025974,0.696969696969697,0.9919028340080972,0.7730769230769231,0.0,0.9976833976833976,0.9969111969111969,0.0007722007722007485,0.3791483832476621,-0.02257105890403329,0.8576682692307692,0.9980769230769231,0.5169722719141323,0.9275939177101967,0.8570982142857142,1.0,0.43683554817275744,0.9368770764119602,0.8354978354978355,1.0,0.3888888888888889,0.9494949494949495,0.8380566801619433,1.0,0.4614423076923077,0.9616346153846154,0.0,0.16083333333333294,0.9507733286571207,1.0,0.9347239758698092,1.0,-0.017779922779922786,0.030159405867610206,0.261289927611542,0.518016397956588,0.9976744186046511,0.24158682860219463,-0.6247156565355492,0.3040769011783755,-0.5285607260842092,26,14,11,-0.581593632931251,-0.6678376801398473,-0.5285607260842092,0.34715207512772617,0.4157155925275889,
19,dom_regular_verberase,0.9461538461538461,0.5223613595706619,0.9375,0.5149501661129569,0.974025974025974,0.494949494949495,0.951417004048583,0.5307692307692308,0.11538461538461539,0.8648648648648649,0.4864864864864865,0.3783783783783784,0.49786841024335243,0.0710506243820555,0.825889423076923,0.9903846153846154,0.3416368515205725,0.7012745974955278,0.7999553571428571,0.9964285714285714,0.29401993355481726,0.729235880398671,0.8398268398268398,1.0,0.24229797979797982,0.7678030303030301,0.8097165991902834,1.0,0.28846153846153844,0.7731730769230769,0.0,0.38502747252747216,0.7163947005611455,0.9266780977961102,0.3327979876160991,0.64845703125,0.21306949806949807,0.4854490557086938,0.32821720860948544,0.7162312856133364,0.9761627906976744,-0.028304350564275833,-0.91160370920821,0.15949466625695047,-0.7918657532968486,26,14,11,-0.8576217836368357,-0.9655856347795843,-0.7918657532968486,0.45566690030850504,0.5460987073117495,
19,dom_regular_rank2,0.9192307692307692,0.39177101967799643,0.9196428571428571,0.3903654485049834,0.9826839826839827,0.3939393939393939,0.902834008097166,0.3576923076923077,0.19230769230769232,0.8262548262548263,0.5127413127413127,0.31351351351351353,0.5931810465211693,0.023946269521622696,0.7759615384615385,0.9798076923076923,0.22627459749552775,0.5894901610017889,0.7516964285714286,0.9892857142857143,0.2059800664451827,0.627906976744186,0.8095238095238095,1.0,0.15151515151515152,0.6767676767676768,0.708502024291498,1.0,0.16528846153846155,0.6153846153846154,0.03571428571428571,0.6803030303030304,0.650176023405837,0.8857164902998236,0.3550597774621212,0.6802279326364692,0.13390853051747023,0.3967130346290562,0.3701350820125875,0.9503423669787092,0.9343023255813954,-0.29695595394803687,-1.1334677841847187,-0.08547430532652074,-1.1709757695218945,26,14,11,-1.1790316287582097,-1.0879039396112278,-1.1709757695218945,0.5298126042468486,0.6656021234061072,
20,adom_matched,0.7682692307692308,0.41949910554561715,0.7767857142857143,0.42358803986710963,0.7878787878787878,0.4696969696969697,0.7813765182186235,0.4115384615384615,0.05128205128205128,0.8054054054054054,0.9196911196911197,-0.11428571428571432,0.5346165171748428,-0.21194479538428038,0.47401442307692304,0.8779086538461538,0.2566860465116279,0.6878354203935599,0.4766964285714286,0.9071428571428571,0.23251661129568107,0.6860880398671096,0.4199134199134199,0.935064935064935,0.2018939393939394,0.7880050505050503,0.36022267206477737,0.9311740890688259,0.18846153846153846,0.6962499999999999,0.0,0.8893849206349206,0.5531863776655443,0.8878739226842941,0.6590808178308178,0.9589807039458742,-0.24313296677733584,0.030307173295454622,-0.2364437017762413,2.4025328043234886,0.686046511627907,-0.2539315375113292,-2.9000516759920947,-0.7732321882667955,-2.325705424178088,26,14,4,-2.4048050595793344,-3.3952982924048545,-2.325705424178088,0.3633371105434896,0.730364410467818,0.5900000000000001
20,dom_matched,0.4653846153846154,0.6708407871198568,0.44107142857142856,0.686046511627907,0.4935064935064935,0.7121212121212122,0.39271255060728744,0.65,0.8333333333333334,0.7598455598455598,0.8548262548262548,-0.09498069498069506,0.7727496103815248,-0.3809432811329276,0.2730528846153846,0.7789423076923077,0.39798747763864045,0.8103980322003578,0.22857142857142856,0.7750892857142857,0.3903239202657807,0.8471760797342193,0.21645021645021645,0.8528138528138528,0.3433080808080808,0.8939393939393939,0.1700404858299595,0.7813765182186235,0.36153846153846153,0.84625,0.04918478260869565,1.0,0.5389887277812974,0.857075968013468,0.6095183321866758,0.9290302802802802,-0.2005884740259739,0.03013513513513508,-2.535011835143176,5.0325117577098295,0.6651162790697674,1.4470940627658826,3.4872449058981188,0.3411767354419864,4.146460208844258,26,14,4,3.5966587882329066,3.377831023563331,4.146460208844258,0.8237034005687541,0.7145167073104054,0.7086666666666667
20,probe_strat,0.8442307692307692,0.387298747763864,0.8517857142857143,0.37375415282392027,0.8268398268398268,0.45454545454545453,0.8582995951417004,0.33076923076923076,0.5641025641025641,0.7104247104247104,0.7683397683397684,-0.05791505791505791,0.8752466395124061,-0.022558747964211236,0.6096153846153847,0.9221394230769231,0.23159660107334526,0.5787567084078711,0.5998660714285714,0.9410714285714286,0.20095514950166116,0.6013289036544851,0.5411255411255411,0.9783549783549783,0.19696969696969696,0.7273989898989898,0.4939271255060729,0.9596153846153844,0.14615384615384616,0.6192307692307693,0.1522792022792023,1.0,0.5061267010519568,0.8657142857142857,0.4253410553410553,0.8936350108225107,-0.23730945009582785,0.23857420958814143,0.4062997724430607,2.7617518156653103,0.7854651162790698,-0.15823947589774093,-0.669847383161285,-1.0413995411013615,1.4853093240922899,26,14,7,-1.0296836371349454,-0.3100111291876245,1.4853093240922899,0.8365675563462268,0.9194513059880397,0.7221024024708236
20,probe_strat_noinit,0.8692307692307693,0.41144901610017887,0.8767857142857143,0.4169435215946844,0.8961038961038961,0.46464646464646464,0.854251012145749,0.3923076923076923,0.47435897435897434,0.7482625482625482,0.7683397683397684,-0.020077220077220126,0.7477411221382522,-0.0345771663344375,0.637451923076923,0.9230769230769231,0.2504472271914132,0.5885733452593918,0.6248660714285714,0.9464285714285714,0.21424418604651163,0.6162790697674418,0.631926406926407,0.9783549783549783,0.18674242424242427,0.7172979797979796,0.5425101214574899,0.9433198380566802,0.17307692307692307,0.6539423076923077,0.12,0.9743589743589743,0.5247374098999485,0.8436745199245199,0.4364571179417976,0.9078218694885362,-0.20590838617114818,0.22735168694153074,0.35613681391400376,2.030148407010175,0.8116279069767441,-0.07117323984959135,-0.6620950895382605,-0.9590293473911936,0.6683155422176652,26,14,7,-0.6379347762737038,-0.6862554028028173,0.6683155422176652,0.6710822512903065,0.8353512602501899,0.7468844333054859
20,probe_matched,0.675,0.5330948121645797,0.6321428571428571,0.584717607973422,0.7575757575757576,0.5151515151515151,0.6072874493927125,0.5269230769230769,0.6666666666666666,0.7868725868725869,0.7745173745173746,0.012355212355212308,0.6564703576532979,-0.06556899542296861,0.37396634615384616,0.7856009615384615,0.35062611806797855,0.7129025044722719,0.3339285714285714,0.7732589285714285,0.37039036544850495,0.7724667774086379,0.3288961038961039,0.8790043290043288,0.25757575757575757,0.8284090909090908,0.242914979757085,0.805668016194332,0.28846153846153844,0.7616346153846153,0.14285714285714285,1.0,0.5381798442417388,0.861781984906985,0.4140198178088803,0.9122064393939394,-0.17807662538699695,0.23776412776412775,-1.5097354107563459,4.007713829442155,0.6883720930232559,0.33338955172819223,0.3438589305726145,-0.45269399527052934,2.1107079622412033,26,14,4,-0.005576618279040375,0.6932944794242694,2.1107079622412033,0.7883698325945275,0.5057281005776068,0.6717777777777778
20,dom_regular,0.9846153846153847,0.7898032200357782,0.9875,0.7591362126245847,0.974025974025974,0.7424242424242424,1.0,0.8,0.0,0.9992277992277993,0.9992277992277993,0.0,0.43665774084655096,-0.014889188380718656,0.8682451923076924,1.0,0.5473613595706619,0.9490161001788909,0.8820982142857142,1.0,0.47670265780730897,0.9302325581395349,0.8268398268398268,1.0,0.43434343434343436,0.9747474747474747,0.8662955465587044,1.0,0.49615384615384617,0.9653846153846154,0.0,0.2533333333333322,0.9696829405162739,1.0,0.9644739382239382,1.0,-0.011614702715737857,0.018446122545962063,0.30640085376889986,0.5902538848177219,0.9994186046511628,0.28260286471044044,-0.48193974101801573,0.2928028163809779,-0.40115031992641753,26,14,11,-0.4266761608771856,-0.5372033211588458,-0.40115031992641753,0.3948629817458009,0.4844231798188367,
20,dom_regular_verberase,0.9615384615384616,0.5214669051878354,0.9589285714285715,0.4983388704318937,0.974025974025974,0.5404040404040404,0.9676113360323887,0.5,0.1282051282051282,0.8857142857142857,0.49266409266409267,0.393050193050193,0.5804656574501184,0.06793624673353225,0.8576442307692307,0.9942307692307693,0.3425536672629696,0.7102191413237925,0.8374553571428571,1.0,0.28729235880398674,0.7409053156146179,0.8483766233766235,1.0,0.23737373737373738,0.7929292929292929,0.8299595141700404,1.0,0.25384615384615383,0.75,0.0,0.48148148148148145,0.7442797041449677,0.9415626040626041,0.3487453828852067,0.6573426573426573,0.223906251423954,0.49378906249999993,0.3989619645164067,0.7884117170070056,0.9843023255813953,-0.030692712397665724,-0.7450665698149715,0.15575772886846598,-0.6560406173059496,26,14,11,-0.6646092549952102,-0.8255238846347329,-0.6560406173059496,0.5178306582433694,0.652048513686403,
20,dom_regular_rank2,0.9432692307692307,0.4087656529516995,0.9446428571428571,0.3920265780730897,0.987012987012987,0.4444444444444444,0.9230769230769231,0.35384615384615387,0.19230769230769232,0.8517374517374517,0.5335907335907336,0.31814671814671813,0.6688172937522727,0.029942323672588297,0.8105528846153847,0.9865384615384616,0.24590787119856888,0.615474060822898,0.7801785714285714,0.9946428571428572,0.20930232558139536,0.6262458471760798,0.8222943722943723,1.0,0.18674242424242427,0.7070707070707071,0.7367408906882591,1.0,0.16538461538461538,0.6307692307692307,0.029891025641025647,0.7567307692307689,0.699230521673068,0.9173745173745174,0.37373035914702585,0.7012464928405573,0.15041170634920642,0.42452172016614387,0.4420954881436489,0.9682031305345682,0.9511627906976744,-0.21552398938342238,-0.8484691757722418,-0.014245958312891846,-0.8267179362157924,26,14,11,-0.8499812705161046,-0.8469570810283791,-0.8267179362157924,0.6013092733143728,0.7459693171098726,
21,adom_matched,0.7557692307692307,0.40966010733452596,0.7464285714285714,0.4152823920265781,0.7922077922077922,0.4595959595959596,0.7651821862348178,0.38461538461538464,0.038461538461538464,0.7868725868725869,0.9204633204633205,-0.1335907335907336,0.457914170137628,-0.22183147988805624,0.4633173076923077,0.8654086538461538,0.26205277280858674,0.6699686940966011,0.4481696428571429,0.8821428571428571,0.24904485049833888,0.6677740863787376,0.35064935064935066,0.9308441558441558,0.2222222222222222,0.8233585858585857,0.3723684210526316,0.9109311740890689,0.18846153846153846,0.6730769230769231,0.0,0.9234330484330485,0.5312312982625482,0.8691950464396285,0.6666468253968254,0.9591181063654939,-0.2666743827160493,0.00394267754948855,-0.6975330075910868,2.7899572478625028,0.6674418604651163,-0.37319099894587443,-3.4241409686158786,-0.8314112035302382,-2.972359476348375,26,14,4,-2.7814513107195165,-4.066830626512241,-2.972359476348375,0.25543228890017394,0.689322034409004,0.6004444444444444
21,dom_matched,0.4740384615384615,0.6618962432915921,0.44285714285714284,0.6827242524916943,0.49783549783549785,0.7222222222222222,0.4048582995951417,0.6423076923076924,0.8333333333333334,0.7312741312741313,0.8548262548262548,-0.12355212355212353,0.643270068809402,-0.38596276873532287,0.28942307692307695,0.7509855769230769,0.38372093023255816,0.7871198568872988,0.2391964285714286,0.7590178571428571,0.3853820598006645,0.8272425249169435,0.18181818181818182,0.8659090909090909,0.3181818181818182,0.8939393939393939,0.1901821862348178,0.7936234817813764,0.3152884615384615,0.8307692307692308,0.04272575250836121,1.0,0.5134942084942085,0.8363236003861004,0.5900641121058116,0.9388580304098879,-0.23159592540719987,0.007716646600160564,-3.297793564766503,4.525351615444071,0.6546511627906977,1.3767211261573804,3.4306320101903207,0.3476118563671297,4.0039704205403135,26,14,4,3.630578518722465,3.230685501658177,4.0039704205403135,0.6834179333609971,0.5973867950361507,0.7135555555555556
21,probe_strat,0.85,0.3622540250447227,0.8482142857142857,0.37375415282392027,0.8528138528138528,0.4090909090909091,0.8380566801619433,0.3230769230769231,0.6153846153846154,0.6625482625482626,0.6911196911196911,-0.02857142857142847,0.9309282712792228,-0.034178387787991905,0.6115384615384616,0.9298317307692308,0.21281305903398928,0.5725178890876564,0.5817410714285715,0.9429017857142856,0.18430232558139534,0.6097591362126246,0.6147186147186147,0.987012987012987,0.15151515151515152,0.6717171717171717,0.4777327935222672,0.9474696356275302,0.1346153846153846,0.6349038461538459,0.16666666666666666,1.0,0.47854073660714286,0.8305823929856437,0.40618422993705744,0.8656177156177155,-0.2035777452078256,0.20849732513027336,0.385692407224508,3.5703560374277648,0.763953488372093,-0.2767548891991961,-0.6991025878483115,-1.280292537061067,1.5465109873205463,26,14,7,-1.0309051667739562,-0.3673000089226668,1.5465109873205463,0.9388600729081398,0.921863355131889,0.7346623629781524
21,probe_strat_noinit,0.8586538461538461,0.389087656529517,0.8660714285714286,0.4019933554817276,0.9264069264069265,0.40404040404040403,0.8016194331983806,0.3769230769230769,0.5,0.7019305019305019,0.6911196911196911,0.010810810810810811,0.6952968559702918,-0.05230242382697107,0.6480288461538461,0.9221394230769231,0.22898032200357782,0.5724955277280858,0.6535714285714286,0.9410714285714286,0.2026578073089701,0.5830980066445183,0.64491341991342,0.9913419913419913,0.1513888888888889,0.6717171717171717,0.49362348178137655,0.9311740890688259,0.1691346153846154,0.6576923076923077,0.15,0.9642857142857143,0.48838272150965645,0.8316923466923466,0.4169944925255704,0.8498417207792208,-0.1781361607142857,0.1983873217903146,0.34357399560114293,2.276929852603927,0.8046511627906977,-0.1186292010281178,-0.6880033132404122,-1.1424554799749984,0.6319579409821654,26,14,7,-0.6525648833040799,-0.7234417431767445,0.6319579409821654,0.6522663912416898,0.7444745299458371,0.712668666616035
21,probe_matched,0.6721153846153847,0.5438282647584973,0.625,0.6029900332225914,0.7748917748917749,0.5151515151515151,0.5991902834008097,0.5692307692307692,0.6153846153846154,0.766023166023166,0.7783783783783784,-0.01235521235521242,0.5604311394191958,-0.07907193629975505,0.3797596153846154,0.7875961538461538,0.357669946332737,0.7361583184257603,0.32674107142857145,0.7751785714285713,0.3803986710963455,0.789078073089701,0.3463203463203463,0.8961038961038961,0.23232323232323232,0.8131313131313131,0.2347165991902834,0.7854251012145749,0.30374999999999996,0.7884615384615384,0.14125,1.0,0.5380461205461206,0.8531383384146342,0.4649706361694953,0.9006216006216006,-0.20053860844609586,0.21700352137852136,-0.4519530912098164,3.551748860008109,0.7063953488372093,0.37681751551401804,0.43532837583262285,-0.3800571090400289,1.557274875403237,26,14,4,0.3623108995484662,0.5083458521167795,1.557274875403237,0.6303332111171025,0.48054305747873094,0.6662222222222223
21,dom_regular,0.9807692307692307,0.7719141323792487,0.9857142857142858,0.729235880398671,0.974025974025974,0.7373737373737373,0.9959514170040485,0.7807692307692308,0.0,0.9969111969111969,0.9984555984555985,-0.001544401544401608,0.39534045301625853,-0.03556137674208021,0.8538221153846154,0.9980769230769231,0.5491279069767442,0.9347048300536672,0.8642857142857143,1.0,0.44846345514950164,0.9186461794019933,0.8137445887445888,1.0,0.42424242424242425,0.9494949494949495,0.8218623481781376,1.0,0.4846153846153846,0.9615384615384616,0.0,0.29874999999999996,0.9550916540158026,1.0,0.9482625482625483,1.0,-0.017202858939628505,0.02381099353321578,0.27576419905893634,0.5296909480460781,0.9994186046511628,0.26850561392842065,-0.4951975948666921,0.2778117735905181,-0.4674146875398183,26,14,11,-0.4326319318566056,-0.5577632578767787,-0.4674146875398183,0.35418701387910867,0.4423729548872872,
21,dom_regular_verberase,0.9605769230769231,0.5286225402504472,0.9535714285714286,0.5049833887043189,0.9783549783549783,0.5353535353535354,0.9676113360323887,0.5230769230769231,0.11538461538461539,0.8764478764478765,0.522007722007722,0.3544401544401544,0.5286587079668049,0.061421818345787055,0.8499759615384616,0.9942307692307693,0.3675760286225403,0.7147361359570661,0.8159821428571429,1.0,0.2972591362126246,0.7293189368770763,0.8612554112554113,1.0,0.26755050505050504,0.7829545454545453,0.8178137651821862,1.0,0.27692307692307694,0.7615384615384615,0.0,0.4109807692307683,0.7313660990712074,0.9351713065982972,0.3679394154198842,0.6688542167708834,0.19272116156404082,0.45406633906633903,0.3708910191239265,0.7356314401425655,0.9848837209302326,-0.020343484253893297,-0.7715676228955729,0.170964426297072,-0.6855865438339013,26,14,11,-0.6839685803003432,-0.8591666654908026,-0.6855865438339013,0.4437242476234891,0.6257266626448802,
21,dom_regular_rank2,0.9375,0.39087656529516995,0.9285714285714286,0.38870431893687707,0.987012987012987,0.43434343434343436,0.9230769230769231,0.36153846153846153,0.19230769230769232,0.8231660231660232,0.5583011583011583,0.2648648648648648,0.5883611788194777,0.014154764073186731,0.8009134615384615,0.9836538461538461,0.2423747763864043,0.6207737030411449,0.75,0.9910714285714286,0.21420265780730896,0.6463870431893686,0.8268398268398268,1.0,0.18674242424242427,0.702272727272727,0.7326923076923078,1.0,0.15384615384615385,0.6307692307692307,0.03587962962962963,0.7300480769230768,0.6547801439210108,0.8961482694448436,0.3793574134199134,0.7102172111742424,0.11196708696708696,0.3683418004470636,0.3837746028348198,0.9058524113188009,0.9424418604651162,-0.23609870626988116,-0.8976474784680728,-0.03239555476291787,-0.9411560040627099,26,14,11,-0.9129925785688141,-0.8823023783673316,-0.9411560040627099,0.4830791435727814,0.7086835048157019,
22,adom_matched,0.7413461538461539,0.39713774597495527,0.7339285714285714,0.41029900332225916,0.7792207792207793,0.43434343434343436,0.7408906882591093,0.4,0.05128205128205128,0.7675675675675676,0.8972972972972973,-0.12972972972972974,0.5044297157867097,-0.2184446444831769,0.4699519230769231,0.8538701923076922,0.2567084078711986,0.6789355992844364,0.4357142857142857,0.8804464285714285,0.23920265780730898,0.6913205980066442,0.35054112554112554,0.922077922077922,0.21212121212121213,0.8133838383838382,0.3480769230769231,0.9109311740890689,0.19990384615384618,0.6884615384615385,0.0,0.8717948717948718,0.494562693498452,0.8761971361971362,0.6277808796770245,0.9520206027314992,-0.2569703670942062,-0.0015478979643065438,-0.4489357172589453,3.3624448988816273,0.6581395348837209,-0.5127215900623245,-4.360337770076059,-0.9643443084512068,-3.6806916429605154,26,14,4,-3.4756541311315234,-5.2450214090205955,-3.6806916429605154,0.23869601199684504,0.8081253772608408,0.5708888888888888
22,dom_matched,0.4798076923076923,0.6547406082289803,0.44285714285714284,0.6877076411960132,0.48484848484848486,0.7373737373737373,0.4331983805668016,0.6,0.8461538461538461,0.7235521235521235,0.864092664092664,-0.14054054054054055,0.5632825405658024,-0.37973689505242986,0.2672355769230769,0.775,0.36670393559928444,0.7952593917710197,0.22321428571428573,0.7589732142857142,0.3986295681063123,0.8355481727574751,0.18160173160173163,0.8614718614718615,0.29797979797979796,0.8939393939393939,0.1862348178137652,0.7651821862348178,0.3153846153846154,0.823076923076923,0.018518518518518517,1.0,0.5213675213675214,0.8390214672145723,0.6168328743771309,0.9264924172794118,-0.2207248912541615,0.006210896876531604,-1.7056729657849026,3.4878055715539134,0.6476744186046511,1.3221938128581618,3.032371769839335,0.36780832618811005,3.861844570601049,26,14,4,3.233132296886716,2.8316112427919533,3.861844570601049,0.6067392213255708,0.5136177625546388,0.6833333333333333
22,probe_strat,0.8721153846153846,0.3667262969588551,0.8785714285714286,0.3588039867109635,0.8614718614718615,0.4292929292929293,0.8744939271255061,0.34615384615384615,0.5897435897435898,0.6548262548262548,0.7235521235521235,-0.06872586872586872,0.995055650288571,-0.027717473917097835,0.6048076923076923,0.9413942307692307,0.2083407871198569,0.5921735241502682,0.5874107142857143,0.951830357142857,0.1926495016611296,0.623048172757475,0.5756493506493507,0.987012987012987,0.14646464646464646,0.7324494949494949,0.5059716599190284,0.9676113360323887,0.13836538461538464,0.6384615384615384,0.1278846153846154,1.0,0.45466675084910946,0.83366187545762,0.45947356990109595,0.8816228070175438,-0.24486878619691116,0.170861935528385,0.40385954149270875,2.795207501833623,0.7877906976744186,-0.26060606009252185,-0.753537007461577,-0.9608718220465752,1.6550255569728494,26,14,7,-0.9752997589898647,-0.5317742559332895,1.6550255569728494,0.9426923588396889,1.0548994119444364,0.6876977798030429
22,probe_strat_noinit,0.8701923076923077,0.38640429338103754,0.8785714285714286,0.38372093023255816,0.8961038961038961,0.398989898989899,0.8421052631578947,0.4115384615384615,0.5,0.7173745173745174,0.7675675675675676,-0.050193050193050204,0.6780934262845774,-0.04692685243703174,0.6576201923076923,0.9279086538461538,0.24769677996422185,0.5760286225402504,0.6321428571428571,0.9553571428571429,0.22416943521594684,0.6163205980066445,0.6273809523809524,0.9826839826839827,0.16161616161616163,0.6819444444444442,0.562753036437247,0.9635627530364372,0.19615384615384615,0.6500961538461538,0.0995726495726496,1.0,0.490546875,0.8355719229445319,0.5003932087645698,0.891384445591102,-0.23053319615082002,0.15828800452929698,0.27777797896788486,1.7506548150729897,0.8244186046511628,-0.06479417142624025,-0.7057117815718958,-0.8806642911683892,0.7217106766578517,26,14,7,-0.6770003299372667,-0.7344232332065249,0.7217106766578517,0.5813104191048764,0.7887025773470927,0.6982422976633503
22,probe_matched,0.6519230769230769,0.5688729874776386,0.6071428571428571,0.6245847176079734,0.7316017316017316,0.5707070707070707,0.562753036437247,0.5923076923076923,0.5897435897435898,0.7644787644787645,0.8694980694980695,-0.10501930501930501,0.4934885529475871,-0.07835414242882788,0.35959134615384614,0.7798317307692307,0.370237030411449,0.7316860465116279,0.325,0.7446875,0.4035714285714286,0.7874169435215947,0.3288961038961039,0.8484848484848485,0.27765151515151515,0.8181818181818182,0.2388663967611336,0.7894736842105263,0.3423076923076923,0.8038461538461539,0.11497252747252751,0.9629629629629629,0.5482046332046332,0.8460109163282538,0.6114357585139318,0.9442984471749226,-0.24615762246621622,0.07270270270270258,-0.8061088092334748,3.150646272772602,0.6895348837209302,0.5190608594763819,0.364866680545361,-0.22557416256438168,1.512752395520372,26,14,4,0.3955578491380739,0.334175511952648,1.512752395520372,0.4295662413898781,0.5665426232992543,0.6582222222222223
22,dom_regular,0.9788461538461538,0.7924865831842576,0.9821428571428571,0.7657807308970099,0.9783549783549783,0.7525252525252525,0.9838056680161943,0.8,0.0,0.9992277992277993,0.9992277992277993,0.0,0.3633667349205741,-0.03777598777015875,0.8451201923076923,0.9952163461538461,0.5545393559928443,0.9338103756708408,0.8392410714285714,1.0,0.49647009966777406,0.9468853820598007,0.7835497835497836,1.0,0.4544191919191919,0.9696969696969697,0.8177125506072874,1.0,0.50375,0.9730769230769231,0.0,0.18518518518518517,0.9632569573225741,1.0,0.9612955796353629,1.0,-0.015433293200321132,0.02031249999999996,0.25511249351656734,0.5087659889072047,0.9994186046511628,0.3065901071969963,-0.582491744119855,0.3711648204487082,-0.45377656538443417,26,14,11,-0.4551502990649022,-0.709833189174808,-0.45377656538443417,0.3262252449321828,0.405814152050164,
22,dom_regular_verberase,0.948076923076923,0.5044722719141324,0.9303571428571429,0.4950166112956811,0.9783549783549783,0.5050505050505051,0.9635627530364372,0.49615384615384617,0.10256410256410256,0.861003861003861,0.5366795366795367,0.32432432432432423,0.5379222793329551,0.06814963599725714,0.8317307692307693,0.989423076923077,0.3345035778175313,0.686046511627907,0.7784821428571429,0.9964285714285714,0.29223421926910303,0.7260382059800664,0.8569264069264069,1.0,0.25252525252525254,0.7575757575757576,0.7853238866396761,1.0,0.25384615384615383,0.7307692307692307,0.0,0.36133333333333284,0.7126966726966727,0.925397102897103,0.3760644546236235,0.6782070019960953,0.16832707832707827,0.44990287490287484,0.36969466031523585,0.7545174075825942,0.9784883720930233,-0.07606385238655573,-0.9630018912479992,0.16140392167525788,-0.9257347493009463,26,14,11,-0.8670423261285106,-1.0589614563674876,-0.9257347493009463,0.4552734712328691,0.6323780600187676,
22,dom_regular_rank2,0.9384615384615385,0.3998211091234347,0.9303571428571429,0.4152823920265781,0.987012987012987,0.4393939393939394,0.9230769230769231,0.34615384615384615,0.19230769230769232,0.8038610038610039,0.5637065637065637,0.2401544401544402,0.6214021861116473,0.018484212307980172,0.7845673076923076,0.9826923076923076,0.2504472271914132,0.6243515205724508,0.7338392857142857,0.9928571428571429,0.22421096345514951,0.6644933554817276,0.8180735930735932,1.0,0.1919191919191919,0.7424242424242424,0.7003036437246963,1.0,0.13846153846153847,0.6039423076923076,0.006702898550724643,0.7466485507246374,0.6262368829058809,0.8804509400705053,0.40169168800072097,0.7042581141409266,0.08416666666666663,0.3515729712995338,0.4014428483202788,0.9352817030440902,0.9348837209302325,-0.2721331113720492,-0.9657027775491853,-0.0049893579687713685,-1.0893192567481815,26,14,11,-0.980712116630427,-0.9506934384679437,-1.0893192567481815,0.5238251905154705,0.7329187525072779,
23,adom_matched,0.8076923076923077,0.4159212880143113,0.8053571428571429,0.43853820598006643,0.8441558441558441,0.4444444444444444,0.8299595141700404,0.4230769230769231,0.02564102564102564,0.8084942084942085,0.8957528957528957,-0.08725868725868724,0.5884427214215308,-0.24270056106160648,0.5336538461538461,0.9086538461538461,0.271891771019678,0.6843470483005366,0.5374553571428571,0.9214285714285714,0.24240033222591365,0.6927325581395349,0.4501082251082251,0.9653679653679653,0.19696969696969696,0.8181818181818182,0.46528340080971664,0.9392712550607287,0.2076923076923077,0.7000961538461538,0.0,0.8571428571428571,0.5633244554924242,0.9032656584901166,0.6351219624629976,0.9574496904024767,-0.18765452265452265,0.0318339768339767,0.177803964977669,1.610893168273955,0.7372093023255814,-0.24003112980151195,-2.4011946147213337,-0.35214862595700547,-1.8960344197231849,26,14,4,-1.6608347080176113,-3.1415545214250558,-1.8960344197231849,0.42489523667563,0.7753541325597032,0.5875555555555556
23,dom_matched,0.6278846153846154,0.6422182468694096,0.5821428571428572,0.686046511627907,0.6926406926406926,0.7222222222222222,0.5789473684210527,0.6,0.7692307692307693,0.7876447876447876,0.8694980694980695,-0.08185328185328189,0.5327840820233691,-0.37590865623523484,0.3797596153846154,0.8404326923076922,0.3693872987477638,0.7809257602862253,0.30357142857142855,0.8483482142857142,0.3588039867109635,0.8471760797342193,0.2812770562770563,0.935064935064935,0.27765151515151515,0.8839646464646463,0.29139676113360324,0.8907894736842104,0.2806730769230769,0.819326923076923,0.02564102564102564,1.0,0.5790765765765765,0.878069153069153,0.6188167489873824,0.9359423150483521,-0.1645136207636207,0.05404163569924439,0.16550062048901976,1.4863307750440409,0.7476744186046511,0.5863924884061212,1.0902683373836994,0.19507117891944312,1.4741300668519806,26,14,4,1.3861871090659663,0.7943495657014324,1.4741300668519806,0.5176359950273401,0.5500961814474024,0.724
23,probe_strat,0.9528846153846153,0.4883720930232558,0.9482142857142857,0.46179401993355484,0.9696969696969697,0.5555555555555556,0.9554655870445344,0.4461538461538462,0.6282051282051282,0.7907335907335907,0.722007722007722,0.06872586872586872,0.81789851708407,-0.025904201271094437,0.7594471153846154,0.9875240384615385,0.2647361359570662,0.7005143112701251,0.7499553571428571,0.9964285714285714,0.23579734219269102,0.6844269102990034,0.7532467532467533,1.0,0.2474747474747475,0.8183080808080807,0.6719635627530365,1.0,0.18461538461538463,0.7270192307692307,0.16666666666666666,1.0,0.5753669941169941,0.9303405572755418,0.481745892995893,0.8968386031236874,-0.11476468922238771,0.25258362994691114,0.5479212091900213,1.2109597440279454,0.9697674418604652,0.06033443403353522,-0.11105454953729635,-0.22383412536716726,1.1801070523579638,26,14,7,-0.31380600906477385,0.09169690999018115,1.1801070523579638,0.7829927627717901,0.8577908077266753,0.7875246702615124
23,probe_strat_noinit,0.9461538461538461,0.5304114490161002,0.9535714285714286,0.4900332225913621,0.9696969696969697,0.5505050505050505,0.9392712550607287,0.5538461538461539,0.6666666666666666,0.8200772200772201,0.7274131274131274,0.0926640926640927,0.7215107663530579,-0.03522293014756518,0.7670913461538462,0.9846153846153847,0.31482558139534883,0.6949910554561717,0.7803125,0.9964285714285714,0.2806893687707641,0.6911129568106311,0.7704545454545455,1.0,0.24734848484848487,0.7880050505050503,0.716497975708502,1.0,0.2230769230769231,0.7692307692307693,0.2037037037037037,1.0,0.6129557963536292,0.914864852520991,0.48148057802660477,0.8837239834700771,-0.08655646718146719,0.2254975660183993,0.5206518833498924,1.1130345991002337,0.961046511627907,0.13618408137035098,-0.005876279008520871,-0.2245178043411086,0.8305850431463372,26,14,7,-0.041871073253567655,0.030118515236525912,0.8305850431463372,0.668484803464467,0.7821118667971619,0.7777577529682793
23,probe_matched,0.8826923076923077,0.6135957066189625,0.8696428571428572,0.6578073089700996,0.9264069264069265,0.7373737373737373,0.8744939271255061,0.5807692307692308,0.7051282051282052,0.8996138996138996,0.8764478764478765,0.02316602316602312,0.6599597210994351,-0.08995254316878595,0.5642548076923077,0.9365384615384615,0.390809481216458,0.7648255813953487,0.5464285714285714,0.9411160714285713,0.4052325581395349,0.8106312292358804,0.566991341991342,0.9826839826839827,0.3484848484848485,0.9040404040404041,0.4654858299595142,0.9554655870445344,0.3076923076923077,0.8077884615384615,0.1691666666666667,1.0,0.6777164502164502,0.9520123839009288,0.5904293904293904,0.949811776061776,-0.10893607893607891,0.19158688533688523,0.3848931350194432,1.0643128207119368,0.9226744186046512,0.2396568579159779,0.3442139494661006,0.012724173308723977,0.7258864958008509,26,14,4,0.4762055348049898,0.21222236412721146,0.7258864958008509,0.6000728922649612,0.7284018111959764,0.8331111111111111
23,dom_regular,0.9990384615384615,0.7898032200357782,0.9982142857142857,0.7508305647840532,1.0,0.7474747474747475,1.0,0.8076923076923077,0.0,0.9976833976833976,0.9976833976833976,0.0,0.4398754258382003,-0.06344803602690367,0.9143990384615385,1.0,0.5688282647584972,0.9302325581395349,0.8963392857142858,1.0,0.47666112956810636,0.9386212624584717,0.8831168831168831,1.0,0.4695707070707071,0.9595959595959596,0.8986842105263159,1.0,0.5269230769230769,0.9615384615384616,0.0,0.25600000000000034,0.964461995996221,1.0,0.9567542465065685,1.0,-0.01312741312741306,0.02143465280849185,0.3247270254887891,0.5544046782853616,1.0,0.24742715498607123,-0.38200292686133375,0.3085086952845833,-0.36215782598853724,26,14,11,-0.2612728145933417,-0.5027330391293258,-0.36215782598853724,0.39308098265594277,0.4933547894750657,
23,dom_regular_verberase,0.989423076923077,0.5724508050089445,0.9839285714285714,0.5548172757475083,0.9913419913419913,0.5808080808080808,1.0,0.5653846153846154,0.11538461538461539,0.8525096525096525,0.5366795366795367,0.3158301158301158,0.5656470242242032,0.046630365768259206,0.9009375000000001,1.0,0.38092576028622543,0.7469141323792485,0.8784821428571429,1.0,0.32558139534883723,0.7658637873754152,0.8917748917748918,1.0,0.29292929292929293,0.8333333333333334,0.8785425101214575,1.0,0.3076923076923077,0.7961538461538461,0.0,0.46322751322751315,0.7261665192392747,0.9299855005565935,0.3891835347972248,0.6853424960660897,0.17187379063467492,0.4285797991071429,0.40926529133437856,0.7274195597307512,0.997093023255814,0.03264972142431037,-0.46967742056027373,0.20455273445295052,-0.4473334252883587,26,14,11,-0.34188631774626127,-0.5974685233742861,-0.4473334252883587,0.4920508013280763,0.6497569932483482,
23,dom_regular_rank2,0.9740384615384615,0.4212880143112701,0.9714285714285714,0.43853820598006643,1.0,0.46464646464646464,0.9595141700404858,0.36923076923076925,0.20512820512820512,0.8687258687258688,0.5698841698841699,0.29884169884169887,0.6458996824076103,0.004358483516498367,0.8470673076923076,0.9961538461538462,0.26654740608228983,0.6601073345259392,0.8356696428571428,1.0,0.22416943521594684,0.6628322259136212,0.8917748917748918,1.0,0.1816919191919192,0.7878787878787878,0.8055668016194333,1.0,0.14990384615384617,0.6616346153846153,0.01964935064935065,0.8,0.7132867132867133,0.9341328828828829,0.4266167361337993,0.7197135475811945,0.134419981060606,0.40165928609769186,0.4700153949507542,0.889905897546061,0.9895348837209302,-0.12034850878015244,-0.3695746529941222,0.09395539236722765,-0.5055052811231809,26,14,11,-0.3009359166818218,-0.4382133893064225,-0.5055052811231809,0.5546187403748264,0.750220759016506,
24,adom_matched,0.8557692307692307,0.4329159212880143,0.8482142857142857,0.46677740863787376,0.8744588744588745,0.4393939393939394,0.8785425101214575,0.4576923076923077,0.02564102564102564,0.9057915057915058,0.9382239382239382,-0.032432432432432434,0.6423457312353054,-0.21045794820619648,0.5999759615384616,0.9442307692307692,0.2790474060822898,0.6994856887298748,0.5696428571428571,0.9554464285714286,0.26071428571428573,0.7010797342192691,0.4976190476190476,0.9783549783549783,0.21212121212121213,0.8383838383838383,0.5424089068825911,0.9757085020242915,0.20384615384615384,0.6807692307692308,0.0,0.8572857142857141,0.6852592431703368,0.9650816379183252,0.7128030638092557,0.9805242404200738,-0.12384850280572754,0.05952565236620965,0.30451817186494795,1.3925191333289961,0.7965116279069767,-0.1401236728807041,-1.57640668273514,-0.19049867264771955,-1.2535763333906809,26,14,4,-0.9700144272674385,-2.1827989382028417,-1.2535763333906809,0.5226997465049301,0.7790839994985913,0.6615555555555556
24,dom_matched,0.7269230769230769,0.6091234347048301,0.6857142857142857,0.6694352159468439,0.7878787878787878,0.7070707070707071,0.7246963562753036,0.5846153846153846,0.6794871794871795,0.8980694980694981,0.918918918918919,-0.020849420849420874,0.619077485237654,-0.3242931529928675,0.44709134615384616,0.8942788461538461,0.3639087656529517,0.7755143112701253,0.39098214285714283,0.8875446428571427,0.3786960132890365,0.8122923588039868,0.31569264069264075,0.9611471861471861,0.27765151515151515,0.8737373737373737,0.38846153846153847,0.9271255060728745,0.3,0.8076923076923077,0.0005000000000000072,1.0,0.6725809705105371,0.9486828139857639,0.6796706211419753,0.9623183627719514,-0.11202540820705652,0.07486906828703696,0.3114646276971267,1.3511622814169322,0.8063953488372093,0.39116492809433095,0.6262099264887548,0.018284898902851714,0.9758209439959937,26,14,4,0.8930746632652407,0.35934518971226903,0.9758209439959937,0.5924877481879158,0.6494657561516404,0.7997777777777777
24,probe_strat,0.9586538461538462,0.5178890876565295,0.9642857142857143,0.4850498338870432,0.9826839826839827,0.5454545454545454,0.951417004048583,0.5230769230769231,0.6153846153846154,0.8718146718146718,0.8463320463320463,0.025482625482625476,0.9053844884922674,-0.02106338679352517,0.7672836538461539,0.9942307692307693,0.2781305903398927,0.674463327370304,0.7713839285714286,1.0,0.20926079734219272,0.6595930232558139,0.7314935064935065,1.0,0.26262626262626265,0.8284090909090908,0.7245951417004048,1.0,0.19990384615384618,0.7348076923076922,0.18518518518518517,1.0,0.7546212941468774,0.963474476911977,0.6810288770280903,0.9607177044193952,-0.07896030891548306,0.15637566137566136,0.6790562931632537,1.2848121393728063,0.9732558139534884,0.09707753079853604,-0.04314126036757955,-0.28516267204825063,1.0277200909671826,26,14,7,-0.23480030523239892,0.14851778449723982,1.0277200909671826,0.8373779669728438,0.9831062273716091,0.8398793195108984
24,probe_strat_noinit,0.9567307692307693,0.5313059033989267,0.9660714285714286,0.4850498338870432,0.974025974025974,0.5808080808080808,0.951417004048583,0.573076923076923,0.6153846153846154,0.9027027027027027,0.864092664092664,0.038610038610038644,0.8338186010758752,-0.01681158807318273,0.8268990384615384,0.9942307692307693,0.3049865831842576,0.6654740608228981,0.8427678571428572,1.0,0.24410299003322258,0.6744601328903654,0.8006493506493506,1.0,0.27260101010101007,0.8080808080808081,0.8137651821862348,1.0,0.25375,0.7615384615384615,0.1801785714285715,1.0,0.780125558995528,0.9710976805312742,0.71004329004329,0.9606257541023165,-0.05906224406224402,0.1476301476301476,0.6275334087174284,1.183453699930159,0.9738372093023255,0.158896821521529,0.004334862722587787,-0.3755746950393714,0.8678990473368884,26,14,7,-0.038759381717920774,0.04742910716309635,0.8678990473368884,0.7820061633302509,0.8930328156423031,0.833140477456267
24,probe_matched,0.9442307692307692,0.6153846153846154,0.95,0.6362126245847176,0.9523809523809523,0.7171717171717171,0.9554655870445344,0.573076923076923,0.7948717948717948,0.9698841698841699,0.9351351351351351,0.03474903474903479,0.7213953236624496,-0.07328088472573696,0.6778846153846154,0.9759855769230769,0.40688729874776386,0.7504919499105545,0.6606696428571428,0.9803571428571428,0.3968853820598007,0.8023671096345515,0.6536796536796536,0.9956709956709957,0.3433080808080808,0.8888888888888888,0.647672064777328,1.0,0.3076923076923077,0.7808653846153846,0.23733333333333334,1.0,0.8370597420597421,0.9919828222655007,0.7547420634920635,0.9770126488095238,-0.029160163640887533,0.15343614576698764,0.4859652882264222,1.0058583299566588,0.9732558139534884,0.21522484328626063,0.41921610931873976,-0.09005472742743785,0.721418330852319,26,14,4,0.5281549640277903,0.3102772546096892,0.721418330852319,0.6920814802513782,0.7548968589893884,0.9033333333333333
24,dom_regular,1.0,0.830948121645796,1.0,0.7940199335548173,1.0,0.8131313131313131,1.0,0.8307692307692308,0.02564102564102564,0.9969111969111969,0.9945945945945946,0.0023166023166022454,0.4970232731741849,-0.03632793437867396,0.9413221153846154,1.0,0.6072450805008945,0.9624552772808587,0.9214285714285714,1.0,0.5332225913621262,0.9568106312292359,0.8874458874458875,1.0,0.51010101010101,0.9848484848484849,0.951417004048583,1.0,0.5384615384615384,0.9769230769230769,0.0,0.385284280936455,0.9691119691119691,1.0,0.945640213194561,1.0,-0.006295630237408303,0.03457175925925923,0.3940547319298609,0.6130923780466521,1.0,0.2531147469436704,-0.2027968749789349,0.28227891308128805,-0.275252272756147,26,14,11,-0.06836853424507729,-0.3372252157127925,-0.275252272756147,0.44768584667067796,0.5534089034639071,
24,dom_regular_verberase,0.9951923076923077,0.5304114490161002,0.9910714285714286,0.49335548172757476,1.0,0.5707070707070707,1.0,0.49230769230769234,0.16666666666666666,0.8857142857142857,0.6401544401544401,0.24555984555984556,0.6284249523502461,0.036920625070943694,0.9124278846153846,1.0,0.33899821109123435,0.7012522361359571,0.8946428571428572,1.0,0.30564784053156147,0.7261212624584716,0.9177489177489178,1.0,0.2727272727272727,0.8233585858585857,0.8785425101214575,1.0,0.26528846153846153,0.7346153846153847,0.0,0.7142857142857143,0.7600181878306879,0.9614361168443986,0.48217879256965945,0.7664976369598764,0.13826639026848941,0.36380255932339256,0.48193786494233887,0.8025121173297426,1.0,-0.0005526814395252413,-0.27817871658265325,0.12243975950609848,-0.355291505209252,26,14,11,-0.20388772972116298,-0.3524697034441435,-0.355291505209252,0.5411492742471561,0.7281685844680633,
24,dom_regular_rank2,0.9942307692307693,0.44275491949910556,0.9928571428571429,0.420265780730897,1.0,0.5656565656565656,0.9919028340080972,0.3423076923076923,0.3333333333333333,0.894980694980695,0.7374517374517374,0.15752895752895757,0.7059974492838473,0.010275436067349267,0.8932451923076924,1.0,0.2566636851520573,0.6718023255813953,0.8714285714285714,1.0,0.2441860465116279,0.674501661129568,0.8961038961038961,1.0,0.22727272727272727,0.8183080808080807,0.8581983805668016,1.0,0.13836538461538464,0.6384615384615384,0.05108974358974359,0.9489102564102564,0.7785503685503685,0.9588256681687052,0.562936876504988,0.8468334628107458,0.07197181773450606,0.27494495053088797,0.5433100334868962,0.9272418411626101,0.9941860465116279,-0.07836616853336473,-0.0913991129178364,0.045694357237743656,-0.2735495043415311,26,14,11,-0.09120549671476229,-0.09159272912091052,-0.2735495043415311,0.6130481942461817,0.8122251693268941,
25,adom_matched,0.85,0.4186046511627907,0.8446428571428571,0.43853820598006643,0.8787878787878788,0.43434343434343436,0.8744939271255061,0.4307692307692308,0.038461538461538464,0.8857142857142857,0.932046332046332,-0.04633204633204635,0.653079999421021,-0.21652190533141802,0.6393749999999999,0.9432692307692307,0.2692307692307692,0.6851520572450805,0.6017857142857143,0.9643303571428571,0.26075581395348835,0.6893687707641196,0.5838744588744589,0.9826839826839827,0.21704545454545457,0.8282828282828283,0.5667004048582996,0.9838056680161943,0.2153846153846154,0.6730769230769231,0.0,0.7707499999999994,0.6554333826013514,0.9642614222722582,0.7120993039544907,0.982202130313992,-0.14164881632519147,0.05541051771003652,0.24732503854927426,1.4516161523007745,0.8023255813953488,-0.1381871415361252,-1.7512000344566174,-0.27494889990468535,-1.272215261899102,26,14,4,-1.0468798281819027,-2.455520240731332,-1.272215261899102,0.4519902191441326,0.8828968911660365,0.6966666666666667
25,dom_matched,0.7682692307692308,0.6305903398926654,0.7285714285714285,0.6926910299003323,0.8398268398268398,0.7676767676767676,0.7692307692307693,0.5461538461538461,0.5256410256410257,0.905019305019305,0.9196911196911197,-0.014671814671814665,0.5969300340886069,-0.3030991256572114,0.5028365384615384,0.9067307692307692,0.36840339892665475,0.78445885509839,0.43392857142857144,0.9108482142857142,0.39190199335548176,0.8355897009966777,0.42857142857142855,0.9696969696969697,0.33813131313131317,0.9040404040404041,0.44129554655870445,0.9554655870445344,0.29990384615384613,0.8153846153846154,0.0,1.0,0.6882655870155869,0.9529167032292032,0.6523412144718725,0.9638440986788744,-0.10080276705276703,0.11203773973704312,0.287779791755384,1.0916081617617508,0.838953488372093,0.35300320247565353,0.29370127977898214,-0.004808447860584393,0.5989423411349416,26,14,4,0.6146076692946383,-0.02720510973667396,0.5989423411349416,0.5295397161029325,0.6739475403579488,0.8644444444444443
25,probe_strat,0.9711538461538461,0.45706618962432916,0.975,0.4335548172757475,0.9783549783549783,0.5353535353535354,0.9757085020242915,0.4346153846153846,0.5128205128205128,0.8903474903474904,0.7984555984555984,0.09189189189189195,0.8110169652504535,-0.007740656407539609,0.8143990384615385,0.9980769230769231,0.26826923076923076,0.6414132379248658,0.8070089285714286,1.0,0.22425249169435216,0.6528239202657807,0.7877705627705628,1.0,0.25757575757575757,0.7828282828282829,0.7732793522267206,1.0,0.17692307692307693,0.6962499999999999,0.03571428571428571,1.0,0.7530751602135332,0.969146019146019,0.6165625,0.9396319793920412,-0.032143115699901983,0.24095506220506221,0.5852859153826704,1.1959257662906513,0.9604651162790697,0.013577556736936497,-0.353456579291912,-0.3098517370669353,0.5725349078336402,26,14,7,-0.7840540331995859,0.07714087461576186,0.5725349078336402,0.7329276263503699,0.9002619239934065,0.8368866610971875
25,probe_strat_noinit,0.9788461538461538,0.4776386404293381,0.9785714285714285,0.4418604651162791,0.9956709956709957,0.5050505050505051,0.9757085020242915,0.49615384615384617,0.5,0.9096525096525097,0.8316602316602316,0.07799227799227804,0.7655437797354475,-0.009084607157288503,0.8634134615384615,1.0,0.3184033989266547,0.6699686940966011,0.8589285714285714,1.0,0.25577242524916943,0.6595099667774087,0.8441558441558441,1.0,0.2676767676767677,0.8080808080808081,0.8421052631578947,1.0,0.24990384615384617,0.7270192307692307,0.10714285714285714,0.9642857142857143,0.7544670644670645,0.9820336933032245,0.6550824652777777,0.9549533799533799,-0.024077895729860473,0.20321428571428574,0.5695847877196905,1.08099883692523,0.9813953488372092,0.10123808179211602,-0.17821332789904867,-0.4127761402797124,0.3514017143819825,26,14,7,-0.2644174321313663,-0.09200922366673102,0.3514017143819825,0.6993675895548113,0.8411737113704604,0.8462204247993721
25,probe_matched,0.926923076923077,0.6082289803220036,0.9285714285714286,0.6196013289036545,0.948051948051948,0.7272727272727273,0.9311740890688259,0.5538461538461539,0.6282051282051282,0.9853281853281853,0.9544401544401544,0.030888030888030937,0.6956045140474766,-0.08381168443757689,0.6989903846153845,0.975,0.4033989266547406,0.7406305903398926,0.6624553571428571,0.9767857142857143,0.3720514950166113,0.7840946843853821,0.7141774891774892,1.0,0.35353535353535354,0.898989898989899,0.6396761133603239,0.9919028340080972,0.30374999999999996,0.7692307692307693,0.16684782608695653,0.9615384615384616,0.844116512345679,0.9961389961389961,0.7848183533281733,0.9835404610339505,-0.050785850024131274,0.13534103508926476,0.4710370690954255,0.9879322746949603,0.9656976744186047,0.23603668769877242,0.2135970889513576,-0.13140150271486348,0.5050043348925402,26,14,4,0.38717550331345024,0.040018674589264926,0.5050043348925402,0.6425875694055113,0.7561953079240082,0.9217777777777778
25,dom_regular,1.0,0.8899821109123435,1.0,0.8621262458471761,1.0,0.8787878787878788,1.0,0.8884615384615384,0.05128205128205128,0.9984555984555985,0.9976833976833976,0.0007722007722008595,0.48765492762761153,-0.020488241472206216,0.9422355769230769,1.0,0.688685152057245,0.9713998211091235,0.9357142857142857,1.0,0.5960132890365448,0.9767857142857143,0.8441558441558441,1.0,0.6060606060606061,1.0,0.9757085020242915,1.0,0.6383653846153846,0.9923076923076923,0.0,0.3333333333333333,0.9808975828507078,1.0,0.9710833815586419,1.0,-0.0077242700289575136,0.018648018648018683,0.3912872468138239,0.5938113272420705,1.0,0.3049068450093383,-0.1263929595065031,0.29635945880842324,-0.1787202100094495,26,14,11,0.025749792928401925,-0.2785357119414081,-0.1787202100094495,0.4287004946088282,0.5550314225062212,
25,dom_regular_verberase,1.0,0.5626118067978533,1.0,0.5182724252491694,1.0,0.6212121212121212,1.0,0.5038461538461538,0.2564102564102564,0.9166023166023166,0.6888030888030888,0.2277992277992278,0.6414083053874174,0.030052000221755637,0.9509134615384615,1.0,0.36133720930232555,0.7415474060822898,0.9391964285714286,1.0,0.30892857142857144,0.7492109634551495,0.9436147186147187,1.0,0.3079545454545454,0.8686868686868687,0.9189271255060729,1.0,0.26528846153846153,0.7616346153846153,0.0,0.8143287037037034,0.7991406249999999,0.9719393416787162,0.5327310941894275,0.8112020596590909,0.10564749053030308,0.35599697912197914,0.49177559246268365,0.8055706378550535,1.0,0.03343688845416032,-0.09341086615055412,0.09669513177464117,-0.1766908935205594,26,14,11,0.023091964844090467,-0.2099136971451987,-0.1766908935205594,0.5267652739845743,0.7724289127049525,
25,dom_regular_rank2,0.9990384615384615,0.4892665474060823,0.9982142857142857,0.45348837209302323,1.0,0.5606060606060606,1.0,0.4576923076923077,0.5384615384615384,0.9196911196911197,0.7637065637065638,0.15598455598455596,0.728860097734373,0.019474034992994757,0.9278365384615385,1.0,0.28251341681574244,0.6815742397137746,0.9142857142857143,1.0,0.2441860465116279,0.6761212624584718,0.9437229437229437,1.0,0.25744949494949493,0.8031565656565655,0.8864372469635629,1.0,0.19230769230769232,0.6962499999999999,0.07017857142857144,0.9385714285714285,0.7995058573183573,0.9728606237816765,0.5754549270174271,0.87111328125,0.05745920745920744,0.2903309609730018,0.5684717134360039,0.9229373836633534,0.9941860465116279,-0.03887029591622708,0.031382394719063,0.005998171099942477,-0.1229427908103134,26,14,11,0.10183977227714205,-0.039074982839016066,-0.1229427908103134,0.6156645839495705,0.858226399202719,
26,adom_matched,0.8259615384615384,0.43828264758497315,0.825,0.4634551495016611,0.8744588744588745,0.43434343434343436,0.8582995951417004,0.4461538461538462,0.02564102564102564,0.8532818532818532,0.9073359073359073,-0.05405405405405406,0.8211838958430036,-0.22882546480056087,0.6288461538461538,0.9307692307692308,0.2808586762075134,0.6592128801431127,0.5785714285714286,0.9304017857142857,0.2823089700996678,0.6860880398671096,0.5714285714285714,0.974025974025974,0.2222222222222222,0.8031565656565655,0.5424089068825911,0.9635627530364372,0.2153846153846154,0.6807692307692308,0.0,0.67,0.6272288671650373,0.9413150790299228,0.6709964440974128,0.9614422364422364,-0.1375180984555985,0.06336059773559759,0.355835523379885,1.802218698009965,0.772093023255814,-0.14591030455428786,-1.8170100615353815,-0.2094459486184955,-1.3119809131764042,26,14,4,-1.0027242611239515,-2.6312958619468114,-1.3119809131764042,0.6313173641309344,1.0381742177996542,0.688
26,dom_matched,0.7288461538461538,0.6189624329159212,0.6803571428571429,0.6794019933554817,0.8051948051948052,0.7222222222222222,0.6882591093117408,0.55,0.48717948717948717,0.8656370656370657,0.8764478764478765,-0.010810810810810811,0.7570527824991531,-0.3149549318025572,0.46153846153846156,0.8817307692307692,0.37119856887298747,0.78716457960644,0.40174107142857146,0.8857589285714285,0.3886627906976744,0.8338870431893688,0.3852813852813853,0.9523809523809523,0.3282828282828283,0.9090909090909091,0.36831983805668017,0.9150809716599189,0.3,0.7924038461538461,0.00950000000000003,0.9824074074074066,0.6390581597222222,0.9298344963320808,0.6177134277134277,0.9421893481856455,-0.11111111111111105,0.1230268959435626,0.3839678132397439,1.537897472416596,0.7965116279069767,0.39590207108518166,0.24790923311427326,0.020967048314349885,0.6100944070252887,26,14,4,0.6394687054436738,-0.14365023921512732,0.6100944070252887,0.7102944464938552,0.8104908807909218,0.8453333333333333
26,probe_strat,0.9557692307692308,0.47674418604651164,0.9607142857142857,0.4368770764119601,0.9437229437229437,0.5505050505050505,0.9676113360323887,0.4653846153846154,0.44871794871794873,0.8432432432432433,0.7274131274131274,0.11583011583011593,0.9639371852271387,-0.018587827814328294,0.7778365384615384,0.9913461538461539,0.29333631484794276,0.6404516994633274,0.7624107142857143,0.9964732142857142,0.2341777408637874,0.6561461794019934,0.7444805194805195,1.0,0.27260101010101007,0.8183080808080807,0.7650809716599191,1.0,0.2,0.7269230769230769,0.037037037037037035,0.9629629629629629,0.6760286201801294,0.9460085978835978,0.5139820666123793,0.9024007936507936,-0.04090443121693123,0.2555177516913197,0.6853668078083067,1.3913852946663914,0.9546511627906977,0.040431874380138066,-0.3558919437994899,-0.21312652995638506,0.5289876752620885,26,14,7,-0.5332913022047042,-0.1784925853942756,0.5289876752620885,0.9258867097337873,1.007423442933826,0.8127013240171135
26,probe_strat_noinit,0.9586538461538462,0.5026833631484794,0.9589285714285715,0.4584717607973422,0.9653679653679653,0.5353535353535354,0.97165991902834,0.5307692307692308,0.5,0.8942084942084942,0.7575289575289575,0.1366795366795367,0.8409141047470421,-0.019558777510484834,0.8268269230769231,0.9923076923076923,0.33094812164579607,0.676252236135957,0.823125,1.0,0.2690614617940199,0.674501661129568,0.8094155844155845,1.0,0.29797979797979796,0.8132575757575756,0.8097165991902834,1.0,0.24615384615384617,0.7423076923076923,0.11561538461538462,0.8928571428571429,0.7345188228706937,0.9645247926497926,0.5577048260381593,0.9118804091266719,-0.006236387310606105,0.2665672348484847,0.5943567286453182,1.2150135044249444,0.9755813953488373,0.13502951136503888,-0.10965501784895434,-0.31335201101513044,0.2956954713292761,26,14,7,-0.020525635801162245,-0.19878439989674646,0.2956954713292761,0.8108910363933848,0.8752261828655075,0.8061482494114074
26,probe_matched,0.8375,0.6377459749552773,0.8303571428571429,0.6428571428571429,0.8701298701298701,0.7828282828282829,0.8340080971659919,0.6038461538461538,0.5641025641025641,0.9482625482625483,0.9111969111969112,0.03706563706563715,0.7970961433508152,-0.09920073901258818,0.6268990384615385,0.9317548076923077,0.4257602862254025,0.7558139534883721,0.6053571428571428,0.9428571428571428,0.39530730897009964,0.8056478405315615,0.6277056277056277,0.974025974025974,0.41906565656565653,0.898989898989899,0.5586032388663968,0.9635627530364372,0.3192307692307692,0.7923076923076923,0.18518518518518517,0.9259259259259259,0.7707534327651515,0.9737600047062758,0.7059992283950617,0.9642905405405405,-0.08442180215617713,0.1652636350845491,0.518249913185559,1.2580563372482698,0.9273255813953488,0.3103178361738911,0.25359074311605095,-0.02031601801485298,0.47884594311532214,26,14,4,0.5545348554977013,-0.0473533692655994,0.47884594311532214,0.7443938066634339,0.857327385279251,0.9002222222222223
26,dom_regular,1.0,0.8837209302325582,1.0,0.8504983388704319,1.0,0.8333333333333334,1.0,0.9,0.038461538461538464,0.9976833976833976,0.9953667953667954,0.0023166023166022454,0.6222301335369648,-0.021708758280805002,0.9220432692307693,1.0,0.6555679785330948,0.9633497316636852,0.9196428571428571,1.0,0.5448089700996678,0.9667774086378738,0.8441558441558441,1.0,0.5705808080808081,0.98989898989899,0.951417004048583,1.0,0.6074999999999999,0.9884615384615385,0.0,0.35976923076923073,0.9782410037878788,1.0,0.9521161121161121,1.0,-0.0054091591591591045,0.03717473616854429,0.5062153669593684,0.7366117949044685,1.0,0.30181804905065557,-0.1199916052353432,0.28668250492125763,-0.21656378609725888,26,14,11,0.0173323596843263,-0.2573155701550127,-0.21656378609725888,0.5707342996826035,0.6810825150848061,
26,dom_regular_verberase,0.9980769230769231,0.5724508050089445,0.9964285714285714,0.5166112956810631,1.0,0.6262626262626263,1.0,0.5192307692307693,0.2692307692307692,0.9243243243243243,0.6602316602316602,0.2640926640926641,0.8108024650411131,0.02787977220347173,0.9451201923076923,1.0,0.38012075134168155,0.7245080500894454,0.9320982142857143,1.0,0.30228405315614615,0.7275747508305648,0.9437229437229437,1.0,0.3181818181818182,0.8282828282828283,0.9068825910931174,1.0,0.2575961538461538,0.75,0.0,0.782051282051282,0.8072641077962285,0.9781407971085759,0.4872289228635978,0.788415074622785,0.14141414141414144,0.4031640625,0.6614958802103447,1.0221810372741087,1.0,0.03865469121837618,-0.08107175242956402,0.09832995645569621,-0.19263987510001437,26,14,11,0.026539378000950863,-0.1886828828600789,-0.19263987510001437,0.694195215009932,0.9440678936481779,
26,dom_regular_rank2,0.9980769230769231,0.49105545617173524,0.9982142857142857,0.43521594684385384,1.0,0.5606060606060606,0.9959514170040485,0.4576923076923077,0.5128205128205128,0.9343629343629344,0.7335907335907336,0.20077220077220082,0.9152839653429619,0.015565362253562543,0.9173076923076923,1.0,0.29423076923076924,0.667262969588551,0.9,1.0,0.21262458471760798,0.6711794019933554,0.93495670995671,1.0,0.21199494949494951,0.803030303030303,0.854251012145749,1.0,0.18067307692307694,0.688653846153846,0.07142857142857142,0.8983835005574137,0.819637082558512,0.9776254826254827,0.5621410299188078,0.8473922943041747,0.0825269717261904,0.3328506929548596,0.7188073528114998,1.177380953097793,0.9906976744186047,-0.0446921866234521,0.04016568433355772,0.016287461722847757,-0.1922003402832406,26,14,11,0.08060114727981452,-0.00026977861269906724,-0.1922003402832406,0.7973414933927968,1.0500753618574363,
27,adom_matched,0.8471153846153846,0.4490161001788909,0.8428571428571429,0.47674418604651164,0.8658008658008658,0.4595959595959596,0.8987854251012146,0.4423076923076923,0.0641025641025641,0.8718146718146718,0.915057915057915,-0.043243243243243246,0.8694237466880459,-0.21805062900596298,0.6258413461538461,0.9471153846153846,0.29427549194991054,0.6807245080500893,0.5928571428571429,0.9607589285714285,0.2740448504983389,0.674501661129568,0.5930735930735931,0.974025974025974,0.2220959595959596,0.8080808080808081,0.5668016194331984,0.9757085020242915,0.21903846153846154,0.676923076923077,0.0,0.7607638888888889,0.651995701058201,0.9533931107954545,0.6987858678483678,0.972032292032292,-0.14365780752090745,0.07663282924505833,0.4794572101905921,2.043089714325568,0.8017441860465117,-0.07988247331580141,-1.2706528180460124,-0.2275895685694446,-0.7897628554719739,26,14,4,-0.7428479876544554,-1.7984576484375694,-0.7897628554719739,0.733672694056348,1.0245678068385575,0.6904444444444444
27,dom_matched,0.7509615384615385,0.5894454382826476,0.7017857142857142,0.6411960132890365,0.8311688311688312,0.6666666666666666,0.7206477732793523,0.5423076923076923,0.5384615384615384,0.8277992277992278,0.833976833976834,-0.00617760617760621,0.7768061621981402,-0.326060845177849,0.4797596153846154,0.8827163461538461,0.3479427549194991,0.7549642218246868,0.425,0.8964285714285715,0.3438538205980066,0.8272425249169435,0.42413419913419914,0.9653679653679653,0.29292929292929293,0.8738636363636362,0.40880566801619433,0.9352226720647774,0.2846153846153846,0.8077884615384615,0.0514957264957265,0.9749679487179487,0.5975057742395203,0.9012818287037037,0.5648064135564135,0.923931277056277,-0.10961580086580093,0.1374693769290123,0.3999033128960496,1.4777011343514237,0.8034883720930233,0.33297477014491267,0.24884895555458275,-0.14163880222353198,0.5484530405783289,26,14,4,0.5559676802482876,-0.0582697691391221,0.5484530405783289,0.7688409917816555,0.7859092141026947,0.8508888888888888
27,probe_strat,0.9730769230769231,0.39713774597495527,0.975,0.3654485049833887,0.974025974025974,0.494949494949495,0.9838056680161943,0.34615384615384615,0.48717948717948717,0.7706563706563706,0.6810810810810811,0.08957528957528949,0.9066784958475061,-0.024655818677680946,0.7961538461538461,0.9942307692307693,0.22895796064400717,0.6119409660107333,0.7605803571428571,1.0,0.18106312292358803,0.6295681063122923,0.7661255411255412,1.0,0.2321969696969697,0.8031565656565655,0.76082995951417,1.0,0.1346153846153846,0.6616346153846153,0.07328042328042328,1.0,0.5821982332888508,0.9093836805555556,0.4916675408689571,0.8647233149750851,-0.06335854548745168,0.21854550426144853,0.6655958017120975,1.3939779768441534,0.963953488372093,-0.06687509259483368,-0.44086338220553084,-0.34376852950304954,0.537449945079921,26,14,7,-0.5356102490742971,-0.3461165153367646,0.537449945079921,0.9050156927272727,0.9085788422706303,0.852894154578365
27,probe_strat_noinit,0.9653846153846154,0.46958855098389984,0.9607142857142857,0.420265780730897,0.987012987012987,0.5050505050505051,0.9635627530364372,0.49615384615384617,0.6794871794871795,0.8332046332046332,0.6926640926640927,0.14054054054054055,0.9317456499375201,-0.01902707768568036,0.8287980769230769,0.9942307692307693,0.27191413237924866,0.6538461538461539,0.7909821428571429,1.0,0.2358388704318937,0.6445598006644518,0.8095238095238095,1.0,0.25744949494949493,0.8131313131313131,0.8055668016194333,1.0,0.19980769230769233,0.7000961538461538,0.18518518518518517,1.0,0.6495678534571724,0.9331106968152431,0.5231669162880463,0.8791088902417027,-0.03190422745978297,0.2285809823536023,0.6971427347092394,1.332156650890241,0.9680232558139535,0.08238589194086361,-0.01312675491516182,-0.4118051941730252,0.4662692491518031,26,14,7,-0.0004581239390008983,-0.025795385891322742,0.4662692491518031,0.8988916159533944,0.9692931173479492,0.8551059213690794
27,probe_matched,0.8384615384615385,0.5813953488372093,0.8428571428571429,0.5780730897009967,0.8744588744588745,0.696969696969697,0.8340080971659919,0.5346153846153846,0.6282051282051282,0.8764478764478765,0.8764478764478765,0.0,0.8764883695245607,-0.11965527180509386,0.6479326923076923,0.9259855769230769,0.38638193202146687,0.7227415026833631,0.6178125,0.9429464285714285,0.37200996677740866,0.7525747508305647,0.670995670995671,0.9826839826839827,0.3333333333333333,0.8888888888888888,0.5625506072874494,0.9635627530364372,0.2728846153846154,0.7461538461538462,0.2028985507246377,0.9285714285714286,0.6998359073359073,0.9451951951951952,0.6787779088404586,0.9492210464432687,-0.1025862068965517,0.11117117117117116,0.5450649764811021,1.2832309958042094,0.8872093023255814,0.2521056835983623,0.2943428723773535,-0.2382181219553721,0.49843953331531066,26,14,4,0.4326557773732807,0.15602996738142635,0.49843953331531066,0.8322242475660082,0.9270759374771923,0.9082222222222223
27,dom_regular,1.0,0.9481216457960644,1.0,0.9269102990033222,1.0,0.9242424242424242,1.0,0.9576923076923077,0.01282051282051282,1.0,1.0,0.0,0.550828392600361,-0.054960031327803985,0.9364903846153846,1.0,0.7504025044722719,0.9857110912343471,0.9571428571428572,1.0,0.6661129568106312,0.9784468438538206,0.8874458874458875,1.0,0.6816919191919192,1.0,0.9554655870445344,1.0,0.6961538461538461,1.0,0.0,0.21856410256410247,0.9904761904761905,1.0,0.9790972692530959,1.0,-0.0030962759290933005,0.017312983152873024,0.45120927427343815,0.6638045554272006,1.0,0.3538223282915085,-0.18328955667585936,0.3405716646939368,-0.327766993928241,26,14,11,0.04371177727621728,-0.410290890627936,-0.327766993928241,0.5073903351707583,0.6004718868056214,
27,dom_regular_verberase,1.0,0.5348837209302325,1.0,0.4684385382059801,1.0,0.6161616161616161,1.0,0.47307692307692306,0.4358974358974359,0.9274131274131274,0.7212355212355213,0.20617760617760617,0.784689354576736,0.043637452062065964,0.9567067307692309,1.0,0.35413685152057245,0.7138416815742397,0.9517857142857142,1.0,0.2806893687707641,0.6977159468438539,0.961038961038961,1.0,0.34835858585858587,0.8434343434343434,0.9392712550607287,1.0,0.2230769230769231,0.7271153846153844,0.019740740740740746,0.9,0.8118881118881119,0.9805749805749806,0.5413966355456656,0.8329996950933483,0.08261030559614355,0.35797558922558914,0.6220006999175398,0.971846570672955,1.0,0.020843680497100513,0.05161922776155817,0.061208943768594044,-0.15750837863226966,26,14,11,0.10632328913324526,-0.003084833610128935,-0.15750837863226966,0.666366573193424,0.9199153904433783,
27,dom_regular_rank2,1.0,0.4785330948121646,1.0,0.3953488372093023,1.0,0.5959595959595959,1.0,0.40384615384615385,0.5897435897435898,0.9413127413127413,0.7938223938223938,0.1474903474903475,0.8879199998307333,0.039304626427921895,0.9355528846153847,1.0,0.27636404293381034,0.6727638640429336,0.9357142857142857,1.0,0.19929401993355483,0.6495016611295681,0.9437229437229437,1.0,0.2777777777777778,0.8080808080808081,0.8986842105263159,1.0,0.16134615384615386,0.6578846153846152,0.10198717948717949,0.9814814814814815,0.8103631943531324,0.978917720734127,0.60619140625,0.8804117292990195,0.05172110522729714,0.28071846457471955,0.7141988234984434,1.1025211573456688,0.9930232558139535,-0.04741752046101923,0.16515597303448615,-0.012290661964885796,-0.18582070547582039,26,14,11,0.19815996959406798,0.13215197647490431,-0.18582070547582039,0.7649940918357885,1.0284067518249562,
28,adom_matched,0.8413461538461539,0.4490161001788909,0.8392857142857143,0.4883720930232558,0.8658008658008658,0.4797979797979798,0.8906882591093117,0.41923076923076924,0.0641025641025641,0.8749034749034749,0.8934362934362934,-0.018532818532818518,0.8408441584199281,-0.22214569490491712,0.6094951923076923,0.9394711538461538,0.2897808586762075,0.6610017889087657,0.5749553571428571,0.9465178571428571,0.2857142857142857,0.6860880398671096,0.566991341991342,0.9783549783549783,0.2321969696969697,0.8080808080808081,0.562753036437247,0.9878542510121457,0.19230769230769232,0.6577884615384615,0.0,0.7456250000000002,0.6361767124613004,0.9518453768453768,0.6239124839124839,0.95703125,-0.11764705882352944,0.0913981785539612,0.43366258888881903,1.8460055435145462,0.788953488372093,-0.10409470393701352,-1.2448743874915682,-0.18677095095199267,-0.7638700758903774,26,14,4,-0.8124252463510686,-1.6773235286320678,-0.7638700758903774,0.7649034342470845,0.9276335574746065,0.7046666666666667
28,dom_matched,0.7586538461538461,0.5599284436493739,0.7160714285714286,0.6179401993355482,0.8398268398268398,0.6515151515151515,0.7489878542510121,0.5,0.5384615384615384,0.8023166023166023,0.783011583011583,0.019305019305019266,0.8029122396685805,-0.33215928238226033,0.5230769230769231,0.8826923076923077,0.3629695885509839,0.7290026833631484,0.4624553571428572,0.8857142857142857,0.36540697674418604,0.7940614617940199,0.4414502164502164,0.9653679653679653,0.30808080808080807,0.8737373737373737,0.41295546558704455,0.935323886639676,0.2653846153846154,0.7615384615384615,0.05,0.9642857142857143,0.6061490511529851,0.8938135080447992,0.5497619047619048,0.9062727429189614,-0.09345081345081346,0.1521235521235521,0.42784654212925155,1.6626545759804696,0.7912790697674419,0.2610379372574066,0.1185742478225171,-0.1568787020286941,0.38175130094292065,26,14,4,0.3320477984639028,-0.0948993028188686,0.38175130094292065,0.8496993652089211,0.7494412390510482,0.8557777777777777
28,probe_strat,0.9644230769230769,0.40518783542039355,0.9642857142857143,0.3538205980066445,0.9393939393939394,0.5404040404040404,1.0,0.3153846153846154,0.4358974358974359,0.7907335907335907,0.7127413127413127,0.07799227799227804,0.9828886382936587,-0.024109903013646076,0.7912980769230769,0.9942307692307693,0.23792486583184258,0.6028846153846154,0.7803125,1.0,0.17275747508305647,0.603031561461794,0.7228354978354978,1.0,0.26262626262626265,0.7930555555555554,0.7935222672064778,1.0,0.11528846153846155,0.6307692307692307,0.03571428571428571,0.9629629629629629,0.6045281778979535,0.9099204399204399,0.4892182845228033,0.882065410834942,-0.0553426676034868,0.20622157872157867,0.7624524775687459,1.5024979788836201,0.9575581395348837,-0.0356653257818522,-0.44125340821200465,-0.40518566957361407,0.42840394528954756,26,14,7,-0.562582152320481,-0.31992466410352827,0.42840394528954756,1.0011034647493227,0.9620716937729001,0.836951039214197
28,probe_strat_noinit,0.9721153846153846,0.45796064400715564,0.9732142857142857,0.39700996677740863,0.9783549783549783,0.5404040404040404,0.9878542510121457,0.4269230769230769,0.6410256410256411,0.8386100386100386,0.7328185328185328,0.10579150579150576,1.0108681275948477,-0.01080688754175242,0.8402884615384616,0.9942307692307693,0.2835196779964222,0.6261627906976743,0.8375,1.0,0.1926495016611296,0.6196013289036545,0.80487012987013,1.0,0.24229797979797982,0.8131313131313131,0.854251012145749,1.0,0.16153846153846155,0.64625,0.17857142857142858,0.9653571428571431,0.6231428872053871,0.9404252333934996,0.511527534965035,0.892869314927254,-0.03475332475332468,0.21765400140400135,0.7340444639552816,1.4168116616936195,0.9732558139534884,0.06995342257051874,-0.06106531853297238,-0.47972034745690406,0.408283773019189,26,14,7,-0.09883380466021947,-0.023296832405725283,0.408283773019189,1.011539762064764,1.0101005453435152,0.8219261790840738
28,probe_matched,0.8528846153846154,0.5268336314847942,0.8607142857142858,0.53156146179402,0.8831168831168831,0.6565656565656566,0.8785425101214575,0.43846153846153846,0.6666666666666666,0.8833976833976834,0.8772200772200772,0.00617760617760621,0.975126623781221,-0.11949763927951906,0.6499759615384616,0.9326923076923077,0.3577593917710197,0.6851744186046512,0.6089285714285714,0.9429017857142856,0.3420681063122924,0.7358803986710963,0.6622294372294373,0.9826839826839827,0.34305555555555556,0.8585858585858586,0.5746963562753037,0.979757085020243,0.23846153846153847,0.6924038461538461,0.22055555555555556,0.8928571428571429,0.6672007876819425,0.94492525570417,0.6571205357142857,0.9492135642135642,-0.1174774774774775,0.13071599392722094,0.6233294629856326,1.5395723537234929,0.8796511627906977,0.19295765513358137,0.3089407137354785,-0.2622028071959736,0.34429358259751786,26,14,4,0.3964875873723044,0.22139384009865265,0.34429358259751786,0.9663868865383618,0.9851148949159175,0.9002222222222223
28,dom_regular,1.0,0.9418604651162791,1.0,0.9235880398671097,1.0,0.898989898989899,1.0,0.9576923076923077,0.01282051282051282,1.0,0.9992277992277993,0.0007722007722007485,0.6276701567626268,-0.05838269611389697,0.9412740384615385,1.0,0.6976520572450805,0.9785554561717352,0.9535267857142857,1.0,0.6361710963455149,0.9767857142857143,0.895995670995671,1.0,0.601010101010101,0.9949494949494949,0.9595141700404858,1.0,0.6730769230769231,1.0,0.0,0.22528846153846127,0.9834662545774203,1.0,0.9673615056818182,1.0,-0.004721722678056201,0.026235074360074363,0.5257817249327404,0.7489692137552018,1.0,0.33228362979203147,-0.19336540450076445,0.3113046169494683,-0.30124888068509825,26,14,11,0.02373168264494218,-0.4104624916464711,-0.30124888068509825,0.5931884028011054,0.6670778755757947,
28,dom_regular_verberase,1.0,0.5867620751341681,1.0,0.526578073089701,1.0,0.6464646464646465,1.0,0.5538461538461539,0.358974358974359,0.9243243243243243,0.7420849420849421,0.18223938223938219,0.8419336559674926,0.0276506681577998,0.9470913461538462,1.0,0.3693649373881932,0.7468694096601073,0.9517857142857142,1.0,0.2956395348837209,0.7475083056478405,0.9567099567099567,1.0,0.3433080808080808,0.8787878787878788,0.902834008097166,1.0,0.25769230769230766,0.7615384615384615,0.0,0.8716168091168092,0.7963979640151516,0.9802490019523852,0.5563244047619047,0.8612142349837663,0.05315797940797944,0.33412449818699813,0.6764470551519542,1.0451618744672964,1.0,0.059077942167722775,0.022384905614767622,0.06287086968765344,-0.18231073882532012,26,14,11,0.14356509687752,-0.09879528564798476,-0.18231073882532012,0.7389681063550773,0.9596085698102529,
28,dom_regular_rank2,1.0,0.5304114490161002,1.0,0.4335548172757475,1.0,0.6161616161616161,1.0,0.49230769230769234,0.6538461538461539,0.9451737451737452,0.8254826254826255,0.11969111969111967,0.9413608533896091,0.023968905152563932,0.9259615384615385,1.0,0.3040026833631485,0.6896690518783541,0.9499553571428571,1.0,0.21424418604651163,0.6811461794019933,0.93495670995671,1.0,0.2777777777777778,0.8636363636363636,0.8906882591093117,1.0,0.19230769230769232,0.7000961538461538,0.11527777777777778,1.0,0.8018413299663301,0.98359375,0.6324141624141624,0.9156500521083855,0.012584600468156818,0.25410020742436157,0.7565671862254385,1.1815717738157427,0.9947674418604651,0.012021871675626348,0.22217149310974021,-0.014735281332299871,-0.08683083749911737,26,14,11,0.28608752391907943,0.15825546230040097,-0.08683083749911737,0.8413540137545674,1.0556543844010853,
29,adom_matched,0.7894230769230769,0.4347048300536673,0.7803571428571429,0.4634551495016611,0.8051948051948052,0.4696969696969697,0.8380566801619433,0.4076923076923077,0.1282051282051282,0.7992277992277992,0.8625482625482626,-0.06332046332046337,0.877948593475617,-0.22928101563308925,0.5537980769230769,0.8952403846153846,0.27627459749552774,0.6459749552772807,0.5267410714285714,0.9142857142857143,0.2591362126245847,0.674501661129568,0.43268398268398267,0.961038961038961,0.21704545454545457,0.797979797979798,0.46963562753036436,0.9393724696356274,0.1922115384615385,0.6730769230769231,0.0,0.7962962962962963,0.5656378895167251,0.8932419456269349,0.5539348370927318,0.9168915652248986,-0.1328852982954546,0.11965894465894468,0.2744053921125806,2.4837432188084514,0.7244186046511628,-0.1631253183264536,-1.5673472168230949,-0.2913217161750326,-0.9772283233365333,26,14,4,-1.0236846537599351,-2.1110097798862544,-0.9772283233365333,0.8086651240523635,0.9571297013879068,0.7151111111111111
29,dom_matched,0.6817307692307693,0.5483005366726297,0.6482142857142857,0.5930232558139535,0.7792207792207793,0.6313131313131313,0.631578947368421,0.4846153846153846,0.5128205128205128,0.7498069498069498,0.738996138996139,0.010810810810810811,0.7643627774209764,-0.3454355564443323,0.4787740384615385,0.8423798076923076,0.3397808586762075,0.7245304114490161,0.3999553571428572,0.8483035714285714,0.37034883720930234,0.7924003322259137,0.3765151515151515,0.935064935064935,0.2926767676767677,0.8636363636363636,0.33997975708502026,0.8947368421052632,0.25769230769230766,0.7692307692307693,0.07142857142857142,0.97,0.5304411582341271,0.8568194383016364,0.4868535052910053,0.87185546875,-0.11276008151008149,0.13910879629629636,0.27662130114680417,2.3065777375279715,0.7168604651162791,0.3090678803365069,0.011707506168686141,-0.2455618665926853,0.4491478958811,26,14,4,0.21583893106832214,-0.19242391873094986,0.4491478958811,0.8828778323453723,0.6289170003645234,0.8182222222222222
29,probe_strat,0.9490384615384615,0.4203935599284436,0.9625,0.3654485049833887,0.9393939393939394,0.5606060606060606,0.97165991902834,0.31153846153846154,0.48717948717948717,0.7474903474903475,0.7227799227799228,0.024710424710424728,1.005342287307896,-0.020277195128116515,0.7422596153846154,0.9779086538461538,0.23698568872987477,0.6288237924865832,0.7623214285714285,0.9964285714285714,0.1826827242524917,0.6247923588039865,0.631926406926407,0.9914502164502164,0.25252525252525254,0.797979797979798,0.7004048582995951,1.0,0.12307692307692308,0.6848076923076921,0.06483516483516484,0.9642857142857143,0.5680695078914894,0.9135304503390655,0.51623332568895,0.8890625307336742,-0.10179660380898774,0.15833172458172456,0.7156022144936215,1.5880625343366261,0.9372093023255814,-0.052641597549682353,-0.43997326697064115,-0.386892442800163,0.52473926383857,26,14,7,-0.7020540157060149,-0.17789251823526742,0.52473926383857,1.037164510552448,0.9689740321712649,0.7866409204830258
29,probe_strat_noinit,0.9471153846153846,0.44633273703041143,0.9696428571428571,0.38870431893687707,0.974025974025974,0.5353535353535354,0.9473684210526315,0.3923076923076923,0.6794871794871795,0.8316602316602316,0.7637065637065638,0.06795366795366786,1.0339074953344423,-0.01389831334463748,0.7902884615384616,0.9865625,0.2835196779964222,0.6350626118067979,0.7910714285714285,1.0,0.1976328903654485,0.6214285714285712,0.7401515151515152,1.0,0.27765151515151515,0.7930555555555554,0.7729757085020242,1.0,0.16144230769230772,0.6578846153846152,0.17671428571428577,0.944871794871795,0.6052442440600335,0.9280806597176565,0.5425446564958949,0.8875152972027971,-0.07428635817307692,0.1797601920648795,0.7459486540768321,1.5557815640202743,0.9593023255813954,0.07081451979363898,-0.0902052134741048,-0.5998884461330757,0.45331038094834036,26,14,7,-0.1792114514768419,-0.0011989754713677015,0.45331038094834036,1.0538406379652634,1.011126760899218,0.7777690691374902
29,probe_matched,0.7740384615384616,0.5304114490161002,0.7910714285714285,0.5182724252491694,0.8311688311688312,0.6212121212121212,0.7732793522267206,0.45384615384615384,0.6666666666666666,0.8548262548262548,0.8656370656370657,-0.010810810810810811,0.9924144837906756,-0.13432800186826485,0.5710336538461538,0.8923798076923076,0.3550536672629696,0.6842799642218247,0.5570535714285715,0.9143749999999999,0.3238372093023256,0.7308970099667774,0.5930735930735931,0.9567099567099567,0.3333333333333333,0.8383838383838383,0.43309716599190284,0.9393724696356274,0.23836538461538465,0.7001923076923074,0.25925925925925924,0.911698717948718,0.619014319014319,0.9158180250361485,0.6484979423868313,0.9258107669240482,-0.13728696323026818,0.10568655303030296,0.5602962492684642,1.809513829905847,0.7994186046511628,0.21561113701251156,0.30704599366153856,-0.2529971402887315,0.5656725721734663,26,14,4,0.2819748072859384,0.33211718003713875,0.5656725721734663,0.9954731723074858,0.9889188397714641,0.8922222222222222
29,dom_regular,0.9971153846153846,0.9651162790697675,0.9946428571428572,0.946843853820598,1.0,0.9343434343434344,1.0,0.9730769230769231,0.01282051282051282,1.0,1.0,0.0,0.5377669296606878,-0.044695750769493364,0.8499759615384616,1.0,0.7558139534883721,0.9910554561717353,0.8552678571428571,1.0,0.6992524916943521,0.9883720930232558,0.713961038961039,1.0,0.6818181818181818,1.0,0.9067813765182187,1.0,0.7384615384615385,1.0,0.0,0.16,0.982354701476594,1.0,0.9598757686257686,1.0,-0.0057716049382716015,0.02887532753667816,0.43503272261594705,0.658330600586536,1.0,0.43296450407993736,-0.16332868220792726,0.3869995377281065,-0.3453064966899071,26,14,11,0.021310036427607516,-0.34796740084346206,-0.3453064966899071,0.4939671816755397,0.5878237845008574,
29,dom_regular_verberase,0.9980769230769231,0.6046511627906976,0.9982142857142857,0.5415282392026578,1.0,0.6515151515151515,0.9959514170040485,0.5807692307692308,0.28205128205128205,0.9081081081081082,0.7837837837837838,0.12432432432432439,0.7801084921955233,0.007088031312780241,0.8941826923076923,1.0,0.41144901610017887,0.7737254025044723,0.8981250000000001,1.0,0.3106312292358804,0.7642026578073089,0.921969696969697,1.0,0.31313131313131315,0.8738636363636362,0.8380566801619433,1.0,0.31153846153846154,0.7884615384615384,0.0,0.8340000000000002,0.7609311565170941,0.9746130952380953,0.5853150406504065,0.8912587412587412,0.01005094890275361,0.2795752895752896,0.5953082450025808,1.007888058885979,0.9994186046511628,0.08367424718522679,0.008010874682050861,0.10259572921822802,-0.18112275452406193,26,14,11,0.12506585220768232,-0.1090441028435806,-0.18112275452406193,0.6633304525462644,0.9135691089375334,
29,dom_regular_rank2,1.0,0.5858676207513417,1.0,0.49667774086378735,1.0,0.696969696969697,1.0,0.5346153846153846,0.5769230769230769,0.9436293436293436,0.8277992277992278,0.11583011583011582,0.8602566471472605,0.001457600172928624,0.8748557692307692,1.0,0.36044275491949906,0.7334973166368515,0.890982142857143,1.0,0.25577242524916943,0.7242940199335548,0.9003246753246754,1.0,0.29292929292929293,0.8737373737373737,0.8095141700404859,1.0,0.2230769230769231,0.75,0.0641025641025641,0.9710144927536232,0.7929801301744026,0.9791698841698842,0.5895833333333333,0.9158494208494209,-0.0077232077232077066,0.2740204197247541,0.6522582292242192,1.1483479560869008,0.9965116279069768,0.04119565676103619,0.19789311935250264,0.08929721464275053,-0.0623918929662845,26,14,11,0.26618408530132887,0.1296021534036764,-0.0623918929662845,0.7732115042023199,0.959736810512907,
30,adom_matched,0.7548076923076923,0.41949910554561715,0.7339285714285714,0.4435215946843854,0.7965367965367965,0.45454545454545453,0.7692307692307693,0.3923076923076923,0.1282051282051282,0.7760617760617761,0.8409266409266409,-0.06486486486486487,0.8393030732379626,-0.2384888742441347,0.5296394230769231,0.8711538461538462,0.2709973166368515,0.6493962432915922,0.48566964285714287,0.8928571428571429,0.25743355481727576,0.6611295681063123,0.42424242424242425,0.9567099567099567,0.20694444444444446,0.803030303030303,0.44129554655870445,0.9272267206477731,0.20384615384615384,0.6270192307692307,0.0,0.7935384615384604,0.5212319769546332,0.877040930894775,0.4972403023150466,0.9050211372086372,-0.1448684210526316,0.11268239020754503,0.00033400979382471936,3.625421396015089,0.6901162790697675,-0.2337080378998532,-1.7616597786553154,-0.42528440224326136,-1.0426686974691932,26,14,4,-1.3289334290076384,-2.1943861283029924,-1.0426686974691932,0.7964588319364843,0.8882679204396524,0.6782222222222222
30,dom_matched,0.6615384615384615,0.5125223613595706,0.6339285714285714,0.553156146179402,0.7662337662337663,0.5303030303030303,0.6032388663967612,0.4653846153846154,0.5384615384615384,0.7034749034749035,0.7027027027027027,0.0007722007722007485,0.7393076113208435,-0.35342072801829144,0.44519230769230766,0.8288701923076923,0.32824239713774594,0.7030858676207513,0.4142857142857143,0.826830357142857,0.3354651162790698,0.7508720930232559,0.35054112554112554,0.9307359307359307,0.24242424242424243,0.8232323232323232,0.3441295546558704,0.8663967611336032,0.24605769230769234,0.7155769230769229,0.07142857142857142,0.9642857142857143,0.48320053820053815,0.8252002639151299,0.47376236631989976,0.8417283520805192,-0.1281858231858232,0.12972972972972974,0.01631174422520652,2.875143517809357,0.6779069767441861,0.2563301485386014,-0.04628350513301879,-0.4305087376965844,0.40135915236419656,26,14,4,-0.019367408665407822,-0.07319960160062977,0.40135915236419656,0.937012992906998,0.5133586037938099,0.8102222222222222
30,probe_strat,0.9355769230769231,0.3953488372093023,0.9642857142857143,0.35714285714285715,0.9437229437229437,0.48484848484848486,0.951417004048583,0.3192307692307692,0.5,0.6756756756756757,0.6563706563706564,0.019305019305019266,1.0999535885514238,-0.03203511691521611,0.7364903846153846,0.9759615384615384,0.2432692307692308,0.6037790697674419,0.7535267857142857,0.9946428571428572,0.17437707641196015,0.6013704318936878,0.670887445887446,1.0,0.23737373737373738,0.7828282828282829,0.7002024291497976,1.0,0.10375000000000001,0.6501923076923075,0.037037037037037035,0.9820512820512809,0.5094691119691119,0.8873218448218447,0.4852829768270945,0.8685286856141499,-0.1329593335571596,0.19137566137566137,0.7406946505616528,1.8373463022126542,0.9058139534883721,-0.11154506813215948,-0.5929525115881072,-0.4596528173632442,0.5512412178929441,26,14,7,-1.0415721553884867,-0.1443328677877278,0.5512412178929441,1.1389640894538846,1.055370158948611,0.8046135794030531
30,probe_strat_noinit,0.9461538461538461,0.4329159212880143,0.9732142857142857,0.3637873754152824,0.9783549783549783,0.47474747474747475,0.9473684210526315,0.4115384615384615,0.5769230769230769,0.8131274131274131,0.7297297297297297,0.08339768339768339,1.0728398821329501,-0.023360861741752222,0.7797596153846154,0.9826923076923076,0.2620751341681574,0.6046735241502683,0.8071428571428572,0.9964285714285714,0.19098837209302327,0.5914036544850498,0.7746753246753246,1.0,0.2018939393939394,0.7828282828282829,0.7327935222672065,1.0,0.1576923076923077,0.6539423076923077,0.11911111111111113,0.9510000000000002,0.5845123974420849,0.9159127127225574,0.5156131628787879,0.8749137858588713,-0.0700989652012468,0.20479729729729731,0.7254091010974624,1.7275030920310466,0.9343023255813954,0.05545755846727507,-0.18053735523700104,-0.670765251800712,0.5113215540694824,26,14,7,-0.35818332562733757,-0.002891384846664531,0.5113215540694824,1.0949332877331597,1.0475902757327107,0.7566222374117111
30,probe_matched,0.7480769230769231,0.5313059033989267,0.7517857142857143,0.5282392026578073,0.8138528138528138,0.6060606060606061,0.7165991902834008,0.47692307692307695,0.6025641025641025,0.81003861003861,0.8501930501930502,-0.04015444015444025,1.0081547316331914,-0.14244305303756727,0.5537500000000001,0.8721153846153846,0.3488148479427549,0.6896690518783541,0.5285267857142857,0.8911160714285714,0.3105481727574751,0.7276162790697674,0.5800865800865801,0.948051948051948,0.2777777777777778,0.8484848484848485,0.4089068825910931,0.8785425101214575,0.24990384615384617,0.7153846153846154,0.21428571428571427,0.9285714285714286,0.5635992391200725,0.9021852445870089,0.6179635466940154,0.921827834752322,-0.17263931888544892,0.09675113027667208,0.5035841438191156,2.040638933754128,0.7744186046511627,0.24401977644122969,0.2505952670100491,-0.25672045144605476,0.6180972040065807,26,14,4,0.18571022853170005,0.3154803054883981,0.6180972040065807,1.019333277903465,0.9953792501814501,0.8762222222222222
30,dom_regular,0.9961538461538462,0.9543828264758497,0.9928571428571429,0.9285714285714286,1.0,0.9242424242424242,1.0,0.9653846153846154,0.01282051282051282,0.9984555984555985,0.9976833976833976,0.0007722007722008595,0.5525520847731556,-0.042377057529014446,0.8160096153846154,1.0,0.7218023255813953,0.9812388193202147,0.8214285714285714,1.0,0.6627076411960132,0.9767441860465116,0.7055194805194805,1.0,0.6411616161616162,1.0,0.8379554655870446,1.0,0.6961538461538461,1.0,0.0,0.2222222222222222,0.9613811121310138,1.0,0.9335756655092593,1.0,-0.01157407407407407,0.050024131274131294,0.43127229568436265,0.7046428040826747,1.0,0.43486832106194295,-0.17831415368888343,0.3657446713325412,-0.35890350448665775,26,14,11,0.010729512720077387,-0.36735782009784423,-0.35890350448665775,0.5003231255147066,0.612242323925669,
30,dom_regular_verberase,0.9951923076923077,0.6493738819320215,0.9964285714285714,0.6312292358803987,1.0,0.6767676767676768,0.9878542510121457,0.6615384615384615,0.23076923076923078,0.8903474903474904,0.8463320463320463,0.044015444015444105,0.7319083536302348,0.008769617125947824,0.8700961538461539,1.0,0.4158989266547406,0.7880366726296959,0.8784375,1.0,0.38201827242524916,0.8107558139534883,0.9134199134199135,1.0,0.30808080808080807,0.8787878787878788,0.7894736842105263,1.0,0.3730769230769231,0.8538461538461538,0.0,0.75,0.7579157729157728,0.9660583043981481,0.6237715834384436,0.9184232954545455,-0.0369866888946354,0.22712058212058206,0.5060906000877315,0.9937633592969966,0.9976744186046511,0.12583459762562504,-0.055274120530881724,0.10492437412440203,-0.17877234414930668,26,14,11,0.1306211427128186,-0.24116938377458205,-0.17877234414930668,0.5868504695464811,0.8976887925830959,
30,dom_regular_rank2,1.0,0.6144901610017889,1.0,0.526578073089701,1.0,0.702020202020202,1.0,0.5807692307692308,0.5256410256410257,0.9289575289575289,0.8401544401544402,0.08880308880308874,0.8268459108080117,-0.0028761215424515855,0.8449519230769231,1.0,0.3559481216457961,0.7478309481216457,0.8535714285714285,1.0,0.27906976744186046,0.735921926910299,0.8658008658008658,1.0,0.28775252525252526,0.8636363636363636,0.7812753036437248,1.0,0.23442307692307693,0.7692307692307693,0.026185897435897436,0.9642857142857143,0.749034599034599,0.9737600047062758,0.5570973387825277,0.9340045924126842,-0.04413699690402472,0.2865123456790123,0.5804053688487049,1.1253688016851413,0.9947674418604651,0.06569822409525852,0.16877421050568484,0.07622468696224022,-0.07971324181617467,26,14,11,0.25987789711049947,0.07767052390087022,-0.07971324181617467,0.7339101161280294,0.9330582475851343,
31,adom_matched,0.7259615384615384,0.40608228980322003,0.6946428571428571,0.4418604651162791,0.7662337662337663,0.4090909090909091,0.728744939271255,0.40384615384615385,0.14102564102564102,0.7042471042471042,0.8108108108108109,-0.10656370656370662,0.7885050791019925,-0.2493536025008538,0.49132211538461534,0.8616346153846154,0.26377459749552773,0.6261627906976743,0.48741071428571425,0.8643303571428571,0.2523671096345515,0.6462624584717607,0.3333333333333333,0.948051948051948,0.1816919191919192,0.7929292929292929,0.4089068825910931,0.8987854251012146,0.18076923076923077,0.619326923076923,0.0,0.8213598901098901,0.47462698354839494,0.827438080495356,0.5029896183224357,0.8682628039414035,-0.19460777851021754,0.09945268644747397,-3.0586018077212875,4.556735702063929,0.6494186046511627,-0.33958837340396386,-2.316968775079158,-0.858474615066962,-1.4047933117376703,26,14,4,-1.8091518494390884,-2.8247857007192274,-1.4047933117376703,0.5969195852071476,1.00745992926753,0.6424444444444445
31,dom_matched,0.6490384615384616,0.4892665474060823,0.6214285714285714,0.5299003322259136,0.7316017316017316,0.5,0.582995951417004,0.45384615384615384,0.48717948717948717,0.6478764478764478,0.6826254826254826,-0.03474903474903479,0.560824556366664,-0.3498111068914043,0.42399038461538463,0.8125240384615384,0.3184257602862254,0.688752236135957,0.38745535714285717,0.8196428571428571,0.320514950166113,0.7458471760797342,0.28993506493506493,0.9178571428571428,0.23724747474747476,0.8435606060606059,0.31568825910931175,0.854251012145749,0.23451923076923079,0.7385576923076923,0.0666025641025641,0.961574074074074,0.4484610271575463,0.7699029386529386,0.45446775446775445,0.8171920657467532,-0.16349602862388068,0.10921729876160986,-0.5888529196750184,3.8904139902075774,0.6453488372093024,0.2305719952053679,-0.34050678067726015,-0.8563665815018706,0.23342535552026586,26,14,4,-0.2808708307553736,-0.40014273059914673,0.23342535552026586,0.7558444098669198,0.33794472379494295,0.7584444444444444
31,probe_strat,0.8788461538461538,0.41323792486583183,0.9125,0.37209302325581395,0.8787878787878788,0.5,0.8947368421052632,0.3153846153846154,0.47435897435897434,0.5868725868725869,0.6069498069498069,-0.020077220077220015,1.2083424259796003,-0.029626930797835502,0.6883173076923077,0.9490624999999999,0.23877459749552774,0.6029293381037566,0.6874107142857143,0.9821874999999999,0.1744186046511628,0.5865033222591362,0.5844155844155844,0.9826839826839827,0.2222222222222222,0.7678030303030301,0.6639676113360324,0.9919028340080972,0.1076923076923077,0.6,0.07142857142857142,0.9230769230769231,0.4225568392364058,0.8313967765777365,0.38995573933424776,0.8227656830868905,-0.13445566778900114,0.20312499999999994,0.7374603391462536,2.2301136491833553,0.85,-0.08533029485042169,-0.7918129992324124,-0.6650025437546739,0.5403047653002021,26,14,7,-1.1772980166344673,-0.4063279818303575,0.5403047653002021,1.1946140132948135,1.2240320404764997,0.7454840890104047
31,probe_strat_noinit,0.9057692307692308,0.43023255813953487,0.9428571428571428,0.36710963455149503,0.9437229437229437,0.4696969696969697,0.8866396761133604,0.4269230769230769,0.5,0.7042471042471042,0.637065637065637,0.06718146718146722,1.1379568343185822,-0.02713728786277081,0.7383413461538462,0.9692548076923077,0.2549194991055456,0.6073568872987478,0.7535714285714286,0.9857142857142858,0.19908637873754154,0.606312292358804,0.6925324675324676,1.0,0.18181818181818182,0.7224747474747473,0.6639676113360324,0.9919028340080972,0.16538461538461538,0.6770192307692308,0.11538461538461539,0.9444444444444444,0.49034749034749037,0.854049827694575,0.3978015678015678,0.7894858768542979,-0.07344680059523814,0.2301737451737451,0.7451114499904478,1.864722890839417,0.8947674418604651,0.0850225554504911,-0.34341122343466174,-0.8845523489620483,0.5319213571508232,26,14,7,-0.4676285148461451,-0.21919393202317836,0.5319213571508232,1.0964788634688092,1.185360229575466,0.7104286726918306
31,probe_matched,0.7163461538461539,0.5143112701252236,0.7267857142857143,0.5016611295681063,0.7489177489177489,0.5909090909090909,0.6923076923076923,0.4653846153846154,0.6923076923076923,0.7436293436293436,0.8084942084942085,-0.06486486486486487,1.0151611498743975,-0.13922722983462252,0.5163221153846155,0.8413701923076923,0.36404293381037567,0.6851744186046512,0.4981696428571429,0.8714732142857142,0.3205564784053156,0.7142857142857143,0.5063852813852814,0.935064935064935,0.26755050505050504,0.8435606060606059,0.36821862348178136,0.8866396761133604,0.2191346153846154,0.7076923076923077,0.21757142857142858,0.9259259259259259,0.4848825611325611,0.8539432789432789,0.5286071548107152,0.8788911569585185,-0.18808627517992837,0.11905438311688313,0.3804404222582955,2.3866496049684,0.7441860465116279,0.29828315067851324,0.3648505068348904,-0.44886400475833393,0.7685364697452777,26,14,4,0.22419396669433334,0.5055070469754475,0.7685364697452777,0.9999066362620002,1.0325948797171371,0.8515555555555556
31,dom_regular,0.9903846153846154,0.9651162790697675,0.9821428571428571,0.9534883720930233,0.9783549783549783,0.9646464646464646,1.0,0.9538461538461539,0.0,0.9984555984555985,0.9945945945945946,0.0038610038610038533,0.4781376051408198,-0.05312582860900703,0.7326923076923076,1.0,0.7155187835420393,0.9838998211091234,0.7660267857142857,1.0,0.6594269102990034,0.9800664451827242,0.5930735930735931,1.0,0.6412878787878789,1.0,0.7853238866396761,1.0,0.6730769230769231,1.0,0.0,0.22199999999999995,0.9254541925465838,1.0,0.8980501930501931,1.0,-0.021983989197530838,0.07239323635371578,0.3385953801307904,0.6631820076855223,1.0,0.4659401447904834,-0.22046363136657968,0.4201540683268803,-0.3978562877351711,26,14,11,-0.05696065038450304,-0.3839666123486563,-0.3978562877351711,0.41829006170112665,0.5465347976433265,
31,dom_regular_verberase,0.9884615384615385,0.7084078711985689,0.9875,0.7242524916943521,1.0,0.7121212121212122,0.9676113360323887,0.7269230769230769,0.10256410256410256,0.8888030888030888,0.8254826254826255,0.06332046332046326,0.6583264155467682,-0.01476390232298674,0.8038221153846155,1.0,0.4409436493738819,0.8103980322003578,0.7963839285714285,1.0,0.4069767441860465,0.8438953488372093,0.8528138528138528,1.0,0.3434343434343434,0.8839646464646463,0.7489878542510121,1.0,0.38846153846153847,0.8692307692307693,0.0,0.7152857142857141,0.7155983664772727,0.9687346155870614,0.6130469058178036,0.9063800074335577,-0.0582750582750583,0.2606528324228147,0.39818105414195154,0.9762025181740697,0.9941860465116279,0.14969909781394347,-0.10389719968230787,0.21264271530928358,-0.2655583846647863,26,14,11,0.04117381771901356,-0.24896821708362932,-0.2655583846647863,0.4585524102158279,0.8866395644964145,
31,dom_regular_rank2,0.9971153846153846,0.6806797853309481,1.0,0.6245847176079734,1.0,0.7373737373737373,0.9878542510121457,0.6153846153846154,0.358974358974359,0.9173745173745174,0.8571428571428571,0.06023166023166027,0.7055126799773789,-0.00817488608241313,0.7758894230769231,1.0,0.40429338103756707,0.7719588550983899,0.7982142857142858,1.0,0.32720099667774083,0.7641611295681063,0.7186147186147186,1.0,0.29292929292929293,0.8890151515151513,0.7084008097165992,1.0,0.2653846153846154,0.7886538461538459,0.018518518518518517,0.9510000000000002,0.6936454311454311,0.9674629987129987,0.5764936755952381,0.9339164586388995,-0.07645231421160212,0.25311124061124063,0.4525030502616238,1.0537744748420315,0.9953488372093023,0.09150235668921006,0.12975268581269514,0.18383026696875482,-0.16467182579883172,26,14,11,0.18089106085571394,0.07861431076967633,-0.16467182579883172,0.5750375452934522,0.8546271196161522,
32,adom_matched,0.7163461538461539,0.41681574239713776,0.6803571428571429,0.4584717607973422,0.7705627705627706,0.40404040404040403,0.7125506072874493,0.4153846153846154,0.11538461538461539,0.7305019305019305,0.8092664092664092,-0.07876447876447878,0.9597903264477291,-0.2613400573416972,0.47483173076923074,0.8432932692307692,0.26654740608228983,0.6333631484794275,0.4570535714285714,0.8536160714285713,0.26071428571428573,0.6528239202657807,0.2985930735930736,0.9523809523809523,0.18181818181818182,0.8082070707070705,0.39251012145748987,0.9150809716599189,0.18067307692307694,0.6308653846153846,0.0,0.7857142857142857,0.4903179052559858,0.8382755055147059,0.48477366255144033,0.8769349845201239,-0.19694197735993407,0.12903474903474893,-1.229693363893059,6.904709893252802,0.6511627906976745,-0.2675748819542575,-2.3381489057730223,-0.780386315056442,-1.5669969965386035,26,14,4,-1.7846263134230778,-2.8916714981229665,-1.5669969965386035,0.7617805009804965,1.1860872698388516,0.6097777777777779
32,dom_matched,0.6586538461538461,0.4660107334525939,0.6178571428571429,0.5083056478405316,0.7878787878787878,0.4393939393939394,0.5708502024291497,0.4461538461538462,0.38461538461538464,0.6749034749034749,0.7003861003861004,-0.025482625482625476,0.7763726764726886,-0.3560132487091116,0.4182451923076923,0.8134855769230769,0.3129695885509839,0.6879025044722719,0.4052232142857143,0.7964285714285714,0.3205564784053156,0.7159883720930232,0.3071428571428571,0.9393939393939394,0.1917929292929293,0.8383838383838383,0.2834008097165992,0.8543522267206476,0.23461538461538461,0.7230769230769231,0.05979166666666667,0.95,0.46183053710017385,0.7832830237358102,0.4405068108974359,0.8228632478632478,-0.1731275768389754,0.12191670308857806,-0.31522274421502333,5.550679060359505,0.6465116279069767,0.15967064414552895,-0.5467929799469586,-0.8973108534679787,-0.13032357950562704,26,14,4,-0.384516598196179,-0.7090693616977383,-0.13032357950562704,0.9578541243493426,0.5689653074707984,0.7344444444444445
32,probe_strat,0.8798076923076923,0.4472271914132379,0.9196428571428571,0.39368770764119604,0.8787878787878788,0.5050505050505051,0.8987854251012146,0.4,0.44871794871794873,0.6293436293436293,0.6555984555984556,-0.026254826254826336,1.2723000945580214,-0.03320532269264274,0.7086538461538462,0.9500240384615384,0.26115831842576026,0.6234794275491949,0.7267857142857143,0.9821428571428571,0.19767441860465115,0.5964285714285713,0.5970779220779221,0.9826839826839827,0.23737373737373738,0.7626262626262627,0.667914979757085,0.9920040485829958,0.16144230769230772,0.6538461538461539,0.07407407407407407,0.9285714285714286,0.47673326798713794,0.8706591710758378,0.4324983912483913,0.8401610041706273,-0.15160420340975897,0.20294343982139026,0.7926554058158969,2.130327489340324,0.8459302325581395,-0.002923788609365441,-0.660961942424133,-0.5594231036530931,0.4035502014280792,26,14,7,-0.956429974394638,-0.365493910453628,0.4035502014280792,1.326332396510892,1.2105488923261696,0.7368660793397634
32,probe_strat_noinit,0.8990384615384616,0.44991055456171736,0.9303571428571429,0.3920265780730897,0.922077922077922,0.4393939393939394,0.8744939271255061,0.49230769230769234,0.5,0.7606177606177607,0.6586872586872586,0.10193050193050202,1.2817858870486392,-0.032979825282580436,0.7586538461538461,0.9634855769230769,0.288886404293381,0.6288461538461537,0.7589285714285714,0.9875,0.22587209302325584,0.6395764119601329,0.7012987012987013,0.9914502164502164,0.19696969696969696,0.7272727272727273,0.6923076923076923,0.9959514170040485,0.2191346153846154,0.6961538461538461,0.10714285714285714,0.9363301282051278,0.5292228835978836,0.8792714265693282,0.4320042782738095,0.8177898533454089,-0.06584357854094694,0.23456790123456794,0.8495907823268168,1.973744553230006,0.8872093023255814,0.11413897006960858,-0.2861920644918721,-0.8127671608874693,0.4711148604664288,26,14,7,-0.3650400214603197,-0.20734410752342455,0.4711148604664288,1.3083936260078002,1.2513770425238842,0.6964742411584517
32,probe_matched,0.7182692307692308,0.5411449016100179,0.7303571428571428,0.5116279069767442,0.7445887445887446,0.5909090909090909,0.6923076923076923,0.5038461538461538,0.6923076923076923,0.7969111969111969,0.7405405405405405,0.05637065637065641,1.1805115504763186,-0.1322901920212524,0.5105528846153846,0.8528846153846154,0.3550983899821109,0.7075134168157424,0.5017857142857143,0.8786160714285713,0.32553986710963456,0.7408637873754153,0.5019480519480519,0.9221861471861471,0.2878787878787879,0.8434343434343434,0.3561740890688259,0.8826923076923076,0.2423076923076923,0.7615384615384615,0.25883655394524957,0.9230769230769231,0.5208264695951398,0.8920211884469698,0.4931803158671766,0.8740978348035284,-0.1345713009101417,0.16804612699468077,0.5617737367164365,2.8773055707238866,0.7610465116279069,0.3228375610543197,0.4767090385813041,-0.2966311020590952,0.7222430934935726,26,14,4,0.3985779078418989,0.5548401693207092,0.7222430934935726,1.2132256292943282,1.1431240318271652,0.8275555555555556
32,dom_regular,0.9855769230769231,0.9767441860465116,0.9732142857142857,0.9617940199335548,0.961038961038961,0.9848484848484849,1.0,0.9692307692307692,0.0,0.9938223938223938,0.9953667953667954,-0.001544401544401608,0.46805692649758296,-0.058018898558028276,0.6971153846153846,0.9971153846153846,0.7870527728085868,0.9937611806797854,0.7605803571428571,1.0,0.7441445182724252,0.9900332225913622,0.5366883116883118,1.0,0.7372474747474748,1.0,0.7773279352226721,1.0,0.75,1.0,0.0,0.18518518518518517,0.9196394018133569,1.0,0.919515941722973,1.0,-0.05674834280303023,0.0602485024707246,0.33042947145259555,0.6296071008089864,1.0,0.5539613414890169,-0.1664698039073499,0.4572887929825895,-0.43583055940005755,26,14,11,-0.021257981616784858,-0.3116816261979149,-0.43583055940005755,0.43235095550151315,0.5088637504930913,
32,dom_regular_verberase,0.9942307692307693,0.7853309481216458,0.9964285714285714,0.7807308970099668,1.0,0.8737373737373737,0.979757085020243,0.7192307692307692,0.14102564102564102,0.9567567567567568,0.9034749034749034,0.05328185328185331,0.7687891850973563,0.029203357265336363,0.7787259615384615,1.0,0.5089445438282647,0.8756932021466906,0.8017857142857143,1.0,0.4883305647840531,0.8920265780730897,0.7359307359307359,1.0,0.45454545454545453,0.9696969696969697,0.7692307692307693,1.0,0.4230769230769231,0.8731730769230769,0.0,0.8150462962962962,0.7685281217750258,0.99531313738345,0.7242717717717718,0.9628482972136223,-0.09530108244000787,0.21130586770120652,0.52349028332187,1.059594890187033,0.9982558139534884,0.23651552724972036,0.06503972562203836,0.21868912360609574,-0.01912781794371506,26,14,11,0.20038488036649246,-0.07030542912241575,-0.01912781794371506,0.6246101730801299,0.9335651988313289,
32,dom_regular_rank2,1.0,0.7298747763864043,1.0,0.6511627906976745,1.0,0.8232323232323232,1.0,0.6,0.5384615384615384,0.9683397683397683,0.9328185328185328,0.03552123552123554,0.8184603171955643,0.039922338810940323,0.7653365384615384,1.0,0.4346824686940966,0.8130590339892666,0.8017410714285714,1.0,0.3620016611295681,0.7873754152823921,0.6536796536796536,1.0,0.3787878787878788,0.9292929292929293,0.7488866396761134,1.0,0.29990384615384613,0.7807692307692308,0.018518518518518517,0.937606837606837,0.7702245716698841,0.9897953392297331,0.6937770562770562,0.9791667641667642,-0.10702996598249431,0.21212706212706214,0.5523439353808237,1.148374227998974,0.9872093023255814,0.17575321213087353,0.2612891865529148,0.14227171804057795,0.08697122923325297,26,14,11,0.3481417240166684,0.17443664908916118,0.08697122923325297,0.7402497807033377,0.9078437874723949,
33,adom_matched,0.7028846153846153,0.4186046511627907,0.6625,0.46179401993355484,0.7705627705627706,0.41919191919191917,0.6923076923076923,0.40384615384615385,0.15384615384615385,0.7297297297297297,0.7938223938223938,-0.06409266409266412,1.4046331667042118,-0.25698152746404057,0.4480528846153846,0.8509855769230769,0.26829159212880144,0.6431574239713774,0.4445535714285714,0.8714285714285714,0.23754152823920266,0.6678156146179403,0.2553030303030303,0.9393939393939394,0.18181818181818182,0.8132575757575756,0.3522267206477733,0.8907894736842104,0.16923076923076924,0.6308653846153846,0.0,0.8517094017094018,0.49319019181455254,0.8235079331563706,0.48355468749999997,0.8586883311883312,-0.17995596042471043,0.12313510823959732,-1.9512196086362807,11.0029003586926,0.6395348837209303,-0.2814404389341165,-2.2694460952841133,-0.845523268297927,-1.4823295799333829,26,14,4,-1.594608274462427,-2.944283916105799,-1.4823295799333829,1.1567569720400088,1.6879202463204446,0.5937777777777778
33,dom_matched,0.6528846153846154,0.4731663685152057,0.6142857142857143,0.5066445182724253,0.7575757575757576,0.4444444444444444,0.5748987854251012,0.45,0.38461538461538464,0.6942084942084942,0.684942084942085,0.009266409266409203,1.017835869664332,-0.33391381636427214,0.38461538461538464,0.8279326923076922,0.3290921288014311,0.7155635062611807,0.3892857142857143,0.8089285714285714,0.3355066445182724,0.7409468438538205,0.2510822510822511,0.935064935064935,0.1917929292929293,0.858712121212121,0.29554655870445345,0.8502024291497976,0.23076923076923078,0.7461538461538462,0.037037037037037035,0.9615384615384616,0.4520011368034056,0.7851319875776397,0.43357421875,0.7914087385376448,-0.14686132561132564,0.15107348067615567,-0.33203988073930135,5.5860350432390335,0.6552325581395348,0.22972502940606088,-0.38521382952957267,-0.8564904429851262,-0.12325800898891325,26,14,4,-0.16849306467238315,-0.6019345943867622,-0.12325800898891325,1.1569742901227047,0.8588205319976201,0.7153333333333333
33,probe_strat,0.8711538461538462,0.46422182468694095,0.9089285714285714,0.4186046511627907,0.8528138528138528,0.5202020202020202,0.9068825910931174,0.4269230769230769,0.4358974358974359,0.6154440154440154,0.6301158301158302,-0.014671814671814776,1.3880427666904032,-0.03582707660525683,0.7134134615384615,0.95,0.2888640429338104,0.6467128801431127,0.698125,0.975,0.2292358803986711,0.6212624584717608,0.6492424242424243,0.9784632034632034,0.25757575757575757,0.7878787878787878,0.680161943319838,0.9919028340080972,0.16538461538461538,0.676923076923077,0.07328042328042328,0.8949999999999997,0.4756746702059202,0.8356305166945318,0.45819763870460467,0.8247490347490347,-0.13446343847602701,0.17409851409851407,0.8354673565860351,2.363791130880884,0.8470930232558139,0.06602761795340202,-0.5943072834667732,-0.5666504498381224,0.45113641775899904,26,14,7,-0.8280147024037907,-0.3605998645297556,0.45113641775899904,1.4735297951964372,1.2903433055406492,0.7539860003544214
33,probe_strat_noinit,0.9125,0.47137745974955275,0.9357142857142857,0.42857142857142855,0.948051948051948,0.4595959595959596,0.902834008097166,0.48846153846153845,0.4358974358974359,0.7258687258687259,0.6200772200772201,0.10579150579150576,1.2970938299358414,-0.032266054215446656,0.75,0.9682932692307692,0.30500894454382826,0.6431350626118069,0.7499107142857143,0.9857589285714285,0.2541528239202658,0.6612126245847175,0.7489177489177489,1.0,0.21212121212121213,0.7373737373737373,0.6841093117408907,0.9919028340080972,0.25384615384615383,0.7269230769230769,0.10714285714285714,0.9626666666666666,0.5512182363323198,0.8619208494208495,0.4482540246212121,0.7874938462348245,-0.05496861025111796,0.2486824324324324,0.8709506855789854,2.1364283177952665,0.9023255813953488,0.17059479575865083,-0.29952318968270564,-0.734445449670651,0.551238881175491,26,14,7,-0.31970203839291084,-0.2793443409725004,0.551238881175491,1.3571521095899095,1.228455796045478,0.713910154173312
33,probe_matched,0.7182692307692308,0.5474060822898033,0.7232142857142857,0.553156146179402,0.7662337662337663,0.6161616161616161,0.6923076923076923,0.48846153846153845,0.7435897435897436,0.7552123552123552,0.6895752895752896,0.06563706563706562,1.3273928725085726,-0.1229367405485515,0.5028365384615384,0.8490384615384615,0.36399821109123437,0.7316636851520573,0.48035714285714287,0.8716517857142855,0.3338870431893688,0.7691029900332226,0.48474025974025975,0.935064935064935,0.3128787878787879,0.8688131313131312,0.33188259109311746,0.8785425101214575,0.22692307692307692,0.74625,0.25,0.9259259259259259,0.5038284350198413,0.8612913128538128,0.45219877344877346,0.8193497375723938,-0.10762957849917061,0.19306139952424786,0.7444153490770075,2.7550025424919182,0.7691860465116279,0.3303280717038516,0.49060230551982925,-0.24980372488167857,0.7157073726500099,26,14,4,0.566261444785111,0.4149431662545475,0.7157073726500099,1.37139851902956,1.277100705056016,0.8115555555555556
33,dom_regular,0.9875,0.9740608228980322,0.9767857142857143,0.9584717607973422,0.9653679653679653,0.9797979797979798,1.0,0.9730769230769231,0.0,0.9938223938223938,0.9915057915057915,0.0023166023166022454,0.62816553413202,-0.050437464801894975,0.6865144230769231,1.0,0.7440518783542039,0.9901610017889088,0.7481696428571428,1.0,0.6976328903654485,0.9850498338870431,0.5583333333333333,1.0,0.6616161616161617,1.0,0.7935222672064778,1.0,0.6768269230769232,1.0,0.0,0.33116883116883117,0.9163548900462963,1.0,0.8898370384893823,0.9992471042471043,-0.03418803418803418,0.07972910517415153,0.4743202085417668,0.810652853225484,1.0,0.5028258045952905,-0.1210090796092915,0.410705035243943,-0.34065727715040006,26,14,11,0.014526923389798833,-0.2565450826083818,-0.34065727715040006,0.5984997326758235,0.6620693072248164,
33,dom_regular_verberase,0.9913461538461539,0.7817531305903399,0.9928571428571429,0.7458471760797342,1.0,0.8232323232323232,0.9757085020242915,0.7423076923076923,0.16666666666666666,0.9528957528957529,0.8795366795366796,0.07335907335907332,0.8460757608990288,0.014964808131888278,0.7798076923076923,1.0,0.5052996422182469,0.8694543828264758,0.8124107142857143,1.0,0.4733803986710963,0.868812292358804,0.7186147186147186,1.0,0.42398989898989903,0.9545454545454546,0.744838056680162,1.0,0.43451923076923077,0.8807692307692307,0.0,0.7395330112721417,0.7890581597222223,0.9861239509572516,0.6912675070028012,0.943100049493785,-0.04556168340983451,0.21991064491064485,0.570226336388213,1.1792287361223865,0.997093023255814,0.24563911432253166,-0.03972425768918286,0.16110378905761927,0.022001042341081023,26,14,11,0.1549495205117429,-0.23439803589010863,0.022001042341081023,0.7221781245092489,0.9876730596302057,
33,dom_regular_rank2,0.9980769230769231,0.7191413237924866,1.0,0.632890365448505,1.0,0.8585858585858586,1.0,0.5692307692307692,0.4358974358974359,0.9691119691119691,0.9003861003861003,0.06872586872586872,0.9193139340618415,0.02373429381129743,0.7354807692307693,1.0,0.4337656529516995,0.7925089445438283,0.7785267857142857,1.0,0.36540697674418604,0.7924833887043189,0.5974025974025974,1.0,0.38876262626262625,0.9393939393939394,0.7246963562753036,1.0,0.2653846153846154,0.7730769230769231,0.0,0.9285714285714286,0.7532407648486238,0.9844623844623845,0.658130787037037,0.9490511403707999,-0.07516475011057051,0.24244471744471743,0.6266662833787757,1.3351589371140669,0.9976744186046511,0.17727948481247852,0.18489795415730179,0.0906173990757498,0.0924469902655907,26,14,11,0.3694841369124379,0.0003117714021656779,0.0924469902655907,0.8370605048754312,1.0133178531320248,
34,adom_matched,0.6653846153846154,0.4329159212880143,0.6285714285714286,0.46511627906976744,0.7402597402597403,0.41919191919191917,0.631578947368421,0.4346153846153846,0.11538461538461539,0.694980694980695,0.7976833976833977,-0.10270270270270265,1.5511935609660834,-0.264563325189174,0.3959855769230769,0.8164423076923076,0.28711985688729874,0.648479427549195,0.4017857142857143,0.8375446428571428,0.25083056478405313,0.6661544850498339,0.24664502164502164,0.9308441558441558,0.16666666666666666,0.7878787878787878,0.3157894736842105,0.8704453441295547,0.20375000000000001,0.6692307692307692,0.0,0.8605629877369005,0.46772727272727277,0.8058044733044732,0.5059785579527863,0.857951252951253,-0.2183049535603715,0.11207016540349861,-9.033833091364677,17.876274376457644,0.6191860465116279,-0.2705581596633615,-2.3999717341063036,-1.0210699268733718,-1.996034731812055,26,14,4,-1.6554033639857482,-3.1445401042268593,-1.996034731812055,1.2927243053654847,1.8465869959381958,0.6073333333333334
34,dom_matched,0.6375,0.4803220035778175,0.6035714285714285,0.5166112956810631,0.7532467532467533,0.4090909090909091,0.5182186234817814,0.47692307692307695,0.34615384615384615,0.6810810810810811,0.7135135135135136,-0.032432432432432434,1.0668233104655798,-0.3344523293297328,0.3624519230769231,0.8076923076923077,0.32108676207513415,0.7093246869409661,0.3713839285714286,0.8071428571428572,0.3321843853820598,0.7343023255813953,0.2553030303030303,0.948051948051948,0.16148989898989902,0.8334595959595958,0.2589068825910931,0.8179149797570848,0.2692307692307692,0.7539423076923076,0.05,0.9281746031746032,0.45598705634233766,0.7785583043981481,0.450546575113845,0.8177927927927928,-0.1884272560747777,0.11894460107235479,-4.186929021875641,9.016504675429312,0.6523255813953488,0.2660468142837841,-0.3275381009752072,-0.9747788552762616,-0.3929493199909109,26,14,4,-0.15622871203331282,-0.49884748991710154,-0.3929493199909109,1.2822829109554734,0.8205837670485582,0.6993333333333334
34,probe_strat,0.8269230769230769,0.47942754919499103,0.8714285714285714,0.42524916943521596,0.8398268398268398,0.4797979797979798,0.8137651821862348,0.49615384615384617,0.4358974358974359,0.6671814671814672,0.6787644787644788,-0.01158301158301156,1.5051070126745911,-0.048536845097010256,0.6682211538461538,0.9375240384615384,0.29514758497316634,0.6628130590339892,0.6695982142857142,0.9678571428571429,0.22757475083056478,0.652906976744186,0.566991341991342,0.9696969696969697,0.23232323232323232,0.75770202020202,0.5668016194331984,0.9757085020242915,0.2,0.7346153846153847,0.07142857142857142,0.8571428571428571,0.5023334187982625,0.8539579677079677,0.4799124710648148,0.8414175138916208,-0.12979700479700476,0.18426681677455659,0.8774357156378317,2.6828804966587283,0.8197674418604651,0.1784565415772376,-0.4685794415971849,-0.7534366835872658,0.3332348485648592,26,14,7,-0.7481098023159327,-0.18904908087843714,0.3332348485648592,1.5511028246083733,1.4525403704645539,0.7345688969899495
34,probe_strat_noinit,0.8778846153846154,0.4937388193202147,0.9107142857142857,0.4485049833887043,0.9437229437229437,0.45454545454545453,0.8299595141700404,0.5423076923076923,0.44871794871794873,0.7691119691119691,0.6810810810810811,0.08803088803088799,1.2936439070719614,-0.048666480999433756,0.704735576923077,0.9481009615384615,0.32019230769230766,0.6681574239713775,0.7053125,0.9732142857142857,0.2591362126245847,0.6694352159468439,0.7056277056277056,0.9913419913419913,0.2220959595959596,0.7676767676767676,0.6234817813765182,0.9676113360323887,0.28048076923076926,0.75,0.10714285714285714,0.9285714285714286,0.579124029124029,0.8818555609180608,0.47903613897712194,0.8151813465665365,-0.05393777012917642,0.25252407169073837,0.8723077232206512,2.1595645296790202,0.8819767441860465,0.24027421626151146,-0.21227352980811426,-0.8055243139798653,0.5089211957635107,26,14,7,-0.2642133727300808,-0.16033368688614774,0.5089211957635107,1.309905763734586,1.2750589280289613,0.7329207361838941
34,probe_matched,0.6875,0.5733452593917711,0.7053571428571429,0.5813953488372093,0.7619047619047619,0.5555555555555556,0.6234817813765182,0.5538461538461539,0.6153846153846154,0.7652509652509653,0.7057915057915058,0.05945945945945941,1.4254545622927552,-0.1268542940822754,0.4653605769230769,0.8211538461538461,0.3978980322003578,0.7423971377459749,0.44995535714285717,0.8500446428571428,0.3520348837209302,0.7691860465116278,0.4935064935064935,0.9135281385281385,0.26755050505050504,0.8232323232323232,0.26305668016194333,0.8503036437246962,0.25769230769230766,0.7961538461538461,0.16666666666666666,0.8930357142857142,0.4980292476358566,0.8716015961527479,0.4914737654320988,0.8340304700030072,-0.1358630058630058,0.19076171874999992,0.7252012175036285,3.725425367784044,0.75,0.44595068306544466,0.5789047147066182,-0.3631157983053193,0.4123239503010645,26,14,4,0.7223058894883619,0.43550353992487445,0.4123239503010645,1.455075153714902,1.3916024578103012,0.79
34,dom_regular,0.9788461538461538,0.9686940966010733,0.9678571428571429,0.9435215946843853,0.961038961038961,0.9747474747474747,0.9919028340080972,0.9615384615384616,0.01282051282051282,0.9899613899613899,0.9899613899613899,0.0,0.6514106285767621,-0.034814047348539774,0.6586538461538461,0.9961538461538462,0.7101520572450805,0.9821332737030412,0.7088392857142858,1.0,0.6428571428571429,0.978405315614618,0.5409090909090909,1.0,0.6464646464646465,1.0,0.7489878542510121,1.0,0.6730769230769231,1.0,0.0,0.3333333333333333,0.89427748091325,1.0,0.8834854050479051,0.9990679344654528,-0.05555555555555547,0.08281262093653247,0.4652385000845176,0.8959523208953551,1.0,0.49831755399006317,-0.10695195230764745,0.3725737833432004,-0.32085703570141305,26,14,11,0.06596151465457573,-0.27986541926987063,-0.32085703570141305,0.616699618033663,0.691080354911733,
34,dom_regular_verberase,0.9826923076923076,0.7951699463327371,0.9910714285714286,0.7541528239202658,1.0,0.8888888888888888,0.9635627530364372,0.7269230769230769,0.16666666666666666,0.9505791505791505,0.9088803088803089,0.04169884169884164,0.838248447876765,0.00022254595147816198,0.7596153846153846,0.997139423076923,0.5447003577817531,0.8722048300536671,0.8033928571428571,1.0,0.48666943521594686,0.8787375415282392,0.7140692640692641,1.0,0.48484848484848486,0.9696969696969697,0.7043522267206478,1.0,0.4460576923076923,0.8961538461538462,0.0,0.72,0.7925689377701762,0.9883467883467884,0.7505614638021553,0.9557177957177957,-0.06868441358024695,0.1648539303812742,0.5590848683996502,1.1879254350285857,0.9965116279069768,0.29608802907313037,-0.028922788506749564,0.17718577628715518,0.059094477527232576,26,14,11,0.20035897303271677,-0.2582045500462159,0.059094477527232576,0.6888401286574344,1.0090008126988572,
34,dom_regular_rank2,0.9903846153846154,0.7030411449016101,0.9964285714285714,0.5963455149501661,1.0,0.8838383838383839,0.9878542510121457,0.5653846153846154,0.46153846153846156,0.976061776061776,0.9305019305019305,0.04555984555984549,0.9527199081924593,0.004951080216423166,0.7152644230769231,0.9961778846153846,0.437365831842576,0.7978756708407871,0.7802678571428572,1.0,0.35045681063122924,0.767483388704319,0.5930735930735931,1.0,0.41414141414141414,0.9444444444444444,0.728744939271255,1.0,0.29221153846153847,0.7615384615384615,0.0,0.8928571428571429,0.779679439484127,0.9907335907335907,0.7088280542447208,0.9676215277777778,-0.08478280395979058,0.193088803088803,0.6476618840298809,1.4164061682262823,0.9936046511627907,0.2026032123714518,0.1468402301125913,0.14459148043130085,0.1187397739670517,26,14,11,0.361905852552901,-0.06822539232771835,0.1187397739670517,0.8518802102018658,1.0679652773245663,
35,adom_matched,0.65,0.45080500894454384,0.6089285714285714,0.48006644518272423,0.7445887445887446,0.47474747474747475,0.5991902834008097,0.45384615384615384,0.10256410256410256,0.6926640926640927,0.7814671814671814,-0.08880308880308874,1.7016267116570876,-0.2802756946634617,0.3855288461538462,0.8163942307692307,0.30046958855098393,0.6547406082289803,0.3766517857142857,0.8267857142857142,0.2889950166112957,0.6811046511627907,0.20335497835497834,0.9393939393939394,0.15656565656565657,0.8232323232323232,0.31983805668016196,0.8340080971659919,0.2153846153846154,0.6847115384615384,0.0,0.8576923076923075,0.44193632119707793,0.8092821448680824,0.49687458654176925,0.8531530583613917,-0.2276738669146222,0.10794707356626855,-14.327016376082144,21.775749937764058,0.6127906976744186,-0.1256268336026936,-2.4224499812616593,-1.1190543730628775,-2.239207736339033,26,14,4,-1.7296238292779609,-3.1152761332453576,-2.239207736339033,1.4583498126012118,1.9796574534352307,0.6073333333333334
35,dom_matched,0.6298076923076923,0.5008944543828264,0.6142857142857143,0.526578073089701,0.7445887445887446,0.3939393939393939,0.4898785425101215,0.5692307692307692,0.32051282051282054,0.6864864864864865,0.7166023166023165,-0.030115830115830078,1.4185361574932833,-0.33605944704797164,0.3681971153846154,0.8029086538461538,0.3157200357781753,0.7120080500894455,0.36245535714285715,0.8053571428571429,0.3204734219269103,0.7409053156146179,0.22067099567099566,0.9178571428571428,0.18686868686868688,0.8082070707070705,0.2671052631578948,0.8178137651821862,0.24615384615384617,0.7807692307692308,0.037037037037037035,0.9204076086956521,0.4606200396825397,0.7830183367799467,0.4778231534090909,0.8332893305775662,-0.20513375295043276,0.10781642156937198,-6.878867452002739,13.74124787967722,0.6372093023255814,0.37887447574486394,-0.24629770207694018,-1.4463068555275458,-0.47536299664121145,26,14,4,-0.060209753682713446,-0.4323856504711669,-0.47536299664121145,1.6602502633218454,1.142291465117784,0.6913333333333334
35,probe_strat,0.8134615384615385,0.5008944543828264,0.8642857142857143,0.4568106312292359,0.8225108225108225,0.51010101010101,0.8097165991902834,0.5,0.47435897435897434,0.6648648648648648,0.6718146718146718,-0.006949806949806958,1.6460411313179086,-0.054146877018928286,0.6105288461538462,0.9250721153846153,0.29959749552772813,0.6682021466905187,0.6357142857142857,0.9517857142857142,0.24086378737541528,0.6595514950166113,0.5367965367965368,0.9653679653679653,0.2676767676767677,0.7627525252525251,0.5182186234817814,0.9757085020242915,0.18836538461538463,0.7347115384615385,0.1111111111111111,0.8527777777777775,0.501042471042471,0.8444941696450984,0.46717576915634673,0.8266279729902021,-0.11354618598029291,0.19832452780303886,0.9282119860495422,3.3826485114973033,0.8063953488372093,0.18616337556308457,-0.39137441308822574,-0.7973086053264945,0.3079159009290674,26,14,7,-0.6641090590220696,-0.11863976715438185,0.3079159009290674,1.7169938450674374,1.564952315604161,0.8149664565454039
35,probe_strat_noinit,0.8355769230769231,0.5286225402504472,0.8660714285714286,0.4833887043189369,0.9090909090909091,0.51010101010101,0.7530364372469636,0.5692307692307692,0.3974358974358974,0.7768339768339768,0.6579150579150579,0.11891891891891893,1.301912681218459,-0.057013585606844205,0.6721153846153847,0.9336538461538462,0.33184257602862255,0.674463327370304,0.6749107142857144,0.9571875,0.27562292358803986,0.6877906976744185,0.6752164502164503,0.9826839826839827,0.23737373737373738,0.7777777777777778,0.5464574898785426,0.951417004048583,0.27692307692307694,0.7576923076923077,0.1277948717948718,0.8571428571428571,0.5796740769787645,0.8749228849228848,0.4490521407221487,0.8115519904019648,-0.038204834298584386,0.24923311642061635,0.8499374637061832,2.380861349041763,0.8523255813953489,0.29125260299365446,-0.1599542020488413,-0.8218387443419032,0.4381265327826108,26,14,7,-0.23498469239756964,-0.08492371170011295,0.4381265327826108,1.306230020873671,1.2969785787553594,0.7884884939621781
35,probe_matched,0.6990384615384615,0.5840787119856887,0.7267857142857143,0.5681063122923588,0.7792207792207793,0.5505050505050505,0.6194331983805668,0.573076923076923,0.5512820512820513,0.7876447876447876,0.738996138996139,0.048648648648648596,1.5872925759272565,-0.1310298143741735,0.4673076923076923,0.8173557692307691,0.39521466905187835,0.7325805008944544,0.45,0.8642857142857143,0.3554817275747508,0.75921926910299,0.4675324675324675,0.9264069264069265,0.25252525252525254,0.8233585858585857,0.30364372469635625,0.822064777327935,0.31153846153846154,0.8115384615384615,0.17437888198757764,0.8915,0.5131273012778861,0.8710058980262306,0.4843653250773994,0.8486558785378612,-0.13415218790218797,0.1857226107226108,0.760503957238464,4.518380242249549,0.7575581395348837,0.4367002723722734,0.559511564163168,-0.47572302922498805,0.2072364864862707,26,14,4,0.5474650600696127,0.5715580682567233,0.2072364864862707,1.5995388726188555,1.5732968082797145,0.7924444444444444
35,dom_regular,0.9855769230769231,0.9677996422182469,0.9767857142857143,0.9451827242524917,0.9696969696969697,0.9696969696969697,0.9959514170040485,0.9576923076923077,0.0,0.9845559845559846,0.976061776061776,0.008494208494208566,0.6666185844120346,-0.01799313429519927,0.6643269230769231,0.9942548076923077,0.6842128801431127,0.9776610017889088,0.6875,1.0,0.6378737541528239,0.9700996677740864,0.48917748917748916,1.0,0.5606060606060606,1.0,0.7732793522267206,1.0,0.6229807692307693,0.9923076923076923,0.0,0.40762108262108243,0.85404768269243,1.0,0.8288298785797213,0.993065208065208,-0.05856054530874096,0.114065875771605,0.4390066106884037,0.936707579080902,1.0,0.46448851629514276,-0.09348220453639981,0.38438985065661563,-0.27906419191963533,26,14,11,0.0037044222261233472,-0.19066883129892298,-0.27906419191963533,0.6559113227726268,0.6788554548570722,
35,dom_regular_verberase,0.9865384615384616,0.7772808586762076,0.9928571428571429,0.7325581395348837,1.0,0.8383838383838383,0.979757085020243,0.6807692307692308,0.11538461538461539,0.9328185328185328,0.861003861003861,0.07181467181467183,0.8353770216780437,0.00274865210589796,0.7615384615384615,0.9980769230769231,0.5097495527728086,0.8649821109123433,0.8088839285714285,1.0,0.4318106312292359,0.8621677740863788,0.696861471861472,1.0,0.42424242424242425,0.949621212121212,0.7529352226720648,1.0,0.4115384615384615,0.8576923076923076,0.0,0.75,0.749158916170635,0.9829768223923174,0.653968253968254,0.9305941358024691,-0.06719351193387378,0.24020511002467687,0.5524316207462867,1.2463915610854583,0.9965116279069768,0.24557791089264575,0.012813073922081183,0.23232533731758934,-0.027147868479032316,26,14,11,0.18710722935561494,-0.16148108151145257,-0.027147868479032316,0.6921296711493803,0.9990882794250877,
35,dom_regular_rank2,0.9903846153846154,0.6958855098389982,0.9946428571428572,0.584717607973422,1.0,0.8686868686868687,0.9878542510121457,0.55,0.47435897435897434,0.955984555984556,0.8888030888030888,0.06718146718146722,0.8930517955794876,0.010144957041995169,0.7239903846153846,1.0,0.426654740608229,0.7853533094812165,0.7695982142857143,1.0,0.35544019933554816,0.7624584717607974,0.6101731601731601,1.0,0.4241161616161616,0.9545454545454546,0.7245951417004048,1.0,0.2923076923076923,0.7807692307692308,0.0,0.9134057971014493,0.7578089656274587,0.9845562824729491,0.6663699690402477,0.9526102726102725,-0.0797213622291022,0.22460901476042497,0.5812131186014206,1.3459399733900848,0.9965116279069768,0.17907168125742726,0.21575848749241253,0.23260144918106254,0.09749975476822195,26,14,11,0.37862470346427357,0.0528922715205515,0.09749975476822195,0.7928627506259509,1.0075535612406725,
36,adom_matched,0.5528846153846154,0.48300536672629696,0.5053571428571428,0.5299003322259136,0.5930735930735931,0.5202020202020202,0.5465587044534413,0.38846153846153847,0.1282051282051282,0.5096525096525096,0.6702702702702703,-0.16061776061776067,0.6977828708207799,-0.46672470861526655,0.38076923076923075,0.7221153846153846,0.3264087656529517,0.6306127012522361,0.32495535714285717,0.7267857142857143,0.317234219269103,0.707641196013289,0.31601731601731603,0.8311688311688312,0.22714646464646465,0.7627525252525251,0.3237854251012146,0.7854251012145749,0.1922115384615385,0.6654807692307692,0.0,0.8222321428571429,0.3457631874298541,0.7025878827937048,0.39992187500000004,0.8179170241670242,-0.2714382239382239,0.11733172801284249,-23.77439565612255,13.933984368610096,0.5331395348837209,-1.5936744126347215,-13.757638390102386,1.591834692289481,-8.627274069206333,26,14,4,-9.796066668433525,-17.719210111771247,-8.627274069206333,0.21783525951420324,1.2462944265997247,0.44666666666666666
36,dom_matched,0.6432692307692308,0.4543828264758497,0.5732142857142857,0.5448504983388704,0.7402597402597403,0.37373737373737376,0.4777327935222672,0.5038461538461538,0.28205128205128205,0.6316602316602317,0.7405405405405405,-0.10888030888030886,-0.18802045268472853,-0.33420634775195995,0.4048076923076923,0.7442548076923077,0.31659212880143117,0.6422629695885509,0.30714285714285716,0.7357142857142858,0.3155730897009967,0.7226328903654485,0.3246753246753247,0.8832251082251081,0.16666666666666666,0.7070707070707071,0.2550607287449393,0.757085020242915,0.21153846153846154,0.8115384615384615,0.02366666666666668,0.9358974358974359,0.37935971685971687,0.7388107102269179,0.3792277022894928,0.8245913778393126,-0.26552508593917257,0.1409364710796599,-10.564739250815668,16.593076767606604,0.5953488372093023,-0.055410078246266384,-2.279270129706432,-2.0987692747646434,-1.7790849281715888,26,14,4,-2.0687823578669358,-2.4897579015459286,-1.7790849281715888,-0.23545916281906004,-0.1338047839597782,0.5126666666666666
36,probe_strat,0.8163461538461538,0.4525939177101968,0.8589285714285714,0.420265780730897,0.7878787878787878,0.4797979797979798,0.8421052631578947,0.4269230769230769,0.5256410256410257,0.6555984555984556,0.6911196911196911,-0.03552123552123543,1.5459313823840541,-0.02553820951182273,0.6499278846153846,0.9288461538461539,0.253108228980322,0.6270572450805009,0.6428571428571429,0.9535714285714286,0.22757475083056478,0.6495016611295681,0.6146103896103896,0.9567099567099567,0.2222222222222222,0.7324494949494949,0.6071862348178138,0.9878542510121457,0.13451923076923078,0.6538461538461539,0.10714285714285714,0.9629629629629629,0.4832824337121212,0.8267137205759496,0.47367338098332246,0.8308446199093327,-0.1508519345238095,0.1621238561246429,0.6938462996930409,3.5749778403098653,0.7959302325581395,0.10648418345397723,-0.3988131569241774,-1.0148152657869998,0.6683596887176864,26,14,7,-0.7673506261476523,-0.030275687700702547,0.6683596887176864,1.612386082263572,1.4699831539503185,0.8357903850535429
36,probe_strat_noinit,0.8490384615384615,0.5116279069767442,0.8732142857142857,0.45514950166112955,0.8874458874458875,0.5454545454545454,0.8502024291497976,0.5269230769230769,0.6282051282051282,0.7583011583011583,0.6833976833976834,0.07490347490347493,1.247570299161753,-0.01841133338185224,0.6922836538461539,0.9346153846153846,0.3102638640429338,0.6583407871198569,0.6821428571428572,0.9660714285714286,0.2690199335548173,0.667940199335548,0.6362554112554113,0.974025974025974,0.2523989898989899,0.7878787878787878,0.6275303643724697,0.9757085020242915,0.23076923076923078,0.7076923076923077,0.18542568542568544,1.0,0.5433049535603715,0.8613376814780181,0.47810715477382143,0.817007722007722,-0.09343629343629345,0.21094184027777776,0.7258506534334803,2.442240553518809,0.8436046511627907,0.2805474798241323,0.1624860212322926,-1.0209085687196486,0.8120777480181901,26,14,7,0.2045509752128848,0.1204210672517004,0.8120777480181901,1.2853728173866659,1.2043674211904245,0.8103848763322448
36,probe_matched,0.7278846153846154,0.5491949910554562,0.7428571428571429,0.5299003322259136,0.7748917748917749,0.5202020202020202,0.6680161943319838,0.573076923076923,0.8205128205128205,0.8115830115830116,0.7606177606177607,0.05096525096525095,1.7610151311615907,-0.06372915045501007,0.4835576923076923,0.8500721153846152,0.31927549194991056,0.7110912343470484,0.47129464285714284,0.864375,0.2956810631229236,0.7392441860465117,0.45876623376623377,0.9177489177489178,0.2118686868686869,0.7777777777777778,0.3076923076923077,0.8663967611336032,0.24221153846153848,0.7962499999999999,0.20495014245014245,0.99125,0.49146236461334364,0.8827117327117326,0.4795209187982626,0.8643418185987843,-0.1479430205748065,0.21492363334785153,0.7584549369056099,6.062819177978321,0.752906976744186,0.35070011689972075,1.0874605300311886,-0.5816894481153791,0.6092916596431729,26,14,4,0.9958664172082244,1.1790546428541526,0.6092916596431729,1.8558959749954442,1.6525798810657584,0.7357777777777778
36,dom_regular,0.7442307692307693,0.7531305903398927,0.7660714285714286,0.7325581395348837,0.6796536796536796,0.7727272727272727,0.805668016194332,0.6846153846153846,0.0,0.8702702702702703,0.8324324324324325,0.037837837837837784,0.46522138506646094,-0.13811097796965277,0.47978365384615385,0.8971153846153846,0.5008497316636851,0.9391994633273704,0.44642857142857145,0.9250892857142857,0.4567691029900332,0.9235880398671097,0.31158008658008657,0.9177489177489178,0.459469696969697,0.9647727272727271,0.4777327935222672,0.951417004048583,0.33442307692307693,0.9539423076923077,0.0,0.5530256410256404,0.5910361629111629,0.9769675386342053,0.5912198912198913,0.9497291021671826,-0.10878893423398069,0.1664086687306502,-0.01268291918582735,1.2266204428819396,0.9023255813953488,0.5297826861591657,-0.8836083456077268,0.6032408812082366,-0.9421095524626697,26,14,11,-0.4374230002610362,-1.3297936909544175,-0.9421095524626697,0.4351790704768853,0.49955545888311903,
36,dom_regular_verberase,0.7653846153846153,0.686046511627907,0.8392857142857143,0.5681063122923588,0.7532467532467533,0.803030303030303,0.7935222672064778,0.5692307692307692,0.14102564102564102,0.8980694980694981,0.8664092664092664,0.031660231660231686,0.8022930109591774,-0.07084928819808196,0.48161057692307696,0.9144471153846153,0.45796064400715564,0.8103756708407871,0.5160267857142857,0.9589285714285715,0.3637873754152824,0.7591362126245847,0.3765151515151515,0.9696969696969697,0.4241161616161616,0.9343434343434344,0.44919028340080974,0.9393724696356274,0.2692307692307692,0.8231730769230768,0.0,0.7949999999999998,0.572459078660704,0.9398144097455916,0.5704108818691951,0.9197923041058367,-0.1273365776490776,0.20067151129457628,0.18191932912752837,2.031927542695259,0.9063953488372093,0.40343218730221136,-0.27179323766806845,0.4378746627573598,-0.48052760684211704,26,14,11,0.1168465861802301,-0.660433061516367,-0.48052760684211704,0.7046660196788997,0.9138667152794945,
36,dom_regular_rank2,0.7576923076923077,0.6645796064400715,0.8607142857142858,0.5199335548172758,0.7835497835497836,0.8232323232323232,0.7530364372469636,0.5192307692307693,0.21794871794871795,0.9065637065637066,0.9158301158301159,-0.009266409266409315,0.8688986820816944,-0.08147897025143015,0.4999759615384615,0.9019471153846154,0.4230769230769231,0.7683586762075134,0.5214285714285715,0.9678571428571429,0.32558139534883723,0.707641196013289,0.3938311688311688,0.9783549783549783,0.4444444444444444,0.9242424242424242,0.4411943319838057,0.9311740890688259,0.23461538461538461,0.7962499999999999,0.0,0.8846153846153846,0.5630979938271604,0.9437630611455108,0.5960568110568111,0.9433811805418961,-0.16197524697524707,0.1507905257339838,0.2146430556711852,2.2477686589135386,0.8941860465116279,0.3492375878892125,-0.10808577108344734,0.37962326328516705,-0.46473597058478855,26,14,11,0.24622049014076644,-0.4623920323076611,-0.46473597058478855,0.7900369789712802,0.9590263427793106,
