layer,direction,A_f,A_m,A_f_noen,A_m_noen,A_f_abs,A_m_abs,A_f_con,A_m_con,exc_auc,homo_auc_noun,homo_auc_verb,homo_auc_diff,multi_p_diff,cos_concreteness,A_f_lo,A_f_hi,A_m_lo,A_m_hi,A_f_noen_lo,A_f_noen_hi,A_m_noen_lo,A_m_noen_hi,A_f_abs_lo,A_f_abs_hi,A_m_abs_lo,A_m_abs_hi,A_f_con_lo,A_f_con_hi,A_m_con_lo,A_m_con_hi,exc_auc_lo,exc_auc_hi,homo_auc_noun_lo,homo_auc_noun_hi,homo_auc_verb_lo,homo_auc_verb_hi,homo_auc_diff_lo,homo_auc_diff_hi,multi_p_diff_lo,multi_p_diff_hi,regular_test_auc,p_ma_m,p_clipping_f,p_true_m,p_true_f,n_excm,n_excm_noen,n_conc_imputed_train,p_item_foto,p_item_moto,p_item_mano,multi_p_diff_lean_m,multi_p_diff_lean_f,matched_cv_auc
0,adom_matched,0.39903846153846156,0.667262969588551,0.35892857142857143,0.7325581395348837,0.30303030303030304,0.797979797979798,0.520242914979757,0.5538461538461539,0.23076923076923078,0.3359073359073359,0.3359073359073359,0.0,0.0,0.02335116387271103,0.25961538461538464,0.6721514423076923,0.34613148479427547,0.7737030411449016,0.21598214285714287,0.7142857142857143,0.32059800664451826,0.8239617940199335,0.15151515151515152,0.7272727272727273,0.2777777777777778,0.8789141414141413,0.2509109311740891,0.8178643724696355,0.23461538461538461,0.7885576923076922,0.0,0.9488573021181717,0.2781468531468531,0.6160606178343743,0.2781468531468531,0.6160606178343743,0.0,0.0,0.0,0.0,0.5319767441860465,3.5656648810425247,-0.10154231055254137,1.2660225339363593,-2.576491768025208,26,14,4,-1.3403801878768036,1.1372955667717208,-2.576491768025208,0.0,0.0,0.46900000000000003
0,dom_matched,0.45865384615384613,0.6395348837209303,0.3410714285714286,0.739202657807309,0.5064935064935064,0.7121212121212122,0.39878542510121456,0.5884615384615385,0.8333333333333334,0.47335907335907335,0.47335907335907335,0.0,0.0,-0.022974570193760077,0.2922596153846154,0.6914182692307691,0.4032871198568873,0.782669946332737,0.1803125,0.6643526785714284,0.4301495016611296,0.8622093023255814,0.21634199134199134,0.8225108225108225,0.3181818181818182,0.8738636363636362,0.19428137651821864,0.7186740890688258,0.3114423076923077,0.8269230769230769,0.10714285714285714,1.0,0.33409090909090905,0.6727498894294559,0.33409090909090905,0.6727498894294559,0.0,0.0,0.0,0.0,0.6058139534883721,1.1751258846783528,3.549445709545461,2.278366245582028,2.8656719087258313,26,14,4,3.320189161124232,3.7787022579666907,2.8656719087258313,0.0,0.0,0.4967777777777777
0,probe_strat,0.6706730769230769,0.3542039355992844,0.6410714285714286,0.4003322259136213,0.6060606060606061,0.3181818181818182,0.7773279352226721,0.3769230769230769,0.8461538461538461,0.47335907335907335,0.47335907335907335,0.0,0.0,0.05718776906416853,0.34417067307692306,0.7693028846153845,0.24865831842576028,0.7155635062611807,0.29196428571428573,0.7946651785714285,0.25240863787375417,0.729235880398671,0.20335497835497834,0.8311688311688312,0.1513888888888889,0.8435606060606059,0.3562753036437247,0.8987854251012146,0.1768269230769231,0.7269230769230769,0.10714285714285714,1.0,0.28880173699607214,0.6666989164086686,0.28880173699607214,0.6666989164086686,0.0,0.0,0.0,0.0,0.5546511627906977,-4.05036823158133,0.2936598015915761,-0.3398415829764785,1.3825307948639358,26,14,7,-0.8180343418791172,1.4053539450622694,1.3825307948639358,0.0,0.0,0.6014278372699426
0,probe_strat_noinit,0.5942307692307692,0.4257602862254025,0.5232142857142857,0.5149501661129569,0.5064935064935064,0.42424242424242425,0.7793522267206477,0.38076923076923075,0.8846153846153846,0.4671814671814672,0.4671814671814672,0.0,0.0,0.06274964382732842,0.325,0.7293389423076923,0.24861359570661895,0.7084302325581395,0.26247767857142856,0.7099330357142857,0.26237541528239205,0.7907392026578073,0.15584415584415584,0.7533549783549783,0.16666666666666666,0.8585858585858586,0.3481275303643725,0.8826417004048582,0.16528846153846155,0.7346153846153847,0.05075000000000003,1.0,0.2541265470258389,0.6517608359133126,0.2541265470258389,0.6517608359133126,0.0,0.0,0.0,0.0,0.5058139534883721,-2.944450737819801,1.5741090948109406,0.5700100147192669,6.991584065773619,26,14,7,0.11746099739320494,3.0307571922286765,6.991584065773619,0.0,0.0,0.5978868383078909
0,probe_matched,0.5692307692307692,0.6556350626118068,0.44107142857142856,0.792358803986711,0.6363636363636364,0.8232323232323232,0.5242914979757085,0.5269230769230769,0.5128205128205128,0.5552123552123552,0.5552123552123552,0.0,0.0,0.006901376408655634,0.32403846153846155,0.7385216346153846,0.4006484794275492,0.7916368515205724,0.2285267857142857,0.7018973214285713,0.4500415282392027,0.8771179401993355,0.22932900432900433,0.8614718614718615,0.3484848484848485,0.9141414141414141,0.24084008097165993,0.75915991902834,0.2846153846153846,0.8270192307692307,0.0547008547008547,0.9756521739130433,0.34982585139318884,0.7024172514855745,0.34982585139318884,0.7024172514855745,0.0,0.0,0.0,0.0,0.7215116279069768,0.36479775663966263,0.8179282830161316,2.062170140949784,0.36537422362355854,26,14,4,1.427230417469924,0.20862614856233924,0.36537422362355854,0.0,0.0,0.46722222222222226
0,dom_regular,0.78125,1.0,0.7571428571428571,1.0,0.8484848484848485,1.0,0.7854251012145749,1.0,0.0,1.0,1.0,0.0,0.0,-0.1997858548109848,0.6336298076923077,0.8961658653846154,0.9856887298747764,1.0,0.5714285714285714,0.9089732142857142,0.9900332225913622,1.0,0.6232683982683983,0.9826839826839827,0.959469696969697,1.0,0.5728744939271255,0.9190283400809717,0.9923076923076923,1.0,0.0,0.03,1.0,1.0,1.0,1.0,0.0,0.0,0.0,0.0,1.0,0.5871417185530314,0.21601867907876798,0.9165371194480167,0.18542399046182892,26,14,11,0.30475919752812103,0.12727816062941497,0.18542399046182892,0.0,0.0,
0,dom_regular_verberase,0.6524038461538462,0.9293381037567084,0.5875,0.9302325581395349,0.6753246753246753,0.8888888888888888,0.680161943319838,0.95,0.038461538461538464,0.8138996138996138,0.8138996138996138,0.0,0.0,-0.18510289683013212,0.5197115384615385,0.8067548076923077,0.8317754919499105,1.0,0.43026785714285715,0.7830580357142857,0.8604235880398671,1.0,0.4935064935064935,0.8831168831168831,0.7222222222222222,1.0,0.4898279352226721,0.8785425101214575,0.7692307692307693,1.0,0.0,0.14814814814814814,0.6130050505050505,0.9138257575757576,0.6130050505050505,0.9138257575757576,0.0,0.0,0.0,0.0,0.9348837209302325,0.6156840837369004,0.09672214696362152,0.9554012426908547,0.1616161179177071,26,14,11,0.2558695851537867,-0.06242529122654367,0.1616161179177071,0.0,0.0,
0,dom_regular_rank2,0.6302884615384615,0.9105545617173524,0.5535714285714286,0.9235880398671097,0.6753246753246753,0.8585858585858586,0.6275303643724697,0.9307692307692308,0.0641025641025641,0.772972972972973,0.772972972972973,0.0,0.0,-0.1992062228619542,0.48985576923076923,0.7841346153846154,0.8067754919499105,0.9767441860465116,0.39102678571428573,0.7446875,0.8371677740863788,0.9916943521594684,0.47608225108225105,0.8961038961038961,0.6919191919191919,1.0,0.4048582995951417,0.8340587044534412,0.7421153846153846,1.0,0.0,0.22,0.602243446463057,0.8989316319804124,0.602243446463057,0.8989316319804124,0.0,0.0,0.0,0.0,0.9162790697674419,0.6093858504970646,0.10762808729274957,0.9747339759625914,0.17308291742668855,26,14,11,0.2813051388677839,-0.06604896428228477,0.17308291742668855,0.0,0.0,
1,adom_matched,0.6067307692307692,0.575134168157424,0.6428571428571429,0.521594684385382,0.5627705627705628,0.6515151515151515,0.6194331983805668,0.5115384615384615,0.23076923076923078,0.7969111969111969,0.772972972972973,0.02393822393822398,-0.17994709139882792,0.04421427387493661,0.35281250000000003,0.7510817307692307,0.33790250447227194,0.7665697674418605,0.32495535714285717,0.8125,0.2939784053156146,0.7757475083056479,0.16883116883116883,0.8528138528138528,0.25744949494949493,0.8789141414141413,0.30759109311740895,0.8260121457489877,0.2692307692307692,0.7884615384615384,0.0,1.0,0.46794906792953667,0.8148587566361003,0.4671204668209876,0.8127560325476992,-0.052470148720148733,0.04689360119047617,-2.3478788251186553,2.128537045757955,0.6947674418604651,0.6825979784919721,-1.6259807130148323,-0.3783635088051747,0.6004905644642521,26,14,4,-1.4712862986954454,-1.7806751273342192,0.6004905644642521,-0.2534979163088584,-0.03284544157876701,0.33755555555555555
1,dom_matched,0.4346153846153846,0.7289803220035778,0.4517857142857143,0.6910299003322259,0.3939393939393939,0.702020202020202,0.43724696356275305,0.7461538461538462,0.9230769230769231,0.7096525096525097,0.7096525096525097,0.0,-0.2567777238489255,-0.05809282975302864,0.26149038461538465,0.673125,0.43018783542039357,0.8202593917710196,0.23924107142857143,0.7339732142857142,0.39190199335548176,0.8406146179401992,0.14285714285714285,0.7619047619047619,0.3433080808080808,0.8991161616161615,0.1861336032388664,0.7449392712550608,0.38076923076923075,0.8730769230769231,0.07407407407407407,1.0,0.4569921875,0.8281866328402706,0.46749804566364467,0.8289204764660493,-0.04922380248552132,0.05129243827160486,-3.7907267843004218,3.2201046354343994,0.6918604651162791,1.4984337090462192,4.364542019253099,1.4800223778964978,7.100884466366269,26,14,4,4.942550919078973,3.7865331194272254,7.100884466366269,-0.3546347984679226,-0.06106357461093128,0.436888888888889
1,probe_strat,0.7990384615384616,0.40518783542039355,0.8375,0.3588039867109635,0.7662337662337663,0.48484848484848486,0.8299595141700404,0.3076923076923077,0.9743589743589743,0.6718146718146718,0.7196911196911197,-0.04787644787644785,-0.6156072305972997,0.03523317419398261,0.4980528846153846,0.8990625,0.22180232558139537,0.6440071556350626,0.49642857142857144,0.9161160714285713,0.18272425249169436,0.6395764119601329,0.3548701298701299,0.9351731601731601,0.17676767676767677,0.7777777777777778,0.4978744939271255,0.9392712550607287,0.1423076923076923,0.6424999999999998,0.32142857142857145,1.0,0.42969411375661376,0.7875777647594713,0.4651971451971452,0.8294843466718467,-0.12383900928792574,0.015088183421516696,-4.559756857916418,2.30500068106791,0.6726744186046512,-0.7636743748232122,1.6139707346240826,0.4459587029702376,3.405200122052717,26,14,7,1.9621547761806946,1.2657866930674708,3.405200122052717,-0.6303441230352351,-0.5861334457214291,0.6275948710159237
1,probe_strat_noinit,0.7884615384615384,0.4543828264758497,0.8214285714285714,0.39700996677740863,0.7229437229437229,0.5808080808080808,0.8421052631578947,0.3923076923076923,0.9743589743589743,0.6864864864864865,0.7505791505791506,-0.06409266409266412,-0.3538315123661941,0.03381495947555929,0.5307211538461538,0.8942307692307693,0.2387969588550984,0.6342128801431126,0.5553571428571429,0.9233482142857142,0.1943106312292359,0.6262458471760798,0.3939393939393939,0.9307359307359307,0.24734848484848487,0.7829545454545453,0.5302631578947369,0.9433198380566802,0.14221153846153847,0.6308653846153846,0.4055072463768116,1.0,0.4578148377171815,0.7994056150114371,0.5131726064733878,0.8420250162890938,-0.11732830232830237,0.00863281249999992,-2.780680849985706,0.14730603028832384,0.7313953488372092,-0.18860115254955861,1.4864937782675964,-0.05816448630085663,3.2590228271025055,26,14,7,1.7428606195610754,1.2301269369741175,3.2590228271025055,-0.368336297012975,-0.3248219430726324,0.5431601225285436
1,probe_matched,0.46442307692307694,0.6556350626118068,0.49464285714285716,0.6029900332225914,0.42424242424242425,0.6464646464646465,0.4898785425101215,0.6846153846153846,0.8974358974358975,0.6687258687258687,0.6741312741312742,-0.005405405405405461,-0.7201564979898983,-0.007480116809200379,0.2720673076923077,0.721201923076923,0.38372093023255816,0.8077146690518784,0.2570535714285714,0.7536160714285713,0.34032392026578073,0.7890365448504983,0.1817099567099567,0.7835497835497836,0.31805555555555554,0.8787878787878788,0.1902834008097166,0.7652834008097165,0.3423076923076923,0.8384615384615385,0.37229654403567447,1.0,0.46407571334400605,0.7789344054383117,0.469017624648932,0.7906272742918962,-0.07574734865950866,0.04766083140432094,-6.7276170191548115,11.053365705063214,0.6430232558139535,1.1484880336366758,3.958026457814637,0.8512555820057299,5.544579301701856,26,14,4,5.521154308765479,2.3948986068637956,5.544579301701856,-0.958679504402727,-0.24311048516424102,0.5528888888888889
1,dom_regular,0.8865384615384615,1.0,0.8482142857142857,1.0,0.9177489177489178,1.0,0.8825910931174089,1.0,0.0,1.0,1.0,0.0,-0.003761352712056406,-0.07622262331394304,0.7759615384615385,0.9692548076923077,0.9946332737030411,1.0,0.6803125,0.975,0.9983388704318937,1.0,0.7662337662337663,1.0,1.0,1.0,0.7367408906882591,0.9878542510121457,0.9846153846153847,1.0,0.0,0.0,1.0,1.0,1.0,1.0,0.0,0.0,-0.020182756395397107,0.011405040141123963,1.0,0.6678119659003963,-0.028262312815564086,0.8477297307342792,0.08404119983078913,26,14,11,0.09286775102335154,-0.1493923766544797,0.08404119983078913,0.0020492608109876544,-0.015382579758144527,
1,dom_regular_verberase,0.8240384615384615,0.648479427549195,0.7803571428571429,0.7259136212624585,0.9307359307359307,0.6616161616161617,0.7246963562753036,0.6038461538461538,0.05128205128205128,0.772972972972973,0.7891891891891892,-0.016216216216216273,0.011037958790975912,-0.059088451409360206,0.6692067307692308,0.9134615384615384,0.4677325581395349,0.7996422182468694,0.5714285714285714,0.9071874999999999,0.49161129568106315,0.8687707641196013,0.7489177489177489,1.0,0.3787878787878788,0.8888888888888888,0.45738866396761135,0.8826923076923076,0.3614423076923077,0.8231730769230768,0.0,0.2692307692307692,0.6222430053892902,0.8733288627505779,0.6293436293436293,0.8835098379629629,-0.047619977678571374,0.0185236406619385,-0.024785383340143217,0.04560824523134808,0.9302325581395349,0.1271120825033494,-0.6737833910512081,0.814786110497657,-0.4128541410913053,26,14,11,-0.48298940185642586,-0.8645773802459904,-0.4128541410913053,0.02325704038232605,-0.013400204391724374,
1,dom_regular_rank2,0.8163461538461538,0.6270125223613596,0.7696428571428572,0.6877076411960132,0.9307359307359307,0.6313131313131313,0.7044534412955465,0.5807692307692308,0.0641025641025641,0.7521235521235521,0.7783783783783784,-0.026254826254826336,0.024220527711986715,-0.06644457689646237,0.6720673076923077,0.9163701923076922,0.4409660107334526,0.7764311270125223,0.5767410714285713,0.9178571428571428,0.4617524916943522,0.8638704318936876,0.7532467532467533,1.0,0.35353535353535354,0.8535353535353535,0.47763157894736846,0.8947368421052632,0.32673076923076927,0.7961538461538461,0.0,0.2857142857142857,0.5961155521952736,0.8583866412852481,0.6230457277031439,0.8746595584277025,-0.056529756041172434,0.008832839682110077,-0.014817745249436395,0.06264470834210739,0.9145348837209303,0.10347289380366251,-0.6344271868099817,0.8092220486989014,-0.4113115832220101,26,14,11,-0.4563850233844677,-0.8124693502354956,-0.4113115832220101,0.03562235659087298,0.0014168699542141574,
2,adom_matched,0.6807692307692308,0.5438282647584973,0.6892857142857143,0.526578073089701,0.7402597402597403,0.48484848484848486,0.6437246963562753,0.5269230769230769,0.15384615384615385,0.7891891891891892,0.8231660231660232,-0.03397683397683393,-0.05475047979248356,0.006284400889375863,0.3470913461538461,0.7847355769230768,0.3112701252236136,0.7781976744186047,0.33388392857142857,0.8232589285714285,0.259094684385382,0.7841362126245847,0.24242424242424243,0.8918831168831168,0.18686868686868688,0.8636363636363636,0.28734817813765184,0.8179149797570848,0.2614423076923077,0.7847115384615384,0.0,0.945405982905983,0.47682244744744745,0.8283927139420323,0.5111996922348485,0.8578427866390101,-0.08255486749275572,0.018550652840949523,-2.251414598929119,1.282593383197026,0.7093023255813954,0.2140705737487071,-2.3585901042002346,0.12767573020374026,-0.9793918341447281,26,14,4,-1.7286922544895635,-2.9884879539109055,-0.9793918341447281,-0.053338661306188175,-0.057574116765074346,0.3442222222222222
2,dom_matched,0.425,0.740608228980322,0.42142857142857143,0.7491694352159468,0.38961038961038963,0.696969696969697,0.4817813765182186,0.7307692307692307,0.8846153846153846,0.7204633204633205,0.7722007722007722,-0.0517374517374517,-0.09793025578111904,-0.10653454292488353,0.2547596153846154,0.7298317307692307,0.401520572450805,0.8291815742397138,0.24276785714285715,0.7178571428571429,0.42354651162790696,0.8555232558139535,0.1471861471861472,0.8398268398268398,0.28775252525252526,0.8939393939393939,0.21852226720647774,0.757085020242915,0.3614423076923077,0.8616346153846154,0.07419642857142858,1.0,0.47494775541795664,0.8387840747215747,0.5081390831390832,0.8599129392279548,-0.0892857142857143,0.015483504256966006,-1.157425887230929,0.7708261453361991,0.6808139534883721,1.3709423479625067,4.0229461105628985,2.0513564016880026,5.7893923707476205,26,14,4,4.514184998023885,3.531707223101911,5.7893923707476205,-0.13167084544417101,-0.030449076455015052,0.4855555555555555
2,probe_strat,0.8240384615384615,0.35152057245080504,0.8375,0.3239202657807309,0.8311688311688312,0.3686868686868687,0.8016194331983806,0.3153846153846154,0.9230769230769231,0.6895752895752896,0.7768339768339768,-0.08725868725868724,-0.5465145746202117,0.017311700409746642,0.5259375000000001,0.8865865384615383,0.21106887298747765,0.551050983899821,0.5107142857142857,0.9304017857142857,0.1561046511627907,0.5718438538205975,0.43712121212121213,0.9653679653679653,0.13131313131313133,0.696969696969697,0.4493927125506073,0.9230769230769231,0.1346153846153846,0.5846153846153846,0.24930555555555556,1.0,0.4303018575851393,0.8103718671824189,0.5122604247604248,0.8510880704621029,-0.13713452409238966,-0.0030882180882180767,-4.007713216547528,3.8892008465626766,0.6686046511627907,-1.0739835194960121,0.722542287832405,0.13515611338159508,3.5007688529831595,26,14,7,1.4330724193670765,0.012012156297733565,3.5007688529831595,-0.6068433479374398,-0.4258570279857555,0.6720491633123211
2,probe_strat_noinit,0.8634615384615385,0.4221824686940966,0.8892857142857142,0.3920265780730897,0.8311688311688312,0.5,0.8906882591093117,0.3384615384615385,0.8846153846153846,0.7776061776061776,0.8386100386100386,-0.061003861003861015,-0.19993852849076982,0.022427128495981805,0.6018749999999999,0.9144230769230769,0.240608228980322,0.5715787119856888,0.5749553571428571,0.9357142857142857,0.19750830564784053,0.5997093023255814,0.49772727272727274,0.9654761904761904,0.1917929292929293,0.7273989898989898,0.5546558704453441,0.9595141700404858,0.1346153846153846,0.5846153846153846,0.2294871794871795,1.0,0.5291122159090909,0.8508719058719058,0.597630641664996,0.8970755347593583,-0.1268890718661485,-0.010418300796912637,-1.3555227365352474,0.21429996535222007,0.7680232558139535,-0.22748899700142053,0.5056037255426773,-0.28356085214180676,1.9946423676644978,26,14,7,0.8022444856257113,0.20896296545964327,1.9946423676644978,-0.23121658443632226,-0.1373824165996649,0.5377851953115111
2,probe_matched,0.5423076923076923,0.6457960644007156,0.5178571428571429,0.6561461794019934,0.47619047619047616,0.6414141414141414,0.582995951417004,0.6153846153846154,0.8717948717948718,0.7652509652509653,0.8324324324324325,-0.06718146718146722,-0.12752027717302175,-0.016146071426492027,0.30288461538461536,0.7480769230769231,0.40516547406082287,0.805031305903399,0.2785714285714286,0.775,0.3836794019933555,0.815656146179402,0.19480519480519481,0.8095238095238095,0.2827020202020202,0.8535353535353535,0.2589068825910931,0.7894736842105263,0.32673076923076927,0.8115384615384615,0.2775,1.0,0.5327847827847828,0.838738425925926,0.5873931623931624,0.8823057371096586,-0.12433978078658937,0.003096700851393223,-1.3161444071297703,0.7631024738633776,0.6732558139534883,0.7070690338694585,2.5749241749072196,1.1898412641435494,3.7949957295674217,26,14,4,3.669958286906585,1.4798900629078544,3.7949957295674217,-0.2501831035963725,0.11780537567367955,0.5491111111111111
2,dom_regular,0.9413461538461538,1.0,0.9178571428571428,1.0,0.9696969696969697,1.0,0.951417004048583,1.0,0.0,1.0,1.0,0.0,-0.001978901176451605,-0.12091920019255051,0.8393509615384616,0.9875240384615385,0.9964221824686941,1.0,0.7535267857142857,0.9964285714285714,1.0,1.0,0.844047619047619,1.0,1.0,1.0,0.8015182186234818,1.0,0.9923076923076923,1.0,0.0,0.0,1.0,1.0,1.0,1.0,0.0,0.0,-0.014391799997613197,0.010264040210433662,1.0,0.6446697014538825,-0.16376983084474037,0.7741745477649832,-0.04159247389609728,26,14,11,-0.012735788755218136,-0.3148038729342626,-0.04159247389609728,0.0009537635244316375,-0.007844230578218089,
2,dom_regular_verberase,0.885576923076923,0.5787119856887298,0.8517857142857143,0.6229235880398671,0.948051948051948,0.5707070707070707,0.8340080971659919,0.5653846153846154,0.038461538461538464,0.7042471042471042,0.6586872586872586,0.0455598455598456,0.006193733923377903,-0.11026049125343416,0.7268509615384615,0.9548076923076924,0.3953488372093023,0.7433363148479427,0.6553125,0.9589732142857142,0.39198504983388704,0.807392026578073,0.8006493506493506,1.0,0.28775252525252526,0.8334595959595958,0.6031376518218624,0.9635627530364372,0.31153846153846154,0.7730769230769231,0.0,0.2456730769230765,0.5365351450717305,0.8287197018447019,0.49645777718609635,0.7933184398161178,-0.0007741752128483075,0.07698776039678548,-0.028825620723871348,0.040906666435300845,0.9383720930232559,-0.006439753028512907,-0.8841757165350284,0.5217412105733855,-0.705736213804637,26,14,11,-0.6646583223491582,-1.1036931107208985,-0.705736213804637,0.007551085778076111,0.0034790302139814907,
2,dom_regular_rank2,0.8817307692307692,0.5196779964221825,0.8446428571428571,0.5514950166112956,0.9437229437229437,0.5,0.8380566801619433,0.5192307692307693,0.0641025641025641,0.6764478764478764,0.6455598455598456,0.030888030888030826,0.009941516927580477,-0.1205337071162053,0.7325721153846153,0.9500480769230768,0.3362924865831842,0.6896243291592129,0.6464285714285715,0.9571875,0.3222176079734219,0.7741279069767442,0.7835497835497836,1.0,0.21717171717171718,0.7779040404040403,0.5870445344129555,0.9554655870445344,0.25384615384615383,0.7115384615384616,0.0,0.2860389610389607,0.5016218547077922,0.7978625587661965,0.4833244600627413,0.7770321800595238,-0.01203774507734974,0.0603329613095238,-0.03073365365292723,0.04513968591004827,0.9174418604651163,-0.07982974428587973,-0.8708738557682394,0.48873744873045794,-0.7043783616378311,26,14,11,-0.6273099646774568,-1.1144377468590219,-0.7043783616378311,0.009812849411135244,0.01019885196047094,
3,adom_matched,0.6701923076923076,0.4865831842576029,0.6892857142857143,0.46677740863787376,0.7575757575757576,0.494949494949495,0.6194331983805668,0.4269230769230769,0.1282051282051282,0.8023166023166023,0.8131274131274131,-0.010810810810810811,0.6801162692477102,0.013235070541377522,0.3701442307692308,0.798125,0.26113595706618964,0.7523479427549193,0.36241071428571425,0.8072321428571428,0.2424418604651163,0.7574750830564784,0.22067099567099566,0.9264069264069265,0.1715909090909091,0.8688131313131312,0.26305668016194333,0.8503036437246962,0.19990384615384618,0.7692307692307693,0.0,0.9089583333333328,0.4965037865785309,0.8563669742269269,0.5054912732712766,0.8678239400465994,-0.06924335260291199,0.04774756108089439,-5.567030827892157,4.546534944662188,0.6447674418604651,-0.06819823224358383,-2.2788306547903106,0.0742428135930469,-1.8383493041408496,26,14,4,-1.2263283895447616,-3.3313329200358592,-1.8383493041408496,0.7812890714446852,0.47777066485375963,0.37266666666666665
3,dom_matched,0.4076923076923077,0.7298747763864043,0.4089285714285714,0.7475083056478405,0.3852813852813853,0.7474747474747475,0.4089068825910931,0.6692307692307692,0.9102564102564102,0.722007722007722,0.7382239382239382,-0.01621621621621616,0.3047311634530087,-0.09598873277895627,0.2615144230769231,0.697139423076923,0.4113595706618962,0.8318649373881932,0.2249107142857143,0.7126785714285713,0.41191860465116276,0.867109634551495,0.17316017316017315,0.8182900432900433,0.3433080808080808,0.9191919191919192,0.17408906882591094,0.7288461538461537,0.33451923076923074,0.8384615384615385,0.12962962962962962,1.0,0.4689919681767508,0.8450507105625491,0.4879004329004329,0.8531640625,-0.08437601461038959,0.04334365325077405,-1.5380385271373576,2.6779845762859935,0.6686046511627907,1.4586448377304317,4.23623424242975,1.872244172993449,5.227562967726907,26,14,4,4.768634074259538,3.7038344105999617,5.227562967726907,0.36954185299150855,0.17510978437600885,0.4702222222222222
3,probe_strat,0.8403846153846154,0.31663685152057247,0.8910714285714286,0.2857142857142857,0.8701298701298701,0.4393939393939394,0.7975708502024291,0.2653846153846154,0.8717948717948718,0.7142857142857143,0.7065637065637066,0.007722007722007707,-0.20626991956960927,0.006454301424868864,0.5605528846153847,0.8961538461538462,0.18783542039355994,0.5877012522361359,0.5659821428571429,0.9392857142857143,0.1411544850498339,0.6113787375415282,0.44978354978354984,0.9481601731601731,0.20707070707070707,0.7676767676767676,0.4938259109311741,0.9352226720647774,0.11923076923076924,0.6039423076923076,0.19195156695156698,1.0,0.48949494949494954,0.8026734138257575,0.4856650818222026,0.7964505127708978,-0.06076670725108231,0.08283228490259745,-1.7504630608893796,2.1279235407735237,0.6883720930232559,-1.1822027922090272,0.34283677753670294,-0.372191301190753,1.722542482959773,26,14,7,0.9108211813912982,-0.22514762631789229,1.722542482959773,-0.13562190393401818,-0.34756595084079145,0.6694690767322347
3,probe_strat_noinit,0.8307692307692308,0.4212880143112701,0.8625,0.42857142857142855,0.8138528138528138,0.5252525252525253,0.854251012145749,0.33076923076923076,0.6410256410256411,0.7583011583011583,0.7575289575289575,0.0007722007722007485,0.10367100944322113,0.013765890454488684,0.6105769230769231,0.9048557692307692,0.22985241502683365,0.5894677996422183,0.6267857142857143,0.9375,0.20095514950166116,0.6046511627906976,0.5411255411255411,0.9481601731601731,0.2321969696969697,0.7676767676767676,0.5464574898785426,0.9595141700404858,0.12692307692307692,0.5692307692307692,0.14,1.0,0.5532061618507051,0.8412753912753913,0.5505646718146718,0.8521892195574334,-0.06984126984126993,0.062188091856060626,-0.3127963934759616,0.7636559460955643,0.7767441860465116,-0.28435818133585594,-0.2870915584718942,-0.40335113518224236,0.7867203418039678,26,14,7,0.026289597256673743,-0.6004727142004622,0.7867203418039678,0.1795254550240635,-0.048037881718463585,0.5889936204146731
3,probe_matched,0.5778846153846153,0.6001788908765653,0.5107142857142857,0.6777408637873754,0.5887445887445888,0.6616161616161617,0.5344129554655871,0.5153846153846153,0.8974358974358975,0.7629343629343629,0.8023166023166023,-0.03938223938223939,0.38164289612588304,-0.029568191870065395,0.33072115384615386,0.7528846153846154,0.3693872987477638,0.7710420393559929,0.28035714285714286,0.7215178571428571,0.4150747508305648,0.8255813953488372,0.24242424242424243,0.8484848484848485,0.3231060606060606,0.8738636363636362,0.2388663967611336,0.7894736842105263,0.26913461538461536,0.7923076923076923,0.2220238095238095,1.0,0.5285142476760789,0.8532580632542492,0.5483771097573155,0.8795410452266909,-0.09479843073593067,0.04169885688768452,-2.208188802395741,3.2157975504625793,0.6575581395348837,0.5449216618944692,2.0856115697266184,0.8607476127324177,2.954411090750218,26,14,4,2.9327233568563575,1.2384997825968793,2.954411090750218,0.484570822816808,0.17578704274403323,0.5502222222222223
3,dom_regular,0.9605769230769231,1.0,0.9535714285714286,1.0,0.9653679653679653,1.0,0.9676113360323887,1.0,0.0,1.0,1.0,0.0,0.024277301682583637,-0.07879027893748362,0.8470913461538462,0.9884615384615385,0.9946109123434704,1.0,0.8017410714285714,0.9928571428571429,0.9950166112956811,1.0,0.7920995670995672,1.0,1.0,1.0,0.8378542510121458,1.0,0.9884615384615385,1.0,0.0,0.0,1.0,1.0,1.0,1.0,0.0,0.0,-0.0028480108436018396,0.05380675626842495,1.0,0.6363213079135386,-0.10245781930386369,0.7359765729694555,-0.018060227167939907,26,14,11,0.03771829734657906,-0.24263393595430643,-0.018060227167939907,0.032207948826842976,0.008416007394064957,
3,dom_regular_verberase,0.8951923076923077,0.7128801431127012,0.8678571428571429,0.7541528239202658,0.948051948051948,0.7121212121212122,0.8825910931174089,0.7230769230769231,0.0,0.8177606177606178,0.6401544401544401,0.1776061776061777,0.012434707125181693,-0.0783231026389274,0.7461298076923077,0.9634615384615385,0.5160778175313059,0.8685375670840787,0.685625,0.9732142857142857,0.5165282392026578,0.9236295681063124,0.7920995670995672,1.0,0.3939393939393939,0.9343434343434344,0.631578947368421,0.979757085020243,0.4460576923076923,0.9076923076923077,0.0,0.1496759259259258,0.6357761332761334,0.9016978088575255,0.4767356811145511,0.7754649337805297,0.08416353916353912,0.24141356479247109,-0.05312430122533214,0.07656127325423487,0.9755813953488373,0.19452516091114203,-0.6607375071995997,0.48561643971833307,-0.46461415558377694,26,14,11,-0.49055897143596755,-0.8309160429632317,-0.46461415558377694,0.018940232059816244,-0.0005763427440874203,
3,dom_regular_rank2,0.8894230769230769,0.6171735241502684,0.8571428571428571,0.6644518272425249,0.961038961038961,0.6363636363636364,0.8582995951417004,0.5807692307692308,0.08974358974358974,0.7683397683397684,0.6223938223938223,0.145945945945946,0.01499614137423231,-0.08712124939431232,0.739375,0.9577163461538462,0.41768783542039356,0.7960867620751342,0.6660267857142856,0.9553571428571429,0.4102574750830565,0.8555232558139535,0.8008658008658008,1.0,0.31313131313131315,0.8787878787878788,0.6030364372469637,0.9677125506072873,0.33451923076923074,0.8269230769230769,0.0,0.3422275641025641,0.5806492456492457,0.8658980171015774,0.44987188487188484,0.7507961404651848,0.0618917193917194,0.2014162077104642,-0.05736371776576636,0.08923118026270681,0.9488372093023256,0.0826384946744066,-0.6021495049983514,0.44274717709423056,-0.46187813923871046,26,14,11,-0.41591103837760196,-0.7883879716191008,-0.46187813923871046,0.020521164433032927,0.003946095256631065,
4,adom_matched,0.6932692307692307,0.47942754919499103,0.7160714285714286,0.45016611295681064,0.7402597402597403,0.5353535353535354,0.611336032388664,0.45,0.11538461538461539,0.8687258687258688,0.8586872586872587,0.010038610038610063,1.1985493311587507,0.010715166204411623,0.37882211538461535,0.8086778846153846,0.28166368515205725,0.7496198568872987,0.3928125,0.8464285714285714,0.23920265780730898,0.7492109634551495,0.3072510822510822,0.9090909090909091,0.23712121212121215,0.858712121212121,0.2550607287449393,0.809817813765182,0.23076923076923078,0.7924038461538461,0.0,0.9230000000000002,0.5492141499758687,0.8980979193479194,0.55728515625,0.8929804385859073,-0.06410325071615386,0.055965152859562876,-3.502116645624782,8.171388170841935,0.6796511627906977,-0.030552320640725793,-3.486195542794711,-0.057233375179487934,-1.2541471483280202,26,14,4,-1.7114349853154494,-5.260956100273972,-1.2541471483280202,1.3902180156893718,0.8152119620975092,0.4108888888888889
4,dom_matched,0.37596153846153846,0.7969588550983899,0.39107142857142857,0.7956810631229236,0.33766233766233766,0.8484848484848485,0.3360323886639676,0.7307692307692307,0.8717948717948718,0.8308880308880309,0.8200772200772201,0.010810810810810811,0.7878620820671108,-0.08764174551726266,0.2095673076923077,0.7019951923076921,0.4757602862254025,0.876587656529517,0.20531249999999998,0.7321428571428571,0.45182724252491696,0.8904485049833886,0.13852813852813853,0.7922077922077922,0.4544191919191919,0.9595959595959596,0.15789473684210525,0.680161943319838,0.38076923076923075,0.8808653846153846,0.037037037037037035,1.0,0.5872075249853028,0.9031916626447876,0.596714665240207,0.8989974489187708,-0.06564087583824424,0.05419412501842837,-1.8998042816372165,5.9228673766718805,0.7017441860465117,1.7817390020094943,4.115649917594816,1.8685624617064474,5.074037366211876,26,14,4,4.533620765719594,3.697679069470037,5.074037366211876,0.915306116429538,0.5329740133422571,0.5466666666666666
4,probe_strat,0.7836538461538461,0.46511627906976744,0.8392857142857143,0.39368770764119604,0.8225108225108225,0.5707070707070707,0.7125506072874493,0.4269230769230769,0.8205128205128205,0.7961389961389962,0.772972972972973,0.02316602316602323,0.7662766050841171,-0.011410783766720289,0.4528125,0.8721153846153846,0.2969364937388193,0.7245304114490161,0.4678125,0.9250446428571428,0.21756644518272428,0.6927740863787375,0.32456709956709956,0.948051948051948,0.2978535353535353,0.8535353535353535,0.38866396761133604,0.8987854251012146,0.2114423076923077,0.7539423076923076,0.2962962962962963,1.0,0.5380212355212355,0.8761803405572756,0.5549487689812767,0.8599179303787793,-0.07951438973395117,0.06452861280335558,0.2370760566896148,2.505407998903519,0.7662790697674419,-0.09369414651562187,0.5068952095927846,0.018080418689952877,2.148682027954364,26,14,7,0.7956485923172119,0.21814182686835734,2.148682027954364,0.9147482708183533,0.4693332736156444,0.7001513126249969
4,probe_strat_noinit,0.801923076923077,0.5456171735241503,0.8571428571428571,0.49169435215946844,0.7445887445887446,0.6060606060606061,0.8218623481781376,0.5076923076923077,0.5256410256410257,0.8841698841698842,0.8818532818532818,0.0023166023166023564,0.7025185358114233,-0.010039157896141791,0.5143509615384615,0.8779086538461538,0.34785330948121646,0.7424642218246869,0.5410714285714285,0.9285714285714286,0.28733388704318935,0.7325581395348837,0.3895021645021645,0.9134199134199135,0.37866161616161614,0.8637626262626261,0.44929149797570855,0.9149797570850202,0.25,0.7538461538461538,0.037037037037037035,1.0,0.6362036250867183,0.926474846695435,0.6631753359766225,0.9297911001036001,-0.07813675794314381,0.03751953124999996,0.31266112506777594,1.5415303132756761,0.8441860465116279,0.23005248744645496,-0.23911611661177856,-0.07081067006944307,1.2683308053445386,26,14,7,0.042391637102646165,-0.5206238703262033,1.2683308053445386,0.8353827383370793,0.43679013076011125,0.652529758740285
4,probe_matched,0.4355769230769231,0.7504472271914132,0.4625,0.7408637873754153,0.3852813852813853,0.8333333333333334,0.4291497975708502,0.6961538461538461,0.7948717948717948,0.8324324324324325,0.827027027027027,0.005405405405405461,0.9866999487973608,-0.05790650754610757,0.25382211538461535,0.6807932692307692,0.4865608228980322,0.853309481216458,0.2553125,0.7125446428571428,0.46997508305647845,0.8505398671096346,0.16017316017316016,0.7359307359307359,0.49987373737373736,0.9595959595959596,0.18218623481781376,0.6965587044534411,0.4269230769230769,0.85,0.11121794871794873,1.0,0.593025803025803,0.9031321022727272,0.6097502903600465,0.8898949535472973,-0.056383940504830664,0.054861848455598404,-1.2202543146608622,6.130846472438145,0.6848837209302325,1.4656203431089907,2.3146112080101098,1.06935990836964,3.755845269403003,26,14,4,2.8846702585203725,1.7445521574998466,3.755845269403003,1.1738066611761708,0.6124865240397404,0.5817777777777777
4,dom_regular,0.9721153846153846,0.9946332737030411,0.9642857142857143,1.0,0.9696969696969697,1.0,0.9919028340080972,0.9923076923076923,0.0,1.0,1.0,0.0,0.30687558529153947,-0.04696274744640984,0.8585817307692307,0.9951923076923077,0.8729874776386404,1.0,0.8338839285714286,1.0,0.8936046511627906,1.0,0.8050865800865802,1.0,0.9090909090909091,1.0,0.890587044534413,1.0,0.8460576923076923,1.0,0.0,0.02,1.0,1.0,1.0,1.0,0.0,0.0,0.22271689871976946,0.40149826482656403,1.0,0.5788105282035636,-0.16313826021254102,0.6576416958420899,-0.12619196393975105,26,14,11,0.0030655109735030646,-0.3293420313985851,-0.12619196393975105,0.3243691231626836,0.2718885095492511,
4,dom_regular_verberase,0.9009615384615385,0.6234347048300537,0.8803571428571428,0.6179401993355482,0.9523809523809523,0.5909090909090909,0.8947368421052632,0.6461538461538462,0.05128205128205128,0.6795366795366795,0.5992277992277992,0.08030888030888028,0.309279649350285,-0.053037297696795015,0.7653605769230769,0.9625,0.4382602862254025,0.8068202146690518,0.7,0.9696428571428571,0.39368770764119604,0.8322259136212624,0.7878787878787878,1.0,0.3130050505050505,0.8738636363636362,0.6477732793522267,0.9839068825910929,0.3845192307692308,0.8539423076923076,0.0,0.1801296296296295,0.5203607462000067,0.8185416342924083,0.4439615695429649,0.7298107898920592,0.011601777498280036,0.14577932098765425,0.18604469140777374,0.47603989441250677,0.9633720930232558,0.09181227855114502,-1.0102338868065757,0.2926711046819949,-0.8142103774151647,26,14,11,-0.7905713180238574,-1.2298964555892942,-0.8142103774151647,0.32621554079587817,0.27540786645909865,
4,dom_regular_rank2,0.9009615384615385,0.5330948121645797,0.8803571428571428,0.5431893687707641,0.9653679653679653,0.5202020202020202,0.8785425101214575,0.5230769230769231,0.05128205128205128,0.6888030888030888,0.6223938223938223,0.06640926640926648,0.3460064974163244,-0.05851263203558453,0.7557451923076923,0.9625,0.36299194991055456,0.7361806797853309,0.6928571428571428,0.9607142857142857,0.3289036544850498,0.7774501661129568,0.8095238095238095,1.0,0.2523989898989899,0.8434343434343434,0.6437246963562753,0.97165991902834,0.31153846153846154,0.7846153846153846,0.0,0.2518518518518512,0.5126850176850177,0.822074997074997,0.46277089783281733,0.7508035247700668,0.00619732481060611,0.13006301404134213,0.20261747979491262,0.5529836400347916,0.936046511627907,-0.01840007563247604,-0.9941928652026768,0.2250432955653654,-0.8426543105109128,26,14,11,-0.7534467702291274,-1.2349389601762262,-0.8426543105109128,0.3682871010564416,0.30144529013609017,
5,adom_matched,0.5336538461538461,0.5769230769230769,0.4928571428571429,0.6196013289036545,0.5844155844155844,0.6212121212121212,0.44534412955465585,0.4846153846153846,0.10256410256410256,0.8911196911196911,0.8525096525096525,0.038610038610038644,1.1951049414958383,-0.022801001001671633,0.28447115384615385,0.7471874999999999,0.3541592128801431,0.7844364937388193,0.23388392857142856,0.7571428571428571,0.33882890365448504,0.8173172757475083,0.225,0.8961038961038961,0.30808080808080807,0.8888888888888888,0.1659919028340081,0.7651821862348178,0.24605769230769234,0.7770192307692307,0.0,0.8461538461538461,0.6520051364014375,0.9381033864470396,0.6335164268358932,0.9238612909278544,-0.025191173957621327,0.07381628787878786,-9.08841085831786,12.566170507727895,0.6174418604651163,0.9005253436901366,-3.0699464171151707,0.3137184981292026,-0.8177441961485027,26,14,4,-0.8332849708818846,-5.306607863348456,-0.8177441961485027,1.3781120072660145,0.8290908099554868,0.5557777777777778
5,dom_matched,0.33365384615384613,0.7370304114490162,0.28035714285714286,0.7724252491694352,0.329004329004329,0.7727272727272727,0.29554655870445345,0.6615384615384615,0.8333333333333334,0.844015444015444,0.8138996138996138,0.03011583011583019,0.5596227054620164,-0.11917259190974942,0.18362980769230772,0.6048076923076923,0.5223389982110912,0.8497316636851521,0.12669642857142857,0.5571875,0.5630813953488372,0.8887043189368771,0.1341991341991342,0.7316017316017316,0.47474747474747475,0.9242424242424242,0.10121457489878542,0.5910931174089069,0.3960576923076923,0.8461538461538461,0.05,0.9629629629629629,0.6769449601120612,0.9282152729027728,0.6548136231469565,0.9111111111111111,-0.030203315323284376,0.0727609110161601,-4.904132859025971,4.946175514241272,0.6319767441860465,2.573143033373963,4.460733735035663,2.082165694945987,5.010575830868865,26,14,4,5.57177432215784,3.349693147913485,5.010575830868865,0.6505478686827926,0.37777237902046396,0.6742222222222223
5,probe_strat,0.7182692307692308,0.5125223613595706,0.725,0.5,0.7532467532467533,0.5404040404040404,0.680161943319838,0.46153846153846156,0.7948717948717948,0.8447876447876448,0.8432432432432433,0.001544401544401497,0.7557894793351403,-0.019357764591474962,0.4095913461538461,0.8548317307692307,0.32558139534883723,0.7325805008944544,0.40348214285714284,0.8821428571428571,0.3088039867109635,0.7325996677740864,0.329004329004329,0.9264069264069265,0.26262626262626265,0.8487373737373736,0.32388663967611336,0.8785425101214575,0.24605769230769234,0.7384615384615385,0.18336640211640212,1.0,0.6126145587076438,0.9210572038203617,0.6219062812812812,0.9127743424227799,-0.05547522010448912,0.047998243156911875,0.05231104759382124,4.476401900906261,0.7127906976744186,0.14703971478757813,0.5752063834726999,0.20541803184554377,2.7799187897711817,26,14,7,0.558044815304344,0.5923679516410559,2.7799187897711817,0.8188385504247331,0.6296913371559552,0.7647736006683374
5,probe_strat_noinit,0.7769230769230769,0.5679785330948122,0.7946428571428571,0.5614617940199336,0.7965367965367965,0.6111111111111112,0.7449392712550608,0.45384615384615384,0.5128205128205128,0.871042471042471,0.8849420849420849,-0.013899613899613916,0.7279613747150766,-0.012176862903578252,0.46240384615384617,0.8894471153846153,0.3559928443649374,0.7388864042933809,0.4624553571428572,0.9267857142857143,0.3154900332225914,0.7442275747508306,0.4155844155844156,0.9523809523809523,0.31313131313131315,0.8585858585858586,0.3723684210526316,0.9068825910931174,0.22692307692307692,0.7615384615384615,0.05128205128205128,1.0,0.6832664609053498,0.9339308475421773,0.6914852225963337,0.9370726570726571,-0.0494245099319844,0.04525793650793644,0.24355413046338656,1.8886556348126933,0.786046511627907,0.3069372858901783,-0.22058681275823633,-0.21019505558157606,1.418359586283799,26,14,7,-0.15062809262396976,-0.2905455328925029,1.418359586283799,0.7988696301051197,0.58614486393499,0.7192189311662995
5,probe_matched,0.4480769230769231,0.669051878354204,0.37857142857142856,0.7159468438538206,0.4329004329004329,0.7272727272727273,0.4331983805668016,0.5961538461538461,0.7307692307692307,0.8625482625482626,0.8316602316602316,0.030888030888030937,0.8203621481447034,-0.056387374179058564,0.2605288461538462,0.6961778846153845,0.45078264758497316,0.8167039355992843,0.20714285714285716,0.6679017857142856,0.49165282392026577,0.8671926910299003,0.1642857142857143,0.7620129870129869,0.4393939393939394,0.9090909090909091,0.18218623481781376,0.7044534412955465,0.3499038461538461,0.8038461538461539,0.07670940170940171,0.9666666666666667,0.6718579105593923,0.9286521552655165,0.6423616473616474,0.9073478221525096,-0.026235074360074363,0.08003923160173151,-6.153469239136767,6.510730465876267,0.622093023255814,1.6035488412604528,2.1554382755293156,0.6551115564274165,3.946285319675284,26,14,4,3.155351187521815,1.1555253635368161,3.946285319675284,1.0285564743430708,0.4039734957479693,0.6095555555555555
5,dom_regular,0.9759615384615384,0.9991055456171736,0.9678571428571429,1.0,0.987012987012987,1.0,0.9757085020242915,1.0,0.0,1.0,1.0,0.0,0.2745410615925529,-0.0492002652288605,0.8826923076923077,0.9961538461538462,0.9033542039355993,1.0,0.8767857142857143,1.0,0.9002906976744186,1.0,0.8310606060606062,1.0,0.8736111111111111,1.0,0.8784412955465587,1.0,0.8846153846153846,1.0,0.0,0.0,1.0,1.0,1.0,1.0,0.0,0.0,0.1833349060016137,0.37212288242966085,1.0,0.5581965293718743,-0.13197889564961127,0.6400711708992293,-0.0743605033109944,26,14,11,-0.01113316609842635,-0.2528246252007962,-0.0743605033109944,0.29769195996730474,0.22823926484304943,
5,dom_regular_verberase,0.9259615384615385,0.4731663685152057,0.9107142857142857,0.46677740863787376,0.948051948051948,0.4292929292929293,0.9352226720647774,0.49615384615384617,0.05128205128205128,0.7111969111969112,0.5961389961389961,0.11505791505791507,0.24261809853637611,-0.019998826538921866,0.8240384615384615,0.9779086538461538,0.3076475849731664,0.7066189624329159,0.7678571428571429,0.9839285714285714,0.2790282392026578,0.7757475083056479,0.8138528138528138,1.0,0.21717171717171718,0.7626262626262627,0.7732793522267206,0.9959514170040485,0.2923076923076923,0.7539423076923076,0.0,0.23076923076923078,0.5375,0.8285720258002868,0.4239069789069789,0.7350621600621601,0.03648878898878897,0.17142857142857137,0.12647118788309392,0.4062260930861976,0.9465116279069767,-0.06917580124017783,-1.039964794080039,0.15928906051496694,-0.7086458120660252,26,14,11,-0.9559452531450928,-1.1239843350149852,-0.7086458120660252,0.2409039618950993,0.24604637181892963,
5,dom_regular_rank2,0.9230769230769231,0.40608228980322003,0.8982142857142857,0.41029900332225916,0.9523809523809523,0.3787878787878788,0.9271255060728745,0.4230769230769231,0.08974358974358974,0.7227799227799228,0.623938223938224,0.0988416988416988,0.2896183546488643,-0.03171777805465105,0.8153846153846154,0.9788701923076922,0.24597495527728086,0.6377906976744185,0.7481696428571428,0.9857142857142858,0.21756644518272428,0.7026993355481728,0.7922077922077922,1.0,0.16148989898989902,0.702020202020202,0.7449392712550608,0.9959514170040485,0.18836538461538463,0.669326923076923,0.0,0.35714285714285715,0.5351171120897683,0.8396943371943372,0.4468557607199056,0.758140795015795,0.025482625482625476,0.15595366070404765,0.1546238708541667,0.5070393015286648,0.9284883720930233,-0.18154125717538575,-0.9912439014044745,0.08572701704773349,-0.7148770218372531,26,14,11,-0.8834662250835997,-1.0990215777253491,-0.7148770218372531,0.2942645080242289,0.28032604789813526,
6,adom_matched,0.5625,0.5617173524150268,0.5232142857142857,0.5996677740863787,0.7272727272727273,0.5252525252525253,0.4008097165991903,0.5115384615384615,0.05128205128205128,0.8687258687258688,0.8594594594594595,0.009266409266409315,0.939326241853494,-0.05626618834329833,0.301875,0.7673798076923076,0.34525939177101966,0.7764087656529517,0.2392857142857143,0.7679910714285714,0.34372923588039866,0.8007059800664452,0.32456709956709956,0.9177489177489178,0.22727272727272727,0.8636363636363636,0.12550607287449392,0.7449392712550608,0.25375,0.7654807692307691,0.0,0.75,0.6262779123435316,0.9262661669606114,0.6144224987974988,0.9160919744318181,-0.05479145854145857,0.07007067223817119,-6.381194211148349,8.746589574309361,0.6075581395348837,0.9084275549357399,-4.740978613267443,-0.6585834259295377,-3.0403515497404263,26,14,4,-3.3463659662588454,-6.1355912602760405,-3.0403515497404263,0.8996900588313741,1.0185986078977334,0.6215555555555555
6,dom_matched,0.3298076923076923,0.721824686940966,0.28214285714285714,0.7558139534883721,0.36363636363636365,0.7575757575757576,0.242914979757085,0.6346153846153846,0.6666666666666666,0.8285714285714286,0.8162162162162162,0.01235521235521242,0.8128381444010495,-0.1812524085144629,0.18461538461538463,0.5866586538461538,0.501788908765653,0.8408094812164579,0.12495535714285715,0.5571875,0.5531146179401993,0.8821843853820597,0.1643939393939394,0.7405844155844153,0.4544191919191919,0.9141414141414141,0.08906882591093117,0.5428137651821859,0.40384615384615385,0.8384615384615385,0.025560897435897435,0.9304166666666667,0.6338449113642612,0.9136039886039885,0.6296209881756757,0.9117872680149951,-0.060249525502131786,0.062226430976430956,-5.243390696019342,8.14757871819218,0.5965116279069768,2.8467253904476637,3.113949101823027,1.4584286487510438,3.985030928548705,26,14,4,4.067492874744774,2.160405328901281,3.985030928548705,0.7704500046751778,0.8976144238527931,0.6724444444444444
6,probe_strat,0.7432692307692308,0.49731663685152055,0.7303571428571428,0.5149501661129569,0.7878787878787878,0.5050505050505051,0.7408906882591093,0.4230769230769231,0.48717948717948717,0.8996138996138996,0.8996138996138996,0.0,0.7286593442821858,-0.016522184852758824,0.4345673076923077,0.8759855769230769,0.2906305903398927,0.7227638640429337,0.41245535714285714,0.8840178571428571,0.28729235880398674,0.7475498338870432,0.37207792207792206,0.9221861471861471,0.24734848484848487,0.8385101010101008,0.3319838056680162,0.9151821862348176,0.19586538461538464,0.7500961538461538,0.0,1.0,0.6317140997023809,0.9359073359073359,0.6377122043918919,0.9347597871254647,-0.07339768339768346,0.05750591856060614,0.1052034848530897,3.4269902808454926,0.7168604651162791,0.16413279102373732,-0.8983194314858294,-0.4109003841097503,1.9371823058788975,26,14,7,-1.5313661635831708,-0.26527269938848796,1.9371823058788975,0.8672969956255511,0.4513840415954548,0.6668368142578668
6,probe_strat_noinit,0.7134615384615385,0.5411449016100179,0.725,0.5514950166112956,0.7445887445887446,0.5303030303030303,0.6923076923076923,0.47692307692307695,0.3974358974358974,0.8857142857142857,0.9034749034749034,-0.01776061776061777,0.7600313161455055,-0.01262153060841309,0.4354567307692308,0.8807932692307692,0.3300313059033989,0.7514087656529517,0.4338392857142857,0.8946875,0.31391196013289036,0.7558554817275748,0.3721861471861472,0.9308441558441558,0.27765151515151515,0.8434343434343434,0.33178137651821865,0.9110323886639675,0.23067307692307695,0.7539423076923076,0.0,1.0,0.6663762686402006,0.9413243759663902,0.6899378399378399,0.9473714692135744,-0.06713482542139665,0.04710681401869442,0.23582687696057594,2.231165725692969,0.7569767441860465,0.4652499628493115,-0.9220942473290743,-0.7040164890112752,0.9741836742109955,26,14,7,-1.5713418943857074,-0.2728466002724412,0.9741836742109955,0.8735300544316779,0.5330338395731611,0.7483529784056101
6,probe_matched,0.45384615384615384,0.669051878354204,0.3892857142857143,0.7242524916943521,0.48917748917748916,0.702020202020202,0.3724696356275304,0.5884615384615385,0.6282051282051282,0.7969111969111969,0.7945945945945946,0.0023166023166023564,0.7328052376187583,-0.09022905541396649,0.26427884615384617,0.6741105769230769,0.47484347048300535,0.8193202146690519,0.2141517857142857,0.6339732142857142,0.5181063122923588,0.8554817275747508,0.1946969696969697,0.7965367965367965,0.4090909090909091,0.9090909090909091,0.145748987854251,0.6519230769230768,0.34615384615384615,0.8077884615384615,0.03571428571428571,0.96,0.5772944225537106,0.8874087527523086,0.5951243201243201,0.8881212755339919,-0.08880835240097464,0.057955276705276705,-4.9408931807597,6.771152924065769,0.6168604651162791,1.6538581688447647,1.464426456322634,0.43121627294710074,3.1210410848599586,26,14,4,1.4941054332253165,1.434747479419951,3.1210410848599586,0.7217413234849495,0.754933065886376,0.713111111111111
6,dom_regular,0.9711538461538461,0.9946332737030411,0.9732142857142857,1.0,0.9956709956709957,1.0,0.9635627530364372,0.9846153846153847,0.0,1.0,1.0,0.0,0.2615502331322542,-0.03532580288263432,0.8278846153846153,0.9884615384615385,0.8336314847942755,1.0,0.8410267857142857,0.9982142857142857,0.8039036544850499,1.0,0.8051948051948052,1.0,0.8180555555555556,1.0,0.7771255060728746,1.0,0.7883653846153846,1.0,0.0,0.05,1.0,1.0,1.0,1.0,0.0,0.0,0.18303751501395515,0.3464012635871214,1.0,0.5398636068626452,-0.14649993344999393,0.624531815950906,-0.034994984793721026,26,14,11,0.005869169262717929,-0.29886903616270577,-0.034994984793721026,0.26917415205754813,0.24630239528166648,
6,dom_regular_verberase,0.9490384615384615,0.7423971377459749,0.9482142857142857,0.7026578073089701,0.9696969696969697,0.803030303030303,0.951417004048583,0.7192307692307692,0.01282051282051282,0.9027027027027027,0.8162162162162162,0.08648648648648649,0.2302905946029085,0.013371838455529432,0.8480288461538461,0.9865384615384616,0.5034660107334527,0.9579830053667263,0.8338839285714286,0.9946875,0.42857142857142855,0.9568106312292359,0.7922077922077922,1.0,0.464520202020202,0.9950757575757574,0.805668016194332,1.0,0.4228846153846154,0.9384615384615385,0.0,0.1787545787545787,0.7444860253983084,0.9606768822481994,0.6537639319661349,0.9021040482954545,0.02320973587994138,0.15309304343747074,0.14700323367308157,0.32697959537121,0.9930232558139535,0.22606813841995335,-0.5454881570645018,0.42376239738330135,-0.2482591261419233,26,14,11,-0.521629143750999,-0.5693471703780048,-0.2482591261419233,0.23791837273086233,0.21503503834700083,
6,dom_regular_rank2,0.9394230769230769,0.6010733452593918,0.9375,0.5697674418604651,0.9696969696969697,0.6717171717171717,0.9433198380566802,0.5269230769230769,0.07692307692307693,0.918918918918919,0.78996138996139,0.128957528957529,0.2787777117633494,0.005573778912035914,0.8268990384615384,0.9807692307692307,0.3961762075134168,0.8578488372093023,0.8016517857142857,0.9910714285714286,0.33696013289036547,0.8606312292358802,0.8095238095238095,1.0,0.35858585858585856,0.9343434343434344,0.7407894736842106,1.0,0.2960576923076923,0.8076923076923077,0.0,0.37037037037037035,0.7368817007797271,0.9521235521235522,0.6284249226006192,0.8818577310569498,0.027798691548691475,0.1811303381001523,0.1690265692048708,0.42108037709558294,0.9813953488372092,0.09735702922695484,-0.6192219101422711,0.3452488987029483,-0.2917849295540702,26,14,11,-0.596103527045404,-0.6423402932391383,-0.2917849295540702,0.29563592673470807,0.2450612818206322,
7,adom_matched,0.7182692307692308,0.49016100178890876,0.6714285714285714,0.553156146179402,0.8831168831168831,0.4898989898989899,0.5708502024291497,0.4076923076923077,0.0641025641025641,0.8988416988416988,0.871042471042471,0.027799227799227832,0.5365592815546718,-0.08060589239274639,0.4336298076923077,0.8750240384615384,0.2709749552772809,0.7353085867620751,0.3588392857142857,0.8732589285714285,0.2740448504983389,0.7957641196013289,0.5107142857142858,0.987012987012987,0.18686868686868688,0.8233585858585857,0.21862348178137653,0.8948380566801618,0.19230769230769232,0.7346153846153847,0.0,0.82,0.6501208200124609,0.9396357132846641,0.6100075521950522,0.9221808615263571,-0.03491516228657257,0.12431910163129402,0.05334876213147423,2.3324103588667358,0.7122093023255814,0.18406011374955664,-2.0388680656251528,-0.6696876311549502,-1.5196663426735917,26,14,4,-1.768255797671239,-2.3094803335790663,-1.5196663426735917,0.5321012665876433,0.5454753114887282,0.6886666666666666
7,dom_matched,0.47884615384615387,0.684257602862254,0.4232142857142857,0.7475083056478405,0.5627705627705628,0.7474747474747475,0.3319838056680162,0.5653846153846154,0.7692307692307693,0.8378378378378378,0.8177606177606178,0.020077220077220015,0.5403463114340569,-0.20160321749582016,0.2798076923076923,0.7491105769230768,0.42652057245080505,0.8282647584973166,0.19995535714285714,0.7164285714285711,0.48164451827242527,0.8853820598006644,0.2553030303030303,0.9047619047619048,0.37866161616161614,0.9191919191919192,0.11730769230769231,0.6964574898785424,0.3269230769230769,0.8,0.03957692307692308,0.9615384615384616,0.6593459752321981,0.9359765624999999,0.6300389250389251,0.912013707013707,-0.030306771417882503,0.10987543375273925,0.11761599332801721,2.9625263545436678,0.6546511627906977,1.4034267539148524,2.066874891023093,0.3616509361828378,1.9402418121826828,26,14,4,2.3553656918650034,1.778384090181182,1.9402418121826828,0.4980445284777167,0.6249498773467372,0.7555555555555555
7,probe_strat,0.8346153846153846,0.4293381037567084,0.8214285714285714,0.45182724252491696,0.9004329004329005,0.42424242424242425,0.7894736842105263,0.4,0.5897435897435898,0.9544401544401544,0.9196911196911197,0.03474903474903468,0.5732014014965646,-0.03968952601038628,0.5288221153846154,0.9212499999999999,0.24145796064400715,0.7075805008944543,0.5160714285714286,0.9214732142857142,0.23750000000000002,0.7259551495016612,0.49772727272727274,0.987012987012987,0.19696969696969696,0.8484848484848485,0.41295546558704455,0.9354251012145748,0.14605769230769233,0.6885576923076923,0.07407407407407407,1.0,0.7506217573600386,0.9718788243006994,0.6483687536421912,0.950614829171084,-0.02501206563706555,0.1305206322393822,0.05223091190586187,1.5565430718860331,0.7843023255813953,-0.08927109805489905,-0.48524374209190874,-0.8353170037762242,1.3248728498511693,26,14,7,-0.8699600005058711,-0.10052748367794644,1.3248728498511693,0.685640299448862,0.3483236055919698,0.8234708741550847
7,probe_strat_noinit,0.8355769230769231,0.49821109123434704,0.825,0.5166112956810631,0.9090909090909091,0.5050505050505051,0.757085020242915,0.45384615384615384,0.5641025641025641,0.9397683397683397,0.9073359073359073,0.032432432432432434,0.49434240282597675,-0.03263804367558996,0.5682692307692307,0.9375240384615384,0.2745974955277281,0.7200805008944543,0.5606696428571428,0.9482142857142857,0.2690614617940199,0.7408637873754153,0.5974025974025974,1.0,0.2321969696969697,0.7981060606060605,0.4291497975708502,0.9473684210526315,0.17298076923076924,0.7348076923076922,0.037037037037037035,1.0,0.7800735722610722,0.9744751486044055,0.7098518955619664,0.9559717406015159,-0.017873677248677295,0.11998839009287919,0.09431062748860836,1.3319807525276965,0.8290697674418605,0.161632545680737,-0.24049743094606701,-0.8017465642572942,0.7885637452784063,26,14,7,-0.7590750556902578,0.27808019379812376,0.7885637452784063,0.5802434452092631,0.32254031805940414,0.8445478848636743
7,probe_matched,0.5884615384615385,0.610912343470483,0.525,0.6960132890365448,0.6796536796536796,0.6262626262626263,0.4534412955465587,0.5230769230769231,0.7435897435897436,0.8772200772200772,0.8301158301158301,0.0471042471042471,0.4646345879480621,-0.09956379500809075,0.34326923076923077,0.7721153846153846,0.40608228980322003,0.7817754919499106,0.25169642857142854,0.726830357142857,0.4833056478405316,0.8554817275747508,0.3246753246753247,0.9090909090909091,0.3383838383838384,0.8585858585858586,0.20242914979757085,0.7125506072874493,0.30374999999999996,0.7654807692307691,0.07407407407407407,1.0,0.6740954588397547,0.927064955894146,0.6170841528263403,0.8973146976407846,-0.034015444015444075,0.12267626350308632,-0.858346779250499,3.0533537426019643,0.6802325581395349,0.8614101515352596,1.3516444666164527,-0.3279592028537885,2.1309927871672656,26,14,4,1.0856413816039812,1.6176475516289242,2.1309927871672656,0.4546062492869902,0.484691265270206,0.7451111111111111
7,dom_regular,0.9913461538461539,0.9821109123434705,0.9928571428571429,0.9883720930232558,1.0,0.9747474747474747,0.9838056680161943,0.9846153846153847,0.0,1.0,1.0,0.0,0.22570814711157344,-0.04365250663381669,0.8662500000000001,1.0,0.7915921288014311,1.0,0.8749107142857143,1.0,0.7441029900332226,1.0,0.8701298701298701,1.0,0.7171717171717171,1.0,0.7813765182186235,1.0,0.7614423076923077,1.0,0.0,0.10405219780219749,1.0,1.0,1.0,1.0,0.0,0.0,0.15312263038016896,0.3026377098292538,1.0,0.45481432332744876,-0.1454358495892825,0.5313454540511842,-0.019443688182066442,26,14,11,0.011171556939368936,-0.3020432561179339,-0.019443688182066442,0.2350333240529406,0.20705779322883916,
7,dom_regular_verberase,0.9788461538461538,0.776386404293381,0.9785714285714285,0.7325581395348837,0.9913419913419913,0.7828282828282829,0.97165991902834,0.7576923076923077,0.02564102564102564,0.9181467181467181,0.8362934362934363,0.08185328185328178,0.20807720898686896,-0.001827479136561484,0.9009375000000001,0.9990384615384615,0.5035107334525939,0.9472719141323792,0.8964285714285715,1.0,0.4252076411960133,0.9585132890365449,0.8656926406926407,1.0,0.4746212121212121,0.98989898989899,0.8340080971659919,1.0,0.4423076923076923,0.95,0.0,0.2962962962962963,0.8049469088622291,0.9665592610041729,0.6904549977885891,0.9143884135413934,0.022022628536243236,0.15618139600337747,0.12393621469850888,0.30956998277077,0.9994186046511628,0.21956134095788463,-0.382010021806093,0.38909521951311615,-0.1065227112457447,26,14,11,-0.28409237444118407,-0.4799276691710019,-0.1065227112457447,0.2178384669192647,0.18855469312207754,
7,dom_regular_rank2,0.9740384615384615,0.6216457960644007,0.975,0.5913621262458472,0.9956709956709957,0.6818181818181818,0.9595141700404858,0.5346153846153846,0.08974358974358974,0.9366795366795366,0.8525096525096525,0.08416988416988413,0.23751358267291375,-0.011603783835565228,0.8576923076923076,0.9961538461538462,0.3764758497316637,0.8327817531305902,0.8659375,1.0,0.3421511627906977,0.8604651162790697,0.8743506493506494,1.0,0.36856060606060603,0.9545454545454546,0.7691295546558705,1.0,0.28846153846153844,0.7731730769230769,0.0,0.5251121794871795,0.8003018575851394,0.9734436677631578,0.702265625,0.92183845780982,0.024694839694839713,0.15325077399380804,0.12412906989961532,0.36281333278975086,0.9906976744186047,0.08641017472614468,-0.45347444471443543,0.2623837100633945,-0.1218511539353022,26,14,11,-0.31686571262019386,-0.590083176808677,-0.1218511539353022,0.2519564510185782,0.20862784598158504,
8,adom_matched,0.6278846153846154,0.6261180679785331,0.6107142857142858,0.6511627906976745,0.8138528138528138,0.6565656565656566,0.4251012145748988,0.5538461538461539,0.11538461538461539,0.8725868725868726,0.8826254826254826,-0.010038610038609952,0.5877295497719907,-0.1394492644316151,0.3711298076923077,0.8365865384615384,0.33987030411449015,0.7936046511627906,0.3552232142857143,0.8520089285714283,0.3321843853820598,0.8255813953488372,0.38506493506493505,0.9653679653679653,0.29797979797979796,0.9141414141414141,0.1700404858299595,0.8543522267206476,0.2575961538461538,0.7732692307692306,0.0,0.8571428571428571,0.6687493967181467,0.9563857886904762,0.6821592371592372,0.9559581081179832,-0.07805418979247108,0.06795891607038361,0.11423755479934188,2.3690138421395783,0.7058139534883721,0.6830044523434811,-0.7856333548637046,-0.09277439757866446,-0.6757426398653057,26,14,4,-0.23425871286206168,-1.3370079968653474,-0.6757426398653057,0.5436886916649708,0.6758112659860307,0.8286666666666667
8,dom_matched,0.4394230769230769,0.7146690518783542,0.40714285714285714,0.7541528239202658,0.48917748917748916,0.7626262626262627,0.3117408906882591,0.6230769230769231,0.7435897435897436,0.8131274131274131,0.8262548262548263,-0.013127413127413168,0.6106763634816201,-0.25344650716342265,0.2490144230769231,0.7375,0.49364937388193203,0.8425760286225402,0.20691964285714287,0.6929464285714285,0.5047757475083057,0.8787375415282392,0.22056277056277057,0.8485930735930736,0.4797979797979798,0.9395202020202019,0.10526315789473684,0.6600202429149796,0.3730769230769231,0.8308653846153846,0.07493055555555556,0.9629629629629629,0.639776172178516,0.922233360064154,0.6586458584700772,0.9297423004399749,-0.08004202178030306,0.048810975609756,-0.6745634515362201,3.578207807020265,0.6453488372093024,1.7463363156625262,2.7422449394281094,0.7680797978161976,2.8345141084138494,26,14,4,3.3817197951418057,2.102770083714413,2.8345141084138494,0.5534355221403887,0.725158046164083,0.8282222222222222
8,probe_strat,0.7961538461538461,0.49105545617173524,0.7517857142857143,0.5182724252491694,0.8701298701298701,0.5252525252525253,0.7530364372469636,0.45,0.6025641025641025,0.9335907335907336,0.9258687258687258,0.007722007722007818,0.6841170813521571,-0.045217242632890654,0.5076442307692307,0.8913701923076923,0.3067978533094812,0.6976744186046512,0.45352678571428573,0.8929910714285714,0.2955980066445183,0.7591362126245847,0.48917748917748916,0.9696969696969697,0.25252525252525254,0.8282828282828283,0.3684210526315789,0.8948380566801618,0.18836538461538463,0.7307692307692307,0.18375925925925926,1.0,0.7474756894222838,0.967195119001548,0.7018962848297213,0.9646251012917679,-0.054068287037037054,0.09602015863227512,0.16387347723883874,1.9705064834115593,0.8034883720930233,0.10775481396131337,-0.319860754549647,-0.6248882001929368,1.435524275021795,26,14,7,-0.40774890549136017,-0.23197260360793384,1.435524275021795,0.8089913107075647,0.43436862264134285,0.9267486645907699
8,probe_strat_noinit,0.7884615384615384,0.5304114490161002,0.7642857142857142,0.5631229235880398,0.8744588744588745,0.5353535353535354,0.7125506072874493,0.5269230769230769,0.5641025641025641,0.9173745173745174,0.9173745173745174,0.0,0.6569398047920163,-0.04330991057986984,0.5518990384615385,0.9067548076923077,0.3300313059033989,0.7211762075134165,0.5284375,0.9017857142857143,0.31889534883720927,0.7625000000000001,0.5497835497835498,0.9913419913419913,0.2777777777777778,0.8082070707070705,0.3765182186234818,0.902834008097166,0.22298076923076926,0.7808653846153846,0.08621794871794874,0.9814814814814815,0.7684325396825397,0.9722526041666666,0.7504872724338669,0.9695563271604938,-0.050175669740887205,0.07198142414860687,0.2546923689876713,1.4371200993823172,0.8087209302325581,0.2311643676861992,-0.007711627199440241,-0.7482772902184888,0.7692444250476923,26,14,7,-0.3669792919967725,0.351556037597892,0.7692444250476923,0.7143691130696745,0.5420811882366994,0.9253675603149286
8,probe_matched,0.6057692307692307,0.6198568872987478,0.5535714285714286,0.6843853820598007,0.6926406926406926,0.6414141414141414,0.46558704453441296,0.5653846153846154,0.8076923076923077,0.8795366795366796,0.9181467181467181,-0.03861003861003853,0.6916935022992793,-0.10645189808269902,0.36728365384615386,0.7865624999999999,0.38812611806797853,0.7907871198568872,0.3160267857142857,0.7715178571428571,0.43675249169435215,0.8372508305647841,0.30303030303030304,0.9308441558441558,0.32323232323232326,0.8888888888888888,0.21052631578947367,0.7207489878542509,0.3114423076923077,0.7962499999999999,0.11378205128205128,1.0,0.6853053703053703,0.9478815876369541,0.7083198051948052,0.9665941265941266,-0.09481351981351986,0.0404874517374517,0.16736457843425934,3.2785540721912168,0.7069767441860465,0.8174391032808483,1.1737385145839294,-0.14697542257257443,2.6659311059712096,26,14,4,1.152916147170012,1.1945608819978468,2.6659311059712096,0.6826201153184063,0.7098402762610252,0.8233333333333335
8,dom_regular,0.9875,0.9722719141323792,0.9892857142857143,0.9750830564784053,1.0,0.9545454545454546,0.9838056680161943,0.9807692307692307,0.0,1.0,1.0,0.0,0.23766267568330782,-0.034088684645819566,0.82,1.0,0.7012298747763864,1.0,0.8517410714285714,1.0,0.6527408637873754,1.0,0.8614718614718615,1.0,0.6410353535353536,1.0,0.7368421052631579,1.0,0.6960576923076923,1.0,0.0,0.07407407407407407,0.9992277992277993,1.0,0.9984518620354533,1.0,0.0,0.0,0.15496260734983924,0.32710013309587466,1.0,0.4400047124297316,-0.22752470393498295,0.5182942795692393,-0.12082214069058878,26,14,11,-0.10356284104114864,-0.35148656682881724,-0.12082214069058878,0.2413943232682776,0.23019938051336827,
8,dom_regular_verberase,0.9778846153846154,0.776386404293381,0.9803571428571428,0.7342192691029901,0.9913419913419913,0.7727272727272727,0.9676113360323887,0.7615384615384615,0.01282051282051282,0.9065637065637066,0.7667953667953668,0.1397683397683398,0.22857115527292712,0.01638869891997953,0.8817307692307692,0.9980769230769231,0.49908318425760284,0.9508050089445438,0.8964285714285715,1.0,0.43683554817275744,0.9617940199335548,0.8743506493506494,1.0,0.4241161616161616,0.98989898989899,0.8541497975708502,1.0,0.45,0.9615384615384616,0.0,0.25,0.7507689519044333,0.9620743034055728,0.5629042137375471,0.8633204633204633,0.05635135135135129,0.24561279988524565,0.15338582625319022,0.32296791129859886,0.997093023255814,0.22343347309400388,-0.4421064943175545,0.39791354080186814,-0.16495287390264315,26,14,11,-0.40917728039096146,-0.47503570824414754,-0.16495287390264315,0.21637722597867723,0.25295901386142683,
8,dom_regular_rank2,0.9740384615384615,0.5456171735241503,0.9821428571428571,0.526578073089701,1.0,0.5505050505050505,0.951417004048583,0.4576923076923077,0.05128205128205128,0.9104247104247104,0.8154440154440155,0.09498069498069495,0.2767680822746323,-0.002311875370866148,0.8585336538461538,0.9971153846153846,0.3076475849731664,0.8193425760286226,0.8445982142857142,1.0,0.29069767441860467,0.842234219269103,0.8873376623376624,1.0,0.25252525252525254,0.9041666666666666,0.7326923076923078,1.0,0.2614423076923077,0.7615384615384615,0.0,0.5714285714285714,0.7412166511694442,0.9566588569994143,0.6033874052624053,0.8839164769440465,0.010420098716857557,0.20063299502717288,0.16781748716413333,0.42254966669327637,0.9843023255813953,0.023549885791685987,-0.5805116945125308,0.20684304978555998,-0.23038286388467094,26,14,11,-0.4887250631233879,-0.6722983259016738,-0.23038286388467094,0.2694167512765226,0.2914707442708516,
9,adom_matched,0.75,0.5652951699463328,0.7446428571428572,0.5681063122923588,0.935064935064935,0.5909090909090909,0.6194331983805668,0.5230769230769231,0.15384615384615385,0.8718146718146718,0.8911196911196911,-0.019305019305019377,0.42726290541517936,-0.15471294490754597,0.4971153846153846,0.9155048076923076,0.2941860465116279,0.7647808586762075,0.49464285714285716,0.9339732142857142,0.27886212624584716,0.7924003322259137,0.6103896103896104,1.0,0.25252525252525254,0.8737373737373737,0.2834008097165992,0.9109311740890689,0.25375,0.7730769230769231,0.0,0.9490064102564102,0.6728066378066379,0.9661808287437713,0.6697167551231018,0.9668096318096319,-0.07663282924505835,0.07325231481481474,0.08793078833837659,1.0700446240633525,0.7726744186046511,0.29553881618553857,-0.5357114947065024,-0.1668054735493453,-0.3590504678770714,26,14,4,-0.10743777281363129,-0.9639852165993734,-0.3590504678770714,0.3491880214732442,0.5834126732990497,0.8533333333333333
9,dom_matched,0.5230769230769231,0.7012522361359571,0.5142857142857142,0.7259136212624585,0.6060606060606061,0.7575757575757576,0.38866396761133604,0.6346153846153846,0.8076923076923077,0.7969111969111969,0.8332046332046332,-0.03629343629343629,0.4638634510220028,-0.28091940120515596,0.34509615384615383,0.778028846153846,0.4703488372093023,0.8300536672629696,0.29808035714285713,0.7750892857142857,0.4485049833887043,0.8621677740863788,0.3028138528138528,0.9265151515151515,0.4494949494949495,0.9292929292929293,0.17408906882591094,0.740991902834008,0.38461538461538464,0.8153846153846154,0.12834757834757834,1.0,0.6308687258687259,0.9135119047619047,0.6663929191468254,0.9331431943351691,-0.09493410302717581,0.04016068016068014,0.10734311931989844,1.5740424370107093,0.7017441860465117,1.1107340156910432,2.0854277698834247,0.41034721812554004,2.2766156957820023,26,14,4,2.5702491472647515,1.6006063925020977,2.2766156957820023,0.345914386676651,0.6997615797127066,0.8337777777777777
9,probe_strat,0.8730769230769231,0.4660107334525939,0.8803571428571428,0.4435215946843854,0.9956709956709957,0.4444444444444444,0.7854251012145749,0.4576923076923077,0.6666666666666666,0.8725868725868726,0.8980694980694981,-0.025482625482625476,0.49435957675895104,-0.0521970310697424,0.6066826923076922,0.9509615384615384,0.271824686940966,0.6529516994633273,0.6067410714285714,0.9714732142857142,0.2208887043189369,0.6794435215946844,0.64491341991342,1.0,0.2018939393939394,0.7324494949494949,0.45738866396761135,0.9595141700404858,0.2076923076923077,0.7115384615384616,0.3001923076923077,1.0,0.7360649766899767,0.9490462540462541,0.7061462274968466,0.9620764998744875,-0.07946678048172934,0.07793209876543206,0.13033970628910335,1.203992899963186,0.8755813953488372,-0.03283198979936942,0.0804215709078845,-0.2740110954352821,1.6925956557652917,26,14,7,0.14725709347249144,0.01358604834327756,1.6925956557652917,0.5043649940858983,0.4743487421050566,0.9572923217133743
9,probe_strat_noinit,0.8923076923076924,0.4847942754919499,0.8982142857142857,0.4368770764119601,0.9913419913419913,0.45454545454545453,0.854251012145749,0.5,0.7564102564102564,0.8911196911196911,0.8810810810810811,0.010038610038610063,0.47522391229152267,-0.055057307858663015,0.6691586538461538,0.9692548076923077,0.27546958855098386,0.6619856887298747,0.6875,0.9839285714285714,0.23588039867109634,0.6727990033222592,0.7012987012987013,1.0,0.20681818181818185,0.7376262626262624,0.5182186234817814,0.9757085020242915,0.1691346153846154,0.74625,0.23076923076923078,1.0,0.7545934461457499,0.9566573398447296,0.7260763888888888,0.9629430351110039,-0.05574363173434378,0.08090979236812568,0.20134770999412416,1.004987244317386,0.9017441860465116,0.03406691061215164,0.19467092445699813,-0.3456647111818039,1.1519011552483343,26,14,7,0.20334235578345888,0.1859994931305374,1.1519011552483343,0.4629485075776382,0.49977472171929166,0.953822738664844
9,probe_matched,0.7192307692307692,0.5456171735241503,0.7125,0.5614617940199336,0.8917748917748918,0.5454545454545454,0.5506072874493927,0.5192307692307693,0.8589743589743589,0.8795366795366796,0.9305019305019305,-0.05096525096525095,0.5244126401408149,-0.11612987464812678,0.45858173076923076,0.8567548076923076,0.3702593917710197,0.7406529516994632,0.42316964285714287,0.85,0.35705980066445187,0.7956810631229236,0.46320346320346323,0.9913419913419913,0.24242424242424243,0.8435606060606059,0.2671052631578948,0.789574898785425,0.3114423076923077,0.7693269230769231,0.16033333333333333,1.0,0.6670555259869487,0.9526075382306032,0.6884141335960221,0.9753058924430216,-0.11033549783549784,0.04958620500270773,0.09634236749124322,1.474327792653484,0.7622093023255814,0.37318054141682705,0.9600456647898364,-0.07995356409543286,1.9399644483464267,26,14,4,1.1779479604157537,0.7421433691639192,1.9399644483464267,0.47182103887015325,0.6295958426821381,0.8688888888888888
9,dom_regular,1.0,0.9320214669051878,1.0,0.9086378737541528,1.0,0.9040404040404041,1.0,0.95,0.0641025641025641,1.0,1.0,0.0,0.26042998226991626,-0.024971095998594314,0.9538221153846155,1.0,0.6734347048300537,0.9946332737030411,0.9642857142857143,1.0,0.5862956810631229,0.9950166112956811,0.935064935064935,1.0,0.6311868686868687,1.0,0.9595141700404858,1.0,0.6346153846153846,1.0,0.0,0.473703703703704,0.9976391386609719,1.0,0.999212595282373,1.0,-0.001588203463203458,0.0,0.1786904506978408,0.36287224877077184,1.0,0.31962295283579467,-0.0856440223716606,0.38867163295664425,0.08975659248828327,26,14,11,0.06497453666167442,-0.23626258140499565,0.08975659248828327,0.2585713590023157,0.26414722880511726,
9,dom_regular_verberase,0.9951923076923077,0.8237924865831843,0.9946428571428572,0.7740863787375415,0.9956709956709957,0.8333333333333334,0.9959514170040485,0.8115384615384615,0.07692307692307693,0.9266409266409267,0.745945945945946,0.1806949806949807,0.25293764570916893,0.023398392443153893,0.9393990384615385,1.0,0.5563282647584973,0.9749776386404293,0.9339285714285714,1.0,0.4833471760797342,0.978405315614618,0.9307359307359307,1.0,0.5150252525252526,1.0,0.951417004048583,1.0,0.4922115384615385,0.9923076923076923,0.0,0.5429999999999996,0.8147617819057447,0.9744618285910855,0.5812368683510638,0.8466965326340326,0.08157091750841741,0.2828850446428571,0.16867022772828655,0.3501430063845286,1.0,0.2323282082748881,-0.23959382772487137,0.37540262522340795,0.12687875071940236,26,14,11,-0.10609927532019928,-0.3730883801295435,0.12687875071940236,0.24510365145998433,0.26860563420753814,
9,dom_regular_rank2,0.9942307692307693,0.575134168157424,0.9964285714285714,0.5382059800664452,1.0,0.6212121212121212,0.9878542510121457,0.4807692307692308,0.2692307692307692,0.9065637065637066,0.7737451737451737,0.13281853281853284,0.3112777789546667,0.00429913550795874,0.9432451923076923,1.0,0.3728309481216458,0.8104203935599283,0.9570982142857143,1.0,0.3038621262458472,0.8090531561461793,0.948051948051948,1.0,0.3282828282828283,0.9141414141414141,0.9109311740890689,1.0,0.2692307692307692,0.7692307692307693,0.0,0.8169047619047617,0.7574672654020481,0.9567044500551323,0.6187935303988832,0.8796911972736625,0.03241804741804742,0.20358014233788227,0.20090625800010212,0.4324905085061742,0.9976744186046511,0.04524301389038066,-0.25795533174762864,0.19234023210451912,0.09281850233820775,26,14,11,-0.09341481081627084,-0.42249585267898637,0.09281850233820775,0.2926772126074769,0.3484789116490462,
10,adom_matched,0.7663461538461539,0.5053667262969589,0.7625,0.5033222591362126,0.9090909090909091,0.5454545454545454,0.6558704453441295,0.4576923076923077,0.07692307692307693,0.8764478764478765,0.8918918918918919,-0.015444015444015413,0.40008925403611006,-0.15783563766117012,0.5018990384615385,0.8981009615384615,0.28799194991055455,0.7674418604651163,0.4945982142857143,0.9160714285714285,0.2739202657807309,0.7807308970099668,0.5281385281385281,0.987012987012987,0.24242424242424243,0.8890151515151513,0.28329959514170044,0.9109311740890689,0.19230769230769232,0.7731730769230769,0.0,0.8974358974358975,0.6315901764860098,0.946722068050193,0.6230969930969931,0.949034749034749,-0.080477233270202,0.08522869793250226,0.04743074659518317,1.0098814994792507,0.7662790697674419,0.22759211981448518,-1.3525961537579911,-0.6112828688931402,-0.8679945883869032,26,14,4,-0.8482179406329662,-1.856974366883016,-0.8679945883869032,0.305445493326449,0.589376775455432,0.7682222222222223
10,dom_matched,0.5480769230769231,0.6636851520572451,0.5303571428571429,0.686046511627907,0.6060606060606061,0.7878787878787878,0.44534412955465585,0.5884615384615385,0.8076923076923077,0.806949806949807,0.8393822393822394,-0.032432432432432434,0.459243724162661,-0.286329304588974,0.3258173076923077,0.7971394230769231,0.40605992844364935,0.8148479427549195,0.29102678571428575,0.7875,0.4003322259136213,0.8621677740863788,0.3072510822510822,0.9134199134199135,0.398989898989899,0.9343434343434344,0.1901821862348178,0.7856275303643723,0.3153846153846154,0.8115384615384615,0.07471509971509972,1.0,0.6076876876876877,0.9040247678018576,0.6052836052836053,0.9187353568739017,-0.08262529061112855,0.0641114412403475,0.07403069956500698,1.645604341806515,0.7034883720930233,0.9996234393008981,1.705463997036235,0.023612013140079807,2.5016983933069232,26,14,4,2.1153881885421884,1.2955398055302818,2.5016983933069232,0.31770175025999314,0.7423276719679964,0.8497777777777777
10,probe_strat,0.8557692307692307,0.41323792486583183,0.8767857142857143,0.38870431893687707,0.9523809523809523,0.3787878787878788,0.8097165991902834,0.41923076923076924,0.5897435897435898,0.844015444015444,0.766023166023166,0.07799227799227804,0.49171129583445294,-0.057950792580250314,0.5586538461538462,0.9404086538461538,0.23255813953488372,0.6413461538461539,0.5553125,0.9642857142857143,0.16943521594684385,0.6411960132890365,0.5366883116883118,1.0,0.1414141414141414,0.7172979797979796,0.4331983805668016,0.9595141700404858,0.1691346153846154,0.6962499999999999,0.19212962962962965,1.0,0.638090798090798,0.9334531235493545,0.562462364024864,0.8882116491491491,-0.03416390240306648,0.16032186948853613,0.001726817503777515,1.4230186549842139,0.8191860465116279,-0.10356345129683002,-0.6360599478042059,-0.8923093314853077,1.7166074473448798,26,14,7,-0.6708982819159403,-0.6012216136924717,1.7166074473448798,0.41779417401162355,0.6395455394801114,0.9272075137338296
10,probe_strat_noinit,0.8673076923076923,0.4597495527728086,0.8982142857142857,0.41029900332225916,0.961038961038961,0.46464646464646464,0.8502024291497976,0.46153846153846156,0.6538461538461539,0.850965250965251,0.7992277992277992,0.05173745173745181,0.514055093305371,-0.058088246425121864,0.5999038461538462,0.9500240384615384,0.26744186046511625,0.6637075134168158,0.6141071428571429,0.975,0.20930232558139536,0.6695598006644518,0.566991341991342,1.0,0.1816919191919192,0.74760101010101,0.4777327935222672,0.9676113360323887,0.18846153846153846,0.7424038461538461,0.18259259259259258,1.0,0.6903724070906734,0.9347381219603441,0.6238221846348782,0.9075429515686131,-0.034753324753324794,0.1389131701631702,0.17393239352488293,1.195129348517205,0.8569767441860465,0.08665239445584236,-0.06002367343834524,-0.9253147421960727,1.3501388013499092,26,14,7,0.08727024637952123,-0.2073175932562117,1.3501388013499092,0.4103496947727535,0.7214658903706058,0.9342837902837904
10,probe_matched,0.6673076923076923,0.518783542039356,0.6589285714285714,0.5282392026578073,0.8138528138528138,0.5505050505050505,0.5141700404858299,0.47307692307692306,0.8205128205128205,0.8386100386100386,0.8803088803088803,-0.04169884169884175,0.36476898166306665,-0.13668214335933318,0.4124038461538461,0.8154086538461538,0.342531305903399,0.7290474060822897,0.37129464285714286,0.8232142857142857,0.34049003322259136,0.7624584717607974,0.41114718614718615,0.9653679653679653,0.24242424242424243,0.8484848484848485,0.2631578947368421,0.7732793522267206,0.2846153846153846,0.7461538461538462,0.14797008547008547,1.0,0.6296667631172839,0.9261849261849262,0.616640625,0.9425108225108225,-0.09454798448564129,0.09766340342078189,-0.4269875341272565,1.6147650733529804,0.702906976744186,0.38232841439102716,0.9703211299552341,-0.49151318564839713,2.026194715841746,26,14,4,1.380663071328263,0.5599791885822053,2.026194715841746,0.22767686617288563,0.6389532126434287,0.8522222222222222
10,dom_regular,0.9971153846153846,0.8783542039355993,0.9982142857142857,0.8521594684385382,1.0,0.8888888888888888,0.9959514170040485,0.8653846153846154,0.05128205128205128,1.0,1.0,0.0,0.2704618105339173,-0.017774850348733346,0.9384375,1.0,0.594767441860465,0.9803220035778175,0.9464285714285714,1.0,0.5248338870431893,0.9834302325581395,0.93495670995671,1.0,0.5907828282828284,1.0,0.93917004048583,1.0,0.5191346153846155,0.9923076923076923,0.0,0.49239130434782563,0.9937488935877262,1.0,0.9984555984555985,1.0,-0.0061779647847759606,0.0,0.1866657987707931,0.36634134000277024,1.0,0.2929071439837514,-0.19559969257303314,0.3508734747444023,0.018778095999387068,26,14,11,-0.05634705810836004,-0.33485232703770623,0.018778095999387068,0.2626710356803737,0.2860433602410046,
10,dom_regular_verberase,0.9932692307692308,0.7164579606440071,0.9928571428571429,0.654485049833887,1.0,0.7525252525252525,0.9878542510121457,0.6692307692307692,0.05128205128205128,0.8926640926640926,0.7305019305019305,0.16216216216216217,0.2941725365239526,0.020641715961765086,0.9394230769230769,1.0,0.4892665474060823,0.898076923076923,0.9357142857142857,1.0,0.39368770764119604,0.900373754152824,0.9307359307359307,1.0,0.4643939393939394,0.9696969696969697,0.902834008097166,1.0,0.4191346153846154,0.8961538461538462,0.0,0.5387019230769229,0.7430103278864889,0.9533871533871534,0.5685787565200922,0.8433463111927412,0.056487610686527086,0.24092664092664096,0.21239497106409955,0.4080415223180901,1.0,0.17156998275973878,-0.31673184619944933,0.27172729992853284,-0.019671571273023776,26,14,11,-0.2047149250808383,-0.4287487673180604,-0.019671571273023776,0.2817284813481637,0.3190606468755304,
10,dom_regular_rank2,0.9903846153846154,0.4445438282647585,0.9910714285714286,0.41029900332225916,1.0,0.4898989898989899,0.9838056680161943,0.3769230769230769,0.2692307692307692,0.8393822393822394,0.7644787644787645,0.07490347490347493,0.35985019376394856,0.001183149486702298,0.9211298076923077,1.0,0.27278622540250447,0.7093246869409661,0.9321428571428572,1.0,0.22919435215946846,0.7209302325581395,0.9393939393939394,1.0,0.23737373737373738,0.8181818181818182,0.8906882591093117,1.0,0.1768269230769231,0.6731730769230769,0.0,0.8523809523809525,0.674864207418387,0.9096666148678533,0.5948282264026945,0.8693637766554433,-0.02032502605419279,0.14842537477954146,0.24164231811839196,0.5116649958427936,0.9895348837209302,-0.07971471013994622,-0.35632689921117056,0.04743328990052855,-0.11989177820861724,26,14,11,-0.20890837504013887,-0.5037454233822023,-0.11989177820861724,0.32823697128938883,0.42307663871306805,
11,adom_matched,0.7538461538461538,0.4677996422182469,0.7446428571428572,0.4684385382059801,0.8701298701298701,0.48484848484848486,0.659919028340081,0.4230769230769231,0.07692307692307693,0.8223938223938224,0.8501930501930502,-0.027799227799227832,0.4526176213133341,-0.17026072570217776,0.4807451923076923,0.8903846153846153,0.24148032200357783,0.738819320214669,0.47848214285714286,0.9018303571428571,0.22587209302325584,0.7708471760797342,0.5021645021645021,0.9783549783549783,0.21212121212121213,0.8636363636363636,0.30334008097165993,0.9029352226720646,0.19230769230769232,0.7540384615384613,0.0,0.8962912087912088,0.564744311018898,0.92189453125,0.560843535978985,0.9229543666404405,-0.11016069650835271,0.09560369318181824,0.055826945473990766,1.2952473323724243,0.7459302325581395,0.18012730307722716,-1.8502682569101132,-0.8309099070836328,-1.3366714595693805,26,14,4,-1.3111252080005698,-2.3894113058196567,-1.3366714595693805,0.30297983655229116,0.7518931908354198,0.7675555555555554
11,dom_matched,0.5298076923076923,0.6565295169946332,0.5142857142857142,0.6810631229235881,0.5497835497835498,0.797979797979798,0.44534412955465585,0.5884615384615385,0.8461538461538461,0.7498069498069498,0.7722007722007722,-0.02239382239382237,0.5064583772292842,-0.30822691144687053,0.3269230769230769,0.7644471153846153,0.4283989266547406,0.8014534883720931,0.2803125,0.7572321428571428,0.426827242524917,0.8472176079734219,0.3116883116883117,0.9004329004329005,0.37348484848484853,0.9343434343434344,0.20232793522267206,0.7571862348178137,0.3038461538461538,0.7884615384615384,0.08978205128205129,1.0,0.5278230468600695,0.8864256936617185,0.5233226932137129,0.8909663828108094,-0.10227450284090911,0.08654955874436403,-0.026711663097414014,2.019519944323978,0.6796511627906977,1.0974458674878327,2.2022460089915565,0.021620935332240594,3.017844232598309,26,14,4,2.486457551806153,1.9180344661769604,3.017844232598309,0.3253505578696646,0.8686740159485231,0.8553333333333333
11,probe_strat,0.8211538461538461,0.43917710196779963,0.8410714285714286,0.39368770764119604,0.8961038961038961,0.48484848484848486,0.7773279352226721,0.41923076923076924,0.6153846153846154,0.8393822393822394,0.722007722007722,0.11737451737451743,0.49793846017085963,-0.06034662026881829,0.517235576923077,0.9182692307692307,0.2458855098389982,0.6386627906976744,0.5035267857142857,0.95,0.17105481727574753,0.6478820598006645,0.4457792207792208,0.9783549783549783,0.1917929292929293,0.7525252525252525,0.420748987854251,0.9352226720647774,0.1691346153846154,0.7,0.2777777777777778,1.0,0.6013636363636363,0.9223288439955106,0.508895518895519,0.8586916088960996,-0.04878095975232199,0.22551039068741668,-0.0781960358575196,1.5124014392319447,0.7819767441860465,-0.08066706790039793,-0.5179152111042804,-1.1640680239666794,2.0512565031541894,26,14,7,-0.9131928738920202,-0.12263754831654064,2.0512565031541894,0.41645018613743623,0.6609150082377062,0.9047358801043013
11,probe_strat_noinit,0.8355769230769231,0.4561717352415027,0.8625,0.420265780730897,0.8917748917748918,0.5151515151515151,0.8178137651821862,0.43846153846153846,0.6410256410256411,0.8501930501930502,0.7891891891891892,0.061003861003861015,0.5012595566134337,-0.055930610055125,0.55,0.9413701923076923,0.25755813953488377,0.6726520572450805,0.5588839285714285,0.9625,0.20095514950166116,0.6911129568106311,0.45454545454545453,1.0,0.2220959595959596,0.8080808080808081,0.44534412955465585,0.9474696356275302,0.18067307692307694,0.7002884615384612,0.2221111111111111,1.0,0.6623354099374101,0.9397683397683397,0.5696255682314887,0.9040542962369588,-0.05407654171199063,0.18577825706071172,0.1105102312401115,1.285593455604873,0.8220930232558139,0.10153538042449288,-0.13258129161549487,-1.17053990719981,1.5952632042024821,26,14,7,-0.2014425165305385,-0.06372006670045126,1.5952632042024821,0.36229269294728345,0.779193283945734,0.9038769651401231
11,probe_matched,0.6480769230769231,0.5152057245080501,0.6339285714285714,0.5382059800664452,0.7489177489177489,0.5656565656565656,0.5263157894736842,0.46923076923076923,0.7692307692307693,0.806949806949807,0.7722007722007722,0.03474903474903479,0.33986720000962706,-0.1387200606837778,0.3951923076923077,0.798125,0.33266994633273705,0.721824686940966,0.3588839285714286,0.8035714285714286,0.3222176079734219,0.7657807308970099,0.3939393939393939,0.9307359307359307,0.25252525252525254,0.8284090909090908,0.2388663967611336,0.7652834008097165,0.2614423076923077,0.7347115384615385,0.12278985507246377,1.0,0.5641036911062973,0.9086792851111736,0.531599742169595,0.886956185191951,-0.09014069264069262,0.1507929369994158,-0.5811194587624241,2.1427205286773447,0.6744186046511628,0.4307460432590243,0.9670143847386049,-0.767668313652131,2.0449333355845356,26,14,4,1.131233530913578,0.8027952385636319,2.0449333355845356,0.12535812691947595,0.7688853461899294,0.8306666666666667
11,dom_regular,0.9942307692307693,0.8211091234347049,0.9946428571428572,0.7774086378737541,1.0,0.8383838383838383,0.9919028340080972,0.8,0.0641025641025641,1.0,1.0,0.0,0.31778392959323426,-0.01838316993744493,0.9163221153846154,1.0,0.5554561717352415,0.9579830053667263,0.9339285714285714,1.0,0.4733388704318937,0.9685215946843853,0.9090909090909091,1.0,0.49987373737373736,1.0,0.9108299595141701,1.0,0.48451923076923076,0.9769230769230769,0.0,0.44472222222222196,0.9821964134077137,1.0,0.9891885616266421,1.0,-0.013933241680919639,0.002405773857257376,0.22464215007873542,0.428299108132484,1.0,0.2549086748708055,-0.3068932763603974,0.3198746465650465,-0.08470760033474137,26,14,11,-0.13787022742701877,-0.47591632529377614,-0.08470760033474137,0.3013579777532109,0.3506358332732811,
11,dom_regular_verberase,0.9913461538461539,0.7075134168157424,0.9910714285714286,0.6511627906976745,1.0,0.7171717171717171,0.9878542510121457,0.6730769230769231,0.05128205128205128,0.8972972972972973,0.6393822393822394,0.257915057915058,0.35406225926355606,0.016254362955046814,0.9355288461538461,1.0,0.4820885509838998,0.897160107334526,0.9428571428571428,1.0,0.3885797342192691,0.900373754152824,0.922077922077922,1.0,0.4140151515151515,0.9494949494949495,0.9108299595141701,1.0,0.4269230769230769,0.8924038461538462,0.0,0.5674074074074076,0.737866889939585,0.9557345904869124,0.45691499255952384,0.7616245070432828,0.1354426468784054,0.3543158124954436,0.25402466694359965,0.48578270357745396,0.9982558139534884,0.16197244174525,-0.3951071669310182,0.24515894274722216,-0.059757794175664174,26,14,11,-0.24216653721913337,-0.548047796642903,-0.059757794175664174,0.345905906102018,0.370374965586632,
11,dom_regular_rank2,0.9875,0.4212880143112701,0.9910714285714286,0.38870431893687707,1.0,0.4393939393939394,0.979757085020243,0.38076923076923075,0.23076923076923078,0.8486486486486486,0.7166023166023165,0.1320463320463321,0.4246828688822595,-0.005364950205232635,0.9153605769230769,1.0,0.2584973166368515,0.6681574239713775,0.9213839285714285,1.0,0.21096345514950166,0.6512043189368771,0.9393939393939394,1.0,0.1919191919191919,0.7779040404040403,0.8785425101214575,1.0,0.1575,0.6538461538461539,0.0,0.8572344322344321,0.6586498888317773,0.9218653250773994,0.5205788535509898,0.8405980311532508,0.028311031049032622,0.21646422907651452,0.2863699747242841,0.6215540633311117,0.9883720930232558,-0.11601072587305017,-0.49367754990898316,0.01665363957292267,-0.18981291427969527,26,14,11,-0.2926838450254972,-0.6946712547924692,-0.18981291427969527,0.39409313885978753,0.48586232892720355,
12,adom_matched,0.7317307692307692,0.4892665474060823,0.7125,0.5033222591362126,0.8268398268398268,0.51010101010101,0.6396761133603239,0.45,0.05128205128205128,0.8254826254826255,0.8478764478764479,-0.02239382239382237,0.3981481908403671,-0.18170969069715345,0.4461538461538462,0.8808653846153846,0.24776386404293382,0.7629919499105545,0.4428125,0.9,0.2341777408637874,0.7874169435215947,0.462987012987013,0.9568181818181818,0.2220959595959596,0.8737373737373737,0.29554655870445345,0.8948380566801618,0.17692307692307693,0.7308653846153845,0.0,0.8518518518518519,0.566014001014001,0.9195211430901145,0.5749254941229764,0.9231081081081082,-0.11818245160636456,0.09761997767857142,-0.0018850555614812682,1.391654047710613,0.7430232558139535,0.22693745168180265,-1.8355059901541817,-0.7620812715173718,-1.4007617963932228,26,14,4,-1.3809840885947386,-2.2900278917136245,-1.4007617963932228,0.2612313231846298,0.6719819261518416,0.7699999999999999
12,dom_matched,0.5201923076923077,0.6601073345259392,0.4857142857142857,0.7043189368770764,0.5800865800865801,0.7676767676767676,0.42105263157894735,0.5961538461538461,0.8461538461538461,0.7513513513513513,0.7752895752895753,-0.02393822393822398,0.4121741841433969,-0.3274612517086116,0.3153365384615385,0.7548317307692307,0.420304114490161,0.8103980322003578,0.26245535714285717,0.7589732142857142,0.42188538205980064,0.8671511627906977,0.26406926406926406,0.8788961038961038,0.3787878787878788,0.9545454545454546,0.1862348178137652,0.7408906882591093,0.3423076923076923,0.8115384615384615,0.10038461538461539,1.0,0.5344861150201707,0.8648149451168027,0.5546777769830484,0.8875132722007721,-0.1133449716457529,0.0786145617667356,-0.12278240290786653,1.625339133572893,0.6726744186046512,1.1331657505892736,2.2347373097930396,0.09612204102957896,2.6939112429403496,26,14,4,2.5047639140225537,1.9647107055635256,2.6939112429403496,0.20259238530016602,0.8313377818298585,0.8337777777777777
12,probe_strat,0.7798076923076923,0.42486583184257604,0.8017857142857143,0.3704318936877076,0.8008658008658008,0.494949494949495,0.7854251012145749,0.38461538461538464,0.5897435897435898,0.7945945945945946,0.6926640926640927,0.1019305019305019,0.655495544717818,-0.06536424808916222,0.47884615384615387,0.8875721153846152,0.23338550983899822,0.6610017889087657,0.4766964285714286,0.9126339285714284,0.1926495016611296,0.6777408637873754,0.4025974025974026,0.9393939393939394,0.2017676767676768,0.797979797979798,0.3765182186234818,0.9149797570850202,0.14605769230769233,0.7039423076923077,0.23076923076923078,1.0,0.5698367548367549,0.8803406319853688,0.47231249466805436,0.8403186315460116,-0.10072523098021352,0.2182831465919701,-0.18329075251543325,2.2858241285080663,0.7232558139534884,-0.09374685022016391,-0.8514105443701319,-1.4491901490191765,2.139799075287628,26,14,7,-1.6111844660282095,-0.09163662271205414,2.139799075287628,0.6456220127419808,0.6752426086694923,0.8751013898382318
12,probe_strat_noinit,0.7951923076923076,0.462432915921288,0.8160714285714286,0.43023255813953487,0.8528138528138528,0.5656565656565656,0.7854251012145749,0.4076923076923077,0.5769230769230769,0.8293436293436294,0.7907335907335907,0.038610038610038644,0.526582653177808,-0.06558416218770435,0.5288221153846154,0.8952163461538462,0.26475849731663686,0.6817084078711985,0.5178125,0.9285714285714286,0.21586378737541528,0.7076827242524917,0.4675324675324675,0.974025974025974,0.21212121212121213,0.8233585858585857,0.41295546558704455,0.9271255060728745,0.16923076923076924,0.7153846153846154,0.20867307692307693,1.0,0.6478639502597835,0.912231240981241,0.5343371943371943,0.9015660071594428,-0.08826879400408813,0.21081081081081077,0.0328231239933227,1.5460167904040667,0.7825581395348837,0.14429928250348617,-0.27126552363815803,-1.2787091047462433,1.3494027833669298,26,14,7,-0.40569107518110314,-0.13683997209521287,1.3494027833669298,0.4109187099011235,0.7579105397311768,0.8789063568010936
12,probe_matched,0.6480769230769231,0.5035778175313059,0.6178571428571429,0.5398671096345515,0.7445887445887446,0.5656565656565656,0.5303643724696356,0.45384615384615384,0.7435897435897436,0.7853281853281854,0.7837837837837838,0.001544401544401608,0.18726787432684058,-0.1395238642937442,0.4009615384615385,0.7846153846153846,0.33179785330948125,0.725402504472272,0.33924107142857146,0.7732142857142857,0.3355066445182724,0.7874169435215947,0.37662337662337664,0.9264069264069265,0.25744949494949493,0.848611111111111,0.24281376518218623,0.7531376518218622,0.24990384615384617,0.7385576923076923,0.17839285714285716,1.0,0.5515663051215766,0.8911243075373511,0.5483875532120743,0.9001679317304317,-0.14862124459647685,0.1135467694256756,-1.1240741083943755,1.9982618624174648,0.6581395348837209,0.4295343738828019,0.967977038352982,-0.961658019460033,1.688706756687715,26,14,4,1.261378785811522,0.6745752908944419,1.688706756687715,-0.055893083326963744,0.6735897896344492,0.8226666666666667
12,dom_regular,0.9942307692307693,0.7978533094812165,0.9946428571428572,0.7308970099667774,1.0,0.8080808080808081,0.9959514170040485,0.7769230769230769,0.07692307692307693,0.9992277992277993,1.0,-0.0007722007722007485,0.3367678220249138,-0.01955069194583965,0.9057451923076923,1.0,0.5088998211091234,0.9553220035778175,0.9195982142857142,1.0,0.40693521594684384,0.9502491694352159,0.8961038961038961,1.0,0.4292929292929293,0.9848484848484849,0.890587044534413,1.0,0.4346153846153846,0.9539423076923077,0.0,0.5897628205128205,0.9673615056818182,1.0,0.9791273103622743,1.0,-0.019247661569233344,0.0054057191866789915,0.23742657800911374,0.4663434683033314,1.0,0.24130398299074535,-0.2736383741644716,0.2945879057905771,-0.04211834585007109,26,14,11,-0.08237502777472665,-0.4649017205542166,-0.04211834585007109,0.31862704111138135,0.3730493838519788,
12,dom_regular_verberase,0.9884615384615385,0.6627906976744186,0.9928571428571429,0.5647840531561462,1.0,0.6919191919191919,0.9878542510121457,0.5923076923076923,0.15384615384615385,0.9034749034749034,0.7011583011583011,0.2023166023166023,0.375006321194229,0.03462106729874037,0.9114903846153846,1.0,0.44798747763864044,0.8561940966010732,0.9410714285714286,1.0,0.3271594684385382,0.8388704318936877,0.8831168831168831,1.0,0.38863636363636367,0.9292929292929293,0.9068825910931174,1.0,0.3614423076923077,0.8576923076923076,0.0,0.6790714285714287,0.7513883526383527,0.9634824810606061,0.5204201039284406,0.8247239349956741,0.0803059698488728,0.3220189120189121,0.25940703128511067,0.5247870652626766,0.9965116279069768,0.1487642946724103,-0.39164182892576427,0.20453034213077184,-0.01579830405315259,26,14,11,-0.1877831816570909,-0.5955004761944377,-0.01579830405315259,0.3742853618391484,0.37644823990439014,
12,dom_regular_rank2,0.9846153846153847,0.40966010733452596,0.9928571428571429,0.34551495016611294,1.0,0.4595959595959596,0.9757085020242915,0.3576923076923077,0.34615384615384615,0.8355212355212355,0.7552123552123552,0.08030888030888028,0.44580005092214886,0.009967850438714792,0.9124759615384616,1.0,0.2360912343470483,0.6485241502683362,0.9285267857142857,1.0,0.1744186046511628,0.6163621262458471,0.9134199134199135,1.0,0.20707070707070707,0.7777777777777778,0.8663967611336032,1.0,0.1423076923076923,0.5885576923076923,0.0,0.8888888888888888,0.663181410053904,0.9063670734143175,0.5725653791321393,0.858724474993092,-0.03170484627006368,0.17260200996517028,0.2957925346379079,0.6686409925098137,0.9813953488372092,-0.13519286845256323,-0.4591547623010659,-0.02289781697593198,-0.11178790760000787,26,14,11,-0.19634806701570032,-0.7219614575864315,-0.11178790760000787,0.4188705315926614,0.49965908958112415,
13,adom_matched,0.7336538461538461,0.4677996422182469,0.7071428571428572,0.4950166112956811,0.8658008658008658,0.45454545454545453,0.6234817813765182,0.4576923076923077,0.0641025641025641,0.827027027027027,0.8471042471042471,-0.020077220077220126,0.4859054596060376,-0.20165111011138226,0.4740384615384615,0.8750480769230768,0.2638640429338104,0.7451028622540251,0.43924107142857144,0.8821428571428571,0.2689784053156146,0.792358803986711,0.5020562770562771,0.9741341991341991,0.18686868686868688,0.8688131313131312,0.27125506072874495,0.8624493927125505,0.19990384615384618,0.7385576923076923,0.0,0.8336666666666664,0.5298893229166667,0.9106565656565656,0.549469088622291,0.9273729222074468,-0.14440478704150578,0.09056836598142656,0.03642347677942822,1.8899342026246815,0.7290697674418605,0.17923590989624488,-1.9206495080965755,-0.7580413179270803,-1.1846273875558826,26,14,4,-1.367965181590255,-2.4733338346028964,-1.1846273875558826,0.406802731890928,0.6441109150362567,0.7675555555555554
13,dom_matched,0.5153846153846153,0.669051878354204,0.48214285714285715,0.7059800664451827,0.5800865800865801,0.7727272727272727,0.4048582995951417,0.6,0.8461538461538461,0.7606177606177607,0.7822393822393823,-0.021621621621621623,0.4420608040812807,-0.3335491214830421,0.3403125,0.7539182692307691,0.4141323792486583,0.8059257602862254,0.2606696428571429,0.7554910714285713,0.43849667774086376,0.8671511627906977,0.3029220779220779,0.8658008658008658,0.3787878787878788,0.9545454545454546,0.17813765182186234,0.7210526315789471,0.3384615384615385,0.8038461538461539,0.10625,1.0,0.5306915306915307,0.878160291988417,0.5640495662625419,0.889879402281746,-0.11256240287490292,0.0805033632963321,-0.0778493996941008,1.9146479617092802,0.6726744186046512,1.1388515862522075,2.1262808254889727,0.07599598110385915,2.790783058209223,26,14,4,2.425474201223853,1.8270874497540928,2.790783058209223,0.2801109408386642,0.7659605305665134,0.8337777777777777
13,probe_strat,0.7557692307692307,0.4409660107334526,0.7839285714285714,0.4053156146179402,0.8095238095238095,0.4797979797979798,0.708502024291498,0.46923076923076923,0.5769230769230769,0.7250965250965251,0.7111969111969112,0.013899613899613916,0.5517080356373097,-0.07067436836997136,0.48170673076923076,0.8750240384615384,0.2477191413237925,0.6654964221824687,0.47495535714285714,0.9000892857142857,0.19435215946843853,0.6944767441860464,0.42857142857142855,0.948268398268398,0.20202020202020202,0.7878787878787878,0.3560728744939271,0.898987854251012,0.1576923076923077,0.7270192307692307,0.2376923076923077,1.0,0.5201222862439323,0.8480101976976977,0.48242257742257744,0.8942277992277993,-0.22376653439153443,0.1633314386609907,-0.36901223361498936,2.371090141537285,0.711046511627907,-0.009893229507409684,-0.6747548588714393,-1.334157379245929,2.634221462686826,26,14,7,-1.1244262118796768,-0.22508350586320178,2.634221462686826,0.5017574371171418,0.6516092326776459,0.8896049213943951
13,probe_strat_noinit,0.7778846153846154,0.47048300536672627,0.7964285714285714,0.43853820598006643,0.8441558441558441,0.5505050505050505,0.7773279352226721,0.4461538461538462,0.5897435897435898,0.7768339768339768,0.8131274131274131,-0.03629343629343629,0.5275592259435468,-0.07166263019034735,0.49980769230769234,0.8903846153846153,0.2647361359570662,0.6762969588550983,0.48741071428571425,0.9107589285714285,0.23251661129568107,0.6894102990033223,0.47608225108225105,0.9654761904761904,0.21691919191919196,0.7882575757575754,0.4008097165991903,0.9191295546558703,0.1768269230769231,0.7384615384615385,0.1655,1.0,0.5757381351607495,0.8709440812565812,0.5765707504961716,0.9259670781893004,-0.20610099158615597,0.11567929185946488,0.03689985532967996,1.690355278582238,0.7691860465116279,0.21478966256056203,-0.3511567444899281,-1.3031657096390152,1.7866063655147344,26,14,7,-0.11334356068403685,-0.5889699282958194,1.7866063655147344,0.41512631514407206,0.7524250475424961,0.8838496240601504
13,probe_matched,0.6259615384615385,0.5035778175313059,0.5928571428571429,0.5581395348837209,0.7532467532467533,0.5303030303030303,0.4939271255060729,0.4653846153846154,0.7051282051282052,0.7374517374517374,0.8355212355212355,-0.09806949806949805,0.13367247290151824,-0.1430494201477343,0.3749759615384615,0.7568509615384614,0.33893112701252237,0.7325581395348837,0.3195982142857143,0.7517857142857143,0.34053156146179403,0.7807308970099668,0.3938311688311688,0.9134199134199135,0.24242424242424243,0.8435606060606059,0.1902834008097166,0.7247975708502022,0.30759615384615385,0.7461538461538462,0.14285714285714285,1.0,0.49138299851190476,0.8602682152682152,0.589780763182466,0.9274780770144644,-0.243828125,0.06095719080883469,-2.0901914067763094,2.536235346326575,0.641860465116279,0.5009809144460047,0.8236142513422093,-1.025943714036044,2.0852990159789457,26,14,4,1.331023198712521,0.3162053039718976,2.0852990159789457,-0.08275575388731048,0.5665289264791757,0.798
13,dom_regular,0.9971153846153846,0.7844364937388193,0.9964285714285714,0.7093023255813954,1.0,0.7777777777777778,0.9959514170040485,0.7884615384615384,0.10256410256410256,0.9992277992277993,1.0,-0.0007722007722007485,0.3542729901803505,-0.03133644809484572,0.9096153846153846,1.0,0.5079606440071557,0.9455500894454382,0.9177678571428571,1.0,0.400249169435216,0.941985049833887,0.9177489177489178,1.0,0.41906565656565653,0.9848484848484849,0.8946356275303644,1.0,0.45375,0.9653846153846154,0.0,0.6428571428571429,0.9713515867812742,1.0,0.9738079150579151,1.0,-0.016216216216216273,0.013935153831269398,0.2527820299135087,0.4824144650877223,1.0,0.22308868785850633,-0.24005888774045067,0.27647930184962194,-0.029722435873800624,26,14,11,-0.03430707286989033,-0.445810702611011,-0.029722435873800624,0.3459994385743007,0.37082009339245015,
13,dom_regular_verberase,0.9923076923076923,0.6502683363148479,0.9964285714285714,0.5498338870431894,0.9956709956709957,0.6616161616161617,0.9919028340080972,0.6153846153846154,0.15384615384615385,0.9583011583011583,0.6594594594594595,0.29884169884169876,0.38414137967997886,0.023782857104964656,0.9153605769230769,1.0,0.4418381037567084,0.8506261180679785,0.9375,1.0,0.3205564784053156,0.8289451827242525,0.9133116883116884,1.0,0.3484848484848485,0.9092171717171715,0.902834008097166,1.0,0.34221153846153846,0.8538461538461538,0.0,0.6161649944258641,0.8463081663081663,0.9922839506172839,0.45713403880070547,0.7875106424148607,0.1501505631713965,0.45534866034866034,0.2551963601214166,0.5407039782984933,1.0,0.13463385661029112,-0.36777784743847824,0.19026755175892227,-0.051422642735249456,26,14,11,-0.1572373516087928,-0.5783183432681637,-0.051422642735249456,0.389299807350253,0.37382452433943075,
13,dom_regular_rank2,0.9923076923076923,0.40518783542039355,0.9946428571428572,0.3388704318936877,1.0,0.42424242424242425,0.9878542510121457,0.3923076923076923,0.3333333333333333,0.8826254826254826,0.7096525096525097,0.17297297297297287,0.4547415329839922,-0.004131127358763337,0.9144230769230769,1.0,0.23521914132379249,0.6413685152057245,0.9267857142857143,1.0,0.1644518272425249,0.6180232558139535,0.922077922077922,1.0,0.1513888888888889,0.7373737373737373,0.8824898785425102,1.0,0.16923076923076924,0.6423076923076924,0.0,0.8579999999999999,0.7142304290137108,0.9440613566000563,0.5069156209781209,0.8239397441170159,0.041394259773166006,0.30117804492804495,0.2995735734080043,0.6790351583198182,0.986046511627907,-0.15128959355806124,-0.43297419141252264,-0.03894594508380842,-0.12735038308560875,26,14,11,-0.15305804367074596,-0.7128903391542993,-0.12735038308560875,0.4336875267367897,0.4968495454783972,
14,adom_matched,0.7221153846153846,0.4677996422182469,0.7017857142857142,0.4983388704318937,0.8268398268398268,0.4696969696969697,0.6234817813765182,0.4461538461538462,0.08974358974358974,0.7938223938223938,0.8447876447876448,-0.05096525096525095,0.4909328826103417,-0.22727396686812598,0.4633173076923077,0.8701923076923077,0.2494186046511628,0.7308586762075133,0.4375,0.8928571428571429,0.23903654485049836,0.760797342192691,0.5281385281385281,0.961038961038961,0.19684343434343435,0.8334595959595958,0.29554655870445345,0.8906882591093117,0.16923076923076924,0.7384615384615385,0.0,0.8500462962962962,0.5348633658008658,0.8889129294518751,0.594521864853896,0.9324386667620341,-0.1801655878871196,0.056067236518625406,-0.006298414091299161,1.8891036013270914,0.7052325581395349,0.1266646315045199,-2.117178453708825,-0.6983333647229658,-1.1553531645154018,26,14,4,-1.5862687691261472,-2.6480881382915036,-1.1553531645154018,0.41120138210807794,0.6503958836148691,0.7668888888888888
14,dom_matched,0.5326923076923077,0.6565295169946332,0.5035714285714286,0.6893687707641196,0.5974025974025974,0.7626262626262627,0.43724696356275305,0.5923076923076923,0.8205128205128205,0.738996138996139,0.7791505791505792,-0.04015444015444014,0.4525333976439389,-0.3410450468101164,0.34228365384615383,0.7615384615384615,0.39525939177101965,0.7997093023255814,0.29102678571428575,0.7571428571428571,0.4152823920265781,0.8455564784053157,0.3116883116883117,0.8832251082251081,0.37866161616161614,0.9292929292929293,0.17408906882591094,0.757085020242915,0.31153846153846154,0.8038461538461539,0.10833333333333334,0.9871794871794872,0.5327740407818533,0.8498953675037266,0.5656356846946605,0.8909138740778962,-0.14689529220779213,0.061925518581865374,-0.030128907089419083,1.9212763208900294,0.666860465116279,1.0778204561030775,1.9833314753197666,0.04950568262596167,2.7383034096052636,26,14,4,2.297333071319341,1.669329879320192,2.7383034096052636,0.29592658923319093,0.7657470144654347,0.8195555555555556
14,probe_strat,0.8105769230769231,0.3354203935599284,0.8375,0.3089700996677741,0.8831168831168831,0.35858585858585856,0.7692307692307693,0.3269230769230769,0.5897435897435898,0.6718146718146718,0.8077220077220078,-0.13590733590733595,0.589675964080864,-0.06516914182549256,0.5191346153846155,0.8875240384615384,0.20391323792486585,0.6342128801431126,0.5232142857142857,0.9107589285714285,0.1744186046511628,0.6345514950166113,0.5019480519480519,0.974025974025974,0.16161616161616163,0.752651515151515,0.4169028340080972,0.9069838056680161,0.1228846153846154,0.6500961538461538,0.22027777777777777,1.0,0.47262555803571427,0.8018697392608359,0.5545838506835169,0.9101569548165598,-0.3066216216216216,0.08263832263832264,-0.2737964828671175,2.996190908961964,0.7052325581395349,-0.46855815717879334,-1.116828996268844,-1.4734671209592383,1.8629724326099246,26,14,7,-1.9699807143775225,-0.26367727816016545,1.8629724326099246,0.5100789285970687,0.7488700350484551,0.874516290726817
14,probe_strat_noinit,0.7971153846153847,0.42397137745974955,0.8267857142857142,0.3853820598006645,0.8874458874458875,0.5151515151515151,0.7935222672064778,0.3423076923076923,0.5641025641025641,0.7312741312741313,0.8694980694980695,-0.1382239382239382,0.5769389373431602,-0.07137773054381862,0.55,0.9057932692307692,0.2190742397137746,0.6404740608228979,0.5356696428571428,0.9268303571428571,0.20261627906976745,0.6694352159468439,0.5367965367965368,0.9783549783549783,0.21199494949494951,0.7929292929292929,0.42904858299595144,0.9392712550607287,0.12692307692307692,0.6692307692307692,0.175,1.0,0.5421055161194913,0.8491142685144233,0.6089013326121164,0.9520123839009288,-0.2682746056723239,0.08115722865722853,0.0640428079828257,1.5329812922064856,0.7784883720930232,-0.0028607467500596285,-0.5797233696905768,-1.3063146117798095,1.2665926635197107,26,14,7,-0.5419592030114287,-0.6174875363697248,1.2665926635197107,0.4599805799741693,0.8108556520811417,0.8706930963773069
14,probe_matched,0.6519230769230769,0.49821109123434704,0.6214285714285714,0.5398671096345515,0.7965367965367965,0.601010101010101,0.5506072874493927,0.4346153846153846,0.6538461538461539,0.7258687258687259,0.9088803088803089,-0.18301158301158305,0.1652094728414763,-0.13294776916566498,0.38939903846153845,0.7856009615384615,0.32016994633273704,0.7164803220035778,0.3303125,0.7607589285714285,0.33222591362126247,0.7840946843853821,0.38517316017316017,0.9308441558441558,0.2523989898989899,0.8737373737373737,0.21852226720647774,0.7368421052631579,0.26913461538461536,0.7230769230769231,0.15384615384615385,1.0,0.5204161337365671,0.8500398212898213,0.6856848706848707,0.9644937794937795,-0.3007794744318182,0.0015932765151514653,-1.95217271712833,2.602513685463155,0.6534883720930232,0.3069505736400295,0.6054288228848665,-0.9928985212124357,1.6408060233759594,26,14,4,0.8998501299134607,0.3110075158562724,1.6408060233759594,-0.014744683809296628,0.5251177861430223,0.8084444444444443
14,dom_regular,0.9980769230769231,0.761180679785331,0.9982142857142857,0.6843853820598007,1.0,0.7575757575757576,0.9959514170040485,0.7615384615384615,0.14102564102564102,1.0,1.0,0.0,0.3707652598806394,-0.032876193749924336,0.9172596153846153,1.0,0.49103309481216456,0.9445438282647585,0.9285714285714286,1.0,0.3620016611295681,0.9286129568106313,0.9047619047619048,1.0,0.4089646464646465,0.9797979797979798,0.9109311740890689,1.0,0.4,0.9461538461538461,0.0,0.6791428571428566,0.9663773678812742,1.0,0.9559626510632703,1.0,-0.012385103716373098,0.02786377708978327,0.2594977273082153,0.49926415823670767,1.0,0.20086245031817773,-0.23077196039730996,0.2884567971414384,0.00810894478950453,26,14,11,-0.027787099691087173,-0.43375682110353275,0.00810894478950453,0.36319990736018337,0.3858959649215515,
14,dom_regular_verberase,0.9961538461538462,0.5787119856887298,0.9964285714285714,0.47840531561461797,1.0,0.6060606060606061,0.9959514170040485,0.5384615384615384,0.20512820512820512,0.9297297297297298,0.6146718146718146,0.31505791505791514,0.4006349818345908,0.015782178813938244,0.9220673076923077,1.0,0.38640429338103754,0.7951923076923078,0.9391964285714286,1.0,0.2972591362126246,0.7642441860465116,0.870021645021645,1.0,0.3079545454545454,0.8738636363636362,0.9109311740890689,1.0,0.31913461538461535,0.8115384615384615,0.0,0.7008333333333334,0.7979377104377104,0.9764061293489196,0.42000000000000004,0.7690533130907367,0.1714202008928572,0.45403545628777814,0.2840444800702182,0.5421030684424785,0.9982558139534884,0.07924547875870924,-0.3724188379597745,0.1686489262653693,-0.030129965621983043,26,14,11,-0.1535526958895025,-0.5912849800300465,-0.030129965621983043,0.4150578476572585,0.37178925018925557,
14,dom_regular_rank2,0.9865384615384616,0.36583184257602863,0.9946428571428572,0.2973421926910299,1.0,0.3838383838383838,0.97165991902834,0.34615384615384615,0.41025641025641024,0.857915057915058,0.6154440154440154,0.24247104247104256,0.4730334192619014,-0.011807674501568229,0.9038461538461539,1.0,0.2056797853309481,0.6207960644007154,0.925,1.0,0.15776578073089703,0.5582641196013288,0.9134199134199135,1.0,0.15151515151515152,0.7121212121212122,0.854251012145749,1.0,0.15375000000000003,0.6039423076923076,0.05128205128205128,0.9230769230769231,0.6579145498882341,0.924424210303931,0.40092839592839596,0.7770782670617273,0.07115607131087012,0.35336208834438565,0.30318309003774657,0.7179731714137939,0.9802325581395349,-0.22735290628798296,-0.4077410259302166,-0.050514130259727584,-0.08226429185570952,26,14,11,-0.13938816697662168,-0.6760938848838115,-0.08226429185570952,0.46501062969900564,0.48907899838769264,
15,adom_matched,0.7548076923076923,0.43559928443649376,0.7375,0.46511627906976744,0.8354978354978355,0.42424242424242425,0.6518218623481782,0.45384615384615384,0.10256410256410256,0.8084942084942085,0.8725868725868726,-0.06409266409266412,0.45637657875428467,-0.23042390308171384,0.4998798076923077,0.8769951923076922,0.2575357781753131,0.679025044722719,0.46602678571428574,0.8786160714285713,0.23920265780730898,0.7308970099667774,0.5281385281385281,0.9567099567099567,0.18181818181818182,0.8080808080808081,0.32388663967611336,0.8866396761133604,0.2153846153846154,0.6962499999999999,0.0,0.799871794871795,0.5646090534979424,0.8990067903111382,0.6168967408149155,0.9425688982371697,-0.17052744708994713,0.052191571499994975,-0.03677875038776231,1.790033177644803,0.7011627906976744,-0.0016264569917342265,-2.436369252395963,-0.8461086632304035,-1.1403622685194827,26,14,4,-1.777996448807364,-3.094742055984561,-1.1403622685194827,0.40032807112942576,0.5684735940040022,0.7915555555555555
15,dom_matched,0.5451923076923076,0.627906976744186,0.5160714285714286,0.6677740863787376,0.6103896103896104,0.7222222222222222,0.44129554655870445,0.5692307692307692,0.7692307692307693,0.7583011583011583,0.7915057915057915,-0.03320463320463318,0.44534306334032625,-0.35247260962430677,0.3384134615384616,0.7663701923076923,0.3881484794275492,0.778175313059034,0.28745535714285714,0.7518303571428571,0.39700996677740863,0.8389119601328904,0.3116883116883117,0.8961038961038961,0.3332070707070707,0.9141414141414141,0.19838056680161945,0.7450404858299594,0.31153846153846154,0.7961538461538461,0.07692307692307693,1.0,0.5420652964798915,0.8742286063273994,0.5539213564213564,0.9083440621796247,-0.131475872542568,0.07199829479489167,-0.09467925379850133,1.635401896254138,0.6674418604651163,0.9839724537586557,1.592874883580404,-0.14561755982508232,2.5804974542385235,26,14,4,2.051396455050397,1.134353312110411,2.5804974542385235,0.3124363615464854,0.7111564669280078,0.8411111111111111
15,probe_strat,0.8125,0.3112701252236136,0.8375,0.27740863787375414,0.8528138528138528,0.3333333333333333,0.8137651821862348,0.28846153846153844,0.5256410256410257,0.644015444015444,0.8247104247104247,-0.1806949806949807,0.23243894248254113,-0.0641900882239288,0.5335817307692308,0.9,0.19130143112701253,0.6064847942754918,0.5160714285714286,0.9269196428571428,0.14609634551495018,0.6130398671096344,0.48906926406926404,0.961038961038961,0.16161616161616163,0.7171717171717171,0.41295546558704455,0.9271255060728745,0.11528846153846155,0.6269230769230769,0.15940740740740744,1.0,0.4649507948996541,0.8172404379826254,0.6091378066378066,0.9227873477873478,-0.2974232887490166,0.05252806377806374,-1.4805115784915537,2.68699650747969,0.6686046511627907,-0.6554746244128745,-1.7990290045520614,-1.6963644486035712,2.2232873959574873,26,14,7,-2.395655370750137,-1.2024026383539856,2.2232873959574873,0.2912202998112824,0.11487622782505855,0.8912238171185539
15,probe_strat_noinit,0.8057692307692308,0.3855098389982111,0.8285714285714286,0.36046511627906974,0.8484848484848485,0.4393939393939394,0.8380566801619433,0.35384615384615387,0.5897435897435898,0.7405405405405405,0.8563706563706563,-0.11583011583011582,0.3946715804509992,-0.07427284507888775,0.5451201923076923,0.8904086538461538,0.2334525939177102,0.6279293381037567,0.5392410714285714,0.9268303571428571,0.20593853820598007,0.6313122923588039,0.49783549783549785,0.9567099567099567,0.16666666666666666,0.7678030303030301,0.44129554655870445,0.9352226720647774,0.14605769230769233,0.6538461538461539,0.15384615384615385,1.0,0.5421358989197531,0.8539464139464139,0.6134223090277778,0.9333397683397684,-0.2281940757722008,0.05980634225323436,-0.22533870697748695,1.7059683792783256,0.733139534883721,-0.17619886503170085,-0.9625909519541287,-1.4137475973885074,1.6810509348075051,26,14,7,-0.7233790177961215,-1.201802886112136,1.6810509348075051,0.33600933878130534,0.5119960637903869,0.8857693729272678
15,probe_matched,0.6288461538461538,0.49552772808586765,0.5803571428571429,0.5448504983388704,0.7445887445887446,0.5454545454545454,0.5182186234817814,0.4576923076923077,0.6666666666666666,0.7451737451737451,0.8694980694980695,-0.12432432432432439,0.08374414745476919,-0.1224167874363371,0.3701923076923077,0.751153846153846,0.33083631484794274,0.7084078711985689,0.30714285714285716,0.7517857142857143,0.32387873754152824,0.7840531561461794,0.36352813852813853,0.9047619047619048,0.2474747474747475,0.8484848484848485,0.1902834008097166,0.7288461538461537,0.2923076923076923,0.75,0.12337662337662338,1.0,0.5346281604747162,0.8539379866779248,0.6470507243023095,0.9407522498440701,-0.24789554289554294,0.01809993693254913,-2.71165973138351,4.038235536813758,0.6226744186046511,0.4516921372153255,0.32749055691214285,-1.1474316815159404,2.6041349555249935,26,14,4,0.8640965787992886,-0.20911546497500288,2.6041349555249935,-0.0439169142308827,0.339066270826073,0.7924444444444445
15,dom_regular,0.9980769230769231,0.7173524150268337,0.9982142857142857,0.6245847176079734,1.0,0.6818181818181818,0.9959514170040485,0.7615384615384615,0.1794871794871795,0.9992277992277993,0.9992277992277993,0.0,0.39876492253619256,-0.03885873434179876,0.9239903846153846,1.0,0.44364937388193204,0.9070438282647584,0.9445982142857142,1.0,0.31382890365448507,0.8970099667774086,0.922077922077922,1.0,0.3584595959595959,0.9595959595959596,0.9190283400809717,1.0,0.3845192307692308,0.9308653846153846,0.0,0.70764652014652,0.9627039627039627,1.0,0.9447415329768272,1.0,-0.010953414351851785,0.034055727554179516,0.27954619348835763,0.5551763029759225,1.0,0.15990548679136246,-0.24711097401372617,0.23384026642830377,0.03368833133157277,26,14,11,-0.057269707452133806,-0.43695224057531856,0.03368833133157277,0.3896314309437381,0.41703190572110166,
15,dom_regular_verberase,0.9980769230769231,0.5679785330948122,0.9982142857142857,0.4750830564784053,1.0,0.5808080808080808,0.9959514170040485,0.5461538461538461,0.24358974358974358,0.9266409266409267,0.5073359073359074,0.4193050193050193,0.4355905851137478,0.002059544275573826,0.9413221153846154,1.0,0.3809928443649374,0.7754919499105546,0.9589285714285715,1.0,0.27906976744186046,0.7342607973421927,0.9305194805194805,1.0,0.26262626262626265,0.8484848484848485,0.9351214574898786,1.0,0.30374999999999996,0.8038461538461539,0.0,0.8060439560439551,0.7847529083403696,0.9753472222222221,0.33823501022030433,0.6928878414644253,0.24311730587121208,0.5374606600648267,0.3024284839068744,0.6033211279801507,0.9994186046511628,0.06293057969852621,-0.3131178204879289,0.12607502277819996,0.04294326817255342,26,14,11,-0.10927253441397915,-0.5169631065618787,0.04294326817255342,0.44883896301370346,0.40909382931383675,
15,dom_regular_rank2,0.9942307692307693,0.3336314847942755,0.9982142857142857,0.26744186046511625,1.0,0.31313131313131315,0.979757085020243,0.3,0.48717948717948717,0.8501930501930502,0.5567567567567567,0.2934362934362935,0.5114637217587858,-0.028196481625264464,0.9095673076923076,1.0,0.19586314847942757,0.5635286225402505,0.9374553571428571,1.0,0.12624584717607973,0.5102990033222587,0.9393939393939394,1.0,0.12121212121212122,0.656691919191919,0.8704453441295547,1.0,0.11923076923076924,0.5846153846153846,0.03660714285714286,0.937230769230769,0.665103761978762,0.9243274626607959,0.3610965423465423,0.7148906129063467,0.13788833137610756,0.4009516605685336,0.3302694180580687,0.7606300561567133,0.9889534883720931,-0.2522831928773184,-0.36918515261339724,-0.11338864037432543,-0.011217757853154754,26,14,11,-0.14292515507074108,-0.5954451501560534,-0.011217757853154754,0.5081112686565586,0.5181686279632403,
16,adom_matched,0.7625,0.4347048300536673,0.7553571428571428,0.45514950166112955,0.8398268398268398,0.4393939393939394,0.6923076923076923,0.4576923076923077,0.16666666666666666,0.8177606177606178,0.861003861003861,-0.043243243243243135,0.6040054504717739,-0.2509509444531981,0.5076923076923077,0.8807932692307692,0.270102862254025,0.6878354203935599,0.498125,0.901875,0.23588039867109634,0.7060215946843854,0.5193722943722944,0.961038961038961,0.18181818181818182,0.8181818181818182,0.34402834008097166,0.902834008097166,0.2151923076923077,0.7115384615384616,0.0,0.8214285714285714,0.5727498041126782,0.8996332046332046,0.5809613997113997,0.9364591161209519,-0.14400078678206132,0.08902171004854174,0.11544503927901693,1.8143796396441192,0.7180232558139535,0.02121693358481575,-1.8585468611912588,-0.7496769758657824,-0.6157227246431548,26,14,4,-1.2453789995003308,-2.4717147228821865,-0.6157227246431548,0.5586129169912615,0.694790517432799,0.8242222222222223
16,dom_matched,0.55,0.629695885509839,0.5303571428571429,0.6627906976744186,0.6017316017316018,0.7272727272727273,0.4574898785425101,0.573076923076923,0.7948717948717948,0.7722007722007722,0.7915057915057915,-0.019305019305019266,0.5966281848680797,-0.3609632395951847,0.3489903846153846,0.7798317307692307,0.3944543828264758,0.7978756708407871,0.3035267857142857,0.7911160714285713,0.3835963455149502,0.827408637873754,0.2985930735930736,0.8961038961038961,0.3434343434343434,0.9243686868686867,0.20232793522267206,0.7733805668016193,0.34221153846153846,0.7847115384615384,0.12283653846153848,1.0,0.5749825851393189,0.8787650637650637,0.5763503086419752,0.9009024175108182,-0.11273809523809528,0.08961389961389948,0.1264757619862331,1.9868351070091181,0.6790697674418604,0.9392738154673921,1.6966664566401541,-0.11753061674625642,2.7578869352359763,26,14,4,2.057846528499193,1.3354863847811156,2.7578869352359763,0.47439033185321067,0.8411038908978176,0.8442222222222222
16,probe_strat,0.7875,0.33273703041144903,0.8160714285714286,0.29069767441860467,0.8268398268398268,0.37373737373737376,0.805668016194332,0.28846153846153844,0.6153846153846154,0.6911196911196911,0.7760617760617761,-0.084942084942085,0.8498863513915585,-0.061084316636064985,0.5076682692307692,0.8942548076923077,0.20838550983899823,0.6127459749552772,0.5,0.9232142857142858,0.15780730897009967,0.6545265780730897,0.42857142857142855,0.948051948051948,0.1717171717171717,0.7676767676767676,0.43724696356275305,0.9272267206477731,0.11528846153846155,0.6500961538461538,0.2677350427350427,1.0,0.4961302433924877,0.843448005604608,0.4578880521524109,0.9019363692940277,-0.21685355037274645,0.17216058938195128,-0.590264230648962,4.709660215078648,0.6761627906976744,-0.6612866676646304,-1.5671850664336557,-1.8672596951869809,2.735539002479508,26,14,7,-1.993296850036355,-1.1410732828309564,2.735539002479508,0.8752310458518086,0.7991969624710589,0.8726689957216273
16,probe_strat_noinit,0.7980769230769231,0.3774597495527728,0.8339285714285715,0.34551495016611294,0.8181818181818182,0.42424242424242425,0.8421052631578947,0.3269230769230769,0.6282051282051282,0.7737451737451737,0.8185328185328186,-0.044787644787644854,0.7250969221650628,-0.07760400412322695,0.5518269230769232,0.8817548076923076,0.23521914132379249,0.6082289803220036,0.5410267857142856,0.9268303571428571,0.1877076411960133,0.6312292358803987,0.4675324675324675,0.948051948051948,0.1717171717171717,0.7474747474747475,0.4979757085020243,0.9433198380566802,0.15365384615384617,0.6270192307692307,0.18461538461538463,1.0,0.5637647170980504,0.8562501214063714,0.5159864242122306,0.9148507426697531,-0.16993273127174055,0.14531035899120992,0.056354336320171255,2.310839181403256,0.7267441860465116,-0.26671559885088286,-1.0638529450689271,-1.7249553911474118,1.893591994796789,26,14,7,-0.7661006974570427,-1.3616051926808117,1.893591994796789,0.6467195872747735,0.8818515919456414,0.8842908280803018
16,probe_matched,0.6153846153846154,0.5053667262969589,0.5892857142857143,0.5249169435215947,0.670995670995671,0.5909090909090909,0.5506072874493927,0.46923076923076923,0.717948717948718,0.7521235521235521,0.8092664092664092,-0.05714285714285716,0.48805087383527296,-0.1250131670387993,0.3557692307692308,0.7586538461538461,0.33182021466905187,0.726319320214669,0.3213839285714286,0.7607589285714285,0.33222591362126247,0.7509136212624584,0.2987012987012987,0.8787878787878788,0.29797979797979796,0.898989898989899,0.19827935222672066,0.7489878542510121,0.2960576923076923,0.7539423076923076,0.14102564102564102,1.0,0.5482556749584614,0.8622351461747746,0.562136745879006,0.9117647058823529,-0.18886613211947595,0.1110534888867033,-2.5513289459370774,4.404214203869063,0.6186046511627907,0.5583298965475887,0.6675116444999317,-1.1872987378068924,3.2597754172624254,26,14,4,1.3174298425140183,0.017593446485845057,3.2597754172624254,0.32697744448492416,0.8101977325359704,0.806
16,dom_regular,0.9980769230769231,0.7030411449016101,0.9982142857142857,0.6029900332225914,1.0,0.6919191919191919,1.0,0.7346153846153847,0.19230769230769232,0.9984555984555985,0.9976833976833976,0.0007722007722008595,0.4854194376136291,-0.029585482490013717,0.9278846153846154,1.0,0.44631037567084075,0.8935822898032201,0.9428571428571428,1.0,0.3338455149501661,0.867109634551495,0.922077922077922,1.0,0.37866161616161614,0.9545454545454546,0.9392712550607287,1.0,0.38846153846153847,0.9154807692307692,0.0,0.7037037037037037,0.9512971935185558,1.0,0.9318163780663781,1.0,-0.019306139952424854,0.04015677110104353,0.3550581080401472,0.6447508810206685,1.0,0.16193205085248402,-0.19941447853043046,0.2159165069081472,0.08464819556640853,26,14,11,-0.0551591918066478,-0.3436697652542131,0.08464819556640853,0.47679120453474555,0.5026759037713961,
16,dom_regular_verberase,0.9980769230769231,0.5885509838998211,0.9964285714285714,0.4717607973421927,1.0,0.5959595959595959,1.0,0.5615384615384615,0.2692307692307692,0.911969111969112,0.5459459459459459,0.3660231660231661,0.5234204262846129,0.012630852297190683,0.940360576923077,1.0,0.3756484794275492,0.7916592128801431,0.9464285714285714,1.0,0.2706810631229236,0.7392857142857142,0.935064935064935,1.0,0.3128787878787879,0.858712121212121,0.9433198380566802,1.0,0.32682692307692307,0.8153846153846154,0.0,0.8146367521367522,0.7762109430859431,0.9706673051399614,0.3784332777243543,0.6997176736648606,0.20987343767916522,0.4967572550905884,0.3923956450086919,0.6758606585467157,0.9988372093023256,0.07257856495919837,-0.29747847438064035,0.12868415080426776,0.09115481211137627,26,14,11,-0.12959769565475748,-0.46535925310652315,0.09115481211137627,0.5413349439577074,0.4875913909384238,
16,dom_regular_rank2,0.9932692307692308,0.3425760286225403,0.9964285714285714,0.2707641196013289,1.0,0.3434343434343434,0.9838056680161943,0.3153846153846154,0.5,0.8532818532818532,0.5853281853281853,0.26795366795366793,0.6395007984708058,-0.01536476405550517,0.9211538461538461,1.0,0.22003577817531306,0.5859123434704829,0.9357142857142857,1.0,0.13276578073089704,0.5232973421926911,0.9307359307359307,1.0,0.12121212121212122,0.6767676767676768,0.8866396761133604,1.0,0.14221153846153847,0.5924038461538461,0.09413043478260871,0.9285714285714286,0.6640427979156269,0.9228199926116593,0.39163159123298447,0.7320968653266057,0.1114478618653809,0.3814956425153794,0.4507546206140038,0.8934696289111573,0.9918604651162791,-0.2315553234474827,-0.32847783348413234,-0.06327608870904279,0.019760590116756283,26,14,11,-0.1651770556713846,-0.4917786112968801,0.019760590116756283,0.642117999699176,0.6342663960140646,
17,adom_matched,0.75,0.4203935599284436,0.7321428571428571,0.446843853820598,0.8354978354978355,0.4393939393939394,0.6761133603238867,0.4461538461538462,0.15384615384615385,0.816988416988417,0.8671814671814672,-0.050193050193050204,0.49010157912658564,-0.2539176117939615,0.49709134615384615,0.8731249999999999,0.2522137745974955,0.66824686940966,0.4730803571428571,0.8786160714285713,0.2591362126245847,0.7142857142857143,0.47186147186147187,0.9524891774891774,0.1917929292929293,0.8284090909090908,0.31983805668016196,0.8705465587044533,0.19990384615384618,0.7500961538461538,0.0,0.8518518518518519,0.5583011583011583,0.9009385952884404,0.5806414161589933,0.9449314679409093,-0.17842974490127653,0.0582944832944833,-0.1410973830484826,1.8608119836495616,0.6965116279069767,-0.0426654528245588,-2.1856746515159777,-0.7879134749169886,-0.8017234249927786,26,14,4,-1.4449916201658142,-2.9263576828661413,-0.8017234249927786,0.413687548866584,0.6429296396465888,0.8082222222222223
17,dom_matched,0.5096153846153846,0.6413237924865832,0.4857142857142857,0.6744186046511628,0.5627705627705628,0.7373737373737373,0.4048582995951417,0.5923076923076923,0.8205128205128205,0.7606177606177607,0.7922779922779922,-0.031660231660231575,0.44766388564309584,-0.3683391427847865,0.3240144230769231,0.7366105769230769,0.42486583184257604,0.7898032200357782,0.26607142857142857,0.7536160714285713,0.4102574750830565,0.8488372093023255,0.2813852813852814,0.8702380952380951,0.37866161616161614,0.9292929292929293,0.20232793522267206,0.7490890688259108,0.34211538461538465,0.7924038461538461,0.15271428571428577,1.0,0.5780594657795929,0.8641428242705331,0.5819480519480519,0.9032701238390093,-0.13459504260055005,0.07800718635923129,-0.24524435047654722,2.0476141032612816,0.6488372093023256,1.1541261833726764,2.305983858607509,-0.07076020543441482,3.571704644314265,26,14,4,2.6782486192011437,1.9337190980138739,3.571704644314265,0.2821293601660169,0.7787329365972535,0.8195555555555556
17,probe_strat,0.7615384615384615,0.3595706618962433,0.7785714285714286,0.3554817275747508,0.7922077922077922,0.45454545454545453,0.7975708502024291,0.3192307692307692,0.5897435897435898,0.6841698841698842,0.8277992277992278,-0.14362934362934354,0.44860635636352647,-0.05464745095634888,0.4932211538461539,0.8711778846153846,0.22980769230769232,0.6109570661896242,0.4855357142857143,0.9018303571428571,0.19767441860465115,0.6279900332225913,0.4199134199134199,0.948051948051948,0.16161616161616163,0.7525252525252525,0.3805668016194332,0.902834008097166,0.1576923076923077,0.676923076923077,0.25950854700854703,1.0,0.4672940878078011,0.8328656298934936,0.5780148058078821,0.9197261854488417,-0.27957225635631217,0.06250120656370656,-2.6202966693409215,4.906319638131327,0.6436046511627908,-0.5274930921513299,-1.5023638557707755,-1.9395792737814006,3.3963408755761244,26,14,7,-1.593003650543656,-1.4117240609978952,3.3963408755761244,0.4850322804274992,0.37575450823558093,0.861182071339966
17,probe_strat_noinit,0.7894230769230769,0.3855098389982111,0.8071428571428572,0.38372093023255816,0.8398268398268398,0.43434343434343436,0.805668016194332,0.35384615384615387,0.5769230769230769,0.7405405405405405,0.8324324324324325,-0.09189189189189195,0.4656518804637112,-0.07202613230575232,0.5490144230769232,0.8809615384615382,0.2468470483005367,0.6002906976744184,0.5195089285714286,0.9054017857142856,0.21262458471760798,0.6379568106312291,0.4805194805194805,0.9654761904761904,0.1414141414141414,0.7426767676767675,0.4452429149797571,0.9190283400809717,0.15384615384615385,0.65,0.15313390313390313,1.0,0.5386684915787083,0.8570566778900112,0.6013683152064956,0.9289677177177177,-0.25079602110852106,0.07385617760617752,-0.4368382976649005,2.1328112767332605,0.702906976744186,-0.3181473147523512,-1.2678695148927883,-1.7769620221527551,1.8085986544912904,26,14,7,-0.8327270582286144,-1.7030119715569623,1.8085986544912904,0.3595565914087265,0.6778424585736808,0.8502922963975597
17,probe_matched,0.5788461538461539,0.5178890876565295,0.5285714285714286,0.5664451827242525,0.6190476190476191,0.5757575757575758,0.5263157894736842,0.5,0.6666666666666666,0.7722007722007722,0.8741312741312741,-0.1019305019305019,0.1318483869699595,-0.1118178046158277,0.3317307692307692,0.7269471153846153,0.35241502683363146,0.7299642218246869,0.28375,0.7108035714285714,0.3620847176079734,0.7724667774086379,0.2813852813852814,0.8398268398268398,0.2523989898989899,0.8737373737373737,0.21437246963562753,0.7207489878542509,0.30365384615384616,0.7576923076923077,0.16075,1.0,0.5572586591721059,0.882149096054469,0.6493376189028363,0.9467311995436996,-0.24379315007867822,0.03632110583919921,-7.648129196477989,5.630616295075612,0.5866279069767442,0.7274678099946864,0.5193368650153829,-1.6483297457103314,4.123372503340463,26,14,4,1.0566951246572698,-0.018021394626504008,4.123372503340463,-0.18878872025381488,0.7731226014175085,0.7844444444444445
17,dom_regular,0.9951923076923077,0.6610017889087657,0.9946428571428572,0.553156146179402,1.0,0.6363636363636364,1.0,0.6692307692307692,0.16666666666666666,0.9961389961389961,0.9915057915057915,0.004633204633204602,0.463454927267003,-0.04116863117272889,0.9067067307692308,1.0,0.4041592128801431,0.8882155635062612,0.9178571428571428,1.0,0.29401993355481726,0.8355897009966777,0.895995670995671,1.0,0.31805555555555554,0.9344696969696968,0.902834008097166,1.0,0.3423076923076923,0.9115384615384615,0.0,0.7224166666666665,0.9261474373384287,1.0,0.8920442404817405,1.0,-0.027030363697030418,0.06273403679653676,0.331863887443206,0.64126033249289,1.0,0.1326576592163426,-0.32123377420815,0.19062159735479192,-0.027242726698613225,26,14,11,-0.1504660704706819,-0.4920014779456182,-0.027242726698613225,0.45648925534919976,0.47738627110260967,
17,dom_regular_verberase,0.9961538461538462,0.5268336314847942,0.9964285714285714,0.4269102990033223,1.0,0.5303030303030303,0.9959514170040485,0.5153846153846153,0.19230769230769232,0.9034749034749034,0.5335907335907336,0.36988416988416983,0.5305512159444934,0.010194870943043837,0.9239903846153846,1.0,0.3291592128801431,0.7361806797853309,0.9178124999999999,1.0,0.2341777408637874,0.682765780730897,0.9134199134199135,1.0,0.22727272727272727,0.8080808080808081,0.9310728744939272,1.0,0.28076923076923077,0.7385576923076923,0.0,0.7241452991452993,0.7739682871726216,0.9627233877233877,0.366640625,0.7011559764215153,0.2011850314288395,0.4973455150196636,0.37956420822923914,0.7113287577563019,0.9965116279069768,0.01998885949713652,-0.4768145594133092,0.08940239647348551,-0.07129777830212766,26,14,11,-0.255429274723219,-0.6981998441033994,-0.07129777830212766,0.5638405059341012,0.463972635965278,
17,dom_regular_rank2,0.9875,0.3228980322003578,0.9892857142857143,0.2541528239202658,1.0,0.32323232323232326,0.979757085020243,0.27692307692307694,0.3717948717948718,0.8285714285714286,0.5891891891891892,0.23938223938223946,0.6505155461980705,-0.02654550777250005,0.8903605769230769,1.0,0.19939624329159214,0.5429561717352415,0.8982142857142857,1.0,0.12620431893687709,0.521594684385382,0.9264069264069265,1.0,0.11603535353535355,0.6718434343434342,0.8581983805668016,1.0,0.1228846153846154,0.5577884615384615,0.03571428571428571,0.9101851851851852,0.643095924113726,0.907131147146627,0.3966764337313873,0.7500198412698412,0.06638671875,0.3762363754236819,0.43559109119063694,0.9323436418277026,0.9808139534883721,-0.2923017198322508,-0.5547664617907893,-0.11732195712054412,-0.17568734929505583,26,14,11,-0.30992562020100767,-0.7996073033805707,-0.17568734929505583,0.6696377251225777,0.6122711883490556,
18,adom_matched,0.7384615384615385,0.43202146690518783,0.7285714285714285,0.4584717607973422,0.7922077922077922,0.4494949494949495,0.6639676113360324,0.45,0.1282051282051282,0.8486486486486486,0.9111969111969112,-0.06254826254826251,0.438097136418708,-0.2603216352160311,0.4826682692307692,0.8692307692307693,0.2629472271914132,0.7030858676207513,0.45357142857142857,0.8821428571428571,0.22425249169435216,0.7342607973421927,0.44155844155844154,0.9438311688311688,0.20694444444444446,0.8434343434343434,0.3481781376518219,0.8705465587044533,0.22692307692307692,0.7230769230769231,0.0,0.8889444444444443,0.574902874902875,0.9137662337662338,0.6345156695156695,0.9554048382173382,-0.19120710149975761,0.04787922708201343,-0.17300559720341346,2.036799008399383,0.6976744186046512,-0.019638092717060074,-2.352508097391368,-0.7311950449042669,-1.0751179366744257,26,14,4,-1.6224515635023273,-3.082564631280409,-1.0751179366744257,0.32492590621955186,0.6644395968170201,0.7693333333333333
18,dom_matched,0.49423076923076925,0.6529516994633273,0.4642857142857143,0.686046511627907,0.5367965367965368,0.7676767676767676,0.4048582995951417,0.5846153846153846,0.8333333333333334,0.7868725868725869,0.8386100386100386,-0.0517374517374517,0.32855878412848827,-0.37109052096931067,0.3259375,0.7443028846153845,0.41858228980322004,0.7934033989266548,0.2767857142857143,0.7482142857142857,0.38205980066445183,0.8438953488372093,0.2856060606060606,0.8441558441558441,0.37348484848484853,0.9191919191919192,0.19433198380566802,0.7450404858299594,0.34615384615384615,0.8039423076923077,0.11538461538461539,1.0,0.5825343647218647,0.893553391053391,0.6322976122976123,0.9355089355089355,-0.15657430837603933,0.05129819040125876,-0.4698444370759372,2.0340906694712797,0.6511627906976745,1.2325970561512554,2.445836700988939,0.013865348480940343,3.67986091932553,26,14,4,2.800874488489734,2.0907989134881437,3.67986091932553,0.11066714044921885,0.7643420714870269,0.8171111111111111
18,probe_strat,0.7317307692307692,0.389087656529517,0.7357142857142858,0.4019933554817276,0.7619047619047619,0.4292929292929293,0.7489878542510121,0.3769230769230769,0.6282051282051282,0.6857142857142857,0.766023166023166,-0.08030888030888028,0.1350095143755542,-0.045543224099735276,0.46240384615384617,0.8538701923076922,0.2423747763864043,0.6288685152057244,0.4142857142857143,0.8642857142857143,0.23089700996677742,0.6694767441860465,0.41114718614718615,0.9393939393939394,0.13636363636363635,0.752651515151515,0.3724696356275304,0.8906882591093117,0.2114423076923077,0.7038461538461539,0.25608974358974357,1.0,0.5003397253787879,0.8324253479051927,0.5528819528233591,0.9118451471030472,-0.24762052189296765,0.07976006191950463,-2.9316519479200416,2.2030904550157806,0.6424418604651163,-0.29843000870850556,-0.9880660843301279,-1.733666038317615,3.8451937077394667,26,14,7,-1.2053460805152076,-0.7707860881450482,3.8451937077394667,0.09950380047630761,0.2060209421740474,0.8508215488215489
18,probe_strat_noinit,0.7788461538461539,0.39177101967799643,0.7767857142857143,0.39867109634551495,0.8398268398268398,0.398989898989899,0.7732793522267206,0.38846153846153847,0.6153846153846154,0.7598455598455598,0.8416988416988417,-0.08185328185328189,0.25501646922369137,-0.0619890696842911,0.510576923076923,0.8740625,0.2485912343470483,0.6118515205724507,0.48379464285714285,0.878705357142857,0.23255813953488372,0.661171096345515,0.5021645021645021,0.9567099567099567,0.1414141414141414,0.7070707070707071,0.4008097165991903,0.8907894736842104,0.18846153846153846,0.6923076923076923,0.17857142857142858,1.0,0.5752206075122741,0.8676479432992122,0.6084722184722186,0.93008726128317,-0.21550193050193053,0.08649559055809056,-1.0410646267284513,1.3511804244831491,0.708139534883721,-0.18558098923358216,-0.879921904947979,-1.5710120387434638,2.128757232503981,26,14,7,-0.6616637540649882,-1.0981800558309698,2.128757232503981,0.10741965708447969,0.5502100935021146,0.8530542011594644
18,probe_matched,0.5596153846153846,0.5330948121645797,0.5017857142857143,0.5880398671096345,0.5844155844155844,0.5858585858585859,0.5141700404858299,0.5153846153846153,0.6794871794871795,0.8092664092664092,0.894980694980695,-0.08571428571428574,-0.07372235450382793,-0.09525642864358837,0.3306730769230769,0.7250240384615384,0.35330948121645794,0.7191413237924866,0.26607142857142857,0.7000446428571427,0.38205980066445183,0.792358803986711,0.2510822510822511,0.8096320346320346,0.2676767676767677,0.8686868686868687,0.19827935222672066,0.7328947368421052,0.3346153846153846,0.7807692307692308,0.14633333333333337,1.0,0.587398538961039,0.887338769282121,0.6976474188206494,0.9619047619047619,-0.2305317122951696,0.013528483383912207,-9.664566633516548,7.158780700782381,0.5767441860465117,0.9634378654889095,0.7379612401893139,-1.4938534898922773,4.427648866042313,26,14,4,1.1642534597554557,0.3116690206231721,4.427648866042313,-0.5010654896910605,0.7809639158706367,0.778888888888889
18,dom_regular,0.9942307692307693,0.6726296958855098,0.9946428571428572,0.5714285714285714,0.9956709956709957,0.6363636363636364,1.0,0.7076923076923077,0.1282051282051282,0.9953667953667954,0.9922779922779923,0.003088803088803105,0.4488319927356549,-0.045494518945542406,0.9009375000000001,1.0,0.41053220035778176,0.8980322003577818,0.9159821428571429,1.0,0.3187707641196013,0.8820598006644518,0.883008658008658,1.0,0.32815656565656565,0.9445707070707069,0.8987854251012146,1.0,0.34615384615384615,0.9231730769230769,0.0,0.6296296296296297,0.9168609168609169,1.0,0.8921621450981535,1.0,-0.032821662808641995,0.05795293898809513,0.3064287341056051,0.6365113653493257,1.0,0.14725700562561708,-0.39252266482905207,0.1999632784344291,-0.08523919809934029,26,14,11,-0.23120188913326173,-0.5538434405248424,-0.08523919809934029,0.44137828566581305,0.46373940687533893,
18,dom_regular_verberase,0.9961538461538462,0.5286225402504472,0.9964285714285714,0.4269102990033223,1.0,0.5202020202020202,0.9959514170040485,0.5192307692307693,0.16666666666666666,0.9104247104247104,0.5243243243243243,0.3861003861003861,0.5191245528680104,0.017125585776788292,0.9047836538461539,1.0,0.3425536672629696,0.7424194991055456,0.9195982142857142,1.0,0.24082225913621264,0.6894102990033223,0.9003246753246754,1.0,0.24242424242424243,0.8383838383838383,0.902834008097166,1.0,0.2729807692307692,0.7731730769230769,0.0,0.7037037037037037,0.7592632565117086,0.9682687024614914,0.35446981424148605,0.6834942084942084,0.21002020292717966,0.5252759740259739,0.36858425898705016,0.7251770703007131,0.9947674418604651,0.015478428050831546,-0.5927758391135238,0.09141923708223126,-0.10637799032795461,26,14,11,-0.38838045477076716,-0.7971712234562806,-0.10637799032795461,0.5663072861144155,0.42475908637520005,
18,dom_regular_rank2,0.9865384615384616,0.3211091234347048,0.9892857142857143,0.2591362126245847,1.0,0.29797979797979796,0.9757085020242915,0.3038461538461538,0.2948717948717949,0.8254826254826255,0.5698841698841699,0.2555984555984556,0.6361410154955596,-0.024548801107655328,0.8903605769230769,1.0,0.19306797853309482,0.5536896243291592,0.8928571428571429,1.0,0.12458471760797342,0.5132890365448505,0.9090909090909091,1.0,0.10606060606060606,0.6162878787878786,0.8502024291497976,1.0,0.11528846153846155,0.5576923076923077,0.0,0.8895833333333332,0.6078133185279345,0.9127548111727799,0.3749101592851593,0.7425662942522545,0.07635308578667963,0.3808408142773468,0.431997930193387,0.9419690534943026,0.975,-0.3101710007700034,-0.7238757552867582,-0.12075495866435439,-0.23292987102909615,26,14,11,-0.5111694963250509,-0.9365820142484654,-0.23292987102909615,0.6578394755621328,0.5927440953624129,
19,adom_matched,0.7461538461538462,0.4347048300536673,0.7392857142857143,0.4634551495016611,0.8051948051948052,0.4444444444444444,0.680161943319838,0.4576923076923077,0.10256410256410256,0.8447876447876448,0.9158301158301159,-0.07104247104247108,0.328229684682942,-0.2525548799557116,0.49038461538461536,0.8692307692307693,0.2593470483005367,0.6842799642218247,0.4446428571428571,0.875,0.264078073089701,0.7259551495016612,0.45454545454545453,0.9567099567099567,0.19684343434343435,0.8232323232323232,0.33178137651821865,0.8786437246963561,0.21923076923076923,0.7230769230769231,0.0,0.8346320346320345,0.5770944158444159,0.928972754820278,0.6624899739412123,0.9691402948975726,-0.19673150741207385,0.0505050505050505,-0.3356262670110777,1.6623211284409076,0.6976744186046512,0.0007415740559261307,-2.5162206209088556,-0.7785450193007849,-1.1115670209316653,26,14,4,-1.7534612906902487,-3.2789799511274627,-1.1115670209316653,0.21837208139894057,0.5479448912509446,0.7557777777777778
19,dom_matched,0.4855769230769231,0.6726296958855098,0.4589285714285714,0.7109634551495017,0.5367965367965368,0.7727272727272727,0.38866396761133604,0.6153846153846154,0.8333333333333334,0.7776061776061776,0.8463320463320463,-0.06872586872586872,0.1588236150622375,-0.37056247448228735,0.2932692307692308,0.7644230769230769,0.41317084078711985,0.805031305903399,0.25160714285714286,0.7589732142857142,0.4152408637873754,0.8556063122923587,0.2682900432900433,0.8529220779220779,0.3736111111111111,0.9242424242424242,0.16194331983805668,0.7408906882591093,0.3805769230769231,0.8346153846153846,0.11641025641025642,1.0,0.5897261996904025,0.8835275835275834,0.6432137494637494,0.9381007051943584,-0.17299118111618111,0.03858099170599176,-1.1139819743267876,1.3290390806145345,0.6482558139534884,1.3070596254731544,2.3972747174000464,0.0340706659880489,3.736378353109954,26,14,4,2.814773772375405,1.9797756624246878,3.736378353109954,-0.04611429305595533,0.5686994312986231,0.8282222222222222
19,probe_strat,0.6682692307692307,0.43559928443649376,0.6642857142857143,0.44019933554817275,0.6623376623376623,0.4797979797979798,0.6882591093117408,0.43846153846153846,0.6282051282051282,0.6633204633204633,0.8216216216216217,-0.15830115830115832,-0.03857890647495977,-0.042643078164464374,0.4182451923076923,0.8259855769230768,0.2647361359570662,0.6297182468694097,0.3784821428571428,0.851830357142857,0.23085548172757478,0.6778239202657806,0.35054112554112554,0.9090909090909091,0.1512626262626263,0.7474747474747475,0.3197368421052632,0.8704453441295547,0.21153846153846154,0.74625,0.27173913043478265,1.0,0.48367950380721275,0.80859375,0.606733746130031,0.9358631924048055,-0.31355265980265984,0.028575868575868583,-7.981739445701012,5.064203458940751,0.602906976744186,0.028422577893008744,-0.887460918868896,-2.329248798030705,4.959166899395152,26,14,7,-1.2206505949198365,-0.5542712428179555,4.959166899395152,0.02840052163293143,-0.17253776269074206,0.8512476139844563
19,probe_strat_noinit,0.7538461538461538,0.4141323792486583,0.7571428571428571,0.40863787375415284,0.8051948051948052,0.3838383838383838,0.7246963562753036,0.46923076923076923,0.5897435897435898,0.7498069498069498,0.8764478764478765,-0.12664092664092663,0.15759859866707465,-0.05849598711872122,0.48459134615384614,0.85,0.2602638640429338,0.6252683363148479,0.44995535714285717,0.8714285714285714,0.26075581395348835,0.6661544850498339,0.43722943722943725,0.948051948051948,0.1412878787878788,0.7171717171717171,0.33987854251012145,0.8704453441295547,0.26528846153846153,0.7616346153846153,0.15307692307692308,1.0,0.537823215312577,0.8394938858695652,0.6314730674342105,0.9428571428571428,-0.2724336432128466,0.0494353281853281,-1.7067278778665518,1.886365991704203,0.7,0.019959624503732495,-0.8027459088230673,-1.7504874053316797,2.297451889541661,26,14,7,-0.5448799706949338,-1.060611846951201,2.297451889541661,0.029244724655254305,0.4143063466907152,0.8445847700058227
19,probe_matched,0.5163461538461539,0.5259391771019678,0.44285714285714284,0.5880398671096345,0.5670995670995671,0.51010101010101,0.4493927125506073,0.5846153846153846,0.6410256410256411,0.7567567567567568,0.8841698841698842,-0.12741312741312738,-0.6084451138579737,-0.09376853200199355,0.3066346153846154,0.6865384615384615,0.35241502683363146,0.7093694096601073,0.24285714285714285,0.6678571428571428,0.37699335548172763,0.7741279069767442,0.2510822510822511,0.7965367965367965,0.24229797979797982,0.8434343434343434,0.14979757085020243,0.6883603238866395,0.36923076923076925,0.7923076923076923,0.1482905982905983,1.0,0.5574579210907336,0.864150579150579,0.7120949074074074,0.9544937348062348,-0.2654835042569659,-0.013079912619386415,-13.063624295842697,10.186975414322118,0.525,1.5334515107066933,0.699575644347473,-2.473405443976212,5.967541321989755,26,14,4,1.6368180220336797,-0.2376667333387337,5.967541321989755,-0.9934873003170038,0.16163925906008675,0.8257777777777779
19,dom_regular,0.9913461538461539,0.774597495527728,0.9928571428571429,0.7026578073089701,0.9913419913419913,0.7323232323232324,1.0,0.8115384615384615,0.05128205128205128,0.9976833976833976,0.9992277992277993,-0.001544401544401608,0.3928839897907814,-0.049795360836164995,0.8990144230769231,1.0,0.49186046511627907,0.9525939177101967,0.9034821428571429,1.0,0.3918604651162791,0.9401993355481728,0.8656926406926407,1.0,0.3936868686868687,0.9747474747474747,0.9066801619433199,1.0,0.4729807692307692,0.9846153846153847,0.0,0.3949999999999997,0.9652777777777778,1.0,0.959871070047962,1.0,-0.01626058380203304,0.02091592753744457,0.269514732665614,0.5540981750700825,1.0,0.24260826750979678,-0.4585209569441937,0.31339027930231317,-0.10233819850942204,26,14,11,-0.3313936782348902,-0.5856482356534972,-0.10233819850942204,0.391601970507242,0.39544802835786,
19,dom_regular_verberase,0.9903846153846154,0.5196779964221825,0.9910714285714286,0.44019933554817275,0.9913419913419913,0.5050505050505051,0.9959514170040485,0.5269230769230769,0.08974358974358974,0.918918918918919,0.5042471042471043,0.4146718146718147,0.4928627896717964,0.012084439207847469,0.8989663461538462,1.0,0.3371645796064401,0.7245304114490161,0.8964285714285715,1.0,0.23251661129568107,0.6960132890365448,0.8961038961038961,1.0,0.23232323232323232,0.8080808080808081,0.8946356275303644,1.0,0.2960576923076923,0.7770192307692307,0.0,0.5359285714285712,0.7667397017397017,0.9675819525819526,0.3412880812880813,0.6930950370578853,0.21318934775036347,0.5459496410472973,0.3381235170305312,0.6908026513196849,0.9936046511627907,0.002889341511325691,-0.7705256019566373,0.09289944072261547,-0.24495942718863895,26,14,11,-0.5933718281630355,-0.9476793757502393,-0.24495942718863895,0.5426655229226185,0.39325732317015205,
19,dom_regular_rank2,0.9855769230769231,0.30143112701252234,0.9892857142857143,0.2574750830564784,1.0,0.2727272727272727,0.97165991902834,0.28846153846153844,0.19230769230769232,0.8146718146718147,0.5961389961389961,0.21853281853281858,0.6350838264138341,-0.03635647366838408,0.8778125,1.0,0.1771019677996422,0.5277951699463327,0.8660714285714286,1.0,0.1245016611295681,0.5083471760797342,0.9134199134199135,1.0,0.09583333333333334,0.6314393939393937,0.8136639676113361,1.0,0.1268269230769231,0.5538461538461539,0.0,0.8571428571428571,0.616938616938617,0.8996138996138996,0.3864546130952381,0.7484760802469136,0.055536265432098796,0.35556628056628053,0.40940305676270256,0.964297839791399,0.9691860465116279,-0.34801661249196797,-0.8863001791278224,-0.1771190371497673,-0.47585903984096317,26,14,11,-0.7031961350802329,-1.069404223175412,-0.47585903984096317,0.6515268388162351,0.6021978016090321,
20,adom_matched,0.7634615384615384,0.4141323792486583,0.7660714285714286,0.42524916943521596,0.8311688311688312,0.4393939393939394,0.6882591093117408,0.4346153846153846,0.11538461538461539,0.8602316602316602,0.9374517374517375,-0.07722007722007729,0.33808496806786853,-0.25176174871143525,0.5047355769230769,0.871201923076923,0.2593470483005367,0.6780411449016099,0.4980357142857143,0.8911160714285714,0.23907807308970103,0.6961378737541527,0.5107142857142858,0.961038961038961,0.17664141414141415,0.7676767676767676,0.33593117408906886,0.8825910931174089,0.21923076923076923,0.7077884615384615,0.0,0.8527421652421653,0.6015035962301587,0.9274701795600232,0.7019213018822393,0.9726625991679566,-0.22690097570128534,0.02170873466345602,-0.48487485935684016,1.8047015010507388,0.6912790697674419,-0.09976099141150498,-2.610034173147635,-0.799921273784549,-1.1530152495598478,26,14,4,-1.8864128071915902,-3.3336555391036797,-1.1530152495598478,0.2177059081022334,0.5788430879991386,0.7613333333333333
20,dom_matched,0.5057692307692307,0.6511627906976745,0.48214285714285715,0.6760797342192691,0.5584415584415584,0.7323232323232324,0.41295546558704455,0.6192307692307693,0.8461538461538461,0.7915057915057915,0.8679536679536679,-0.07644787644787643,0.16508731868834278,-0.36544180476949806,0.3230528846153846,0.7558173076923076,0.4096377459749553,0.8023255813953488,0.25892857142857145,0.7607142857142857,0.39194352159468443,0.8372508305647841,0.2942640692640693,0.8485930735930736,0.3736111111111111,0.898989898989899,0.19827935222672066,0.7533400809716596,0.35759615384615384,0.8153846153846154,0.11888888888888888,1.0,0.6037258687258688,0.8895774196815863,0.6501737451737452,0.9535639548216948,-0.1731184673339292,0.0505050505050505,-0.8307288334689465,1.3405662682534627,0.6598837209302325,1.1875007613183945,2.455440932804644,0.04062500000202333,3.8223399282799404,26,14,4,2.8774435293566496,2.0334383362526385,3.8223399282799404,-0.02036195692290081,0.5359858699108299,0.8202222222222222
20,probe_strat,0.7153846153846154,0.37924865831842575,0.7107142857142857,0.38870431893687707,0.7575757575757576,0.36363636363636365,0.7125506072874493,0.4153846153846154,0.6666666666666666,0.6501930501930502,0.8200772200772201,-0.16988416988416988,-0.024368470622409485,-0.04807736343450768,0.46723557692307693,0.8529086538461538,0.2244856887298748,0.5831842576028623,0.42857142857142855,0.876875,0.21586378737541528,0.6212624584717608,0.4458874458874459,0.9523809523809523,0.10606060606060606,0.6768939393939393,0.3603238866396761,0.8623481781376519,0.1922115384615385,0.6962499999999999,0.27542735042735045,1.0,0.47459955034645435,0.8011031215946077,0.5811921296296296,0.9331883285984849,-0.31967576915634677,0.018938043986034603,-5.092749326577913,4.015770854530374,0.5959302325581395,-0.3123908360748725,-0.9651925533703067,-2.3008540227601304,3.867029712369043,26,14,7,-1.1975242899646,-0.7328608167760137,3.867029712369043,-0.02691627298234143,-0.019272865902545466,0.8568228652439179
20,probe_strat_noinit,0.7836538461538461,0.3756708407871199,0.7964285714285714,0.37375415282392027,0.8744588744588745,0.2777777777777778,0.7246963562753036,0.45,0.5897435897435898,0.7428571428571429,0.8756756756756757,-0.13281853281853284,0.132014664895852,-0.06451378126281537,0.5336057692307692,0.8798317307692307,0.22538014311270127,0.5840787119856887,0.4963839285714286,0.9071874999999999,0.21756644518272428,0.6179817275747509,0.5366883116883118,0.9653679653679653,0.08585858585858586,0.6364898989898988,0.3845141700404859,0.8906882591093117,0.19990384615384618,0.7077884615384615,0.18518518518518517,1.0,0.5479784018870706,0.8535276813271605,0.6533712121212122,0.939006084006084,-0.2664217903444272,0.027896825396825302,-1.6728285850429483,1.50800066202387,0.6802325581395349,-0.21140333758235225,-0.7830241120037471,-1.7523501207321475,1.916211988531249,26,14,7,-0.606258513209825,-0.9597897107976691,1.916211988531249,-0.02867777072304082,0.4533995361336373,0.8481244525455052
20,probe_matched,0.573076923076923,0.4937388193202147,0.5142857142857142,0.5299003322259136,0.6233766233766234,0.4595959595959596,0.4939271255060729,0.5615384615384615,0.6666666666666666,0.7003861003861004,0.8818532818532818,-0.18146718146718144,-0.4753215787797217,-0.09875160426363687,0.33360576923076923,0.7029807692307691,0.34698121645796065,0.6949910554561717,0.2714285714285714,0.6965178571428571,0.3554817275747508,0.7492109634551495,0.2985930735930736,0.8269480519480519,0.20707070707070707,0.7880050505050503,0.18218623481781376,0.7004048582995951,0.35,0.7884615384615384,0.15326923076923077,1.0,0.5056786616161617,0.8093805630804953,0.7329267760962808,0.9513513513513514,-0.3473193473193473,-0.05030959752321984,-10.391680793969822,10.23703827134056,0.5348837209302325,0.8221233301545678,0.644388056063324,-1.8814781486771903,4.371043256104048,26,14,4,1.473124587677688,-0.18434847555103975,4.371043256104048,-0.8546683861253422,0.2833720359115195,0.833777777777778
20,dom_regular,0.9913461538461539,0.7701252236135957,0.9928571428571429,0.7109634551495017,0.9913419913419913,0.7272727272727273,1.0,0.7923076923076923,0.0641025641025641,0.9969111969111969,0.9992277992277993,-0.0023166023166023564,0.36615611298323164,-0.05688232841554168,0.8923076923076924,1.0,0.5034883720930233,0.9481440071556351,0.8928125,1.0,0.4268687707641196,0.9386212624584717,0.8614718614718615,1.0,0.4140151515151515,0.9748737373737372,0.8865384615384616,1.0,0.4960576923076923,0.9730769230769231,0.0,0.40797720797720777,0.9660467549592936,1.0,0.9550839634169627,1.0,-0.016978276353276426,0.028330336068337632,0.23795290839696426,0.5167447232032493,1.0,0.2513316591828993,-0.5105967602162729,0.303924593926228,-0.09650391089210407,26,14,11,-0.38046469861708004,-0.6407288218154656,-0.09650391089210407,0.3649394931855473,0.3685893525786002,
20,dom_regular_verberase,0.9884615384615385,0.5304114490161002,0.9910714285714286,0.45514950166112955,0.9956709956709957,0.5202020202020202,0.9838056680161943,0.5307692307692308,0.07692307692307693,0.911969111969112,0.4918918918918919,0.4200772200772201,0.47073878014076864,0.005630024205999621,0.9057211538461538,1.0,0.31748658318425765,0.7424194991055456,0.9142857142857143,1.0,0.23920265780730898,0.7242524916943521,0.8916666666666667,1.0,0.25252525252525254,0.8181818181818182,0.8785425101214575,1.0,0.29990384615384613,0.7884615384615384,0.0,0.5792124542124534,0.7714360298048649,0.9675085277639457,0.31964637256303924,0.6726227398284669,0.2391640866873065,0.5517204867204868,0.31544124474836094,0.6720615746496328,0.9936046511627907,0.005053630165135413,-0.8005853085692395,0.06709487383647035,-0.2729868744016852,26,14,11,-0.6076248633916808,-0.9935457537467982,-0.2729868744016852,0.5216881164679561,0.36884010748639356,
20,dom_regular_rank2,0.9836538461538461,0.30143112701252234,0.9875,0.2591362126245847,1.0,0.2828282828282828,0.9757085020242915,0.28846153846153844,0.20512820512820512,0.8162162162162162,0.5644787644787644,0.25173745173745177,0.5975779951140748,-0.042003100208784915,0.8759375,0.9981009615384615,0.18155187835420394,0.5483899821109123,0.873125,1.0,0.13114617940199336,0.5183554817275746,0.9090909090909091,1.0,0.10101010101010101,0.6363636363636364,0.8178137651821862,1.0,0.1346153846153846,0.5884615384615385,0.025595238095238098,0.8217261904761902,0.6195499727668846,0.9107456563706563,0.3790233652559085,0.7307113603988604,0.07643296436640087,0.3754134491634491,0.38619577597499766,0.9129665400816879,0.9703488372093023,-0.3344643086674464,-0.9210218020602114,-0.15647493234322557,-0.40987665079199515,26,14,11,-0.7781534248870764,-1.0638901792333466,-0.40987665079199515,0.6234494276019611,0.5458351301383024,
21,adom_matched,0.760576923076923,0.39803220035778175,0.7553571428571428,0.4003322259136213,0.8571428571428571,0.43434343434343436,0.6558704453441295,0.4076923076923077,0.1282051282051282,0.8401544401544402,0.9297297297297298,-0.0895752895752896,0.29949951961285587,-0.24936402652240855,0.5153846153846153,0.8721874999999999,0.2459525939177102,0.6610241502683364,0.5035267857142857,0.8839732142857142,0.23068936877076415,0.7027408637873753,0.4805194805194805,0.961038961038961,0.1816919191919192,0.8181818181818182,0.3643724696356275,0.8988866396761133,0.20375000000000001,0.6846153846153846,0.0,0.9093660968660969,0.5709214571714571,0.922027027027027,0.6617074170524692,0.9706815175565175,-0.23369394177812744,0.034806949806949795,-0.595692822580986,1.9996308123751605,0.6779069767441861,-0.2317075939740001,-2.8571162995588946,-0.9642772918161899,-1.2855111061433828,26,14,4,-2.1254167274838953,-3.588815871633894,-1.2855111061433828,0.17678006267932284,0.544938433479922,0.7175555555555556
21,dom_matched,0.5134615384615384,0.6359570661896243,0.48214285714285715,0.6694352159468439,0.5324675324675324,0.6919191919191919,0.44534412955465585,0.6038461538461538,0.8461538461538461,0.7714285714285715,0.8301158301158301,-0.05868725868725866,0.0640956170976171,-0.35221178433341627,0.3326201923076923,0.7462259615384614,0.41229874776386405,0.7772808586762076,0.2908928571428572,0.7643749999999999,0.3886627906976744,0.8272425249169435,0.26396103896103895,0.8745670995670995,0.3330808080808081,0.8940656565656564,0.2145748987854251,0.7732793522267206,0.3384615384615385,0.8038461538461539,0.14717592592592593,1.0,0.5798537227703895,0.8694850852272726,0.621268677456758,0.9292350364525325,-0.1768467211631274,0.05264391447368425,-1.1145444175143107,1.0760523190933566,0.6575581395348837,1.1472186290978066,2.513941483857905,-0.057141616005514116,3.9839988736301306,26,14,4,2.964328061352518,2.063554906363292,3.9839988736301306,-0.08973805917761477,0.37176296964808075,0.7993333333333333
21,probe_strat,0.7365384615384616,0.3622540250447227,0.7464285714285714,0.36710963455149503,0.7662337662337663,0.37373737373737376,0.7530364372469636,0.34615384615384615,0.6666666666666666,0.6841698841698842,0.8355212355212355,-0.15135135135135125,-0.19345397254020436,-0.03940927422573688,0.48170673076923076,0.8750721153846153,0.20659660107334527,0.5752012522361359,0.43924107142857144,0.8804464285714285,0.18932724252491695,0.632890365448505,0.39826839826839827,0.9481601731601731,0.1111111111111111,0.7121212121212122,0.3805668016194332,0.9068825910931174,0.16528846153846155,0.669326923076923,0.2945064102564103,1.0,0.4895366795366795,0.8054054054054054,0.558880461714927,0.9312593482905983,-0.2906371406371406,0.06719946136612795,-7.954245712546149,7.343089805394985,0.5924418604651163,-0.5829671269248173,-1.1332911356286954,-2.261344272983496,3.380918178045171,26,14,7,-1.226678169234564,-1.0399041020228268,3.380918178045171,-0.17928824278204653,-0.22178543205652002,0.8284076605655553
21,probe_strat_noinit,0.7932692307692307,0.3488372093023256,0.8214285714285714,0.3272425249169435,0.8571428571428571,0.26262626262626265,0.7813765182186235,0.38076923076923075,0.6282051282051282,0.7552123552123552,0.8625482625482626,-0.10733590733590737,-0.0006029239425878836,-0.05386098700937981,0.5518509615384616,0.8913701923076923,0.21017441860465116,0.5609123434704829,0.5142857142857142,0.9071874999999999,0.20431893687707642,0.5864202657807309,0.5194805194805194,0.9653679653679653,0.07575757575757576,0.6364898989898988,0.41700404858299595,0.9069838056680161,0.19605769230769232,0.6653846153846154,0.1433862433862434,1.0,0.5417825200255542,0.8390625,0.6307118053480283,0.9386374464551097,-0.26549885359537817,0.06350619195046442,-1.9785985867664233,1.7767316282709897,0.6813953488372093,-0.34417776491848484,-0.9901406842154543,-1.8249147314812324,1.5684421246853102,26,14,7,-0.751829943665011,-1.2284514247658975,1.5684421246853102,-0.14245222876740637,0.28309568570704924,0.837190147084884
21,probe_matched,0.5894230769230769,0.48300536672629696,0.5482142857142858,0.5149501661129569,0.6147186147186147,0.494949494949495,0.5344129554655871,0.5076923076923077,0.6025641025641025,0.7243243243243244,0.8818532818532818,-0.15752895752895746,-0.8307558195984076,-0.0938530329078151,0.3479807692307692,0.7432692307692308,0.31305903398926654,0.6985688729874776,0.29285714285714287,0.7571428571428571,0.3205564784053156,0.7525747508305647,0.2985930735930736,0.8485930735930736,0.19696969696969696,0.7930555555555554,0.19433198380566802,0.740991902834008,0.3153846153846154,0.7692307692307693,0.11485042735042736,0.9752492877492878,0.5126608751608751,0.8306432379349046,0.7137039465164465,0.9598573573573573,-0.3320999621224115,-0.021743199103545302,-14.43294151669164,12.199879895657228,0.5436046511627907,0.6276019099599216,-0.04159947846484033,-1.9969463990189322,3.2401325707850135,26,14,4,0.440596419290572,-0.5237953762202526,3.2401325707850135,-1.179893992015224,-0.13247947476477467,0.7937777777777779
21,dom_regular,0.9884615384615385,0.7683363148479427,0.9892857142857143,0.7192691029900332,0.9956709956709957,0.7222222222222222,0.9959514170040485,0.7923076923076923,0.0641025641025641,0.9976833976833976,0.9992277992277993,-0.001544401544401608,0.361327530956894,-0.06320844749295942,0.8836538461538461,1.0,0.49984347048300537,0.9552996422182469,0.8874553571428571,1.0,0.42848837209302326,0.9418604651162791,0.8787878787878788,1.0,0.4039141414141414,0.9646464646464646,0.8581983805668016,1.0,0.5,0.9807692307692307,0.0,0.3918269230769231,0.9527570331936972,1.0,0.9374890734265734,1.0,-0.022040497508733842,0.03716885616266429,0.22473803996693956,0.5217228467909047,1.0,0.2456299972428369,-0.5556939385449337,0.33013260665386807,-0.11709197942098426,26,14,11,-0.4294682083003741,-0.6819196687894932,-0.11709197942098426,0.35946243182602844,0.3650577292186251,
21,dom_regular_verberase,0.9855769230769231,0.537567084078712,0.9857142857142858,0.4684385382059801,0.9956709956709957,0.5252525252525253,0.9878542510121457,0.5461538461538461,0.07692307692307693,0.901930501930502,0.4957528957528958,0.4061776061776062,0.4799906988163081,-0.003606482014698303,0.8817067307692308,1.0,0.34521466905187836,0.7540921288014311,0.8766964285714286,1.0,0.260797342192691,0.7193106312292359,0.8958874458874458,1.0,0.24242424242424243,0.8282828282828283,0.8582995951417004,1.0,0.2923076923076923,0.7807692307692308,0.0,0.4630341880341867,0.7412984412984412,0.9597739579473326,0.3351683075679928,0.6797821004941382,0.21509286248034246,0.5243554766410785,0.3084316875380375,0.6930134400981535,0.9941860465116279,0.0050994292452924235,-0.8355976575794857,0.10032329425302829,-0.35341323051001,26,14,11,-0.6394456236845774,-1.031749691474394,-0.35341323051001,0.5225971347951432,0.39477782685863766,
21,dom_regular_rank2,0.9721153846153846,0.3148479427549195,0.975,0.2807308970099668,1.0,0.2878787878787879,0.9676113360323887,0.31153846153846154,0.19230769230769232,0.8077220077220078,0.583011583011583,0.2247104247104248,0.6206130825879662,-0.04899423501526898,0.8596153846153847,0.9980769230769231,0.18600178890876565,0.5536672629695886,0.8499553571428571,1.0,0.14285714285714285,0.5632890365448503,0.9134199134199135,1.0,0.10593434343434345,0.6161616161616161,0.8055668016194333,1.0,0.12673076923076923,0.6038461538461538,0.025080128205128206,0.855,0.5991584683641975,0.8927904527904528,0.37836579215312777,0.7366060363053146,0.047608911985846915,0.3395775218749255,0.4107371477005302,0.9333777136567403,0.9680232558139535,-0.33386882141972485,-0.9374925525846542,-0.10026444420569375,-0.42085000541578665,26,14,11,-0.7993877734546123,-1.075597331714696,-0.42085000541578665,0.638672667276086,0.5844939132117265,
22,adom_matched,0.7567307692307692,0.4069767441860465,0.7553571428571428,0.4053156146179402,0.8441558441558441,0.4393939393939394,0.6558704453441295,0.41923076923076924,0.11538461538461539,0.8424710424710424,0.9312741312741313,-0.08880308880308885,0.2246528849663645,-0.2532194972914083,0.5153125,0.8779326923076922,0.2468470483005367,0.6833855098389983,0.48741071428571425,0.8857589285714285,0.2292358803986711,0.7159883720930232,0.4458874458874459,0.9653679653679653,0.18674242424242427,0.8285353535353533,0.32388663967611336,0.8744939271255061,0.2153846153846154,0.7308653846153845,0.0,0.8461538461538461,0.5842995931537598,0.9192199337121212,0.6911626838235294,0.9722167405500738,-0.22063510449770815,0.009393029141481053,-0.6230842365621515,1.403911892598938,0.6819767441860465,-0.14232637177273266,-2.789745871001635,-0.8476726431868667,-1.1850909985719134,26,14,4,-2.196482137230767,-3.383009604772503,-1.1850909985719134,0.0928712400034163,0.48821617489226077,0.7366666666666667
22,dom_matched,0.5278846153846154,0.6305903398926654,0.5035714285714286,0.6644518272425249,0.5541125541125541,0.696969696969697,0.4534412955465587,0.6038461538461538,0.8205128205128205,0.7714285714285715,0.8548262548262548,-0.08339768339768339,0.029232348026766292,-0.36438088817150877,0.3375,0.7586778846153845,0.4131484794275492,0.7872093023255814,0.2875,0.7572767857142856,0.4102574750830565,0.8372508305647841,0.26385281385281384,0.8571428571428571,0.3433080808080808,0.8890151515151513,0.20647773279352227,0.7571862348178137,0.3730769230769231,0.8039423076923077,0.12,0.9802962962962962,0.5888770913770914,0.8795752895752896,0.640919099903475,0.9425108225108225,-0.18974371693121692,0.030468358801692116,-1.1368965014048393,0.9045637795503694,0.6674418604651163,1.0505567844991912,1.8118376882828424,-0.1159523159368967,3.3555474012365885,26,14,4,2.2020096711438173,1.4216657054218675,3.3555474012365885,-0.14193881815432297,0.37157468038894487,0.8017777777777777
22,probe_strat,0.7211538461538461,0.4221824686940966,0.7357142857142858,0.40365448504983387,0.7012987012987013,0.5151515151515151,0.7894736842105263,0.35384615384615387,0.6410256410256411,0.6656370656370656,0.8332046332046332,-0.16756756756756763,0.23253220369532063,-0.03885221392203478,0.4451682692307692,0.8740625,0.24235241502683363,0.627906976744186,0.4232142857142857,0.8875446428571427,0.2159468438538206,0.6644933554817276,0.35064935064935066,0.922077922077922,0.16161616161616163,0.7779040404040403,0.3765182186234818,0.9271255060728745,0.1728846153846154,0.6846153846153846,0.21428571428571427,1.0,0.46745356037151703,0.7948722910216718,0.5636878198077864,0.9152906378600821,-0.31867284447536215,0.046474625425218775,-2.963280726239486,3.6230908028202022,0.6517441860465116,-0.121228147381258,-0.8900350973792235,-1.7713409812543042,3.2732879845961738,26,14,7,-0.9139126353692976,-0.8661575593891493,3.2732879845961738,0.2697971638897609,0.1580022833064402,0.8431810333915596
22,probe_strat_noinit,0.8028846153846154,0.3828264758497317,0.8321428571428572,0.34717607973421927,0.8484848484848485,0.3484848484848485,0.8137651821862348,0.4115384615384615,0.6025641025641025,0.7613899613899614,0.8471042471042471,-0.08571428571428574,0.24127779195207757,-0.05069129720788225,0.5490144230769232,0.8827163461538461,0.2423747763864043,0.5957737030411449,0.5357142857142857,0.9285714285714286,0.20427740863787378,0.5964285714285713,0.4935064935064935,0.9395021645021645,0.13623737373737374,0.6869949494949493,0.43724696356275305,0.9231781376518218,0.21923076923076923,0.7,0.13760683760683765,1.0,0.5337454405162739,0.8391887626262626,0.633749707697067,0.933910306845004,-0.26228258599553167,0.04571922408017924,-0.9774682020346511,1.2981903338116487,0.7191860465116279,-0.1231705140685679,-0.939697214017319,-1.4977971828138876,1.6378203743929558,26,14,7,-0.7180056428044818,-1.161388785230156,1.6378203743929558,0.14427431678560335,0.4352847422850263,0.8366118072960178
22,probe_matched,0.6105769230769231,0.4749552772808587,0.5839285714285715,0.4850498338870432,0.6060606060606061,0.47474747474747475,0.5789473684210527,0.5346153846153846,0.6025641025641025,0.694980694980695,0.8733590733590734,-0.17837837837837833,-0.43690390496655884,-0.10377924455265121,0.3451442307692308,0.7491105769230768,0.326453488372093,0.6905858676207512,0.3070982142857143,0.7678571428571429,0.32387873754152824,0.7342192691029901,0.2857142857142857,0.8225108225108225,0.21212121212121213,0.7878787878787878,0.22661943319838057,0.7450404858299594,0.3230769230769231,0.7693269230769231,0.11517094017094019,0.9616096866096866,0.5046340413832674,0.8317534645437122,0.695406464021015,0.9550926247762431,-0.3234043835174015,-0.01625292862521972,-12.320654012942983,6.517248760565489,0.5744186046511628,0.5863516581949197,-0.10842426669836044,-1.744928895199666,2.487116233245488,26,14,4,0.17599346688026873,-0.3928420002769896,2.487116233245488,-0.658738505606068,0.0067652963124596455,0.7962222222222224
22,dom_regular,0.9913461538461539,0.7835420393559929,0.9928571428571429,0.7225913621262459,0.9956709956709957,0.7474747474747475,0.9919028340080972,0.8038461538461539,0.0641025641025641,0.9969111969111969,0.9992277992277993,-0.0023166023166023564,0.3736020409618056,-0.06058933565944438,0.8884375,1.0,0.4909660107334526,0.9579606440071556,0.8910267857142857,1.0,0.4053156146179402,0.948546511627907,0.8658008658008658,1.0,0.4090909090909091,0.9698232323232322,0.8704453441295547,1.0,0.5038461538461538,0.9769230769230769,0.0,0.46068376068375955,0.9520721086346087,1.0,0.9496710526315789,1.0,-0.027100973003388255,0.023176959132899282,0.23542412472083746,0.5361515282517523,1.0,0.25562221702466204,-0.48425801440667643,0.3393659624667757,-0.0283731538463502,26,14,11,-0.3679930787249114,-0.6005229500884415,-0.0283731538463502,0.37151649004069276,0.3777731428040313,
22,dom_regular_verberase,0.9875,0.5679785330948122,0.9857142857142858,0.5,1.0,0.5404040404040404,0.9878542510121457,0.573076923076923,0.07692307692307693,0.9073359073359073,0.5127413127413127,0.39459459459459456,0.4986954017261365,-0.00012942351609431286,0.8874759615384615,1.0,0.34695885509839,0.7960867620751342,0.8660714285714286,1.0,0.27740863787375414,0.7658222591362126,0.8961038961038961,1.0,0.27260101010101007,0.8435606060606059,0.8582995951417004,1.0,0.3153846153846154,0.819326923076923,0.0,0.5025641025641017,0.7538460636370854,0.9642735887301105,0.3335890375032783,0.6775751725751725,0.21077491554054062,0.5371965530176623,0.3328608771328051,0.7103616393226869,0.9976744186046511,0.04730802048177707,-0.7075070068941908,0.1577583489646585,-0.22967825302018338,26,14,11,-0.501958568516237,-0.9130554452721446,-0.22967825302018338,0.5356811297933701,0.424723945591669,
22,dom_regular_rank2,0.9769230769230769,0.36404293381037567,0.9785714285714285,0.3239202657807309,1.0,0.36363636363636365,0.9757085020242915,0.35,0.2564102564102564,0.8362934362934363,0.5876447876447877,0.24864864864864866,0.641859449008278,-0.04035763726476895,0.8692067307692308,0.9980769230769231,0.2262969588550984,0.6189847942754919,0.8499553571428571,1.0,0.15776578073089703,0.6064368770764119,0.922077922077922,1.0,0.15151515151515152,0.7224747474747473,0.805668016194332,1.0,0.15384615384615385,0.6230769230769231,0.037037037037037035,0.808819444444444,0.6388541666666666,0.9117307540549728,0.40423731361231363,0.745940170940171,0.09047662588968645,0.35125236742424243,0.42056036401735936,0.9461677218261381,0.9784883720930233,-0.24101252767159673,-0.7382261533292975,-0.01195952404082303,-0.18801775644311622,26,14,11,-0.5882959818535369,-0.8881563248050582,-0.18801775644311622,0.6586094039024808,0.6083595392198723,
23,adom_matched,0.7625,0.3935599284436494,0.7607142857142857,0.3920265780730897,0.8484848484848485,0.42424242424242425,0.659919028340081,0.4076923076923077,0.08974358974358974,0.8277992277992278,0.918918918918919,-0.0911196911196912,0.24505176184563787,-0.2545783360770977,0.5144230769230769,0.884639423076923,0.23255813953488372,0.6699686940966011,0.49281250000000004,0.8875446428571427,0.20926079734219272,0.7026993355481728,0.5064935064935064,0.9696969696969697,0.15656565656565657,0.7779040404040403,0.32793522267206476,0.8825910931174089,0.18846153846153846,0.7115384615384616,0.0,0.7857142857142857,0.5633061383061383,0.917227132167207,0.669493048942462,0.9659442724458205,-0.222241512345679,0.017046332046332026,-0.697360637113095,1.548079409304368,0.6796511627906977,-0.25487681873323775,-3.433525182777962,-0.9771945608361262,-1.6360097328056271,26,14,4,-2.797129814719231,-4.069920550836693,-1.6360097328056271,0.06810964081224605,0.5989360039124216,0.7206666666666667
23,dom_matched,0.5259615384615385,0.6350626118067979,0.49642857142857144,0.6727574750830565,0.5411255411255411,0.6919191919191919,0.4574898785425101,0.6115384615384616,0.7948717948717948,0.759073359073359,0.8424710424710424,-0.08339768339768339,-0.03405631825478955,-0.36432864187631847,0.33653846153846156,0.7759615384615385,0.38184257602862254,0.778175313059034,0.28035714285714286,0.7785714285714286,0.36532392026578075,0.8322674418604651,0.25097402597402596,0.9134199134199135,0.2777777777777778,0.9040404040404041,0.2145748987854251,0.7935222672064778,0.33076923076923076,0.8231730769230768,0.07142857142857142,0.9757834757834752,0.578928375469548,0.8778217503217502,0.6468005952380953,0.9411835463936978,-0.19000000000000003,0.024145299145299018,-1.2573276260129438,1.1045244284597142,0.6651162790697674,1.0938777833389133,1.6098958280645106,-0.16608664713023483,3.229105302230001,26,14,4,2.1126915711940324,1.1071000849349888,3.229105302230001,-0.19300285327516153,0.2838367517859544,0.7962222222222223
23,probe_strat,0.7269230769230769,0.43738819320214667,0.7267857142857143,0.44518272425249167,0.7142857142857143,0.5454545454545454,0.7894736842105263,0.36923076923076925,0.6410256410256411,0.5791505791505791,0.8054054054054054,-0.2262548262548263,0.20962917985810775,-0.03062863936684841,0.4480528846153846,0.8779567307692306,0.251319320214669,0.6332737030411449,0.38924107142857145,0.8982589285714285,0.2159468438538206,0.6694352159468439,0.3938311688311688,0.9393939393939394,0.15151515151515152,0.7626262626262627,0.3765182186234818,0.9230769230769231,0.15759615384615386,0.676923076923077,0.2222222222222222,1.0,0.4362835362835363,0.7560135135135134,0.5419943569943569,0.907820825211176,-0.34499644886363634,0.06424772552868524,-2.842962000874079,3.3011382185390397,0.666860465116279,0.0038822741290092055,-0.7928890540408395,-1.602282698917012,3.293566261778871,26,14,7,-0.9330688185971905,-0.6527092894844886,3.293566261778871,0.35979399852605526,-0.09070045747778721,0.8573890028100555
23,probe_strat_noinit,0.8163461538461538,0.3998211091234347,0.8392857142857143,0.3787375415282392,0.8528138528138528,0.3333333333333333,0.8137651821862348,0.4307692307692308,0.5128205128205128,0.6826254826254826,0.8231660231660232,-0.14054054054054055,0.2578865583479185,-0.042158583884328665,0.5441826923076922,0.9019711538461538,0.24686940966010734,0.5993515205724508,0.5427232142857142,0.9357142857142857,0.20926079734219272,0.6229235880398671,0.48917748917748916,0.974025974025974,0.12626262626262627,0.702020202020202,0.45334008097165995,0.9271255060728745,0.2114423076923077,0.7230769230769231,0.07407407407407407,1.0,0.47836261031390903,0.7923147924710424,0.5920516663279821,0.9254300164143945,-0.2957744942874762,0.03715635177515981,-0.7948405256340201,1.3976651668339815,0.7436046511627907,-0.042422681161563926,-0.9852496421445514,-1.3157333243121665,1.5110723831717414,26,14,7,-0.8059650803375354,-1.1645342039515671,1.5110723831717414,0.2273012341349827,0.3190572067737901,0.8174613047770942
23,probe_matched,0.6105769230769231,0.49552772808586765,0.5767857142857142,0.5249169435215947,0.5974025974025974,0.5050505050505051,0.5870445344129555,0.5,0.5256410256410257,0.6996138996138996,0.8409266409266409,-0.1413127413127413,-0.18526223901752145,-0.09746635032165048,0.3489903846153846,0.7528846153846154,0.3291368515205724,0.7066413237924866,0.30714285714285716,0.7625446428571427,0.318812292358804,0.7508305647840532,0.2857142857142857,0.8356060606060606,0.21212121212121213,0.8435606060606059,0.24281376518218623,0.7732793522267206,0.33076923076923076,0.7616346153846153,0.09259259259259259,0.9285714285714286,0.5024233621905239,0.8212094901142889,0.6750992063492064,0.9448382822028334,-0.3063330741455741,-0.013169035556806522,-7.690389505442836,6.390989619610653,0.5941860465116279,0.6061743625757776,-0.36597629906043727,-1.3918259612430892,1.530340646706239,26,14,4,0.19602691977577544,-0.92797951789665,1.530340646706239,-0.30677952199479097,0.05777232693701749,0.8017777777777779
23,dom_regular,0.989423076923077,0.7906976744186046,0.9910714285714286,0.7259136212624585,0.9956709956709957,0.7525252525252525,0.9919028340080972,0.8038461538461539,0.05128205128205128,0.9969111969111969,0.9992277992277993,-0.0023166023166023564,0.3625818800746674,-0.05874007624259794,0.8855528846153846,0.9980769230769231,0.5267889087656529,0.9606663685152057,0.8767410714285714,1.0,0.4417774086378738,0.9618355481727575,0.8353896103896105,1.0,0.43409090909090914,0.9797979797979798,0.854251012145749,1.0,0.5230769230769231,0.9846153846153847,0.0,0.3570105820105821,0.9498064569128399,1.0,0.949630668096443,1.0,-0.026575682082043386,0.025481150793650834,0.22496418439831076,0.5416198150383676,1.0,0.2820755354999739,-0.567263403659798,0.34304297290873453,-0.11836484211910467,26,14,11,-0.4985388593588891,-0.6359879479607069,-0.11836484211910467,0.3536595351121689,0.38042656999966423,
23,dom_regular_verberase,0.9817307692307692,0.5796064400715564,0.9839285714285714,0.5066445182724253,1.0,0.5757575757575758,0.9757085020242915,0.573076923076923,0.0641025641025641,0.8911196911196911,0.5405405405405406,0.35057915057915057,0.5015949957916122,-0.0009593861792916185,0.8778846153846154,0.9980769230769231,0.35865384615384616,0.7773479427549195,0.8803571428571428,1.0,0.2691029900332226,0.7591362126245847,0.895995670995671,1.0,0.25744949494949493,0.8484848484848485,0.8298582995951417,1.0,0.2960576923076923,0.8115384615384615,0.0,0.4444444444444444,0.7179374879063468,0.9529225654225654,0.365859317411175,0.6973938223938223,0.1802273899990619,0.46752310027851823,0.3209894381735038,0.731872366637668,0.9936046511627907,0.048162675386759224,-0.7938066139200946,0.15585791293487364,-0.35190811509964964,26,14,11,-0.6228010418615004,-0.9648121859786888,-0.35190811509964964,0.5252331449616683,0.45431869745150033,
23,dom_regular_rank2,0.9634615384615385,0.3488372093023256,0.9678571428571429,0.30398671096345514,1.0,0.3484848484848485,0.9554655870445344,0.3230769230769231,0.1794871794871795,0.78996138996139,0.6069498069498069,0.18301158301158305,0.6390946652701286,-0.04191021307620515,0.8461298076923077,0.9932692307692308,0.21281305903398928,0.609190518783542,0.8446428571428571,1.0,0.13783222591362126,0.5747923588039867,0.8961038961038961,1.0,0.13636363636363635,0.7171717171717171,0.7773279352226721,1.0,0.1346153846153846,0.6231730769230769,0.017268518518518523,0.7562499999999996,0.6079998553240741,0.8920653907496012,0.4270187896229563,0.7399710970144406,0.04562421281321537,0.3107881101898688,0.40083255783099564,0.9840227012473586,0.9680232558139535,-0.27902554193132645,-0.885724653651642,-0.027975878752766525,-0.401888019705585,26,14,11,-0.7789297852217801,-0.9925195220815038,-0.401888019705585,0.6375167846588987,0.6422504264925888,
24,adom_matched,0.7836538461538461,0.3926654740608229,0.7714285714285715,0.4069767441860465,0.8874458874458875,0.4444444444444444,0.7004048582995951,0.3923076923076923,0.07692307692307693,0.8285714285714286,0.9212355212355212,-0.09266409266409259,0.24152062193627633,-0.2613870797279884,0.5067067307692308,0.8846634615384614,0.23877459749552774,0.6950134168157424,0.49642857142857144,0.8892857142857142,0.24082225913621264,0.704360465116279,0.4933982683982684,0.9826839826839827,0.1715909090909091,0.7981060606060605,0.39271255060728744,0.8947368421052632,0.17692307692307693,0.7039423076923077,0.0,0.7692307692307693,0.5706268601190476,0.9197779072779072,0.6798562548562549,0.9669582293194496,-0.22968882154799364,0.026432730078563355,-0.6495567308505229,1.372894055830545,0.7127906976744186,-0.24120973486958458,-3.0661383156567927,-0.8499254984954897,-1.5083396816240475,26,14,4,-2.442174205872196,-3.69010242544139,-1.5083396816240475,0.07143894485272753,0.5816839761033739,0.7342222222222222
24,dom_matched,0.5394230769230769,0.6261180679785331,0.5035714285714286,0.6794019933554817,0.5627705627705628,0.6818181818181818,0.48582995951417,0.6038461538461538,0.782051282051282,0.7806949806949807,0.8416988416988417,-0.061003861003861015,-0.012839083966228978,-0.36351403624653206,0.34415865384615385,0.7972115384615385,0.38094812164579606,0.7764087656529517,0.28035714285714286,0.7821874999999999,0.4052740863787375,0.8272840531561462,0.2767316017316018,0.9004329004329005,0.29292929292929293,0.8939393939393939,0.22267206477732793,0.7814777327935222,0.3192307692307692,0.819326923076923,0.07148033126293996,0.9871794871794872,0.5819805194805194,0.8847202116977658,0.63548686316979,0.9351844921571484,-0.17505570844322135,0.05474609374999995,-1.139039997180907,0.830949443599212,0.6808139534883721,0.9554408315979976,1.4741482605355507,-0.233251779092851,2.95738396254554,26,14,4,1.9724126888801001,0.9758838321910012,2.95738396254554,-0.12825794207703275,0.2179986322553785,0.7937777777777778
24,probe_strat,0.7788461538461539,0.44543828264758495,0.7767857142857143,0.45182724252491696,0.7662337662337663,0.5707070707070707,0.8340080971659919,0.4076923076923077,0.6410256410256411,0.6749034749034749,0.8123552123552124,-0.13745173745173744,0.2857172240609359,-0.036562645761383725,0.5134615384615384,0.9028846153846154,0.2495304114490161,0.6316189624329158,0.4623214285714286,0.9125446428571428,0.24235880398671097,0.6794435215946844,0.4153679653679654,0.9567099567099567,0.16161616161616163,0.8082070707070705,0.4534412955465587,0.9473684210526315,0.18461538461538463,0.7076923076923077,0.19230769230769232,1.0,0.49651551849468517,0.8119754076450147,0.5936381743308987,0.9198625426893269,-0.28116612989801393,0.06529531425364747,-0.8341524724414154,1.3050528222210576,0.7441860465116279,0.03270528995576011,-0.5353470793162625,-1.0637845457775696,2.438200480960627,26,14,7,-0.5146251675995237,-0.5560689910330012,2.438200480960627,0.28755221678968046,0.2820472386034468,0.8800346573504468
24,probe_strat_noinit,0.85,0.4087656529516995,0.8625,0.4019933554817276,0.8744588744588745,0.3939393939393939,0.8582995951417004,0.4423076923076923,0.5384615384615384,0.752895752895753,0.8532818532818532,-0.1003861003861003,0.3252948506255292,-0.04603015609843851,0.6038461538461538,0.9192307692307692,0.24505813953488373,0.6055679785330949,0.5696428571428571,0.9500446428571427,0.23255813953488372,0.6428986710963456,0.5453463203463204,0.974025974025974,0.1311868686868687,0.7275252525252524,0.5020242914979757,0.9636639676113359,0.2114423076923077,0.7077884615384615,0.09094230769230773,1.0,0.5536655405405405,0.84598415255149,0.6457812500000001,0.9294110872235872,-0.25852526930287223,0.06637098595448315,-0.4489050586206326,1.0591826385470862,0.8058139534883721,0.0015167229620502432,-0.8111561886033642,-1.0140003687824795,1.3707663938267718,26,14,7,-0.6262563151654237,-0.9960560620413048,1.3707663938267718,0.25479099263441063,0.46630256660776637,0.8494802663223716
24,probe_matched,0.6423076923076924,0.5178890876565295,0.5892857142857143,0.5780730897009967,0.6406926406926406,0.5404040404040404,0.6153846153846154,0.5269230769230769,0.5769230769230769,0.7498069498069498,0.8656370656370657,-0.11583011583011582,-0.05818974365440122,-0.10573543152775328,0.3596153846153846,0.7683653846153846,0.3497093023255814,0.7084302325581395,0.31785714285714284,0.7715178571428571,0.36540697674418604,0.7724667774086379,0.2985930735930736,0.8571428571428571,0.23232323232323232,0.8284090909090908,0.24281376518218623,0.7935222672064778,0.31153846153846154,0.7616346153846153,0.12998051948051947,0.9452777777777777,0.5706370656370656,0.8548670715968324,0.7104632141414202,0.9422070312499999,-0.26575369075369076,-0.0007722007722007485,-5.498103675543817,1.9622689930229682,0.6377906976744186,0.4822038210540419,-0.14679759253153082,-0.9352660924713282,1.711658218386139,26,14,4,0.4445052287925307,-0.7381004138555923,1.711658218386139,-0.18376247867383788,0.19295572638447198,0.7882222222222224
24,dom_regular,0.9951923076923077,0.7719141323792487,0.9946428571428572,0.7043189368770764,1.0,0.7525252525252525,1.0,0.7807692307692308,0.038461538461538464,0.9969111969111969,0.9961389961389961,0.0007722007722007485,0.37226360011605913,-0.06186082010303155,0.9047836538461539,1.0,0.510711091234347,0.9615384615384616,0.9070982142857142,1.0,0.4301079734219269,0.9534883720930233,0.9004329004329005,1.0,0.43434343434343436,0.9848484848484849,0.8824898785425102,1.0,0.4883653846153846,0.9730769230769231,0.0,0.3,0.9437480709876543,1.0,0.9428571428571428,1.0,-0.026256350335297673,0.02953869047619039,0.23602657782221398,0.5456200809448932,1.0,0.24970950141110357,-0.5768554011942866,0.313939981677978,-0.14197576604773351,26,14,11,-0.5279525853761288,-0.6257582170124445,-0.14197576604773351,0.35834138363145746,0.40010803308526255,
24,dom_regular_verberase,0.9884615384615385,0.5706618962432916,0.9875,0.5066445182724253,1.0,0.5757575757575758,0.9878542510121457,0.5692307692307692,0.0641025641025641,0.8826254826254826,0.5783783783783784,0.3042471042471042,0.5148233104570469,0.0002401322204420673,0.8923076923076924,1.0,0.3694096601073345,0.7817754919499106,0.8963392857142858,1.0,0.2889119601328904,0.75593853820598,0.9307359307359307,1.0,0.25757575757575757,0.8789141414141413,0.8461538461538461,1.0,0.29615384615384616,0.7924038461538461,0.0,0.4439999999999999,0.7237837837837837,0.9539587872185912,0.3993578527860805,0.7144707406433413,0.15877639146451486,0.4427303042629947,0.3366110807997931,0.7282610668434398,0.9959302325581395,0.04176081527064151,-0.7645629407388981,0.13902879456794456,-0.33876122101136996,26,14,11,-0.5946455049113916,-0.9344803765664046,-0.33876122101136996,0.5211879741836769,0.5020939830037872,
24,dom_regular_rank2,0.9721153846153846,0.34973166368515207,0.9767857142857143,0.3122923588039867,1.0,0.3181818181818182,0.9676113360323887,0.3576923076923077,0.19230769230769232,0.8223938223938224,0.6131274131274131,0.20926640926640927,0.6315961633766839,-0.037406853233013175,0.8662980769230769,0.997139423076923,0.21645796064400716,0.6055679785330949,0.8624553571428571,1.0,0.16769102990033222,0.5830564784053156,0.9307359307359307,1.0,0.12626262626262627,0.7021464646464645,0.8055668016194333,1.0,0.15375000000000003,0.6269230769230769,0.009750000000000002,0.8219642857142856,0.6234186921296296,0.9119121326647388,0.4285576072534277,0.7458403010033444,0.060889278865066856,0.3148155381944444,0.4023922407207198,0.96257444542121,0.9709302325581395,-0.25919884084745654,-0.8155835748027385,-0.03366769666977578,-0.35682946539848914,26,14,11,-0.7154635669307439,-0.9157035826747332,-0.35682946539848914,0.6200541613823886,0.6546801673652746,
25,adom_matched,0.7846153846153846,0.37209302325581395,0.7785714285714286,0.3770764119601329,0.8787878787878788,0.4090909090909091,0.708502024291498,0.3923076923076923,0.07692307692307693,0.8038610038610039,0.9081081081081082,-0.10424710424710426,0.19694653715624422,-0.27018173601886236,0.5423076923076923,0.8836538461538461,0.2253577817531306,0.6414132379248658,0.5142410714285713,0.8982142857142857,0.2075996677740864,0.6661129568106312,0.5193722943722944,0.9826839826839827,0.15151515151515152,0.7777777777777778,0.3603238866396761,0.9029352226720646,0.1691346153846154,0.6923076923076923,0.0,0.7421851851851838,0.5570501309390199,0.9063970090130593,0.670299986687168,0.9591062884847307,-0.2353395061728395,1.9425019425000174e-05,-0.9047845879854618,1.8490967624235537,0.6825581395348838,-0.37963150586728156,-3.5696716203729126,-1.0758274636856422,-1.9530979439496297,26,14,4,-2.894789753313892,-4.244553487431934,-1.9530979439496297,-0.0029579732992566694,0.596755558067246,0.7206666666666667
25,dom_matched,0.5375,0.6180679785330948,0.5035714285714286,0.6644518272425249,0.5541125541125541,0.6666666666666666,0.46558704453441296,0.5846153846153846,0.6666666666666666,0.7722007722007722,0.8393822393822394,-0.06718146718146722,-0.1307166432901858,-0.37860446566152023,0.3432451923076923,0.7856490384615383,0.3631037567084079,0.7799865831842576,0.29281250000000003,0.7714732142857142,0.395265780730897,0.8322259136212624,0.2813852813852814,0.9091991341991341,0.2777777777777778,0.8891414141414139,0.22267206477732793,0.8097165991902834,0.3192307692307692,0.8038461538461539,0.03571428571428571,0.9642857142857143,0.5749615293560606,0.8765987415987415,0.6509652509652509,0.9342529465555781,-0.19763613315696657,0.03818017286767285,-1.4970425521381097,0.9079141114258942,0.6645348837209303,0.9667974789811522,0.9573271592378014,-0.378398615680766,2.549603648408932,26,14,4,1.4627864316481691,0.4518678868274338,2.549603648408932,-0.30189862982232374,0.21164732977409004,0.8066666666666666
25,probe_strat,0.7711538461538462,0.4490161001788909,0.7803571428571429,0.45182724252491696,0.7402597402597403,0.5656565656565656,0.8299595141700404,0.41923076923076924,0.5897435897435898,0.5992277992277992,0.7467181467181467,-0.1474903474903475,0.10734892228806511,-0.040223050279248634,0.5153846153846153,0.9019711538461538,0.2522137745974955,0.6610241502683364,0.4838392857142857,0.914330357142857,0.22757475083056478,0.6894102990033223,0.4155844155844156,0.9567099567099567,0.18181818181818182,0.8080808080808081,0.473582995951417,0.9473684210526315,0.1845192307692308,0.7385576923076923,0.15384615384615385,1.0,0.45078541943093026,0.7893998015873015,0.5440861344537815,0.8956032237456385,-0.2806657848324515,0.06795404500482627,-1.2232002809716913,1.0883975205807357,0.7534883720930232,0.1247355299326757,-0.7052290077022377,-1.1311648422694087,2.184357237961624,26,14,7,-0.457299853107373,-0.9531581622971025,2.184357237961624,0.08313293594640299,0.15578089497138925,0.862368724842409
25,probe_strat_noinit,0.8317307692307693,0.4364937388193202,0.8571428571428571,0.42857142857142855,0.8484848484848485,0.4292929292929293,0.8461538461538461,0.46923076923076923,0.48717948717948717,0.6972972972972973,0.7837837837837838,-0.08648648648648649,0.24035712478302962,-0.04669071646652978,0.5970432692307692,0.9106009615384615,0.26652504472271915,0.6137075134168156,0.5589285714285714,0.9428571428571428,0.22753322259136213,0.6446013289036544,0.5627705627705628,0.9741341991341991,0.1414141414141414,0.7171717171717171,0.5140688259109312,0.9433198380566802,0.2423076923076923,0.7230769230769231,0.06,0.9642857142857143,0.5100562409112057,0.8244574858448154,0.5929471628289474,0.913396843783104,-0.2539862351190476,0.06795366795366797,-0.5250943451257941,0.994983628661281,0.7982558139534883,0.10241474551292784,-0.8669996064382302,-1.0449267916914577,1.3253046740923646,26,14,7,-0.5230298220308237,-1.2109693908456367,1.3253046740923646,0.1347425389073609,0.45158629653436694,0.8208378522062733
25,probe_matched,0.635576923076923,0.5268336314847942,0.5892857142857143,0.5913621262458472,0.6623376623376623,0.51010101010101,0.582995951417004,0.5461538461538461,0.5128205128205128,0.7366795366795367,0.7984555984555984,-0.061776061776061764,-0.07345890231163969,-0.11149665546014867,0.3749759615384615,0.7798557692307692,0.34973166368515207,0.7209525939177102,0.3320982142857143,0.7911160714285713,0.3587209302325582,0.7724667774086379,0.30735930735930733,0.8701298701298701,0.20707070707070707,0.8385101010101008,0.21852226720647774,0.7894736842105263,0.3230769230769231,0.7807692307692308,0.1111111111111111,0.9230769230769231,0.5322133877474435,0.837201745014245,0.6329218106995885,0.90703125,-0.2239942611882716,0.043382756386224686,-3.8892722007455522,1.369687819300368,0.6424418604651163,0.5707772031192002,-0.2639945763728767,-1.103172379574589,1.595034963491287,26,14,4,0.37540267444029224,-0.9033918271860457,1.595034963491287,-0.21106084464219163,0.20174498234946409,0.7851111111111111
25,dom_regular,0.9961538461538462,0.7486583184257602,0.9964285714285714,0.6644518272425249,1.0,0.7272727272727273,1.0,0.7807692307692308,0.01282051282051282,0.9961389961389961,0.9984555984555985,-0.0023166023166023564,0.36293716343965904,-0.07289642460080374,0.9038221153846154,1.0,0.47672182468694096,0.9409660107334525,0.9,1.0,0.3704318936877076,0.9269102990033222,0.9003246753246754,1.0,0.36363636363636365,0.9797979797979798,0.8744939271255061,1.0,0.45,0.9615384615384616,0.0,0.3310833333333331,0.9309231701940035,1.0,0.9366294396125991,1.0,-0.03515946083099439,0.032283656246879004,0.21512254700983843,0.5477323676901676,1.0,0.22224976835790602,-0.5857948394104311,0.29701851472511603,-0.16734724191861416,26,14,11,-0.5539830486550403,-0.617606630165822,-0.16734724191861416,0.3543740238786114,0.3800634425617545,
25,dom_regular_verberase,0.9884615384615385,0.5491949910554562,0.9875,0.4867109634551495,1.0,0.5707070707070707,0.9878542510121457,0.5230769230769231,0.07692307692307693,0.8872586872586873,0.5583011583011583,0.32895752895752894,0.5133312068809891,0.0009234744071920894,0.8932451923076924,1.0,0.32737030411449014,0.7630366726296958,0.8785267857142857,1.0,0.25078903654485046,0.7625415282392026,0.922077922077922,1.0,0.24242424242424243,0.853661616161616,0.8623481781376519,1.0,0.2846153846153846,0.7846153846153846,0.0,0.4628561253561253,0.7167714808339809,0.9587795471035246,0.40275297619047623,0.7071825396825396,0.1563785183205125,0.4509720794434417,0.33305257346773526,0.7516402828839018,0.9965116279069768,0.012779280045530866,-0.7061029126642415,0.15399337383285797,-0.30367576510242383,26,14,11,-0.5731833278312748,-0.8390224974972084,-0.30367576510242383,0.5284806419501249,0.4830323367427175,
25,dom_regular_rank2,0.9778846153846154,0.33989266547406083,0.9803571428571428,0.3122923588039867,1.0,0.3383838383838384,0.97165991902834,0.3153846153846154,0.21794871794871795,0.803088803088803,0.5922779922779923,0.21081081081081077,0.6389120558280356,-0.04011440920681212,0.8797596153846153,0.9980769230769231,0.20930232558139536,0.5958184257602861,0.8606696428571429,1.0,0.1644518272425249,0.5880813953488372,0.922077922077922,1.0,0.12121212121212122,0.6818181818181818,0.7853238866396761,1.0,0.14596153846153848,0.6038461538461538,0.013450091575091574,0.78,0.6038934702932098,0.9034883456008554,0.4210475513107092,0.7460918898809523,0.04350684066000827,0.3222531386956697,0.3817892105128968,0.9592168341094803,0.9755813953488373,-0.27255567304093287,-0.7534316228522571,-0.04331020089818113,-0.3543926507081768,26,14,11,-0.7006324575250961,-0.806230788179418,-0.3543926507081768,0.6425695455786925,0.6315970763267215,
26,adom_matched,0.8365384615384616,0.39803220035778175,0.8410714285714286,0.4019933554817276,0.9393939393939394,0.43434343434343436,0.7489878542510121,0.40384615384615385,0.11538461538461539,0.8525096525096525,0.9351351351351351,-0.08262548262548264,0.29272652328121485,-0.2614019961401889,0.6334855769230769,0.9336538461538462,0.22985241502683365,0.6584302325581394,0.6035714285714285,0.9392857142857143,0.24572259136212626,0.7010797342192691,0.6492424242424243,1.0,0.1816919191919192,0.8131313131313131,0.4534412955465587,0.9433198380566802,0.2076923076923077,0.7,0.0,0.72,0.6134027777777777,0.9536974922844488,0.7229842495467496,0.9765947624643276,-0.2150918380727586,0.031497193891843044,-0.18923563376752972,0.9462327975093554,0.7982558139534883,-0.16090059565265494,-1.9317460146672931,-0.4918348978061644,-0.8480035819842896,26,14,4,-1.4695278258531987,-2.3939642034813873,-0.8480035819842896,0.13276321723964404,0.6126531353643566,0.7508888888888888
26,dom_matched,0.6576923076923077,0.6386404293381037,0.625,0.6843853820598007,0.70995670995671,0.7070707070707071,0.5951417004048583,0.5961538461538461,0.6794871794871795,0.857915057915058,0.8888030888030888,-0.030888030888030826,0.12156547817122085,-0.34619903100626526,0.41442307692307695,0.8606009615384616,0.37209302325581395,0.8005590339892665,0.3874107142857143,0.8732142857142857,0.4068936877076412,0.840531561461794,0.35043290043290043,0.961038961038961,0.30303030303030304,0.9090909090909091,0.3035425101214575,0.8866396761133604,0.3460576923076923,0.823076923076923,0.07142857142857142,1.0,0.6633076677868345,0.9319246646026831,0.7101462501462501,0.9603863636363636,-0.14999298540965217,0.054019236092898576,-0.41331126319139294,0.6511528366824729,0.7726744186046511,0.5995902180534898,0.5465771270822141,-0.1960836200955077,1.6477498596504183,26,14,4,0.8732369139476753,0.21991734021675272,1.6477498596504183,-0.006979973360719327,0.37865638123510126,0.8393333333333333
26,probe_strat,0.9673076923076923,0.5062611806797853,0.9732142857142857,0.48172757475083056,0.987012987012987,0.7070707070707071,0.9757085020242915,0.38846153846153847,0.6282051282051282,0.8046332046332046,0.8177606177606178,-0.013127413127413168,0.3591923891183256,-0.022258001638004454,0.7740384615384616,0.9951923076923077,0.30051431127012523,0.7146914132379248,0.7838392857142857,1.0,0.2591362126245847,0.707641196013289,0.753030303030303,1.0,0.26755050505050504,0.8940656565656564,0.7206477732793523,1.0,0.16153846153846155,0.7232692307692306,0.2502314814814815,1.0,0.655382035507183,0.9297555659514747,0.6515625,0.9567664092664092,-0.1637408837408837,0.14905888030888037,-0.05916167847844278,0.7429655398085288,0.9866279069767442,0.08437971654496945,-0.10114311773618062,-0.3452252111649454,1.341196470015194,26,14,7,-0.13781490948831188,-0.06447132598404935,1.341196470015194,0.3340570587191537,0.4094630499166695,0.94469031163768
26,probe_strat_noinit,0.9769230769230769,0.49016100178890876,0.9839285714285714,0.46677740863787376,0.9956709956709957,0.6060606060606061,0.979757085020243,0.45,0.5512820512820513,0.8687258687258688,0.861003861003861,0.007722007722007818,0.38200774727221226,-0.028768220663871847,0.8461057692307692,0.9980769230769231,0.30945885509838994,0.671757602862254,0.8624107142857144,1.0,0.2590531561461794,0.7010382059800665,0.8701298701298701,1.0,0.24242424242424243,0.8435606060606059,0.7933198380566803,1.0,0.19230769230769232,0.7308653846153845,0.10714285714285714,1.0,0.7389204545454545,0.9498069498069498,0.7057915057915058,0.9682608369862501,-0.1226865055948946,0.13447939885173926,0.07831364046099297,0.6488147695404398,0.9866279069767442,0.09592071988187381,-0.1919770824725932,-0.36117002955357863,0.9793032641716958,26,14,7,-0.1154105255585943,-0.2685436393865921,0.9793032641716958,0.31157312668577974,0.5228769884450777,0.9007958279537227
26,probe_matched,0.8586538461538461,0.5948121645796064,0.8785714285714286,0.6411960132890365,0.922077922077922,0.6363636363636364,0.8502024291497976,0.5884615384615385,0.6282051282051282,0.894980694980695,0.9335907335907336,-0.038610038610038644,0.3593180375075645,-0.09922240317532213,0.575,0.9336538461538462,0.40603756708407873,0.7889982110912342,0.5534375,0.9517857142857142,0.40693521594684384,0.8372923588039867,0.5496753246753248,0.9956709956709957,0.29292929292929293,0.9142676767676766,0.46558704453441296,0.9554655870445344,0.3652884615384615,0.8153846153846154,0.1478835978835979,1.0,0.7374204764829765,0.9557303807303806,0.7902375798181115,0.9844626823793491,-0.14133204633204632,0.05286280776515151,-0.11745163349249146,0.6236248653929048,0.9290697674418604,0.3364600654709493,0.1978274797423636,-0.2592225318290609,1.2005080820432577,26,14,4,0.38364413933327335,0.012010820151453808,1.2005080820432577,0.2794562857004654,0.5190415411217628,0.8744444444444444
26,dom_regular,1.0,0.8864042933810375,1.0,0.8305647840531561,1.0,0.8232323232323232,1.0,0.9307692307692308,0.08974358974358974,0.9992277992277993,0.9992277992277993,0.0,0.3675314277466149,-0.05075752355907879,0.9615144230769231,1.0,0.596556350626118,0.9866055456171735,0.9677678571428572,1.0,0.4983388704318937,0.9784468438538206,0.9567099567099567,1.0,0.494949494949495,1.0,0.9595141700404858,1.0,0.6150961538461539,1.0,0.0,0.4639880952380952,0.9814223444254404,1.0,0.9721964521964521,1.0,-0.007770007770007803,0.019306139952424743,0.23604464482447785,0.5016523763696139,1.0,0.284684272112669,-0.27503892375597216,0.3429209239658213,0.13265787346228827,26,14,11,-0.206222037437802,-0.34385581007414234,0.13265787346228827,0.34644273592023384,0.40970881139937704,
26,dom_regular_verberase,0.9951923076923077,0.5796064400715564,0.9946428571428572,0.5132890365448505,1.0,0.601010101010101,0.9919028340080972,0.5423076923076923,0.16666666666666666,0.9258687258687258,0.5814671814671815,0.34440154440154436,0.5225752308432232,-0.006229439236541988,0.9461538461538461,1.0,0.3675536672629696,0.8121869409660107,0.9374553571428571,1.0,0.2956810631229236,0.7807724252491695,0.9783549783549783,1.0,0.27260101010101007,0.898989898989899,0.902834008097166,1.0,0.3230769230769231,0.8,0.0,0.7051282051282052,0.7867476847909888,0.9791667641667642,0.4177267585666023,0.7218347537878788,0.17779203039726255,0.4927086014586014,0.36787681471954864,0.7125114721305503,1.0,0.04923746013122594,-0.3800053988278311,0.19028651404824762,0.03411512275349938,26,14,11,-0.26601605688086744,-0.4939947407747947,0.03411512275349938,0.5052940296557311,0.5571376332182073,
26,dom_regular_rank2,0.9932692307692308,0.36493738819320215,0.9946428571428572,0.313953488372093,1.0,0.3939393939393939,0.9878542510121457,0.34615384615384615,0.48717948717948717,0.8872586872586873,0.6586872586872586,0.22857142857142865,0.6178422026211341,-0.03305768427192019,0.9403846153846154,1.0,0.22627459749552775,0.6118515205724507,0.925,1.0,0.1527823920265781,0.599750830564784,0.9913419913419913,1.0,0.13131313131313133,0.7525252525252525,0.8866396761133604,1.0,0.16923076923076924,0.6270192307692307,0.07142857142857142,0.9431623931623934,0.7296021434495077,0.9490393490588803,0.4795258167278291,0.7929974724264706,0.07891812865497079,0.342124060150376,0.42567147361338553,0.8424922598778722,0.9906976744186047,-0.1660742569074854,-0.29058017832011007,0.023728014391085,0.15209639748695816,26,14,11,-0.2641914354324396,-0.3169689212077806,0.15209639748695816,0.6000033900054407,0.6535198278525212,
27,adom_matched,0.8826923076923077,0.3828264758497317,0.8767857142857143,0.3920265780730897,0.9696969696969697,0.4090909090909091,0.8340080971659919,0.40384615384615385,0.16666666666666666,0.9104247104247104,0.9536679536679536,-0.043243243243243246,0.5023456562150328,-0.2378173747046221,0.689375,0.9577403846153846,0.23521914132379249,0.6538685152057245,0.6873660714285714,0.9678571428571429,0.22587209302325584,0.6595099667774087,0.7316017316017316,1.0,0.16148989898989902,0.7678030303030301,0.5301619433198381,0.97165991902834,0.18846153846153846,0.7077884615384615,0.0,0.8461538461538461,0.6702595452595453,0.9795772938829788,0.7654420137966984,0.9901372701372702,-0.17407196969696961,0.04376953124999994,0.08309902096045896,1.2534240774577516,0.838953488372093,-0.15815654847977384,-1.4621820769197496,-0.48514380184579703,-0.5371508542497189,26,14,4,-0.9294467462406076,-1.9949174075988916,-0.5371508542497189,0.3784431047446509,0.7501507591557968,0.7675555555555554
27,dom_matched,0.7307692307692307,0.6243291592128801,0.7,0.6727574750830565,0.7575757575757576,0.6616161616161617,0.7044534412955465,0.6076923076923076,0.717948717948718,0.9196911196911197,0.9289575289575289,-0.009266409266409203,0.3375276238335393,-0.3141566332052081,0.46923076923076923,0.9039182692307691,0.3675536672629696,0.7987701252236136,0.4142410714285715,0.9036160714285714,0.36702657807308975,0.8472591362126245,0.3895021645021645,0.974025974025974,0.28775252525252526,0.9040404040404041,0.3967611336032389,0.9352226720647774,0.35384615384615387,0.8307692307692308,0.10012820512820514,1.0,0.7163558663558663,0.9643983468209475,0.7552297354348437,0.9811205497639653,-0.12265720541800323,0.06404369212962964,-0.09489204095997981,0.8325282681072421,0.8302325581395349,0.4756546953166631,0.51773752436512,-0.23830540065586522,1.430106203181365,26,14,4,0.895033838474807,0.140441210255433,1.430106203181365,0.2493961666351321,0.5137905382303536,0.8473333333333333
27,probe_strat,0.9951923076923077,0.3881932021466905,0.9946428571428572,0.3588039867109635,1.0,0.5555555555555556,0.9959514170040485,0.28846153846153844,0.8205128205128205,0.915057915057915,0.9420849420849421,-0.027027027027027084,0.5752606294369,-0.007455129479490046,0.9037740384615385,1.0,0.2316413237924866,0.6422406082289803,0.8945535714285715,1.0,0.19597176079734221,0.6528654485049834,0.8614718614718615,1.0,0.21199494949494951,0.8585858585858586,0.8744939271255061,1.0,0.13076923076923078,0.6655769230769228,0.42857142857142855,1.0,0.829020979020979,0.9852408008658008,0.8118424823633157,0.9921346247074021,-0.09524702940307511,0.08422058500246159,0.19851576370239984,0.9384716264384259,0.9936046511627907,-0.04870568908574844,0.1708215057765835,-0.41440083085018764,1.2106604128211065,26,14,7,0.26791645336930464,0.07372655818386237,1.2106604128211065,0.5762340310586079,0.573313826193484,0.9697351459456722
27,probe_strat_noinit,0.9932692307692308,0.4212880143112701,0.9964285714285714,0.3803986710963455,1.0,0.4797979797979798,0.9919028340080972,0.40384615384615385,0.7435897435897436,0.9382239382239382,0.9459459459459459,-0.007722007722007707,0.5728493688090155,-0.017296140065594313,0.9229807692307693,1.0,0.2512969588550984,0.6350626118067979,0.9249553571428571,1.0,0.2075996677740864,0.6362541528239203,0.9307359307359307,1.0,0.1919191919191919,0.7779040404040403,0.8866396761133604,1.0,0.1768269230769231,0.7039423076923077,0.25,1.0,0.8515540015540015,0.9868421052631579,0.8362099628766296,0.996929823238417,-0.07817337461300311,0.07285216718266241,0.30454094759766925,0.8294409188375024,0.9906976744186047,0.005864470927827466,0.028317677258334242,-0.40615948362608756,0.8571590163970724,26,14,7,0.22044370122546372,-0.16380834670879524,0.8571590163970724,0.5274902675685753,0.6635675712898955,0.9330302523986734
27,probe_matched,0.9432692307692307,0.5232558139534884,0.9482142857142857,0.5598006644518272,0.9913419913419913,0.5454545454545454,0.9190283400809717,0.5615384615384615,0.7051282051282052,0.955984555984556,0.9667953667953668,-0.010810810810810811,0.5655028750116501,-0.08813113717862436,0.7317067307692308,0.9826923076923076,0.38461538461538464,0.7478085867620751,0.7088839285714286,0.9892857142857143,0.3786544850498339,0.7907807308970098,0.7229437229437229,1.0,0.24229797979797982,0.8787878787878788,0.6719635627530365,1.0,0.34211538461538465,0.8038461538461539,0.2,1.0,0.8544781779676797,0.9904782510958751,0.893183351876935,0.9984555984555985,-0.07868551895153442,0.022463825501751217,0.12698093001434682,0.8050132632583034,0.958139534883721,0.19605171890886341,0.258899423203258,-0.30995196017371557,0.9964914373495621,26,14,4,0.5580648786636483,-0.04026603225713237,0.9964914373495621,0.5117421053825683,0.6730244142698135,0.9359999999999999
27,dom_regular,1.0,0.8631484794275492,1.0,0.7973421926910299,1.0,0.8484848484848485,1.0,0.8576923076923076,0.11538461538461539,0.9992277992277993,0.9992277992277993,0.0,0.4847539867110666,-0.037259228118308056,0.9759375,1.0,0.5580500894454383,0.9785554561717352,0.9803124999999999,1.0,0.4633720930232558,0.96843853820598,0.974025974025974,1.0,0.464520202020202,0.9900252525252524,0.9676113360323887,1.0,0.5538461538461539,0.9961538461538462,0.0,0.6415750915750915,0.9837445513722604,1.0,0.9765504436728395,1.0,-0.0077700077700076945,0.016255448627739616,0.3530942048540995,0.625475705923635,1.0,0.23467954260493448,-0.19905190830558345,0.26337223982959496,0.17062999620274605,26,14,11,-0.0884961466581359,-0.309607669953031,0.17062999620274605,0.46825235637687435,0.517757247379451,
27,dom_regular_verberase,0.9980769230769231,0.5465116279069767,0.9982142857142857,0.4750830564784053,1.0,0.5606060606060606,0.9959514170040485,0.5269230769230769,0.2564102564102564,0.9428571428571428,0.705019305019305,0.23783783783783785,0.6450103938937548,-0.007418875586084117,0.9576923076923077,1.0,0.34700357781753133,0.7871422182468695,0.9642857142857143,1.0,0.26241694352159467,0.7641196013289037,0.9826839826839827,1.0,0.25744949494949493,0.8737373737373737,0.9271255060728745,1.0,0.29615384615384616,0.7923076923076923,0.0,0.8461538461538461,0.8358391006997818,0.9871774759422615,0.5466883103341437,0.8227554179566563,0.11966952071118736,0.3820375783071096,0.4765916226190049,0.84747483567136,0.9994186046511628,0.025528518449131222,-0.29353974979520636,0.12272771921834952,0.07218355314602301,26,14,11,-0.1452109384436181,-0.44186856114679457,0.07218355314602301,0.6320597606063836,0.670911660468497,
27,dom_regular_rank2,0.9980769230769231,0.3738819320214669,0.9982142857142857,0.3122923588039867,1.0,0.3939393939393939,0.9959514170040485,0.3730769230769231,0.5512820512820513,0.9297297297297298,0.7343629343629343,0.19536679536679546,0.7084984157764888,-0.030144378894752438,0.9567307692307693,1.0,0.22267441860465115,0.6225626118067978,0.9571428571428572,1.0,0.1561046511627907,0.6013289036544851,0.9913419913419913,1.0,0.12601010101010104,0.6869949494949493,0.902834008097166,1.0,0.1845192307692308,0.6424038461538462,0.10714285714285714,1.0,0.7745817245817246,0.9761997767857142,0.5657437094155845,0.8420423102132424,0.07459174746664725,0.306996768904321,0.4975054758522917,0.940963329564033,0.9959302325581395,-0.14604740814904515,-0.19418550248900682,-0.0024636504170941396,0.18176300249838812,26,14,11,-0.1021955515169806,-0.286175453461033,0.18176300249838812,0.6995559392246989,0.7263833688800677,
28,adom_matched,0.8365384615384616,0.3998211091234347,0.825,0.4186046511627907,0.9307359307359307,0.4292929292929293,0.7611336032388664,0.4153846153846154,0.11538461538461539,0.857915057915058,0.9359073359073359,-0.07799227799227793,0.5096334873167455,-0.22885837415678845,0.6336298076923077,0.9269711538461538,0.24056350626118067,0.6646019677996422,0.6195982142857143,0.9464732142857142,0.2441860465116279,0.6727990033222592,0.645021645021645,0.9956709956709957,0.17676767676767677,0.7777777777777778,0.45738866396761135,0.951417004048583,0.1922115384615385,0.7,0.0,0.7407407407407407,0.6138578511063031,0.9628835388897308,0.730390625,0.9819113658341717,-0.20054849098153035,0.027100973003388245,-0.020731552718806435,1.3986229400277803,0.788953488372093,-0.15829270491885644,-2.087080695341813,-0.6021544748702871,-0.8810449147871249,26,14,4,-1.3893907047447855,-2.7847706859388404,-0.8810449147871249,0.3794103675572359,0.7700797268357646,0.7779999999999999
28,dom_matched,0.6701923076923076,0.6189624329159212,0.6178571428571429,0.6710963455149501,0.6926406926406926,0.6666666666666666,0.6396761133603239,0.6,0.6538461538461539,0.8756756756756757,0.9135135135135135,-0.037837837837837784,0.29694479094280013,-0.31219839146110506,0.4210336538461539,0.8587499999999999,0.3774373881932021,0.7835867620751341,0.37491071428571426,0.8553571428571428,0.3920265780730897,0.8372508305647841,0.3158008658008658,0.9567099567099567,0.2777777777777778,0.9090909090909091,0.31153846153846154,0.8987854251012146,0.32298076923076924,0.823076923076923,0.03571428571428571,1.0,0.6805555555555556,0.9422240823412698,0.725602252685586,0.9668247013754826,-0.16625898215036494,0.05456776458305118,-0.22976013944350018,0.9624803176957176,0.775,0.5652110706250754,0.29581615509247816,-0.28110740990059774,1.6504566569907613,26,14,4,0.7888199544839758,-0.19718764429901953,1.6504566569907613,0.20900659306856811,0.4728211866912643,0.8393333333333333
28,probe_strat,0.9721153846153846,0.389087656529517,0.9732142857142857,0.36710963455149503,0.9783549783549783,0.601010101010101,0.9878542510121457,0.2423076923076923,0.6923076923076923,0.8200772200772201,0.8841698841698842,-0.06409266409266412,0.7321850432280606,-0.01594745551422143,0.7951923076923076,0.9942307692307693,0.23700805008944545,0.6306127012522361,0.7857142857142857,1.0,0.19929401993355483,0.6461794019933554,0.7272727272727273,1.0,0.24229797979797982,0.8585858585858586,0.8014170040485831,1.0,0.10759615384615386,0.6615384615384615,0.22991452991452993,1.0,0.7218337218337219,0.9521736426683299,0.731924729361541,0.9668402777777778,-0.14004834873201422,0.10804608179608181,0.3448260063306265,1.1975617704114656,0.9651162790697675,-0.09726285726719967,-0.19534975036894794,-0.5740656886621077,1.4326089080476039,26,14,7,-0.18476220618793118,-0.2059372945499647,1.4326089080476039,0.7471913159306197,0.7021724978229426,0.9340221766537555
28,probe_strat_noinit,0.9711538461538461,0.4087656529516995,0.9839285714285714,0.3903654485049834,0.9696969696969697,0.4696969696969697,0.9838056680161943,0.35,0.6025641025641025,0.9065637065637066,0.9297297297297298,-0.02316602316602323,0.6312120153699691,-0.02375234395377336,0.8537980769230769,0.9971153846153846,0.26565295169946335,0.6029069767441859,0.8570535714285714,1.0,0.21760797342192692,0.627906976744186,0.7965367965367965,1.0,0.22714646464646465,0.7881313131313129,0.8623481781376519,1.0,0.16153846153846155,0.6385576923076922,0.07380952380952381,1.0,0.7898316248316248,0.967195119001548,0.8061303714428715,0.9907447216950023,-0.11460011514352328,0.054301419549255915,0.33058389811165223,0.9313796962284631,0.9720930232558139,-0.00034417194194080736,-0.26770927034809094,-0.5026010666947657,0.860289659547044,26,14,7,-0.026830956005026364,-0.5085875846911555,0.860289659547044,0.6087705441006722,0.6760949579085628,0.921193387509177
28,probe_matched,0.8567307692307692,0.5134168157423972,0.8660714285714286,0.5647840531561462,0.8831168831168831,0.5656565656565656,0.8744939271255061,0.49615384615384617,0.717948717948718,0.8833976833976834,0.9374517374517375,-0.05405405405405406,0.53389776850564,-0.09690983499949787,0.6192307692307693,0.934639423076923,0.3488148479427549,0.7021466905187835,0.5982142857142857,0.9535714285714286,0.3471345514950166,0.7741279069767442,0.579978354978355,0.9783549783549783,0.2474747474747475,0.8284090909090908,0.517914979757085,0.9636639676113359,0.30759615384615385,0.7693269230769231,0.21428571428571427,1.0,0.7459410381285381,0.9548946695382958,0.8123454773454774,0.984130418493125,-0.14289876789876793,0.027211745942396087,0.017335659895557055,0.9089495928919514,0.8953488372093024,0.22888492293998505,0.20855540729676433,-0.4324560419989858,1.3736237401579403,26,14,4,0.5861788310147905,-0.16906801642126185,1.3736237401579403,0.4979430054146564,0.605807294687607,0.9359999999999999
28,dom_regular,1.0,0.832737030411449,1.0,0.7641196013289037,1.0,0.7929292929292929,1.0,0.8653846153846154,0.0,0.9984555984555985,0.9984555984555985,0.0,0.4905109121531079,-0.07777407123552482,0.9509134615384615,1.0,0.5330500894454383,0.9713774597495528,0.9535267857142857,1.0,0.4169435215946844,0.9668189368770764,0.961038961038961,1.0,0.4393939393939394,0.98989898989899,0.9271255060728745,1.0,0.5576923076923077,0.9924038461538461,0.0,0.39285714285714285,0.9643597367823374,1.0,0.9642579642579643,1.0,-0.013900420765745857,0.020081420706420668,0.3414506377798403,0.6526298530337274,1.0,0.2566720160471988,-0.3604714573969364,0.2908950970538625,-0.055067110954148894,26,14,11,-0.22359179620295944,-0.49735111859091335,-0.055067110954148894,0.47867873243932824,0.514175271580667,
28,dom_regular_verberase,0.9913461538461539,0.5384615384615384,0.9928571428571429,0.4700996677740864,1.0,0.5404040404040404,0.9878542510121457,0.5423076923076923,0.15384615384615385,0.9181467181467181,0.6880308880308881,0.23011583011583003,0.6871102441453417,-0.03556080834999072,0.9336538461538462,1.0,0.33539803220035774,0.77466457960644,0.9357142857142857,1.0,0.25083056478405313,0.7392441860465117,0.974025974025974,1.0,0.24734848484848487,0.848611111111111,0.8785425101214575,1.0,0.26153846153846155,0.7693269230769231,0.0,0.7330128205128205,0.7762751786874593,0.9752900519567186,0.5254433742307839,0.8146826746944764,0.10501727918394584,0.36748785133914946,0.49142555380372577,0.9056814026725993,0.9953488372093023,0.022040520597422057,-0.4359827306402462,0.10978894541860877,-0.11219378398308344,26,14,11,-0.27468880657512545,-0.5972766547053668,-0.11219378398308344,0.6762469561080741,0.7088368202198773,
28,dom_regular_rank2,0.989423076923077,0.37209302325581395,0.9928571428571429,0.30398671096345514,1.0,0.36363636363636365,0.9757085020242915,0.36538461538461536,0.3717948717948718,0.8903474903474904,0.7444015444015444,0.145945945945946,0.7577714612499172,-0.06208297937342527,0.927860576923077,1.0,0.2244856887298748,0.6109570661896242,0.9285714285714286,1.0,0.14946013289036547,0.5914036544850498,0.9826839826839827,1.0,0.1311868686868687,0.7424242424242424,0.8663967611336032,1.0,0.16538461538461538,0.6192307692307693,0.036473429951690825,0.9064102564102555,0.7234942084942084,0.9606731235370103,0.55859375,0.8503333806859574,0.036690874129256985,0.2662113927738928,0.5405277899856481,1.0523222452440368,0.9854651162790697,-0.1548846206211752,-0.3382781097124268,-0.05829999292372492,-0.0817755243460228,26,14,11,-0.27159845958296247,-0.40495775984189103,-0.0817755243460228,0.7443677824846879,0.7845788187803759,
29,adom_matched,0.8615384615384616,0.4069767441860465,0.8607142857142858,0.42358803986710963,0.9523809523809523,0.46464646464646464,0.8097165991902834,0.41923076923076924,0.11538461538461539,0.8532818532818532,0.9235521235521236,-0.07027027027027033,0.638479918701867,-0.20072537292882867,0.6740144230769232,0.9490624999999999,0.23877459749552774,0.6495080500894453,0.6445535714285715,0.9625,0.210921926910299,0.6843853820598007,0.6446969696969698,1.0,0.1816919191919192,0.7727272727272727,0.5140688259109312,0.9676113360323887,0.17298076923076924,0.7230769230769231,0.0,0.8250388198757763,0.622265661023648,0.9642884785493144,0.7285009460117642,0.9736275005440514,-0.1920596222838551,0.05024052619904793,0.10399319439226536,1.5678062803750472,0.827906976744186,-0.13179780484410233,-1.8347445164907406,-0.5545053374845231,-0.7468434679585646,26,14,4,-1.1660788704130665,-2.503410162568415,-0.7468434679585646,0.521299361097304,0.872841033910993,0.7811111111111112
29,dom_matched,0.7028846153846153,0.627906976744186,0.6535714285714286,0.6843853820598007,0.7186147186147186,0.6515151515151515,0.6761133603238867,0.6153846153846154,0.6538461538461539,0.8903474903474904,0.9127413127413128,-0.02239382239382237,0.44510230509256515,-0.284599259331564,0.4807451923076923,0.881826923076923,0.35241502683363146,0.7719364937388193,0.41781250000000003,0.8982589285714285,0.38704318936877075,0.8355897009966777,0.36352813852813853,0.9654761904761904,0.26262626262626265,0.8787878787878788,0.3724696356275304,0.9110323886639675,0.31913461538461535,0.8346153846153846,0.038461538461538464,0.9927083333333333,0.6991819486936675,0.9504682184764743,0.7229738881769548,0.9636243978387942,-0.12278508928784301,0.06770778695690176,-0.04818645046680902,1.0554768961418144,0.8087209302325581,0.4946686576925828,0.23775267774417985,-0.3039505578496507,1.395325009208078,26,14,4,0.71703615839941,-0.24153080291105034,1.395325009208078,0.36521890386806033,0.6048691075415746,0.8528888888888888
29,probe_strat,0.9817307692307692,0.3810375670840787,0.9857142857142858,0.3272425249169435,0.9826839826839827,0.5303030303030303,0.9878542510121457,0.25384615384615383,0.6666666666666666,0.8216216216216217,0.8092664092664092,0.01235521235521242,0.8749722127378645,-0.019318335561608738,0.8287980769230769,0.9971153846153846,0.22804114490161,0.6037790697674419,0.8105357142857142,1.0,0.17275747508305647,0.6329734219269102,0.7575757575757576,1.0,0.18674242424242427,0.8285353535353533,0.8055668016194333,1.0,0.09615384615384616,0.6540384615384613,0.1858974358974359,1.0,0.6995618237284904,0.9560185185185185,0.6705261600378788,0.9456124979138354,-0.1083591331269349,0.15196059829304603,0.4818288545971765,1.4579911994224923,0.9784883720930233,-0.09573339649947962,-0.23687340875636226,-0.5486396092812099,1.243356637438682,26,14,7,-0.31127663920015947,-0.16247017831256502,1.243356637438682,0.8844909741210376,0.8559346899715189,0.927457355509987
29,probe_strat_noinit,0.9759615384615384,0.3676207513416816,0.9857142857142858,0.3372093023255814,0.9826839826839827,0.41919191919191917,0.9959514170040485,0.3,0.5897435897435898,0.9057915057915058,0.8911196911196911,0.014671814671814665,0.7798064276958457,-0.029470307729669003,0.8489663461538461,0.9980769230769231,0.23515205724508048,0.5814400715563506,0.8695089285714286,1.0,0.19759136212624584,0.5847591362126247,0.8180735930735932,1.0,0.20202020202020202,0.7828282828282829,0.8663967611336032,1.0,0.1346153846153846,0.6269230769230769,0.10714285714285714,1.0,0.77568359375,0.9614092664092664,0.725629163148513,0.9683572803232245,-0.07713243681993673,0.11579384579384577,0.449574201722579,1.1885525412308973,0.9744186046511628,-0.05641392768340162,-0.3540663224021268,-0.5641040163856188,0.6604386362933559,26,14,7,-0.17940770871432796,-0.5287249360899257,0.6604386362933559,0.7531521496909128,0.8331149837057115,0.9171660464292044
29,probe_matched,0.8769230769230769,0.4928443649373882,0.8964285714285715,0.5116279069767442,0.9177489177489178,0.5252525252525253,0.8866396761133604,0.4846153846153846,0.7564102564102564,0.8826254826254826,0.911969111969112,-0.02934362934362944,0.7862927038729106,-0.09813559307101018,0.6451442307692308,0.9442548076923076,0.33984794275491953,0.6923747763864042,0.6231696428571428,0.9679017857142856,0.30398671096345514,0.7425664451827243,0.592965367965368,0.9871212121212121,0.2828282828282828,0.8181818181818182,0.5586032388663968,0.979757085020243,0.28846153846153844,0.7653846153846153,0.2640398550724638,1.0,0.7233108428030303,0.9515932644079464,0.7763144705187186,0.9672747878086418,-0.126586087860866,0.05940256615878099,0.2646168465951156,1.197093300228556,0.9023255813953488,0.18860007640939386,0.23640458858889374,-0.5261216829797467,1.2692364150934805,26,14,4,0.4678655642264316,0.004943612951355866,1.2692364150934805,0.7486865743525919,0.8615049629135484,0.9279999999999999
29,dom_regular,1.0,0.8729874776386404,1.0,0.7840531561461794,1.0,0.8585858585858586,1.0,0.9,0.02564102564102564,0.9984555984555985,0.9922779922779923,0.00617760617760621,0.5784000269131784,-0.07240262981469663,0.9576923076923077,1.0,0.5392441860465117,0.9812388193202147,0.9571428571428572,1.0,0.42350498338870435,0.9767441860465116,0.973917748917749,1.0,0.43409090909090914,1.0,0.9310728744939272,1.0,0.5342307692307693,1.0,0.0,0.5,0.9442476082568962,1.0,0.9262155098161513,1.0,-0.01621621621621616,0.03870876064241485,0.4326499643917741,0.7434467306523709,1.0,0.2401859766679773,-0.24891076622599523,0.27541851800929046,-0.0002638095213391523,26,14,11,-0.13868467238768015,-0.3591368600643103,-0.0002638095213391523,0.5602277805784268,0.614744519582682,
29,dom_regular_verberase,0.9923076923076923,0.5465116279069767,0.9928571428571429,0.4485049833887043,1.0,0.5858585858585859,0.9878542510121457,0.5038461538461538,0.01282051282051282,0.9081081081081082,0.7467181467181467,0.16138996138996142,0.7541694980458282,-0.044448538921167825,0.9365144230769231,1.0,0.334525939177102,0.8023255813953488,0.9357142857142857,1.0,0.24406146179401994,0.7990448504983388,0.9826839826839827,1.0,0.29292929292929293,0.9090909090909091,0.8824898785425102,1.0,0.25384615384615383,0.7924038461538461,0.0,0.6283846153846154,0.7665991345397325,0.9744596835889406,0.5666541203963804,0.8506307213431182,0.058625176614350655,0.29811776061776063,0.5646291260785934,0.9794084258960393,0.9953488372093023,0.045232180201658694,-0.3877518548973674,0.10057798062345276,-0.23610413323983473,26,14,11,-0.2823625482267154,-0.49314116156801946,-0.23610413323983473,0.7304258169554008,0.8016568602266834,
29,dom_regular_rank2,0.9951923076923077,0.41055456171735244,0.9964285714285714,0.3272425249169435,1.0,0.46464646464646464,0.9959514170040485,0.35,0.23076923076923078,0.8965250965250965,0.7884169884169884,0.10810810810810811,0.8221718300322947,-0.06132355408252529,0.9316826923076923,1.0,0.24054114490161002,0.6619186046511628,0.9320982142857143,1.0,0.15448504983388706,0.629609634551495,0.9913419913419913,1.0,0.18686868686868688,0.7981060606060605,0.8784412955465587,1.0,0.1768269230769231,0.6770192307692308,0.0,0.8148148148148148,0.7430285229046839,0.9671943204365079,0.6131061431061431,0.8903604749154285,0.011655011655011701,0.2230843242532076,0.6051148339216317,1.0721449147797826,0.9941860465116279,-0.08336757846172807,-0.32390405756700913,-0.005450139175174469,-0.19854144723851092,26,14,11,-0.2577640510481339,-0.3900440640858843,-0.19854144723851092,0.7975776126734271,0.87136026475003,
30,adom_matched,0.8096153846153846,0.3944543828264758,0.8071428571428572,0.40365448504983387,0.8787878787878788,0.4444444444444444,0.7489878542510121,0.41923076923076924,0.1282051282051282,0.8023166023166023,0.8988416988416988,-0.09652509652509655,0.49454265622933347,-0.22530340988798417,0.6047596153846153,0.9144230769230769,0.2307021466905188,0.667330053667263,0.5856250000000001,0.9285714285714286,0.23579734219269102,0.6811046511627907,0.6188311688311688,0.987012987012987,0.18181818181818182,0.7727272727272727,0.4331983805668016,0.9271255060728745,0.18461538461538463,0.6923076923076923,0.0,0.7571282051282049,0.574870348566169,0.9306082301341589,0.6825093694885361,0.9593882192261427,-0.20279393834347395,0.044054054054054,-0.15759909870474806,1.7873161182343293,0.7441860465116279,-0.21833421101370437,-2.4615377618837773,-0.7637669898185271,-0.9833825617101694,26,14,4,-1.6805287785663283,-3.242546745201226,-0.9833825617101694,0.3629940413127904,0.7576398860624198,0.7182222222222222
30,dom_matched,0.6586538461538461,0.5760286225402504,0.6035714285714285,0.6295681063122923,0.70995670995671,0.5707070707070707,0.6153846153846154,0.5807692307692308,0.5512820512820513,0.8131274131274131,0.8571428571428571,-0.044015444015443994,0.2779824298698896,-0.3140717617411732,0.4451201923076923,0.8509615384615384,0.33273703041144903,0.7540474060822898,0.39107142857142857,0.8607142857142858,0.3554817275747508,0.8057308970099667,0.3593073593073593,0.9395021645021645,0.24709595959595962,0.8787878787878788,0.31983805668016196,0.8907894736842104,0.31153846153846154,0.7962499999999999,0.0357473544973545,1.0,0.6183902138157895,0.9080498523886205,0.649984520123839,0.9284746148868885,-0.1514092664092664,0.06029332904332902,-0.3992793968849263,1.18709413697633,0.733139534883721,0.5080158788347806,0.015062415837635096,-0.5122989931240713,1.5701005468886042,26,14,4,0.5056518672334587,-0.4755270355581885,1.5701005468886042,0.19221565005886482,0.4495159894919391,0.8337777777777777
30,probe_strat,0.9144230769230769,0.3667262969588551,0.9428571428571428,0.31727574750830567,0.9134199134199135,0.5050505050505051,0.9433198380566802,0.22692307692307692,0.6666666666666666,0.7644787644787645,0.7212355212355213,0.043243243243243246,0.9548142681867953,-0.034676054341385966,0.7200961538461539,0.9673076923076923,0.2163685152057245,0.6207960644007154,0.7267410714285714,0.9875446428571428,0.15780730897009967,0.6229235880398671,0.6404761904761904,1.0,0.18674242424242427,0.8183080808080807,0.7408906882591093,1.0,0.10384615384615385,0.6576923076923077,0.2095,1.0,0.637265406162465,0.9250038580246914,0.5934537684537685,0.9125248015873015,-0.11428977272727266,0.190019305019305,0.4019683888036389,1.590871774586481,0.9133720930232558,-0.13004495113784442,-0.383886109018673,-0.763303566620895,1.368388374497011,26,14,7,-0.3739991601536249,-0.3937730578837211,1.368388374497011,0.9822264253536821,0.8999899538530218,0.890060378218273
30,probe_strat_noinit,0.9326923076923077,0.3855098389982111,0.9607142857142857,0.3554817275747508,0.9437229437229437,0.45454545454545453,0.9757085020242915,0.3269230769230769,0.5897435897435898,0.8694980694980695,0.816988416988417,0.05250965250965256,0.8281059975445353,-0.041094884359723916,0.7807211538461538,0.9817548076923076,0.22985241502683365,0.601185152057245,0.7856696428571428,1.0,0.1793604651162791,0.606312292358804,0.7359307359307359,1.0,0.20202020202020202,0.7678030303030301,0.7894736842105263,1.0,0.12692307692307692,0.6424038461538462,0.14161490683229816,1.0,0.6911196911196911,0.9381065673877206,0.656508979301948,0.9267945326278659,-0.0787208745433485,0.14247368664638402,0.435097625457713,1.3031220069270364,0.9343023255813954,-0.05753146218950191,-0.37000016492815224,-0.7532169913989054,0.8641153208461678,26,14,7,-0.06993552750196447,-0.6700648023543401,0.8641153208461678,0.8031325475983835,0.8780528974368386,0.9011304777094251
30,probe_matched,0.7932692307692307,0.47048300536672627,0.8,0.47840531561461797,0.8268398268398268,0.51010101010101,0.7813765182186235,0.46923076923076923,0.6923076923076923,0.7992277992277992,0.8571428571428571,-0.05791505791505791,0.7282272818604091,-0.1261776727317993,0.5778605769230769,0.8894471153846153,0.3112254025044723,0.6780187835420394,0.5606696428571428,0.9142857142857143,0.2806478405315615,0.7192691029900332,0.5237012987012988,0.948051948051948,0.21717171717171718,0.8232323232323232,0.4452429149797571,0.9190283400809717,0.26153846153846155,0.7308653846153845,0.23076923076923078,1.0,0.6316268134431727,0.8943473193473193,0.6731474164133738,0.92580078125,-0.17152082385609016,0.0696639884023784,0.07458042797250036,1.547573620604236,0.7796511627906977,0.21148239900189175,0.04365979501966358,-0.8677087803310738,1.6879411701861915,26,14,4,0.28890654201269933,-0.20158695197337217,1.6879411701861915,0.662650826316219,0.8593801929487894,0.8800000000000001
30,dom_regular,1.0,0.9400715563506261,1.0,0.8953488372093024,1.0,0.8939393939393939,1.0,0.9730769230769231,0.0,1.0,0.9992277992277993,0.0007722007722007485,0.4739931849775325,-0.12527461645209176,0.9336057692307692,1.0,0.6538237924865832,0.9946556350626118,0.9464285714285714,1.0,0.5629983388704318,0.9900332225913622,0.93495670995671,1.0,0.5453282828282828,1.0,0.902834008097166,1.0,0.6960576923076923,1.0,0.0,0.0,0.9721730966457529,1.0,0.9768500601995184,1.0,-0.01652602937319703,0.012857246279960769,0.33393366115563905,0.6296780240652216,1.0,0.35719159852523075,-0.561271313412749,0.38174064490382786,-0.5736660822451685,26,14,11,-0.417496026198878,-0.7050466006266201,-0.5736660822451685,0.4540158866636331,0.5139477816053313,
30,dom_regular_verberase,0.9923076923076923,0.6556350626118068,0.9946428571428572,0.5548172757475083,1.0,0.6767676767676768,0.9919028340080972,0.6538461538461539,0.0,0.9027027027027027,0.7081081081081081,0.1945945945945946,0.7002697428086365,-0.06950699740954634,0.9076442307692307,1.0,0.3908542039355993,0.8497540250447227,0.9214285714285714,1.0,0.3122923588039867,0.845514950166113,0.948051948051948,1.0,0.30303030303030304,0.9445707070707069,0.8541497975708502,1.0,0.32682692307692307,0.8730769230769231,0.0,0.34615384615384615,0.7558494208494209,0.975331939081939,0.5355055228523689,0.8195321427676424,0.07504940224050208,0.3358597883597883,0.49531849258616373,0.9235392421937626,0.9976744186046511,0.12164411936567818,-0.4597398924888907,0.16341244125866716,-0.5306958395531843,26,14,11,-0.37172677073183336,-0.547753014245948,-0.5306958395531843,0.6740294754198541,0.7527502775862016,
30,dom_regular_rank2,0.9961538461538462,0.4919499105545617,0.9964285714285714,0.3920265780730897,1.0,0.5252525252525253,0.9959514170040485,0.47307692307692306,0.08974358974358974,0.8833976833976834,0.7405405405405405,0.1428571428571429,0.7755177184864599,-0.08260518338087791,0.9009615384615385,1.0,0.27996422182468694,0.7308363148479426,0.9088839285714285,1.0,0.19269102990033224,0.7110049833887043,0.9437229437229437,1.0,0.21212121212121213,0.8435606060606059,0.8421052631578947,1.0,0.2,0.7346153846153847,0.0,0.7432336182336182,0.7144529088537903,0.9595998686555962,0.5510763428178289,0.8438443304953559,0.0287857204523871,0.29258566487023663,0.5396023262259159,1.0449621939965965,0.9953488372093023,-0.011509536006676545,-0.28407853297133134,0.045372738745217155,-0.39149144067818065,26,14,11,-0.239949013293443,-0.32820805264921965,-0.39149144067818065,0.7502094903888825,0.826134174681614,
31,adom_matched,0.8625,0.41681574239713776,0.8660714285714286,0.42857142857142855,0.9437229437229437,0.47474747474747475,0.8137651821862348,0.4423076923076923,0.16666666666666666,0.833976833976834,0.8918918918918919,-0.05791505791505791,0.5519440294656093,-0.19708870045628366,0.6701682692307692,0.9461778846153845,0.25749105545617174,0.6628577817531305,0.6535267857142857,0.9625446428571428,0.24248338870431896,0.6877076411960132,0.657900432900433,1.0,0.1919191919191919,0.803030303030303,0.4897773279352227,0.97165991902834,0.21134615384615385,0.7192307692307692,0.0,0.7307692307692307,0.5897104247104247,0.948093978606224,0.6681818181818181,0.9474738930659982,-0.17290149724192277,0.07737711140342252,0.05805095010874479,1.3854252472608637,0.8313953488372093,-0.11391452677136873,-1.6297687428290584,-0.4785328768271744,-0.48001134795058403,26,14,4,-0.9824277689663431,-2.2771097166917738,-0.48001134795058403,0.4481775879742223,0.7594769124483832,0.7755555555555554
31,dom_matched,0.7413461538461539,0.5885509838998211,0.7053571428571429,0.6428571428571429,0.7965367965367965,0.6111111111111112,0.7044534412955465,0.5807692307692308,0.5641025641025641,0.8332046332046332,0.8347490347490347,-0.001544401544401497,0.3940168621222124,-0.28977221954706434,0.5095673076923076,0.8932692307692308,0.36305903398926653,0.7710420393559929,0.4463839285714286,0.9035714285714286,0.35705980066445187,0.8372093023255814,0.42424242424242425,0.974025974025974,0.2625,0.8787878787878788,0.3643724696356275,0.9068825910931174,0.3383653846153846,0.8154807692307692,0.0641025641025641,1.0,0.6435820005611672,0.9246350012650345,0.6525088307015552,0.9174647574647574,-0.11201939850446266,0.0866880925890093,-0.0855712391351986,0.9674120384406896,0.8081395348837209,0.3861692412919763,0.04927323750486845,-0.3473397677199386,1.1630963404937453,26,14,4,0.43820233609670634,-0.33965586108696944,1.1630963404937453,0.3356659116874295,0.5107187629917781,0.8768888888888888
31,probe_strat,0.9682692307692308,0.4007155635062612,0.9821428571428571,0.33222591362126247,0.9913419913419913,0.6111111111111112,1.0,0.27307692307692305,0.717948717948718,0.7992277992277992,0.6841698841698842,0.11505791505791496,0.9245316035138375,-0.030973485499678027,0.8105288461538461,0.9913461538461539,0.23074686940966013,0.637768336314848,0.8160714285714286,0.9982142857142857,0.18596345514950166,0.6196843853820597,0.7922077922077922,1.0,0.2222222222222222,0.8434343434343434,0.8178137651821862,1.0,0.12298076923076924,0.7,0.25,1.0,0.6725585937499999,0.9480771380574685,0.5600597774621212,0.8827851781195605,-0.037767902529682366,0.2586926128137064,0.5190627092502023,1.4290911391863048,0.9732558139534884,-0.039883490671027165,-0.08271051184449912,-0.4589271654937472,0.9305868556601545,26,14,7,-0.10398740993348639,-0.06143361375551185,0.9305868556601545,0.9443656978118167,0.8848634149178787,0.9275912508544086
31,probe_strat_noinit,0.9557692307692308,0.41144901610017887,0.9678571428571429,0.38205980066445183,0.974025974025974,0.5404040404040404,0.9878542510121457,0.3769230769230769,0.6282051282051282,0.8795366795366796,0.7598455598455598,0.11969111969111978,0.8473923216689522,-0.04774082551061101,0.8461298076923077,0.9942307692307693,0.24145796064400715,0.6127236135957066,0.85,1.0,0.20095514950166116,0.6048588039867108,0.8613636363636364,1.0,0.23737373737373738,0.7878787878787878,0.8340080971659919,1.0,0.15375000000000003,0.6618269230769228,0.17857142857142858,1.0,0.7297107432838813,0.9438894683682173,0.6005934343434344,0.8997727272727272,-0.0178394366281363,0.21235521235521237,0.5271808756420994,1.2083740750877916,0.9616279069767442,-0.02297498051137827,-0.2084451686918992,-0.5541574772091963,0.6218145941763868,26,14,7,-0.009558574133218043,-0.40733176325058035,0.6218145941763868,0.8224836324415037,0.8972097001238486,0.9278841548315233
31,probe_matched,0.8548076923076923,0.4803220035778175,0.8625,0.49169435215946844,0.9264069264069265,0.5404040404040404,0.8421052631578947,0.48846153846153845,0.7307692307692307,0.833976833976834,0.8177606177606178,0.01621621621621616,0.759476455148631,-0.13162888273471662,0.6509375000000001,0.9317788461538461,0.33184257602862255,0.6772137745974954,0.6445982142857143,0.95,0.2889950166112957,0.7126245847176079,0.7141774891774892,1.0,0.24229797979797982,0.8383838383838383,0.5384615384615384,0.9635627530364372,0.28846153846153844,0.7500961538461538,0.2962962962962963,1.0,0.650321377840909,0.911790594831214,0.6372684688735043,0.9013291848461007,-0.09680657616141479,0.12287984006733996,0.2467230463972434,1.2398602987457097,0.8552325581395349,0.14494760577837368,0.1396240860724232,-0.5459429655885986,1.0499277964405855,26,14,4,0.33165585252401747,-0.05240768037917111,1.0499277964405855,0.6999405091995647,0.8785483470467634,0.9280000000000002
31,dom_regular,1.0,0.9919499105545617,1.0,0.9850498338870431,1.0,0.9848484848484849,1.0,0.9961538461538462,0.0,1.0,1.0,0.0,0.5013182622582849,-0.0700333055494142,0.9365144230769231,1.0,0.8147584973166369,1.0,0.9571428571428572,1.0,0.7125415282392026,1.0,0.8701298701298701,1.0,0.7420454545454546,1.0,0.9635627530364372,1.0,0.8384615384615385,1.0,0.0,0.03831908831908829,0.9937839937839937,1.0,0.9890465856481481,1.0,-0.0031262400793651223,0.009266409266409207,0.3723598833290601,0.6402706737403611,1.0,0.38819569178549684,-0.22593513446740077,0.39725620742122264,-0.16275323528359054,26,14,11,-0.12997984520971378,-0.32189042372508775,-0.16275323528359054,0.4777166756087339,0.5485214355573872,
31,dom_regular_verberase,0.9971153846153846,0.6923076923076923,0.9982142857142857,0.5664451827242525,1.0,0.7323232323232324,0.9959514170040485,0.6576923076923077,0.01282051282051282,0.9181467181467181,0.8054054054054054,0.11274131274131272,0.7322121725667285,-0.05468894709553932,0.9615384615384616,1.0,0.42119856887298746,0.8686046511627906,0.9695982142857142,1.0,0.30718438538205983,0.8339285714285715,0.986904761904762,1.0,0.4037878787878788,0.9494949494949495,0.9271255060728745,1.0,0.3192307692307692,0.8538461538461538,0.0,0.5672499999999998,0.7992161444947822,0.9860083743417077,0.6563173908401837,0.8981100445683778,0.02158613158613159,0.25328185328185326,0.551300955967807,0.9412804954435504,1.0,0.11181493813746893,-0.23395864900393148,0.16970765499699647,-0.18734446430095075,26,14,11,-0.12935706438508893,-0.33856023362277404,-0.18734446430095075,0.6974197832098594,0.801796951280467,
31,dom_regular_rank2,0.9971153846153846,0.5196779964221825,0.9982142857142857,0.40365448504983387,1.0,0.6060606060606061,0.9959514170040485,0.45,0.3076923076923077,0.9073359073359073,0.8231660231660232,0.08416988416988413,0.7809993352676293,-0.06552636014550012,0.9538461538461539,1.0,0.3049865831842576,0.7504919499105545,0.9642857142857143,1.0,0.20419435215946846,0.7093023255813954,0.9826839826839827,1.0,0.23724747474747476,0.8890151515151513,0.9271255060728745,1.0,0.21528846153846157,0.7231730769230769,0.0,0.8467236467236469,0.7711036424512987,0.9728428428428428,0.6671633126934985,0.9117698160345219,-0.007741312741312724,0.20455527497194168,0.5843889786638099,1.0121982988262206,0.9994186046511628,0.019085887079311862,-0.08915972962025387,0.08014788354113676,-0.07386641486153224,26,14,11,-0.028659477388616676,-0.14965998185189106,-0.07386641486153224,0.7486050671302383,0.8457878715424115,
32,adom_matched,0.8057692307692308,0.4221824686940966,0.8089285714285714,0.4418604651162791,0.8744588744588745,0.47474747474747475,0.7449392712550608,0.4461538461538462,0.1794871794871795,0.7945945945945946,0.8749034749034749,-0.08030888030888028,0.4145509676535053,-0.22378788716020773,0.6221153846153846,0.9115624999999999,0.24865831842576028,0.6325581395348835,0.5909821428571429,0.9285714285714286,0.24580564784053158,0.6860880398671096,0.631926406926407,0.9956709956709957,0.16666666666666666,0.7777777777777778,0.4534412955465587,0.9433198380566802,0.2076923076923077,0.6807692307692308,0.0,0.7797500000000003,0.5835575325436007,0.9073498780735623,0.6427530802530803,0.9328963687822361,-0.18017213642213634,0.07226921726921726,-0.20346638292392422,1.3984996182615035,0.7616279069767442,-0.13372429718572149,-2.0439508996952367,-0.6127356480229023,-0.5420123307636676,26,14,4,-1.2565057682882983,-2.8313960311021753,-0.5420123307636676,0.30387509581920075,0.6359027113221142,0.7539999999999999
32,dom_matched,0.6932692307692307,0.5679785330948122,0.6482142857142857,0.627906976744186,0.7662337662337663,0.6111111111111112,0.631578947368421,0.5692307692307692,0.5128205128205128,0.7961389961389962,0.8108108108108109,-0.014671814671814665,0.26425424314371854,-0.3135749966106003,0.48843749999999997,0.8519230769230769,0.3711314847942755,0.7495751341681575,0.44995535714285717,0.8661607142857143,0.3620847176079734,0.8006644518272426,0.42424242424242425,0.9567099567099567,0.2625,0.8787878787878788,0.3076923076923077,0.8908906882591091,0.3152884615384615,0.7923076923076923,0.07142857142857142,0.9631283068783069,0.5907282657282658,0.8867172657652594,0.6018623466193482,0.9048042751951421,-0.12589407052428292,0.08672089603978146,-0.3659994247557512,1.1485517351315087,0.7465116279069768,0.3999295293814961,-0.13937980767268598,-0.47572278398130924,1.2597196509204265,26,14,4,0.23717575581474437,-0.5159353711601163,1.2597196509204265,0.21704370058464,0.3586753282618757,0.8633333333333333
32,probe_strat,0.9173076923076923,0.41771019677996424,0.9285714285714286,0.36046511627906974,0.9393939393939394,0.6414141414141414,0.9595141700404858,0.3,0.6666666666666666,0.7845559845559845,0.7366795366795367,0.04787644787644785,0.8383732348221046,-0.039038912461562714,0.7509375,0.9711778846153846,0.2567084078711986,0.6681797853309481,0.7375,0.9857142857142858,0.2059800664451827,0.6595099667774087,0.70995670995671,1.0,0.2676767676767677,0.8585858585858586,0.7165991902834008,1.0,0.12307692307692308,0.6846153846153846,0.17857142857142858,1.0,0.6550711441336441,0.9394522144522145,0.5698753468870656,0.903962964239174,-0.08279146382407251,0.22975066201369518,0.3872580000601921,1.5034196389764756,0.9261627906976744,-0.010363531247756758,-0.20566823312946456,-0.5288371946344387,0.9609421746350674,26,14,7,-0.23509737899263183,-0.17623908726629728,0.9609421746350674,0.8633053579607963,0.7885089885447215,0.9309238500291132
32,probe_strat_noinit,0.9278846153846154,0.4150268336314848,0.9375,0.4019933554817276,0.961038961038961,0.5303030303030303,0.9676113360323887,0.36538461538461536,0.5256410256410257,0.8694980694980695,0.7644787644787645,0.10501930501930501,0.8002203494496631,-0.0601531472041618,0.7797596153846154,0.9807932692307691,0.25391323792486586,0.6172182468694096,0.7838839285714285,0.9928571428571429,0.2208887043189369,0.6478405315614618,0.8006493506493506,1.0,0.24734848484848487,0.7828282828282829,0.7691295546558705,1.0,0.14221153846153847,0.6692307692307692,0.08244047619047619,0.9616452991452991,0.7097136222910216,0.9427500967492259,0.6060281385281385,0.8996351261976262,-0.04401799909152848,0.20154485400579142,0.4605134871669411,1.275060757993429,0.9261627906976744,0.00620863216291277,-0.38512740549288316,-0.6209848747155802,0.483456461799776,26,14,7,-0.05058429223890909,-0.7196705187468573,0.483456461799776,0.7716525329742207,0.8573559824005479,0.9109936457304878
32,probe_matched,0.7913461538461538,0.4821109123434705,0.7821428571428571,0.5166112956810631,0.8744588744588745,0.5202020202020202,0.7489878542510121,0.48846153846153845,0.6025641025641025,0.78996138996139,0.7891891891891892,0.0007722007722007485,0.6957167620106111,-0.14608434565079517,0.6038221153846154,0.8961778846153846,0.31748658318425765,0.674463327370304,0.5767857142857142,0.9071874999999999,0.2923172757475083,0.7259551495016612,0.6277056277056277,0.974025974025974,0.23724747474747476,0.8434343434343434,0.44129554655870445,0.9230769230769231,0.2575961538461538,0.75,0.17642857142857146,0.9616452991452991,0.6208242170742171,0.8819546568627451,0.6006216006216006,0.8885899566085325,-0.11736268939393937,0.14147253787878786,0.0996651121280218,1.3849700048503681,0.7872093023255814,0.2006177089624559,-0.10239001575717525,-0.6372285125936776,1.0162426229086363,26,14,4,0.14634099079172844,-0.35112102230607894,1.0162426229086363,0.6228417844043805,0.8414667172230714,0.9199999999999999
32,dom_regular,1.0,0.9856887298747764,1.0,0.973421926910299,1.0,0.9696969696969697,1.0,0.9923076923076923,0.0,1.0,1.0,0.0,0.4787605466356427,-0.08803287688705189,0.9451442307692307,1.0,0.767397137745975,1.0,0.9481696428571428,1.0,0.6909468438538205,1.0,0.8701298701298701,1.0,0.6767676767676768,1.0,0.9635627530364372,1.0,0.8036538461538462,1.0,0.0,0.011528326745718328,0.9843646626904571,1.0,0.983669898665889,1.0,-0.0069846969002025465,0.010835913312693513,0.3392403080203672,0.6243692884262577,1.0,0.3881283884815482,-0.33709979803744183,0.4123420332207984,-0.24791606716531894,26,14,11,-0.22443563255038496,-0.44976396352449877,-0.24791606716531894,0.45755150236739983,0.5211786351721287,
32,dom_regular_verberase,0.9980769230769231,0.7182468694096601,0.9982142857142857,0.5980066445182725,1.0,0.7222222222222222,1.0,0.6923076923076923,0.0,0.922007722007722,0.8223938223938224,0.09961389961389955,0.7128388904269303,-0.05359505122457781,0.9461538461538461,1.0,0.43913237924865833,0.8739266547406082,0.9625,1.0,0.3205564784053156,0.8488372093023255,0.9653679653679653,1.0,0.3838383838383838,0.9595959595959596,0.9149797570850202,1.0,0.36153846153846153,0.8846153846153846,0.0,0.5135327635327634,0.7871145194674606,0.9868421052631579,0.6627755887043812,0.9173896944038564,0.010815980730841427,0.21987221343608554,0.5262002762001258,0.9186753788504894,1.0,0.1364759317329291,-0.2880751901624154,0.19218860718987751,-0.18717441883476724,26,14,11,-0.17664872061814482,-0.39950165970668594,-0.18717441883476724,0.6836782772109096,0.7711601168589717,
32,dom_regular_rank2,0.9990384615384615,0.554561717352415,1.0,0.44019933554817275,1.0,0.6111111111111112,1.0,0.5076923076923077,0.2564102564102564,0.911969111969112,0.8455598455598455,0.06640926640926648,0.7608834405259868,-0.06131295003684936,0.9509615384615384,1.0,0.3345035778175313,0.7603309481216457,0.9625,1.0,0.24082225913621264,0.7425664451827243,0.974025974025974,1.0,0.25744949494949493,0.898989898989899,0.9068825910931174,1.0,0.2614423076923077,0.7654807692307691,0.0,0.8148148148148148,0.7745092788641176,0.9742222556089744,0.6793314167772372,0.9250024131274132,-0.006963734567901319,0.1938942218603901,0.5365403066064938,0.9981532401865739,1.0,0.042440921567096765,-0.11788316664666065,0.1164059764883345,-0.04779793388377119,26,14,11,-0.057580248164394804,-0.1781860851289265,-0.04779793388377119,0.7394698399842383,0.8037106416094837,
33,adom_matched,0.7971153846153847,0.41681574239713776,0.8071428571428572,0.4368770764119601,0.8398268398268398,0.47474747474747475,0.757085020242915,0.4461538461538462,0.19230769230769232,0.7722007722007722,0.8571428571428571,-0.08494208494208488,0.3754778715532967,-0.22309976339562332,0.599951923076923,0.9057932692307692,0.2566860465116279,0.6449910554561716,0.5838392857142858,0.9178571428571428,0.2540697674418605,0.6694767441860465,0.5584415584415584,0.9956709956709957,0.16654040404040404,0.7779040404040403,0.4209514170040486,0.9311740890688259,0.2114423076923077,0.7,0.0,0.7777777777777778,0.5594029581529582,0.8843824980650155,0.6200049770752896,0.9190102711153232,-0.18345011407511405,0.06621351260218278,-0.3132468551227045,1.5733865568801388,0.7372093023255814,-0.16443352608405754,-2.1516556979965227,-0.7231950956746037,-0.4907297934795071,26,14,4,-1.3059672354177656,-2.9973441605752793,-0.4907297934795071,0.2829609517860048,0.5605117110878808,0.7811111111111112
33,dom_matched,0.6798076923076923,0.5644007155635062,0.6375,0.6196013289036545,0.7445887445887446,0.6212121212121212,0.6153846153846154,0.5615384615384615,0.5,0.7768339768339768,0.8046332046332046,-0.027799227799227832,0.23414819151961663,-0.3136174981253131,0.45858173076923076,0.8432692307692308,0.3550536672629696,0.7630590339892664,0.40174107142857146,0.8339732142857142,0.36540697674418604,0.8090531561461793,0.38095238095238093,0.9437229437229437,0.2523989898989899,0.8839646464646463,0.3196356275303644,0.8704453441295547,0.30374999999999996,0.8115384615384615,0.06423076923076923,0.9792142857142846,0.5663051112257769,0.869615553053053,0.5943861693861694,0.8762278550080017,-0.13361328125000008,0.08313908313908314,-0.47225515146003094,1.1481551550062783,0.7238372093023255,0.4499777735075467,-0.18118539506443399,-0.6366013621677646,1.2621451010519844,26,14,4,0.23891079731557008,-0.601281587444438,1.2621451010519844,0.21138791517874095,0.2796687442013679,0.8713333333333333
33,probe_strat,0.9182692307692307,0.4329159212880143,0.9214285714285714,0.37209302325581395,0.9437229437229437,0.6060606060606061,0.9473684210526315,0.3269230769230769,0.5512820512820513,0.7752895752895753,0.7868725868725869,-0.01158301158301156,0.8110836128966216,-0.0332112458089163,0.7335817307692307,0.9625,0.26115831842576026,0.6290474060822895,0.7303124999999999,0.9785714285714285,0.20261627906976745,0.6395348837209303,0.7185064935064935,1.0,0.24229797979797982,0.8333333333333334,0.7004048582995951,1.0,0.14615384615384616,0.6771153846153845,0.08703703703703708,1.0,0.6370571998278494,0.9243392812316961,0.5971565315315315,0.9119206103494029,-0.12616099071207432,0.2012846504177773,0.32849992372827036,1.6384156360921664,0.9319767441860465,-0.0028591489495067013,-0.4628242197630078,-0.583119315395899,1.1387603664761634,26,14,7,-0.3807569273591722,-0.5448915121668434,1.1387603664761634,0.8582493982211414,0.7167520422475817,0.921516290726817
33,probe_strat_noinit,0.9336538461538462,0.39892665474060823,0.9392857142857143,0.38704318936877075,0.961038961038961,0.494949494949495,0.9595141700404858,0.3769230769230769,0.48717948717948717,0.8625482625482626,0.7907335907335907,0.07181467181467183,0.7659970305626962,-0.05895580673383267,0.7903365384615384,0.9788461538461538,0.259324686940966,0.6118067978533095,0.7695535714285715,0.9857589285714285,0.2159468438538206,0.627906976744186,0.7792207792207793,1.0,0.2320707070707071,0.7678030303030301,0.7408906882591093,1.0,0.1768269230769231,0.7,0.03717948717948718,0.9874285714285709,0.696964436026936,0.936296997755331,0.6264973902473903,0.917198760440948,-0.0793044610188574,0.1603174603174603,0.3856556986502684,1.267821869149151,0.9308139534883721,0.008277888396586613,-0.5331437364066203,-0.7005312447192824,0.4944699432684067,26,14,7,-0.1639818439821723,-0.9023056288310681,0.4944699432684067,0.7682759470509465,0.7614391975861954,0.9137706893496368
33,probe_matched,0.7596153846153846,0.4991055456171735,0.7571428571428571,0.526578073089701,0.8398268398268398,0.5252525252525253,0.7165991902834008,0.5307692307692308,0.5384615384615384,0.7722007722007722,0.8007722007722008,-0.02857142857142858,0.6624166122705767,-0.1577109828540137,0.5787500000000001,0.875,0.3371869409660107,0.676252236135957,0.5410714285714285,0.8928571428571429,0.3073089700996678,0.7342192691029901,0.6017316017316018,0.9523809523809523,0.25252525252525254,0.8082070707070705,0.38866396761133604,0.8987854251012146,0.28076923076923077,0.7730769230769231,0.14285714285714285,0.9487179487179487,0.5883556254917388,0.8787767909439735,0.6288881392045454,0.8896269290077339,-0.1498233501358502,0.08629389886274233,0.015524210178129777,1.3681807164774067,0.7703488372093024,0.287304467647014,-0.19277758395067396,-0.7982449718033792,1.0231021397491127,26,14,4,0.11070087665486583,-0.49625604455621375,1.0231021397491127,0.6176141168004942,0.7520216032107419,0.9279999999999999
33,dom_regular,1.0,0.9767441860465116,1.0,0.9568106312292359,1.0,0.9494949494949495,1.0,0.9923076923076923,0.0,1.0,1.0,0.0,0.47838930156792003,-0.1036690919523672,0.8922836538461539,1.0,0.7334302325581395,0.9991055456171736,0.9089285714285714,1.0,0.6693521594684385,0.99671926910299,0.8181818181818182,1.0,0.6464646464646465,1.0,0.9270242914979757,1.0,0.7883653846153846,1.0,0.0,0.0,0.9740174299384826,1.0,0.9729714040666053,1.0,-0.014672666363842827,0.02008310207528951,0.3257075275653003,0.6359577976180718,1.0,0.3941633608612615,-0.42008578575197386,0.45298700828794725,-0.36957452639229144,26,14,11,-0.2714850038360091,-0.5686865676679386,-0.36957452639229144,0.4583918415932097,0.5183842215173408,
33,dom_regular_verberase,0.9980769230769231,0.8059033989266547,0.9982142857142857,0.7275747508305648,1.0,0.7474747474747475,1.0,0.8269230769230769,0.0,0.9274131274131274,0.8764478764478765,0.05096525096525095,0.6916429565572119,-0.05699458512616242,0.9384615384615385,1.0,0.5125223613595706,0.9168828264758496,0.9499107142857143,1.0,0.4219269102990033,0.8953488372093024,0.9393939393939394,1.0,0.40404040404040403,0.9747474747474747,0.8986842105263159,1.0,0.4768269230769231,0.9538461538461539,0.0,0.35714285714285715,0.7985651851366183,0.9895975102149921,0.7273322015390127,0.9551277089783282,-0.030955572205572206,0.1579529389880952,0.48772504825534585,0.9113102113148392,1.0,0.18783154165822885,-0.303989917005905,0.2606609412637551,-0.19886908901965122,26,14,11,-0.1885403966258616,-0.4194394373859484,-0.19886908901965122,0.6770287595654253,0.7208713505407844,
33,dom_regular_rank2,0.9980769230769231,0.6592128801431127,1.0,0.5564784053156147,1.0,0.6616161616161617,0.9959514170040485,0.6538461538461539,0.1282051282051282,0.9250965250965251,0.8749034749034749,0.050193050193050204,0.7396486492379536,-0.06709135466702502,0.9365144230769231,1.0,0.37385957066189623,0.8282871198568873,0.95,1.0,0.2956810631229236,0.810672757475083,0.947943722943723,1.0,0.27765151515151515,0.9191919191919192,0.9107287449392714,1.0,0.33451923076923074,0.8461538461538461,0.0,0.7777777777777778,0.7738544553259871,0.9876168162855469,0.7184625818012613,0.9483979962104961,-0.04765625000000007,0.16316929598179597,0.5168680493117127,0.9795731679887211,1.0,0.08149993692372344,-0.1304282579574512,0.1983314636066347,-0.03169301136263527,26,14,11,-0.06951616298967239,-0.19134035292523,-0.03169301136263527,0.7350921104792656,0.7487617267553299,
34,adom_matched,0.7798076923076923,0.40966010733452596,0.7803571428571429,0.4368770764119601,0.8398268398268398,0.4444444444444444,0.7165991902834008,0.45,0.20512820512820512,0.7474903474903475,0.8447876447876448,-0.0972972972972973,0.37642729509720146,-0.23691066773205696,0.5787019230769231,0.8990384615384616,0.2575134168157424,0.6225626118067978,0.5392410714285714,0.9107589285714285,0.26735880398671097,0.6710963455149501,0.5627705627705628,0.9826839826839827,0.17676767676767677,0.7323232323232324,0.40475708502024293,0.9192307692307691,0.21528846153846157,0.7077884615384615,0.0,0.6833916083916081,0.5485444725028059,0.8684471230523862,0.612686679935132,0.9094814241486068,-0.19924710424710423,0.07304805871212114,-0.3620551734916183,1.9658285305916272,0.7069767441860465,-0.19456513466391817,-2.349915544244443,-0.8660764448719095,-0.6106724777215317,26,14,4,-1.5078095059382401,-3.192021582550646,-0.6106724777215317,0.2848645833291381,0.5595527186333281,0.7866666666666667
34,dom_matched,0.6711538461538461,0.5286225402504472,0.6214285714285714,0.579734219269103,0.7489177489177489,0.5555555555555556,0.5789473684210527,0.5538461538461539,0.4230769230769231,0.7351351351351352,0.7799227799227799,-0.04478764478764474,0.18614085546160986,-0.32594197988317175,0.46439903846153846,0.8404086538461538,0.326453488372093,0.730813953488372,0.4142857142857143,0.8411160714285714,0.3338870431893688,0.782392026578073,0.4153679653679654,0.9567099567099567,0.19696969696969696,0.8688131313131312,0.2954453441295547,0.8502024291497976,0.31903846153846155,0.7846153846153846,0.037250712250712255,0.9196153846153852,0.5423271173271174,0.8399463383838385,0.582193425211219,0.8694764987334647,-0.15128043253043252,0.07699311755952375,-0.7128985077257537,1.432546754475788,0.6953488372093023,0.39928971669970303,-0.4746087566557899,-0.8633338679356569,0.9728493722554151,26,14,4,-0.08895921570589675,-0.8602582976056831,0.9728493722554151,0.15521176198855696,0.2479990424077158,0.8713333333333333
34,probe_strat,0.9096153846153846,0.4275491949910555,0.9142857142857143,0.38870431893687707,0.9134199134199135,0.6060606060606061,0.9473684210526315,0.3346153846153846,0.46153846153846156,0.7281853281853282,0.7266409266409266,0.001544401544401608,0.836299808533515,-0.039052517651871496,0.7134375000000001,0.9663461538461539,0.25042486583184254,0.6234794275491949,0.6981696428571428,0.9786160714285713,0.20431893687707642,0.6478820598006645,0.6491341991341991,0.9914502164502164,0.24242424242424243,0.8282828282828283,0.6760121457489879,1.0,0.1423076923076923,0.6770192307692308,0.03571428571428571,1.0,0.5633061535893951,0.8756774008050604,0.5578079342532468,0.868773595023595,-0.12903942903942897,0.16566166660965337,0.3475164423406331,1.7062740424273208,0.9151162790697674,-0.0059734900714084604,-0.7080707026588586,-0.6642736293239285,1.1971934549208747,26,14,7,-0.5133772630987197,-0.9027641422189977,1.1971934549208747,0.8818933558603905,0.7451127138797643,0.9223121439963545
34,probe_strat_noinit,0.9278846153846154,0.4007155635062612,0.9303571428571429,0.39867109634551495,0.961038961038961,0.5202020202020202,0.9595141700404858,0.36923076923076925,0.48717948717948717,0.827027027027027,0.7814671814671814,0.0455598455598456,0.7650190345672807,-0.06064174394148725,0.7624759615384615,0.972139423076923,0.26831395348837206,0.6198792486583184,0.7375,0.9875,0.22745016611295682,0.6545265780730897,0.7314935064935065,1.0,0.25744949494949493,0.8080808080808081,0.7650809716599191,1.0,0.14990384615384617,0.6576923076923077,0.0,0.9343167701863352,0.6547289468906471,0.9035079999282785,0.6194339152520576,0.8911352032522842,-0.087411071401084,0.13832338832338836,0.3560220274539145,1.3404446921970663,0.9284883720930233,0.020277136253924754,-0.684739605084959,-0.7542897832291153,0.47633315903898404,26,14,7,-0.29847619684924154,-1.0710030133206765,0.47633315903898404,0.7761783965719369,0.7427003105579687,0.9080427330953647
34,probe_matched,0.7625,0.46511627906976744,0.7625,0.49169435215946844,0.8225108225108225,0.5050505050505051,0.7206477732793523,0.48846153846153845,0.5,0.715057915057915,0.7413127413127413,-0.026254826254826225,0.6691419636195074,-0.16434206186188927,0.564375,0.8711778846153846,0.31753130590339895,0.6645796064400715,0.5410267857142856,0.8857142857142857,0.30066445182724255,0.7126661129568106,0.5800865800865801,0.9567099567099567,0.22714646464646465,0.803030303030303,0.3805668016194332,0.8866396761133604,0.2536538461538462,0.7577884615384615,0.11538461538461539,0.9102564102564102,0.5491359381146735,0.8491730985732533,0.5761641564572327,0.861023166023166,-0.14609852699303408,0.10937982253086419,-0.039012071746045505,1.596279539210867,0.747093023255814,0.23247357707869343,-0.3610922844455147,-1.0169037018787506,0.8986109201742487,26,14,4,-0.13886033792504215,-0.5833242309659873,0.8986109201742487,0.6521477588754833,0.7031303731075553,0.9039999999999999
34,dom_regular,1.0,0.9731663685152058,1.0,0.9501661129568106,1.0,0.9393939393939394,1.0,0.9923076923076923,0.0,1.0,0.9969111969111969,0.003088803088803105,0.4849579468258396,-0.09687822799277199,0.8932211538461539,1.0,0.6930679785330949,0.998211091234347,0.9107142857142857,1.0,0.6361710963455149,0.9966777408637874,0.8095238095238095,1.0,0.5909090909090909,1.0,0.9271255060728745,1.0,0.7268269230769231,1.0,0.0,0.025932400932400936,0.9575264921046654,1.0,0.953555861063601,1.0,-0.019324324324324287,0.0357664535984848,0.3148756704146736,0.6690290053301496,1.0,0.36680100257834797,-0.39540848458590316,0.45933914071930665,-0.3164257234908494,26,14,11,-0.24814894017318184,-0.5426680289986244,-0.3164257234908494,0.46517422656994684,0.5245253873376247,
34,dom_regular_verberase,0.9980769230769231,0.8112701252236136,0.9982142857142857,0.7192691029900332,1.0,0.7727272727272727,1.0,0.8346153846153846,0.0,0.9328185328185328,0.8826254826254826,0.050193050193050204,0.6799680689260409,-0.06210841933596774,0.9470913461538462,1.0,0.48823792486583184,0.9293828264758497,0.9535714285714286,1.0,0.3902823920265781,0.9003322259136213,0.9393939393939394,1.0,0.3938131313131313,0.9747474747474747,0.9109311740890689,1.0,0.4807692307692308,0.9576923076923077,0.0,0.43696581196581197,0.7929801301744026,0.9903852838142811,0.73214653267825,0.9552209352209352,-0.03629879879879879,0.1624125874125875,0.48172744005012247,0.8859562650701984,1.0,0.1761211373104441,-0.28269355832941667,0.28934642608052225,-0.10676482222698078,26,14,11,-0.15259224900055735,-0.41279486765827605,-0.10676482222698078,0.6588520419833921,0.7222001228113386,
34,dom_regular_rank2,1.0,0.6502683363148479,1.0,0.5465116279069767,1.0,0.6161616161616161,1.0,0.6461538461538462,0.21794871794871795,0.9289575289575289,0.8864864864864865,0.042471042471042386,0.7235454501199463,-0.06836256098623168,0.9441826923076923,1.0,0.3747316636851521,0.8282871198568873,0.9571428571428572,1.0,0.28235049833887044,0.7940199335548173,0.93495670995671,1.0,0.23724747474747476,0.9090909090909091,0.9190283400809717,1.0,0.33442307692307693,0.8500961538461538,0.0,0.8082852564102564,0.7894608680792892,0.9868879073338482,0.7319153069153069,0.9510728846291395,-0.04685200216450211,0.16365976089312084,0.5127656720753427,0.9570823204742457,1.0,0.07230891039613126,-0.11326019603287182,0.21826686757961145,0.06983574261936314,26,14,11,-0.05814890645925265,-0.16837148560649098,0.06983574261936314,0.7092998519265656,0.7520366465067075,
35,adom_matched,0.7798076923076923,0.4409660107334526,0.7839285714285714,0.4601328903654485,0.8528138528138528,0.4595959595959596,0.7044534412955465,0.49615384615384617,0.24358974358974358,0.8015444015444015,0.8548262548262548,-0.05328185328185331,0.5029179570300704,-0.23035905327610146,0.5719951923076922,0.9038701923076923,0.28884168157423973,0.6565518783542039,0.5660267857142857,0.9178571428571428,0.26578073089701,0.6694352159468439,0.5800865800865801,0.9913419913419913,0.17676767676767677,0.8082070707070705,0.39665991902834014,0.9191295546558703,0.24615384615384617,0.7346153846153847,0.0,0.6961538461538456,0.5992275729971043,0.8986358133610456,0.6272174317917957,0.9150037635001549,-0.16279069767441856,0.101029526029526,-0.19234156474691078,1.7952009165959277,0.7377906976744186,-0.0375464600571838,-1.6891622701553903,-0.7171676526739268,-0.35522171109070316,26,14,4,-0.9592268487926638,-2.419097691518117,-0.35522171109070316,0.42464356183816243,0.6594667474138864,0.8144444444444444
35,dom_matched,0.6846153846153846,0.5635062611806798,0.6660714285714285,0.5897009966777409,0.7792207792207793,0.6212121212121212,0.5870445344129555,0.5846153846153846,0.47435897435897434,0.7837837837837838,0.7822393822393823,0.001544401544401497,0.38206862890990206,-0.3154789051567634,0.47197115384615385,0.8500240384615384,0.35684257602862257,0.7612030411449017,0.45714285714285713,0.8572767857142856,0.34219269102990035,0.807392026578073,0.43722943722943725,0.948051948051948,0.25744949494949493,0.8838383838383839,0.31568825910931175,0.8744939271255061,0.34211538461538465,0.8307692307692308,0.07139285714285715,0.9259259259259259,0.6029137529137529,0.8852301409527971,0.5912878787878788,0.8841886529386529,-0.12201480449932464,0.11314033990457394,-0.26647192273304593,1.5760069221312634,0.7197674418604652,0.46036405758795373,-0.1379154375992772,-0.7425144143223611,0.9052278823318417,26,14,4,0.1945263417377642,-0.47035721693631866,0.9052278823318417,0.38615533622864784,0.3738952142724107,0.8959999999999999
35,probe_strat,0.9413461538461538,0.5044722719141324,0.9464285714285714,0.4368770764119601,0.9393939393939394,0.6868686868686869,0.9676113360323887,0.38846153846153847,0.5128205128205128,0.8293436293436294,0.7922779922779922,0.03706563706563715,0.9301866959037759,-0.0249170646468526,0.7461057692307692,0.9798317307692307,0.29780858676207517,0.7039355992844365,0.7607142857142857,0.9875,0.23251661129568107,0.671220930232558,0.696969696969697,1.0,0.3178030303030303,0.8838383838383839,0.7206477732793523,1.0,0.1691346153846154,0.7615384615384615,0.07142857142857142,1.0,0.6926958825478098,0.9362921005722863,0.6222045923632611,0.9027145002145002,-0.0772011779540191,0.1799525742018002,0.4746142219994349,1.6156691626897577,0.9593023255813954,0.09597160292843962,-0.376819673887092,-0.42055952850154216,1.0966055444300722,26,14,7,-0.1730945817698205,-0.5805447660043634,1.0966055444300722,1.0105937066005877,0.7693726745101522,0.9400243791296423
35,probe_strat_noinit,0.9528846153846153,0.48300536672629696,0.9589285714285715,0.45016611295681064,0.9783549783549783,0.5909090909090909,0.9635627530364372,0.4576923076923077,0.5128205128205128,0.8756756756756757,0.8324324324324325,0.043243243243243246,0.8182786839391061,-0.05307309488614485,0.7961057692307691,0.989423076923077,0.29872540250447227,0.6565295169946332,0.7784375,0.9928571428571429,0.25240863787375417,0.6926910299003323,0.8094155844155845,1.0,0.3029040404040404,0.8686868686868687,0.7935222672064778,1.0,0.21528846153846157,0.7385576923076923,0.03571428571428571,0.9642857142857143,0.7283371913580247,0.9505842030646717,0.6539732664897302,0.9204870221349772,-0.05407335907335908,0.16952399380804947,0.5025538951460292,1.275605348390084,0.9662790697674418,0.1255024806388647,-0.3580697192759717,-0.5092587723755455,0.5774226044311342,26,14,7,0.008733371357010099,-0.7248728099089535,0.5774226044311342,0.8466571020060585,0.761521847805201,0.9304935064935066
35,probe_matched,0.8048076923076923,0.5089445438282647,0.8053571428571429,0.5033222591362126,0.9047619047619048,0.5555555555555556,0.7692307692307693,0.5346153846153846,0.6153846153846154,0.803088803088803,0.7837837837837838,0.019305019305019266,0.8522087087346395,-0.15691434138821267,0.6125,0.9067307692307692,0.3443202146690519,0.6870080500894453,0.6088839285714285,0.9267857142857143,0.3006229235880399,0.717607973421927,0.645021645021645,0.9783549783549783,0.25252525252525254,0.8738636363636362,0.4734817813765182,0.9392712550607287,0.29615384615384616,0.7847115384615384,0.24673913043478263,0.9858974358974356,0.6261951634173856,0.9042516492516492,0.6111887559457004,0.8796296296296297,-0.07722007722007718,0.12273313492063492,0.2800152583038566,1.5548069148937735,0.8255813953488372,0.2525400162240573,0.010457219780295512,-0.644929401652565,0.9399230357228898,26,14,4,0.24008397613329974,-0.2191695365727087,0.9399230357228898,0.8906060516861046,0.7754140228317097,0.9119999999999999
35,dom_regular,1.0,0.983005366726297,1.0,0.96843853820598,1.0,0.9646464646464646,1.0,0.9923076923076923,0.0,1.0,0.9945945945945946,0.00540540540540535,0.5726159531488035,-0.07916994605414077,0.9065625,1.0,0.7548971377459749,0.998211091234347,0.9338839285714285,1.0,0.6810215946843854,0.9950581395348838,0.7792207792207793,1.0,0.6513888888888889,1.0,0.951417004048583,1.0,0.7691346153846155,1.0,0.0,0.1111111111111111,0.9729672974397815,1.0,0.945679275431439,1.0,-0.008612006483100187,0.048780959752321974,0.41385653111737103,0.750449431997561,1.0,0.36580044202192813,-0.17332725707944147,0.4529173949855159,-0.23793146897920162,26,14,11,-0.06137319486752447,-0.28528131929135847,-0.23793146897920162,0.5628193341282135,0.5922091911899838,
35,dom_regular_verberase,0.9980769230769231,0.8434704830053668,1.0,0.7724252491694352,1.0,0.8686868686868687,1.0,0.7961538461538461,0.1282051282051282,0.9660231660231661,0.9652509652509652,0.0007722007722008595,0.7582297559130002,-0.029385288621529008,0.95,1.0,0.5294722719141324,0.9204606440071555,0.9695982142857142,1.0,0.43849667774086376,0.9086378737541528,0.922077922077922,1.0,0.45454545454545453,0.9848484848484849,0.9473684210526315,1.0,0.4806730769230769,0.9384615384615385,0.0,0.7126831501831495,0.8701926674148897,1.0,0.8444387621295568,0.9915278415216948,-0.03975885225885233,0.0980244502314815,0.5651795825157117,0.9747562674613579,1.0,0.19436031649361846,-0.06818712827772604,0.264662698714419,0.11291680812311666,26,14,11,0.04823569715871284,-0.18460995371416491,0.11291680812311666,0.7441546531093581,0.7863799615202846,
35,dom_regular_rank2,1.0,0.7137745974955277,1.0,0.6378737541528239,1.0,0.7626262626262627,1.0,0.6538461538461539,0.44871794871794873,0.9691119691119691,0.9683397683397683,0.0007722007722007485,0.7877491617594824,-0.0288040801804812,0.9701923076923077,1.0,0.4158989266547406,0.8336538461538462,0.9714285714285714,1.0,0.3388704318936877,0.8172757475083057,0.93495670995671,1.0,0.3484848484848485,0.9393939393939394,0.9757085020242915,1.0,0.35759615384615384,0.8269230769230769,0.035142857142857156,0.8585,0.8606675831908029,0.9984375,0.8535866044207316,0.9919859224639134,-0.04801337529504326,0.09112344487344484,0.5728955041756032,1.0174224439551955,1.0,0.11402853726406659,0.03972633446369267,0.2282317708585008,0.2588564043819967,26,14,11,0.09865781138890409,-0.019205142461518745,0.2588564043819967,0.7777630642756436,0.80772135672716,
36,adom_matched,0.7807692307692308,0.41323792486583183,0.7892857142857143,0.4335548172757475,0.8571428571428571,0.41414141414141414,0.6842105263157895,0.46923076923076923,0.21794871794871795,0.7799227799227799,0.8193050193050193,-0.03938223938223939,0.6236065866793238,-0.24916854979825778,0.5874519230769231,0.9009615384615385,0.2781305903398927,0.6208631484794274,0.5767410714285713,0.9161160714285713,0.26075581395348835,0.6495431893687708,0.5711038961038961,0.9957792207792208,0.16148989898989902,0.7630050505050502,0.3805668016194332,0.9068825910931174,0.2653846153846154,0.7270192307692307,0.0,0.7857142857142857,0.5577560763888889,0.8926124981623874,0.5969071476385718,0.9091017316017316,-0.16877825691680187,0.12124917984982136,-0.06737661940672757,2.245508508526427,0.7232558139534884,-0.1720454163225177,-1.80744910384657,-0.7363218341145282,-0.3988073782414645,26,14,4,-1.0626367340323055,-2.5522614736608347,-0.3988073782414645,0.5588993876194058,0.7530209847991596,0.7848888888888889
36,dom_matched,0.6951923076923077,0.5241502683363148,0.6714285714285714,0.5581395348837209,0.7878787878787878,0.5202020202020202,0.5991902834008097,0.573076923076923,0.46153846153846156,0.7621621621621621,0.745945945945946,0.01621621621621616,0.5595822558556937,-0.323611161631819,0.4815384615384616,0.8519230769230769,0.3443425760286225,0.7236359570661897,0.49281250000000004,0.8483035714285714,0.3587624584717608,0.760797342192691,0.3938311688311688,0.9567099567099567,0.20202020202020202,0.8940656565656564,0.33178137651821865,0.8663967611336032,0.33451923076923074,0.8039423076923077,0.07092857142857144,0.9268518518518519,0.5819554924242424,0.8668733163121708,0.560053249768807,0.8617954462398907,-0.13624581773676972,0.13241988925199713,-0.12421459909242488,2.3996009286199866,0.7052325581395349,0.3599537748962136,-0.308448112102202,-0.7771403443938549,0.8470562620739347,26,14,4,0.03935205709745813,-0.6562482813018622,0.8470562620739347,0.576377134879173,0.5259924978087349,0.8879999999999999
36,probe_strat,0.9336538461538462,0.5098389982110912,0.9267857142857143,0.4750830564784053,0.9307359307359307,0.7222222222222222,0.97165991902834,0.41923076923076924,0.5,0.8702702702702703,0.8177606177606178,0.05250965250965245,1.0789130616527214,-0.0295623039132867,0.7567307692307692,0.9778846153846154,0.2933586762075134,0.6869633273703041,0.7357142857142858,0.9857589285714285,0.2541112956810631,0.6861710963455149,0.70995670995671,1.0,0.2978535353535353,0.8789141414141413,0.7529352226720648,1.0,0.20759615384615387,0.7153846153846154,0.07142857142857142,1.0,0.7109357244318182,0.9551313244666456,0.6479084782902835,0.9196440637065637,-0.05098018219111968,0.1791698841698842,0.6820139732939356,1.890304570481804,0.9563953488372093,0.11121382691871155,-0.41652114214272784,-0.4022448463263823,1.1449387008786844,26,14,7,-0.26160402545925904,-0.5714382588261967,1.1449387008786844,1.1650086019066417,0.9067219811448812,0.9385233538391432
36,probe_strat_noinit,0.9528846153846153,0.4892665474060823,0.9553571428571429,0.46511627906976744,0.9653679653679653,0.5959595959595959,0.9838056680161943,0.47307692307692306,0.48717948717948717,0.9135135135135135,0.8795366795366796,0.03397683397683393,0.9704453335716714,-0.05607426446837048,0.8096153846153846,0.9913461538461539,0.3192307692307692,0.6628130590339892,0.7946428571428571,0.9946428571428572,0.26578073089701,0.6945598006644517,0.7791125541125542,1.0,0.3079545454545454,0.8436868686868685,0.8137651821862348,1.0,0.23067307692307695,0.7269230769230769,0.03571428571428571,0.9642857142857143,0.7460753071787926,0.965625,0.68904296875,0.9349970038949366,-0.05156687379343636,0.15470963138544888,0.6584199751882435,1.5187744007515205,0.9691860465116279,0.12362386000418046,-0.360295823943866,-0.46986277511382696,0.6793147758313068,26,14,7,-0.07366152226244281,-0.6469301256252892,0.6793147758313068,1.0133759204641464,0.8845841597867216,0.9221972101972102
36,probe_matched,0.8086538461538462,0.4892665474060823,0.8214285714285714,0.4900332225913621,0.8961038961038961,0.5252525252525253,0.7611336032388664,0.5615384615384615,0.5897435897435898,0.8,0.7722007722007722,0.027799227799227832,1.066873484958287,-0.1610220391044796,0.6133894230769231,0.9115384615384615,0.33271466905187835,0.6799194991055455,0.5946428571428571,0.9232142857142858,0.31216777408637875,0.6977990033222591,0.6493506493506493,0.974025974025974,0.24242424242424243,0.8282828282828283,0.46558704453441296,0.9352226720647774,0.3230769230769231,0.7924038461538461,0.15923076923076923,1.0,0.6158779801682769,0.8986917951878607,0.6099335374596,0.8738171574688097,-0.08730245227536247,0.13300572943985492,0.46778398656441583,1.9210194771525797,0.8075581395348838,0.20401906525520147,-0.1132423677772589,-0.643675948455371,0.9185211279264698,26,14,4,0.11989052798748562,-0.34637526354200343,0.9185211279264698,1.1359336922781131,0.9287530703186355,0.9199999999999999
36,dom_regular,0.9980769230769231,0.983005366726297,0.9964285714285714,0.96843853820598,0.9956709956709957,0.9646464646464646,1.0,0.9923076923076923,0.0,1.0,0.9976833976833976,0.0023166023166023564,0.6068766380616716,-0.07666982830102087,0.8730769230769231,1.0,0.7485688729874777,0.998211091234347,0.8749107142857143,1.0,0.6974252491694353,0.99671926910299,0.7053030303030303,1.0,0.656439393939394,1.0,0.9352226720647774,1.0,0.7651923076923076,1.0,0.0,0.1325714285714277,0.9606091277646648,1.0,0.9435635629677893,1.0,-0.020141576367389072,0.05215009773456292,0.4463693232067909,0.7905673138823094,1.0,0.39460046129067383,-0.1853375532881863,0.4660595888376739,-0.20497104824665574,26,14,11,-0.07815196085672313,-0.29252314571964944,-0.20497104824665574,0.6092003040004024,0.6022293061842102,
36,dom_regular_verberase,0.9971153846153846,0.7978533094812165,0.9982142857142857,0.7259136212624585,1.0,0.7828282828282829,1.0,0.7807692307692308,0.20512820512820512,0.9567567567567568,0.9776061776061776,-0.020849420849420874,0.8628895816745916,-0.061014754943200224,0.948076923076923,1.0,0.49821109123434704,0.9087656529516994,0.9571428571428572,1.0,0.44339700996677744,0.9053571428571429,0.9393939393939394,1.0,0.3888888888888889,0.9747474747474747,0.9067813765182187,1.0,0.4807692307692308,0.9307692307692308,0.0,0.7310185185185183,0.8470972758472759,0.9983553791887125,0.8756366555383078,0.9976565686917249,-0.08881688881688886,0.07149233649233644,0.6463658404935206,1.1016279626059189,1.0,0.16756619807649753,-0.11408070379713486,0.2854190656890336,0.15447441580475213,26,14,11,0.049529415535847825,-0.27769082313011756,0.15447441580475213,0.8637142090997711,0.8612403268242323,
36,dom_regular_rank2,0.9990384615384615,0.6806797853309481,1.0,0.6046511627906976,1.0,0.6717171717171717,1.0,0.6576923076923077,0.5,0.9606177606177606,0.9837837837837838,-0.02316602316602323,0.9055719805738109,-0.05734893711198716,0.9615384615384616,1.0,0.4033542039355993,0.8291815742397138,0.9642857142857143,1.0,0.3504983388704319,0.8173588039867109,0.9522727272727273,1.0,0.2727272727272727,0.9345959595959594,0.951417004048583,1.0,0.4,0.8538461538461538,0.0,0.92,0.8410611440312463,0.9984520123839009,0.8937359713622292,0.9984555984555985,-0.10031057843557843,0.06215578284815104,0.6802264571740987,1.1757997604387656,1.0,0.08829695028277053,0.031702789177580945,0.26772779961598464,0.2936867227957648,26,14,11,0.15508915200992737,-0.09168357365476548,0.2936867227957648,0.9120574394448269,0.8926010628317786,
37,adom_matched,0.7596153846153846,0.41323792486583183,0.7696428571428572,0.42358803986710963,0.8571428571428571,0.398989898989899,0.6437246963562753,0.4653846153846154,0.24358974358974358,0.7876447876447876,0.7992277992277992,-0.01158301158301156,0.7278656149712701,-0.27079324027311474,0.5576442307692308,0.884639423076923,0.27186940966010736,0.6172406082289803,0.5624107142857143,0.9035714285714286,0.24580564784053158,0.6362956810631228,0.5583333333333333,0.9913419913419913,0.15151515151515152,0.7374999999999998,0.3561740890688259,0.8948380566801618,0.2692307692307692,0.7385576923076923,0.0,0.75,0.5922757299710425,0.877716060819776,0.590730875965251,0.8945424861245174,-0.16627514460847798,0.1365435139573071,-0.14736789137769876,3.3462095244795527,0.6895348837209302,-0.20838778809817682,-1.9581906849248263,-0.8458424867370103,-0.5480357260964585,26,14,4,-1.0256323505722225,-2.89074901927743,-0.5480357260964585,0.6322336911986242,0.9191294625165618,0.7817777777777778
37,dom_matched,0.6615384615384615,0.5304114490161002,0.6517857142857143,0.5431893687707641,0.7835497835497836,0.51010101010101,0.5141700404858299,0.6,0.47435897435897434,0.7629343629343629,0.7413127413127413,0.021621621621621623,0.6652703416676388,-0.32426217120376377,0.4489423076923077,0.8346394230769231,0.3416592128801431,0.7407200357781751,0.44995535714285717,0.8410714285714286,0.35041528239202663,0.767483388704319,0.3548701298701299,0.9523809523809523,0.18686868686868688,0.8839646464646463,0.27125506072874495,0.8260121457489877,0.3576923076923077,0.8346153846153846,0.06348717948717948,0.8888888888888888,0.5757927664654652,0.859527294077214,0.5553697875688434,0.8655800189393938,-0.1380783593341643,0.13209550865800856,-0.1785492508510091,3.0133375812167493,0.6848837209302325,0.4115253342083952,-0.30258868873594646,-0.8769718100766517,0.775643493518043,26,14,4,0.12393841517677569,-0.7291157926486687,0.775643493518043,0.685166139084425,0.6254787468340661,0.8904444444444444
37,probe_strat,0.9461538461538461,0.4847942754919499,0.9375,0.4435215946843854,0.948051948051948,0.6919191919191919,0.9838056680161943,0.34615384615384615,0.5,0.864092664092664,0.8347490347490347,0.02934362934362933,1.1228960635058447,-0.024838189307853403,0.7403846153846154,0.9827163461538461,0.2780858676207513,0.6629025044722717,0.7499553571428571,0.9893303571428571,0.24082225913621264,0.6760797342192691,0.6707792207792208,1.0,0.2876262626262627,0.8838383838383839,0.744838056680162,1.0,0.16538461538461538,0.7115384615384616,0.07142857142857142,1.0,0.7142607392607393,0.9583141033141033,0.6689760632485358,0.9182233796296296,-0.0668357683982684,0.1790436415436414,0.5520851584937596,1.9966496869365657,0.9430232558139535,0.054586703603636155,-0.39672976185412734,-0.4262110353967925,1.1699086367477287,26,14,7,-0.1339693875776396,-0.6594901361306151,1.1699086367477287,1.2456943636015494,0.8772994633144358,0.9389896964633806
37,probe_strat_noinit,0.9576923076923077,0.4472271914132379,0.9589285714285715,0.41362126245847175,0.9653679653679653,0.5656565656565656,0.979757085020243,0.4269230769230769,0.5384615384615384,0.9196911196911197,0.894980694980695,0.024710424710424728,1.0169667664531001,-0.05490806452740071,0.812451923076923,0.9884615384615385,0.288886404293381,0.6548524150268334,0.8017857142857143,0.9928571428571429,0.2441860465116279,0.6595930232558139,0.8095238095238095,1.0,0.2676767676767677,0.8383838383838383,0.8055668016194333,1.0,0.2114423076923077,0.7269230769230769,0.022435897435897436,1.0,0.7685678043147083,0.975253399361694,0.6946784576392153,0.953500369139904,-0.055194128787878736,0.15157342657342648,0.6184094159424415,1.5736113837338137,0.9558139534883721,0.0616723086748817,-0.41142758832583526,-0.5231729265570427,0.6096609452545407,26,14,7,-0.02437022060743659,-0.798484956044234,0.6096609452545407,1.0833299243554055,0.8842404506484891,0.9184254575833524
37,probe_matched,0.8115384615384615,0.4865831842576029,0.8232142857142857,0.4634551495016611,0.8874458874458875,0.47474747474747475,0.7813765182186235,0.5461538461538461,0.6153846153846154,0.803088803088803,0.7722007722007722,0.030888030888030826,1.1787696168870339,-0.15016604821640764,0.5999759615384616,0.8990384615384616,0.34076475849731663,0.6914355992844365,0.6089285714285714,0.925,0.2955564784053156,0.6895764119601328,0.6233766233766234,0.974025974025974,0.2321969696969697,0.803030303030303,0.46153846153846156,0.9311740890688259,0.2923076923076923,0.7847115384615384,0.18518518518518517,1.0,0.6223512182132871,0.9034749034749034,0.5892625385109945,0.8694647244647244,-0.08261621152596252,0.14039706097102178,0.5135394251369154,2.4047843183726667,0.7988372093023256,0.19023944721146305,-0.009837028723326063,-0.6553212938940804,1.0486088093219512,26,14,4,0.3433968639619116,-0.36307092140856373,1.0486088093219512,1.269416530284878,0.9974757900913456,0.9119999999999999
37,dom_regular,1.0,0.9570661896243292,1.0,0.920265780730897,1.0,0.9646464646464646,1.0,0.9461538461538461,0.0,0.9984555984555985,0.9969111969111969,0.001544401544401608,0.6751165010619585,-0.05606725385264366,0.8614903846153846,1.0,0.6663014311270125,0.989288908765653,0.9069196428571429,1.0,0.6095099667774087,0.9817275747508306,0.7228354978354978,1.0,0.5656565656565656,1.0,0.9433198380566802,1.0,0.6575,1.0,0.0,0.25925925925925924,0.9276109772805288,1.0,0.9390249218374218,1.0,-0.04969040621214532,0.055171198755801745,0.46997500511771273,0.9024347477031125,1.0,0.34674278094355093,-0.14104191589433096,0.4617254311626328,-0.14894164011810124,26,14,11,-0.04351542549528315,-0.23856840629337875,-0.14894164011810124,0.6738535415323987,0.6776424201210784,
37,dom_regular_verberase,0.9971153846153846,0.8112701252236136,0.9964285714285714,0.7093023255813954,1.0,0.8383838383838383,1.0,0.7692307692307693,0.14102564102564102,0.9714285714285714,0.9822393822393822,-0.010810810810810811,0.836956393167067,-0.0463641488533966,0.9365384615384615,1.0,0.5205724508050089,0.9168157423971377,0.95,1.0,0.4318936877076412,0.882142857142857,0.9047619047619048,1.0,0.41919191919191917,0.9848484848484849,0.902834008097166,1.0,0.4576923076923077,0.9076923076923077,0.0,0.6481481481481481,0.8680259932920537,1.0,0.8885320415506175,0.9983007429922324,-0.0979347041847042,0.075651455026455,0.6079601904384381,1.117717146525371,1.0,0.17015708905377985,-0.11438127139031411,0.30382210076117355,0.12822512451461687,26,14,11,0.002335224762925535,-0.23109776754355374,0.12822512451461687,0.8360446129321041,0.8387799536369934,
37,dom_regular_rank2,0.9980769230769231,0.6923076923076923,0.9964285714285714,0.5880398671096345,1.0,0.7373737373737373,1.0,0.6192307692307693,0.47435897435897434,0.9667953667953668,0.9837837837837838,-0.01698841698841702,0.8846572342393192,-0.044016419734438574,0.9528365384615384,1.0,0.39528175313059033,0.8381261180679785,0.9535267857142857,1.0,0.30892857142857144,0.810672757475083,0.9522727272727273,1.0,0.2828282828282828,0.9545454545454546,0.9392712550607287,1.0,0.35375,0.8231730769230768,0.0,0.8770292207792207,0.8590833701901813,1.0,0.8996073183573183,0.998455628247295,-0.09730294536022091,0.06718917330028444,0.6351440243430024,1.1652465084908321,1.0,0.08217348707481568,-0.004488789948903081,0.286925256185201,0.2770673138595886,26,14,11,0.09276999689864157,-0.10174757679644773,0.2770673138595886,0.8869366499266056,0.8800984028647457,
38,adom_matched,0.8,0.41055456171735244,0.8196428571428571,0.4318936877076412,0.8658008658008658,0.3939393939393939,0.728744939271255,0.45,0.23076923076923078,0.8223938223938224,0.8177606177606178,0.004633204633204602,0.8153305190035405,-0.2754699265583087,0.6229567307692307,0.9125240384615384,0.2629695885509839,0.635979427549195,0.6088839285714285,0.9357142857142857,0.24086378737541528,0.6478405315614618,0.6665584415584416,1.0,0.16148989898989902,0.7272727272727273,0.44929149797570855,0.9311740890688259,0.2423076923076923,0.7230769230769231,0.0,0.75,0.617970962033462,0.9250063926042487,0.6226091199105036,0.9203377323465775,-0.14274966931216923,0.1435688534278959,0.1260041627518428,2.1629329015622756,0.7424418604651163,-0.18470543094787092,-1.4089499090966717,-0.623223615923605,-0.3924561458601467,26,14,4,-0.7936538523808486,-2.024245965812495,-0.3924561458601467,0.7869753589941988,0.8720408390222245,0.8224444444444444
38,dom_matched,0.7134615384615385,0.5402504472271914,0.7035714285714286,0.5514950166112956,0.8008658008658008,0.5151515151515151,0.611336032388664,0.6153846153846154,0.4358974358974359,0.8015444015444015,0.7907335907335907,0.010810810810810811,0.8725847816241108,-0.32510019704557697,0.4855769230769231,0.8645192307692308,0.33982558139534885,0.7549194991055456,0.4732142857142857,0.8839285714285714,0.3321843853820598,0.782516611295681,0.43712121212121213,0.9696969696969697,0.19696969696969696,0.8888888888888888,0.33593117408906886,0.8705465587044533,0.35759615384615384,0.8461538461538461,0.10714285714285714,0.891243961352657,0.6144119380821945,0.895313637145948,0.6138889318921396,0.8931979054657073,-0.1226784218385781,0.14214164402173915,0.14332116694211314,2.500435728220662,0.7401162790697674,0.34248212183490434,-0.1614668741695257,-0.6679228495691564,0.5697368924044595,26,14,4,0.028968387368235763,-0.3519021357072872,0.5697368924044595,0.9287449139624242,0.7602645169474836,0.8873333333333333
38,probe_strat,0.9788461538461538,0.518783542039356,0.9696428571428571,0.48006644518272423,0.9826839826839827,0.696969696969697,0.9919028340080972,0.39615384615384613,0.5512820512820513,0.8926640926640926,0.8162162162162162,0.07644787644787643,1.2661746179571822,-0.015523667383869427,0.8297836538461539,0.9961538461538462,0.3076475849731664,0.6815966010733453,0.8303125,1.0,0.2707641196013289,0.6893687707641196,0.8008658008658008,1.0,0.3079545454545454,0.8790404040404038,0.8259109311740891,1.0,0.19230769230769232,0.7692307692307693,0.07407407407407407,1.0,0.7705463081391873,0.979943783068783,0.6810682161311588,0.927440565185246,-0.042515345372347725,0.1919823232323231,0.7426366267549864,1.8783368457938798,0.9738372093023255,0.06992054098823858,-0.17461441349520024,-0.2817805951596989,0.8873820973294746,26,14,7,-0.07734604521174472,-0.27188278177865577,0.8873820973294746,1.4180463177660112,0.9624312183395244,0.9492558669400776
38,probe_strat_noinit,0.9817307692307692,0.4660107334525939,0.9839285714285714,0.4269102990033223,0.987012987012987,0.6161616161616161,0.9919028340080972,0.41923076923076924,0.5641025641025641,0.9281853281853282,0.8888030888030888,0.03938223938223939,1.141062160353996,-0.0489546081432619,0.8807451923076923,1.0,0.3121422182468694,0.67533542039356,0.8696428571428572,1.0,0.2691029900332226,0.7010382059800665,0.8658008658008658,1.0,0.3130050505050505,0.853661616161616,0.8784412955465587,1.0,0.2153846153846154,0.7039423076923077,0.0,1.0,0.7819931292590616,0.9797220614711935,0.7265414056429681,0.956381334714668,-0.05015820290104351,0.14945487857972126,0.754343425415685,1.5846993155516678,0.9784883720930233,0.05819934456339525,-0.18443646459086166,-0.3498481075181779,0.49978918703718944,26,14,7,0.07802776587730473,-0.446900695059028,0.49978918703718944,1.231271573438375,0.9606433341852382,0.9202878914457863
38,probe_matched,0.8884615384615384,0.5008944543828264,0.8982142857142857,0.47674418604651164,0.9696969696969697,0.494949494949495,0.8866396761133604,0.5538461538461539,0.6923076923076923,0.8308880308880309,0.7969111969111969,0.03397683397683393,1.2603156252763148,-0.1467553512949937,0.6711298076923077,0.9509855769230768,0.3487924865831843,0.6949910554561717,0.675,0.9714732142857142,0.2923172757475083,0.7259551495016612,0.696861471861472,1.0,0.23232323232323232,0.8585858585858586,0.5262145748987854,0.979757085020243,0.3076923076923077,0.8077884615384615,0.17857142857142858,1.0,0.6725824787151703,0.927263931888545,0.6178833083397832,0.9012568951930654,-0.07820745723609501,0.15214762381429045,0.6492056963264076,2.162044708690907,0.8802325581395349,0.1541062500679463,0.03210341332713869,-0.4656873130291188,0.8031830128539855,26,14,4,0.23576503448005898,-0.1715582078257816,0.8031830128539855,1.3674068744347458,1.0461331269594525,0.9119999999999999
38,dom_regular,1.0,0.9320214669051878,1.0,0.8737541528239202,1.0,0.9343434343434344,1.0,0.926923076923077,0.05128205128205128,0.9992277992277993,0.9976833976833976,0.001544401544401608,0.8107962818168281,-0.05102347346194695,0.9441826923076923,1.0,0.631484794275492,0.9767441860465116,0.95,1.0,0.5348837209302325,0.9617940199335548,0.8787878787878788,1.0,0.555429292929293,1.0,0.9837044534412955,1.0,0.6074999999999999,0.9923076923076923,0.0,0.46292735042735045,0.9419311145510836,1.0,0.9339538182771857,1.0,-0.03520974468240093,0.055601683062983326,0.5891859824473663,1.0352536424673693,1.0,0.26546560399423025,-0.03580670649301233,0.3670653774700246,-0.0034299535785700034,26,14,11,0.061045253452186386,-0.13265866643821106,-0.0034299535785700034,0.8170312979940085,0.7983262494624672,
38,dom_regular_verberase,0.9971153846153846,0.8255813953488372,0.9964285714285714,0.7109634551495017,1.0,0.8636363636363636,1.0,0.7653846153846153,0.23076923076923078,0.9915057915057915,0.9922779922779923,-0.0007722007722007485,0.9032373635995956,-0.04332740019688114,0.9653846153846154,1.0,0.5500223613595706,0.9069991055456171,0.9678571428571429,1.0,0.4485049833887043,0.890406976744186,0.9653679653679653,1.0,0.5097222222222222,0.98989898989899,0.93917004048583,1.0,0.47307692307692306,0.926923076923077,0.0,0.778222222222222,0.9204315354315354,1.0,0.9250965250965251,1.0,-0.05330955830955833,0.0609571908088348,0.6861414814896518,1.1431737023511472,1.0,0.16962388962054656,-0.05697552440540003,0.2676080561032488,0.18935364718592032,26,14,11,0.08671225381725045,-0.20066330262805052,0.18935364718592032,0.9183243474195489,0.8730633959596892,
38,dom_regular_rank2,0.9980769230769231,0.7110912343470484,0.9964285714285714,0.5764119601328903,1.0,0.7878787878787878,1.0,0.6230769230769231,0.5512820512820513,0.9884169884169884,0.9938223938223938,-0.00540540540540535,0.9563352287359562,-0.042994817746144436,0.9682692307692308,1.0,0.43559928443649376,0.8452593917710197,0.9660714285714286,1.0,0.3171926910299004,0.8056478405315615,0.9826839826839827,1.0,0.3686868686868687,0.9696969696969697,0.951417004048583,1.0,0.3652884615384615,0.8231730769230768,0.0,0.9074074074074074,0.9094444444444444,1.0,0.9445280073600386,1.0,-0.0730394140346933,0.03968656994047615,0.7193054337437833,1.2005199118303407,1.0,0.0927203192420708,0.04087405556722895,0.2776906965540476,0.31810734661481627,26,14,11,0.18524719605082388,-0.10349908491636597,0.31810734661481627,0.9647638921594612,0.9394779018889459,
39,adom_matched,0.7375,0.40608228980322003,0.7553571428571428,0.4219269102990033,0.8311688311688312,0.35353535353535354,0.631578947368421,0.4461538461538462,0.20512820512820512,0.7752895752895753,0.8247104247104247,-0.049420849420849344,0.417039590379185,-0.3073002233263568,0.4883173076923077,0.8654086538461538,0.2790474060822898,0.6368738819320214,0.4981696428571429,0.889330357142857,0.2558139534883721,0.6495431893687708,0.4155844155844156,0.9826839826839827,0.16666666666666666,0.7374999999999998,0.3438259109311741,0.8663967611336032,0.2575961538461538,0.7577884615384615,0.0,0.7222222222222222,0.5455088650957459,0.8805467330086415,0.6061466228132895,0.9087495118102485,-0.23215009652509652,0.10684299453263947,-1.1453813126727443,2.5797215683889965,0.6709302325581395,-0.28683687139609193,-2.094536918202273,-0.7658733957561141,-0.8529377797897322,26,14,4,-1.370141564103831,-2.8189322723007146,-0.8529377797897322,0.27111789690332266,0.7088829773309098,0.7731111111111112
39,dom_matched,0.6105769230769231,0.5500894454382826,0.6035714285714285,0.5481727574750831,0.7402597402597403,0.45454545454545453,0.4534412955465587,0.7076923076923077,0.38461538461538464,0.7783783783783784,0.7768339768339768,0.001544401544401608,0.6257038878783432,-0.32124486203184927,0.35668269230769234,0.8039182692307691,0.35062611806797855,0.7558363148479428,0.39816964285714285,0.8196874999999999,0.35045681063122924,0.7442275747508306,0.2812770562770563,0.9308441558441558,0.18686868686868688,0.8484848484848485,0.21852226720647774,0.7976720647773278,0.3460576923076923,0.8770192307692307,0.07142857142857142,0.9230769230769231,0.5788461538461539,0.8706413010272273,0.5555405056759546,0.885599647266314,-0.14774440836940836,0.16105860836510982,-0.9627379505040092,4.071883088916081,0.6691860465116279,0.5466303466810286,-0.3565595886643158,-1.0519398096276336,0.6705493744418135,26,14,4,-0.27771756735246367,-0.4354016099761679,0.6705493744418135,0.6282280525936733,0.6206555584476832,0.8331111111111111
39,probe_strat,0.9413461538461538,0.5474060822898033,0.9285714285714286,0.5448504983388704,0.9307359307359307,0.6717171717171717,0.9676113360323887,0.49230769230769234,0.5256410256410257,0.8926640926640926,0.8123552123552124,0.08030888030888028,1.2516876793674145,-0.02253759273086905,0.7480769230769231,0.9846394230769231,0.3183810375670841,0.7021914132379248,0.7356696428571429,0.9875,0.290656146179402,0.7193106312292359,0.6665584415584416,1.0,0.26262626262626265,0.8637626262626261,0.7043522267206478,1.0,0.21528846153846157,0.7653846153846153,0.048064935064935074,1.0,0.7434927503652917,0.9606199589439365,0.6292684748240304,0.911003178314999,-0.04170185466210992,0.2382968306366092,0.594110491403364,2.147113792009395,0.9436046511627907,0.13936858082572318,-0.20470633472757782,-0.3005258129113801,0.8398943596487074,26,14,7,-0.12464962164746356,-0.28476304780769207,0.8398943596487074,1.3988908117298835,0.9572814146424768,0.9400449608870662
39,probe_strat_noinit,0.9663461538461539,0.47584973166368516,0.9678571428571429,0.4568106312292359,0.9783549783549783,0.601010101010101,0.979757085020243,0.46923076923076923,0.5128205128205128,0.905019305019305,0.8285714285714286,0.07644787644787643,1.1121931799624785,-0.061356736124574034,0.8192067307692308,0.9932692307692308,0.32019230769230766,0.6869409660107334,0.8105803571428571,1.0,0.28567275747508303,0.6794850498338869,0.8008658008658008,1.0,0.25757575757575757,0.8434343434343434,0.793421052631579,1.0,0.23461538461538461,0.7384615384615385,0.04,0.9629629629629629,0.7628780978780978,0.9693730156116198,0.647232481060606,0.91998127998128,-0.023352272727272822,0.20149307196437455,0.6615851583218979,1.6345608178304254,0.963953488372093,0.10341485263559853,-0.21199362303985844,-0.45526899010168725,0.44862078472517297,26,14,7,0.02970037811663211,-0.453687624196349,0.44862078472517297,1.1926231386815753,0.9513332625242853,0.897359459254196
39,probe_matched,0.8067307692307693,0.5035778175313059,0.8214285714285714,0.4867109634551495,0.8701298701298701,0.46464646464646464,0.7732793522267206,0.5846153846153846,0.5769230769230769,0.7984555984555984,0.7598455598455598,0.038610038610038644,1.3323582654837145,-0.1576784819888496,0.5681490384615384,0.8952163461538462,0.3523926654740608,0.7236583184257602,0.5658482142857143,0.9196428571428571,0.31889534883720927,0.7142857142857143,0.6102813852813853,0.974025974025974,0.2321969696969697,0.8232323232323232,0.4008097165991903,0.9190283400809717,0.3346153846153846,0.823076923076923,0.11506410256410257,0.8974358974358975,0.6238888888888889,0.8992302489177489,0.5726172330273892,0.8711310780646718,-0.08547325102880661,0.16102438583088732,0.44902813212587284,2.62932176851242,0.8122093023255814,0.2315543647859176,-0.07291272531974874,-0.6351294195122338,0.7853603349808113,26,14,4,0.08164371363445659,-0.22746916427395406,0.7853603349808113,1.434164173046125,1.1287464503588933,0.9039999999999999
39,dom_regular,0.9942307692307693,0.832737030411449,0.9892857142857143,0.729235880398671,0.9913419913419913,0.7676767676767676,1.0,0.8538461538461538,0.038461538461538464,0.9899613899613899,0.9884169884169884,0.001544401544401497,0.7575367047066015,-0.07564832839061537,0.8692307692307693,1.0,0.4721824686940966,0.9364937388193202,0.8712946428571429,1.0,0.4285299003322259,0.9102990033222591,0.7748917748917749,1.0,0.40404040404040403,0.9747474747474747,0.9149797570850202,1.0,0.4807692307692308,0.9615384615384616,0.0,0.5204629629629627,0.8348765432098766,1.0,0.8834498834498834,1.0,-0.10812490812490813,0.08067370905477204,0.4686812600431446,1.078985095697598,1.0,0.19743524649997254,-0.1615877050678909,0.38549821156835473,-0.06019429213643306,26,14,11,-0.1244052783895122,-0.19877013174626962,-0.06019429213643306,0.741611934507281,0.7893862451052424,
39,dom_regular_verberase,0.9903846153846154,0.7567084078711985,0.9892857142857143,0.6445182724252492,1.0,0.7828282828282829,1.0,0.6961538461538461,0.16666666666666666,0.9706563706563707,0.9706563706563707,0.0,0.8189259256031398,-0.0829491416444828,0.9230769230769231,1.0,0.4624105545617173,0.8828711985688729,0.9088392857142857,1.0,0.3803156146179402,0.8588039867109635,0.8484848484848485,1.0,0.3888888888888889,0.9797979797979798,0.9149797570850202,1.0,0.35375,0.8731730769230769,0.0,0.6666666666666666,0.831734114698511,1.0,0.8443691950464396,0.9967089546256213,-0.10699676890432094,0.11046638257575746,0.5435739192896887,1.0943968984797188,0.9994186046511628,0.12630320529200112,-0.1837894925316099,0.3002742301615075,0.06906266729489989,26,14,11,-0.058566636369899484,-0.3090123486933203,0.06906266729489989,0.8063519635563932,0.8440738496966329,
39,dom_regular_rank2,0.9932692307692308,0.6511627906976745,0.9910714285714286,0.5033222591362126,1.0,0.7222222222222222,0.9959514170040485,0.5923076923076923,0.358974358974359,0.9606177606177606,0.9799227799227799,-0.019305019305019266,0.8741037603980383,-0.08343050033645245,0.9288461538461539,1.0,0.38012075134168155,0.8283542039355992,0.9088839285714285,1.0,0.28895348837209306,0.7840531561461794,0.8831168831168831,1.0,0.31313131313131315,0.9344696969696968,0.9149797570850202,1.0,0.30759615384615385,0.8115384615384615,0.0,0.8200897435897435,0.7968994077004913,1.0,0.8405278996378068,0.9976833976833976,-0.13863595684984514,0.11395615101242978,0.56234590507677,1.2593911191352873,1.0,0.0662974631692188,-0.09754706735133026,0.3038365910908332,0.20740704088652034,26,14,11,0.05351284327464249,-0.248606977977303,0.20740704088652034,0.8504386116593299,0.921434057875455,
40,adom_matched,0.6211538461538462,0.4516994633273703,0.5446428571428571,0.5299003322259136,0.6320346320346321,0.5656565656565656,0.5951417004048583,0.36153846153846153,0.4358974358974359,0.41003861003861003,0.5583011583011583,-0.1482625482625483,1.786805127550149,-0.3747645016857238,0.35478365384615385,0.7260096153846153,0.3192978533094812,0.6243738819320214,0.3320982142857143,0.7286607142857142,0.2856312292358804,0.6960548172757475,0.2510822510822511,0.8226190476190476,0.24734848484848487,0.75770202020202,0.32388663967611336,0.7733805668016193,0.2114423076923077,0.74625,0.1282051282051282,0.7777777777777778,0.25462552002708977,0.7333641975308641,0.33252727406752175,0.7922476773648649,-0.2968725718725719,0.0988603683048128,-37.043946675253,42.50731093200895,0.5784883720930233,-1.0975191220847675,-1.4870356768511774,1.550846787349391,-1.9885499478859887,26,14,4,0.7738773184006869,-3.7479486721030417,-1.9885499478859887,1.6188927601093948,2.122629862431657,0.4960000000000001
40,dom_matched,0.45384615384615384,0.5178890876565295,0.48392857142857143,0.4883720930232558,0.44155844155844154,0.40404040404040403,0.4493927125506073,0.6461538461538462,0.48717948717948717,0.6803088803088803,0.684942084942085,-0.004633204633204713,9.048146556160226,-0.25506922535012627,0.3086298076923077,0.6730769230769231,0.3675983899821109,0.678957960644007,0.275,0.6839285714285714,0.27740863787375414,0.7293189368770763,0.21645021645021645,0.7922077922077922,0.21212121212121213,0.7122474747474746,0.22672064777327935,0.6963562753036437,0.29990384615384613,0.8385576923076923,0.17857142857142858,0.7859285714285712,0.32107180748456793,0.7784507835924044,0.37836572742955726,0.7789653785444776,-0.2053305844907407,0.15871163547932987,-38.21164023791384,43.31849729290129,0.46686046511627904,-3.7600693401153036,5.26947753563959,9.179112340945975,-11.696725595433287,26,14,4,9.465305607691045,1.0736494635881342,-11.696725595433287,9.286089793908923,8.572260080662828,0.41955555555555557
40,probe_strat,0.8932692307692308,0.5697674418604651,0.8946428571428572,0.574750830564784,0.8701298701298701,0.6363636363636364,0.9190283400809717,0.5538461538461539,0.3717948717948718,0.7891891891891892,0.7505791505791506,0.038610038610038644,0.9428493614428187,-0.015976985348312045,0.6392548076923077,0.9491105769230768,0.3083407871198569,0.7121198568872986,0.6445982142857143,0.9660714285714286,0.290656146179402,0.7475498338870432,0.5497835497835498,0.9783549783549783,0.2523989898989899,0.8636363636363636,0.6232793522267207,0.9919028340080972,0.2151923076923077,0.7654807692307691,0.0,1.0,0.6231532788368727,0.9050925925925926,0.574251375988992,0.8912927827380953,-0.10267307171887452,0.1813240131578946,0.03740749431170208,1.9906648771435917,0.897093023255814,0.1727870892567041,-0.6025054993900041,-0.16601368471449698,0.9582674812843817,26,14,7,-0.8133461232305089,-0.39166487554949914,0.9582674812843817,1.0801549081391735,0.6682382680501096,0.9141870838712943
40,probe_strat_noinit,0.9336538461538462,0.5483005366726297,0.9321428571428572,0.5431893687707641,0.935064935064935,0.6161616161616161,0.9635627530364372,0.5346153846153846,0.38461538461538464,0.8733590733590734,0.7961389961389962,0.07722007722007718,0.844024582327486,-0.040785357753228495,0.7192067307692308,0.9730769230769231,0.33090339892665477,0.7146690518783542,0.6892410714285714,0.9839285714285714,0.3105481727574751,0.7359634551495016,0.670995670995671,0.9956709956709957,0.2828282828282828,0.848611111111111,0.6680161943319838,1.0,0.25,0.7807692307692308,0.038461538461538464,0.9077499999999998,0.677232659411452,0.922899897113115,0.5843509991888594,0.893553391053391,-0.07071408529741864,0.188098762692416,0.33744228875629756,1.4766865546580046,0.9505813953488372,0.21753454991207125,-0.36167361055086467,-0.3711127908692835,0.6158542863733044,26,14,7,-0.2656216964702873,-0.45772552463144195,0.6158542863733044,0.9060819384675781,0.7199098700473013,0.8885024682919418
40,probe_matched,0.7173076923076923,0.46869409660107336,0.7410714285714286,0.45016611295681064,0.7965367965367965,0.41919191919191917,0.6396761133603239,0.5384615384615384,0.47435897435897434,0.7235521235521235,0.7413127413127413,-0.01776061776061777,1.385414720235576,-0.13900880258489226,0.47396634615384614,0.8115625,0.32734794275491946,0.6744409660107334,0.43392857142857144,0.8464285714285714,0.2956810631229236,0.6976744186046512,0.47175324675324676,0.8962121212121211,0.17676767676767677,0.7575757575757576,0.3117408906882591,0.8299595141700404,0.30750000000000005,0.8116346153846153,0.08008333333333334,0.8414583333333335,0.518548518045422,0.838289469715251,0.5535285824856259,0.8647431562449264,-0.1595453373811433,0.11564812791375287,-0.6481428813869308,5.972920182410291,0.6895348837209302,0.2390363483458664,-0.48915870637643666,-1.02783321899648,0.7461078538054149,26,14,4,-0.3946743466826496,-0.5836430660702236,0.7461078538054149,1.4717967162526016,1.2126507282015238,0.8213333333333332
40,dom_regular,0.6067307692307692,0.648479427549195,0.6642857142857143,0.5564784053156147,0.5627705627705628,0.601010101010101,0.6639676113360324,0.7461538461538462,0.2564102564102564,0.844015444015444,0.8393822393822394,0.004633204633204602,-0.31327184360240645,-0.05366901481567784,0.3730528846153846,0.8788701923076923,0.40608228980322003,0.8211985688729875,0.38035714285714284,0.9071428571428571,0.3372093023255814,0.8173172757475083,0.2812770562770563,0.9047619047619048,0.2828282828282828,0.8636363636363636,0.32793522267206476,0.9434210526315788,0.34615384615384615,0.9154807692307692,0.0,0.6428571428571429,0.3916058266058266,0.9461432158487411,0.4249702380952381,0.9300799005681818,-0.15522093522093522,0.17452065151167998,-12.4960855528013,12.659555426563704,0.7325581395348837,0.6418023916562787,-0.8479324735510212,0.061494109749256926,0.4172926854043737,26,14,11,-1.1533409986296879,-0.5425239484723544,0.4172926854043737,-0.38568298338293877,-0.1684495640413418,
40,dom_regular_verberase,0.5336538461538461,0.5581395348837209,0.6160714285714286,0.4601328903654485,0.4675324675324675,0.5555555555555556,0.5870445344129555,0.5769230769230769,0.3333333333333333,0.722007722007722,0.6772200772200773,0.04478764478764474,-2.060656234958855,-0.0209586723276215,0.36730769230769234,0.8278846153846153,0.3899597495527728,0.7048300536672629,0.3892857142857143,0.8964285714285715,0.2790282392026578,0.6711378737541528,0.22943722943722944,0.8615800865800866,0.2825757575757576,0.8334595959595958,0.3562753036437247,0.9190283400809717,0.26509615384615387,0.7731730769230769,0.07321428571428572,0.6666666666666666,0.36821622821622824,0.8764898045366796,0.372933807933808,0.8356280151729228,-0.14088035748839017,0.20009222133119478,-19.698818039341283,22.08485448974493,0.5837209302325581,1.0726381658625104,-1.7316781603418687,-1.4186109941365113,0.8267502961687246,26,14,11,-2.279001354066041,-1.1843549666176967,0.8267502961687246,-2.312085535547317,-1.5577976337819306,
40,dom_regular_rank2,0.5259615384615385,0.5456171735241503,0.6107142857142858,0.4485049833887043,0.47619047619047616,0.5252525252525253,0.562753036437247,0.5769230769230769,0.38461538461538464,0.7158301158301158,0.677992277992278,0.037837837837837784,-2.478011345386747,-0.04049324866116372,0.36153846153846153,0.8270432692307691,0.3685152057245081,0.6887745974955276,0.38392857142857145,0.9036160714285714,0.2707641196013289,0.6627906976744186,0.2510822510822511,0.8832251082251081,0.2928030303030303,0.7878787878787878,0.34402834008097166,0.9068825910931174,0.24615384615384617,0.7846153846153846,0.11538461538461539,0.7037037037037037,0.3594571357444925,0.8551581790123457,0.3868634706134706,0.8247504791390239,-0.15962770515457825,0.1883055740026062,-22.629334617383744,18.85479880820979,0.5709302325581396,1.1688463445723283,-1.8527821868403054,-1.8533154296089502,1.0971533934609299,26,14,11,-2.546864445924426,-1.1586999277561847,1.0971533934609299,-2.7780877630486627,-1.8778585100629173,
