lang,lemma,gender,concept_en,gloss,set,de_suffix,ending,zipf,n_tokens_qwen3,en_overlap,sex_assoc,type,gloss_m,gloss_f,source
de,Jahr,n,year,"year (solar year, the time it takes the Earth to complete one orbit of the Sun)",simplex,,hr,5.84,1.0,False,,,,,wiktionary:kaikki@2026-10-03
de,Arbeit,f,toil,"toil, regularly performed work, regularly pursued economic activity, labor, job, employment, occupation",simplex,,it,5.57,1.0,False,,,,,wiktionary:kaikki@2026-10-03
de,Familie,f,family,family,simplex,,ie,5.41,1.0,False,,,,,wiktionary:kaikki@2026-10-03
de,Bild,n,depiction,"depiction, image, picture",simplex,,ld,5.4,1.0,False,,,,,wiktionary:kaikki@2026-10-03
de,Woche,f,week,"week (period of seven days counting from Monday to Sunday, or from Sunday to Saturday)",simplex,,he,5.38,1.0,False,,,,,wiktionary:kaikki@2026-10-03
de,Grund,m,ground,"ground, land (usually as someone's property)",simplex,,nd,5.37,1.0,True,,,,,wiktionary:kaikki@2026-10-03
de,Nacht,f,night,night,simplex,,ht,5.36,1.0,False,,,,,wiktionary:kaikki@2026-10-03
de,Thema,n,topic,"topic, subject, issue",simplex,,ma,5.36,1.0,False,,,,,wiktionary:kaikki@2026-10-03
de,Auto,n,car,car,simplex,,to,5.3,1.0,True,,,,,wiktionary:kaikki@2026-10-03
de,Kopf,m,head,head,simplex,,pf,5.3,2.0,False,,,,,wiktionary:kaikki@2026-10-03
de,Anfang,m,start,"start, beginning, origin (spatially or temporally)",simplex,,ng,5.27,2.0,False,,,,,wiktionary:kaikki@2026-10-03
de,Straße,f,street,"street; road (a way wide enough to be passable for vehicles, generally paved, in or outside a settlement)",simplex,,ße,5.27,2.0,False,,,,,wiktionary:kaikki@2026-10-03
de,Sache,f,matter,"matter, affair, case, question, issue",simplex,,he,5.24,2.0,False,,,,,wiktionary:kaikki@2026-10-03
de,Artikel,m,article,article,simplex,,el,5.24,1.0,False,,,,,wiktionary:kaikki@2026-10-03
de,Hilfe,f,help,"help, aid",simplex,,fe,5.24,1.0,False,,,,,wiktionary:kaikki@2026-10-03
de,Internet,n,internet,internet,simplex,,et,5.23,1.0,True,,,,,wiktionary:kaikki@2026-10-03
de,Wort,n,word as an isolated unit,word as an isolated unit,simplex,,rt,5.22,1.0,False,,,,,wiktionary:kaikki@2026-10-03
de,Prozent,n,percent,percent,simplex,,nt,5.22,1.0,False,,,,,wiktionary:kaikki@2026-10-03
de,Idee,f,idea,idea,simplex,,ee,5.2,2.0,False,,,,,wiktionary:kaikki@2026-10-03
de,Wahl,f,choice,"choice, selection",simplex,,hl,5.19,1.0,False,,,,,wiktionary:kaikki@2026-10-03
de,September,m,september,"September (the ninth month of the Gregorian calendar, following August and preceding October, containing the southward equinox)",simplex,,er,5.17,1.0,True,,,,,wiktionary:kaikki@2026-10-03
de,Lage,f,location,"location, position",simplex,,ge,5.17,1.0,False,,,,,wiktionary:kaikki@2026-10-03
de,Mai,m,may,"May (the fifth month of the Gregorian calendar, following April and preceding June)",simplex,,ai,5.17,1.0,True,,,,,wiktionary:kaikki@2026-10-03
de,Kirche,f,church,church (building),simplex,,he,5.15,2.0,False,,,,,wiktionary:kaikki@2026-10-03
de,November,m,november,"November (the eleventh month of the Gregorian calendar, following October and preceding December)",simplex,,er,5.12,1.0,True,,,,,wiktionary:kaikki@2026-10-03
de,Mitte,f,middle,middle,simplex,,te,5.12,2.0,False,,,,,wiktionary:kaikki@2026-10-03
de,Juli,m,july,"July (the seventh month of the Gregorian calendar, following June and preceding August)",simplex,,li,5.1,1.0,False,,,,,wiktionary:kaikki@2026-10-03
de,Juni,m,june,"June (the sixth month of the Gregorian calendar, following May and preceding July, containing the northern solstice)",simplex,,ni,5.1,1.0,False,,,,,wiktionary:kaikki@2026-10-03
de,Stück,n,one,"one, item, piece, unit(of something countable; often untranslated in English)",simplex,,ck,5.09,1.0,False,,,,,wiktionary:kaikki@2026-10-03
de,Höhe,f,height,"height, altitude",simplex,,he,5.08,1.0,False,,,,,wiktionary:kaikki@2026-10-03
de,Sommer,m,summer,summer,simplex,,er,5.08,1.0,False,,,,,wiktionary:kaikki@2026-10-03
de,Kunst,f,art,art,simplex,,st,5.07,1.0,False,,,,,wiktionary:kaikki@2026-10-03
de,Fehler,m,fault,"fault, error, mistake",simplex,,er,5.06,1.0,False,,,,,wiktionary:kaikki@2026-10-03
de,Menge,f,quantity,quantity,simplex,,ge,5.06,2.0,False,,,,,wiktionary:kaikki@2026-10-03
de,Saison,f,season,season (a part of a year when something particular happens),simplex,,on,5.05,2.0,False,,,,,wiktionary:kaikki@2026-10-03
de,Dezember,m,december,"December (the twelfth and last month of the Gregorian calendar, following November and preceding the January of the following year, containing the southern solstice)",simplex,,er,5.04,2.0,False,,,,,wiktionary:kaikki@2026-10-03
de,Januar,m,january,"January (the first month of the Gregorian calendar, following the December of the previous year and preceding February)",simplex,,ar,5.03,2.0,True,,,,,wiktionary:kaikki@2026-10-03
de,Luft,f,air,"air, atmosphere",simplex,,ft,5.02,1.0,False,,,,,wiktionary:kaikki@2026-10-03
de,Boden,m,ground,"ground, soil",simplex,,en,5.01,2.0,False,,,,,wiktionary:kaikki@2026-10-03
de,Februar,m,february,"February (the short month following January and preceding March in the Roman, Julian, and Gregorian calendars, used in all three calendars for intercalation or addition of leap days)",simplex,,ar,5.01,2.0,True,,,,,wiktionary:kaikki@2026-10-03
de,Körper,m,body,"body (of a person, animal, etc.)",simplex,,er,5.0,1.0,False,,,,,wiktionary:kaikki@2026-10-03
de,Kreis,m,circle,circle,simplex,,is,5.0,2.0,False,,,,,wiktionary:kaikki@2026-10-03
de,Punkt,m,dot,dot (marking an abbreviation),simplex,,kt,5.0,2.0,False,,,,,wiktionary:kaikki@2026-10-03
de,Firma,f,company,"A company, a business.",simplex,,ma,5.0,2.0,False,,,,,wiktionary:kaikki@2026-10-03
de,Markt,m,market,market (gathering for sale and purchase),simplex,,kt,4.99,1.0,True,,,,,wiktionary:kaikki@2026-10-03
de,Ergebnis,n,result,"result, outcome, conclusion, finding, fruit, consequence, upshot, answer",simplex,,is,4.99,2.0,False,,,,,wiktionary:kaikki@2026-10-03
de,Beginn,m,start,"start, beginning",simplex,,nn,4.99,2.0,False,,,,,wiktionary:kaikki@2026-10-03
de,Hälfte,f,half,half; fifty percent of something,simplex,,te,4.98,3.0,False,,,,,wiktionary:kaikki@2026-10-03
de,Sport,m,sport,sport (athletic activity that uses physical skills competitively under a set of rules),simplex,,rt,4.97,1.0,True,,,,,wiktionary:kaikki@2026-10-03
de,Projekt,n,project,project,simplex,,kt,4.97,1.0,False,,,,,wiktionary:kaikki@2026-10-03
de,Zimmer,n,room,"room (separate part of a building, enclosed by walls, a floor and a ceiling)",simplex,,er,4.97,1.0,True,,,,,wiktionary:kaikki@2026-10-03
de,Kampf,m,struggle,"struggle, battle, campaign, fight",simplex,,pf,4.97,2.0,False,,,,,wiktionary:kaikki@2026-10-03
de,Linie,f,line,line,simplex,,ie,4.94,2.0,False,,,,,wiktionary:kaikki@2026-10-03
de,Bett,n,bed,"bed (piece of furniture, usually flat and soft, for resting or sleeping on; one's place of sleep or rest)",simplex,,tt,4.94,1.0,False,,,,,wiktionary:kaikki@2026-10-03
de,Satz,m,sentence,sentence,simplex,,tz,4.93,2.0,False,,,,,wiktionary:kaikki@2026-10-03
de,Serie,f,series,series (a number of things that follow on one after the other),simplex,,ie,4.92,1.0,True,,,,,wiktionary:kaikki@2026-10-03
de,Dollar,m,dollar,dollar,simplex,,ar,4.92,1.0,True,,,,,wiktionary:kaikki@2026-10-03
de,Schluss,m,end,"end, ending, conclusion, finish",simplex,,ss,4.92,2.0,False,,,,,wiktionary:kaikki@2026-10-03
de,Sieg,m,victory,victory,simplex,,eg,4.9,2.0,False,,,,,wiktionary:kaikki@2026-10-03
de,Tür,f,door,door (rigid plane on a hinge),simplex,,ür,4.9,1.0,False,,,,,wiktionary:kaikki@2026-10-03
de,Werk,n,work,"work, achievement (the result of working)",simplex,,rk,4.89,1.0,False,,,,,wiktionary:kaikki@2026-10-03
de,Freude,f,joy,"joy, delight, glee",simplex,,de,4.87,2.0,False,,,,,wiktionary:kaikki@2026-10-03
de,Sicht,f,view,view,simplex,,ht,4.86,2.0,False,,,,,wiktionary:kaikki@2026-10-03
de,Karte,f,card,"card (flat, normally rectangular piece of stiff paper, plastic etc.)",simplex,,te,4.85,2.0,False,,,,,wiktionary:kaikki@2026-10-03
de,Größe,f,size,"size, height",simplex,,ße,4.85,1.0,False,,,,,wiktionary:kaikki@2026-10-03
de,Studium,n,study,study (the act of studying in general),simplex,,um,4.84,2.0,False,,,,,wiktionary:kaikki@2026-10-03
de,Handy,n,mobile phone,"mobile phone, mobile, cell phone, phone (portable, wireless telephone)",simplex,,dy,4.84,1.0,True,,,,,wiktionary:kaikki@2026-10-03
de,Studie,f,study,study (academic publication),simplex,,ie,4.83,2.0,False,,,,,wiktionary:kaikki@2026-10-03
de,Urlaub,m,holiday,"holiday, vacation",simplex,,ub,4.83,2.0,False,,,,,wiktionary:kaikki@2026-10-03
de,Tisch,m,table,table (a piece of furniture with a relatively deep surface at roughly waist or knee level); specific uses include:,simplex,,ch,4.83,2.0,False,,,,,wiktionary:kaikki@2026-10-03
de,Bier,n,beer,beer (alcoholic beverage fermented from starch material; a serving of this beverage),simplex,,er,4.82,2.0,False,,,,,wiktionary:kaikki@2026-10-03
de,Auge,n,eye,eye,simplex,,ge,4.82,2.0,False,,,,,wiktionary:kaikki@2026-10-03
de,Wald,m,forest,forest; woods; woodland,simplex,,ld,4.81,1.0,False,,,,,wiktionary:kaikki@2026-10-03
de,Energie,f,energy,energy,simplex,,ie,4.81,2.0,False,,,,,wiktionary:kaikki@2026-10-03
de,Fuß,m,foot,foot (body part),simplex,,uß,4.81,1.0,True,,,,,wiktionary:kaikki@2026-10-03
de,Nachricht,f,news,"news, piece of news, notification",simplex,,ht,4.8,1.0,False,,,,,wiktionary:kaikki@2026-10-03
de,Ding,n,thing,thing,simplex,,ng,4.8,1.0,True,,,,,wiktionary:kaikki@2026-10-03
de,Anteil,m,share,"share, portion",simplex,,il,4.79,2.0,False,,,,,wiktionary:kaikki@2026-10-03
de,Netz,n,net,"net; web; mesh (construction of interwoven fibres, e.g. that of a fisher, a spider, etc.)",simplex,,tz,4.77,1.0,False,,,,,wiktionary:kaikki@2026-10-03
de,Prozess,m,lawsuit,lawsuit,simplex,,ss,4.77,3.0,False,,,,,wiktionary:kaikki@2026-10-03
de,Kamera,f,camera,camera (device for taking photographs or filming),simplex,,ra,4.76,2.0,False,,,,,wiktionary:kaikki@2026-10-03
de,Szene,f,scene,scene; tableau,simplex,,ne,4.76,2.0,False,,,,,wiktionary:kaikki@2026-10-03
de,Telefon,n,telephone,telephone,simplex,,on,4.76,1.0,False,,,,,wiktionary:kaikki@2026-10-03
de,Osten,m,east,East,simplex,,en,4.75,2.0,False,,,,,wiktionary:kaikki@2026-10-03
de,Demokratie,f,democracy,democracy,simplex,,ie,4.75,4.0,False,,,,,wiktionary:kaikki@2026-10-03
de,Wunsch,m,wish,wish (an act of wishing),simplex,,ch,4.74,2.0,False,,,,,wiktionary:kaikki@2026-10-03
de,Anschluss,m,connection,"connection, joining",simplex,,ss,4.74,4.0,False,,,,,wiktionary:kaikki@2026-10-03
de,Herbst,m,autumn,"autumn, fall",simplex,,st,4.74,2.0,False,,,,,wiktionary:kaikki@2026-10-03
de,Auftrag,m,assignment,"assignment, job, mission",simplex,,ag,4.74,2.0,False,,,,,wiktionary:kaikki@2026-10-03
de,Konzept,n,blueprint,"blueprint, draft",simplex,,pt,4.74,2.0,False,,,,,wiktionary:kaikki@2026-10-03
de,Rat,m,advice,"advice, counsel",simplex,,at,4.74,1.0,True,,,,,wiktionary:kaikki@2026-10-03
de,Büro,n,office,office (room for working),simplex,,ro,4.73,1.0,False,,,,,wiktionary:kaikki@2026-10-03
de,Liga,f,league,league (group or organization),simplex,,ga,4.73,1.0,True,,,,,wiktionary:kaikki@2026-10-03
de,Blut,n,blood,blood,simplex,,ut,4.73,2.0,False,,,,,wiktionary:kaikki@2026-10-03
de,Lied,n,song,song (musical composition sung with vocals or vocal lyrics),simplex,,ed,4.73,2.0,True,,,,,wiktionary:kaikki@2026-10-03
de,Farbe,f,colour,colour,simplex,,be,4.73,2.0,False,,,,,wiktionary:kaikki@2026-10-03
de,Industrie,f,industry,industry,simplex,,ie,4.73,2.0,False,,,,,wiktionary:kaikki@2026-10-03
de,Traum,m,dream,dream,simplex,,um,4.72,2.0,False,,,,,wiktionary:kaikki@2026-10-03
de,Bezug,m,reference,reference,simplex,,ug,4.72,2.0,False,,,,,wiktionary:kaikki@2026-10-03
de,Meer,n,sea,sea,simplex,,er,4.72,1.0,False,,,,,wiktionary:kaikki@2026-10-03
de,Theater,n,theater,theater (a place or building consisting of a stage and seats),simplex,,er,4.72,1.0,True,,,,,wiktionary:kaikki@2026-10-03
de,Anlage,f,public green area,"public green area, site, park, garden",simplex,,ge,4.71,2.0,False,,,,,wiktionary:kaikki@2026-10-03
de,Kommentar,m,comment,comment,simplex,,ar,4.71,2.0,False,,,,,wiktionary:kaikki@2026-10-03
de,Urteil,n,judgment,"judgment (the preferred spelling in a legal context), verdict, sentence (court decision)",simplex,,il,4.71,2.0,False,,,,,wiktionary:kaikki@2026-10-03
de,Modell,n,model of an object,A model of an object,simplex,,ll,4.71,2.0,False,,,,,wiktionary:kaikki@2026-10-03
de,Karriere,f,career,career (occupational path),simplex,,re,4.7,2.0,False,,,,,wiktionary:kaikki@2026-10-03
de,Frieden,m,peace,peace,simplex,,en,4.69,2.0,False,,,,,wiktionary:kaikki@2026-10-03
de,Mittwoch,m,wednesday,Wednesday,simplex,,ch,4.69,3.0,False,,,,,wiktionary:kaikki@2026-10-03
de,Hof,m,yard,"yard, court, courtyard (open area by a house or enclosed by houses)",simplex,,of,4.68,1.0,True,,,,,wiktionary:kaikki@2026-10-03
de,Küche,f,kitchen,kitchen (room),simplex,,he,4.67,1.0,False,,,,,wiktionary:kaikki@2026-10-03
de,Masse,f,mass,mass (quantity of matter),simplex,,se,4.67,2.0,True,,,,,wiktionary:kaikki@2026-10-03
de,Verhältnis,n,relation,"relation, ratio",simplex,,is,4.66,5.0,False,,,,,wiktionary:kaikki@2026-10-03
de,Fleisch,n,flesh,flesh,simplex,,ch,4.66,2.0,False,,,,,wiktionary:kaikki@2026-10-03
de,Norden,m,north,north (direction),simplex,,en,4.65,2.0,False,,,,,wiktionary:kaikki@2026-10-03
de,Institut,n,institute,institute (independent research institution),simplex,,ut,4.65,1.0,True,,,,,wiktionary:kaikki@2026-10-03
de,Kurs,m,course,course (direction),simplex,,rs,4.65,2.0,False,,,,,wiktionary:kaikki@2026-10-03
de,Alkohol,m,alcohol,"alcohol, ethanol (substance)",simplex,,ol,4.65,4.0,False,,,,,wiktionary:kaikki@2026-10-03
de,Länge,f,length,length,simplex,,ge,4.64,2.0,False,,,,,wiktionary:kaikki@2026-10-03
de,Risiko,n,risk,risk,simplex,,ko,4.64,2.0,False,,,,,wiktionary:kaikki@2026-10-03
de,Zweck,m,purpose,purpose,simplex,,ck,4.64,2.0,False,,,,,wiktionary:kaikki@2026-10-03
de,Stil,m,style,style,simplex,,il,4.64,2.0,False,,,,,wiktionary:kaikki@2026-10-03
de,Holz,n,wood,wood (material),simplex,,lz,4.64,2.0,False,,,,,wiktionary:kaikki@2026-10-03
de,Feld,n,field,"field (plot of open land, especially one used to grow crops)",simplex,,ld,4.63,1.0,False,,,,,wiktionary:kaikki@2026-10-03
de,Umwelt,f,environment,environment; milieu; surroundings,simplex,,lt,4.63,3.0,False,,,,,wiktionary:kaikki@2026-10-03
de,Prinzip,n,principle,principle,simplex,,ip,4.63,3.0,False,,,,,wiktionary:kaikki@2026-10-03
de,Nase,f,nose,nose,simplex,,se,4.63,2.0,False,,,,,wiktionary:kaikki@2026-10-03
de,Pause,f,pause,pause (temporary interruption in speech or an activity),simplex,,se,4.63,1.0,True,,,,,wiktionary:kaikki@2026-10-03
de,Kino,n,cinema,cinema,simplex,,no,4.63,2.0,False,,,,,wiktionary:kaikki@2026-10-03
de,Antrag,m,application,"application, request",simplex,,ag,4.62,2.0,False,,,,,wiktionary:kaikki@2026-10-03
de,Parlament,n,parliament,parliament,simplex,,nt,4.62,2.0,True,,,,,wiktionary:kaikki@2026-10-03
de,Bühne,f,stage,"stage (typically elevated space in front of a room for concerts, theater and other performances)",simplex,,ne,4.62,3.0,False,,,,,wiktionary:kaikki@2026-10-03
de,Verständnis,n,understanding,"understanding, comprehension",simplex,,is,4.61,3.0,False,,,,,wiktionary:kaikki@2026-10-03
de,Glas,n,glass,glass,simplex,,as,4.61,1.0,False,,,,,wiktionary:kaikki@2026-10-03
de,Konzert,n,concert,concert (musical event),simplex,,rt,4.61,3.0,False,,,,,wiktionary:kaikki@2026-10-03
de,Umgang,m,dealings,"dealings, (social) intercourse",simplex,,ng,4.61,3.0,False,,,,,wiktionary:kaikki@2026-10-03
de,Theorie,f,theory,theory,simplex,,ie,4.61,2.0,False,,,,,wiktionary:kaikki@2026-10-03
de,Publikum,n,audience,"audience, those who see, hear, read some work or performance (crowd, viewership, readership etc.)",simplex,,um,4.61,3.0,False,,,,,wiktionary:kaikki@2026-10-03
de,Zugang,m,access,access,simplex,,ng,4.6,2.0,False,,,,,wiktionary:kaikki@2026-10-03
de,Termin,m,date,date (day on which a certain event takes place),simplex,,in,4.6,1.0,False,,,,,wiktionary:kaikki@2026-10-03
de,Ton,m,clay,clay,simplex,,on,4.59,1.0,True,,,,,wiktionary:kaikki@2026-10-03
de,Papier,n,paper,paper (material),simplex,,er,4.59,2.0,True,,,,,wiktionary:kaikki@2026-10-03
de,Kategorie,f,category,category,simplex,,ie,4.59,2.0,False,,,,,wiktionary:kaikki@2026-10-03
de,Staffel,f,season,season,simplex,,el,4.58,2.0,False,,,,,wiktionary:kaikki@2026-10-03
de,Keller,m,cellar,cellar,simplex,,er,4.58,1.0,True,,,,,wiktionary:kaikki@2026-10-03
de,Ansicht,f,view,"view (a depiction of a subject, especially from a specific perspective)",simplex,,ht,4.58,2.0,False,,,,,wiktionary:kaikki@2026-10-03
de,Philosophie,f,philosophy,philosophy (study of thought),simplex,,ie,4.57,2.0,False,,,,,wiktionary:kaikki@2026-10-03
de,Dach,n,roof,roof,simplex,,ch,4.57,2.0,False,,,,,wiktionary:kaikki@2026-10-03
de,Niveau,n,level,level (the physical elevation at which something is located or constructed),simplex,,au,4.57,2.0,False,,,,,wiktionary:kaikki@2026-10-03
de,Süden,m,south,south (direction),simplex,,en,4.57,2.0,False,,,,,wiktionary:kaikki@2026-10-03
de,Pflicht,f,duty,duty,simplex,,ht,4.56,2.0,False,,,,,wiktionary:kaikki@2026-10-03
de,Fläche,f,surface,surface,simplex,,he,4.56,2.0,False,,,,,wiktionary:kaikki@2026-10-03
de,Zeug,n,stuff,"stuff, gear, equipment",simplex,,ug,4.56,2.0,False,,,,,wiktionary:kaikki@2026-10-03
de,Ost,m,wind coming from the east,a wind coming from the east (used with article),simplex,,st,4.55,1.0,True,,,,,wiktionary:kaikki@2026-10-03
de,Mühe,f,effort,"effort, difficulty",simplex,,he,4.55,2.0,False,,,,,wiktionary:kaikki@2026-10-03
de,Nord,m,north,the north (used without article; a short form of Norden),simplex,,rd,4.55,1.0,True,,,,,wiktionary:kaikki@2026-10-03
de,Produkt,n,product,product,simplex,,kt,4.54,1.0,False,,,,,wiktionary:kaikki@2026-10-03
de,Maschine,f,machine,machine,simplex,,ne,4.54,2.0,True,,,,,wiktionary:kaikki@2026-10-03
de,Forum,n,forum,forum,simplex,,um,4.53,1.0,True,,,,,wiktionary:kaikki@2026-10-03
de,Debatte,f,debate,debate,simplex,,te,4.53,3.0,True,,,,,wiktionary:kaikki@2026-10-03
de,Boot,n,boat,boat,simplex,,ot,4.52,1.0,True,,,,,wiktionary:kaikki@2026-10-03
de,Milch,f,milk,milk (white liquid produced by female mammals for their young to consume),simplex,,ch,4.51,2.0,False,gloss,,,,wiktionary:kaikki@2026-10-03
de,Tipp,m,tip,"tip, hint",simplex,,pp,4.51,2.0,False,,,,,wiktionary:kaikki@2026-10-03
de,Krise,f,crisis,crisis (unstable situation),simplex,,se,4.51,2.0,False,,,,,wiktionary:kaikki@2026-10-03
de,Kern,m,kernel,kernel,simplex,,rn,4.5,1.0,True,,,,,wiktionary:kaikki@2026-10-03
de,Brot,n,bread,bread,simplex,,ot,4.5,2.0,False,,,,,wiktionary:kaikki@2026-10-03
de,Kreuz,n,cross,cross,simplex,,uz,4.5,2.0,False,,,,,wiktionary:kaikki@2026-10-03
de,Hass,m,hatred,"hatred, hate",simplex,,ss,4.5,1.0,False,,,,,wiktionary:kaikki@2026-10-03
de,Ursache,f,cause,cause (source or reason of an event or action),simplex,,he,4.5,2.0,False,,,,,wiktionary:kaikki@2026-10-03
de,Umfeld,n,environment,"environment (political or social setting, arena or condition)",simplex,,ld,4.49,2.0,False,,,,,wiktionary:kaikki@2026-10-03
de,Flug,m,flight,flight (in the air),simplex,,ug,4.49,2.0,False,,,,,wiktionary:kaikki@2026-10-03
de,Profil,n,profile,profile,simplex,,il,4.49,2.0,True,,,,,wiktionary:kaikki@2026-10-03
de,Variante,f,variant,variant,simplex,,te,4.48,2.0,True,,,,,wiktionary:kaikki@2026-10-03
de,Initiative,f,initiative,initiative,simplex,,ve,4.48,1.0,True,,,,,wiktionary:kaikki@2026-10-03
de,Kanal,m,canal,canal (man-made watercourse),simplex,,al,4.48,2.0,False,,,,,wiktionary:kaikki@2026-10-03
de,Humor,m,humor,humor (something funny),simplex,,or,4.48,2.0,True,,,,,wiktionary:kaikki@2026-10-03
de,Rand,m,edge,"edge, brink, rim (outer part of something)",simplex,,nd,4.47,1.0,True,,,,,wiktionary:kaikki@2026-10-03
de,Vortrag,m,talk,"talk, lecture",simplex,,ag,4.47,3.0,False,,,,,wiktionary:kaikki@2026-10-03
de,Absicht,f,intention,intention,simplex,,ht,4.46,2.0,False,,,,,wiktionary:kaikki@2026-10-03
de,Hals,m,neck,neck,simplex,,ls,4.46,2.0,False,,,,,wiktionary:kaikki@2026-10-03
de,Engagement,n,commitment,"commitment, dedication",simplex,,nt,4.45,1.0,True,,,,,wiktionary:kaikki@2026-10-03
de,Schnee,m,snow,snow,simplex,,ee,4.45,2.0,False,,,,,wiktionary:kaikki@2026-10-03
de,Stoff,m,stuff,"stuff, matter, substance",simplex,,ff,4.45,2.0,False,,,,,wiktionary:kaikki@2026-10-03
de,Therapie,f,therapy,therapy,simplex,,ie,4.45,3.0,False,,,,,wiktionary:kaikki@2026-10-03
de,Motto,n,motto,"motto, slogan",simplex,,to,4.44,2.0,True,,,,,wiktionary:kaikki@2026-10-03
de,Klima,n,climate,climate,simplex,,ma,4.44,3.0,False,,,,,wiktionary:kaikki@2026-10-03
de,Kapitel,n,chapter,chapter (section of a text),simplex,,el,4.44,2.0,False,,,,,wiktionary:kaikki@2026-10-03
de,Strand,m,beach,beach,simplex,,nd,4.44,1.0,True,,,,,wiktionary:kaikki@2026-10-03
de,Konto,n,account,account,simplex,,to,4.44,2.0,False,,,,,wiktionary:kaikki@2026-10-03
de,Strategie,f,strategy,strategy,simplex,,ie,4.44,2.0,False,,,,,wiktionary:kaikki@2026-10-03
de,Turnier,n,tournament,tournament,simplex,,er,4.43,2.0,False,,,,,wiktionary:kaikki@2026-10-03
de,Loch,n,hole,hole; perforation,simplex,,ch,4.43,1.0,True,,,,,wiktionary:kaikki@2026-10-03
de,Gymnasium,n,grammar school,"grammar school (UK), prep school (US) (school used to prepare students for university)",simplex,,um,4.43,3.0,True,,,,,wiktionary:kaikki@2026-10-03
de,Rad,n,wheel,wheel,simplex,,ad,4.42,1.0,True,,,,,wiktionary:kaikki@2026-10-03
de,Effekt,m,effect,effect,simplex,,kt,4.42,2.0,False,,,,,wiktionary:kaikki@2026-10-03
de,Schuss,m,shot,shot,simplex,,ss,4.42,2.0,False,,,,,wiktionary:kaikki@2026-10-03
de,Magazin,n,magazine,magazine (periodical),simplex,,in,4.42,3.0,True,,,,,wiktionary:kaikki@2026-10-03
de,Archiv,n,archive,archive,simplex,,iv,4.42,2.0,True,,,,,wiktionary:kaikki@2026-10-03
de,Abenteuer,n,adventure,adventure,simplex,,er,4.42,3.0,False,,,,,wiktionary:kaikki@2026-10-03
de,Chemie,f,chemistry,chemistry,simplex,,ie,4.41,2.0,False,,,,,wiktionary:kaikki@2026-10-03
de,Wachstum,n,growth,growth,simplex,,um,4.41,4.0,False,,,,,wiktionary:kaikki@2026-10-03
de,Waffe,f,weapon,"weapon, arm",simplex,,fe,4.41,2.0,False,,,,,wiktionary:kaikki@2026-10-03
de,Flasche,f,bottle,bottle; flask; flagon,simplex,,he,4.41,3.0,False,,,,,wiktionary:kaikki@2026-10-03
de,Müll,m,rubbish,"rubbish, refuse, waste, junk, trash (US), garbage (US)",simplex,,ll,4.41,2.0,False,,,,,wiktionary:kaikki@2026-10-03
de,Ansatz,m,addition,addition,simplex,,tz,4.41,2.0,False,,,,,wiktionary:kaikki@2026-10-03
de,Absatz,m,verbal noun of absetzen,"verbal noun of absetzen (“to interrupt, put down, sit down”)",simplex,,tz,4.4,2.0,False,,,,,wiktionary:kaikki@2026-10-03
de,Konflikt,m,conflict,conflict,simplex,,kt,4.4,4.0,False,,,,,wiktionary:kaikki@2026-10-03
de,Bibliothek,f,library,library,simplex,,ek,4.4,3.0,False,,,,,wiktionary:kaikki@2026-10-03
de,Akademie,f,academy,academy (learned society),simplex,,ie,4.39,3.0,False,,,,,wiktionary:kaikki@2026-10-03
de,Paket,n,packet,"packet, package, parcel (the term is almost exclusively used for packages sent by mail)",simplex,,et,4.39,2.0,True,,,,,wiktionary:kaikki@2026-10-03
de,Datum,n,date,date (specific day for an event to take place),simplex,,um,4.39,1.0,False,,,,,wiktionary:kaikki@2026-10-03
de,Perspektive,f,perspective,perspective,simplex,,ve,4.39,3.0,True,,,,,wiktionary:kaikki@2026-10-03
de,Rente,f,pension,"pension, retirement pay",simplex,,te,4.38,2.0,False,,,,,wiktionary:kaikki@2026-10-03
de,Telekom,f,telecommunications company,telecommunications company,simplex,,om,4.38,2.0,False,,,,,wiktionary:kaikki@2026-10-03
de,Blatt,n,leaf,leaf (green and flat organ of a plant),simplex,,tt,4.38,2.0,False,,,,,wiktionary:kaikki@2026-10-03
de,Schatz,m,treasure,treasure,simplex,,tz,4.37,2.0,False,,,,,wiktionary:kaikki@2026-10-03
de,Bauch,m,abdomen,"abdomen, belly",simplex,,ch,4.37,2.0,False,,,,,wiktionary:kaikki@2026-10-03
de,Fokus,m,focus,focus,simplex,,us,4.36,2.0,False,,,,,wiktionary:kaikki@2026-10-03
de,Rezept,n,recipe,"recipe, formula, guidance",simplex,,pt,4.36,2.0,False,,,,,wiktionary:kaikki@2026-10-03
de,Zitat,n,quotation,quotation,simplex,,at,4.35,2.0,False,,,,,wiktionary:kaikki@2026-10-03
de,Ersatz,m,replacement,"replacement, substitute",simplex,,tz,4.35,3.0,False,,,,,wiktionary:kaikki@2026-10-03
de,Ohr,n,ear,ear (the auditory organ),simplex,,hr,4.35,2.0,False,,,,,wiktionary:kaikki@2026-10-03
de,Haufen,m,heap,"heap, hive, pile",simplex,,en,4.35,2.0,False,,,,,wiktionary:kaikki@2026-10-03
de,Chaos,n,chaos,chaos,simplex,,os,4.35,1.0,True,,,,,wiktionary:kaikki@2026-10-03
de,Galerie,f,gallery,gallery (all senses),simplex,,ie,4.34,2.0,False,,,,,wiktionary:kaikki@2026-10-03
de,Krone,f,crown,crown,simplex,,ne,4.34,2.0,False,,,,,wiktionary:kaikki@2026-10-03
de,Kampagne,f,campaign,campaign,simplex,,ne,4.34,2.0,False,,,,,wiktionary:kaikki@2026-10-03
de,Branche,f,sector,"sector, a specific trade or industry",simplex,,he,4.34,2.0,False,,,,,wiktionary:kaikki@2026-10-03
de,Justiz,f,judiciary,judiciary; judicial system; judicial authorities and procedures; justice (in this sense),simplex,,iz,4.34,2.0,False,,,,,wiktionary:kaikki@2026-10-03
de,Bachelor,m,bachelor's degree,bachelor's degree,simplex,,or,4.33,1.0,True,,,,,wiktionary:kaikki@2026-10-03
de,Hitze,f,heat,heat,simplex,,ze,4.33,2.0,False,,,,,wiktionary:kaikki@2026-10-03
de,Chor,m,choir,choir; chorus (group of people singing together),simplex,,or,4.33,2.0,False,,,,,wiktionary:kaikki@2026-10-03
de,Käse,m,cheese,cheese,simplex,,se,4.33,3.0,False,,,,,wiktionary:kaikki@2026-10-03
de,Heft,n,notebook,"notebook, writing booklet, cahier, composition book (book in which notes or memoranda are written)",simplex,,ft,4.33,2.0,False,,,,,wiktionary:kaikki@2026-10-03
de,Annahme,f,presupposition,"presupposition, assumption, hypothesis",simplex,,me,4.32,3.0,False,,,,,wiktionary:kaikki@2026-10-03
de,Bibel,f,bible,"Bible, bible",simplex,,el,4.32,2.0,False,,,,,wiktionary:kaikki@2026-10-03
de,Bein,n,leg of a person,"leg of a person, animal, or object",simplex,,in,4.32,2.0,True,,,,,wiktionary:kaikki@2026-10-03
de,Technologie,f,technology,technology,simplex,,ie,4.32,2.0,False,,,,,wiktionary:kaikki@2026-10-03
de,Schrift,f,writing,"writing, script",simplex,,ft,4.32,2.0,False,,,,,wiktionary:kaikki@2026-10-03
de,Objekt,n,object,"object (inanimate being, thing)",simplex,,kt,4.31,2.0,False,,,,,wiktionary:kaikki@2026-10-03
de,Beschluss,m,decision,"decision (choice, judgement)",simplex,,ss,4.31,2.0,False,,,,,wiktionary:kaikki@2026-10-03
de,Sekunde,f,unit of time,A unit of time; a second.,simplex,,de,4.3,2.0,False,,,,,wiktionary:kaikki@2026-10-03
de,Küste,f,coast,coast,simplex,,te,4.3,2.0,False,,,,,wiktionary:kaikki@2026-10-03
de,Kleid,n,dress,"dress, gown (kind of woman's garment)",simplex,,id,4.3,2.0,False,gloss,,,,wiktionary:kaikki@2026-10-03
de,Motiv,n,motive,motive,simplex,,iv,4.29,2.0,True,,,,,wiktionary:kaikki@2026-10-03
de,Abschied,m,parting,"parting, farewell",simplex,,ed,4.29,2.0,False,,,,,wiktionary:kaikki@2026-10-03
de,Partie,f,match,"match, game",simplex,,ie,4.29,2.0,False,,,,,wiktionary:kaikki@2026-10-03
de,Eigentum,n,ownership,ownership,simplex,,um,4.29,3.0,False,,,,,wiktionary:kaikki@2026-10-03
de,Kasse,f,cash register,"cash register, cash box",simplex,,se,4.28,2.0,False,,,,,wiktionary:kaikki@2026-10-03
de,Laune,f,mood,"mood, humor",simplex,,ne,4.28,2.0,False,,,,,wiktionary:kaikki@2026-10-03
de,Propaganda,f,propaganda,propaganda,simplex,,da,4.28,3.0,True,,,,,wiktionary:kaikki@2026-10-03
de,Wut,f,rage,rage; fury; outrage,simplex,,ut,4.28,2.0,True,,,,,wiktionary:kaikki@2026-10-03
de,Pokal,m,goblet,"goblet, chalice",simplex,,al,4.28,2.0,False,,,,,wiktionary:kaikki@2026-10-03
de,Armut,f,poverty,poverty,simplex,,ut,4.27,2.0,False,,,,,wiktionary:kaikki@2026-10-03
de,Premiere,f,premiere,premiere,simplex,,re,4.26,1.0,True,,,,,wiktionary:kaikki@2026-10-03
de,Umsatz,m,turnover,"turnover, revenue, sales",simplex,,tz,4.26,3.0,False,,,,,wiktionary:kaikki@2026-10-03
de,Sack,m,sack,"sack (large bag, especially one made of fabric)",simplex,,ck,4.26,2.0,True,,,,,wiktionary:kaikki@2026-10-03
de,Kette,f,chain,"chain (series of interconnected rings, usually of metal)",simplex,,te,4.26,2.0,False,,,,,wiktionary:kaikki@2026-10-03
de,Zunge,f,tongue,tongue (organ in the mouth),simplex,,ge,4.25,2.0,False,,,,,wiktionary:kaikki@2026-10-03
de,Lohn,m,wage,wage,simplex,,hn,4.25,2.0,False,,,,,wiktionary:kaikki@2026-10-03
de,Senat,m,senate,senate,simplex,,at,4.25,2.0,True,,,,,wiktionary:kaikki@2026-10-03
de,Hobby,n,hobby,a hobby (activity),simplex,,by,4.25,1.0,True,,,,,wiktionary:kaikki@2026-10-03
de,Psychologie,f,psychology,psychology,simplex,,ie,4.25,2.0,False,,,,,wiktionary:kaikki@2026-10-03
de,Ministerium,n,ministry,ministry,simplex,,um,4.25,2.0,False,,,,,wiktionary:kaikki@2026-10-03
de,Ereignis,n,event,event (occurrence of social or personal importance),simplex,,is,4.24,3.0,False,,,,,wiktionary:kaikki@2026-10-03
de,Oper,f,opera,"opera (theatrical work, combining drama, music, song and sometimes dance)",simplex,,er,4.24,1.0,False,,,,,wiktionary:kaikki@2026-10-03
de,Tempo,n,tempo,"tempo, pace (rate, speed)",simplex,,po,4.24,1.0,True,,,,,wiktionary:kaikki@2026-10-03
de,Jacke,f,jacket,jacket,simplex,,ke,4.24,2.0,True,wordnet:garment.n.01,,,,wiktionary:kaikki@2026-10-03
de,Börse,f,stock market,"stock market, stock exchange, bourse",simplex,,se,4.24,3.0,False,,,,,wiktionary:kaikki@2026-10-03
de,Modus,m,mode,mode (predesigned set of states or rules),simplex,,us,4.24,2.0,False,,,,,wiktionary:kaikki@2026-10-03
de,Tal,n,valley,valley,simplex,,al,4.23,1.0,True,,,,,wiktionary:kaikki@2026-10-03
de,Magen,m,stomach,"stomach, maw",simplex,,en,4.23,2.0,False,,,,,wiktionary:kaikki@2026-10-03
de,Fazit,n,conclusion,"conclusion, bottom line, upshot, result",simplex,,it,4.23,3.0,False,,,,,wiktionary:kaikki@2026-10-03
de,Brille,f,glasses,"glasses, spectacles (frames bearing two lenses worn in front of the eyes to correct vision)",simplex,,le,4.23,2.0,False,,,,,wiktionary:kaikki@2026-10-03
de,Maul,n,mouth of an animal,mouth of an animal,simplex,,ul,4.23,1.0,False,,,,,wiktionary:kaikki@2026-10-03
de,Pech,n,pitch,pitch (sticky substance),simplex,,ch,4.23,2.0,False,,,,,wiktionary:kaikki@2026-10-03
de,Treffer,m,hit,"hit (A blow, punch, strike hitting a target.)",simplex,,er,4.23,2.0,False,,,,,wiktionary:kaikki@2026-10-03
de,Angabe,f,verbal noun of angeben,verbal noun of angeben,simplex,,be,4.23,2.0,False,,,,,wiktionary:kaikki@2026-10-03
de,Kongress,m,congress,"congress, Congress",simplex,,ss,4.23,2.0,False,,,,,wiktionary:kaikki@2026-10-03
de,Ankunft,f,arrival,arrival,simplex,,ft,4.23,2.0,False,,,,,wiktionary:kaikki@2026-10-03
de,Skandal,m,scandal,scandal,simplex,,al,4.23,2.0,False,,,,,wiktionary:kaikki@2026-10-03
de,Regie,f,direction,direction (work of the director in cinema or theater),simplex,,ie,4.23,2.0,False,,,,,wiktionary:kaikki@2026-10-03
de,Ufer,n,shore,"shore, shoreline",simplex,,er,4.22,2.0,False,,,,,wiktionary:kaikki@2026-10-03
de,Spruch,m,short saying,"short saying, expression or dictum that is remembered or is meaningful in itself",simplex,,ch,4.22,2.0,False,,,,,wiktionary:kaikki@2026-10-03
de,Hütte,f,hut,"hut, cabin, shack, cottage (small house, typically built of light materials rather than stone)",simplex,,te,4.22,3.0,False,,,,,wiktionary:kaikki@2026-10-03
de,Flagge,f,flag,flag,simplex,,ge,4.21,2.0,False,,,,,wiktionary:kaikki@2026-10-03
de,Kilo,n,kilo,kilo,simplex,,lo,4.21,2.0,True,,,,,wiktionary:kaikki@2026-10-03
de,Gitarre,f,guitar,guitar,simplex,,re,4.21,3.0,False,,,,,wiktionary:kaikki@2026-10-03
de,Auskunft,f,enquiry,enquiry,simplex,,ft,4.21,3.0,False,,,,,wiktionary:kaikki@2026-10-03
de,Kredit,m,loan or anything afforded to someone in the expectation of return,loan or anything afforded to someone in the expectation of return,simplex,,it,4.21,2.0,False,,,,,wiktionary:kaikki@2026-10-03
de,Daumen,m,thumb,thumb,simplex,,en,4.2,2.0,False,,,,,wiktionary:kaikki@2026-10-03
de,Audi,m,car of that brand,A car of that brand.,simplex,,di,4.2,1.0,True,,,,,wiktionary:kaikki@2026-10-03
de,Erlebnis,n,experience,experience (event of which one is cognizant),simplex,,is,4.2,4.0,False,,,,,wiktionary:kaikki@2026-10-03
de,Treppe,f,stairs,stairs,simplex,,pe,4.19,3.0,False,,,,,wiktionary:kaikki@2026-10-03
de,Turm,m,tower,"tower, spire (very tall building or structure, especially with a tapering top)",simplex,,rm,4.19,2.0,False,,,,,wiktionary:kaikki@2026-10-03
de,Güte,f,kindness,"kindness, clemency",simplex,,te,4.19,2.0,False,,,,,wiktionary:kaikki@2026-10-03
de,Buße,f,penance,penance,simplex,,ße,4.19,2.0,False,,,,,wiktionary:kaikki@2026-10-03
de,Luxus,m,luxury,luxury,simplex,,us,4.19,2.0,False,,,,,wiktionary:kaikki@2026-10-03
de,Faust,f,fist,fist,simplex,,st,4.19,2.0,True,,,,,wiktionary:kaikki@2026-10-03
de,Koffer,m,case,a case; a suitcase or briefcase,simplex,,er,4.19,2.0,False,,,,,wiktionary:kaikki@2026-10-03
de,Balkon,m,balcony,"balcony (an accessible structure extending from a building, especially outside a window or overlooking a stage)",simplex,,on,4.19,2.0,False,,,,,wiktionary:kaikki@2026-10-03
de,Aspekt,m,aspect,aspect,simplex,,kt,4.18,2.0,False,,,,,wiktionary:kaikki@2026-10-03
de,Winkel,m,angle,"angle, nook; corner (seen from the inside)",simplex,,el,4.18,2.0,False,,,,,wiktionary:kaikki@2026-10-03
de,Pfund,n,metric pound,"a metric pound, 500 grams, half a kilogram",simplex,,nd,4.18,2.0,False,,,,,wiktionary:kaikki@2026-10-03
de,Bündnis,n,alliance,"alliance, confederation",simplex,,is,4.18,3.0,False,,,,,wiktionary:kaikki@2026-10-03
de,Hirn,n,brain,brain (organ),simplex,,rn,4.18,2.0,False,,,,,wiktionary:kaikki@2026-10-03
de,Kammer,f,chamber,chamber; room,simplex,,er,4.18,2.0,False,,,,,wiktionary:kaikki@2026-10-03
de,Unglück,n,unhappiness,unhappiness; sorrow,simplex,,ck,4.17,3.0,False,,,,,wiktionary:kaikki@2026-10-03
de,Bart,m,beard,beard,simplex,,rt,4.17,1.0,True,gloss,,,,wiktionary:kaikki@2026-10-03
de,Dokument,n,document,document,simplex,,nt,4.16,2.0,False,,,,,wiktionary:kaikki@2026-10-03
de,Eintrag,m,entry,"entry (in dictionary, record in log)",simplex,,ag,4.16,2.0,False,,,,,wiktionary:kaikki@2026-10-03
de,Akt,m,act,"act, deed",simplex,,kt,4.16,1.0,False,,,,,wiktionary:kaikki@2026-10-03
de,Saal,m,hall or large room,hall or large room (chiefly for gatherings or performances by large groups of people),simplex,,al,4.16,2.0,False,,,,,wiktionary:kaikki@2026-10-03
de,Funk,m,radio,radio (technology),simplex,,nk,4.16,1.0,True,,,,,wiktionary:kaikki@2026-10-03
de,Theologie,f,theology,theology,simplex,,ie,4.16,2.0,False,,,,,wiktionary:kaikki@2026-10-03
de,Kalender,m,calendar,"calendar (means for determining dates, including documents containing date and other time information)",simplex,,er,4.16,2.0,False,,,,,wiktionary:kaikki@2026-10-03
de,Asyl,n,asylum,"asylum (shelter, refuge)",simplex,,yl,4.15,2.0,False,,,,,wiktionary:kaikki@2026-10-03
de,Sofa,n,sofa,"sofa, couch (upholstered seat with a raised back that accommodates at least two people)",simplex,,fa,4.15,1.0,True,,,,,wiktionary:kaikki@2026-10-03
de,Leiche,f,dead body,"dead body, corpse, cadaver, carcass",simplex,,he,4.15,2.0,False,,,,,wiktionary:kaikki@2026-10-03
de,Diagnose,f,diagnosis,diagnosis,simplex,,se,4.15,3.0,True,,,,,wiktionary:kaikki@2026-10-03
de,Zoo,m,zoo,zoo,simplex,,oo,4.15,1.0,True,,,,,wiktionary:kaikki@2026-10-03
de,Panzer,m,armour,"armour, armour plating, shield",simplex,,er,4.14,2.0,False,,,,,wiktionary:kaikki@2026-10-03
de,Akku,m,rechargeable battery,rechargeable battery,simplex,,ku,4.14,2.0,False,,,,,wiktionary:kaikki@2026-10-03
de,Zelle,f,cell,cell (segregated room),simplex,,le,4.14,2.0,False,,,,,wiktionary:kaikki@2026-10-03
de,Penis,m,penis,penis,simplex,,is,4.14,1.0,True,gloss,,,,wiktionary:kaikki@2026-10-03
de,Rekord,m,record,record (most extreme known value of some achievement),simplex,,rd,4.14,3.0,False,,,,,wiktionary:kaikki@2026-10-03
de,Opel,m,car of that brand,A car of that brand.,simplex,,el,4.14,2.0,False,,,,,wiktionary:kaikki@2026-10-03
de,Universum,n,universe,universe,simplex,,um,4.13,2.0,False,,,,,wiktionary:kaikki@2026-10-03
de,Norm,f,norm,norm (rule that is enforced by members of a community),simplex,,rm,4.13,1.0,True,,,,,wiktionary:kaikki@2026-10-03
de,Maske,f,mask,mask,simplex,,ke,4.12,2.0,False,,,,,wiktionary:kaikki@2026-10-03
de,Gramm,n,gram,gram (unit of mass),simplex,,mm,4.12,2.0,False,,,,,wiktionary:kaikki@2026-10-03
de,Fotografie,f,photography,photography (the art of making photographs),simplex,,ie,4.12,3.0,False,,,,,wiktionary:kaikki@2026-10-03
de,Erlaubnis,f,permission,permission (authorisation),simplex,,is,4.12,3.0,False,,,,,wiktionary:kaikki@2026-10-03
de,Seminar,n,seminar,seminar (small-group university class similar to a school lesson),simplex,,ar,4.12,1.0,True,,,,,wiktionary:kaikki@2026-10-03
de,Protokoll,n,protocol,protocol,simplex,,ll,4.12,3.0,False,,,,,wiktionary:kaikki@2026-10-03
de,Brunnen,m,well,"well, fountain",simplex,,en,4.11,2.0,False,,,,,wiktionary:kaikki@2026-10-03
de,Siemens,n,siemens,siemens,simplex,,ns,4.11,1.0,True,,,,,wiktionary:kaikki@2026-10-03
de,Stamm,m,tree trunk,"tree trunk, main stem of a plant (but never used of thin stalks or twigs)",simplex,,mm,4.11,2.0,False,,,,,wiktionary:kaikki@2026-10-03
de,Strauß,m,bunch,"bunch (of flowers), bouquet",simplex,,uß,4.11,2.0,True,,,,,wiktionary:kaikki@2026-10-03
de,Anblick,m,view,"view, sight, look",simplex,,ck,4.11,2.0,False,,,,,wiktionary:kaikki@2026-10-03
de,Staub,m,dust,dust,simplex,,ub,4.11,2.0,False,,,,,wiktionary:kaikki@2026-10-03
de,Truppe,f,troupe,"troupe (company of actors, etc.)",simplex,,pe,4.11,2.0,False,,,,,wiktionary:kaikki@2026-10-03
de,Vernunft,f,reason,"reason, good sense",simplex,,ft,4.1,2.0,False,,,,,wiktionary:kaikki@2026-10-03
de,Duo,n,duo,"duo, pair",simplex,,uo,4.1,1.0,True,,,,,wiktionary:kaikki@2026-10-03
de,Frist,f,term,"term, deadline, period (time limit)",simplex,,st,4.1,2.0,False,,,,,wiktionary:kaikki@2026-10-03
de,Paradies,n,paradise,paradise,simplex,,es,4.1,2.0,False,,,,,wiktionary:kaikki@2026-10-03
de,Kuss,m,kiss,kiss,simplex,,ss,4.1,2.0,False,,,,,wiktionary:kaikki@2026-10-03
de,Leder,n,leather,leather,simplex,,er,4.1,2.0,False,,,,,wiktionary:kaikki@2026-10-03
de,Hektar,n,hectare,hectare,simplex,,ar,4.1,3.0,False,,,,,wiktionary:kaikki@2026-10-03
de,Jeans,f,pair of jeans,"A pair of jeans, denim trousers",simplex,,ns,4.1,1.0,True,,,,,wiktionary:kaikki@2026-10-03
de,Heer,n,army,army (ground forces),simplex,,er,4.09,2.0,False,,,,,wiktionary:kaikki@2026-10-03
de,Kälte,f,coldness,coldness; cold,simplex,,te,4.09,3.0,False,,,,,wiktionary:kaikki@2026-10-03
de,Disziplin,f,discipline,discipline,simplex,,in,4.09,4.0,False,,,,,wiktionary:kaikki@2026-10-03
de,Christentum,n,christendom,Christendom,simplex,,um,4.09,3.0,False,,,,,wiktionary:kaikki@2026-10-03
de,Rache,f,revenge,revenge; vengeance,simplex,,he,4.09,2.0,False,,,,,wiktionary:kaikki@2026-10-03
de,Duell,n,duel,duel (combat between two persons),simplex,,ll,4.09,2.0,False,,,,,wiktionary:kaikki@2026-10-03
de,Urkunde,f,document,document,simplex,,de,4.08,3.0,False,,,,,wiktionary:kaikki@2026-10-03
de,Volumen,n,volume,volume,simplex,,en,4.08,3.0,True,,,,,wiktionary:kaikki@2026-10-03
de,Kurve,f,bend,bend (curve),simplex,,ve,4.08,2.0,False,,,,,wiktionary:kaikki@2026-10-03
de,Ensemble,n,ensemble,ensemble,simplex,,le,4.08,1.0,True,,,,,wiktionary:kaikki@2026-10-03
de,Atem,m,breath,breath,simplex,,em,4.07,2.0,False,,,,,wiktionary:kaikki@2026-10-03
de,Helm,m,helmet,helmet,simplex,,lm,4.07,1.0,True,,,,,wiktionary:kaikki@2026-10-03
de,Möbel,n,piece of furniture,piece of furniture,simplex,,el,4.07,2.0,False,,,,,wiktionary:kaikki@2026-10-03
de,Aktie,f,share,"share, stock",simplex,,ie,4.07,2.0,False,,,,,wiktionary:kaikki@2026-10-03
de,Abwehr,f,defence,defence,simplex,,hr,4.07,3.0,False,,,,,wiktionary:kaikki@2026-10-03
de,Tablet,n,tablet,tablet,simplex,,et,4.07,1.0,True,,,,,wiktionary:kaikki@2026-10-03
de,Hügel,m,hill,hill,simplex,,el,4.07,2.0,False,,,,,wiktionary:kaikki@2026-10-03
de,Rasse,f,race,"race (subspecies), breed",simplex,,se,4.06,2.0,False,,,,,wiktionary:kaikki@2026-10-03
de,Rabatt,m,discount,discount (reduction in price),simplex,,tt,4.06,2.0,False,,,,,wiktionary:kaikki@2026-10-03
de,Stirn,f,forehead,"forehead, brow (often used as an indicator of emotion)",simplex,,rn,4.06,2.0,False,,,,,wiktionary:kaikki@2026-10-03
de,Schuh,m,shoe,shoe,simplex,,uh,4.06,2.0,False,,,,,wiktionary:kaikki@2026-10-03
de,Ironie,f,irony,irony,simplex,,ie,4.06,2.0,False,,,,,wiktionary:kaikki@2026-10-03
de,Fantasie,f,imagination,imagination,simplex,,ie,4.06,3.0,False,,,,,wiktionary:kaikki@2026-10-03
de,Kommando,n,command,command,simplex,,do,4.06,2.0,False,,,,,wiktionary:kaikki@2026-10-03
de,Kopie,f,copy,"a copy, the result of copying something, a duplicate",simplex,,ie,4.06,2.0,False,,,,,wiktionary:kaikki@2026-10-03
de,Tasse,f,cup,"cup, mug (drinking vessel)",simplex,,se,4.06,2.0,False,,,,,wiktionary:kaikki@2026-10-03
de,Echo,n,echo,echo (reflected sound),simplex,,ho,4.05,1.0,True,,,,,wiktionary:kaikki@2026-10-03
de,Zaun,m,fence,fence,simplex,,un,4.05,2.0,False,,,,,wiktionary:kaikki@2026-10-03
de,Sorte,f,sort,"a sort, variety, grade of a good produced for sale or consumption",simplex,,te,4.05,2.0,False,,,,,wiktionary:kaikki@2026-10-03
de,Jubiläum,n,anniversary,"an anniversary, a jubilee",simplex,,um,4.05,4.0,False,,,,,wiktionary:kaikki@2026-10-03
de,Abbau,m,dismantling,"dismantling, demolition",simplex,,au,4.04,2.0,False,,,,,wiktionary:kaikki@2026-10-03
de,Garantie,f,guarantee,guarantee,simplex,,ie,4.04,3.0,False,,,,,wiktionary:kaikki@2026-10-03
de,Zelt,n,tent,"tent, marquee",simplex,,lt,4.04,2.0,False,,,,,wiktionary:kaikki@2026-10-03
de,Fahne,f,flag,"flag, banner (any cloth or fabric used as a symbol)",simplex,,ne,4.04,2.0,False,,,,,wiktionary:kaikki@2026-10-03
de,Anbau,m,cultivation,cultivation,simplex,,au,4.04,2.0,False,,,,,wiktionary:kaikki@2026-10-03
de,Mantel,m,coat,"coat, overcoat (long jacket that covers at least part of the thighs)",simplex,,el,4.04,2.0,False,wordnet:garment.n.01,,,,wiktionary:kaikki@2026-10-03
de,Wäsche,f,wash,"wash, washing, laundry (the act of cleaning with water; an instance thereof)",simplex,,he,4.04,3.0,False,,,,,wiktionary:kaikki@2026-10-03
de,Ideologie,f,ideology,ideology,simplex,,ie,4.04,2.0,False,,,,,wiktionary:kaikki@2026-10-03
de,Praktikum,n,internship,"internship (job taken by a student), apprenticeship",simplex,,um,4.03,4.0,False,,,,,wiktionary:kaikki@2026-10-03
de,Mythos,m,myth,"myth, mythos (narrative of importance to a particular group or culture)",simplex,,os,4.03,2.0,False,,,,,wiktionary:kaikki@2026-10-03
de,Prognose,f,prognosis,"prognosis, projection, forecast (educated, fact-based prediction)",simplex,,se,4.03,3.0,False,,,,,wiktionary:kaikki@2026-10-03
de,Debüt,n,debut,debut,simplex,,üt,4.03,2.0,True,,,,,wiktionary:kaikki@2026-10-03
de,Orden,m,order,order (awarded decoration),simplex,,en,4.03,1.0,False,,,,,wiktionary:kaikki@2026-10-03
de,Hemd,n,shirt,shirt,simplex,,md,4.03,2.0,False,wordnet:garment.n.01,,,,wiktionary:kaikki@2026-10-03
de,Gruß,m,greeting,greeting,simplex,,uß,4.03,3.0,False,,,,,wiktionary:kaikki@2026-10-03
de,Holocaust,m,holocaust,a holocaust,simplex,,st,4.03,1.0,True,,,,,wiktionary:kaikki@2026-10-03
de,Abzug,m,trigger,trigger (of a gun),simplex,,ug,4.02,2.0,False,,,,,wiktionary:kaikki@2026-10-03
de,Browser,m,browser program,A browser program,simplex,,er,4.02,1.0,True,,,,,wiktionary:kaikki@2026-10-03
de,Medaille,f,medal,medal,simplex,,le,4.02,2.0,False,,,,,wiktionary:kaikki@2026-10-03
de,Saft,m,juice,juice,simplex,,ft,4.02,2.0,False,,,,,wiktionary:kaikki@2026-10-03
de,Konsum,m,consumption,"consumption, intake (the act of eating, drinking or using)",simplex,,um,4.01,2.0,False,,,,,wiktionary:kaikki@2026-10-03
de,Schädel,m,skull,skull,simplex,,el,4.01,3.0,False,,,,,wiktionary:kaikki@2026-10-03
de,Sturz,m,fall,fall,simplex,,rz,4.01,3.0,False,,,,,wiktionary:kaikki@2026-10-03
de,Moschee,f,mosque,mosque,simplex,,ee,4.01,3.0,False,,,,,wiktionary:kaikki@2026-10-03
de,Doku,f,clipping of dokumentation,clipping of Dokumentation,simplex,,ku,4.0,2.0,False,,,,,wiktionary:kaikki@2026-10-03
de,Trio,n,trio,trio,simplex,,io,4.0,1.0,True,,,,,wiktionary:kaikki@2026-10-03
de,Ära,f,era,era,simplex,,ra,4.0,2.0,False,,,,,wiktionary:kaikki@2026-10-03
de,Potenzial,n,potential,potential,simplex,,al,4.0,3.0,False,,,,,wiktionary:kaikki@2026-10-03
de,Knopf,m,button,button (fastener),simplex,,pf,4.0,3.0,False,,,,,wiktionary:kaikki@2026-10-03
de,Recherche,f,research,"research, investigation (many contexts, but especially journalism)",simplex,,he,4.0,2.0,False,,,,,wiktionary:kaikki@2026-10-03
de,Asche,f,ash,ash; ashes,simplex,,he,4.0,2.0,False,,,,,wiktionary:kaikki@2026-10-03
de,Anzug,m,suit,"suit (of clothes), outfit",simplex,,ug,4.0,2.0,False,wordnet:garment.n.01,,,,wiktionary:kaikki@2026-10-03
de,Po,m,buttocks,buttocks,simplex,,Po,4.0,1.0,True,,,,,wiktionary:kaikki@2026-10-03
de,Verzicht,m,abstention,abstention,simplex,,ht,3.99,3.0,False,,,,,wiktionary:kaikki@2026-10-03
de,Einzel,n,singles,singles (game between two individuals),simplex,,el,3.99,2.0,False,,,,,wiktionary:kaikki@2026-10-03
de,Rohr,n,duct,"duct, pipe, tube",simplex,,hr,3.99,2.0,False,,,,,wiktionary:kaikki@2026-10-03
de,Bedürfnis,n,desire,"desire, urge",simplex,,is,3.99,4.0,False,,,,,wiktionary:kaikki@2026-10-03
de,Suppe,f,soup,soup,simplex,,pe,3.99,2.0,False,,,,,wiktionary:kaikki@2026-10-03
de,Melodie,f,melody,"melody, tune (sequence of notes that makes up a musical phrase)",simplex,,ie,3.99,2.0,False,,,,,wiktionary:kaikki@2026-10-03
de,Lampe,f,lamp,"lamp, light (piece of furniture, or fixture mounted on a wall or ceiling, holding one or more electric light sockets)",simplex,,pe,3.99,2.0,False,,,,,wiktionary:kaikki@2026-10-03
de,Kohl,m,cabbage,cabbage (plant of the genus Brassica),simplex,,hl,3.99,2.0,False,,,,,wiktionary:kaikki@2026-10-03
de,Hubschrauber,m,helicopter,helicopter,simplex,,er,3.99,5.0,False,,,,,wiktionary:kaikki@2026-10-03
de,Materie,f,matter,matter,simplex,,ie,3.98,2.0,False,,,,,wiktionary:kaikki@2026-10-03
de,Komödie,f,comedy,comedy,simplex,,ie,3.98,3.0,False,,,,,wiktionary:kaikki@2026-10-03
de,Panorama,n,panorama,panorama,simplex,,ma,3.98,2.0,True,,,,,wiktionary:kaikki@2026-10-03
de,Magie,f,magic,magic,simplex,,ie,3.98,2.0,False,,,,,wiktionary:kaikki@2026-10-03
de,Blitz,m,bolt of lightning,a bolt of lightning,simplex,,tz,3.98,1.0,True,,,,,wiktionary:kaikki@2026-10-03
de,Takt,m,tact,tact (keen perception or discernment),simplex,,kt,3.98,2.0,False,,,,,wiktionary:kaikki@2026-10-03
de,Abgabe,f,levy,"levy, tax, duty",simplex,,be,3.98,2.0,False,,,,,wiktionary:kaikki@2026-10-03
de,Kiste,f,chest,"chest, box",simplex,,te,3.98,2.0,False,,,,,wiktionary:kaikki@2026-10-03
de,Nacken,m,nape of the neck,nape of the neck,simplex,,en,3.97,2.0,False,,,,,wiktionary:kaikki@2026-10-03
de,Zeile,f,line,"line, row",simplex,,le,3.97,2.0,False,,,,,wiktionary:kaikki@2026-10-03
de,Biologie,f,biology,biology,simplex,,ie,3.97,2.0,False,,,,,wiktionary:kaikki@2026-10-03
de,Horizont,m,horizon range of someone’s thinking or insight),horizon (line where the sky appears to meet the earth; (figurative) range of someone’s thinking or insight),simplex,,nt,3.97,2.0,False,,,,,wiktionary:kaikki@2026-10-03
de,Krimi,m,crime story,"crime story, crime thriller",simplex,,mi,3.96,3.0,False,,,,,wiktionary:kaikki@2026-10-03
de,Fass,n,barrel,"barrel, keg, cask",simplex,,ss,3.96,2.0,False,,,,,wiktionary:kaikki@2026-10-03
de,Mafia,f,mafia,"mafia, Mafia",simplex,,ia,3.96,1.0,True,,,,,wiktionary:kaikki@2026-10-03
de,Brett,n,board,"board, plank",simplex,,tt,3.95,1.0,True,,,,,wiktionary:kaikki@2026-10-03
de,Wunde,f,sore,"sore, wound",simplex,,de,3.95,2.0,False,,,,,wiktionary:kaikki@2026-10-03
de,Kissen,n,cushion,cushion; pillow (bag filled with soft material used to sit or rest one’s head on),simplex,,en,3.95,2.0,False,,,,,wiktionary:kaikki@2026-10-03
de,Sauna,f,sauna,sauna,simplex,,na,3.95,2.0,True,,,,,wiktionary:kaikki@2026-10-03
de,Pfosten,m,post,"post; pillar (long, fairly thick piece of wood or metal used to stabilise something)",simplex,,en,3.95,2.0,False,,,,,wiktionary:kaikki@2026-10-03
de,Gabe,f,gift,"gift, present, donation, alms",simplex,,be,3.95,2.0,True,,,,,wiktionary:kaikki@2026-10-03
de,Ruhr,f,dysentery,dysentery,simplex,,hr,3.95,2.0,False,,,,,wiktionary:kaikki@2026-10-03
de,Verzeichnis,n,index,index,simplex,,is,3.95,3.0,False,,,,,wiktionary:kaikki@2026-10-03
de,Diplom,n,diploma,"diploma (higher education only, e.g., Master’s degree).",simplex,,om,3.95,2.0,True,,,,,wiktionary:kaikki@2026-10-03
de,Tragödie,f,tragedy,tragedy,simplex,,ie,3.95,4.0,False,,,,,wiktionary:kaikki@2026-10-03
de,Exemplar,n,exemplar,"exemplar; specimen; copy (e.g. of a book) (an individual from a set of like things, animals, etc.)",simplex,,ar,3.95,3.0,True,,,,,wiktionary:kaikki@2026-10-03
de,Porto,n,postage,postage (charge),simplex,,to,3.95,1.0,True,,,,,wiktionary:kaikki@2026-10-03
de,Fleck,m,stain,"stain, spot, blot, fleck, smear",simplex,,ck,3.94,2.0,False,,,,,wiktionary:kaikki@2026-10-03
de,Sünde,f,sin,sin,simplex,,de,3.94,2.0,False,,,,,wiktionary:kaikki@2026-10-03
de,Batterie,f,battery,battery (unit of artillery),simplex,,ie,3.94,2.0,False,,,,,wiktionary:kaikki@2026-10-03
de,Beton,m,concrete,concrete,simplex,,on,3.94,2.0,False,,,,,wiktionary:kaikki@2026-10-03
de,Karneval,m,carnival,carnival,simplex,,al,3.94,3.0,False,,,,,wiktionary:kaikki@2026-10-03
de,Maas,n,former spelling of maß which is no longer standard,Former spelling of Maß which is no longer standard.,simplex,,as,3.94,2.0,False,,,,,wiktionary:kaikki@2026-10-03
de,Puls,m,pulse,pulse,simplex,,ls,3.93,2.0,False,,,,,wiktionary:kaikki@2026-10-03
de,Psychiatrie,f,psychiatry,psychiatry,simplex,,ie,3.93,4.0,False,,,,,wiktionary:kaikki@2026-10-03
de,Charme,m,charm,"charm (ability to attract, delight, or enchant)",simplex,,me,3.93,2.0,True,,,,,wiktionary:kaikki@2026-10-03
de,Furcht,f,fear,fear; fright; anxiety,simplex,,ht,3.93,3.0,False,,,,,wiktionary:kaikki@2026-10-03
de,Trost,m,consolation,consolation,simplex,,st,3.92,2.0,False,,,,,wiktionary:kaikki@2026-10-03
de,Gastronomie,f,food service industry,"food service industry, catering trade",simplex,,ie,3.92,4.0,False,,,,,wiktionary:kaikki@2026-10-03
de,Zeugnis,n,testimony,"testimony, witness declaration",simplex,,is,3.92,3.0,False,,,,,wiktionary:kaikki@2026-10-03
de,Kabinett,n,cabinet,"cabinet, ministry",simplex,,tt,3.92,3.0,False,,,,,wiktionary:kaikki@2026-10-03
de,Kult,m,cult,cult (religious ritual),simplex,,lt,3.92,2.0,False,,,,,wiktionary:kaikki@2026-10-03
de,Renaissance,f,renaissance,renaissance,simplex,,ce,3.92,1.0,True,,,,,wiktionary:kaikki@2026-10-03
de,Absturz,m,crash,crash,simplex,,rz,3.92,4.0,False,,,,,wiktionary:kaikki@2026-10-03
de,Kommune,f,commune,commune,simplex,,ne,3.92,2.0,False,,,,,wiktionary:kaikki@2026-10-03
de,Altar,m,altar,altar (table or similar structure used for religious rites),simplex,,ar,3.92,2.0,True,,,,,wiktionary:kaikki@2026-10-03
de,Dosis,f,dose,dose,simplex,,is,3.91,2.0,False,,,,,wiktionary:kaikki@2026-10-03
de,Mandat,n,mandate,mandate (official command),simplex,,at,3.91,2.0,True,,,,,wiktionary:kaikki@2026-10-03
de,Hauch,m,breath from the mouth,breath from the mouth,simplex,,ch,3.91,2.0,False,,,,,wiktionary:kaikki@2026-10-03
de,Diät,f,diet,diet,simplex,,ät,3.91,2.0,False,,,,,wiktionary:kaikki@2026-10-03
de,Forst,m,forest,"a forest, at least enclosed, usually also cultivated",simplex,,st,3.91,2.0,True,,,,,wiktionary:kaikki@2026-10-03
de,Anwesen,n,property,property (piece of land with an owner),simplex,,en,3.91,3.0,False,,,,,wiktionary:kaikki@2026-10-03
de,Anhang,m,addendum,addendum,simplex,,ng,3.91,2.0,False,,,,,wiktionary:kaikki@2026-10-03
de,Stall,m,stable,"stable, sty, shed, barn (building for keeping animals of all sorts); stall, sty (compartment within such a building); (loosely) pen (small outdoors area for keeping animals, properly Pferch)",simplex,,ll,3.91,1.0,True,,,,,wiktionary:kaikki@2026-10-03
de,Ozean,m,ocean,ocean,simplex,,an,3.91,3.0,False,,,,,wiktionary:kaikki@2026-10-03
de,Porträt,n,portrait,portrait,simplex,,ät,3.9,3.0,True,,,,,wiktionary:kaikki@2026-10-03
de,Soziologie,f,sociology,sociology,simplex,,ie,3.9,3.0,False,,,,,wiktionary:kaikki@2026-10-03
de,Zusatz,m,addition,"addition, additive",simplex,,tz,3.89,2.0,False,,,,,wiktionary:kaikki@2026-10-03
de,Kostüm,n,skirt suit,skirt suit (women’s business suit consisting of a skirt and jacket),simplex,,üm,3.89,3.0,False,gloss,,,,wiktionary:kaikki@2026-10-03
de,Rakete,f,rocket,"rocket, missile",simplex,,te,3.89,2.0,False,,,,,wiktionary:kaikki@2026-10-03
de,Akzent,m,accent,accent (modulation of the voice),simplex,,nt,3.89,2.0,False,,,,,wiktionary:kaikki@2026-10-03
de,Pest,f,bubonic plague,"bubonic plague, the plague",simplex,,st,3.89,1.0,True,,,,,wiktionary:kaikki@2026-10-03
de,Darm,m,intestine,"intestine, gut",simplex,,rm,3.89,2.0,False,,,,,wiktionary:kaikki@2026-10-03
de,Grube,f,pit,"pit, excavation (man- or animal-made hole in the ground)",simplex,,be,3.89,2.0,False,,,,,wiktionary:kaikki@2026-10-03
de,Tesla,n,tesla,tesla,simplex,,la,3.88,1.0,True,,,,,wiktionary:kaikki@2026-10-03
de,Salon,m,lounge,lounge,simplex,,on,3.88,1.0,True,,,,,wiktionary:kaikki@2026-10-03
de,Attacke,f,attack,attack,simplex,,ke,3.88,2.0,True,,,,,wiktionary:kaikki@2026-10-03
de,Areal,n,area,"area, plot (pocket of land)",simplex,,al,3.88,2.0,False,,,,,wiktionary:kaikki@2026-10-03
de,Regal,n,rack of shelves,"a rack of shelves, shelving, a shelf (in this collective sense), e.g. an open bookcase",simplex,,al,3.88,2.0,True,,,,,wiktionary:kaikki@2026-10-03
de,Pistole,f,pistol,"pistol, gun",simplex,,le,3.88,2.0,True,,,,,wiktionary:kaikki@2026-10-03
de,Duft,m,aroma,"aroma, fragrance",simplex,,ft,3.88,2.0,False,,,,,wiktionary:kaikki@2026-10-03
de,Pommes,f,fries,"fries, French fries, chips (UK)",simplex,,es,3.88,2.0,False,,,,,wiktionary:kaikki@2026-10-03
de,Stopp,m,stop,"stop, stoppage (interruption or halt of anything)",simplex,,pp,3.87,2.0,False,,,,,wiktionary:kaikki@2026-10-03
de,Beleg,m,piece of evidence,"piece of evidence, a supporting fact",simplex,,eg,3.87,2.0,False,,,,,wiktionary:kaikki@2026-10-03
de,Harmonie,f,harmony,harmony,simplex,,ie,3.87,2.0,False,,,,,wiktionary:kaikki@2026-10-03
de,Irrtum,m,error,"error, mistake",simplex,,um,3.87,3.0,False,,,,,wiktionary:kaikki@2026-10-03
de,Glocke,f,bell,bell (percussive instrument),simplex,,ke,3.87,2.0,False,,,,,wiktionary:kaikki@2026-10-03
de,Herd,m,cooker,cooker; stove,simplex,,rd,3.87,2.0,True,,,,,wiktionary:kaikki@2026-10-03
de,Kontinent,m,continent,continent,simplex,,nt,3.86,2.0,False,,,,,wiktionary:kaikki@2026-10-03
de,Fluch,m,curse,"curse, malediction, bane",simplex,,ch,3.86,2.0,False,,,,,wiktionary:kaikki@2026-10-03
de,Kap,n,cape,cape (headland),simplex,,ap,3.86,1.0,False,,,,,wiktionary:kaikki@2026-10-03
de,Mütze,f,cap,cap,simplex,,ze,3.86,3.0,False,,,,,wiktionary:kaikki@2026-10-03
de,Skala,f,scale,"scale, gamut (ordered numerical sequence)",simplex,,la,3.86,2.0,False,,,,,wiktionary:kaikki@2026-10-03
de,Menü,n,set of dishes with few choices to be made,"a set of dishes with few choices to be made, usually consisting of two or more courses",simplex,,nü,3.86,2.0,False,,,,,wiktionary:kaikki@2026-10-03
de,Kabine,f,cabin,"cabin, cubicle",simplex,,ne,3.85,2.0,False,,,,,wiktionary:kaikki@2026-10-03
de,Gleis,n,railway,railway (track on which trains run),simplex,,is,3.85,2.0,False,,,,,wiktionary:kaikki@2026-10-03
de,Tarif,m,fee,"fee, price, rate",simplex,,if,3.85,2.0,False,,,,,wiktionary:kaikki@2026-10-03
de,Appetit,m,appetite,appetite,simplex,,it,3.85,2.0,True,,,,,wiktionary:kaikki@2026-10-03
de,Tonne,f,barrel,"barrel, vat, tun, drum",simplex,,ne,3.85,2.0,True,,,,,wiktionary:kaikki@2026-10-03
de,Sperma,n,sperm,sperm (semen; male reproductory fluid),simplex,,ma,3.85,3.0,True,gloss,,,,wiktionary:kaikki@2026-10-03
de,Tüte,f,small to medium-sized bag,"a small to medium-sized bag, usually of paper or plastic (sometimes also of fabric, for which more properly Beutel is used)",simplex,,te,3.85,3.0,False,,,,,wiktionary:kaikki@2026-10-03
de,Damm,m,embankment,embankment,simplex,,mm,3.85,2.0,False,,,,,wiktionary:kaikki@2026-10-03
de,Szenario,n,scenario,"scenario (all senses, literal and figurative)",simplex,,io,3.85,3.0,False,,,,,wiktionary:kaikki@2026-10-03
de,Flyer,m,flyer,flyer (leaflet),simplex,,er,3.85,2.0,True,,,,,wiktionary:kaikki@2026-10-03
de,Schirm,m,screen,screen (movable protective cover),simplex,,rm,3.85,2.0,False,,,,,wiktionary:kaikki@2026-10-03
de,Wappen,n,coat of arms,coat of arms,simplex,,en,3.84,2.0,False,wordnet:garment.n.01,,,,wiktionary:kaikki@2026-10-03
de,Frucht,f,fruit,fruit (seed-bearing part of a plant),simplex,,ht,3.84,2.0,False,,,,,wiktionary:kaikki@2026-10-03
de,Pille,f,pill,"pill, tablet",simplex,,le,3.84,2.0,False,,,,,wiktionary:kaikki@2026-10-03
de,Lidl,m,supermarket operated by the above chain,a supermarket operated by the above chain,simplex,,dl,3.84,2.0,False,,,,,wiktionary:kaikki@2026-10-03
de,Immobilie,f,real estate,"real estate, property which cannot be moved",simplex,,ie,3.84,3.0,False,,,,,wiktionary:kaikki@2026-10-03
de,Lektüre,f,reading,reading (act of having read a book or other written material),simplex,,re,3.84,4.0,False,,,,,wiktionary:kaikki@2026-10-03
de,Spezies,f,species,species,simplex,,es,3.84,3.0,False,,,,,wiktionary:kaikki@2026-10-03
de,Balken,m,beam,"beam, crossbeam",simplex,,en,3.84,2.0,False,,,,,wiktionary:kaikki@2026-10-03
de,Kompliment,n,compliment,compliment,simplex,,nt,3.84,3.0,True,,,,,wiktionary:kaikki@2026-10-03
de,Allee,f,avenue,avenue; street that is bordered on both sides by trees,simplex,,ee,3.84,2.0,False,,,,,wiktionary:kaikki@2026-10-03
de,Fundament,n,foundation,foundation,simplex,,nt,3.84,2.0,False,,,,,wiktionary:kaikki@2026-10-03
de,Neid,m,envy,"envy, jealousy",simplex,,id,3.84,2.0,False,,,,,wiktionary:kaikki@2026-10-03
de,Kneipe,f,pub,"pub, bar",simplex,,pe,3.83,3.0,False,,,,,wiktionary:kaikki@2026-10-03
de,Zunahme,f,increase,increase,simplex,,me,3.83,4.0,False,,,,,wiktionary:kaikki@2026-10-03
de,Auslöser,m,trigger,"trigger (event that initiates others, or incites a response)",simplex,,er,3.83,3.0,False,,,,,wiktionary:kaikki@2026-10-03
de,Mehl,n,flour,flour; meal (ground cereal),simplex,,hl,3.83,2.0,False,,,,,wiktionary:kaikki@2026-10-03
de,Latte,f,batten,"batten; lath; slat (narrow board or strip, usually of wood)",simplex,,te,3.83,2.0,True,,,,,wiktionary:kaikki@2026-10-03
de,Abgang,m,exit,exit,simplex,,ng,3.83,2.0,False,,,,,wiktionary:kaikki@2026-10-03
de,Säule,f,column,"column, pillar",simplex,,le,3.83,3.0,False,,,,,wiktionary:kaikki@2026-10-03
de,Hürde,f,hurdle,hurdle,simplex,,de,3.83,3.0,True,,,,,wiktionary:kaikki@2026-10-03
de,Hygiene,f,hygiene,hygiene,simplex,,ne,3.83,2.0,True,,,,,wiktionary:kaikki@2026-10-03
de,Hebel,m,operating lever,"operating lever, hand gear",simplex,,el,3.82,2.0,False,,,,,wiktionary:kaikki@2026-10-03
de,Kriterium,n,criterion,criterion,simplex,,um,3.82,3.0,False,,,,,wiktionary:kaikki@2026-10-03
de,Historie,f,history,history (historical narrative),simplex,,ie,3.82,2.0,False,,,,,wiktionary:kaikki@2026-10-03
de,Bude,f,booth,"booth, stall",simplex,,de,3.82,2.0,False,,,,,wiktionary:kaikki@2026-10-03
de,Ökonomie,f,economy,economy,simplex,,ie,3.82,4.0,False,,,,,wiktionary:kaikki@2026-10-03
de,Blüte,f,blossom,"blossom, flower (reproductive structure on plants, often scented and/or colourful)",simplex,,te,3.82,3.0,False,,,,,wiktionary:kaikki@2026-10-03
de,Bestseller,m,bestseller,bestseller,simplex,,er,3.82,2.0,True,,,,,wiktionary:kaikki@2026-10-03
de,Watt,n,intertidal zone,"intertidal zone, foreshore, especially the vast mudflats at the North Sea coast",simplex,,tt,3.81,1.0,True,,,,,wiktionary:kaikki@2026-10-03
de,Monarchie,f,monarchy,monarchy,simplex,,ie,3.81,3.0,False,,,,,wiktionary:kaikki@2026-10-03
de,Bekenntnis,n,confession,confession,simplex,,is,3.81,4.0,False,,,,,wiktionary:kaikki@2026-10-03
de,Tuch,n,cloth,"cloth; piece of fabric or tissue of any kind: scarf, kerchief, blanket, towel, etc.",simplex,,ch,3.81,2.0,False,,,,,wiktionary:kaikki@2026-10-03
de,Etage,f,floor,floor; storey,simplex,,ge,3.81,2.0,False,,,,,wiktionary:kaikki@2026-10-03
de,Revue,f,revue,revue,simplex,,ue,3.81,2.0,True,,,,,wiktionary:kaikki@2026-10-03
de,Pulver,n,powder,powder (in most of its senses),simplex,,er,3.81,2.0,False,,,,,wiktionary:kaikki@2026-10-03
de,Etappe,f,stage,"stage, leg (of a journey or development, also (sports) of a cycle race or rally)",simplex,,pe,3.81,2.0,False,,,,,wiktionary:kaikki@2026-10-03
de,Atelier,n,studio,studio (artist's or photographer's workshop),simplex,,er,3.81,2.0,False,,,,,wiktionary:kaikki@2026-10-03
de,Sortiment,n,range,range (the entirety or a particular grouping of the articles produced by a company or sold by a shop),simplex,,nt,3.81,2.0,False,,,,,wiktionary:kaikki@2026-10-03
de,Chirurgie,f,surgery,surgery (field of study),simplex,,ie,3.8,4.0,False,,,,,wiktionary:kaikki@2026-10-03
de,Tausch,m,exchange,"exchange, barter (an exchange of one item for another of equal value)",simplex,,ch,3.8,3.0,False,,,,,wiktionary:kaikki@2026-10-03
de,Hindernis,n,obstacle,obstacle,simplex,,is,3.8,3.0,False,,,,,wiktionary:kaikki@2026-10-03
de,Anstoß,m,impetus,"impetus, initiation, trigger",simplex,,oß,3.8,3.0,False,,,,,wiktionary:kaikki@2026-10-03
de,Poesie,f,poetry,poetry,simplex,,ie,3.8,3.0,False,,,,,wiktionary:kaikki@2026-10-03
de,Epoche,f,epoch,epoch,simplex,,he,3.8,3.0,True,,,,,wiktionary:kaikki@2026-10-03
de,Wolke,f,cloud,cloud (a visible mass of water droplets suspended in the air),simplex,,ke,3.79,2.0,False,,,,,wiktionary:kaikki@2026-10-03
de,Schema,n,schema,schema,simplex,,ma,3.79,1.0,True,,,,,wiktionary:kaikki@2026-10-03
de,Visier,n,visor,visor,simplex,,er,3.79,2.0,False,,,,,wiktionary:kaikki@2026-10-03
de,Lexikon,n,reference book,"reference book (a book, usually alphabetically ordered, in which definitions and facts can be looked up, such as an encyclopaedia, dictionary, etc.)",simplex,,on,3.79,2.0,False,,,,,wiktionary:kaikki@2026-10-03
de,Pfanne,f,frying pan,frying pan,simplex,,ne,3.79,2.0,False,,,,,wiktionary:kaikki@2026-10-03
de,Draht,m,wire,wire (thread of metal; conductor),simplex,,ht,3.79,2.0,False,,,,,wiktionary:kaikki@2026-10-03
de,Fetisch,m,fetish,fetish,simplex,,ch,3.78,2.0,True,,,,,wiktionary:kaikki@2026-10-03
de,Massaker,n,massacre,massacre,simplex,,er,3.78,2.0,False,,,,,wiktionary:kaikki@2026-10-03
de,Kummer,m,grief,"grief, sorrow",simplex,,er,3.78,2.0,False,,,,,wiktionary:kaikki@2026-10-03
de,Puppe,f,doll,doll,simplex,,pe,3.78,2.0,False,,,,,wiktionary:kaikki@2026-10-03
de,Konsens,m,consensus,consensus (general agreement),simplex,,ns,3.78,3.0,False,,,,,wiktionary:kaikki@2026-10-03
de,Kessel,m,solid metal container or pot,"a solid metal container or pot, often large, used to boil liquids: a kettle, cauldron, boiler, etc.",simplex,,el,3.77,2.0,False,,,,,wiktionary:kaikki@2026-10-03
de,Seil,n,rope,"rope, line, cord",simplex,,il,3.77,2.0,False,,,,,wiktionary:kaikki@2026-10-03
de,Atom,n,atom,atom,simplex,,om,3.77,1.0,True,,,,,wiktionary:kaikki@2026-10-03
de,Gitter,n,lattice,"lattice, grid, mesh (of metal), grating, bars",simplex,,er,3.77,2.0,False,,,,,wiktionary:kaikki@2026-10-03
de,Tabak,m,tobacco,tobacco,simplex,,ak,3.77,2.0,False,,,,,wiktionary:kaikki@2026-10-03
de,Nadel,f,needle,"needle; hook (implement for sewing, knitting, or crocheting)",simplex,,el,3.77,2.0,False,,,,,wiktionary:kaikki@2026-10-03
de,Umland,n,hinterland,"hinterland, environs",simplex,,nd,3.77,2.0,False,,,,,wiktionary:kaikki@2026-10-03
de,Revier,n,defined area of land,"defined area of land, principally used for hunting or foraging",simplex,,er,3.77,2.0,False,,,,,wiktionary:kaikki@2026-10-03
de,Qual,f,agony,"agony, anguish, torment, torture (that one suffers)",simplex,,al,3.77,1.0,False,,,,,wiktionary:kaikki@2026-10-03
de,Medikament,n,drug,"drug, medicine",simplex,,nt,3.77,3.0,False,,,,,wiktionary:kaikki@2026-10-03
de,Zweig,m,branch,"branch, twig",simplex,,ig,3.77,2.0,False,,,,,wiktionary:kaikki@2026-10-03
de,Unruhe,f,turbulence,"turbulence, perturbation, moving more than biding, budging more than considered pleasant",simplex,,he,3.76,3.0,False,,,,,wiktionary:kaikki@2026-10-03
de,Kante,f,edge,"edge (sharp boundary line), border",simplex,,te,3.76,2.0,False,,,,,wiktionary:kaikki@2026-10-03
de,Lupe,f,magnifying glass,magnifying glass,simplex,,pe,3.76,2.0,False,,,,,wiktionary:kaikki@2026-10-03
de,Zuwachs,m,growth,"growth, increase, increment",simplex,,hs,3.75,3.0,False,,,,,wiktionary:kaikki@2026-10-03
de,Durst,m,thirst,thirst,simplex,,st,3.75,2.0,False,,,,,wiktionary:kaikki@2026-10-03
de,Inschrift,f,inscription,inscription,simplex,,ft,3.75,2.0,False,,,,,wiktionary:kaikki@2026-10-03
de,Wurf,m,throw,throw,simplex,,rf,3.75,2.0,False,,,,,wiktionary:kaikki@2026-10-03
de,Kehle,f,throat,throat (front of the neck),simplex,,le,3.75,3.0,False,,,,,wiktionary:kaikki@2026-10-03
de,Territorium,n,territory,territory,simplex,,um,3.75,3.0,False,,,,,wiktionary:kaikki@2026-10-03
de,Wecker,m,alarm clock,alarm clock,simplex,,er,3.75,2.0,False,,,,,wiktionary:kaikki@2026-10-03
de,Kolonie,f,colony,colony (settlement away from the mainland/motherland),simplex,,ie,3.75,3.0,False,,,,,wiktionary:kaikki@2026-10-03
de,Lotto,n,lotto,lotto,simplex,,to,3.75,1.0,True,,,,,wiktionary:kaikki@2026-10-03
de,Kur,f,treatment at a health resort,treatment at a health resort,simplex,,ur,3.75,1.0,False,,,,,wiktionary:kaikki@2026-10-03
de,Dilemma,n,dilemma,"dilemma, predicament, quandary, conundrum, pickle, catch-22 (a situation with two (or more) alternatives to choose from, and where all alternatives are unsatisfactory or undesirable)",simplex,,ma,3.75,3.0,True,,,,,wiktionary:kaikki@2026-10-03
de,Rausch,m,high,"high, flush, intoxication",simplex,,ch,3.75,3.0,False,,,,,wiktionary:kaikki@2026-10-03
de,Tenor,m,tenor,tenor,simplex,,or,3.75,2.0,True,,,,,wiktionary:kaikki@2026-10-03
de,Mobbing,n,bullying,bullying,simplex,,ng,3.74,2.0,False,,,,,wiktionary:kaikki@2026-10-03
de,Soße,f,sauce,"sauce, gravy",simplex,,ße,3.74,2.0,False,,,,,wiktionary:kaikki@2026-10-03
de,Kartoffel,f,potato,potato,simplex,,el,3.74,3.0,False,,,,,wiktionary:kaikki@2026-10-03
de,Flamme,f,flame,flame (visible part of fire),simplex,,me,3.74,2.0,True,,,,,wiktionary:kaikki@2026-10-03
de,Formular,n,form,form (document to be filled),simplex,,ar,3.74,2.0,False,,,,,wiktionary:kaikki@2026-10-03
de,Zyklus,m,cycle,cycle,simplex,,us,3.74,3.0,False,,,,,wiktionary:kaikki@2026-10-03
de,Synagoge,f,synagogue,synagogue,simplex,,ge,3.74,3.0,True,,,,,wiktionary:kaikki@2026-10-03
de,Whisky,m,whisky,whisky (alcoholic drink),simplex,,ky,3.74,2.0,True,,,,,wiktionary:kaikki@2026-10-03
de,Broschüre,f,brochure,brochure,simplex,,re,3.74,4.0,True,,,,,wiktionary:kaikki@2026-10-03
de,Scheune,f,barn,barn,simplex,,ne,3.74,2.0,False,,,,,wiktionary:kaikki@2026-10-03
de,Stroh,n,straw,straw,simplex,,oh,3.74,3.0,False,,,,,wiktionary:kaikki@2026-10-03
de,Vers,m,line,line (of a poem or song),simplex,,rs,3.74,1.0,False,,,,,wiktionary:kaikki@2026-10-03
de,Transporter,m,transporter,"transporter, carrier, van",simplex,,er,3.73,2.0,True,,,,,wiktionary:kaikki@2026-10-03
de,Ast,m,bough,"bough, limb, branch",simplex,,st,3.73,1.0,True,,,,,wiktionary:kaikki@2026-10-03
de,Grippe,f,flu,flu; influenza; grippe.,simplex,,pe,3.73,2.0,False,,,,,wiktionary:kaikki@2026-10-03
de,Dynamo,m,dynamo,dynamo,simplex,,mo,3.73,1.0,True,,,,,wiktionary:kaikki@2026-10-03
de,Speck,m,bacon,"bacon, fatty cellular tissue under the porkrind",simplex,,ck,3.73,2.0,True,,,,,wiktionary:kaikki@2026-10-03
de,Koma,n,coma,coma,simplex,,ma,3.73,2.0,False,,,,,wiktionary:kaikki@2026-10-03
de,Behälter,m,container,container (item that can store or transport objects or materials),simplex,,er,3.73,3.0,False,,,,,wiktionary:kaikki@2026-10-03
de,Axt,f,axe,axe,simplex,,xt,3.72,2.0,False,,,,,wiktionary:kaikki@2026-10-03
de,Impuls,m,impulse,"impulse, momentum",simplex,,ls,3.72,2.0,True,,,,,wiktionary:kaikki@2026-10-03
de,Säure,f,sourness,"sourness, tartness, acidity",simplex,,re,3.72,3.0,False,,,,,wiktionary:kaikki@2026-10-03
de,Pep,n,verve,"verve, pep",simplex,,ep,3.72,1.0,True,,,,,wiktionary:kaikki@2026-10-03
de,Fels,m,rock,rock,simplex,,ls,3.72,2.0,False,,,,,wiktionary:kaikki@2026-10-03
de,Bunker,m,bunker,bunker (hardened shelter),simplex,,er,3.72,2.0,True,,,,,wiktionary:kaikki@2026-10-03
de,Anhieb,m,first time,first time,simplex,,eb,3.72,4.0,False,,,,,wiktionary:kaikki@2026-10-03
de,Mikrofon,n,microphone,microphone,simplex,,on,3.72,3.0,False,,,,,wiktionary:kaikki@2026-10-03
de,Quartett,n,quartet,quartet (music composition in four parts),simplex,,tt,3.71,2.0,True,,,,,wiktionary:kaikki@2026-10-03
de,Orient,m,orient,Orient,simplex,,nt,3.71,1.0,True,,,,,wiktionary:kaikki@2026-10-03
de,Eid,m,oath,oath,simplex,,id,3.71,1.0,True,,,,,wiktionary:kaikki@2026-10-03
de,Schmutz,m,dirt,dirt,simplex,,tz,3.71,3.0,False,,,,,wiktionary:kaikki@2026-10-03
de,Nerv,m,nerve,nerve,simplex,,rv,3.71,2.0,False,,,,,wiktionary:kaikki@2026-10-03
de,Kokain,n,cocaine,cocaine,simplex,,in,3.71,2.0,False,,,,,wiktionary:kaikki@2026-10-03
de,Sekt,m,sparkling wine,sparkling wine,simplex,,kt,3.71,2.0,False,,,,,wiktionary:kaikki@2026-10-03
de,Reportage,f,report of some length and depth,"a report of some length and depth, including first-hand accounts, sometimes investigative",simplex,,ge,3.71,2.0,False,,,,,wiktionary:kaikki@2026-10-03
de,Rallye,f,rally,rally,simplex,,ye,3.71,2.0,True,,,,,wiktionary:kaikki@2026-10-03
de,Biografie,f,biography,biography,simplex,,ie,3.7,3.0,False,,,,,wiktionary:kaikki@2026-10-03
de,Anatomie,f,anatomy,"Anatomy, study of the structure of living beings.",simplex,,ie,3.7,3.0,False,,,,,wiktionary:kaikki@2026-10-03
de,Hymne,f,anthem,anthem (solemn secular song),simplex,,ne,3.69,3.0,False,,,,,wiktionary:kaikki@2026-10-03
de,Artillerie,f,artillery,artillery (weapon),simplex,,ie,3.69,3.0,False,,,,,wiktionary:kaikki@2026-10-03
de,Bürokratie,f,bureaucracy,bureaucracy,simplex,,ie,3.69,3.0,False,,,,,wiktionary:kaikki@2026-10-03
de,Nachtrag,m,addendum,addendum (something to be added),simplex,,ag,3.69,2.0,False,,,,,wiktionary:kaikki@2026-10-03
de,Wanne,f,tub,"tub, flat-bottomed vessel",simplex,,ne,3.69,2.0,False,,,,,wiktionary:kaikki@2026-10-03
de,Volt,n,volt,volt (unit of measure),simplex,,lt,3.69,1.0,True,,,,,wiktionary:kaikki@2026-10-03
de,Hüfte,f,hip,hip; hips,simplex,,te,3.69,2.0,False,,,,,wiktionary:kaikki@2026-10-03
de,Kulisse,f,scenery,scenery; set; flat,simplex,,se,3.68,2.0,False,,,,,wiktionary:kaikki@2026-10-03
de,Kosmos,m,cosmos,cosmos,simplex,,os,3.68,2.0,False,,,,,wiktionary:kaikki@2026-10-03
de,Appell,m,parade,"parade, muster",simplex,,ll,3.68,2.0,False,,,,,wiktionary:kaikki@2026-10-03
de,Sumpf,m,swamp,"swamp, marsh",simplex,,pf,3.68,3.0,False,,,,,wiktionary:kaikki@2026-10-03
de,Dorn,m,thorn,thorn,simplex,,rn,3.68,2.0,False,,,,,wiktionary:kaikki@2026-10-03
de,Weste,f,waistcoat,"waistcoat, vest (usually sleeveless garment worn over a shirt)",simplex,,te,3.68,2.0,False,wordnet:garment.n.01,,,,wiktionary:kaikki@2026-10-03
de,Autonomie,f,autonomy,autonomy,simplex,,ie,3.68,3.0,False,,,,,wiktionary:kaikki@2026-10-03
de,Teig,m,dough,"dough, paste, pastry, batter (soft, at least partially cohesive mixture of ingredients, often including flour, intended to be baked, fried or cooked)",simplex,,ig,3.68,2.0,False,,,,,wiktionary:kaikki@2026-10-03
de,Ballett,n,ballet,ballet,simplex,,tt,3.67,2.0,True,,,,,wiktionary:kaikki@2026-10-03
de,Graffiti,n,graffiti,graffiti,simplex,,ti,3.67,2.0,True,,,,,wiktionary:kaikki@2026-10-03
de,Abschaum,m,dregs,"dregs, scum (the worst and lowest)",simplex,,um,3.67,3.0,False,,,,,wiktionary:kaikki@2026-10-03
de,Kat,n,khat,khat (drug produced from Catha edulis),simplex,,at,3.67,1.0,True,,,,,wiktionary:kaikki@2026-10-03
de,Infanterie,f,infantry,infantry,simplex,,ie,3.67,3.0,False,,,,,wiktionary:kaikki@2026-10-03
de,Marmor,m,marble,marble,simplex,,or,3.67,2.0,False,,,,,wiktionary:kaikki@2026-10-03
de,Privileg,n,privilege,privilege,simplex,,eg,3.67,3.0,True,,,,,wiktionary:kaikki@2026-10-03
de,Gulden,m,guilder,guilder (currency of the Netherlands until 2001),simplex,,en,3.67,2.0,False,,,,,wiktionary:kaikki@2026-10-03
de,Buchstabe,m,letter,letter (of the alphabet),simplex,,be,3.67,3.0,False,,,,,wiktionary:kaikki@2026-10-03
de,Kolumne,f,column,column (body of text),simplex,,ne,3.66,3.0,False,,,,,wiktionary:kaikki@2026-10-03
de,Muskel,m,muscle,muscle,simplex,,el,3.66,2.0,False,,,,,wiktionary:kaikki@2026-10-03
de,Kiosk,m,kiosk,kiosk,simplex,,sk,3.66,2.0,True,,,,,wiktionary:kaikki@2026-10-03
de,Zucht,f,breeding,breeding (act of growing plants or animals),simplex,,ht,3.66,2.0,False,,,,,wiktionary:kaikki@2026-10-03
de,Abnahme,f,verbal noun of abnehmen,verbal noun of abnehmen,simplex,,me,3.66,2.0,False,,,,,wiktionary:kaikki@2026-10-03
de,Zeremonie,f,ceremony,ceremony,simplex,,ie,3.66,4.0,False,,,,,wiktionary:kaikki@2026-10-03
de,Kakao,m,cocoa,"cocoa (unsweetened brown powder made from roasted, ground cocoa beans)",simplex,,ao,3.66,2.0,False,,,,,wiktionary:kaikki@2026-10-03
de,Tournee,f,tour,tour,simplex,,ee,3.66,2.0,False,,,,,wiktionary:kaikki@2026-10-03
de,Krug,m,mug,mug,simplex,,ug,3.66,2.0,False,,,,,wiktionary:kaikki@2026-10-03
de,Imperium,n,empire,empire,simplex,,um,3.65,2.0,False,,,,,wiktionary:kaikki@2026-10-03
de,Fauna,f,fauna,fauna,simplex,,na,3.65,2.0,True,,,,,wiktionary:kaikki@2026-10-03
de,Trilogie,f,trilogy,trilogy,simplex,,ie,3.65,3.0,False,,,,,wiktionary:kaikki@2026-10-03
de,Umweg,m,detour,detour (a diversion or deviation from one's original route),simplex,,eg,3.65,2.0,False,,,,,wiktionary:kaikki@2026-10-03
de,Cockpit,n,in the aviation the room,"in the aviation the room, where the pilot and the co-pilot steer the aircraft; cockpit",simplex,,it,3.65,2.0,True,,,,,wiktionary:kaikki@2026-10-03
de,Notiz,f,note,note (memorandum),simplex,,iz,3.65,2.0,False,,,,,wiktionary:kaikki@2026-10-03
de,Oldtimer,m,vintage car,vintage car; antique aircraft,simplex,,er,3.65,2.0,False,,,,,wiktionary:kaikki@2026-10-03
de,Champagner,m,champagne,champagne (sparkling wine made in Champagne),simplex,,er,3.65,2.0,True,,,,,wiktionary:kaikki@2026-10-03
de,Porzellan,n,porcelain,porcelain,simplex,,an,3.65,3.0,False,,,,,wiktionary:kaikki@2026-10-03
de,Pakt,m,pact,"pact, agreement",simplex,,kt,3.64,2.0,False,,,,,wiktionary:kaikki@2026-10-03
de,Ärmel,m,sleeve,sleeve,simplex,,el,3.64,3.0,False,,,,,wiktionary:kaikki@2026-10-03
de,Präsidium,n,presidium,presidium,simplex,,um,3.64,3.0,False,,,,,wiktionary:kaikki@2026-10-03
de,Versicherer,m,insurer,insurer,simplex,,er,3.64,3.0,False,,,,,wiktionary:kaikki@2026-10-03
de,Laub,n,foliage,"foliage, greenery, leaves (on a tree or fallen onto the ground, but particularly the latter)",simplex,,ub,3.63,2.0,False,,,,,wiktionary:kaikki@2026-10-03
de,Finsternis,f,eclipse,eclipse (astronomy),simplex,,is,3.63,4.0,False,,,,,wiktionary:kaikki@2026-10-03
de,Folie,f,piece of very thinly spread-out material,a piece of very thinly spread-out material,simplex,,ie,3.63,2.0,False,,,,,wiktionary:kaikki@2026-10-03
de,Tango,m,tango,tango (dance),simplex,,go,3.63,1.0,True,,,,,wiktionary:kaikki@2026-10-03
de,Kompanie,f,company,company,simplex,,ie,3.63,3.0,False,,,,,wiktionary:kaikki@2026-10-03
de,Sarg,m,coffin,coffin,simplex,,rg,3.62,2.0,False,,,,,wiktionary:kaikki@2026-10-03
de,Gunst,f,favor,favor,simplex,,st,3.62,2.0,False,,,,,wiktionary:kaikki@2026-10-03
de,Kratzer,m,scratch,scratch,simplex,,er,3.62,3.0,False,,,,,wiktionary:kaikki@2026-10-03
de,Kaliber,n,calibre,calibre,simplex,,er,3.62,2.0,False,,,,,wiktionary:kaikki@2026-10-03
de,Internat,n,boarding school,boarding school,simplex,,at,3.62,2.0,False,,,,,wiktionary:kaikki@2026-10-03
de,Sonde,f,probe,"probe (device used to explore, investigate or measure)",simplex,,de,3.62,2.0,False,,,,,wiktionary:kaikki@2026-10-03
de,Blech,n,sheet,sheet (of metal),simplex,,ch,3.61,2.0,False,,,,,wiktionary:kaikki@2026-10-03
de,Stecker,m,plug,plug (electrical plug),simplex,,er,3.61,2.0,False,,,,,wiktionary:kaikki@2026-10-03
de,Abhilfe,f,remedy,"remedy, relief",simplex,,fe,3.61,3.0,False,,,,,wiktionary:kaikki@2026-10-03
de,Karate,n,karate,karate,simplex,,te,3.61,2.0,True,,,,,wiktionary:kaikki@2026-10-03
de,Wildnis,f,wilderness,wilderness,simplex,,is,3.61,2.0,False,,,,,wiktionary:kaikki@2026-10-03
de,Lux,n,lux,lux,simplex,,ux,3.61,1.0,True,,,,,wiktionary:kaikki@2026-10-03
de,Seide,f,silk,silk,simplex,,de,3.61,2.0,False,,,,,wiktionary:kaikki@2026-10-03
de,Manöver,n,maneuver,maneuver,simplex,,er,3.61,3.0,False,,,,,wiktionary:kaikki@2026-10-03
de,Granit,m,granite,granite,simplex,,it,3.61,2.0,True,,,,,wiktionary:kaikki@2026-10-03
de,Stipendium,n,scholarship,scholarship (grant-in-aid to a student),simplex,,um,3.61,4.0,False,,,,,wiktionary:kaikki@2026-10-03
de,Rumpf,m,trunk,trunk; torso (body excluding the head and limbs),simplex,,pf,3.61,3.0,False,,,,,wiktionary:kaikki@2026-10-03
de,Unmut,m,discontent,"discontent, displeasure, chagrin",simplex,,ut,3.6,2.0,False,,,,,wiktionary:kaikki@2026-10-03
de,Birne,f,pear,pear,simplex,,ne,3.6,2.0,False,,,,,wiktionary:kaikki@2026-10-03
de,Antenne,f,antenna,antenna,simplex,,ne,3.6,2.0,False,,,,,wiktionary:kaikki@2026-10-03
de,Parodie,f,parody,parody (expression making fun of something else),simplex,,ie,3.6,2.0,False,,,,,wiktionary:kaikki@2026-10-03
de,Kabarett,n,cabaret,cabaret; review (satirical),simplex,,tt,3.6,3.0,False,,,,,wiktionary:kaikki@2026-10-03
de,Prämie,f,bonus,bonus (extra earnings),simplex,,ie,3.6,3.0,False,,,,,wiktionary:kaikki@2026-10-03
de,Kinn,n,chin,chin,simplex,,nn,3.6,2.0,False,,,,,wiktionary:kaikki@2026-10-03
de,Putz,m,plaster,"plaster, render applied to buildings (mixture for coating walls and ceilings)",simplex,,tz,3.6,2.0,False,,,,,wiktionary:kaikki@2026-10-03
de,Leichnam,m,corpse,corpse (dead human body),simplex,,am,3.6,3.0,False,,,,,wiktionary:kaikki@2026-10-03
de,Bistum,n,bishopric,bishopric,simplex,,um,3.6,3.0,False,,,,,wiktionary:kaikki@2026-10-03
de,Kuppel,f,dome,dome (structural element resembling the hollow upper half of a sphere),simplex,,el,3.6,3.0,False,,,,,wiktionary:kaikki@2026-10-03
de,Schlepper,m,agent noun of schleppen,agent noun of schleppen,simplex,,er,3.6,3.0,False,,,,,wiktionary:kaikki@2026-10-03
de,Slalom,m,slalom,slalom,simplex,,om,3.6,2.0,True,,,,,wiktionary:kaikki@2026-10-03
de,Ankauf,m,purchase,purchase,simplex,,uf,3.6,3.0,False,,,,,wiktionary:kaikki@2026-10-03
de,Hoden,m,testicle,testicle,simplex,,en,3.59,2.0,False,gloss,,,,wiktionary:kaikki@2026-10-03
de,Anreiz,m,incentive,incentive,simplex,,iz,3.59,3.0,False,,,,,wiktionary:kaikki@2026-10-03
de,Latex,m,latex,latex (rubber),simplex,,ex,3.59,2.0,True,,,,,wiktionary:kaikki@2026-10-03
de,Vorstoss,m,advance,advance,simplex,,ss,3.59,3.0,False,,,,,wiktionary:kaikki@2026-10-03
de,Techno,m,techno,techno,simplex,,no,3.59,2.0,True,,,,,wiktionary:kaikki@2026-10-03
de,Reue,f,repentance,"repentance; remorse, regret",simplex,,ue,3.59,2.0,False,,,,,wiktionary:kaikki@2026-10-03
de,Perle,f,pearl,pearl (concretion from oysters or imitation thereof),simplex,,le,3.59,2.0,False,wordnet:jewelry.n.01,,,,wiktionary:kaikki@2026-10-03
de,Halter,m,agent noun of halten,agent noun of halten:,simplex,,er,3.59,2.0,False,,,,,wiktionary:kaikki@2026-10-03
de,Buffet,n,buffet,buffet,simplex,,et,3.59,2.0,True,,,,,wiktionary:kaikki@2026-10-03
de,Dynastie,f,dynasty,dynasty,simplex,,ie,3.59,3.0,False,,,,,wiktionary:kaikki@2026-10-03
de,Duden,m,dictionary of the german language,"A dictionary of the German language, first published by Konrad Duden in 1880.",simplex,,en,3.58,2.0,False,,,,,wiktionary:kaikki@2026-10-03
de,Speer,m,spear,spear; javelin (a long stick thrown as a weapon or for sport),simplex,,er,3.58,2.0,False,,,,,wiktionary:kaikki@2026-10-03
de,Spott,m,mockery,"mockery, ridicule, derision, scorn",simplex,,tt,3.58,2.0,False,,,,,wiktionary:kaikki@2026-10-03
de,Utopie,f,utopia,utopia,simplex,,ie,3.58,3.0,False,,,,,wiktionary:kaikki@2026-10-03
de,Gletscher,m,glacier,glacier,simplex,,er,3.58,3.0,False,,,,,wiktionary:kaikki@2026-10-03
de,Epidemie,f,epidemic,epidemic (widespread disease),simplex,,ie,3.58,2.0,False,,,,,wiktionary:kaikki@2026-10-03
de,Mensa,f,cafeteria,"cafeteria (at a university), student canteen",simplex,,sa,3.58,2.0,False,,,,,wiktionary:kaikki@2026-10-03
de,Wodka,m,vodka,vodka,simplex,,ka,3.58,2.0,False,,,,,wiktionary:kaikki@2026-10-03
de,Gremium,n,committee,"committee, commission, panel (select circle of people tasked with solving a specific problem; often in politics and administration)",simplex,,um,3.58,2.0,False,,,,,wiktionary:kaikki@2026-10-03
de,Mythologie,f,mythology,mythology,simplex,,ie,3.58,2.0,False,,,,,wiktionary:kaikki@2026-10-03
de,Unfug,m,nonsense,nonsense,simplex,,ug,3.58,3.0,False,,,,,wiktionary:kaikki@2026-10-03
de,Ökologie,f,ecology,ecology,simplex,,ie,3.57,3.0,False,,,,,wiktionary:kaikki@2026-10-03
de,Aura,f,aura,aura,simplex,,ra,3.57,1.0,True,,,,,wiktionary:kaikki@2026-10-03
de,Wels,m,wels catfish,wels catfish (Silurus glanis),simplex,,ls,3.57,2.0,False,,,,,wiktionary:kaikki@2026-10-03
de,Funke,m,spark,spark,simplex,,ke,3.57,2.0,False,,,,,wiktionary:kaikki@2026-10-03
de,Indiz,n,circumstantial evidence,"circumstantial evidence, indication, clue",simplex,,iz,3.57,2.0,False,,,,,wiktionary:kaikki@2026-10-03
de,Moor,n,marsh,"marsh, mire, bog",simplex,,or,3.57,1.0,True,,,,,wiktionary:kaikki@2026-10-03
de,Metapher,f,metaphor,metaphor,simplex,,er,3.57,3.0,False,,,,,wiktionary:kaikki@2026-10-03
de,Apokalypse,f,apocalypse,apocalypse,simplex,,se,3.57,4.0,True,,,,,wiktionary:kaikki@2026-10-03
de,Diplomatie,f,diplomacy,diplomacy,simplex,,ie,3.56,3.0,False,,,,,wiktionary:kaikki@2026-10-03
de,Pandemie,f,pandemic,pandemic (pandemic disease),simplex,,ie,3.56,2.0,False,,,,,wiktionary:kaikki@2026-10-03
de,Pendant,n,counterpart,counterpart,simplex,,nt,3.56,1.0,True,,,,,wiktionary:kaikki@2026-10-03
de,Wrack,n,wreck,"wreck (damaged remains of a ship, airplane, etc.)",simplex,,ck,3.56,2.0,False,,,,,wiktionary:kaikki@2026-10-03
de,Meile,f,mile,mile (unit of distance),simplex,,le,3.56,2.0,False,,,,,wiktionary:kaikki@2026-10-03
de,Prosa,f,prose,prose,simplex,,sa,3.56,2.0,False,,,,,wiktionary:kaikki@2026-10-03
de,Inventar,n,inventory,inventory,simplex,,ar,3.56,2.0,False,,,,,wiktionary:kaikki@2026-10-03
de,Tugend,f,virtue,virtue,simplex,,nd,3.56,3.0,False,,,,,wiktionary:kaikki@2026-10-03
de,Panne,f,breakdown,breakdown,simplex,,ne,3.56,2.0,False,,,,,wiktionary:kaikki@2026-10-03
de,Trasse,f,line,line,simplex,,se,3.56,2.0,False,,,,,wiktionary:kaikki@2026-10-03
de,Sockel,m,base,base,simplex,,el,3.56,3.0,False,,,,,wiktionary:kaikki@2026-10-03
de,Alm,f,alpine pasture,alpine pasture,simplex,,lm,3.56,2.0,False,,,,,wiktionary:kaikki@2026-10-03
de,Zitrone,f,lemon,lemon (fruit),simplex,,ne,3.56,3.0,False,,,,,wiktionary:kaikki@2026-10-03
de,Archäologie,f,archaeology / archeology,archaeology / archeology,simplex,,ie,3.56,3.0,False,,,,,wiktionary:kaikki@2026-10-03
de,Helikopter,m,helicopter,helicopter,simplex,,er,3.56,4.0,True,,,,,wiktionary:kaikki@2026-10-03
de,Essig,m,vinegar,vinegar,simplex,,ig,3.56,2.0,False,,,,,wiktionary:kaikki@2026-10-03
de,Pracht,f,splendor,"splendor, resplendence, magnificence, pomp",simplex,,ht,3.56,2.0,False,,,,,wiktionary:kaikki@2026-10-03
de,Mosel,m,shorthand of moselwein,shorthand of Moselwein,simplex,,el,3.56,2.0,False,,,,,wiktionary:kaikki@2026-10-03
de,Dildo,m,dildo,dildo,simplex,,do,3.56,2.0,True,,,,,wiktionary:kaikki@2026-10-03
de,Laterne,f,lantern,"lantern (casing for a light source, fashioned from transparent material)",simplex,,ne,3.56,2.0,False,,,,,wiktionary:kaikki@2026-10-03
de,Zins,m,interest,interest,simplex,,ns,3.56,2.0,False,,,,,wiktionary:kaikki@2026-10-03
de,Strophe,f,stanza,stanza (a unit of a poem),simplex,,he,3.55,2.0,False,,,,,wiktionary:kaikki@2026-10-03
de,Schaum,m,foam,"foam, lather, froth",simplex,,um,3.55,2.0,False,,,,,wiktionary:kaikki@2026-10-03
de,Vakuum,n,vacuum,vacuum,simplex,,um,3.55,3.0,False,,,,,wiktionary:kaikki@2026-10-03
de,Subjekt,n,subject,subject,simplex,,kt,3.55,3.0,False,,,,,wiktionary:kaikki@2026-10-03
de,Arche,f,ark,ark (Noah’s ship),simplex,,he,3.55,2.0,False,,,,,wiktionary:kaikki@2026-10-03
de,Tinte,f,ink,ink,simplex,,te,3.55,2.0,False,,,,,wiktionary:kaikki@2026-10-03
de,Schleuse,f,sluice,sluice,simplex,,se,3.54,3.0,False,,,,,wiktionary:kaikki@2026-10-03
de,Glied,n,external body part,external body part,simplex,,ed,3.54,3.0,False,,,,,wiktionary:kaikki@2026-10-03
de,Stiel,m,stalk,stalk (thin stem),simplex,,el,3.54,2.0,False,,,,,wiktionary:kaikki@2026-10-03
de,Ott,n,synonym of weed,synonym of Weed (“marijuana”),simplex,,tt,3.54,1.0,True,,,,,wiktionary:kaikki@2026-10-03
de,Obhut,f,care,"care, custody",simplex,,ut,3.54,3.0,False,,,,,wiktionary:kaikki@2026-10-03
de,Prozessor,m,processor,"processor, CPU",simplex,,or,3.54,3.0,False,,,,,wiktionary:kaikki@2026-10-03
de,Strahl,m,beam,"beam, ray (e.g. of light)",simplex,,hl,3.54,2.0,False,,,,,wiktionary:kaikki@2026-10-03
de,Brühl,m,enclosed land,"enclosed land; meadow or wet meadow (swampy or moory meadow),",simplex,,hl,3.54,2.0,False,,,,,wiktionary:kaikki@2026-10-03
de,Pinsel,m,paintbrush,paintbrush,simplex,,el,3.54,2.0,False,,,,,wiktionary:kaikki@2026-10-03
de,Theke,f,bar,bar (table or board in a pub or restaurant),simplex,,ke,3.54,2.0,False,,,,,wiktionary:kaikki@2026-10-03
de,Klausel,f,term,"term (limitation, restriction or regulation)",simplex,,el,3.54,2.0,False,,,,,wiktionary:kaikki@2026-10-03
de,Skript,n,script,"script, notes, transcript (a writing or written document, particularly of a topic dealt with in university)",simplex,,pt,3.54,3.0,False,,,,,wiktionary:kaikki@2026-10-03
de,Causa,f,case,"case (a dispute or controversy, often of a legal nature, especially one of public notoriety)",simplex,,sa,3.54,3.0,False,,,,,wiktionary:kaikki@2026-10-03
de,Ruine,f,ruin,"ruin, ruins",simplex,,ne,3.53,2.0,False,,,,,wiktionary:kaikki@2026-10-03
de,Ballon,m,balloon,balloon,simplex,,on,3.53,2.0,True,,,,,wiktionary:kaikki@2026-10-03
de,Bluse,f,blouse,blouse,simplex,,se,3.53,2.0,True,,,,,wiktionary:kaikki@2026-10-03
de,Zwiebel,f,onion,"onion (typically Allium cepa, the plant or its bulb)",simplex,,el,3.53,3.0,False,,,,,wiktionary:kaikki@2026-10-03
de,Hierarchie,f,hierarchy,hierarchy (body of ruling officials),simplex,,ie,3.53,3.0,False,,,,,wiktionary:kaikki@2026-10-03
de,Krach,m,crash,crash,simplex,,ch,3.53,2.0,False,,,,,wiktionary:kaikki@2026-10-03
de,Diözese,f,diocese,diocese,simplex,,se,3.53,3.0,False,,,,,wiktionary:kaikki@2026-10-03
de,Stoß,m,push,"push, shove, bump",simplex,,oß,3.53,2.0,False,,,,,wiktionary:kaikki@2026-10-03
de,Pavillon,m,pavilion,pavilion; gazebo,simplex,,on,3.52,2.0,False,,,,,wiktionary:kaikki@2026-10-03
de,Masche,f,stitch,stitch,simplex,,he,3.52,2.0,False,,,,,wiktionary:kaikki@2026-10-03
de,Fracht,f,freight,"freight, cargo",simplex,,ht,3.52,2.0,False,,,,,wiktionary:kaikki@2026-10-03
de,Telefonat,n,phone call,phone call,simplex,,at,3.52,2.0,False,,,,,wiktionary:kaikki@2026-10-03
de,Müsli,n,muesli,"muesli, granola",simplex,,li,3.52,3.0,True,,,,,wiktionary:kaikki@2026-10-03
de,Zuschuss,m,allowance,"allowance, benefit, subsidy, grant",simplex,,ss,3.52,3.0,False,,,,,wiktionary:kaikki@2026-10-03
de,Astronomie,f,astronomy,astronomy,simplex,,ie,3.52,3.0,False,,,,,wiktionary:kaikki@2026-10-03
de,Sohle,f,sole,sole (of the foot/shoe),simplex,,le,3.52,3.0,False,,,,,wiktionary:kaikki@2026-10-03
de,Imbiss,m,snack,snack,simplex,,ss,3.52,3.0,False,,,,,wiktionary:kaikki@2026-10-03
de,Etat,m,budget,budget,simplex,,at,3.52,2.0,False,,,,,wiktionary:kaikki@2026-10-03
de,Galaxie,f,galaxy,galaxy (huge gravitationally bound system of stars),simplex,,ie,3.51,3.0,False,,,,,wiktionary:kaikki@2026-10-03
de,Tresor,m,safe,"safe, vault",simplex,,or,3.51,3.0,False,,,,,wiktionary:kaikki@2026-10-03
de,Cabrio,n,cabriolet,cabriolet (an automobile with a retractable top),simplex,,io,3.51,2.0,False,,,,,wiktionary:kaikki@2026-10-03
de,Pyramide,f,pyramid,pyramid,simplex,,de,3.51,3.0,True,,,,,wiktionary:kaikki@2026-10-03
de,Befund,m,findings,"findings, results",simplex,,nd,3.51,3.0,False,,,,,wiktionary:kaikki@2026-10-03
de,Narbe,f,scar,scar,simplex,,be,3.51,2.0,False,,,,,wiktionary:kaikki@2026-10-03
de,Kot,m,feces,feces,simplex,,ot,3.51,1.0,False,,,,,wiktionary:kaikki@2026-10-03
de,Defizit,n,deficit,deficit,simplex,,it,3.51,3.0,False,,,,,wiktionary:kaikki@2026-10-03
de,Pointe,f,point,"point; punchline (final part of a joke, anecdote etc. which makes it funny or relevant)",simplex,,te,3.51,2.0,True,,,,,wiktionary:kaikki@2026-10-03
de,Anpfiff,m,starting whistle,starting whistle,simplex,,ff,3.51,3.0,False,,,,,wiktionary:kaikki@2026-10-03
de,Espresso,m,espresso,espresso,simplex,,so,3.51,1.0,True,,,,,wiktionary:kaikki@2026-10-03
de,Beschuss,m,bombardment,"bombardment, fire",simplex,,ss,3.51,2.0,False,,,,,wiktionary:kaikki@2026-10-03
de,Schub,m,thrust,thrust,simplex,,ub,3.5,2.0,False,,,,,wiktionary:kaikki@2026-10-03
de,Schaft,m,shaft,shaft (pole),simplex,,ft,3.5,2.0,True,,,,,wiktionary:kaikki@2026-10-03
de,Parkett,n,parquet,parquet (kind of floor),simplex,,tt,3.5,2.0,False,,,,,wiktionary:kaikki@2026-10-03
de,Steg,m,path,"A path, footbridge, or catwalk, usually made of wooden planks, often over water or wet or muddy ground; a jetty; a gangplank; duckboards.",simplex,,eg,3.5,2.0,False,,,,,wiktionary:kaikki@2026-10-03
de,Eifer,m,zeal,"zeal, eagerness, alacrity",simplex,,er,3.5,2.0,False,,,,,wiktionary:kaikki@2026-10-03
de,Heu,n,hay,hay,simplex,,eu,3.5,2.0,False,,,,,wiktionary:kaikki@2026-10-03
de,Abkehr,f,rejection,rejection; renunciation,simplex,,hr,3.49,2.0,False,,,,,wiktionary:kaikki@2026-10-03
de,Vermächtnis,n,testamentary gift,"testamentary gift: bequest, devise, legacy",simplex,,is,3.49,4.0,False,,,,,wiktionary:kaikki@2026-10-03
de,Quarantäne,f,quarantine,quarantine,simplex,,ne,3.49,4.0,True,,,,,wiktionary:kaikki@2026-10-03
de,Plenum,n,plenum,plenum (legislative meeting),simplex,,um,3.49,2.0,True,,,,,wiktionary:kaikki@2026-10-03
de,Examen,n,exam,exam (particularly at the end of university studies e.g. Final Exam),simplex,,en,3.49,2.0,False,,,,,wiktionary:kaikki@2026-10-03
de,Bataillon,n,battalion,battalion,simplex,,on,3.49,3.0,False,,,,,wiktionary:kaikki@2026-10-03
de,Kavallerie,f,cavalry,cavalry,simplex,,ie,3.49,4.0,False,,,,,wiktionary:kaikki@2026-10-03
de,Plädoyer,n,closing argument,closing argument,simplex,,er,3.49,3.0,False,,,,,wiktionary:kaikki@2026-10-03
de,Horde,f,horde,horde,simplex,,de,3.49,1.0,True,,,,,wiktionary:kaikki@2026-10-03
de,Tribut,m,tribute,tribute (payment made by one nation to another in submission),simplex,,ut,3.49,2.0,True,,,,,wiktionary:kaikki@2026-10-03
de,Tribüne,f,grandstand,grandstand (sitting area of a stadium),simplex,,ne,3.49,3.0,False,,,,,wiktionary:kaikki@2026-10-03
de,Walzer,m,waltz,waltz,simplex,,er,3.49,2.0,False,,,,,wiktionary:kaikki@2026-10-03
de,Bibliographie,f,bibliography,bibliography,simplex,,ie,3.49,3.0,False,,,,,wiktionary:kaikki@2026-10-03
de,Razzia,f,police raid,police raid,simplex,,ia,3.49,3.0,False,,,,,wiktionary:kaikki@2026-10-03
de,Piste,f,piste,"piste, ski slope",simplex,,te,3.49,2.0,True,,,,,wiktionary:kaikki@2026-10-03
de,Kreml,m,kremlin,kremlin (kind of fortified area in various Russian cities),simplex,,ml,3.49,2.0,False,,,,,wiktionary:kaikki@2026-10-03
de,Kantine,f,canteen,canteen,simplex,,ne,3.49,2.0,False,,,,,wiktionary:kaikki@2026-10-03
de,Demut,f,humility,"humility, meekness (comprehension or expression of one’s own lowliness)",simplex,,ut,3.48,2.0,False,,,,,wiktionary:kaikki@2026-10-03
de,Aula,f,auditorium of a school or university,the auditorium of a school or university,simplex,,la,3.48,2.0,False,,,,,wiktionary:kaikki@2026-10-03
de,Fleiß,m,diligence,"diligence, industriousness, assiduity, assiduousness, effort, hard work",simplex,,iß,3.48,2.0,False,,,,,wiktionary:kaikki@2026-10-03
de,Unheil,n,calamity,"calamity, disaster (an event resulting in great loss)",simplex,,il,3.48,3.0,False,,,,,wiktionary:kaikki@2026-10-03
de,Rubel,m,ruble,"ruble, rouble (currency)",simplex,,el,3.48,2.0,False,,,,,wiktionary:kaikki@2026-10-03
de,Pfeiler,m,pillar,pillar,simplex,,er,3.48,3.0,False,,,,,wiktionary:kaikki@2026-10-03
de,Ständer,m,stand,stand (a device to hold something upright or aloft),simplex,,er,3.48,2.0,False,,,,,wiktionary:kaikki@2026-10-03
de,Satellit,m,satellite,satellite,simplex,,it,3.48,3.0,True,,,,,wiktionary:kaikki@2026-10-03
de,Anklang,m,appeal,"appeal, approval",simplex,,ng,3.47,2.0,False,,,,,wiktionary:kaikki@2026-10-03
de,Miliz,f,militia,militia,simplex,,iz,3.47,2.0,False,,,,,wiktionary:kaikki@2026-10-03
de,Pelz,m,fur,fur,simplex,,lz,3.47,2.0,False,,,,,wiktionary:kaikki@2026-10-03
de,Ventil,n,valve,valve,simplex,,il,3.47,2.0,False,,,,,wiktionary:kaikki@2026-10-03
de,Rampe,f,ramp,ramp,simplex,,pe,3.47,2.0,False,,,,,wiktionary:kaikki@2026-10-03
de,Votum,n,say,say,simplex,,um,3.47,3.0,False,,,,,wiktionary:kaikki@2026-10-03
de,Kanu,n,light,"a light, narrow boat propelled with paddles: a canoe or kayak",simplex,,nu,3.47,2.0,False,,,,,wiktionary:kaikki@2026-10-03
de,Zeitlang,f,while,while,simplex,,ng,3.47,2.0,False,,,,,wiktionary:kaikki@2026-10-03
de,Fichte,f,spruce,a spruce; the common tree (Picea),simplex,,te,3.47,2.0,False,,,,,wiktionary:kaikki@2026-10-03
de,Bordell,n,bordello,"bordello, brothel",simplex,,ll,3.47,2.0,True,,,,,wiktionary:kaikki@2026-10-03
de,Migräne,f,migraine,migraine,simplex,,ne,3.46,4.0,True,,,,,wiktionary:kaikki@2026-10-03
de,Honorar,n,honorarium,honorarium,simplex,,ar,3.46,2.0,False,,,,,wiktionary:kaikki@2026-10-03
de,Schutt,m,rubbish,"rubbish, rubble",simplex,,tt,3.46,2.0,False,,,,,wiktionary:kaikki@2026-10-03
de,Anschrift,f,address,an address,simplex,,ft,3.46,2.0,False,,,,,wiktionary:kaikki@2026-10-03
de,Skelett,n,skeleton,skeleton,simplex,,tt,3.46,2.0,False,,,,,wiktionary:kaikki@2026-10-03
de,Konzil,n,church council,"church council, synod (congress of bishops called to decide bindingly on important issues)",simplex,,il,3.46,3.0,False,,,,,wiktionary:kaikki@2026-10-03
de,Analogie,f,analogy,analogy (similar example as explanation),simplex,,ie,3.46,2.0,False,,,,,wiktionary:kaikki@2026-10-03
de,Philologie,f,philology,philology,simplex,,ie,3.46,2.0,False,,,,,wiktionary:kaikki@2026-10-03
de,Nostalgie,f,nostalgia,nostalgia (yearning for the past),simplex,,ie,3.46,4.0,False,,,,,wiktionary:kaikki@2026-10-03
de,Krupp,m,croup,croup (infectious illness of the larynx),simplex,,pp,3.46,2.0,False,,,,,wiktionary:kaikki@2026-10-03
de,Pfingsten,n,pentecost,Pentecost,simplex,,en,3.46,3.0,False,,,,,wiktionary:kaikki@2026-10-03
de,Kegel,m,skittle,"skittle, ninepin, bowling pin; pin",simplex,,el,3.46,3.0,False,,,,,wiktionary:kaikki@2026-10-03
de,Urne,f,urn,urn,simplex,,ne,3.46,2.0,False,,,,,wiktionary:kaikki@2026-10-03
de,Luder,n,bait,bait,simplex,,er,3.46,2.0,False,,,,,wiktionary:kaikki@2026-10-03
de,Korps,n,corps,corps,simplex,,ps,3.46,2.0,False,,,,,wiktionary:kaikki@2026-10-03
de,Allergie,f,allergy,allergy,simplex,,ie,3.45,3.0,False,,,,,wiktionary:kaikki@2026-10-03
de,Kelch,m,chalice,"chalice (large, often precious drinking cup with a stem)",simplex,,ch,3.45,2.0,False,,,,,wiktionary:kaikki@2026-10-03
de,Hypnose,f,hypnosis,hypnosis,simplex,,se,3.45,3.0,False,,,,,wiktionary:kaikki@2026-10-03
de,Abwasser,n,wastewater,wastewater,simplex,,er,3.45,3.0,False,,,,,wiktionary:kaikki@2026-10-03
de,Dekret,n,decree,decree,simplex,,et,3.45,2.0,False,,,,,wiktionary:kaikki@2026-10-03
de,Rutsch,m,trip,trip; slip,simplex,,ch,3.45,2.0,False,,,,,wiktionary:kaikki@2026-10-03
de,Abfluss,m,drain,"drain; plughole (especially in the bathroom, also toilet)",simplex,,ss,3.45,3.0,False,,,,,wiktionary:kaikki@2026-10-03
de,Kreide,f,chalk,a chalk (a piece of chalk used for drawing and on a blackboard),simplex,,de,3.45,2.0,False,,,,,wiktionary:kaikki@2026-10-03
de,Foyer,n,foyer,"foyer, lobby",simplex,,er,3.45,2.0,True,,,,,wiktionary:kaikki@2026-10-03
de,Knöchel,m,ankle,ankle,simplex,,el,3.44,4.0,False,,,,,wiktionary:kaikki@2026-10-03
de,Kanone,f,cannon,cannon,simplex,,ne,3.44,2.0,False,,,,,wiktionary:kaikki@2026-10-03
de,Hefe,f,yeast,yeast,simplex,,fe,3.44,2.0,False,,,,,wiktionary:kaikki@2026-10-03
de,Zeh,m,toe,toe,simplex,,eh,3.44,2.0,False,,,,,wiktionary:kaikki@2026-10-03
de,Binder,m,girder,"girder, tie",simplex,,er,3.44,1.0,True,gloss,,,,wiktionary:kaikki@2026-10-03
de,Rudel,n,pack,"pack (of wolves, dogs, hyenas etc.)",simplex,,el,3.44,2.0,False,,,,,wiktionary:kaikki@2026-10-03
de,Stätte,f,venue,"venue, place, spot, site",simplex,,te,3.44,3.0,False,,,,,wiktionary:kaikki@2026-10-03
de,Zuzug,m,influx,influx,simplex,,ug,3.44,3.0,False,,,,,wiktionary:kaikki@2026-10-03
de,Oase,f,oasis,oasis,simplex,,se,3.44,2.0,False,,,,,wiktionary:kaikki@2026-10-03
de,Lehm,m,loam,loam,simplex,,hm,3.43,2.0,False,,,,,wiktionary:kaikki@2026-10-03
de,Zulauf,m,intake,"intake, afflux",simplex,,uf,3.43,3.0,False,,,,,wiktionary:kaikki@2026-10-03
de,Anthropologie,f,anthropology,anthropology,simplex,,ie,3.43,2.0,False,,,,,wiktionary:kaikki@2026-10-03
de,Schanze,f,entrenchment,"entrenchment, redoubt",simplex,,ze,3.43,3.0,False,,,,,wiktionary:kaikki@2026-10-03
de,Besorgnis,f,worry,"worry, concern, anxiety",simplex,,is,3.43,3.0,False,,,,,wiktionary:kaikki@2026-10-03
de,Hysterie,f,hysteria,hysteria,simplex,,ie,3.43,3.0,False,,,,,wiktionary:kaikki@2026-10-03
de,Degen,m,rapier,"rapier, smallsword",simplex,,en,3.43,2.0,False,,,,,wiktionary:kaikki@2026-10-03
de,Anleihe,f,bond,bond (financial); debenture,simplex,,he,3.43,3.0,False,,,,,wiktionary:kaikki@2026-10-03
de,Hocker,m,stool,stool (of any height),simplex,,er,3.42,2.0,False,,,,,wiktionary:kaikki@2026-10-03
de,Maxime,f,maxim,maxim,simplex,,me,3.42,2.0,True,,,,,wiktionary:kaikki@2026-10-03
de,Perücke,f,wig,wig; periwig; peruke,simplex,,ke,3.42,3.0,False,,,,,wiktionary:kaikki@2026-10-03
de,Parfüm,n,perfume,"perfume (generally only in the sense of “odorous substance”, not “pleasant smell”)",simplex,,üm,3.42,3.0,False,,,,,wiktionary:kaikki@2026-10-03
de,Reim,m,rhyme,rhyme (poetic device),simplex,,im,3.42,2.0,False,,,,,wiktionary:kaikki@2026-10-03
de,Abbild,n,image,"image, reflection",simplex,,ld,3.42,2.0,False,,,,,wiktionary:kaikki@2026-10-03
de,Cello,n,cello,cello,simplex,,lo,3.42,2.0,True,,,,,wiktionary:kaikki@2026-10-03
de,Delle,f,dent,dent,simplex,,le,3.42,2.0,False,,,,,wiktionary:kaikki@2026-10-03
de,Dessous,n,lingerie,lingerie,simplex,,us,3.42,2.0,False,gloss,,,,wiktionary:kaikki@2026-10-03
de,Abschuss,m,launch,launch,simplex,,ss,3.42,3.0,False,,,,,wiktionary:kaikki@2026-10-03
de,Tuberkulose,f,tuberculosis,tuberculosis,simplex,,se,3.42,4.0,False,,,,,wiktionary:kaikki@2026-10-03
de,Nippel,m,nipple,nipple,simplex,,el,3.42,3.0,False,wordnet:reproductive_organ.n.01,,,,wiktionary:kaikki@2026-10-03
de,Symphonie,f,symphony,symphony,simplex,,ie,3.41,3.0,False,,,,,wiktionary:kaikki@2026-10-03
de,Burka,f,burka,"burka (garment, worn by Muslim women, that covers the entire body)",simplex,,ka,3.41,2.0,True,gloss,,,,wiktionary:kaikki@2026-10-03
de,Ode,f,ode,"ode, poem of a certain type",simplex,,de,3.41,2.0,True,,,,,wiktionary:kaikki@2026-10-03
de,Hagel,m,hail,hail (also figuratively),simplex,,el,3.41,2.0,False,,,,,wiktionary:kaikki@2026-10-03
de,Prise,f,pinch,"pinch, dash (amount that can be held between thumb, index and middle finger, of salt, flour, powder etc.)",simplex,,se,3.41,2.0,False,,,,,wiktionary:kaikki@2026-10-03
de,Ressource,f,resource,"resource, reserve (means, material that one can use)",simplex,,ce,3.41,3.0,True,,,,,wiktionary:kaikki@2026-10-03
de,Lehen,n,feud or fief,feud or fief (estate granted to a vassal by a feudal lord),simplex,,en,3.41,2.0,False,,,,,wiktionary:kaikki@2026-10-03
de,Mol,n,mole,mole (unit of amount),simplex,,ol,3.41,1.0,True,,,,,wiktionary:kaikki@2026-10-03
de,Impressum,n,imprint,imprint,simplex,,um,3.4,2.0,False,,,,,wiktionary:kaikki@2026-10-03
de,Anarchie,f,anarchy,anarchy,simplex,,ie,3.4,3.0,False,,,,,wiktionary:kaikki@2026-10-03
de,Liturgie,f,liturgy,liturgy,simplex,,ie,3.4,3.0,False,,,,,wiktionary:kaikki@2026-10-03
de,Aroma,n,spicy or fragrant taste or smell,a (generally rather pleasant) spicy or fragrant taste or smell; aroma,simplex,,ma,3.4,2.0,True,,,,,wiktionary:kaikki@2026-10-03
de,Temperament,n,temperament,temperament,simplex,,nt,3.4,2.0,True,,,,,wiktionary:kaikki@2026-10-03
de,Opus,n,opus,"opus, artistic work",simplex,,us,3.4,2.0,True,,,,,wiktionary:kaikki@2026-10-03
de,Entgelt,n,charge,"charge, paid money",simplex,,lt,3.4,3.0,False,,,,,wiktionary:kaikki@2026-10-03
de,Instinkt,m,instinct,instinct,simplex,,kt,3.4,3.0,False,,,,,wiktionary:kaikki@2026-10-03
de,Judo,n,judo,judo,simplex,,do,3.4,2.0,True,,,,,wiktionary:kaikki@2026-10-03
de,Zirkel,m,pair of compasses,"pair of compasses, compass (device to draw circles)",simplex,,el,3.4,3.0,False,,,,,wiktionary:kaikki@2026-10-03
de,Weiher,m,pond,pond,simplex,,er,3.4,2.0,False,,,,,wiktionary:kaikki@2026-10-03
de,Pickel,m,pickaxe,"pickaxe, icepick",simplex,,el,3.4,2.0,False,,,,,wiktionary:kaikki@2026-10-03
de,Sinfonie,f,symphony,symphony,simplex,,ie,3.39,4.0,False,,,,,wiktionary:kaikki@2026-10-03
de,Farce,f,farce,farce,simplex,,ce,3.39,2.0,True,,,,,wiktionary:kaikki@2026-10-03
de,Sitte,f,custom,"custom, tradition, common practice, rite",simplex,,te,3.39,2.0,False,,,,,wiktionary:kaikki@2026-10-03
de,Pappe,f,paperboard,"paperboard, cardboard",simplex,,pe,3.39,2.0,False,,,,,wiktionary:kaikki@2026-10-03
de,Korridor,m,corridor,corridor,simplex,,or,3.39,2.0,False,,,,,wiktionary:kaikki@2026-10-03
de,Rinde,f,bark of a tree,bark of a tree,simplex,,de,3.39,2.0,False,,,,,wiktionary:kaikki@2026-10-03
de,Belag,m,surface,surface (of a road),simplex,,ag,3.39,2.0,False,,,,,wiktionary:kaikki@2026-10-03
de,Unverständnis,n,incomprehension,incomprehension,simplex,,is,3.39,3.0,False,,,,,wiktionary:kaikki@2026-10-03
de,Physiologie,f,physiology,physiology,simplex,,ie,3.39,3.0,False,,,,,wiktionary:kaikki@2026-10-03
de,Klotz,m,block,"block, log, chunk (piece of a hard material, especially wood, either unshaped or square-cut)",simplex,,tz,3.39,3.0,False,,,,,wiktionary:kaikki@2026-10-03
de,Cholera,f,cholera,cholera,simplex,,ra,3.39,3.0,True,,,,,wiktionary:kaikki@2026-10-03
de,Nenner,m,denominator,denominator (the number or expression written below the line in a fraction),simplex,,er,3.39,3.0,False,,,,,wiktionary:kaikki@2026-10-03
de,Riemen,m,strap,"strap (long, narrow, pliable strip of leather, cloth, or the like)",simplex,,en,3.38,2.0,False,,,,,wiktionary:kaikki@2026-10-03
de,Melancholie,f,melancholia,melancholia (a deep sadness or depression),simplex,,ie,3.38,3.0,True,,,,,wiktionary:kaikki@2026-10-03
de,Podest,n,podium,podium,simplex,,st,3.38,2.0,False,,,,,wiktionary:kaikki@2026-10-03
de,Krampf,m,cramp,cramp,simplex,,pf,3.38,3.0,False,,,,,wiktionary:kaikki@2026-10-03
de,Kluft,f,cleft,"cleft, fissure, joint",simplex,,ft,3.38,3.0,False,,,,,wiktionary:kaikki@2026-10-03
de,Hohn,m,mockery,mockery; scorn; derision,simplex,,hn,3.38,2.0,False,,,,,wiktionary:kaikki@2026-10-03
de,Ethnie,f,ethnicity,"ethnicity, ethnic group",simplex,,ie,3.38,2.0,False,,,,,wiktionary:kaikki@2026-10-03
de,Abfolge,f,succession,succession (sequence arranged in order),simplex,,ge,3.38,3.0,False,,,,,wiktionary:kaikki@2026-10-03
de,Typus,m,type,type,simplex,,us,3.38,2.0,False,,,,,wiktionary:kaikki@2026-10-03
de,Gänze,f,totality,totality,simplex,,ze,3.38,3.0,False,,,,,wiktionary:kaikki@2026-10-03
de,Adjektiv,n,adjective,adjective,simplex,,iv,3.38,3.0,False,,,,,wiktionary:kaikki@2026-10-03
de,Leukämie,f,leukemia,leukemia,simplex,,ie,3.38,4.0,False,,,,,wiktionary:kaikki@2026-10-03
de,Tresen,m,counter,"counter, bar",simplex,,en,3.38,3.0,False,,,,,wiktionary:kaikki@2026-10-03
de,Etikett,n,label,"label, tag",simplex,,tt,3.38,3.0,False,,,,,wiktionary:kaikki@2026-10-03
de,Misere,f,misery,misery,simplex,,re,3.38,2.0,False,,,,,wiktionary:kaikki@2026-10-03
de,Duett,n,duet,duet,simplex,,tt,3.37,2.0,False,,,,,wiktionary:kaikki@2026-10-03
de,Sekretariat,n,central office in any business or institution,"a central office in any business or institution (or a department thereof), responsible for correspondence, making appointments, and general administrative support",simplex,,at,3.37,3.0,False,,,,,wiktionary:kaikki@2026-10-03
de,Klarinette,f,clarinet,clarinet,simplex,,te,3.37,4.0,False,,,,,wiktionary:kaikki@2026-10-03
de,Eichel,f,acorn,acorn (fruit of an oak tree),simplex,,el,3.37,2.0,False,,,,,wiktionary:kaikki@2026-10-03
de,Vierer,m,something with a number,"something with a number, value or size of four",simplex,,er,3.37,3.0,False,,,,,wiktionary:kaikki@2026-10-03
de,Dia,n,slide,"slide (transparent image, to be projected to a screen)",simplex,,ia,3.36,1.0,True,,,,,wiktionary:kaikki@2026-10-03
de,Klatsch,m,smacking/slapping sound,"a smacking/slapping sound, made (for example) by hitting, palm down, a flat, wet surface.",simplex,,ch,3.36,3.0,False,,,,,wiktionary:kaikki@2026-10-03
de,Abstecher,m,detour,"detour, side trip",simplex,,er,3.36,4.0,False,,,,,wiktionary:kaikki@2026-10-03
de,Pizzeria,f,pizzeria,pizzeria,simplex,,ia,3.36,3.0,True,,,,,wiktionary:kaikki@2026-10-03
de,Tomate,f,tomato,"tomato (plant, fruit of this plant)",simplex,,te,3.36,2.0,False,,,,,wiktionary:kaikki@2026-10-03
de,Esprit,m,esprit,esprit,simplex,,it,3.36,2.0,True,,,,,wiktionary:kaikki@2026-10-03
de,Chronologie,f,chronology,chronology,simplex,,ie,3.36,2.0,False,,,,,wiktionary:kaikki@2026-10-03
de,Alibi,n,alibi,alibi,simplex,,bi,3.36,2.0,True,,,,,wiktionary:kaikki@2026-10-03
de,Zement,m,cement,cement,simplex,,nt,3.36,2.0,False,,,,,wiktionary:kaikki@2026-10-03
de,Schlitz,m,slit,"slit, slash",simplex,,tz,3.36,2.0,False,,,,,wiktionary:kaikki@2026-10-03
de,Kollegium,n,governing or overseeing board,a governing or overseeing board,simplex,,um,3.36,3.0,False,,,,,wiktionary:kaikki@2026-10-03
de,Kanne,f,jug,"jug, pitcher, pot, can (container for pouring fluids, especially beverages, often having spout and handle)",simplex,,ne,3.36,2.0,False,,,,,wiktionary:kaikki@2026-10-03
de,Borg,m,barrow,barrow (castrated boar),simplex,,rg,3.36,1.0,True,,,,,wiktionary:kaikki@2026-10-03
de,Dampfer,m,steamer,"steamer (steamboat, steamship)",simplex,,er,3.35,3.0,False,,,,,wiktionary:kaikki@2026-10-03
de,Ries,n,quantity of paper containing 1000 sheets,quantity of paper containing 1000 sheets (two reams),simplex,,es,3.35,2.0,False,,,,,wiktionary:kaikki@2026-10-03
de,Verstärker,m,amplifier,amplifier,simplex,,er,3.35,3.0,False,,,,,wiktionary:kaikki@2026-10-03
de,Epos,n,epic,epic,simplex,,os,3.35,2.0,False,,,,,wiktionary:kaikki@2026-10-03
de,Miene,f,expression,"expression, face",simplex,,ne,3.35,2.0,False,,,,,wiktionary:kaikki@2026-10-03
de,Salbe,f,ointment,"ointment, salve",simplex,,be,3.35,2.0,False,,,,,wiktionary:kaikki@2026-10-03
de,Hertz,n,hertz,hertz,simplex,,tz,3.35,2.0,True,,,,,wiktionary:kaikki@2026-10-03
de,Benziner,m,car with a gasoline engine,a car with a gasoline engine (petrol engine),simplex,,er,3.35,2.0,False,,,,,wiktionary:kaikki@2026-10-03
de,Billard,n,billiards,"billiards; usually in a general sense, thus including pool, snooker, etc.",simplex,,rd,3.35,2.0,False,,,,,wiktionary:kaikki@2026-10-03
de,Aba,f,aba,aba,simplex,,ba,3.34,2.0,True,wordnet:garment.n.01,,,,wiktionary:kaikki@2026-10-03
de,Hering,m,herring,herring,simplex,,ng,3.34,2.0,True,,,,,wiktionary:kaikki@2026-10-03
de,Kanon,m,canon,canon (selection of texts considered accepted and/or authentic),simplex,,on,3.34,2.0,False,,,,,wiktionary:kaikki@2026-10-03
de,Beamer,m,video projector,video projector,simplex,,er,3.34,2.0,False,,,,,wiktionary:kaikki@2026-10-03
de,Kittel,m,overall,"overall, smock; white coat",simplex,,el,3.34,2.0,False,,,,,wiktionary:kaikki@2026-10-03
de,Pöbel,m,mob,mob,simplex,,el,3.34,3.0,False,,,,,wiktionary:kaikki@2026-10-03
de,Zusammenkunft,f,meeting,meeting (gathering for a purpose),simplex,,ft,3.34,3.0,False,,,,,wiktionary:kaikki@2026-10-03
de,Riedel,m,ridge,ridge (“length of high ground”),simplex,,el,3.34,3.0,False,,,,,wiktionary:kaikki@2026-10-03
de,Novum,n,novelty,novelty (something that has not been seen before),simplex,,um,3.34,2.0,False,,,,,wiktionary:kaikki@2026-10-03
de,Hypothek,f,mortgage,mortgage,simplex,,ek,3.34,3.0,False,,,,,wiktionary:kaikki@2026-10-03
de,Zufahrt,f,driveway to a property or building,a driveway to a property or building.,simplex,,rt,3.34,4.0,False,,,,,wiktionary:kaikki@2026-10-03
de,Krater,m,crater,crater,simplex,,er,3.34,2.0,False,,,,,wiktionary:kaikki@2026-10-03
de,Kirsch,m,kirsch,Kirsch (fruit brandy),simplex,,ch,3.34,2.0,True,,,,,wiktionary:kaikki@2026-10-03
de,Barriere,f,barrier,barrier,simplex,,re,3.33,2.0,True,,,,,wiktionary:kaikki@2026-10-03
de,Holm,m,rail,"rail, bar (on which to hold on to)",simplex,,lm,3.33,2.0,False,,,,,wiktionary:kaikki@2026-10-03
de,Kolleg,n,three-year school of adult education,"A three-year school of adult education, preparing students who did not attend Gymnasium as teenagers for the Abitur.",simplex,,eg,3.33,2.0,False,,,,,wiktionary:kaikki@2026-10-03
de,Moped,n,moped,moped,simplex,,ed,3.33,2.0,True,,,,,wiktionary:kaikki@2026-10-03
de,Pegel,m,level,level (measurement of how high something is filled),simplex,,el,3.33,2.0,False,,,,,wiktionary:kaikki@2026-10-03
de,Fackel,f,torch,torch,simplex,,el,3.33,3.0,False,,,,,wiktionary:kaikki@2026-10-03
de,Bohrer,m,agent noun of bohren,agent noun of bohren,simplex,,er,3.33,2.0,False,,,,,wiktionary:kaikki@2026-10-03
de,Heiligtum,n,sacred site,sacred site; sanctuary; shrine,simplex,,um,3.33,4.0,False,,,,,wiktionary:kaikki@2026-10-03
de,Eklat,m,stir,"a stir, scandal, disturbing incident or scene, especially a dispute, quarrel",simplex,,at,3.33,2.0,False,,,,,wiktionary:kaikki@2026-10-03
de,Marge,f,margin,margin,simplex,,ge,3.33,2.0,True,,,,,wiktionary:kaikki@2026-10-03
de,Nomen,n,any declinable part of speech,"any declinable part of speech, i.e. substantive, adjective, numeral, article, pronoun",simplex,,en,3.33,2.0,False,,,,,wiktionary:kaikki@2026-10-03
de,Verhängnis,n,fatality,"fatality, fate",simplex,,is,3.32,4.0,False,,,,,wiktionary:kaikki@2026-10-03
de,Inzest,m,incest,incest,simplex,,st,3.32,3.0,False,,,,,wiktionary:kaikki@2026-10-03
de,Clique,f,group of friends,"a group of friends, a gang, clique",simplex,,ue,3.32,2.0,True,,,,,wiktionary:kaikki@2026-10-03
de,Dossier,n,dossier,dossier,simplex,,er,3.32,2.0,True,,,,,wiktionary:kaikki@2026-10-03
de,Silhouette,f,silhouette,silhouette,simplex,,te,3.32,2.0,True,,,,,wiktionary:kaikki@2026-10-03
de,Akkordeon,n,accordion,accordion,simplex,,on,3.32,4.0,False,,,,,wiktionary:kaikki@2026-10-03
de,Mysterium,n,mystery,"mystery, enigma",simplex,,um,3.32,3.0,False,,,,,wiktionary:kaikki@2026-10-03
de,Domäne,f,estate,"estate, seigneurie",simplex,,ne,3.32,3.0,False,,,,,wiktionary:kaikki@2026-10-03
de,Debakel,n,debacle,debacle,simplex,,el,3.32,3.0,False,,,,,wiktionary:kaikki@2026-10-03
de,Begräbnis,n,funeral,"funeral, burial",simplex,,is,3.32,5.0,False,,,,,wiktionary:kaikki@2026-10-03
de,Bloch,m,log,"log (trunk of a felled tree, cleared of branches)",simplex,,ch,3.32,2.0,False,,,,,wiktionary:kaikki@2026-10-03
de,Kolonne,f,column,"column (group of military vehicles or troops, especially on a road)",simplex,,ne,3.32,2.0,False,,,,,wiktionary:kaikki@2026-10-03
de,Schizophrenie,f,schizophrenia,schizophrenia,simplex,,ie,3.32,3.0,True,,,,,wiktionary:kaikki@2026-10-03
de,Konvoi,m,convoy,convoy (vehicles travelling together for safety),simplex,,oi,3.32,3.0,False,,,,,wiktionary:kaikki@2026-10-03
de,Basilika,f,basilica,basilica,simplex,,ka,3.31,2.0,False,,,,,wiktionary:kaikki@2026-10-03
de,Pathos,n,pathos,pathos,simplex,,os,3.31,2.0,True,,,,,wiktionary:kaikki@2026-10-03
de,Gruft,f,vault,"a vault, tomb, masoned grave; any kind, but especially one that is underground",simplex,,ft,3.31,3.0,False,,,,,wiktionary:kaikki@2026-10-03
de,Lokomotive,f,train locomotive,train locomotive,simplex,,ve,3.31,3.0,False,,,,,wiktionary:kaikki@2026-10-03
de,Hopfen,m,hop,hop (Humulus lupulus),simplex,,en,3.31,2.0,False,,,,,wiktionary:kaikki@2026-10-03
de,Saat,f,seed,seed,simplex,,at,3.31,2.0,False,,,,,wiktionary:kaikki@2026-10-03
de,Bildnis,n,image,"image, portrait",simplex,,is,3.31,2.0,False,,,,,wiktionary:kaikki@2026-10-03
de,Puffer,m,cushion,cushion,simplex,,er,3.31,2.0,False,,,,,wiktionary:kaikki@2026-10-03
de,Anomalie,f,anomaly,anomaly,simplex,,ie,3.31,3.0,False,,,,,wiktionary:kaikki@2026-10-03
de,Anekdote,f,anecdote,anecdote,simplex,,te,3.31,4.0,False,,,,,wiktionary:kaikki@2026-10-03
de,Kartell,n,cartel,cartel,simplex,,ll,3.31,2.0,False,,,,,wiktionary:kaikki@2026-10-03
de,Enzyklopädie,f,encyclopedia,encyclopedia (comprehensive reference work with articles on a wide range of topics),simplex,,ie,3.31,6.0,False,,,,,wiktionary:kaikki@2026-10-03
de,Umlage,f,levy,"levy, apportionment",simplex,,ge,3.31,3.0,False,,,,,wiktionary:kaikki@2026-10-03
de,Böller,m,firecracker,firecracker,simplex,,er,3.3,3.0,False,,,,,wiktionary:kaikki@2026-10-03
de,Umkehr,f,reversal,reversal,simplex,,hr,3.3,2.0,False,,,,,wiktionary:kaikki@2026-10-03
de,Departement,n,department,department,simplex,,nt,3.3,2.0,True,,,,,wiktionary:kaikki@2026-10-03
de,Testosteron,n,testosterone,testosterone,simplex,,on,3.3,3.0,True,,,,,wiktionary:kaikki@2026-10-03
de,Arie,f,aria,"aria (solo singing piece, notably in operatic genres)",simplex,,ie,3.3,2.0,False,,,,,wiktionary:kaikki@2026-10-03
de,Textil,n,textile,textile,simplex,,il,3.3,2.0,True,,,,,wiktionary:kaikki@2026-10-03
de,Silbe,f,syllable,syllable,simplex,,be,3.3,2.0,False,,,,,wiktionary:kaikki@2026-10-03
de,Saum,m,hem,hem (sewn edge of a garment or cloth),simplex,,um,3.3,2.0,False,,,,,wiktionary:kaikki@2026-10-03
de,Reglement,n,regulation,"regulation, regulations",simplex,,nt,3.3,2.0,False,,,,,wiktionary:kaikki@2026-10-03
de,Krippe,f,crib,"crib (feeding trough for animals), manger",simplex,,pe,3.3,3.0,False,,,,,wiktionary:kaikki@2026-10-03
de,Kollaps,m,synonym of kreislaufzusammenbruch,"synonym of Kreislaufzusammenbruch (“syncope, circulatory collapse”)",simplex,,ps,3.3,3.0,False,,,,,wiktionary:kaikki@2026-10-03
de,Grat,m,ridge,ridge,simplex,,at,3.3,1.0,False,,,,,wiktionary:kaikki@2026-10-03
de,Konvent,m,convent,convent,simplex,,nt,3.3,2.0,False,,,,,wiktionary:kaikki@2026-10-03
de,Befugnis,f,permission,"permission, authorization",simplex,,is,3.3,4.0,False,,,,,wiktionary:kaikki@2026-10-03
de,Teleskop,n,telescope,telescope,simplex,,op,3.3,3.0,False,,,,,wiktionary:kaikki@2026-10-03
de,Komet,m,comet,comet,simplex,,et,3.29,2.0,False,,,,,wiktionary:kaikki@2026-10-03
de,Ader,f,blood vessel,blood vessel,simplex,,er,3.29,2.0,False,,,,,wiktionary:kaikki@2026-10-03
de,Unwesen,n,nuisance,"nuisance, trouble",simplex,,en,3.29,3.0,False,,,,,wiktionary:kaikki@2026-10-03
de,Beil,n,axe,"axe, hatchet",simplex,,il,3.29,2.0,False,,,,,wiktionary:kaikki@2026-10-03
de,Romanze,f,romance,romance,simplex,,ze,3.29,2.0,False,,,,,wiktionary:kaikki@2026-10-03
de,Urwald,m,primeval forest,"primeval forest, virgin forest",simplex,,ld,3.29,2.0,False,,,,,wiktionary:kaikki@2026-10-03
de,Abteil,n,compartment,compartment,simplex,,il,3.29,2.0,False,,,,,wiktionary:kaikki@2026-10-03
de,Astrologie,f,astrology,astrology,simplex,,ie,3.29,3.0,False,,,,,wiktionary:kaikki@2026-10-03
de,Joch,n,yoke,yoke,simplex,,ch,3.29,2.0,False,,,,,wiktionary:kaikki@2026-10-03
de,Zange,f,pair of pincers,"a pair of pincers, pliers, tongs, forceps",simplex,,ge,3.29,2.0,False,,,,,wiktionary:kaikki@2026-10-03
de,Bistro,n,bistro,bistro,simplex,,ro,3.29,2.0,True,,,,,wiktionary:kaikki@2026-10-03
de,Gurt,m,strap,"strap; belt (tough band, used for purposes other than being worn around the waist)",simplex,,rt,3.29,2.0,False,,,,,wiktionary:kaikki@2026-10-03
de,Membran,f,membrane,membrane,simplex,,an,3.29,3.0,True,,,,,wiktionary:kaikki@2026-10-03
de,Kodex,m,code,code (compilation of written law),simplex,,ex,3.28,2.0,False,,,,,wiktionary:kaikki@2026-10-03
de,Raster,n,raster,raster (pattern of parallel lines that form the display of an image),simplex,,er,3.28,2.0,True,,,,,wiktionary:kaikki@2026-10-03
de,Franc,m,franc,franc (currency),simplex,,nc,3.28,1.0,True,,,,,wiktionary:kaikki@2026-10-03
de,Prämisse,f,premise,premise,simplex,,se,3.28,3.0,False,,,,,wiktionary:kaikki@2026-10-03
de,Tschernobyl,n,major nuclear catastrophe,a major nuclear catastrophe,simplex,,yl,3.28,5.0,False,,,,,wiktionary:kaikki@2026-10-03
de,Anfahrt,f,approach by car,approach by car,simplex,,rt,3.28,4.0,False,,,,,wiktionary:kaikki@2026-10-03
de,Makel,m,flaw,flaw; blemish,simplex,,el,3.28,2.0,False,,,,,wiktionary:kaikki@2026-10-03
de,Rauchmelder,m,smoke detector,smoke detector,simplex,,er,3.28,4.0,False,,,,,wiktionary:kaikki@2026-10-03
de,Taille,f,waist,"waist, waistline, midriff",simplex,,le,3.28,2.0,False,,,,,wiktionary:kaikki@2026-10-03
de,Ultimatum,n,ultimatum,ultimatum,simplex,,um,3.28,3.0,True,,,,,wiktionary:kaikki@2026-10-03
de,Trockner,m,dryer,"dryer, any appliance for drying things, e.g. a dehumidifier",simplex,,er,3.27,3.0,False,,,,,wiktionary:kaikki@2026-10-03
de,Parkinson,m,parkinson's,Parkinson's,simplex,,on,3.27,1.0,True,,,,,wiktionary:kaikki@2026-10-03
de,Omen,n,omen,omen,simplex,,en,3.27,2.0,True,,,,,wiktionary:kaikki@2026-10-03
de,Nässe,f,wetness,wetness,simplex,,se,3.27,3.0,False,,,,,wiktionary:kaikki@2026-10-03
de,Guss,m,instance noun of gießen,"instance noun of gießen: a pour, pouring",simplex,,ss,3.27,2.0,False,,,,,wiktionary:kaikki@2026-10-03
de,Kürzel,n,abbreviation,abbreviation,simplex,,el,3.27,3.0,False,,,,,wiktionary:kaikki@2026-10-03
de,Harfe,f,harp,harp,simplex,,fe,3.27,2.0,False,,,,,wiktionary:kaikki@2026-10-03
de,Pathologie,f,pathology,pathology,simplex,,ie,3.27,2.0,False,,,,,wiktionary:kaikki@2026-10-03
de,Neurologie,f,neurology,neurology (branch of medicine that deals with the nervous system and its disorders),simplex,,ie,3.27,3.0,False,,,,,wiktionary:kaikki@2026-10-03
de,Tablett,n,tray,tray (object on which things are carried),simplex,,tt,3.27,2.0,False,,,,,wiktionary:kaikki@2026-10-03
de,Passat,m,trade wind,trade wind,simplex,,at,3.27,2.0,False,,,,,wiktionary:kaikki@2026-10-03
de,Sonate,f,sonata,sonata,simplex,,te,3.27,2.0,False,,,,,wiktionary:kaikki@2026-10-03
de,Gaumen,m,palate,palate (roof of the mouth),simplex,,en,3.27,2.0,False,,,,,wiktionary:kaikki@2026-10-03
de,Hospiz,n,hospice,hospice (home for the terminally ill),simplex,,iz,3.27,2.0,False,,,,,wiktionary:kaikki@2026-10-03
de,Orgie,f,orgy,orgy,simplex,,ie,3.26,2.0,False,,,,,wiktionary:kaikki@2026-10-03
de,Granate,f,grenade,a grenade (weapon),simplex,,te,3.26,2.0,False,,,,,wiktionary:kaikki@2026-10-03
de,Abruf,m,dismissal,dismissal (a written or spoken statement of deprivation of office),simplex,,uf,3.26,2.0,False,,,,,wiktionary:kaikki@2026-10-03
de,Credo,n,creed,creed; credo,simplex,,do,3.26,2.0,False,,,,,wiktionary:kaikki@2026-10-03
de,Drogerie,f,retail store selling beauty,"a retail store selling beauty, hygiene and household related products as well as certain non-prescription medications, roughly equivalent to a drugstore/chemist",simplex,,ie,3.26,3.0,False,,,,,wiktionary:kaikki@2026-10-03
de,Adieu,n,adieu,adieu,simplex,,eu,3.26,2.0,True,,,,,wiktionary:kaikki@2026-10-03
de,Kontra,n,double,double,simplex,,ra,3.26,2.0,False,,,,,wiktionary:kaikki@2026-10-03
de,Brise,f,breeze,breeze,simplex,,se,3.26,2.0,False,,,,,wiktionary:kaikki@2026-10-03
de,Abpfiff,m,final whistle,final whistle,simplex,,ff,3.25,3.0,False,,,,,wiktionary:kaikki@2026-10-03
de,Traube,f,grape,grape,simplex,,be,3.25,2.0,False,,,,,wiktionary:kaikki@2026-10-03
de,Klinke,f,door handle,door handle,simplex,,ke,3.25,3.0,False,,,,,wiktionary:kaikki@2026-10-03
de,Zenit,m,zenith,zenith,simplex,,it,3.25,2.0,True,,,,,wiktionary:kaikki@2026-10-03
de,Karussell,n,carousel,"carousel (US), merry-go-round (UK) (amusement ride)",simplex,,ll,3.25,3.0,False,,,,,wiktionary:kaikki@2026-10-03
de,Ohm,n,ohm,ohm (unit of electrical resistance),simplex,,hm,3.25,2.0,True,,,,,wiktionary:kaikki@2026-10-03
de,Lotterie,f,lottery,lottery,simplex,,ie,3.25,3.0,False,,,,,wiktionary:kaikki@2026-10-03
de,Klerus,m,clergy,"clergy (mainly used for the Christian clergy, sometimes for the clergy of other religions)",simplex,,us,3.25,3.0,False,,,,,wiktionary:kaikki@2026-10-03
de,Mikroskop,n,microscope,microscope,simplex,,op,3.25,3.0,False,,,,,wiktionary:kaikki@2026-10-03
de,Abonnement,n,subscription,subscription,simplex,,nt,3.25,2.0,False,,,,,wiktionary:kaikki@2026-10-03
de,Klippe,f,rock that is partly covered by water,rock that is partly covered by (sea) water,simplex,,pe,3.25,3.0,False,,,,,wiktionary:kaikki@2026-10-03
de,Saxophon,n,saxophone,saxophone,simplex,,on,3.24,2.0,True,,,,,wiktionary:kaikki@2026-10-03
de,Dramaturgie,f,dramaturgy,dramaturgy,simplex,,ie,3.24,3.0,False,,,,,wiktionary:kaikki@2026-10-03
de,Kreisel,m,top,"top, spinning top (toy)",simplex,,el,3.24,2.0,False,,,,,wiktionary:kaikki@2026-10-03
de,Zeitvertreib,m,pastime,pastime,simplex,,ib,3.24,3.0,False,,,,,wiktionary:kaikki@2026-10-03
de,Sippe,f,clan,"clan, kin, (small, tight-knit) tribe",simplex,,pe,3.24,3.0,False,,,,,wiktionary:kaikki@2026-10-03
de,Mulde,f,hollow,hollow (lowered area on a surface),simplex,,de,3.24,2.0,False,,,,,wiktionary:kaikki@2026-10-03
de,Ramadan,m,ramadan,Ramadan (Islamic month),simplex,,an,3.24,1.0,True,,,,,wiktionary:kaikki@2026-10-03
de,Ammoniak,n,ammonia,ammonia,simplex,,ak,3.24,4.0,True,,,,,wiktionary:kaikki@2026-10-03
de,Karpfen,m,carp,carp,simplex,,en,3.24,3.0,False,,,,,wiktionary:kaikki@2026-10-03
de,Spaten,m,spade,spade,simplex,,en,3.24,2.0,False,,,,,wiktionary:kaikki@2026-10-03
de,Gülle,f,liquid manure,liquid manure,simplex,,le,3.24,2.0,False,,,,,wiktionary:kaikki@2026-10-03
de,Garnison,f,garrison,garrison (permanent military post),simplex,,on,3.24,2.0,False,,,,,wiktionary:kaikki@2026-10-03
de,Reck,n,horizontal bar,horizontal bar,simplex,,ck,3.23,2.0,False,,,,,wiktionary:kaikki@2026-10-03
de,Appartement,n,suite in a hotel,suite in a hotel,simplex,,nt,3.23,3.0,False,,,,,wiktionary:kaikki@2026-10-03
de,Faser,f,fibre,fibre,simplex,,er,3.23,2.0,False,,,,,wiktionary:kaikki@2026-10-03
de,Lasagne,f,lasagna,lasagna (kind of dish involving pasta),simplex,,ne,3.23,2.0,False,,,,,wiktionary:kaikki@2026-10-03
de,Beule,f,any large,"any large, roundish swelling on the body, e.g. a bump on the forehead or a bubo",simplex,,le,3.23,2.0,False,,,,,wiktionary:kaikki@2026-10-03
de,Polka,f,polka,polka (genre of dance and music),simplex,,ka,3.23,2.0,True,,,,,wiktionary:kaikki@2026-10-03
de,Gage,f,fee,fee,simplex,,ge,3.23,2.0,True,,,,,wiktionary:kaikki@2026-10-03
de,Knüppel,m,cudgel,cudgel,simplex,,el,3.23,4.0,False,,,,,wiktionary:kaikki@2026-10-03
de,Pils,n,pilsner beer,pilsner beer,simplex,,ls,3.23,2.0,False,,,,,wiktionary:kaikki@2026-10-03
de,Pädophilie,f,pedophilia,pedophilia (sexual feeling of desire directed towards children),simplex,,ie,3.23,4.0,False,,,,,wiktionary:kaikki@2026-10-03
de,Cappuccino,m,cappuccino,cappuccino (Italian coffee-based beverage made from espresso and milk; a cup of this),simplex,,no,3.23,4.0,True,,,,,wiktionary:kaikki@2026-10-03
de,Fühler,m,antenna,antenna; feeler,simplex,,er,3.23,3.0,False,,,,,wiktionary:kaikki@2026-10-03
de,Umsturz,m,overthrow,overthrow,simplex,,rz,3.23,4.0,False,,,,,wiktionary:kaikki@2026-10-03
de,Dativ,m,dative,the dative (case),simplex,,iv,3.22,2.0,True,,,,,wiktionary:kaikki@2026-10-03
de,Orthopädie,f,orthopaedics,orthopaedics,simplex,,ie,3.22,4.0,False,,,,,wiktionary:kaikki@2026-10-03
de,Symbiose,f,symbiosis,"symbiosis, mutualism",simplex,,se,3.22,4.0,False,,,,,wiktionary:kaikki@2026-10-03
de,Dämpfer,m,dampener,dampener,simplex,,er,3.22,3.0,False,,,,,wiktionary:kaikki@2026-10-03
de,Prostata,f,prostate,prostate,simplex,,ta,3.22,3.0,False,,,,,wiktionary:kaikki@2026-10-03
de,Zipfel,m,corner or peak,corner or peak,simplex,,el,3.22,2.0,False,,,,,wiktionary:kaikki@2026-10-03
de,Trichter,m,funnel,funnel,simplex,,er,3.22,3.0,False,,,,,wiktionary:kaikki@2026-10-03
de,Matsch,m,mud,mud,simplex,,ch,3.22,2.0,False,,,,,wiktionary:kaikki@2026-10-03
de,Kruste,f,crust,crust,simplex,,te,3.21,2.0,False,,,,,wiktionary:kaikki@2026-10-03
de,Vokabular,n,vocabulary,vocabulary (stock of words),simplex,,ar,3.21,4.0,False,,,,,wiktionary:kaikki@2026-10-03
de,Büchse,f,box,"box, can",simplex,,se,3.21,3.0,False,,,,,wiktionary:kaikki@2026-10-03
de,Snowboard,n,snowboard,snowboard,simplex,,rd,3.21,2.0,True,,,,,wiktionary:kaikki@2026-10-03
de,Anrecht,n,claim to a title or right,claim to a title or right,simplex,,ht,3.21,2.0,False,,,,,wiktionary:kaikki@2026-10-03
de,Bohne,f,bean,bean,simplex,,ne,3.21,2.0,False,,,,,wiktionary:kaikki@2026-10-03
de,Glitzer,m,spangle,spangle,simplex,,er,3.21,2.0,False,,,,,wiktionary:kaikki@2026-10-03
de,Substantiv,n,noun,"noun, substantive",simplex,,iv,3.21,3.0,False,,,,,wiktionary:kaikki@2026-10-03
de,Touchscreen,m,touch screen,touch screen,simplex,,en,3.21,2.0,True,,,,,wiktionary:kaikki@2026-10-03
de,Requiem,n,requiem,requiem (a mass or other ceremony to honor and remember a dead person),simplex,,em,3.21,3.0,True,,,,,wiktionary:kaikki@2026-10-03
de,Malz,n,malt,malt,simplex,,lz,3.21,2.0,False,,,,,wiktionary:kaikki@2026-10-03
de,Feuerlöscher,m,fire extinguisher,fire extinguisher,simplex,,er,3.21,4.0,False,,,,,wiktionary:kaikki@2026-10-03
de,Fundus,m,pool,pool (supply of resources),simplex,,us,3.21,2.0,False,,,,,wiktionary:kaikki@2026-10-03
de,Trubel,m,turbulence,"turbulence, confusion, hubbub",simplex,,el,3.21,3.0,False,,,,,wiktionary:kaikki@2026-10-03
de,Revolte,f,revolt,revolt,simplex,,te,3.2,3.0,True,,,,,wiktionary:kaikki@2026-10-03
de,Übereinkunft,f,agreement,"agreement, accord",simplex,,ft,3.2,4.0,False,,,,,wiktionary:kaikki@2026-10-03
de,Bestie,f,wild and very dangerous animal,"a wild and very dangerous animal, a beast, monster",simplex,,ie,3.2,2.0,False,,,,,wiktionary:kaikki@2026-10-03
de,Narrativ,n,narrative,narrative (representation of an event or story in a way to promote a certain point of view),simplex,,iv,3.2,2.0,True,,,,,wiktionary:kaikki@2026-10-03
de,Doktrin,f,doctrine,doctrine,simplex,,in,3.2,3.0,False,,,,,wiktionary:kaikki@2026-10-03
de,Giebel,m,gable,gable,simplex,,el,3.2,3.0,False,,,,,wiktionary:kaikki@2026-10-03
de,Epilepsie,f,epilepsy,epilepsy,simplex,,ie,3.2,4.0,False,,,,,wiktionary:kaikki@2026-10-03
de,Pacht,f,lease,lease,simplex,,ht,3.2,2.0,False,,,,,wiktionary:kaikki@2026-10-03
de,Vokal,m,vowel,vowel,simplex,,al,3.2,3.0,False,,,,,wiktionary:kaikki@2026-10-03
de,Meute,f,pack of animals,"a pack of animals, especially hunting dogs",simplex,,te,3.2,2.0,False,,,,,wiktionary:kaikki@2026-10-03
de,Shisha,f,shisha,"shisha, hookah (pipe with a long flexible tube that draws the smoke through water)",simplex,,ha,3.2,2.0,True,,,,,wiktionary:kaikki@2026-10-03
de,Lagune,f,lagoon,lagoon,simplex,,ne,3.19,2.0,False,,,,,wiktionary:kaikki@2026-10-03
de,Kirsche,f,cherry,cherry,simplex,,he,3.19,3.0,False,,,,,wiktionary:kaikki@2026-10-03
de,Marionette,f,marionette,"marionette, puppet (puppet which is animated by the pulling of strings)",simplex,,te,3.19,2.0,True,,,,,wiktionary:kaikki@2026-10-03
de,Narkose,f,general anesthesia,general anesthesia,simplex,,se,3.19,3.0,False,,,,,wiktionary:kaikki@2026-10-03
de,Zopf,m,plait,"plait; pigtail; ponytail (any long bundle of hair, braided or not)",simplex,,pf,3.19,3.0,False,,,,,wiktionary:kaikki@2026-10-03
de,Ahorn,m,maple acer,A maple Acer; the common tree,simplex,,rn,3.19,2.0,False,,,,,wiktionary:kaikki@2026-10-03
de,Karat,n,carat,carat,simplex,,at,3.19,2.0,False,,,,,wiktionary:kaikki@2026-10-03
de,Quarz,m,quartz,quartz,simplex,,rz,3.19,2.0,True,,,,,wiktionary:kaikki@2026-10-03
de,Imperativ,m,imperative,imperative (verbal mood),simplex,,iv,3.19,2.0,True,,,,,wiktionary:kaikki@2026-10-03
de,Manko,n,shortcoming,"shortcoming, deficiency",simplex,,ko,3.19,2.0,False,,,,,wiktionary:kaikki@2026-10-03
de,Terminologie,f,terminology,terminology,simplex,,ie,3.19,2.0,False,,,,,wiktionary:kaikki@2026-10-03
de,Fiskus,m,treasury,"treasury, exchequer",simplex,,us,3.19,3.0,False,,,,,wiktionary:kaikki@2026-10-03
de,Säbel,m,sabre,sabre,simplex,,el,3.19,3.0,False,,,,,wiktionary:kaikki@2026-10-03
de,Parcours,m,course,course,simplex,,rs,3.19,3.0,False,,,,,wiktionary:kaikki@2026-10-03
de,Revanche,f,payback,"payback, revenge (generally playful or in minor matters, unlike Rache)",simplex,,he,3.19,2.0,False,,,,,wiktionary:kaikki@2026-10-03
de,Frachter,m,freight ship,freight ship,simplex,,er,3.19,3.0,False,,,,,wiktionary:kaikki@2026-10-03
de,Tapete,f,wallpaper,wallpaper (paper-like covering applied to interior walls),simplex,,te,3.18,2.0,False,,,,,wiktionary:kaikki@2026-10-03
de,Sakrament,n,sacrament,sacrament,simplex,,nt,3.18,3.0,False,,,,,wiktionary:kaikki@2026-10-03
de,Krümel,m,crumb,"crumb (small broken-off piece, particularly of bread)",simplex,,el,3.18,3.0,False,,,,,wiktionary:kaikki@2026-10-03
de,Almosen,n,alms,alms,simplex,,en,3.18,3.0,False,,,,,wiktionary:kaikki@2026-10-03
de,Operette,f,operetta,operetta,simplex,,te,3.18,2.0,False,,,,,wiktionary:kaikki@2026-10-03
de,Waffel,f,waffle,"waffle, wafer",simplex,,el,3.18,3.0,False,,,,,wiktionary:kaikki@2026-10-03
de,Molekül,n,molecule,molecule,simplex,,ül,3.18,4.0,False,,,,,wiktionary:kaikki@2026-10-03
de,Fastfood,n,fast food,fast food,simplex,,od,3.18,2.0,True,,,,,wiktionary:kaikki@2026-10-03
de,Plantage,f,plantation,plantation,simplex,,ge,3.18,2.0,False,,,,,wiktionary:kaikki@2026-10-03
de,Magenta,n,magenta,magenta (color),simplex,,ta,3.18,2.0,True,,,,,wiktionary:kaikki@2026-10-03
de,Ouvertüre,f,overture,overture,simplex,,re,3.17,4.0,True,,,,,wiktionary:kaikki@2026-10-03
de,Makro,n,macro,macro,simplex,,ro,3.17,2.0,False,,,,,wiktionary:kaikki@2026-10-03
de,Fuge,f,joint,joint (of bricks/tiles),simplex,,ge,3.17,2.0,False,,,,,wiktionary:kaikki@2026-10-03
de,Unkenntnis,f,ignorance,ignorance,simplex,,is,3.17,4.0,False,,,,,wiktionary:kaikki@2026-10-03
de,Truhe,f,chest,chest (large box with a hinged lid),simplex,,he,3.17,2.0,False,,,,,wiktionary:kaikki@2026-10-03
de,Anbeginn,m,beginning,beginning,simplex,,nn,3.17,3.0,False,,,,,wiktionary:kaikki@2026-10-03
de,Anästhesie,f,anesthesia,anesthesia,simplex,,ie,3.17,5.0,False,,,,,wiktionary:kaikki@2026-10-03
de,Mär,f,often repeated untruth,"an often repeated untruth, a fable, a false narrative",simplex,,är,3.17,1.0,False,,,,,wiktionary:kaikki@2026-10-03
de,Amnestie,f,amnesty,amnesty,simplex,,ie,3.17,3.0,False,,,,,wiktionary:kaikki@2026-10-03
de,Strudel,m,swirl,"swirl, maelstrom, vortex",simplex,,el,3.17,3.0,False,,,,,wiktionary:kaikki@2026-10-03
de,Zehner,m,ten,"ten (the number, or something having a value of ten)",simplex,,er,3.17,3.0,False,,,,,wiktionary:kaikki@2026-10-03
de,Dreher,m,agent noun of drehen,agent noun of drehen; turner,simplex,,er,3.17,2.0,False,,,,,wiktionary:kaikki@2026-10-03
de,Ölgemälde,n,oil painting,oil painting,simplex,,de,3.17,5.0,False,,,,,wiktionary:kaikki@2026-10-03
de,Ärgernis,n,nuisance,"nuisance, annoyance",simplex,,is,3.17,4.0,False,,,,,wiktionary:kaikki@2026-10-03
de,Dunst,m,haze,"haze, mist",simplex,,st,3.17,2.0,False,,,,,wiktionary:kaikki@2026-10-03
de,Blinker,m,indicator,"indicator (UK, Australia, New Zealand), turn signal (US), blinker (informal, US), direction indicator",simplex,,er,3.17,2.0,False,,,,,wiktionary:kaikki@2026-10-03
de,Überbleibsel,n,remnant,"remnant, relic, relict",simplex,,el,3.17,4.0,False,,,,,wiktionary:kaikki@2026-10-03
de,Konsortium,n,consortium,consortium,simplex,,um,3.17,4.0,True,,,,,wiktionary:kaikki@2026-10-03
de,Anmut,f,grace,"grace (elegant movement, poise or balance)",simplex,,ut,3.16,2.0,False,,,,,wiktionary:kaikki@2026-10-03
de,Syphilis,f,syphilis,syphilis (sexually transmitted disease),simplex,,is,3.16,3.0,True,,,,,wiktionary:kaikki@2026-10-03
de,Garn,n,yarn,"yarn: a thread, typically in a ball/skein or on a spool; (often) such balls and/or spools collectively",simplex,,rn,3.16,1.0,False,,,,,wiktionary:kaikki@2026-10-03
de,Waggon,m,railway wagon,"railway wagon, railroad car",simplex,,on,3.16,2.0,False,,,,,wiktionary:kaikki@2026-10-03
de,Maggi,n,dark,"a dark, soy sauce-type hydrolysed vegetable protein-based condiment sauce",simplex,,gi,3.16,2.0,False,,,,,wiktionary:kaikki@2026-10-03
de,Fehde,f,feud,feud,simplex,,de,3.16,3.0,False,,,,,wiktionary:kaikki@2026-10-03
de,Stachel,m,spike,"spike, sting, barb, prick",simplex,,el,3.16,2.0,False,,,,,wiktionary:kaikki@2026-10-03
de,Prophylaxe,f,prophylaxis,prophylaxis,simplex,,xe,3.16,4.0,False,,,,,wiktionary:kaikki@2026-10-03
de,Sirup,m,syrup,"syrup (viscous, sweet liquid or semiliquid)",simplex,,up,3.15,2.0,False,,,,,wiktionary:kaikki@2026-10-03
de,Zaum,m,bridle,bridle (headgear to steer a horse),simplex,,um,3.15,2.0,False,,,,,wiktionary:kaikki@2026-10-03
de,Ansporn,m,incentive,"incentive, stimulus, something that spurs on",simplex,,rn,3.15,3.0,False,,,,,wiktionary:kaikki@2026-10-03
de,Zoologie,f,zoology,zoology,simplex,,ie,3.15,2.0,False,,,,,wiktionary:kaikki@2026-10-03
de,Offerte,f,offer,"offer, proposition",simplex,,te,3.15,2.0,False,,,,,wiktionary:kaikki@2026-10-03
de,Fiasko,n,fiasco,fiasco,simplex,,ko,3.15,3.0,False,,,,,wiktionary:kaikki@2026-10-03
de,Pfahl,m,stake,"stake, picket, pale",simplex,,hl,3.14,2.0,False,,,,,wiktionary:kaikki@2026-10-03
de,Gulasch,n,goulash,goulash,simplex,,ch,3.14,3.0,False,,,,,wiktionary:kaikki@2026-10-03
de,Galle,f,bile,"bile, gall",simplex,,le,3.14,2.0,False,,,,,wiktionary:kaikki@2026-10-03
de,Kalifat,n,caliphate,caliphate,simplex,,at,3.14,3.0,False,,,,,wiktionary:kaikki@2026-10-03
de,Karo,n,rhombus,"rhombus, check, chequer, square",simplex,,ro,3.14,2.0,False,,,,,wiktionary:kaikki@2026-10-03
de,Altertum,n,antiquity,antiquity,simplex,,um,3.14,3.0,False,,,,,wiktionary:kaikki@2026-10-03
de,Aquarell,n,watercolour,watercolour,simplex,,ll,3.14,3.0,False,,,,,wiktionary:kaikki@2026-10-03
de,Sud,m,broth,"broth, stock, brew (liquid that remains after cooking, boiling)",simplex,,ud,3.14,1.0,False,,,,,wiktionary:kaikki@2026-10-03
de,Tuba,f,tuba,tuba (wind instrument),simplex,,ba,3.14,2.0,True,,,,,wiktionary:kaikki@2026-10-03
de,Paradoxon,n,paradox,paradox,simplex,,on,3.14,3.0,False,,,,,wiktionary:kaikki@2026-10-03
de,Habitus,m,habitus,"habitus, disposition, bearing",simplex,,us,3.14,2.0,True,,,,,wiktionary:kaikki@2026-10-03
de,Spule,f,spool,spool,simplex,,le,3.14,2.0,False,,,,,wiktionary:kaikki@2026-10-03
de,Sanatorium,n,sanatorium,"sanatorium, sanitorium, sanitarium",simplex,,um,3.14,2.0,True,,,,,wiktionary:kaikki@2026-10-03
de,Meteorologie,f,meteorology,meteorology,simplex,,ie,3.13,2.0,False,,,,,wiktionary:kaikki@2026-10-03
de,Vitrine,f,display case,"display case, display cabinet, vitrine",simplex,,ne,3.13,3.0,False,,,,,wiktionary:kaikki@2026-10-03
de,Resümee,n,summary,summary,simplex,,ee,3.13,3.0,False,,,,,wiktionary:kaikki@2026-10-03
de,Vehikel,n,vehicle,vehicle (medium for expression of talent or views),simplex,,el,3.13,3.0,False,,,,,wiktionary:kaikki@2026-10-03
de,Ablage,f,filing,filing,simplex,,ge,3.13,3.0,False,,,,,wiktionary:kaikki@2026-10-03
de,Rippe,f,rib,rib,simplex,,pe,3.13,2.0,False,,,,,wiktionary:kaikki@2026-10-03
de,Domizil,n,domicile,domicile,simplex,,il,3.13,3.0,False,,,,,wiktionary:kaikki@2026-10-03
de,Proviant,m,provisions,provisions,simplex,,nt,3.13,2.0,False,,,,,wiktionary:kaikki@2026-10-03
de,Relikt,n,relic,relic,simplex,,kt,3.13,2.0,False,,,,,wiktionary:kaikki@2026-10-03
de,Grotte,f,grotto,grotto,simplex,,te,3.13,3.0,False,,,,,wiktionary:kaikki@2026-10-03
de,Grazie,f,grace,"grace (elegant movement, poise or balance)",simplex,,ie,3.13,2.0,False,,,,,wiktionary:kaikki@2026-10-03
de,Börde,f,fertile plain,fertile plain (usually one within the North European Plain),simplex,,de,3.12,3.0,False,,,,,wiktionary:kaikki@2026-10-03
de,Pharmazie,f,pharmacy,pharmacy (branch of medicine),simplex,,ie,3.12,3.0,False,,,,,wiktionary:kaikki@2026-10-03
de,Rosette,f,rosette,"rosette, a shape like that of a rose",simplex,,te,3.12,2.0,True,,,,,wiktionary:kaikki@2026-10-03
de,Ausrutscher,m,slip,slip (An act or instance of slipping on a slippery surface.),simplex,,er,3.12,4.0,False,,,,,wiktionary:kaikki@2026-10-03
de,Euthanasie,f,euthanasia,"euthanasia (the practice of intentionally and painlessly killing a human being or animal for humane reasons, especially in order to end great suffering or poor quality of life)",simplex,,ie,3.12,4.0,True,,,,,wiktionary:kaikki@2026-10-03
de,Anthologie,f,anthology,anthology,simplex,,ie,3.12,2.0,False,,,,,wiktionary:kaikki@2026-10-03
de,Ritus,m,rite,rite (religious custom),simplex,,us,3.12,2.0,False,,,,,wiktionary:kaikki@2026-10-03
de,Asbest,m,asbestos,asbestos,simplex,,st,3.12,2.0,False,,,,,wiktionary:kaikki@2026-10-03
de,Konjunktiv,m,subjunctive mood,subjunctive mood; conjunctive mode,simplex,,iv,3.12,4.0,False,,,,,wiktionary:kaikki@2026-10-03
de,Mörtel,m,mortar,mortar,simplex,,el,3.12,3.0,False,,,,,wiktionary:kaikki@2026-10-03
de,Skrupel,m,scruple,"scruple, qualm (moral hesitation)",simplex,,el,3.12,3.0,False,,,,,wiktionary:kaikki@2026-10-03
de,Gynäkologie,f,gynecology,gynecology (no plural),simplex,,ie,3.12,5.0,False,,,,,wiktionary:kaikki@2026-10-03
de,Abschrift,f,transcript,transcript,simplex,,ft,3.12,2.0,False,,,,,wiktionary:kaikki@2026-10-03
de,Drücker,m,door handle,door handle,simplex,,er,3.11,3.0,False,,,,,wiktionary:kaikki@2026-10-03
de,Sichel,f,sickle,sickle,simplex,,el,3.11,2.0,False,,,,,wiktionary:kaikki@2026-10-03
de,Minze,f,mint,mint (genus Mentha),simplex,,ze,3.11,2.0,False,,,,,wiktionary:kaikki@2026-10-03
de,Pflug,m,plough,"plough, plow",simplex,,ug,3.11,3.0,False,,,,,wiktionary:kaikki@2026-10-03
de,Taverne,f,mediterranean wine bar and/or simple restaurant,"a Mediterranean wine bar and/or simple restaurant, especially an Italian or Greek one; a taverna",simplex,,ne,3.11,3.0,False,,,,,wiktionary:kaikki@2026-10-03
de,Margarine,f,margarine,margarine,simplex,,ne,3.11,2.0,True,,,,,wiktionary:kaikki@2026-10-03
de,Punsch,m,punch,punch (beverage),simplex,,ch,3.11,2.0,True,,,,,wiktionary:kaikki@2026-10-03
de,Kaviar,m,caviar,caviar,simplex,,ar,3.11,3.0,False,,,,,wiktionary:kaikki@2026-10-03
de,Galaxis,f,galaxy,Galaxy (especially our Milky Way galaxy),simplex,,is,3.11,2.0,False,,,,,wiktionary:kaikki@2026-10-03
de,Onkologie,f,oncology,oncology (branch of medicine),simplex,,ie,3.11,3.0,False,,,,,wiktionary:kaikki@2026-10-03
de,Speichel,m,saliva,saliva,simplex,,el,3.1,2.0,False,,,,,wiktionary:kaikki@2026-10-03
de,Walz,f,journeyman years,journeyman years (time spent as a journeyman craftsman),simplex,,lz,3.1,2.0,False,,,,,wiktionary:kaikki@2026-10-03
de,Äther,m,ether,ether (all senses),simplex,,er,3.1,2.0,False,,,,,wiktionary:kaikki@2026-10-03
de,Akkord,m,chord,chord,simplex,,rd,3.1,3.0,False,,,,,wiktionary:kaikki@2026-10-03
de,Demografie,f,demography,demography (study of human populations),simplex,,ie,3.1,3.0,False,,,,,wiktionary:kaikki@2026-10-03
de,Prisma,n,prism,prism,simplex,,ma,3.1,2.0,True,,,,,wiktionary:kaikki@2026-10-03
de,Diskus,m,discus,discus (round plate-like object for throwing),simplex,,us,3.1,2.0,False,,,,,wiktionary:kaikki@2026-10-03
de,Scheitel,m,parting,parting,simplex,,el,3.1,2.0,False,,,,,wiktionary:kaikki@2026-10-03
de,Dutt,m,chignon,"chignon, bun (hairstyle)",simplex,,tt,3.1,2.0,False,,,,,wiktionary:kaikki@2026-10-03
de,Kurie,f,curia,Curia,simplex,,ie,3.1,2.0,False,,,,,wiktionary:kaikki@2026-10-03
de,Gral,m,grail,"grail (holy, miraculous object, especially a cup)",simplex,,al,3.1,2.0,False,,,,,wiktionary:kaikki@2026-10-03
de,Morphologie,f,morphology,morphology (a scientific study of form and structure),simplex,,ie,3.09,2.0,False,,,,,wiktionary:kaikki@2026-10-03
de,Ungeduld,f,impatience,impatience (quality of being impatient),simplex,,ld,3.09,3.0,False,,,,,wiktionary:kaikki@2026-10-03
de,Knigge,m,any guideline on good etiquette,"Any guideline on good etiquette, not necessarily written.",simplex,,ge,3.09,3.0,False,,,,,wiktionary:kaikki@2026-10-03
de,Macke,f,quirk,quirk (odd behaviour of someone),simplex,,ke,3.09,2.0,False,,,,,wiktionary:kaikki@2026-10-03
de,Rübe,f,cover term for a variety of root vegetables including,a cover term for a variety of root vegetables including:,simplex,,be,3.09,3.0,False,,,,,wiktionary:kaikki@2026-10-03
de,Demontage,f,dismantling,dismantling,simplex,,ge,3.09,3.0,False,,,,,wiktionary:kaikki@2026-10-03
de,Bankett,n,banquet,banquet (meal),simplex,,tt,3.09,2.0,False,,,,,wiktionary:kaikki@2026-10-03
de,Füller,m,fountain pen,fountain pen (pen containing a reservoir of ink fed to a writing nib),simplex,,er,3.09,3.0,False,,,,,wiktionary:kaikki@2026-10-03
de,Umriss,m,outline,outline (line marking the boundary of an object figure),simplex,,ss,3.09,3.0,False,,,,,wiktionary:kaikki@2026-10-03
de,Umhang,m,cloak,"cloak, cape",simplex,,ng,3.09,2.0,False,,,,,wiktionary:kaikki@2026-10-03
de,Symmetrie,f,symmetry,symmetry,simplex,,ie,3.09,3.0,False,,,,,wiktionary:kaikki@2026-10-03
de,Korsett,n,corset,corset,simplex,,tt,3.09,2.0,False,wordnet:undergarment.n.01,,,,wiktionary:kaikki@2026-10-03
de,Gondel,f,gondola,gondola,simplex,,el,3.08,3.0,False,,,,,wiktionary:kaikki@2026-10-03
de,Ethnologie,f,ethnology,ethnology (branch of anthropology),simplex,,ie,3.08,3.0,False,,,,,wiktionary:kaikki@2026-10-03
de,Basar,m,bazaar,bazaar,simplex,,ar,3.08,2.0,False,,,,,wiktionary:kaikki@2026-10-03
de,Mem,n,meme,"meme (in the sense of ""unit of [cultural] information""; otherwise Meme)",simplex,,em,3.08,1.0,False,,,,,wiktionary:kaikki@2026-10-03
de,Rollo,n,roller blind,roller blind,simplex,,lo,3.08,2.0,False,,,,,wiktionary:kaikki@2026-10-03
de,Mofa,n,moped,moped,simplex,,fa,3.08,3.0,False,,,,,wiktionary:kaikki@2026-10-03
de,Glossar,n,glossary,glossary,simplex,,ar,3.08,2.0,True,,,,,wiktionary:kaikki@2026-10-03
de,Passus,m,passage,passage (section of text or music),simplex,,us,3.07,2.0,False,,,,,wiktionary:kaikki@2026-10-03
de,Abhang,m,slope,"slope, incline",simplex,,ng,3.07,2.0,False,,,,,wiktionary:kaikki@2026-10-03
de,Kleinod,n,jewel,jewel (anything considered precious or valuable),simplex,,od,3.07,2.0,False,wordnet:jewelry.n.01,,,,wiktionary:kaikki@2026-10-03
de,Spanner,m,agent noun of spannen,agent noun of spannen,simplex,,er,3.07,2.0,False,,,,,wiktionary:kaikki@2026-10-03
de,Schippe,f,shovel,shovel,simplex,,pe,3.07,3.0,False,,,,,wiktionary:kaikki@2026-10-03
de,Snooker,n,snooker,snooker (game),simplex,,er,3.07,3.0,True,,,,,wiktionary:kaikki@2026-10-03
de,Diskothek,f,discotheque,"discotheque, nightclub",simplex,,ek,3.07,3.0,False,,,,,wiktionary:kaikki@2026-10-03
de,Flamenco,m,flamenco,flamenco (Spanish dance),simplex,,co,3.07,2.0,True,,,,,wiktionary:kaikki@2026-10-03
de,Adipositas,f,obesity,"obesity, adiposity",simplex,,as,3.07,4.0,False,,,,,wiktionary:kaikki@2026-10-03
de,Pornografie,f,pornography,pornography,simplex,,ie,3.07,3.0,False,,,,,wiktionary:kaikki@2026-10-03
de,Gulag,m,gulag,gulag,simplex,,ag,3.07,2.0,True,,,,,wiktionary:kaikki@2026-10-03
de,Spritzer,m,splash,"splash, spatter",simplex,,er,3.06,2.0,False,,,,,wiktionary:kaikki@2026-10-03
de,Kautschuk,m,rubber,"rubber, caoutchouc",simplex,,uk,3.06,4.0,False,,,,,wiktionary:kaikki@2026-10-03
de,Maaß,n,former spelling of maß which is no longer standard,Former spelling of Maß which is no longer standard.,simplex,,aß,3.06,3.0,False,,,,,wiktionary:kaikki@2026-10-03
de,Konservatorium,n,conservatory,conservatory,simplex,,um,3.05,4.0,False,,,,,wiktionary:kaikki@2026-10-03
de,Karawane,f,caravan,"caravan (convoy of travellers, especially on camels)",simplex,,ne,3.05,3.0,False,,,,,wiktionary:kaikki@2026-10-03
de,Rasierer,m,agent noun of rasieren,agent noun of rasieren,simplex,,er,3.05,3.0,False,,,,,wiktionary:kaikki@2026-10-03
de,Nektar,m,nectar,nectar,simplex,,ar,3.05,3.0,False,,,,,wiktionary:kaikki@2026-10-03
de,Flinte,f,shotgun,shotgun,simplex,,te,3.05,2.0,False,,,,,wiktionary:kaikki@2026-10-03
de,Riege,f,gymnastics team,gymnastics team,simplex,,ge,3.05,3.0,False,,,,,wiktionary:kaikki@2026-10-03
de,Kelle,f,ladle,ladle (kitchen utensil),simplex,,le,3.05,2.0,False,,,,,wiktionary:kaikki@2026-10-03
de,Unzucht,f,fornication,fornication; adultery; lewdness; promiscuity (any sexual behaviour considered immoral or forbidden),simplex,,ht,3.05,3.0,False,,,,,wiktionary:kaikki@2026-10-03
de,Patrouille,f,patrol,patrol,simplex,,le,3.05,3.0,False,,,,,wiktionary:kaikki@2026-10-03
de,Mineralogie,f,mineralogy,mineralogy,simplex,,ie,3.05,2.0,False,,,,,wiktionary:kaikki@2026-10-03
de,Oboe,f,oboe,oboe,simplex,,oe,3.05,3.0,True,,,,,wiktionary:kaikki@2026-10-03
de,Knauf,m,knob,"knob, doorknob, stud",simplex,,uf,3.05,3.0,False,,,,,wiktionary:kaikki@2026-10-03
de,Schmelz,m,enamel,enamel,simplex,,lz,3.05,3.0,False,,,,,wiktionary:kaikki@2026-10-03
de,Horoskop,n,horoscope,horoscope,simplex,,op,3.05,3.0,False,,,,,wiktionary:kaikki@2026-10-03
de,Kerbe,f,dent,"dent, groove, nick, notch",simplex,,be,3.05,2.0,False,,,,,wiktionary:kaikki@2026-10-03
de,Limes,m,limit,limit,simplex,,es,3.05,2.0,False,,,,,wiktionary:kaikki@2026-10-03
de,Kardiologie,f,cardiology,cardiology,simplex,,ie,3.04,3.0,False,,,,,wiktionary:kaikki@2026-10-03
de,Knarre,f,ratchet,"ratchet, gragger, noisemaker",simplex,,re,3.04,3.0,False,,,,,wiktionary:kaikki@2026-10-03
de,Kübel,m,fairly tall tub or bucket,"a fairly tall tub or bucket, especially one with two handles on the sides (rather than a pail)",simplex,,el,3.04,2.0,False,,,,,wiktionary:kaikki@2026-10-03
de,Raffinerie,f,refinery,refinery,simplex,,ie,3.04,4.0,False,,,,,wiktionary:kaikki@2026-10-03
de,Visite,f,visit,visit,simplex,,te,3.04,2.0,True,,,,,wiktionary:kaikki@2026-10-03
de,Wagnis,n,risky adventure,risky adventure,simplex,,is,3.04,3.0,False,,,,,wiktionary:kaikki@2026-10-03
de,Intrige,f,intrigue,"intrigue, plot",simplex,,ge,3.04,2.0,True,,,,,wiktionary:kaikki@2026-10-03
de,Kasino,n,casino,casino,simplex,,no,3.04,2.0,False,,,,,wiktionary:kaikki@2026-10-03
de,Telefonie,f,telephony,telephony,simplex,,ie,3.04,2.0,False,,,,,wiktionary:kaikki@2026-10-03
de,Anrufbeantworter,m,answering machine,answering machine,simplex,,er,3.04,6.0,False,,,,,wiktionary:kaikki@2026-10-03
de,Fünfer,m,fiver,"fiver, banknote with the value of five (e.g. five euro)",simplex,,er,3.04,3.0,False,,,,,wiktionary:kaikki@2026-10-03
de,Kolloquium,n,colloquium,colloquium (academic meeting),simplex,,um,3.04,4.0,True,,,,,wiktionary:kaikki@2026-10-03
de,Dialyse,f,dialysis,dialysis,simplex,,se,3.04,3.0,False,,,,,wiktionary:kaikki@2026-10-03
de,Typhus,m,typhoid fever,"typhoid fever, abdominal typhus (disease)",simplex,,us,3.03,3.0,False,,,,,wiktionary:kaikki@2026-10-03
de,Elektron,n,electron,electron,simplex,,on,3.03,3.0,False,,,,,wiktionary:kaikki@2026-10-03
de,Trias,f,trinity,"trinity, triad (grouping of three)",simplex,,as,3.03,2.0,False,,,,,wiktionary:kaikki@2026-10-03
de,Plattenspieler,m,record player,record player,simplex,,er,3.03,4.0,False,,,,,wiktionary:kaikki@2026-10-03
de,Kiesel,m,pebble,pebble,simplex,,el,3.03,2.0,False,,,,,wiktionary:kaikki@2026-10-03
de,Krapfen,m,fritter,fritter,simplex,,en,3.03,3.0,False,,,,,wiktionary:kaikki@2026-10-03
de,Hotellerie,f,hotel industry,hotel industry,simplex,,ie,3.03,3.0,False,,,,,wiktionary:kaikki@2026-10-03
de,Stativ,n,tripod,tripod,simplex,,iv,3.03,2.0,False,,,,,wiktionary:kaikki@2026-10-03
de,Attitüde,f,attitude,attitude,simplex,,de,3.03,4.0,True,,,,,wiktionary:kaikki@2026-10-03
de,Torf,m,peat,peat,simplex,,rf,3.03,2.0,False,,,,,wiktionary:kaikki@2026-10-03
de,Faktum,n,fact,fact (something concrete used as a basis for further interpretation),simplex,,um,3.03,3.0,False,,,,,wiktionary:kaikki@2026-10-03
de,Galopp,m,gallop,gallop,simplex,,pp,3.02,2.0,False,,,,,wiktionary:kaikki@2026-10-03
de,Nabel,m,navel,navel; bellybutton,simplex,,el,3.02,2.0,False,,,,,wiktionary:kaikki@2026-10-03
de,Tumult,m,tumult,"tumult, ruckus, row",simplex,,lt,3.02,3.0,True,,,,,wiktionary:kaikki@2026-10-03
de,Gleichnis,n,parable,parable (story meant to illustrate a point),simplex,,is,3.02,3.0,False,,,,,wiktionary:kaikki@2026-10-03
de,Affekt,m,affect,affect (strong emotional experience),simplex,,kt,3.02,2.0,False,,,,,wiktionary:kaikki@2026-10-03
de,Baracke,f,shack,"shack, barrack",simplex,,ke,3.02,2.0,False,,,,,wiktionary:kaikki@2026-10-03
de,Medaillon,n,medallion,"medallion, locket (a metallic pendant to store a small item)",simplex,,on,3.02,3.0,False,,,,,wiktionary:kaikki@2026-10-03
de,Likör,m,liqueur,liqueur,simplex,,ör,3.02,2.0,False,,,,,wiktionary:kaikki@2026-10-03
de,Fabel,f,fable,fable,simplex,,el,3.02,2.0,False,,,,,wiktionary:kaikki@2026-10-03
de,Rheuma,n,rheumatism,rheumatism,simplex,,ma,3.02,2.0,False,,,,,wiktionary:kaikki@2026-10-03
de,Kaschmir,m,cashmere,cashmere (wool),simplex,,ir,3.02,3.0,False,,,,,wiktionary:kaikki@2026-10-03
de,Salto,m,somersault,somersault,simplex,,to,3.02,2.0,False,,,,,wiktionary:kaikki@2026-10-03
de,Faible,n,soft spot,"soft spot, weakness, craze (for something or someone)",simplex,,le,3.01,2.0,False,,,,,wiktionary:kaikki@2026-10-03
de,Vlies,n,fleece,"fleece (wool of a sheep or similar animal, with or without the skin)",simplex,,es,3.01,2.0,False,,,,,wiktionary:kaikki@2026-10-03
de,Kloß,m,thickish lump,thickish lump,simplex,,oß,3.01,2.0,False,,,,,wiktionary:kaikki@2026-10-03
de,Leuchter,m,candlestick,"candlestick, sconce",simplex,,er,3.01,3.0,False,,,,,wiktionary:kaikki@2026-10-03
de,Karotte,f,carrot,carrot,simplex,,te,3.01,2.0,False,,,,,wiktionary:kaikki@2026-10-03
de,Zuschnitt,m,cutting,"cutting, cut",simplex,,tt,3.01,2.0,False,,,,,wiktionary:kaikki@2026-10-03
de,Parabel,f,parable,parable,simplex,,el,3.01,2.0,False,,,,,wiktionary:kaikki@2026-10-03
de,Watte,f,cotton wool,cotton wool,simplex,,te,3.01,2.0,False,,,,,wiktionary:kaikki@2026-10-03
de,Widerstandskämpfer,m,resistor,"resistor, (person who fights to resist against something)",simplex,,er,3.01,6.0,False,,,,,wiktionary:kaikki@2026-10-03
de,Wasserkocher,m,electric kettle,electric kettle,simplex,,er,3.01,4.0,False,,,,,wiktionary:kaikki@2026-10-03
de,Zufluss,m,inflow,"inflow, influx",simplex,,ss,3.01,3.0,False,,,,,wiktionary:kaikki@2026-10-03
de,Autopsie,f,autopsy,autopsy (post-mortem examination involving dissection of the body),simplex,,ie,3.01,3.0,False,,,,,wiktionary:kaikki@2026-10-03
de,Hegemonie,f,hegemony,hegemony,simplex,,ie,3.01,3.0,False,,,,,wiktionary:kaikki@2026-10-03
de,Frack,m,tailcoat,tailcoat,simplex,,ck,3.01,2.0,False,,,,,wiktionary:kaikki@2026-10-03
de,Mörser,m,mortar,mortar (vessel for crushing),simplex,,er,3.01,3.0,False,,,,,wiktionary:kaikki@2026-10-03
de,Ökumene,f,ecumenism,ecumenism,simplex,,ne,3.01,4.0,False,,,,,wiktionary:kaikki@2026-10-03
de,Korken,m,cork,"cork (bottle stopper, usually but not necessarily made of cork)",simplex,,en,3.01,3.0,False,,,,,wiktionary:kaikki@2026-10-03
de,Paradigma,n,paradigm,paradigm,simplex,,ma,3.0,2.0,True,,,,,wiktionary:kaikki@2026-10-03
de,Blasphemie,f,blasphemy,blasphemy,simplex,,ie,3.0,4.0,False,,,,,wiktionary:kaikki@2026-10-03
de,Flor,m,nap,"nap, pile (kind of textile)",simplex,,or,3.0,1.0,False,,,,,wiktionary:kaikki@2026-10-03
de,Esche,f,ash,ash (tree),simplex,,he,3.0,2.0,False,,,,,wiktionary:kaikki@2026-10-03
de,Karies,f,caries,caries,simplex,,es,3.0,2.0,False,,,,,wiktionary:kaikki@2026-10-03
de,Papyrus,m,papyrus,papyrus (a plant in the sedge family),simplex,,us,3.0,2.0,True,,,,,wiktionary:kaikki@2026-10-03
de,Affront,m,affront,affront,simplex,,nt,3.0,2.0,True,,,,,wiktionary:kaikki@2026-10-03
de,Saite,f,string,string (of a musical stringed instrument),simplex,,te,3.0,2.0,False,,,,,wiktionary:kaikki@2026-10-03
de,Prozedere,n,procedure,procedure,simplex,,re,3.0,3.0,False,,,,,wiktionary:kaikki@2026-10-03
de,Etymologie,f,etymology,etymology,simplex,,ie,3.0,3.0,False,,,,,wiktionary:kaikki@2026-10-03
de,Planetarium,n,planetarium,planetarium,simplex,,um,3.0,2.0,True,,,,,wiktionary:kaikki@2026-10-03
de,Intermezzo,n,intermezzo,intermezzo,simplex,,zo,3.0,3.0,True,,,,,wiktionary:kaikki@2026-10-03
de,Runge,f,stanchion,stanchion (vertical stake on a wagon used to fix the load),simplex,,ge,3.0,2.0,False,,,,,wiktionary:kaikki@2026-10-03
de,Bronchitis,f,bronchitis,bronchitis,simplex,,is,2.99,3.0,True,,,,,wiktionary:kaikki@2026-10-03
de,Referendariat,m,preparatory service for public office requiring successful university education of master's length,preparatory service for public office requiring successful university education of master's length,simplex,,at,2.99,3.0,False,,,,,wiktionary:kaikki@2026-10-03
de,Abzweig,m,branch,branch (pipe),simplex,,ig,2.99,4.0,False,,,,,wiktionary:kaikki@2026-10-03
de,Schlips,m,necktie,necktie,simplex,,ps,2.99,2.0,False,wordnet:garment.n.01,,,,wiktionary:kaikki@2026-10-03
de,Eucharistie,f,eucharist,Eucharist (sacrament),simplex,,ie,2.99,4.0,True,,,,,wiktionary:kaikki@2026-10-03
de,Cembalo,n,harpsichord,harpsichord,simplex,,lo,2.99,3.0,False,,,,,wiktionary:kaikki@2026-10-03
de,Disput,m,dispute,dispute,simplex,,ut,2.99,2.0,True,,,,,wiktionary:kaikki@2026-10-03
de,Stele,f,stele,stele,simplex,,le,2.99,2.0,True,,,,,wiktionary:kaikki@2026-10-03
de,Kuppe,f,hilltop,hilltop,simplex,,pe,2.99,2.0,False,,,,,wiktionary:kaikki@2026-10-03
de,Abgas,n,emission,"emission, exhaust, exhaust gas, waste gas, exhaust fumes, offgas",simplex,,as,2.99,2.0,False,,,,,wiktionary:kaikki@2026-10-03
de,Oratorium,n,oratorio,oratorio,simplex,,um,2.99,2.0,False,,,,,wiktionary:kaikki@2026-10-03
de,Choreografie,f,choreography,choreography,simplex,,ie,2.99,3.0,False,,,,,wiktionary:kaikki@2026-10-03
de,Gicht,f,gout,gout,simplex,,ht,2.99,2.0,False,,,,,wiktionary:kaikki@2026-10-03
de,Phobie,f,phobia,phobia,simplex,,ie,2.99,3.0,False,,,,,wiktionary:kaikki@2026-10-03
de,Infekt,m,infection,"infection, infectious disease",simplex,,kt,2.99,2.0,False,,,,,wiktionary:kaikki@2026-10-03
de,Tanga,m,g-string,"G-string, thong (scanty piece of underwear or lingerie)",simplex,,ga,2.98,2.0,False,gloss,,,,wiktionary:kaikki@2026-10-03
de,Bausch,m,wad,wad,simplex,,ch,2.98,3.0,False,,,,,wiktionary:kaikki@2026-10-03
de,Durchlaucht,f,serenity,serenity (address of a prince),simplex,,ht,2.98,3.0,False,,,,,wiktionary:kaikki@2026-10-03
de,Qualm,m,smoke,"smoke, particularly when very dense or regarded as unpleasant; fume",simplex,,lm,2.98,2.0,False,,,,,wiktionary:kaikki@2026-10-03
de,Schikane,f,bullying,"bullying, harassment",simplex,,ne,2.98,3.0,False,,,,,wiktionary:kaikki@2026-10-03
de,Plüsch,m,plush,plush,simplex,,ch,2.98,3.0,True,,,,,wiktionary:kaikki@2026-10-03
de,Archipel,m,archipelago,archipelago,simplex,,el,2.97,2.0,False,,,,,wiktionary:kaikki@2026-10-03
de,Turban,m,turban,turban,simplex,,an,2.97,2.0,True,,,,,wiktionary:kaikki@2026-10-03
de,Tinnitus,m,tinnitus,tinnitus,simplex,,us,2.97,2.0,True,,,,,wiktionary:kaikki@2026-10-03
de,Usus,m,custom,custom (long-established practice),simplex,,us,2.97,2.0,False,,,,,wiktionary:kaikki@2026-10-03
de,Rokoko,n,rococo,rococo,simplex,,ko,2.97,3.0,False,,,,,wiktionary:kaikki@2026-10-03
de,Kompressor,m,supercharger,a supercharger,simplex,,or,2.97,2.0,False,,,,,wiktionary:kaikki@2026-10-03
de,Abwahl,f,voting someone out of office,voting someone out of office,simplex,,hl,2.97,2.0,False,,,,,wiktionary:kaikki@2026-10-03
de,Saphir,m,sapphire,sapphire,simplex,,ir,2.97,3.0,False,,,,,wiktionary:kaikki@2026-10-03
de,Piraterie,f,piracy,piracy,simplex,,ie,2.97,3.0,False,,,,,wiktionary:kaikki@2026-10-03
de,Bizeps,m,biceps,biceps,simplex,,ps,2.97,3.0,False,,,,,wiktionary:kaikki@2026-10-03
de,Sechser,m,something with a number,"something with a number, value or size of six",simplex,,er,2.97,3.0,False,,,,,wiktionary:kaikki@2026-10-03
de,Kantate,f,cantata,cantata (a vocal composition in several movements accompanied by instruments),simplex,,te,2.97,2.0,False,,,,,wiktionary:kaikki@2026-10-03
de,Mucke,f,quirk,"quirk, flaw",simplex,,ke,2.96,3.0,False,,,,,wiktionary:kaikki@2026-10-03
de,Anamnese,f,anamnesis,anamnesis (medical history of a patient),simplex,,se,2.96,4.0,False,,,,,wiktionary:kaikki@2026-10-03
de,Höcker,m,hump,hump (especially on a camel etc.),simplex,,er,2.96,2.0,False,,,,,wiktionary:kaikki@2026-10-03
de,Amboss,m,anvil,anvil (block used in blacksmithing),simplex,,ss,2.96,2.0,False,,,,,wiktionary:kaikki@2026-10-03
de,Empfängnis,f,conception,conception; the act of becoming pregnant,simplex,,is,2.96,4.0,False,gloss,,,,wiktionary:kaikki@2026-10-03
de,Zünder,m,fuze in an explosive,"fuze in an explosive, pyrotechnic device or military munition",simplex,,er,2.96,3.0,False,,,,,wiktionary:kaikki@2026-10-03
de,Kokos,n,flesh of the coconut,the flesh of the coconut; its taste,simplex,,os,2.96,2.0,False,,,,,wiktionary:kaikki@2026-10-03
de,Kompendium,n,compendium,compendium,simplex,,um,2.96,3.0,True,,,,,wiktionary:kaikki@2026-10-03
de,Schimpf,m,insult,"insult, affront, scolding",simplex,,pf,2.96,3.0,False,,,,,wiktionary:kaikki@2026-10-03
de,Wok,m,wok,wok,simplex,,ok,2.96,2.0,True,,,,,wiktionary:kaikki@2026-10-03
de,Präfix,n,prefix,prefix,simplex,,ix,2.96,2.0,False,,,,,wiktionary:kaikki@2026-10-03
de,Revers,n,lapel,"lapel; revers (part of a garment folded back, especially on the front of a men’s jacket)",simplex,,rs,2.96,2.0,False,,,,,wiktionary:kaikki@2026-10-03
de,Delikt,n,crime,"crime, offense",simplex,,kt,2.96,2.0,False,,,,,wiktionary:kaikki@2026-10-03
de,Sujet,n,subject,subject,simplex,,et,2.96,2.0,False,,,,,wiktionary:kaikki@2026-10-03
de,Plagiat,n,plagiarism,"plagiarism (a copying of someone's ideas, text or other creative work and claiming it as one's own)",simplex,,at,2.96,3.0,False,,,,,wiktionary:kaikki@2026-10-03
de,Dynamit,n,dynamite,dynamite,simplex,,it,2.96,2.0,True,,,,,wiktionary:kaikki@2026-10-03
de,Observatorium,n,observatory,observatory,simplex,,um,2.96,2.0,False,,,,,wiktionary:kaikki@2026-10-03
de,Tross,m,baggage train,baggage train (a unit’s supply vehicles and the troops resonsible for them),simplex,,ss,2.95,2.0,False,,,,,wiktionary:kaikki@2026-10-03
de,Leu,m,leu,leu (Romanian currency),simplex,,eu,2.95,2.0,True,,,,,wiktionary:kaikki@2026-10-03
de,Statut,n,statute,"statute, bylaw, charter, a body of legal provisions defined by a corporation for itself",simplex,,ut,2.95,2.0,True,,,,,wiktionary:kaikki@2026-10-03
de,Frontend,n,front end,front end,simplex,,nd,2.95,2.0,True,,,,,wiktionary:kaikki@2026-10-03
de,Wonne,f,bliss,"bliss, joy; delight",simplex,,ne,2.95,2.0,False,,,,,wiktionary:kaikki@2026-10-03
de,Chromosom,n,chromosome,chromosome (structure in the cell nucleus),simplex,,om,2.95,3.0,True,,,,,wiktionary:kaikki@2026-10-03
de,Vene,f,vein,vein,simplex,,ne,2.95,2.0,False,,,,,wiktionary:kaikki@2026-10-03
de,Kitt,m,putty,putty (certain kinds of cement used for fixing e.g. window panes),simplex,,tt,2.95,1.0,False,,,,,wiktionary:kaikki@2026-10-03
de,Hülse,f,pod,"pod, hull, case (also with the particular meanings of botany and ammunition)",simplex,,se,2.95,3.0,False,,,,,wiktionary:kaikki@2026-10-03
de,Troika,f,troika,troika (Russian vehicle),simplex,,ka,2.95,2.0,True,,,,,wiktionary:kaikki@2026-10-03
de,Lutscher,m,lollipop,"lollipop, lolly",simplex,,er,2.95,3.0,False,,,,,wiktionary:kaikki@2026-10-03
de,Idiotie,f,idiocy,idiocy,simplex,,ie,2.95,3.0,False,,,,,wiktionary:kaikki@2026-10-03
de,Zensus,m,census,census (official count of members of a population),simplex,,us,2.95,2.0,False,,,,,wiktionary:kaikki@2026-10-03
de,Wimper,f,eyelash,eyelash,simplex,,er,2.95,3.0,False,,,,,wiktionary:kaikki@2026-10-03
de,Seufzer,m,sigh,sigh; an instance of sighing,simplex,,er,2.95,3.0,False,,,,,wiktionary:kaikki@2026-10-03
de,Morphium,n,morphine,morphine,simplex,,um,2.95,2.0,False,,,,,wiktionary:kaikki@2026-10-03
de,Cabriolet,m,convertible,convertible,simplex,,et,2.94,3.0,False,,,,,wiktionary:kaikki@2026-10-03
de,Amulett,n,amulet,amulet,simplex,,tt,2.94,3.0,True,,,,,wiktionary:kaikki@2026-10-03
de,Anhängsel,n,appendage,"appendage, attachment",simplex,,el,2.94,4.0,False,,,,,wiktionary:kaikki@2026-10-03
de,Zwist,m,discordance,"discordance, disagreement, quarrel",simplex,,st,2.94,2.0,False,,,,,wiktionary:kaikki@2026-10-03
de,Aggregat,n,system,a system (set of devices or mechanisms designed to perform a single task),simplex,,at,2.94,3.0,False,,,,,wiktionary:kaikki@2026-10-03
de,Dickicht,n,thicket,thicket (copse),simplex,,ht,2.94,2.0,False,,,,,wiktionary:kaikki@2026-10-03
de,Maschinerie,f,machinery,machinery,simplex,,ie,2.94,4.0,False,,,,,wiktionary:kaikki@2026-10-03
de,Buchse,f,bushing,bushing (hollow cylinder),simplex,,se,2.94,2.0,False,,,,,wiktionary:kaikki@2026-10-03
de,Salve,f,salvo,salvo (simultaneous discharge of artillery or firearms including the firing of guns either to hit a target or to perform a salute),simplex,,ve,2.94,2.0,False,,,,,wiktionary:kaikki@2026-10-03
de,Grütze,f,food of coarsely ground cereal grains,a food of coarsely ground cereal grains: groat(s),simplex,,ze,2.94,3.0,False,,,,,wiktionary:kaikki@2026-10-03
de,Präsens,n,present tense,present tense,simplex,,ns,2.94,3.0,False,,,,,wiktionary:kaikki@2026-10-03
de,Smaragd,m,emerald,emerald,simplex,,gd,2.93,4.0,False,,,,,wiktionary:kaikki@2026-10-03
de,Flaute,f,calm,calm (period free from wind),simplex,,te,2.93,2.0,False,,,,,wiktionary:kaikki@2026-10-03
de,Hemmer,m,agent noun of hemmen,agent noun of hemmen,simplex,,er,2.93,2.0,False,,,,,wiktionary:kaikki@2026-10-03
de,Fjord,m,fjord,fjord (usually one in Scandinavia),simplex,,rd,2.93,3.0,True,,,,,wiktionary:kaikki@2026-10-03
de,Thrombose,f,thrombosis,"thrombosis (formation of thrombi, causing obstruction of circulation)",simplex,,se,2.93,3.0,False,,,,,wiktionary:kaikki@2026-10-03
de,Turnus,m,rotation,rotation (regular change),simplex,,us,2.93,2.0,False,,,,,wiktionary:kaikki@2026-10-03
de,Katheter,m,catheter,catheter (small tube inserted into a body cavity),simplex,,er,2.93,2.0,False,,,,,wiktionary:kaikki@2026-10-03
de,Bresche,f,breach,breach (gap or opening made by breaking or battering),simplex,,he,2.93,3.0,False,,,,,wiktionary:kaikki@2026-10-03
de,Strumpf,m,stocking,"stocking; hose (women’s undergarment covering the foot, the lower leg, and part of the thigh)",simplex,,pf,2.93,3.0,False,gloss,,,,wiktionary:kaikki@2026-10-03
de,Heber,m,agent noun of heben,agent noun of heben:,simplex,,er,2.93,2.0,False,,,,,wiktionary:kaikki@2026-10-03
de,Inzucht,f,inbreeding,inbreeding,simplex,,ht,2.93,3.0,False,,,,,wiktionary:kaikki@2026-10-03
de,Krätze,f,scabies,scabies,simplex,,ze,2.93,2.0,False,,,,,wiktionary:kaikki@2026-10-03
de,Etablissement,n,establishment,establishment,simplex,,nt,2.92,3.0,False,,,,,wiktionary:kaikki@2026-10-03
de,Arterie,f,artery,artery,simplex,,ie,2.92,3.0,False,,,,,wiktionary:kaikki@2026-10-03
de,Schablone,f,template,"template, stencil (physical object used for replicating outlines)",simplex,,ne,2.92,3.0,False,,,,,wiktionary:kaikki@2026-10-03
de,Blöße,f,nudity,nudity,simplex,,ße,2.92,2.0,False,,,,,wiktionary:kaikki@2026-10-03
de,Kubus,m,cube,cube,simplex,,us,2.92,2.0,False,,,,,wiktionary:kaikki@2026-10-03
de,Vignette,f,sticker,"sticker, adhesive label",simplex,,te,2.92,3.0,False,,,,,wiktionary:kaikki@2026-10-03
de,Locher,m,hole punch,hole punch,simplex,,er,2.92,2.0,False,,,,,wiktionary:kaikki@2026-10-03
de,Pergament,n,parchment,parchment (material),simplex,,nt,2.92,3.0,False,,,,,wiktionary:kaikki@2026-10-03
de,Exegese,f,exegesis,exegesis (formal written exposition or explanatory essay),simplex,,se,2.92,3.0,False,,,,,wiktionary:kaikki@2026-10-03
de,Spreu,f,chaff,chaff (inedible parts of grain plant),simplex,,eu,2.92,3.0,False,,,,,wiktionary:kaikki@2026-10-03
de,Knorpel,m,cartilage,cartilage,simplex,,el,2.92,3.0,False,,,,,wiktionary:kaikki@2026-10-03
de,Stöpsel,m,plug,plug (something intended to plug),simplex,,el,2.92,4.0,False,,,,,wiktionary:kaikki@2026-10-03
de,Schopf,m,tuft,tuft (of hair),simplex,,pf,2.92,3.0,False,,,,,wiktionary:kaikki@2026-10-03
de,Gräuel,m,horror,"horror, atrocity",simplex,,el,2.91,3.0,False,,,,,wiktionary:kaikki@2026-10-03
de,Fauxpas,m,faux pas,faux pas,simplex,,as,2.91,3.0,True,,,,,wiktionary:kaikki@2026-10-03
de,Umschrift,f,transcription,transcription; transliteration,simplex,,ft,2.91,3.0,False,,,,,wiktionary:kaikki@2026-10-03
de,Gosse,f,gutter,"gutter (most often as a symbol for alcoholism, homelessness, and/or other social hardships)",simplex,,se,2.91,2.0,False,,,,,wiktionary:kaikki@2026-10-03
de,Kaste,f,caste,caste,simplex,,te,2.91,2.0,False,,,,,wiktionary:kaikki@2026-10-03
de,Alchemie,f,alchemy,alchemy,simplex,,ie,2.91,3.0,False,,,,,wiktionary:kaikki@2026-10-03
de,Erl,m,tang,"tang (part of a knife, fork, file, or other small instrument, which is inserted into the handle)",simplex,,rl,2.91,1.0,False,,,,,wiktionary:kaikki@2026-10-03
de,Taekwondo,n,taekwondo,taekwondo,simplex,,do,2.91,4.0,True,,,,,wiktionary:kaikki@2026-10-03
de,Nonsens,m,rubbish,"rubbish, nonsense",simplex,,ns,2.91,3.0,False,,,,,wiktionary:kaikki@2026-10-03
de,Tombola,f,raffle,"raffle (small-scale lottery, usually for fundraising)",simplex,,la,2.91,2.0,False,,,,,wiktionary:kaikki@2026-10-03
de,Krempel,m,junk,"junk, stuff",simplex,,el,2.91,3.0,False,,,,,wiktionary:kaikki@2026-10-03
de,Lyra,f,alternative form of leier,alternative form of Leier,simplex,,ra,2.91,2.0,False,,,,,wiktionary:kaikki@2026-10-03
de,Interessent,m,interested party,"interested party, prospective buyer",simplex,,nt,2.91,3.0,False,,,,,wiktionary:kaikki@2026-10-03
de,Tampon,m,tampon,tampon,simplex,,on,2.91,2.0,True,,,,,wiktionary:kaikki@2026-10-03
de,Akkusativ,m,accusative,the accusative (case),simplex,,iv,2.91,3.0,False,,,,,wiktionary:kaikki@2026-10-03
de,Chiffre,f,cipher,cipher,simplex,,re,2.91,3.0,False,,,,,wiktionary:kaikki@2026-10-03
de,Allegorie,f,allegory,allegory,simplex,,ie,2.91,2.0,False,,,,,wiktionary:kaikki@2026-10-03
de,Griffel,m,stylus,"stylus, pen, slate pencil (an antiquated writing tool, used in ancient times, prior to the appearance of blackboards)",simplex,,el,2.9,2.0,False,,,,,wiktionary:kaikki@2026-10-03
de,Terrarium,n,terrarium,terrarium,simplex,,um,2.9,2.0,True,,,,,wiktionary:kaikki@2026-10-03
de,Abwurf,m,airdrop,airdrop (act of dropping anything from an aircraft),simplex,,rf,2.9,3.0,False,,,,,wiktionary:kaikki@2026-10-03
de,Entropie,f,entropy,entropy,simplex,,ie,2.89,3.0,False,,,,,wiktionary:kaikki@2026-10-03
de,Zulage,f,allowance,"allowance, bonus, extra pay",simplex,,ge,2.89,3.0,False,,,,,wiktionary:kaikki@2026-10-03
de,Schlick,m,silt,silt (very fine kind of mud found at the ground and shore of some waters),simplex,,ck,2.89,2.0,False,,,,,wiktionary:kaikki@2026-10-03
de,Erbse,f,pea,pea,simplex,,se,2.89,3.0,False,,,,,wiktionary:kaikki@2026-10-03
de,Amnesie,f,amnesia,amnesia,simplex,,ie,2.89,3.0,False,,,,,wiktionary:kaikki@2026-10-03
de,Orthodoxie,f,orthodoxy,orthodoxy,simplex,,ie,2.89,2.0,False,,,,,wiktionary:kaikki@2026-10-03
de,Antibiotikum,n,antibiotic,antibiotic,simplex,,um,2.89,4.0,False,,,,,wiktionary:kaikki@2026-10-03
de,Kopierer,m,copier,copier (a machine that copies),simplex,,er,2.89,3.0,False,,,,,wiktionary:kaikki@2026-10-03
de,Schwund,m,verbal noun of schwinden,"verbal noun of schwinden: a process of gradual loss, disappearance, shrinkage, depletion",simplex,,nd,2.88,2.0,False,,,,,wiktionary:kaikki@2026-10-03
de,Mette,f,matins,Matins,simplex,,te,2.88,2.0,False,,,,,wiktionary:kaikki@2026-10-03
de,Kastell,n,roman fort,a Roman fort,simplex,,ll,2.88,3.0,False,,,,,wiktionary:kaikki@2026-10-03
de,Tümpel,m,shallow pond,"shallow pond, pool",simplex,,el,2.88,4.0,False,,,,,wiktionary:kaikki@2026-10-03
de,Pensum,n,allotted task,An allotted task.,simplex,,um,2.88,2.0,False,,,,,wiktionary:kaikki@2026-10-03
de,Paroli,n,raise,raise (of stakes),simplex,,li,2.88,2.0,False,,,,,wiktionary:kaikki@2026-10-03
de,Refugium,n,refuge,refuge,simplex,,um,2.88,3.0,False,,,,,wiktionary:kaikki@2026-10-03
de,Kontinuum,n,continuum,continuum,simplex,,um,2.88,3.0,False,,,,,wiktionary:kaikki@2026-10-03
de,Facette,f,facet,facet,simplex,,te,2.88,2.0,False,,,,,wiktionary:kaikki@2026-10-03
de,Unze,f,ounce,ounce,simplex,,ze,2.88,2.0,False,,,,,wiktionary:kaikki@2026-10-03
de,Jute,f,jute,jute,simplex,,te,2.88,2.0,True,,,,,wiktionary:kaikki@2026-10-03
de,Judikative,f,judiciary,"judiciary, judicial system",simplex,,ve,2.88,3.0,False,,,,,wiktionary:kaikki@2026-10-03
de,Provisorium,n,provisional solution,provisional solution,simplex,,um,2.88,3.0,False,,,,,wiktionary:kaikki@2026-10-03
de,Düne,f,dune,dune,simplex,,ne,2.87,2.0,True,,,,,wiktionary:kaikki@2026-10-03
de,Enklave,f,enclave,enclave,simplex,,ve,2.87,3.0,False,,,,,wiktionary:kaikki@2026-10-03
de,Knospe,f,bud,bud,simplex,,pe,2.87,3.0,False,,,,,wiktionary:kaikki@2026-10-03
de,Epidemiologie,f,epidemiology,epidemiology (branch of medicine dealing with transmission and control of disease in populations),simplex,,ie,2.87,2.0,False,,,,,wiktionary:kaikki@2026-10-03
de,Lepra,f,leprosy,leprosy,simplex,,ra,2.87,2.0,False,,,,,wiktionary:kaikki@2026-10-03
de,Hybris,f,hubris,hubris,simplex,,is,2.87,2.0,False,,,,,wiktionary:kaikki@2026-10-03
de,Tratsch,m,gossip,gossip,simplex,,ch,2.87,3.0,False,,,,,wiktionary:kaikki@2026-10-03
de,Empirie,f,empirical knowledge,empirical knowledge; knowledge based on testing and experience,simplex,,ie,2.87,2.0,False,,,,,wiktionary:kaikki@2026-10-03
de,Kuvert,n,envelope,envelope,simplex,,rt,2.87,2.0,False,,,,,wiktionary:kaikki@2026-10-03
de,Urologie,f,urology,urology,simplex,,ie,2.87,4.0,False,,,,,wiktionary:kaikki@2026-10-03
de,Drescher,m,agent noun of dreschen,agent noun of dreschen:,simplex,,er,2.87,3.0,False,,,,,wiktionary:kaikki@2026-10-03
de,Akquise,f,synonym of akquisition,synonym of Akquisition,simplex,,se,2.86,3.0,False,,,,,wiktionary:kaikki@2026-10-03
de,Prärie,f,prairie,prairie,simplex,,ie,2.86,2.0,True,,,,,wiktionary:kaikki@2026-10-03
de,Zobel,m,sable,sable (Martes zibellina),simplex,,el,2.86,2.0,False,,,,,wiktionary:kaikki@2026-10-03
de,Mitbringsel,n,small present brought by a guest or someone returning from a journey,a small present brought by a guest or someone returning from a journey,simplex,,el,2.86,4.0,False,,,,,wiktionary:kaikki@2026-10-03
de,Intranet,n,intranet,intranet,simplex,,et,2.86,3.0,True,,,,,wiktionary:kaikki@2026-10-03
de,Krypta,f,crypt,crypt,simplex,,ta,2.86,3.0,False,,,,,wiktionary:kaikki@2026-10-03
de,Vulva,f,vulva,vulva,simplex,,va,2.86,2.0,True,gloss,,,,wiktionary:kaikki@2026-10-03
de,Boxershorts,f,boxer shorts,boxer shorts (men's underwear),simplex,,ts,2.86,3.0,True,gloss,,,,wiktionary:kaikki@2026-10-03
de,Fondue,n,fondue,fondue,simplex,,ue,2.86,2.0,True,,,,,wiktionary:kaikki@2026-10-03
de,Falafel,f,falafel ball,a falafel ball,simplex,,el,2.86,3.0,False,,,,,wiktionary:kaikki@2026-10-03
de,Erle,f,alder,alder,simplex,,le,2.86,2.0,False,,,,,wiktionary:kaikki@2026-10-03
de,Sammelsurium,n,hodgepodge,hodgepodge,simplex,,um,2.86,5.0,False,,,,,wiktionary:kaikki@2026-10-03
de,Filet,n,fillet,fillet,simplex,,et,2.86,2.0,True,,,,,wiktionary:kaikki@2026-10-03
de,Jackett,n,jacket,jacket,simplex,,tt,2.86,2.0,True,wordnet:garment.n.01,,,,wiktionary:kaikki@2026-10-03
de,Bussi,n,kiss,kiss; peck on the cheek,simplex,,si,2.85,3.0,False,,,,,wiktionary:kaikki@2026-10-03
de,Anämie,f,anemia,anemia,simplex,,ie,2.85,3.0,False,,,,,wiktionary:kaikki@2026-10-03
de,Mokka,m,turkish coffee,Turkish coffee,simplex,,ka,2.85,3.0,False,,,,,wiktionary:kaikki@2026-10-03
de,Nominativ,m,nominative case,the nominative case,simplex,,iv,2.85,3.0,False,,,,,wiktionary:kaikki@2026-10-03
de,Oktave,f,interval of 12 semitones,An interval of 12 semitones; an octave.,simplex,,ve,2.85,3.0,False,,,,,wiktionary:kaikki@2026-10-03
de,Enquete,f,enquiry or survey conducted by a parliamentary body,"an enquiry or survey conducted by a parliamentary body, in order to prepare or review legislation",simplex,,te,2.85,2.0,False,,,,,wiktionary:kaikki@2026-10-03
de,Krematorium,n,crematorium,crematorium,simplex,,um,2.85,3.0,True,,,,,wiktionary:kaikki@2026-10-03
de,Erfordernis,n,need,"need, necessity",simplex,,is,2.85,4.0,False,,,,,wiktionary:kaikki@2026-10-03
de,Zerwürfnis,n,rift,rift,simplex,,is,2.85,6.0,False,,,,,wiktionary:kaikki@2026-10-03
de,Vaterunser,n,lord's prayer,Lord's Prayer; Our Father; paternoster (prayer that Jesus taught his disciples),simplex,,er,2.84,4.0,False,,,,,wiktionary:kaikki@2026-10-03
de,Bouillon,f,bouillon,bouillon,simplex,,on,2.84,2.0,True,,,,,wiktionary:kaikki@2026-10-03
de,Trott,m,jog,"jog, trot",simplex,,tt,2.84,2.0,False,,,,,wiktionary:kaikki@2026-10-03
de,Libretto,n,libretto,libretto,simplex,,to,2.84,3.0,True,,,,,wiktionary:kaikki@2026-10-03
de,Hokuspokus,m,hocus-pocus,hocus-pocus,simplex,,us,2.84,3.0,False,,,,,wiktionary:kaikki@2026-10-03
de,Duktus,m,characteristic style,"characteristic style (of writing, painting, speaking); ductus",simplex,,us,2.84,3.0,False,,,,,wiktionary:kaikki@2026-10-03
de,Sarin,n,sarin,sarin (neurotoxin),simplex,,in,2.84,2.0,True,,,,,wiktionary:kaikki@2026-10-03
de,Infarkt,m,infarct,infarct,simplex,,kt,2.84,3.0,False,,,,,wiktionary:kaikki@2026-10-03
de,Abwärme,f,waste heat,waste heat,simplex,,me,2.84,4.0,False,,,,,wiktionary:kaikki@2026-10-03
de,Plazenta,f,placenta,placenta,simplex,,ta,2.84,3.0,False,,,,,wiktionary:kaikki@2026-10-03
de,Tunika,f,tunic,"tunic (Roman garment, by extension also similar modern garments)",simplex,,ka,2.84,2.0,False,,,,,wiktionary:kaikki@2026-10-03
de,Cashflow,m,cash flow,cash flow,simplex,,ow,2.84,2.0,True,,,,,wiktionary:kaikki@2026-10-03
de,Dübel,m,dowel,dowel (pin to hold two pieces together),simplex,,el,2.84,2.0,False,,,,,wiktionary:kaikki@2026-10-03
de,Antiquariat,n,antiquarian bookshop,"antiquarian bookshop, used bookstore",simplex,,at,2.83,3.0,False,,,,,wiktionary:kaikki@2026-10-03
de,Ampere,n,ampere,ampere (unit of electrical current),simplex,,re,2.83,2.0,True,,,,,wiktionary:kaikki@2026-10-03
de,Flachs,m,flax,flax,simplex,,hs,2.83,2.0,False,,,,,wiktionary:kaikki@2026-10-03
de,Maar,n,maar,"maar (broad, low-relief volcanic crater caused by a phreatomagmatic eruption)",simplex,,ar,2.83,1.0,True,,,,,wiktionary:kaikki@2026-10-03
de,Parterre,n,ground floor,"ground floor, first floor",simplex,,re,2.83,3.0,False,,,,,wiktionary:kaikki@2026-10-03
de,Pharmakologie,f,pharmacology,pharmacology,simplex,,ie,2.83,3.0,False,,,,,wiktionary:kaikki@2026-10-03
de,Salut,m,salute,salute,simplex,,ut,2.83,2.0,True,,,,,wiktionary:kaikki@2026-10-03
de,Eigennutz,m,self-interest,self-interest,simplex,,tz,2.83,3.0,False,,,,,wiktionary:kaikki@2026-10-03
de,Dermatologie,f,dermatology,dermatology,simplex,,ie,2.83,3.0,False,,,,,wiktionary:kaikki@2026-10-03
de,Halm,m,stalk,stalk,simplex,,lm,2.83,2.0,False,,,,,wiktionary:kaikki@2026-10-03
de,Urzeit,f,very long-ago age,"a very long-ago age, a very early era (e.g. in the history of humanity or the earth)",simplex,,it,2.83,2.0,False,,,,,wiktionary:kaikki@2026-10-03
de,Unruh,f,balance wheel of a timepiece,balance wheel of a timepiece,simplex,,uh,2.82,3.0,False,,,,,wiktionary:kaikki@2026-10-03
de,Krücke,f,crutch,crutch,simplex,,ke,2.82,3.0,False,,,,,wiktionary:kaikki@2026-10-03
de,Tempus,n,tense,tense,simplex,,us,2.82,2.0,False,,,,,wiktionary:kaikki@2026-10-03
de,Maniküre,f,manicure,manicure,simplex,,re,2.82,4.0,False,,,,,wiktionary:kaikki@2026-10-03
de,Reliquie,f,relic,relic,simplex,,ie,2.82,3.0,False,,,,,wiktionary:kaikki@2026-10-03
de,Kropf,m,crop,"crop, craw (part of a bird's throat)",simplex,,pf,2.82,3.0,False,,,,,wiktionary:kaikki@2026-10-03
de,Kehrer,m,agent noun of kehren,agent noun of kehren,simplex,,er,2.82,3.0,False,,,,,wiktionary:kaikki@2026-10-03
de,Judenhaß,m,former spelling of judenhass which is no longer standard,Former spelling of Judenhass which is no longer standard.,simplex,,aß,2.82,3.0,False,,,,,wiktionary:kaikki@2026-10-03
de,Sund,m,sound,"sound, strait (especially near islands of the Baltic Sea)",simplex,,nd,2.82,1.0,False,,,,,wiktionary:kaikki@2026-10-03
de,Zahnstocher,m,toothpick,toothpick,simplex,,er,2.82,5.0,False,,,,,wiktionary:kaikki@2026-10-03
de,Gyros,n,gyro,"gyro, gyros (Greek dish of meat cut from a gyrating roasting spit)",simplex,,os,2.81,2.0,False,,,,,wiktionary:kaikki@2026-10-03
de,Poller,m,bollard,"bollard (short post or pole, typically used to prevent vehicle access)",simplex,,er,2.81,2.0,False,,,,,wiktionary:kaikki@2026-10-03
de,Scharte,f,notch,"notch, cut, cleft",simplex,,te,2.81,2.0,False,,,,,wiktionary:kaikki@2026-10-03
de,Humus,m,humus,humus (group of compounds in soil),simplex,,us,2.81,2.0,True,,,,,wiktionary:kaikki@2026-10-03
de,Dystopie,f,dystopia,dystopia (all senses),simplex,,ie,2.81,4.0,False,,,,,wiktionary:kaikki@2026-10-03
de,Lein,m,linen,linen,simplex,,in,2.81,2.0,False,,,,,wiktionary:kaikki@2026-10-03
de,Agora,f,agora,agora,simplex,,ra,2.81,2.0,True,,,,,wiktionary:kaikki@2026-10-03
de,Serviette,f,napkin,"napkin, serviette",simplex,,te,2.81,3.0,False,,,,,wiktionary:kaikki@2026-10-03
de,Malus,m,malus,malus,simplex,,us,2.81,2.0,True,,,,,wiktionary:kaikki@2026-10-03
de,Zyklon,m,cyclone,cyclone,simplex,,on,2.81,3.0,False,,,,,wiktionary:kaikki@2026-10-03
de,Patina,f,patina,patina,simplex,,na,2.81,2.0,True,,,,,wiktionary:kaikki@2026-10-03
de,Cyan,n,cyan,cyan (colour),simplex,,an,2.8,1.0,True,,,,,wiktionary:kaikki@2026-10-03
de,Loggia,f,loggia,loggia,simplex,,ia,2.8,2.0,True,,,,,wiktionary:kaikki@2026-10-03
de,Frevel,m,outrage,"outrage, crime, sin",simplex,,el,2.8,2.0,False,,,,,wiktionary:kaikki@2026-10-03
de,Wandler,m,transducer,transducer (device that converts energy from one form to another),simplex,,er,2.8,2.0,False,,,,,wiktionary:kaikki@2026-10-03
de,Urgeschichte,f,prehistory,prehistory,simplex,,te,2.8,3.0,False,,,,,wiktionary:kaikki@2026-10-03
de,Glosse,f,column,"column, squib (short, witty and often satirical piece of newspaper writing regarding current events)",simplex,,se,2.8,3.0,False,,,,,wiktionary:kaikki@2026-10-03
de,Schärpe,f,sash,sash (decorative length of cloth),simplex,,pe,2.8,3.0,False,,,,,wiktionary:kaikki@2026-10-03
de,Bahre,f,bier,bier,simplex,,re,2.8,2.0,False,,,,,wiktionary:kaikki@2026-10-03
de,Partizip,n,participle,participle,simplex,,ip,2.8,3.0,False,,,,,wiktionary:kaikki@2026-10-03
de,Meteorit,m,meteorite,meteorite,simplex,,it,2.8,2.0,True,,,,,wiktionary:kaikki@2026-10-03
de,Furche,f,furrow,furrow,simplex,,he,2.8,2.0,False,,,,,wiktionary:kaikki@2026-10-03
de,Anima,f,anima,anima (the unconscious feminine aspect of a person),simplex,,ma,2.8,2.0,True,gloss,,,,wiktionary:kaikki@2026-10-03
de,Boje,f,buoy,buoy,simplex,,je,2.8,2.0,False,,,,,wiktionary:kaikki@2026-10-03
de,Bast,m,bast,bast,simplex,,st,2.8,1.0,True,,,,,wiktionary:kaikki@2026-10-03
de,Unlust,f,lack of desire,lack of desire,simplex,,st,2.79,2.0,False,,,,,wiktionary:kaikki@2026-10-03
de,Manege,f,ring,ring,simplex,,ge,2.79,2.0,False,,,,,wiktionary:kaikki@2026-10-03
de,Chemikalie,f,chemical produced industrially or in a laboratory,chemical (chemical substance) produced industrially or in a laboratory,simplex,,ie,2.79,3.0,False,,,,,wiktionary:kaikki@2026-10-03
de,Edding,m,permanent marker,"permanent marker, sharpie",simplex,,ng,2.79,3.0,False,,,,,wiktionary:kaikki@2026-10-03
de,Fingerzeig,m,pointer,pointer,simplex,,ig,2.79,3.0,False,,,,,wiktionary:kaikki@2026-10-03
de,Kastanie,f,chestnut,chestnut,simplex,,ie,2.79,3.0,False,,,,,wiktionary:kaikki@2026-10-03
de,Umsicht,f,policy,policy,simplex,,ht,2.79,3.0,False,,,,,wiktionary:kaikki@2026-10-03
de,Erker,m,oriel,oriel; bay (on houses),simplex,,er,2.79,2.0,False,,,,,wiktionary:kaikki@2026-10-03
de,Verdammnis,f,damnation,damnation,simplex,,is,2.79,3.0,False,,,,,wiktionary:kaikki@2026-10-03
de,Pritsche,f,plank bed,"plank bed, cot",simplex,,he,2.79,4.0,False,,,,,wiktionary:kaikki@2026-10-03
de,Mambo,m,mambo,mambo (music),simplex,,bo,2.79,2.0,True,,,,,wiktionary:kaikki@2026-10-03
de,Spind,m,simple cupboard or locker,"a simple cupboard or locker, usually for clothes, as in a barracks or changing room (less often in places where one does not fully undress oneself, as a library, for which usually Schließfach)",simplex,,nd,2.79,2.0,False,,,,,wiktionary:kaikki@2026-10-03
de,Fäulnis,f,rot,rot,simplex,,is,2.78,4.0,False,,,,,wiktionary:kaikki@2026-10-03
de,Kutte,f,habit,habit (a long piece of clothing worn by monks and nuns),simplex,,te,2.78,2.0,False,,,,,wiktionary:kaikki@2026-10-03
de,Kriminologie,f,criminology,criminology,simplex,,ie,2.78,4.0,False,,,,,wiktionary:kaikki@2026-10-03
de,Inbrunst,f,ardor,"ardor, fervor",simplex,,st,2.78,4.0,False,,,,,wiktionary:kaikki@2026-10-03
de,Skalpell,n,scalpel,scalpel,simplex,,ll,2.78,3.0,False,,,,,wiktionary:kaikki@2026-10-03
de,Gatter,n,gate,gate,simplex,,er,2.78,2.0,False,,,,,wiktionary:kaikki@2026-10-03
de,Metronom,n,metronome,metronome,simplex,,om,2.78,3.0,True,,,,,wiktionary:kaikki@2026-10-03
de,Meise,f,tit,"tit, chickadee (small passerine bird of the genus Parus or the family Paridae)",simplex,,se,2.78,2.0,False,,,,,wiktionary:kaikki@2026-10-03
de,Politikum,n,political issue,political issue,simplex,,um,2.78,3.0,False,,,,,wiktionary:kaikki@2026-10-03
de,Monsun,m,monsoon,monsoon,simplex,,un,2.78,2.0,False,,,,,wiktionary:kaikki@2026-10-03
de,Quader,m,rectangular cuboid,rectangular cuboid,simplex,,er,2.77,2.0,False,,,,,wiktionary:kaikki@2026-10-03
de,Ägide,f,aegis,"aegis (endorsement, sponsorship)",simplex,,de,2.77,3.0,False,,,,,wiktionary:kaikki@2026-10-03
de,Zither,f,zither,zither,simplex,,er,2.77,2.0,True,,,,,wiktionary:kaikki@2026-10-03
de,Dezibel,n,decibel,decibel (a common measure of sound intensity),simplex,,el,2.77,2.0,False,,,,,wiktionary:kaikki@2026-10-03
de,Ellipse,f,ellipse,ellipse,simplex,,se,2.77,2.0,True,,,,,wiktionary:kaikki@2026-10-03
de,Zierde,f,ornament,ornament; adornment,simplex,,de,2.77,3.0,False,,,,,wiktionary:kaikki@2026-10-03
de,Subwoofer,m,subwoofer,subwoofer (a woofer dedicated to the reproduction of low-pitched audio frequencies),simplex,,er,2.77,3.0,True,,,,,wiktionary:kaikki@2026-10-03
de,Kalaschnikow,f,kalashnikov,"Kalashnikov (Russian assault rifle, especially the AK-47)",simplex,,ow,2.77,5.0,False,,,,,wiktionary:kaikki@2026-10-03
de,Köcher,m,quiver,quiver,simplex,,er,2.77,2.0,False,,,,,wiktionary:kaikki@2026-10-03
de,Pastell,n,pastel,pastel,simplex,,ll,2.77,2.0,True,,,,,wiktionary:kaikki@2026-10-03
de,Napf,m,small bowl,small bowl; cup; now chiefly to hold fodder for animals,simplex,,pf,2.76,2.0,False,,,,,wiktionary:kaikki@2026-10-03
de,Tamtam,n,tam-tam,tam-tam,simplex,,am,2.76,2.0,True,,,,,wiktionary:kaikki@2026-10-03
de,Joule,n,joule,joule,simplex,,le,2.76,2.0,True,,,,,wiktionary:kaikki@2026-10-03
de,Tipi,n,tipi,"tipi, teepee",simplex,,pi,2.76,2.0,True,,,,,wiktionary:kaikki@2026-10-03
de,Brosche,f,brooch,brooch,simplex,,he,2.76,2.0,False,wordnet:jewelry.n.01,,,,wiktionary:kaikki@2026-10-03
de,Trapez,n,trapeze,"trapeze, trapezium (gymnastics, sailing)",simplex,,ez,2.76,2.0,True,,,,,wiktionary:kaikki@2026-10-03
de,Taskforce,f,task force,task force,simplex,,ce,2.76,2.0,True,,,,,wiktionary:kaikki@2026-10-03
de,Projektil,n,projectile,"projectile, bullet",simplex,,il,2.76,3.0,False,,,,,wiktionary:kaikki@2026-10-03
de,Glycerin,n,glycerine,glycerine,simplex,,in,2.76,3.0,True,,,,,wiktionary:kaikki@2026-10-03
de,Aneurysma,n,aneurysm,aneurysm,simplex,,ma,2.76,5.0,True,,,,,wiktionary:kaikki@2026-10-03
de,Verdruss,m,displeasure,"displeasure, chagrin",simplex,,ss,2.76,3.0,False,,,,,wiktionary:kaikki@2026-10-03
de,Dissens,m,dissent,dissent,simplex,,ns,2.76,2.0,False,,,,,wiktionary:kaikki@2026-10-03
de,Grammophon,n,gramophone,gramophone,simplex,,on,2.76,3.0,True,,,,,wiktionary:kaikki@2026-10-03
de,Manie,f,mania,mania,simplex,,ie,2.76,2.0,False,,,,,wiktionary:kaikki@2026-10-03
de,Tempomat,m,cruise control,cruise control,simplex,,at,2.76,2.0,False,,,,,wiktionary:kaikki@2026-10-03
de,Kosmologie,f,cosmology,cosmology,simplex,,ie,2.76,3.0,False,,,,,wiktionary:kaikki@2026-10-03
de,Elektrolyse,f,electrolysis,electrolysis,simplex,,se,2.76,5.0,False,,,,,wiktionary:kaikki@2026-10-03
de,Strunk,m,thick,"the thick, woody stalk found in some plants, especially cabbages",simplex,,nk,2.76,2.0,False,,,,,wiktionary:kaikki@2026-10-03
de,Parfümerie,f,perfumery,perfumery,simplex,,ie,2.76,4.0,False,,,,,wiktionary:kaikki@2026-10-03
de,Polonaise,f,polonaise,polonaise,simplex,,se,2.76,3.0,True,,,,,wiktionary:kaikki@2026-10-03
de,Zisterne,f,cistern,cistern,simplex,,ne,2.75,3.0,False,,,,,wiktionary:kaikki@2026-10-03
de,Stipendiat,m,scholarship holder,scholarship holder,simplex,,at,2.75,4.0,False,,,,,wiktionary:kaikki@2026-10-03
de,Bajonett,n,bayonet,bayonet,simplex,,tt,2.75,4.0,False,,,,,wiktionary:kaikki@2026-10-03
de,Ruch,m,smell,"smell, odour",simplex,,ch,2.75,2.0,False,,,,,wiktionary:kaikki@2026-10-03
de,Diadem,n,diadem,diadem,simplex,,em,2.75,2.0,True,,,,,wiktionary:kaikki@2026-10-03
de,Derivat,n,derivative,derivative (financial instrument whose value depends on the valuation of an underlying instrument),simplex,,at,2.75,3.0,False,,,,,wiktionary:kaikki@2026-10-03
de,Dementi,n,repudiation,"repudiation, disclaimer, counterstatement, denial of a claim (especially in media contexts)",simplex,,ti,2.75,3.0,False,,,,,wiktionary:kaikki@2026-10-03
de,Sudoku,n,sudoku,sudoku (type of puzzle),simplex,,ku,2.75,1.0,True,,,,,wiktionary:kaikki@2026-10-03
de,Idyll,n,idyllic life,"idyllic life, life of Riley",simplex,,ll,2.75,2.0,False,,,,,wiktionary:kaikki@2026-10-03
de,Oligarchie,f,oligarchy,oligarchy,simplex,,ie,2.75,4.0,False,,,,,wiktionary:kaikki@2026-10-03
de,Audimax,n,largest lecture hall of a university,the largest lecture hall of a university (or similar institution),simplex,,ax,2.75,2.0,False,,,,,wiktionary:kaikki@2026-10-03
de,Gouda,m,gouda,Gouda (kind of cheese),simplex,,da,2.75,3.0,True,,,,,wiktionary:kaikki@2026-10-03
de,Polygamie,f,polygamy,polygamy,simplex,,ie,2.75,3.0,False,,,,,wiktionary:kaikki@2026-10-03
de,Harmonika,f,harmonica,harmonica (wind instrument),simplex,,ka,2.74,2.0,False,,,,,wiktionary:kaikki@2026-10-03
de,Dorsch,m,cod,cod (marine fish of the family Gadidae),simplex,,ch,2.74,2.0,False,,,,,wiktionary:kaikki@2026-10-03
de,Kursus,m,synonym of kurs,synonym of Kurs (“[learning] course”),simplex,,us,2.74,3.0,False,,,,,wiktionary:kaikki@2026-10-03
de,Scharmützel,n,skirmish,skirmish (small-scale battle),simplex,,el,2.74,4.0,False,,,,,wiktionary:kaikki@2026-10-03
de,Attika,f,attic,attic,simplex,,ka,2.74,2.0,False,,,,,wiktionary:kaikki@2026-10-03
de,Kuhle,f,hollow,hollow (lowered area on a surface),simplex,,le,2.74,3.0,False,,,,,wiktionary:kaikki@2026-10-03
de,Präteritum,n,preterite,preterite (preterite tense; past tense),simplex,,um,2.74,4.0,False,,,,,wiktionary:kaikki@2026-10-03
de,Öse,f,eye,"eye, eyelet (fitting consisting of a loop of a solid material, suitable for receiving a hook)",simplex,,se,2.74,2.0,False,,,,,wiktionary:kaikki@2026-10-03
de,Schrifttum,n,corpus,corpus (entirety of literature in a particular domain),simplex,,um,2.74,4.0,False,,,,,wiktionary:kaikki@2026-10-03
de,Fibel,f,primer,primer,simplex,,el,2.74,2.0,False,,,,,wiktionary:kaikki@2026-10-03
de,Zuruf,m,holler,"holler, call",simplex,,uf,2.74,2.0,False,,,,,wiktionary:kaikki@2026-10-03
de,Thora,f,torah,Torah,simplex,,ra,2.73,2.0,False,,,,,wiktionary:kaikki@2026-10-03
de,Kasus,m,case,(grammatical) case (specific inflection of a word depending on its function in the sentence),simplex,,us,2.73,2.0,False,,,,,wiktionary:kaikki@2026-10-03
de,Savanne,f,savanna,savanna,simplex,,ne,2.73,2.0,False,,,,,wiktionary:kaikki@2026-10-03
de,Trafo,m,syllabic abbreviation of transformator,syllabic abbreviation of Transformator,simplex,,fo,2.73,2.0,False,,,,,wiktionary:kaikki@2026-10-03
de,Behältnis,n,container,"container, vessel, vat",simplex,,is,2.73,4.0,False,,,,,wiktionary:kaikki@2026-10-03
de,Volontariat,n,traineeship,traineeship,simplex,,at,2.73,3.0,False,,,,,wiktionary:kaikki@2026-10-03
de,Naturell,n,disposition,"disposition, nature, temperament",simplex,,ll,2.73,2.0,False,,,,,wiktionary:kaikki@2026-10-03
de,Achsel,f,armpit,"armpit, axilla (cavity under the shoulder)",simplex,,el,2.73,2.0,False,,,,,wiktionary:kaikki@2026-10-03
de,Konvolut,n,bundle,bundle (of documents),simplex,,ut,2.73,3.0,False,,,,,wiktionary:kaikki@2026-10-03
de,Mahagoni,n,mahogany,mahogany (kind of wood),simplex,,ni,2.73,3.0,False,,,,,wiktionary:kaikki@2026-10-03
de,Häresie,f,heresy,heresy,simplex,,ie,2.73,3.0,False,,,,,wiktionary:kaikki@2026-10-03
de,Kipper,m,dumper,"dumper, tipper lorry",simplex,,er,2.73,3.0,False,,,,,wiktionary:kaikki@2026-10-03
de,Sekret,n,secretion,secretion (substance that has been secreted),simplex,,et,2.73,2.0,False,,,,,wiktionary:kaikki@2026-10-03
de,Regress,m,regress,regress,simplex,,ss,2.73,2.0,True,,,,,wiktionary:kaikki@2026-10-03
de,Phallus,m,phallus,phallus,simplex,,us,2.73,3.0,True,gloss,,,,wiktionary:kaikki@2026-10-03
de,Autokratie,f,autocracy,autocracy,simplex,,ie,2.72,4.0,False,,,,,wiktionary:kaikki@2026-10-03
de,Pappel,f,poplar,"poplar, cottonwood (Populus spp.)",simplex,,el,2.72,3.0,False,,,,,wiktionary:kaikki@2026-10-03
de,Schatulle,f,casket,casket (little box e.g. for jewelry),simplex,,le,2.72,3.0,False,,,,,wiktionary:kaikki@2026-10-03
de,Akkuschrauber,m,cordless drill,cordless drill,simplex,,er,2.72,5.0,False,,,,,wiktionary:kaikki@2026-10-03
de,Radau,m,racket,"racket, row, din, shindy",simplex,,au,2.72,3.0,False,,,,,wiktionary:kaikki@2026-10-03
de,Kirchweih,f,fair,"fair, fête",simplex,,ih,2.72,4.0,False,,,,,wiktionary:kaikki@2026-10-03
de,Kommissariat,n,office of a commissar,office of a commissar,simplex,,at,2.72,3.0,False,,,,,wiktionary:kaikki@2026-10-03
de,Kloake,f,sewer,sewer,simplex,,ke,2.72,2.0,False,,,,,wiktionary:kaikki@2026-10-03
de,Weichspüler,m,fabric softener,fabric softener,simplex,,er,2.71,4.0,False,,,,,wiktionary:kaikki@2026-10-03
de,Nabe,f,hub,hub,simplex,,be,2.71,2.0,False,,,,,wiktionary:kaikki@2026-10-03
de,Kaleidoskop,n,kaleidoscope,kaleidoscope,simplex,,op,2.71,3.0,False,,,,,wiktionary:kaikki@2026-10-03
de,Exzess,m,excess,excess,simplex,,ss,2.71,3.0,False,,,,,wiktionary:kaikki@2026-10-03
de,Bodden,m,shallow bay,shallow bay,simplex,,en,2.71,2.0,False,,,,,wiktionary:kaikki@2026-10-03
de,Beere,f,berry,berry,simplex,,re,2.71,2.0,False,,,,,wiktionary:kaikki@2026-10-03
de,Lunte,f,fuse,fuse,simplex,,te,2.71,2.0,False,,,,,wiktionary:kaikki@2026-10-03
de,Laminat,n,laminate,laminate (material formed of thin sheets glued together),simplex,,at,2.71,3.0,True,,,,,wiktionary:kaikki@2026-10-03
de,Lärche,f,larch,larch (Larix decidua),simplex,,he,2.71,3.0,True,,,,,wiktionary:kaikki@2026-10-03
de,Pediküre,f,pedicure,pedicure,simplex,,re,2.71,4.0,False,,,,,wiktionary:kaikki@2026-10-03
de,Wippe,f,seesaw,seesaw,simplex,,pe,2.71,3.0,False,,,,,wiktionary:kaikki@2026-10-03
de,Harnisch,m,armour covering the torso of a medieval knight,armour covering the torso of a medieval knight,simplex,,ch,2.71,3.0,False,,,,,wiktionary:kaikki@2026-10-03
de,Kapuziner,m,capuchin,Capuchin,simplex,,er,2.71,3.0,False,wordnet:garment.n.01,,,,wiktionary:kaikki@2026-10-03
de,Molke,f,whey,whey,simplex,,ke,2.7,2.0,False,,,,,wiktionary:kaikki@2026-10-03
de,Spalier,n,espalier,"espalier, trellis",simplex,,er,2.7,3.0,True,,,,,wiktionary:kaikki@2026-10-03
de,Konverter,m,converter,converter,simplex,,er,2.7,2.0,False,,,,,wiktionary:kaikki@2026-10-03
de,Zukauf,m,purchase,purchase,simplex,,uf,2.7,3.0,False,,,,,wiktionary:kaikki@2026-10-03
de,Katamaran,m,catamaran,catamaran (twin-hulled yacht),simplex,,an,2.7,3.0,False,,,,,wiktionary:kaikki@2026-10-03
de,Gleiter,m,glider,glider,simplex,,er,2.7,2.0,False,,,,,wiktionary:kaikki@2026-10-03
de,Wachtel,f,quail,quail,simplex,,el,2.7,3.0,False,,,,,wiktionary:kaikki@2026-10-03
de,Klopfer,m,object to knock,"an object to knock, tap, beat, throb with",simplex,,er,2.7,3.0,False,,,,,wiktionary:kaikki@2026-10-03
de,Bräune,f,brownness,"brownness, the quality of being brown",simplex,,ne,2.7,3.0,False,,,,,wiktionary:kaikki@2026-10-03
de,Hobel,m,anything that abrades a surface,"anything that abrades a surface, such as – particularly – a plane, a grater or slicer, a spokeshave, a safety razor",simplex,,el,2.7,2.0,False,,,,,wiktionary:kaikki@2026-10-03
de,Metallurgie,f,metallurgy,metallurgy (science of metals),simplex,,ie,2.7,4.0,False,,,,,wiktionary:kaikki@2026-10-03
de,Asymmetrie,f,asymmetry,asymmetry,simplex,,ie,2.7,4.0,False,,,,,wiktionary:kaikki@2026-10-03
de,Fresko,n,fresco,fresco,simplex,,ko,2.7,2.0,False,,,,,wiktionary:kaikki@2026-10-03
de,Akronym,n,acronym,acronym (a word formed by initial letters),simplex,,ym,2.69,2.0,False,,,,,wiktionary:kaikki@2026-10-03
de,Umlaut,m,umlaut,umlaut,simplex,,ut,2.69,3.0,True,,,,,wiktionary:kaikki@2026-10-03
de,Annonce,f,classified ad,classified ad,simplex,,ce,2.69,2.0,False,,,,,wiktionary:kaikki@2026-10-03
de,Synergie,f,synergy,synergy,simplex,,ie,2.69,2.0,False,,,,,wiktionary:kaikki@2026-10-03
de,Bassin,n,basin,"basin, pool",simplex,,in,2.69,2.0,True,,,,,wiktionary:kaikki@2026-10-03
de,Akribie,f,meticulousness,meticulousness,simplex,,ie,2.69,3.0,False,,,,,wiktionary:kaikki@2026-10-03
de,Zweisitzer,m,two-seater,two-seater,simplex,,er,2.69,3.0,False,,,,,wiktionary:kaikki@2026-10-03
de,Koralle,f,coral,coral,simplex,,le,2.69,2.0,False,,,,,wiktionary:kaikki@2026-10-03
de,Klinker,m,clinker,clinker (very hard brick),simplex,,er,2.68,3.0,False,,,,,wiktionary:kaikki@2026-10-03
de,Ekzem,n,eczema,eczema (acute or chronic inflammation of the skin),simplex,,em,2.68,2.0,False,,,,,wiktionary:kaikki@2026-10-03
de,Schurz,m,apron,apron,simplex,,rz,2.68,3.0,False,,,,,wiktionary:kaikki@2026-10-03
de,Butz,m,apple core,apple core,simplex,,tz,2.68,2.0,False,,,,,wiktionary:kaikki@2026-10-03
de,Sporn,m,spur,spur,simplex,,rn,2.68,2.0,False,,,,,wiktionary:kaikki@2026-10-03
de,Potpourri,n,potpourri,potpourri,simplex,,ri,2.68,3.0,True,,,,,wiktionary:kaikki@2026-10-03
de,Renommee,n,reputation,reputation,simplex,,ee,2.68,3.0,False,,,,,wiktionary:kaikki@2026-10-03
de,Pädiatrie,f,pediatrics,pediatrics (the branch of medicine that deals with the treatment of children),simplex,,ie,2.68,5.0,False,,,,,wiktionary:kaikki@2026-10-03
de,Ampulle,f,ampoule,ampoule (small glass vial),simplex,,le,2.67,2.0,False,,,,,wiktionary:kaikki@2026-10-03
de,Niqab,m,niqab,niqab,simplex,,ab,2.67,3.0,True,wordnet:garment.n.01,,,,wiktionary:kaikki@2026-10-03
de,Latz,m,bib,bib (item of clothing for babies),simplex,,tz,2.67,2.0,False,,,,,wiktionary:kaikki@2026-10-03
de,Askese,f,asceticism,asceticism,simplex,,se,2.67,2.0,False,,,,,wiktionary:kaikki@2026-10-03
de,Zloty,m,zloty,"zloty, złoty (Polish currency)",simplex,,ty,2.67,3.0,True,,,,,wiktionary:kaikki@2026-10-03
de,Histologie,f,histology,histology,simplex,,ie,2.67,2.0,False,,,,,wiktionary:kaikki@2026-10-03
de,Vorkommnis,n,incident,incident (anything noteworthy happening that goes beyond pure routine),simplex,,is,2.67,4.0,False,,,,,wiktionary:kaikki@2026-10-03
de,Schneise,f,path cut into a location,a path cut into a location,simplex,,se,2.67,3.0,False,,,,,wiktionary:kaikki@2026-10-03
de,Rille,f,groove,groove (narrow channel; often one of several parallel ones),simplex,,le,2.66,2.0,False,,,,,wiktionary:kaikki@2026-10-03
de,Hyperbel,f,hyperbole,hyperbole,simplex,,el,2.66,2.0,False,,,,,wiktionary:kaikki@2026-10-03
de,Kalauer,m,corny pun,corny pun,simplex,,er,2.66,2.0,False,,,,,wiktionary:kaikki@2026-10-03
de,Alpaka,n,alpaca,alpaca (mammal),simplex,,ka,2.66,3.0,False,,,,,wiktionary:kaikki@2026-10-03
de,Strähne,f,strand,strand (of hair),simplex,,ne,2.66,3.0,False,,,,,wiktionary:kaikki@2026-10-03
de,Warze,f,wart,wart,simplex,,ze,2.66,2.0,False,,,,,wiktionary:kaikki@2026-10-03
de,Anlasser,m,starter,"starter, ignition",simplex,,er,2.66,3.0,False,,,,,wiktionary:kaikki@2026-10-03
de,Zuspiel,n,pass,pass,simplex,,el,2.66,2.0,False,,,,,wiktionary:kaikki@2026-10-03
de,Monogamie,f,monogamy,monogamy,simplex,,ie,2.66,4.0,False,,,,,wiktionary:kaikki@2026-10-03
de,Diphtherie,f,diphtheria,diphtheria (infectious disease of the upper respiratory tract),simplex,,ie,2.66,4.0,True,,,,,wiktionary:kaikki@2026-10-03
de,Büschel,n,bunch,bunch,simplex,,el,2.66,3.0,False,,,,,wiktionary:kaikki@2026-10-03
de,Unvernunft,f,irrationality,"irrationality, unreason",simplex,,ft,2.66,3.0,False,,,,,wiktionary:kaikki@2026-10-03
de,Ster,m,cubic metre,"cubic metre, stere",simplex,,er,2.65,1.0,False,,,,,wiktionary:kaikki@2026-10-03
de,Hydrolyse,f,hydrolysis,hydrolysis,simplex,,se,2.65,3.0,False,,,,,wiktionary:kaikki@2026-10-03
de,Garbe,f,sheaf,"sheaf (quantity of the stalks and ears of wheat, rye, or other grain, bound together)",simplex,,be,2.65,2.0,False,,,,,wiktionary:kaikki@2026-10-03
de,Bewuchs,m,growth,growth (vegetative ground-cover),simplex,,hs,2.65,2.0,False,,,,,wiktionary:kaikki@2026-10-03
de,Granat,m,garnet,garnet,simplex,,at,2.65,2.0,False,,,,,wiktionary:kaikki@2026-10-03
de,Kohorte,f,cohort,cohort (division of a Roman legion),simplex,,te,2.65,2.0,False,,,,,wiktionary:kaikki@2026-10-03
de,Nerz,m,mink,mink,simplex,,rz,2.65,2.0,False,,,,,wiktionary:kaikki@2026-10-03
de,Finte,f,feint,feint,simplex,,te,2.65,2.0,False,,,,,wiktionary:kaikki@2026-10-03
de,Konserve,f,preserved food,preserved food,simplex,,ve,2.65,2.0,False,,,,,wiktionary:kaikki@2026-10-03
de,Kelter,f,winepress,winepress,simplex,,er,2.65,2.0,False,,,,,wiktionary:kaikki@2026-10-03
de,Biopsie,f,biopsy,biopsy,simplex,,ie,2.65,3.0,False,,,,,wiktionary:kaikki@2026-10-03
de,Melange,f,coffee blend,coffee blend (mixture of different kinds of coffee beans),simplex,,ge,2.65,2.0,False,,,,,wiktionary:kaikki@2026-10-03
de,Ritzel,n,pinion,pinion (smallest gear in a gear train),simplex,,el,2.64,3.0,False,,,,,wiktionary:kaikki@2026-10-03
de,Spielothek,f,arcade,arcade,simplex,,ek,2.64,3.0,False,,,,,wiktionary:kaikki@2026-10-03
de,Sakrileg,n,sacrilege,sacrilege,simplex,,eg,2.64,4.0,False,,,,,wiktionary:kaikki@2026-10-03
de,Erzeugnis,n,product,"product, manufacture, commodity, produce",simplex,,is,2.64,3.0,False,,,,,wiktionary:kaikki@2026-10-03
de,Ödland,n,badlands,"badlands, wasteland",simplex,,nd,2.64,3.0,False,,,,,wiktionary:kaikki@2026-10-03
de,Kollekte,f,collection,collection (money collected during or after a church service),simplex,,te,2.64,3.0,False,,,,,wiktionary:kaikki@2026-10-03
de,Nelke,f,clove,clove (aromatic flower buds of Syzygium aromaticum),simplex,,ke,2.64,2.0,False,,,,,wiktionary:kaikki@2026-10-03
de,Enzyklika,f,encyclical,encyclical,simplex,,ka,2.64,5.0,False,,,,,wiktionary:kaikki@2026-10-03
de,Charakteristikum,n,feature,"feature, characteristic (of a person or thing)",simplex,,um,2.64,4.0,False,,,,,wiktionary:kaikki@2026-10-03
de,Anthroposophie,f,anthroposophy,anthroposophy,simplex,,ie,2.64,3.0,False,,,,,wiktionary:kaikki@2026-10-03
de,Sulfat,n,sulfate / sulphate,sulfate / sulphate,simplex,,at,2.64,3.0,False,,,,,wiktionary:kaikki@2026-10-03
de,Firmament,n,firmament,"firmament (the sky, especially when conceived as a dome)",simplex,,nt,2.63,2.0,True,,,,,wiktionary:kaikki@2026-10-03
de,Dolomit,m,dolomite,dolomite,simplex,,it,2.63,2.0,True,,,,,wiktionary:kaikki@2026-10-03
de,Sonett,n,sonnet,sonnet,simplex,,tt,2.63,2.0,False,,,,,wiktionary:kaikki@2026-10-03
de,Fritteuse,f,deep fryer,deep fryer,simplex,,se,2.63,3.0,False,,,,,wiktionary:kaikki@2026-10-03
de,Praline,f,chocolate praline,"chocolate praline, (Belgian) chocolate (bite-sized piece of chocolate with a filling, which may but need not contain nuts)",simplex,,ne,2.63,3.0,False,,,,,wiktionary:kaikki@2026-10-03
de,Kajüte,f,cabin,"cabin, sleeping quarters (on a ship, barge, yacht, etc. for passengers and officers)",simplex,,te,2.63,4.0,False,,,,,wiktionary:kaikki@2026-10-03
de,Grappa,m,grappa,grappa,simplex,,pa,2.63,2.0,True,,,,,wiktionary:kaikki@2026-10-03
de,Karree,n,square,"square, block",simplex,,ee,2.63,2.0,False,,,,,wiktionary:kaikki@2026-10-03
de,Mistral,m,mistral,mistral,simplex,,al,2.63,2.0,True,,,,,wiktionary:kaikki@2026-10-03
de,Biwak,n,bivouac,bivouac (temporary encampment under the open sky or in small tents),simplex,,ak,2.63,3.0,False,,,,,wiktionary:kaikki@2026-10-03
de,Methodologie,f,methodology,"methodology (a collection of methods, practices, procedures and rules used by those who work in some field)",simplex,,ie,2.63,2.0,False,,,,,wiktionary:kaikki@2026-10-03
de,Standarte,f,standard,standard (flag at the apex of a vertical pole),simplex,,te,2.63,2.0,False,,,,,wiktionary:kaikki@2026-10-03
de,Topas,m,topaz,topaz,simplex,,as,2.62,2.0,False,,,,,wiktionary:kaikki@2026-10-03
de,Kryptographie,f,cryptography,cryptography,simplex,,ie,2.62,4.0,False,,,,,wiktionary:kaikki@2026-10-03
de,Toxikologie,f,toxicology,toxicology,simplex,,ie,2.62,4.0,False,,,,,wiktionary:kaikki@2026-10-03
de,Galeere,f,galley,galley (large vessel for war),simplex,,re,2.62,2.0,False,,,,,wiktionary:kaikki@2026-10-03
de,Rektum,n,rectum,rectum,simplex,,um,2.62,3.0,False,,,,,wiktionary:kaikki@2026-10-03
de,Reisig,n,brushwood,brushwood,simplex,,ig,2.62,3.0,False,,,,,wiktionary:kaikki@2026-10-03
de,Mammon,m,mammon,Mammon,simplex,,on,2.62,2.0,True,,,,,wiktionary:kaikki@2026-10-03
de,Minarett,n,minaret,minaret (mosque tower),simplex,,tt,2.62,3.0,True,,,,,wiktionary:kaikki@2026-10-03
de,Zunder,m,tinder,tinder,simplex,,er,2.62,2.0,False,,,,,wiktionary:kaikki@2026-10-03
de,Ergonomie,f,ergonomics,ergonomics,simplex,,ie,2.62,3.0,False,,,,,wiktionary:kaikki@2026-10-03
de,Stummel,m,stump,"stump, stub, butt",simplex,,el,2.62,3.0,False,,,,,wiktionary:kaikki@2026-10-03
de,Heldentum,n,heroism,heroism,simplex,,um,2.62,3.0,False,,,,,wiktionary:kaikki@2026-10-03
de,Bidet,n,bidet,bidet,simplex,,et,2.61,2.0,True,,,,,wiktionary:kaikki@2026-10-03
de,Grieß,m,semolina,semolina,simplex,,eß,2.61,3.0,False,,,,,wiktionary:kaikki@2026-10-03
de,Mieder,n,bodice,bodice,simplex,,er,2.61,2.0,False,,,,,wiktionary:kaikki@2026-10-03
de,Knacks,m,click,"click, crack (brief cracking sound)",simplex,,ks,2.61,2.0,False,,,,,wiktionary:kaikki@2026-10-03
de,Emaille,f,enamel,enamel; vitreous enamel; porcelain enamel,simplex,,le,2.61,2.0,False,,,,,wiktionary:kaikki@2026-10-03
de,Präludium,n,prelude,prelude,simplex,,um,2.61,4.0,False,,,,,wiktionary:kaikki@2026-10-03
de,Kuriosum,n,curiosity,curiosity (unique or extraordinary object which arouses interest),simplex,,um,2.61,3.0,False,,,,,wiktionary:kaikki@2026-10-03
de,Sodomie,f,form of sexual intercourse considered perverse and unnatural,a form of sexual intercourse considered perverse and unnatural; sodomy,simplex,,ie,2.61,3.0,False,,,,,wiktionary:kaikki@2026-10-03
de,Tiramisu,n,tiramisu,tiramisu,simplex,,su,2.61,3.0,True,,,,,wiktionary:kaikki@2026-10-03
de,Neurodermitis,f,neurodermatitis,neurodermatitis,simplex,,is,2.61,4.0,True,,,,,wiktionary:kaikki@2026-10-03
de,Fuhre,f,cartload,"cartload, wagonload",simplex,,re,2.61,3.0,False,,,,,wiktionary:kaikki@2026-10-03
de,Schlupf,m,slip,slip,simplex,,pf,2.61,3.0,False,,,,,wiktionary:kaikki@2026-10-03
de,Koeffizient,m,coefficient,coefficient,simplex,,nt,2.61,4.0,False,,,,,wiktionary:kaikki@2026-10-03
de,Püree,n,puree,puree,simplex,,ee,2.61,3.0,True,,,,,wiktionary:kaikki@2026-10-03
de,Docht,m,wick,wick (porous cord that draws up liquid fuel for burning),simplex,,ht,2.61,2.0,False,,,,,wiktionary:kaikki@2026-10-03
de,Anästhesiologie,f,anesthesiology,anesthesiology,simplex,,ie,2.61,6.0,False,,,,,wiktionary:kaikki@2026-10-03
de,Schredder,m,shredder,shredder (machine),simplex,,er,2.61,3.0,True,,,,,wiktionary:kaikki@2026-10-03
de,Schlaufe,f,loop,"loop, noose (string formed into a ring)",simplex,,fe,2.61,3.0,False,,,,,wiktionary:kaikki@2026-10-03
de,Maskulinum,n,masculine,"masculine, masculine gender",simplex,,um,2.6,3.0,False,gloss,,,,wiktionary:kaikki@2026-10-03
de,Bö,f,gust,"gust, squall",simplex,,Bö,2.6,2.0,False,,,,,wiktionary:kaikki@2026-10-03
de,Moschus,m,musk,musk,simplex,,us,2.6,3.0,False,,,,,wiktionary:kaikki@2026-10-03
de,Trenchcoat,m,trench coat,trench coat,simplex,,at,2.6,3.0,True,wordnet:garment.n.01,,,,wiktionary:kaikki@2026-10-03
de,Schmand,m,thick,"thick, fermented (soured) cream; smetana, sour cream (with a high fat content)",simplex,,nd,2.6,2.0,False,,,,,wiktionary:kaikki@2026-10-03
de,Meniskus,m,meniscus,meniscus,simplex,,us,2.6,3.0,False,,,,,wiktionary:kaikki@2026-10-03
de,Wiederkunft,f,second coming,second coming,simplex,,ft,2.6,4.0,False,,,,,wiktionary:kaikki@2026-10-03
de,Nirwana,n,nirvana,nirvana,simplex,,na,2.6,3.0,False,,,,,wiktionary:kaikki@2026-10-03
de,Camembert,m,camembert,camembert (creamy French cheese),simplex,,rt,2.6,3.0,True,,,,,wiktionary:kaikki@2026-10-03
de,Platine,f,printed circuit board,"printed circuit board, PCB",simplex,,ne,2.6,2.0,False,,,,,wiktionary:kaikki@2026-10-03
de,Dichotomie,f,dichotomy,dichotomy,simplex,,ie,2.6,4.0,False,,,,,wiktionary:kaikki@2026-10-03
de,Exponat,n,exhibit,exhibit,simplex,,at,2.59,3.0,False,,,,,wiktionary:kaikki@2026-10-03
de,Bulimie,f,bulimia,bulimia,simplex,,ie,2.59,3.0,False,,,,,wiktionary:kaikki@2026-10-03
de,Topologie,f,topology,topology,simplex,,ie,2.59,2.0,False,,,,,wiktionary:kaikki@2026-10-03
de,Koitus,m,coitus,coitus,simplex,,us,2.59,2.0,False,,,,,wiktionary:kaikki@2026-10-03
de,Schisma,n,schism,schism,simplex,,ma,2.59,2.0,True,,,,,wiktionary:kaikki@2026-10-03
de,Besatz,m,edging,"edging, trimming, lining",simplex,,tz,2.59,2.0,False,,,,,wiktionary:kaikki@2026-10-03
de,Hefter,m,binder,"binder, file, a plastic or cardboard piece with prongs for hole-punched papers.",simplex,,er,2.59,3.0,False,,,,,wiktionary:kaikki@2026-10-03
de,Chianti,m,chianti,Chianti (Tuscan red wine),simplex,,ti,2.58,3.0,True,,,,,wiktionary:kaikki@2026-10-03
de,Fräser,m,mill,"mill, milling cutter (cutting tool)",simplex,,er,2.58,3.0,False,,,,,wiktionary:kaikki@2026-10-03
de,Breve,n,breve,breve (semicircular diacritical mark),simplex,,ve,2.58,2.0,True,,,,,wiktionary:kaikki@2026-10-03
de,Koje,f,cabin,cabin; berth (sleeping room on a ship),simplex,,je,2.58,2.0,False,,,,,wiktionary:kaikki@2026-10-03
de,Hämatologie,f,haematology,"haematology, hematology",simplex,,ie,2.58,3.0,False,,,,,wiktionary:kaikki@2026-10-03
de,Scherzo,n,scherzo,scherzo (piece of music played in a playful manner),simplex,,zo,2.58,3.0,True,,,,,wiktionary:kaikki@2026-10-03
de,Ähre,f,ear,ear (of corn),simplex,,re,2.58,3.0,False,,,,,wiktionary:kaikki@2026-10-03
de,Harakiri,n,hara-kiri,hara-kiri,simplex,,ri,2.58,3.0,True,,,,,wiktionary:kaikki@2026-10-03
de,Pestizid,n,pesticide,pesticide,simplex,,id,2.58,3.0,False,,,,,wiktionary:kaikki@2026-10-03
de,Treck,m,trek,trek,simplex,,ck,2.58,2.0,False,,,,,wiktionary:kaikki@2026-10-03
de,Rondell,n,round place,round place,simplex,,ll,2.58,3.0,False,,,,,wiktionary:kaikki@2026-10-03
de,Kees,n,glacier,glacier (regional in Bavaria and parts of Austria for Gletscher),simplex,,es,2.57,2.0,False,,,,,wiktionary:kaikki@2026-10-03
de,Eibe,f,yew,yew (tree or shrub),simplex,,be,2.57,2.0,False,,,,,wiktionary:kaikki@2026-10-03
de,Unsitte,f,wrong custom,"wrong custom, bad habit",simplex,,te,2.57,3.0,False,,,,,wiktionary:kaikki@2026-10-03
de,Stampfer,m,stomp,stomp,simplex,,er,2.57,2.0,False,,,,,wiktionary:kaikki@2026-10-03
de,Triptychon,n,triptych,triptych,simplex,,on,2.57,4.0,False,,,,,wiktionary:kaikki@2026-10-03
de,Kalligraphie,f,calligraphy,calligraphy (art of writing with decorative strokes),simplex,,ie,2.57,4.0,False,,,,,wiktionary:kaikki@2026-10-03
de,Löss,m,loess,loess,simplex,,ss,2.57,2.0,False,,,,,wiktionary:kaikki@2026-10-03
de,Konkordat,n,concordat,concordat (formal agreement between a nation and the Vatican),simplex,,at,2.57,4.0,False,,,,,wiktionary:kaikki@2026-10-03
de,Traufe,f,eaves,eaves,simplex,,fe,2.57,2.0,False,,,,,wiktionary:kaikki@2026-10-03
de,Kordel,f,cord,cord (length of twisted strands),simplex,,el,2.57,3.0,False,,,,,wiktionary:kaikki@2026-10-03
de,Dreizack,m,trident,trident,simplex,,ck,2.57,3.0,False,,,,,wiktionary:kaikki@2026-10-03
de,Ressentiment,n,resentment,resentment,simplex,,nt,2.56,4.0,True,,,,,wiktionary:kaikki@2026-10-03
de,Elegie,f,elegy,elegy (mournful or plaintive poem or song),simplex,,ie,2.56,3.0,False,,,,,wiktionary:kaikki@2026-10-03
de,Absinth,m,absinth,absinth (liquor),simplex,,th,2.56,2.0,True,,,,,wiktionary:kaikki@2026-10-03
de,Dependance,f,branch,branch,simplex,,ce,2.56,2.0,False,,,,,wiktionary:kaikki@2026-10-03
de,Ouzo,m,ouzo,ouzo,simplex,,zo,2.56,3.0,True,,,,,wiktionary:kaikki@2026-10-03
de,Sülze,f,food,"food, usually meat or fish, in aspic",simplex,,ze,2.56,3.0,False,,,,,wiktionary:kaikki@2026-10-03
de,Propan,n,propane,propane,simplex,,an,2.56,2.0,True,,,,,wiktionary:kaikki@2026-10-03
de,Scharnier,n,hinge,hinge,simplex,,er,2.56,3.0,False,,,,,wiktionary:kaikki@2026-10-03
de,Bredouille,f,quandary,"quandary, jam, pickle (dilemma, a difficult decision or choice)",simplex,,le,2.55,4.0,False,,,,,wiktionary:kaikki@2026-10-03
de,Schnucki,n,sweetie pie,"sweetie pie, sweetie",simplex,,ki,2.55,3.0,False,,,,,wiktionary:kaikki@2026-10-03
de,Indikativ,m,indicative,indicative (the indicative mood or mode),simplex,,iv,2.55,3.0,False,,,,,wiktionary:kaikki@2026-10-03
de,Psalter,m,copy of the psalms independent from the rest of the old testament,a copy of the Psalms independent from the rest of the Old Testament (either on its own or along with the New Testament),simplex,,er,2.55,2.0,False,,,,,wiktionary:kaikki@2026-10-03
de,Patrozinium,n,patronage,patronage (protection provided by a patron saint to a parish church),simplex,,um,2.55,4.0,False,,,,,wiktionary:kaikki@2026-10-03
de,Agon,m,agon,agon (struggle or contest; test of will; contest in Ancient Greece),simplex,,on,2.55,2.0,True,,,,,wiktionary:kaikki@2026-10-03
de,Meiler,m,earth mound kiln,"an earth mound kiln, a clamp (an improvised structure built by covering stacked materials with a layer of earth in order to control the combustion intensity).",simplex,,er,2.55,2.0,False,,,,,wiktionary:kaikki@2026-10-03
de,Zöliakie,f,celiac disease,"celiac disease (US), coeliac disease (UK)",simplex,,ie,2.55,5.0,False,,,,,wiktionary:kaikki@2026-10-03
de,Hüpfer,m,hop,"a hop, an instance of hopping, little jump",simplex,,er,2.55,3.0,False,,,,,wiktionary:kaikki@2026-10-03
de,Pulk,n,unorganized group of people,"an unorganized group of people, typically between ±7 and 100; a mob, but not necessarily aggressive",simplex,,lk,2.55,2.0,False,,,,,wiktionary:kaikki@2026-10-03
de,Gastritis,f,gastritis,gastritis,simplex,,is,2.54,3.0,True,,,,,wiktionary:kaikki@2026-10-03
de,Elixier,n,potion,potion (liquid which is medicinal and/or magical),simplex,,er,2.54,3.0,False,,,,,wiktionary:kaikki@2026-10-03
de,Lolli,m,lollipop,lollipop (sweet),simplex,,li,2.54,2.0,False,,,,,wiktionary:kaikki@2026-10-03
de,Jalousie,f,roller blind,"roller blind, window blind, Venetian blind (indoor blind consisting of parallel stripes or slats)",simplex,,ie,2.54,3.0,False,,,,,wiktionary:kaikki@2026-10-03
de,Chuzpe,f,chutzpah,chutzpah,simplex,,pe,2.54,3.0,False,,,,,wiktionary:kaikki@2026-10-03
de,Konklave,n,conclave,conclave,simplex,,ve,2.54,3.0,False,,,,,wiktionary:kaikki@2026-10-03
de,Gneis,m,gneiss,gneiss,simplex,,is,2.54,3.0,True,,,,,wiktionary:kaikki@2026-10-03
de,Koordinate,f,coordinate,coordinate,simplex,,te,2.54,2.0,True,,,,,wiktionary:kaikki@2026-10-03
de,Priestertum,n,priesthood,priesthood,simplex,,um,2.54,3.0,False,,,,,wiktionary:kaikki@2026-10-03
de,Klecks,m,blot,"blot, stain",simplex,,ks,2.54,2.0,False,,,,,wiktionary:kaikki@2026-10-03
de,Florett,n,foil,foil (light sword used in fencing),simplex,,tt,2.53,2.0,False,,,,,wiktionary:kaikki@2026-10-03
de,Sexappeal,m,sex appeal,sex appeal,simplex,,al,2.53,3.0,True,,,,,wiktionary:kaikki@2026-10-03
de,Immunologie,f,immunology,immunology,simplex,,ie,2.53,2.0,False,,,,,wiktionary:kaikki@2026-10-03
de,Karzinom,n,carcinoma,carcinoma,simplex,,om,2.52,3.0,False,,,,,wiktionary:kaikki@2026-10-03
de,Schweröl,n,heavy oil,heavy (fuel) oil,simplex,,öl,2.52,3.0,False,,,,,wiktionary:kaikki@2026-10-03
de,Tüll,m,tulle,tulle (fabric),simplex,,ll,2.52,3.0,False,,,,,wiktionary:kaikki@2026-10-03
de,Rotunde,f,rotunda,rotunda (a structure or building with a round layout),simplex,,de,2.52,2.0,False,,,,,wiktionary:kaikki@2026-10-03
de,Eukalyptus,m,eucalyptus,eucalyptus (any of many trees of genus Eucalyptus),simplex,,us,2.52,5.0,True,,,,,wiktionary:kaikki@2026-10-03
de,Korso,m,public celebration with vehicles driving in a row,"a public celebration with vehicles driving in a row; on any occasion, but commonest with weddings and football victories",simplex,,so,2.52,2.0,False,,,,,wiktionary:kaikki@2026-10-03
de,Stupa,m,stupa,stupa,simplex,,pa,2.52,2.0,True,,,,,wiktionary:kaikki@2026-10-03
de,Endokrinologie,f,endocrinology,endocrinology,simplex,,ie,2.52,4.0,False,,,,,wiktionary:kaikki@2026-10-03
de,Schnörkel,m,curlicue,curlicue,simplex,,el,2.52,3.0,False,,,,,wiktionary:kaikki@2026-10-03
de,Virologie,f,virology,virology,simplex,,ie,2.52,4.0,False,,,,,wiktionary:kaikki@2026-10-03
de,Quinte,f,fifth,"A fifth; an interval of six (kleine Quinte, diminished fifth) or seven (große Quinte, perfect fifth) semitones.",simplex,,te,2.52,2.0,False,,,,,wiktionary:kaikki@2026-10-03
de,Krapp,m,madder and the pigment from it,madder (Rubia tinctorum) and the pigment from it,simplex,,pp,2.51,2.0,False,,,,,wiktionary:kaikki@2026-10-03
de,Mischmasch,m,mishmash,"mishmash, hotchpotch, hodgepodge",simplex,,ch,2.51,4.0,False,,,,,wiktionary:kaikki@2026-10-03
de,Taxonomie,f,taxonomy,"taxonomy (science of finding, describing, classifying and naming organisms)",simplex,,ie,2.51,3.0,False,,,,,wiktionary:kaikki@2026-10-03
de,Omelett,n,omelette,omelette,simplex,,tt,2.51,3.0,True,,,,,wiktionary:kaikki@2026-10-03
de,Firnis,m,varnish,"varnish (clear, hardening protective layer, typically from linseed oil, especially applied to paintings)",simplex,,is,2.51,2.0,False,,,,,wiktionary:kaikki@2026-10-03
de,Osmose,f,osmosis,osmosis,simplex,,se,2.51,3.0,False,,,,,wiktionary:kaikki@2026-10-03
de,Unzahl,f,immense number,immense number; myriad,simplex,,hl,2.51,2.0,False,,,,,wiktionary:kaikki@2026-10-03
de,Blässe,f,paleness,paleness,simplex,,se,2.51,3.0,False,,,,,wiktionary:kaikki@2026-10-03
de,Femininum,n,feminine,"feminine, feminine gender",simplex,,um,2.51,3.0,False,gloss,,,,wiktionary:kaikki@2026-10-03
de,Tücke,f,malice,"malice, spite, deceit, guile, trickery",simplex,,ke,2.51,3.0,False,,,,,wiktionary:kaikki@2026-10-03
de,Harmonium,n,harmonium,harmonium,simplex,,um,2.5,2.0,True,,,,,wiktionary:kaikki@2026-10-03
de,Durchlauferhitzer,m,tankless heater,tankless heater,simplex,,er,2.5,6.0,False,,,,,wiktionary:kaikki@2026-10-03
de,Eremitage,f,hermitage,hermitage,simplex,,ge,2.5,3.0,False,,,,,wiktionary:kaikki@2026-10-03
de,Planke,f,plank,plank (big or thick board of wood),simplex,,ke,2.5,2.0,True,,,,,wiktionary:kaikki@2026-10-03
de,Alkoven,m,alcove,"alcove, particularly: a bed built or let into the wall",simplex,,en,2.5,3.0,False,,,,,wiktionary:kaikki@2026-10-03
de,Typographie,f,typography,typography,simplex,,ie,2.5,3.0,False,,,,,wiktionary:kaikki@2026-10-03
de,Hantel,f,dumbbell,"dumbbell, barbell (weight with two disks attached to a bar)",simplex,,el,2.5,3.0,False,,,,,wiktionary:kaikki@2026-10-03
de,Rikscha,f,rickshaw,rickshaw,simplex,,ha,2.5,3.0,False,,,,,wiktionary:kaikki@2026-10-03
de,Katalyse,f,catalysis,catalysis (chemistry: the increase of the rate of a chemical reaction induced by a catalyst),simplex,,se,2.5,4.0,False,,,,,wiktionary:kaikki@2026-10-03
de,Maische,f,mash,mash (mixture of water and ground malt used in beermaking),simplex,,he,2.49,2.0,False,,,,,wiktionary:kaikki@2026-10-03
de,Drüse,f,gland,gland,simplex,,se,2.49,3.0,False,,,,,wiktionary:kaikki@2026-10-03
de,Barett,n,beret,beret,simplex,,tt,2.49,2.0,False,,,,,wiktionary:kaikki@2026-10-03
de,Biometrie,f,biometrics,biometrics,simplex,,ie,2.49,3.0,False,,,,,wiktionary:kaikki@2026-10-03
de,Kibbuz,m,kibbutz,kibbutz (a collective community in Israel that was traditionally based on agriculture),simplex,,uz,2.49,4.0,True,,,,,wiktionary:kaikki@2026-10-03
de,Pneumonie,f,pneumonia,pneumonia,simplex,,ie,2.49,5.0,False,,,,,wiktionary:kaikki@2026-10-03
de,Pankreas,n,pancreas,pancreas,simplex,,as,2.49,3.0,False,,,,,wiktionary:kaikki@2026-10-03
de,Schwa,n,schwa,schwa (mid central vowel sound),simplex,,wa,2.49,2.0,True,,,,,wiktionary:kaikki@2026-10-03
de,Monokel,n,monocle,monocle,simplex,,el,2.49,3.0,False,,,,,wiktionary:kaikki@2026-10-03
de,Rohrkrepierer,m,barrel burst,barrel burst (detonation of munitions while still in the barrel of the weapon),simplex,,er,2.49,5.0,False,,,,,wiktionary:kaikki@2026-10-03
de,Antidepressivum,n,antidepressant,antidepressant,simplex,,um,2.49,4.0,False,,,,,wiktionary:kaikki@2026-10-03
de,Manschette,f,cuff,cuff,simplex,,te,2.49,3.0,False,,,,,wiktionary:kaikki@2026-10-03
de,Travestie,f,travesty,travesty (parody or stylistic imitation),simplex,,ie,2.49,3.0,False,,,,,wiktionary:kaikki@2026-10-03
de,Analogon,n,analogue,"analogue (something that is analogous, bears an analogy)",simplex,,on,2.49,2.0,False,,,,,wiktionary:kaikki@2026-10-03
de,Katharsis,f,catharsis,"catharsis (in drama, a release of emotional tension)",simplex,,is,2.49,3.0,False,,,,,wiktionary:kaikki@2026-10-03
de,Stratigraphie,f,stratigraphy,stratigraphy,simplex,,ie,2.49,3.0,False,,,,,wiktionary:kaikki@2026-10-03
de,Speiche,f,spoke,spoke,simplex,,he,2.48,2.0,False,,,,,wiktionary:kaikki@2026-10-03
de,Elektrolyt,m,electrolyte,electrolyte,simplex,,yt,2.48,5.0,False,,,,,wiktionary:kaikki@2026-10-03
de,Tranche,f,tranche,tranche,simplex,,he,2.48,2.0,True,,,,,wiktionary:kaikki@2026-10-03
de,Pyrit,m,pyrite,pyrite,simplex,,it,2.48,2.0,True,,,,,wiktionary:kaikki@2026-10-03
de,Gravis,m,grave accent,grave accent,simplex,,is,2.48,2.0,False,,,,,wiktionary:kaikki@2026-10-03
de,Konsonant,m,consonant,consonant,simplex,,nt,2.48,3.0,False,,,,,wiktionary:kaikki@2026-10-03
de,Tautologie,f,tautology,tautology,simplex,,ie,2.48,3.0,False,,,,,wiktionary:kaikki@2026-10-03
de,Besitztum,n,possession,possession,simplex,,um,2.48,4.0,False,,,,,wiktionary:kaikki@2026-10-03
de,Abbitte,f,apology,"apology, request to be forgiven",simplex,,te,2.48,3.0,False,,,,,wiktionary:kaikki@2026-10-03
de,Rezitativ,n,recitative,recitative,simplex,,iv,2.48,4.0,False,,,,,wiktionary:kaikki@2026-10-03
de,Menuett,n,minuet,minuet,simplex,,tt,2.48,2.0,False,,,,,wiktionary:kaikki@2026-10-03
de,Abluft,f,exhaust air,"exhaust air, used air",simplex,,ft,2.48,3.0,False,,,,,wiktionary:kaikki@2026-10-03
de,Barke,f,boat,(small) boat,simplex,,ke,2.48,2.0,False,,,,,wiktionary:kaikki@2026-10-03
de,Okzident,m,occident,occident,simplex,,nt,2.48,3.0,False,,,,,wiktionary:kaikki@2026-10-03
de,Kanüle,f,hypodermic needle,hypodermic needle,simplex,,le,2.48,3.0,False,,,,,wiktionary:kaikki@2026-10-03
de,Knittel,m,club,club,simplex,,el,2.48,2.0,False,,,,,wiktionary:kaikki@2026-10-03
de,Melanom,n,melanoma,melanoma,simplex,,om,2.48,3.0,True,,,,,wiktionary:kaikki@2026-10-03
de,Mucks,m,noise,"noise, peep",simplex,,ks,2.47,2.0,False,,,,,wiktionary:kaikki@2026-10-03
de,Pasch,m,doubles,"doubles, doublets",simplex,,ch,2.47,2.0,False,,,,,wiktionary:kaikki@2026-10-03
de,Serail,m,seraglio,seraglio (palace of a Sultan),simplex,,il,2.47,2.0,False,,,,,wiktionary:kaikki@2026-10-03
de,Prophetie,f,prophecy,prophecy (something prophesied),simplex,,ie,2.47,2.0,False,,,,,wiktionary:kaikki@2026-10-03
de,Bohle,f,thick board or plank,thick board or plank,simplex,,le,2.47,2.0,False,,,,,wiktionary:kaikki@2026-10-03
de,Zelluloid,n,celluloid,celluloid,simplex,,id,2.47,4.0,False,,,,,wiktionary:kaikki@2026-10-03
de,Volte,f,volt,"volt, volte",simplex,,te,2.47,2.0,False,,,,,wiktionary:kaikki@2026-10-03
de,Achat,m,agate,agate,simplex,,at,2.47,2.0,False,,,,,wiktionary:kaikki@2026-10-03
de,Durstlöscher,m,thirst-quenching drink,thirst-quenching drink,simplex,,er,2.47,4.0,False,,,,,wiktionary:kaikki@2026-10-03
de,Stößel,m,pestle,pestle,simplex,,el,2.47,4.0,False,,,,,wiktionary:kaikki@2026-10-03
de,Melasse,f,molasses,"molasses, treacle",simplex,,se,2.47,2.0,False,,,,,wiktionary:kaikki@2026-10-03
de,Entomologie,f,entomology,entomology (study of insects),simplex,,ie,2.47,3.0,False,,,,,wiktionary:kaikki@2026-10-03
de,Rosine,f,raisin,raisin,simplex,,ne,2.47,2.0,False,,,,,wiktionary:kaikki@2026-10-03
de,Panoptikum,n,wax museum,"wax museum, waxworks",simplex,,um,2.46,4.0,False,,,,,wiktionary:kaikki@2026-10-03
de,Tubus,m,tube especially such a part of an optical instrument,tube (hollow cylinder) especially such a part of an optical instrument,simplex,,us,2.46,2.0,False,,,,,wiktionary:kaikki@2026-10-03
de,Jurte,f,yurt,yurt (kind of tent used by nomads in Inner Asia),simplex,,te,2.46,2.0,False,,,,,wiktionary:kaikki@2026-10-03
de,Krempe,f,brim,brim,simplex,,pe,2.46,3.0,False,,,,,wiktionary:kaikki@2026-10-03
de,Hausse,f,bull market,bull market,simplex,,se,2.46,2.0,False,,,,,wiktionary:kaikki@2026-10-03
de,Ethnographie,f,ethnography,ethnography,simplex,,ie,2.46,4.0,False,,,,,wiktionary:kaikki@2026-10-03
de,Refektorium,n,refectory,refectory (dining hall in a monastery),simplex,,um,2.46,4.0,False,,,,,wiktionary:kaikki@2026-10-03
de,Storno,n,cancellation,"cancellation, reversal",simplex,,no,2.46,2.0,False,,,,,wiktionary:kaikki@2026-10-03
de,Tupfer,m,swab,"swab, pad, pledget, tampon",simplex,,er,2.46,2.0,False,,,,,wiktionary:kaikki@2026-10-03
de,Diwan,m,divan,divan (sofa),simplex,,an,2.46,2.0,False,,,,,wiktionary:kaikki@2026-10-03
de,Ätiologie,f,aetiology,aetiology (study of causes or origins),simplex,,ie,2.46,3.0,False,,,,,wiktionary:kaikki@2026-10-03
de,Autarkie,f,self-sufficiency,"self-sufficiency, autarky",simplex,,ie,2.45,3.0,False,,,,,wiktionary:kaikki@2026-10-03
de,Ahle,f,awl,awl,simplex,,le,2.45,2.0,False,,,,,wiktionary:kaikki@2026-10-03
de,Mief,m,bad-smelling air,bad-smelling air,simplex,,ef,2.45,2.0,False,,,,,wiktionary:kaikki@2026-10-03
de,Contergan,n,thalidomide,thalidomide,simplex,,an,2.45,3.0,False,,,,,wiktionary:kaikki@2026-10-03
de,Contenance,f,countenance,"countenance, composure",simplex,,ce,2.45,2.0,True,,,,,wiktionary:kaikki@2026-10-03
de,Destillerie,f,distillery,distillery,simplex,,ie,2.45,3.0,False,,,,,wiktionary:kaikki@2026-10-03
de,Ölberg,m,olive grove,olive grove,simplex,,rg,2.45,2.0,False,,,,,wiktionary:kaikki@2026-10-03
de,Enzephalitis,f,encephalitis,encephalitis (inflammation of the brain),simplex,,is,2.45,5.0,True,,,,,wiktionary:kaikki@2026-10-03
de,Senkel,m,lace,lace,simplex,,el,2.45,2.0,False,,,,,wiktionary:kaikki@2026-10-03
de,Lappalie,f,bagatelle,"bagatelle, trifle, minor thing",simplex,,ie,2.45,3.0,False,,,,,wiktionary:kaikki@2026-10-03
de,Xylophon,n,xylophone,xylophone,simplex,,on,2.44,4.0,True,,,,,wiktionary:kaikki@2026-10-03
de,Konfekt,n,confection,"confection, candy",simplex,,kt,2.44,3.0,False,,,,,wiktionary:kaikki@2026-10-03
de,Trigonometrie,f,trigonometry,trigonometry,simplex,,ie,2.44,4.0,False,,,,,wiktionary:kaikki@2026-10-03
de,Voliere,f,aviary,aviary,simplex,,re,2.44,2.0,False,,,,,wiktionary:kaikki@2026-10-03
de,Ductus,m,former spelling of duktus which is no longer standard,Former spelling of Duktus which is no longer standard.,simplex,,us,2.44,3.0,False,,,,,wiktionary:kaikki@2026-10-03
de,Schwemme,f,glut,glut,simplex,,me,2.44,2.0,False,,,,,wiktionary:kaikki@2026-10-03
de,Amüsement,n,amusement,amusement,simplex,,nt,2.44,4.0,True,,,,,wiktionary:kaikki@2026-10-03
de,Stola,f,loose scarf,"a loose scarf, wrap, worn on top of other clothes",simplex,,la,2.44,2.0,False,wordnet:garment.n.01,,,,wiktionary:kaikki@2026-10-03
de,Nitrit,n,nitrite,nitrite,simplex,,it,2.44,2.0,True,,,,,wiktionary:kaikki@2026-10-03
de,Vasektomie,f,vasectomy,vasectomy,simplex,,ie,2.44,5.0,False,,,,,wiktionary:kaikki@2026-10-03
de,Aspartam,n,aspartame,aspartame,simplex,,am,2.44,3.0,True,,,,,wiktionary:kaikki@2026-10-03
de,Fingerfood,n,finger food,finger food (food that can be eaten with one's hands),simplex,,od,2.43,2.0,True,,,,,wiktionary:kaikki@2026-10-03
de,Makrele,f,mackerel,mackerel,simplex,,le,2.43,3.0,False,,,,,wiktionary:kaikki@2026-10-03
de,Jauche,f,liquid manure,liquid manure,simplex,,he,2.43,2.0,False,,,,,wiktionary:kaikki@2026-10-03
de,Platane,f,plane,"plane, planetree",simplex,,ne,2.43,2.0,False,,,,,wiktionary:kaikki@2026-10-03
de,Flanell,m,flannel,flannel (soft cloth material),simplex,,ll,2.43,3.0,False,,,,,wiktionary:kaikki@2026-10-03
de,Gnosis,f,gnosis,gnosis,simplex,,is,2.43,2.0,True,,,,,wiktionary:kaikki@2026-10-03
de,Dialektologie,f,dialectology,dialectology,simplex,,ie,2.43,4.0,False,,,,,wiktionary:kaikki@2026-10-03
de,Ornithologie,f,ornithology,ornithology (scientific study of birds),simplex,,ie,2.43,3.0,False,,,,,wiktionary:kaikki@2026-10-03
de,Glaukom,n,glaucoma,glaucoma,simplex,,om,2.42,3.0,False,,,,,wiktionary:kaikki@2026-10-03
de,Schemel,m,footstool,footstool,simplex,,el,2.42,3.0,False,,,,,wiktionary:kaikki@2026-10-03
de,Logopädie,f,speech therapy,speech therapy,simplex,,ie,2.42,4.0,False,,,,,wiktionary:kaikki@2026-10-03
de,Toupet,n,toupee,toupee,simplex,,et,2.42,2.0,False,,,,,wiktionary:kaikki@2026-10-03
de,Düker,m,culvert,culvert,simplex,,er,2.42,2.0,False,,,,,wiktionary:kaikki@2026-10-03
de,Marotte,f,quirk,"quirk, idiosyncrasy",simplex,,te,2.42,2.0,False,,,,,wiktionary:kaikki@2026-10-03
de,Unzeit,f,inopportune time,inopportune time,simplex,,it,2.42,2.0,False,,,,,wiktionary:kaikki@2026-10-03
de,Nisse,f,nit,nit (louse egg),simplex,,se,2.42,2.0,False,,,,,wiktionary:kaikki@2026-10-03
de,Flocke,f,flake,flake,simplex,,ke,2.42,3.0,False,,,,,wiktionary:kaikki@2026-10-03
de,Siebener,m,something with a number,"something with a number, value or size of seven",simplex,,er,2.41,3.0,False,,,,,wiktionary:kaikki@2026-10-03
de,Ölfarbe,f,oil paint,oil paint,simplex,,be,2.41,4.0,False,,,,,wiktionary:kaikki@2026-10-03
de,Ölfeld,n,oil field,oil field,simplex,,ld,2.41,3.0,False,,,,,wiktionary:kaikki@2026-10-03
de,Heidentum,n,paganism,paganism,simplex,,um,2.41,3.0,False,,,,,wiktionary:kaikki@2026-10-03
de,Harpune,f,harpoon,harpoon,simplex,,ne,2.41,3.0,False,,,,,wiktionary:kaikki@2026-10-03
de,Matjes,m,young herring,"young herring, usually pickled",simplex,,es,2.41,2.0,False,,,,,wiktionary:kaikki@2026-10-03
de,Untat,f,atrocity,atrocity,simplex,,at,2.41,2.0,False,,,,,wiktionary:kaikki@2026-10-03
de,Bakteriologie,f,bacteriology,bacteriology (the scientific study of bacteria),simplex,,ie,2.41,4.0,False,,,,,wiktionary:kaikki@2026-10-03
de,Quarzit,m,quartzite,quartzite,simplex,,it,2.41,3.0,False,,,,,wiktionary:kaikki@2026-10-03
de,Konus,m,cone,cone,simplex,,us,2.41,2.0,False,,,,,wiktionary:kaikki@2026-10-03
de,Kimme,f,notch,"a notch, particularly in the sight of a firearm",simplex,,me,2.4,2.0,False,,,,,wiktionary:kaikki@2026-10-03
de,Junkfood,m,junk food,junk food (food with little or no nutritional value),simplex,,od,2.4,2.0,True,,,,,wiktionary:kaikki@2026-10-03
de,Pipette,f,pipette,"pipette, pipet",simplex,,te,2.4,2.0,True,,,,,wiktionary:kaikki@2026-10-03
de,Markise,f,awning,awning,simplex,,se,2.4,2.0,False,,,,,wiktionary:kaikki@2026-10-03
de,Tacker,m,stapler,stapler,simplex,,er,2.4,2.0,False,,,,,wiktionary:kaikki@2026-10-03
de,Überdruss,m,weariness,weariness,simplex,,ss,2.4,3.0,False,,,,,wiktionary:kaikki@2026-10-03
de,Phonologie,f,phonology,phonology (subfield of linguistics concerned with the way sounds function in languages),simplex,,ie,2.4,2.0,False,,,,,wiktionary:kaikki@2026-10-03
de,Knute,f,knout,knout,simplex,,te,2.4,2.0,False,,,,,wiktionary:kaikki@2026-10-03
de,Gorgonzola,m,gorgonzola,gorgonzola (cheese),simplex,,la,2.4,4.0,True,,,,,wiktionary:kaikki@2026-10-03
de,Zwicker,m,pince-nez,pince-nez,simplex,,er,2.4,2.0,False,,,,,wiktionary:kaikki@2026-10-03
de,Demagogie,f,demagogy,demagogy,simplex,,ie,2.4,3.0,False,,,,,wiktionary:kaikki@2026-10-03
de,Vinothek,f,wine collection,wine collection,simplex,,ek,2.4,4.0,False,,,,,wiktionary:kaikki@2026-10-03
de,Polder,m,polder,polder (land reclaimed from the sea by means of dikes),simplex,,er,2.4,2.0,True,,,,,wiktionary:kaikki@2026-10-03
de,Urtext,m,original version of a text,original version of a text,simplex,,xt,2.39,2.0,False,,,,,wiktionary:kaikki@2026-10-03
de,Stethoskop,n,stethoscope,stethoscope,simplex,,op,2.39,4.0,False,,,,,wiktionary:kaikki@2026-10-03
de,Youngtimer,m,more recent vintage car,more recent vintage car,simplex,,er,2.39,2.0,False,,,,,wiktionary:kaikki@2026-10-03
de,Gaffel,f,gaff,gaff (spar for a sail),simplex,,el,2.39,3.0,False,,,,,wiktionary:kaikki@2026-10-03
de,Hypophyse,f,pituitary gland,"pituitary gland, pituitary (endocrine gland)",simplex,,se,2.39,4.0,False,,,,,wiktionary:kaikki@2026-10-03
de,Schorle,f,mixture of a carbonated soft drink with wine or juice,a mixture of a carbonated soft drink with wine or juice,simplex,,le,2.39,3.0,False,,,,,wiktionary:kaikki@2026-10-03
de,Wildbret,n,meat from game,meat from game; venison,simplex,,et,2.39,3.0,False,,,,,wiktionary:kaikki@2026-10-03
de,Paralyse,f,paralysis,paralysis (loss of muscle control),simplex,,se,2.38,3.0,False,,,,,wiktionary:kaikki@2026-10-03
de,Ataxie,f,ataxia,ataxia (lack of coordination),simplex,,ie,2.38,3.0,False,,,,,wiktionary:kaikki@2026-10-03
de,Milchshake,m,milkshake,milkshake,simplex,,ke,2.38,3.0,False,,,,,wiktionary:kaikki@2026-10-03
de,Flaum,m,fluff,"fluff; down (thin hair, such as on an adolescent boy’s upper lip)",simplex,,um,2.38,2.0,False,gloss,,,,wiktionary:kaikki@2026-10-03
de,Tomographie,f,tomography,tomography,simplex,,ie,2.38,3.0,False,,,,,wiktionary:kaikki@2026-10-03
de,Prüderie,f,prudery,"prudery, prudishness",simplex,,ie,2.38,4.0,False,,,,,wiktionary:kaikki@2026-10-03
de,Exitus,m,death,"death, passing",simplex,,us,2.38,2.0,False,,,,,wiktionary:kaikki@2026-10-03
de,Politologie,f,political science,political science,simplex,,ie,2.38,2.0,False,,,,,wiktionary:kaikki@2026-10-03
de,Kolorit,n,colouring,"colouring, palette",simplex,,it,2.38,3.0,False,,,,,wiktionary:kaikki@2026-10-03
de,Urbild,n,archetype,archetype,simplex,,ld,2.38,2.0,False,,,,,wiktionary:kaikki@2026-10-03
de,Cidre,m,cider,"cider, sparkling apple wine",simplex,,re,2.38,3.0,False,,,,,wiktionary:kaikki@2026-10-03
de,Furunkel,m,boil,"boil, furuncle",simplex,,el,2.38,3.0,False,,,,,wiktionary:kaikki@2026-10-03
de,Lusche,f,deuce,deuce (worthless card),simplex,,he,2.38,3.0,False,,,,,wiktionary:kaikki@2026-10-03
de,Ölbild,n,synonym of ölgemälde,synonym of Ölgemälde,simplex,,ld,2.37,3.0,False,,,,,wiktionary:kaikki@2026-10-03
de,Sunna,f,sunnah,sunnah,simplex,,na,2.37,2.0,True,,,,,wiktionary:kaikki@2026-10-03
de,Prokura,f,general agency,"general agency, express authority to act within commercial trade with effect for the person owning a business (§ 49 HGB)",simplex,,ra,2.37,3.0,False,,,,,wiktionary:kaikki@2026-10-03
de,Schlenzer,m,curler,"curler, scoop (pass or a shot of the ball which swerves)",simplex,,er,2.37,3.0,False,,,,,wiktionary:kaikki@2026-10-03
de,Agonie,f,agony,"agony, (death) throes",simplex,,ie,2.37,3.0,False,,,,,wiktionary:kaikki@2026-10-03
de,Rekurs,m,recourse,recourse,simplex,,rs,2.37,3.0,False,,,,,wiktionary:kaikki@2026-10-03
de,Retoure,f,return,(product) return,simplex,,re,2.37,2.0,False,,,,,wiktionary:kaikki@2026-10-03
de,Embolie,f,embolism,embolism (obstruction or occlusion of a blood vessel by an embolus),simplex,,ie,2.37,2.0,False,,,,,wiktionary:kaikki@2026-10-03
de,Lapislazuli,m,lapis lazuli,lapis lazuli,simplex,,li,2.37,5.0,True,,,,,wiktionary:kaikki@2026-10-03
de,Cunnilingus,m,cunnilingus,cunnilingus,simplex,,us,2.37,4.0,True,,,,,wiktionary:kaikki@2026-10-03
de,Rupie,f,rupee,rupee (monetary currency),simplex,,ie,2.37,3.0,False,,,,,wiktionary:kaikki@2026-10-03
de,Feh,n,squirrel fur,squirrel fur; vair,simplex,,eh,2.37,2.0,False,,,,,wiktionary:kaikki@2026-10-03
de,Altan,m,raised deck or terrace,"raised deck or terrace, large balcony supported by walls or columns",simplex,,an,2.37,2.0,False,,,,,wiktionary:kaikki@2026-10-03
de,Ausguck,m,crow's nest,"crow's nest, lookout",simplex,,ck,2.37,3.0,False,,,,,wiktionary:kaikki@2026-10-03
de,Klimatologie,f,climatology,climatology,simplex,,ie,2.37,4.0,False,,,,,wiktionary:kaikki@2026-10-03
de,Kotelett,n,chop,"chop, cutlet",simplex,,tt,2.37,3.0,False,,,,,wiktionary:kaikki@2026-10-03
de,Chinin,n,quinine,quinine,simplex,,in,2.36,2.0,False,,,,,wiktionary:kaikki@2026-10-03
de,Christologie,f,christology,Christology,simplex,,ie,2.36,2.0,False,,,,,wiktionary:kaikki@2026-10-03
de,Reede,f,roadstead,roadstead (partly-sheltered anchorage outside a harbour),simplex,,de,2.36,2.0,False,,,,,wiktionary:kaikki@2026-10-03
de,Diskant,m,descant,descant,simplex,,nt,2.36,2.0,False,,,,,wiktionary:kaikki@2026-10-03
de,Komplement,n,complement,complement (something which complements),simplex,,nt,2.36,2.0,True,,,,,wiktionary:kaikki@2026-10-03
de,Splitt,m,grit,grit; stone chips (fine gravel),simplex,,tt,2.36,2.0,False,,,,,wiktionary:kaikki@2026-10-03
de,Korona,f,corona,corona,simplex,,na,2.36,2.0,False,,,,,wiktionary:kaikki@2026-10-03
de,Dirigat,n,direction of an orchestra or choir,the direction of an orchestra or choir,simplex,,at,2.36,3.0,False,,,,,wiktionary:kaikki@2026-10-03
de,Kiba,m,cherry banana juice,"cherry banana juice, a nonalcoholic mixed drink.",simplex,,ba,2.36,2.0,False,,,,,wiktionary:kaikki@2026-10-03
de,Coenzym,n,coenzyme,coenzyme,simplex,,ym,2.36,3.0,True,,,,,wiktionary:kaikki@2026-10-03
de,Kajal,n,kohl,kohl,simplex,,al,2.36,3.0,False,wordnet:cosmetic.n.01,,,,wiktionary:kaikki@2026-10-03
de,Sultanat,n,sultanate,sultanate,simplex,,at,2.35,2.0,True,,,,,wiktionary:kaikki@2026-10-03
de,Krampe,f,staple,"staple, cramp (U-shaped hook with pointed ends)",simplex,,pe,2.35,3.0,False,,,,,wiktionary:kaikki@2026-10-03
de,Thuja,f,thuja,thuja,simplex,,ja,2.35,2.0,True,,,,,wiktionary:kaikki@2026-10-03
de,Gatt,n,eyelet,eyelet; hole for a rope or hook,simplex,,tt,2.35,2.0,False,,,,,wiktionary:kaikki@2026-10-03
de,Kien,m,resinous wood,"resinous wood, fit for firing",simplex,,en,2.35,2.0,False,,,,,wiktionary:kaikki@2026-10-03
de,Belcanto,m,bel canto,bel canto,simplex,,to,2.35,3.0,True,,,,,wiktionary:kaikki@2026-10-03
de,Telex,n,printed message sent via a telex machine,printed message sent via a telex machine,simplex,,ex,2.35,2.0,False,,,,,wiktionary:kaikki@2026-10-03
de,Determinante,f,determinant,determinant,simplex,,te,2.35,2.0,True,,,,,wiktionary:kaikki@2026-10-03
de,Schindel,f,shingle,shingle,simplex,,el,2.35,3.0,False,,,,,wiktionary:kaikki@2026-10-03
de,Krad,n,motorcycle,motorcycle,simplex,,ad,2.35,2.0,False,,,,,wiktionary:kaikki@2026-10-03
de,Septime,f,seventh,"A seventh; an interval of 10 (kleine Septime, minor seventh) or 11 (große Septime, major seventh) semitones.",simplex,,me,2.35,2.0,False,,,,,wiktionary:kaikki@2026-10-03
de,Abguss,m,mold,"mold, cast",simplex,,ss,2.35,3.0,False,,,,,wiktionary:kaikki@2026-10-03
de,Erguss,m,leakage of fluid to another area,leakage of fluid to another area.,simplex,,ss,2.34,2.0,False,,,,,wiktionary:kaikki@2026-10-03
de,Polynom,n,polynomial,a polynomial,simplex,,om,2.34,2.0,False,,,,,wiktionary:kaikki@2026-10-03
de,Streetfood,n,street food,street food,simplex,,od,2.34,2.0,True,,,,,wiktionary:kaikki@2026-10-03
de,Flummi,m,bouncy ball,bouncy ball,simplex,,mi,2.34,3.0,False,,,,,wiktionary:kaikki@2026-10-03
de,Dusel,m,undeserved luck,"undeserved luck, fortune",simplex,,el,2.34,3.0,False,,,,,wiktionary:kaikki@2026-10-03
de,Jolle,f,dinghy,dinghy (small boat),simplex,,le,2.34,2.0,False,,,,,wiktionary:kaikki@2026-10-03
de,Tripel,n,triple,triple (mathematics - a kind of three),simplex,,el,2.34,2.0,False,,,,,wiktionary:kaikki@2026-10-03
de,Physiognomie,f,physiognomy,physiognomy,simplex,,ie,2.34,5.0,False,,,,,wiktionary:kaikki@2026-10-03
de,Rodler,m,luger,"luger, sledder (who participates in the sport known as luge)",simplex,,er,2.33,2.0,False,,,,,wiktionary:kaikki@2026-10-03
de,Öffner,m,opener,opener (device that opens something),simplex,,er,2.33,3.0,False,,,,,wiktionary:kaikki@2026-10-03
de,Hemmnis,n,hindrance,hindrance; obstruction,simplex,,is,2.33,3.0,False,,,,,wiktionary:kaikki@2026-10-03
de,Undank,m,ingratitude,ingratitude; thanklessness; unthankfulness,simplex,,nk,2.33,2.0,False,,,,,wiktionary:kaikki@2026-10-03
de,Öllampe,f,oil lamp,oil lamp,simplex,,pe,2.33,4.0,False,,,,,wiktionary:kaikki@2026-10-03
de,Rhapsodie,f,rhapsody,rhapsody,simplex,,ie,2.33,3.0,False,,,,,wiktionary:kaikki@2026-10-03
de,Einspänner,m,one-horse carriage,one-horse carriage,simplex,,er,2.33,3.0,False,,,,,wiktionary:kaikki@2026-10-03
de,Abraum,m,overburden,overburden; spoil,simplex,,um,2.32,3.0,False,,,,,wiktionary:kaikki@2026-10-03
de,Mopp,m,mop,mop,simplex,,pp,2.32,2.0,False,,,,,wiktionary:kaikki@2026-10-03
de,Kalmar,m,squid,squid,simplex,,ar,2.32,2.0,False,,,,,wiktionary:kaikki@2026-10-03
de,Ostalgie,f,nostalgia for east germany,nostalgia for East Germany; Eastalgia,simplex,,ie,2.32,3.0,False,,,,,wiktionary:kaikki@2026-10-03
de,Diktum,n,dictum,dictum,simplex,,um,2.32,3.0,False,,,,,wiktionary:kaikki@2026-10-03
de,Zirkon,m,zircon,zircon,simplex,,on,2.32,3.0,False,,,,,wiktionary:kaikki@2026-10-03
de,Magnetit,m,magnetite,magnetite,simplex,,it,2.32,2.0,True,,,,,wiktionary:kaikki@2026-10-03
de,Aphasie,f,aphasia,aphasia (pathological speech disorder),simplex,,ie,2.32,3.0,False,,,,,wiktionary:kaikki@2026-10-03
de,Neolithikum,n,neolithic,"Neolithic, New Stone Age",simplex,,um,2.32,4.0,False,,,,,wiktionary:kaikki@2026-10-03
de,Emittent,m,issuer,"issuer (an entity, such as a corporation or government, that issues and sells securities to finance its operations)",simplex,,nt,2.32,3.0,False,,,,,wiktionary:kaikki@2026-10-03
de,Allergologie,f,allergology,allergology,simplex,,ie,2.32,3.0,False,,,,,wiktionary:kaikki@2026-10-03
de,Turmalin,m,tourmaline,tourmaline,simplex,,in,2.32,3.0,False,,,,,wiktionary:kaikki@2026-10-03
de,Bonmot,n,witticism,witticism; a witty (i.e. clever and funny) saying; bon mot (but not implying a riposte),simplex,,ot,2.31,2.0,False,,,,,wiktionary:kaikki@2026-10-03
de,Niederkunft,f,birth,"birth, childbirth, confinement, childbed, accouchement, travail, delivery",simplex,,ft,2.31,4.0,False,,,,,wiktionary:kaikki@2026-10-03
de,Fayence,f,faience,faience,simplex,,ce,2.31,2.0,False,,,,,wiktionary:kaikki@2026-10-03
de,Imperfekt,n,imperfect,imperfect,simplex,,kt,2.31,3.0,False,,,,,wiktionary:kaikki@2026-10-03
de,Bajazzo,m,comic figure or buffoon in italian theater,comic figure or buffoon in Italian theater,simplex,,zo,2.31,3.0,False,,,,,wiktionary:kaikki@2026-10-03
de,Hypoglykämie,f,hypoglycemia,hypoglycemia,simplex,,ie,2.31,6.0,False,,,,,wiktionary:kaikki@2026-10-03
de,Schote,f,pod,pod; hull; husk,simplex,,te,2.31,2.0,False,,,,,wiktionary:kaikki@2026-10-03
de,Diffusor,m,diffuser,diffuser,simplex,,or,2.31,3.0,False,,,,,wiktionary:kaikki@2026-10-03
de,Koka,f,coca bush,coca bush (Erythroxylum coca),simplex,,ka,2.31,2.0,False,,,,,wiktionary:kaikki@2026-10-03
de,Rhizom,n,rhizome,rhizome,simplex,,om,2.31,3.0,True,,,,,wiktionary:kaikki@2026-10-03
de,Hyperthermie,f,hyperthermia,hyperthermia,simplex,,ie,2.31,3.0,True,,,,,wiktionary:kaikki@2026-10-03
de,Kaverne,f,manmade cavern,manmade cavern,simplex,,ne,2.31,3.0,False,,,,,wiktionary:kaikki@2026-10-03
de,Eschatologie,f,eschatology,"eschatology (system of doctrines concerning final matters, such as death, the end of the world)",simplex,,ie,2.31,3.0,False,,,,,wiktionary:kaikki@2026-10-03
de,Phimose,f,phimosis,phimosis,simplex,,se,2.3,3.0,False,,,,,wiktionary:kaikki@2026-10-03
de,Kaftan,m,kaftan,kaftan,simplex,,an,2.3,3.0,True,,,,,wiktionary:kaikki@2026-10-03
de,Etter,m,fence,fence,simplex,,er,2.3,2.0,False,,,,,wiktionary:kaikki@2026-10-03
de,Katechese,f,catechesis,catechesis (religious instruction),simplex,,se,2.3,3.0,False,,,,,wiktionary:kaikki@2026-10-03
de,Bauxit,m,bauxite,bauxite,simplex,,it,2.29,3.0,True,,,,,wiktionary:kaikki@2026-10-03
de,Arnika,f,arnica,Arnica (arnica),simplex,,ka,2.29,2.0,False,,,,,wiktionary:kaikki@2026-10-03
de,Gallert,n,aspic,"aspic, jelly, mostly from meat or fish",simplex,,rt,2.29,2.0,False,,,,,wiktionary:kaikki@2026-10-03
de,Anorexie,f,anorexia,anorexia,simplex,,ie,2.29,4.0,False,,,,,wiktionary:kaikki@2026-10-03
de,Abart,f,subspecies,"subspecies, subkind, subvariety; a kind which deviates from a standard or a convention or a norm",simplex,,rt,2.29,2.0,False,,,,,wiktionary:kaikki@2026-10-03
de,Reiskocher,m,rice cooker,rice cooker,simplex,,er,2.29,4.0,False,,,,,wiktionary:kaikki@2026-10-03
de,Sech,n,coulter,"coulter (knife on a plough, fixed in front of the ploughshare)",simplex,,ch,2.29,2.0,False,,,,,wiktionary:kaikki@2026-10-03
de,Magnolie,f,magnolia,magnolia,simplex,,ie,2.29,2.0,False,,,,,wiktionary:kaikki@2026-10-03
de,Tilsiter,m,tilsit cheese,Tilsit cheese,simplex,,er,2.29,3.0,False,,,,,wiktionary:kaikki@2026-10-03
de,Röte,f,redness,redness,simplex,,te,2.28,3.0,False,,,,,wiktionary:kaikki@2026-10-03
de,Sexus,m,sex,sex,simplex,,us,2.28,2.0,False,,,,,wiktionary:kaikki@2026-10-03
de,Labello,m,lip balm,lip balm; chapstick (a plastic stick including a substance that is applied to the lips to relieve dry lips),simplex,,lo,2.28,2.0,False,,,,,wiktionary:kaikki@2026-10-03
de,Gallone,f,gallon,gallon,simplex,,ne,2.28,2.0,True,,,,,wiktionary:kaikki@2026-10-03
de,Jaspis,m,jasper,jasper,simplex,,is,2.28,3.0,False,,,,,wiktionary:kaikki@2026-10-03
de,Diaphragma,n,diaphragm,diaphragm (contraceptive device),simplex,,ma,2.28,3.0,True,,,,,wiktionary:kaikki@2026-10-03
de,Gaskocher,m,camp stove,"camp stove, portable gas stove",simplex,,er,2.28,4.0,False,,,,,wiktionary:kaikki@2026-10-03
de,Herbizid,n,herbicide,herbicide,simplex,,id,2.28,3.0,False,,,,,wiktionary:kaikki@2026-10-03
de,Ulk,m,joke,joke,simplex,,lk,2.28,2.0,False,,,,,wiktionary:kaikki@2026-10-03
de,Milbe,f,mite,mite (an arachnid),simplex,,be,2.28,2.0,False,,,,,wiktionary:kaikki@2026-10-03
de,Besäufnis,n,drinking binge,drinking binge,simplex,,is,2.28,4.0,False,,,,,wiktionary:kaikki@2026-10-03
de,Striemen,m,stripe,"stripe, weal, wale, a linear pattern on skin, as resulting from a violent lash",simplex,,en,2.28,3.0,False,,,,,wiktionary:kaikki@2026-10-03
de,Dukat,m,ducat,ducat (gold coin),simplex,,at,2.27,3.0,False,,,,,wiktionary:kaikki@2026-10-03
de,Leckage,f,leak,"leak, leakage",simplex,,ge,2.27,3.0,False,,,,,wiktionary:kaikki@2026-10-03
de,Poloch,n,anus,anus,simplex,,ch,2.27,2.0,False,,,,,wiktionary:kaikki@2026-10-03
de,Lymphe,f,lymph,lymph (the fluid carried by the lymphatic system),simplex,,he,2.27,3.0,True,,,,,wiktionary:kaikki@2026-10-03
de,Avers,m,obverse,obverse (of a coin),simplex,,rs,2.27,2.0,False,,,,,wiktionary:kaikki@2026-10-03
de,Kognak,m,cognac,cognac,simplex,,ak,2.27,3.0,False,,,,,wiktionary:kaikki@2026-10-03
de,Vestibül,n,lobby,"lobby, large vestibule found in palaces etc.",simplex,,ül,2.27,3.0,False,,,,,wiktionary:kaikki@2026-10-03
de,Ödnis,f,wasteland,wasteland,simplex,,is,2.27,3.0,False,,,,,wiktionary:kaikki@2026-10-03
de,Hysterektomie,f,hysterectomy,hysterectomy,simplex,,ie,2.27,6.0,False,,,,,wiktionary:kaikki@2026-10-03
de,Wipfel,m,treetop,treetop,simplex,,el,2.27,3.0,False,,,,,wiktionary:kaikki@2026-10-03
de,Tilde,f,tilde,tilde,simplex,,de,2.27,2.0,True,,,,,wiktionary:kaikki@2026-10-03
de,Flunder,f,flounder,flounder (sea fish),simplex,,er,2.27,2.0,True,,,,,wiktionary:kaikki@2026-10-03
de,Lettner,m,rood screen,rood screen (carved screen),simplex,,er,2.27,3.0,False,,,,,wiktionary:kaikki@2026-10-03
de,Humpen,m,tankard,"tankard (massy container, usually for beer)",simplex,,en,2.26,3.0,False,,,,,wiktionary:kaikki@2026-10-03
de,Epiphanie,f,epiphany,epiphany,simplex,,ie,2.26,4.0,False,,,,,wiktionary:kaikki@2026-10-03
de,Ambo,m,ambo,ambo (stationary podium),simplex,,bo,2.26,2.0,True,,,,,wiktionary:kaikki@2026-10-03
de,Anorak,m,parka,"parka, anorak",simplex,,ak,2.26,3.0,False,wordnet:garment.n.01,,,,wiktionary:kaikki@2026-10-03
de,Requisit,n,prop,prop,simplex,,it,2.26,3.0,False,,,,,wiktionary:kaikki@2026-10-03
de,Haspe,f,hinge,hinge,simplex,,pe,2.26,2.0,False,,,,,wiktionary:kaikki@2026-10-03
de,Mitose,f,mitosis,mitosis (division of a cell nucleus),simplex,,se,2.26,2.0,False,,,,,wiktionary:kaikki@2026-10-03
de,Muskete,f,musket,musket,simplex,,te,2.26,2.0,True,,,,,wiktionary:kaikki@2026-10-03
de,Trutz,m,defence,"defence, resistance",simplex,,tz,2.26,2.0,False,,,,,wiktionary:kaikki@2026-10-03
de,Ambra,f,ambergris,ambergris,simplex,,ra,2.26,2.0,False,,,,,wiktionary:kaikki@2026-10-03
de,Selbstbräuner,m,fake tan,"fake tan, self-tanner (substance, usually a lotion, cream, or oil, that contains chemicals which, when applied to the skin, react to give the appearance of a suntan)",simplex,,er,2.26,4.0,False,,,,,wiktionary:kaikki@2026-10-03
de,Buten,n,butene,"butene, butylene (C₄H₈)",simplex,,en,2.26,2.0,True,,,,,wiktionary:kaikki@2026-10-03
de,Hydrologie,f,hydrology,hydrology,simplex,,ie,2.25,3.0,False,,,,,wiktionary:kaikki@2026-10-03
de,Burleske,f,burlesque,burlesque,simplex,,ke,2.25,3.0,False,,,,,wiktionary:kaikki@2026-10-03
de,Lünette,f,bezel,bezel (rim and flange which encompasses and fastens a jewel or other object),simplex,,te,2.25,3.0,False,,,,,wiktionary:kaikki@2026-10-03
de,Rezidiv,n,relapse,"relapse, recurrence",simplex,,iv,2.25,4.0,False,,,,,wiktionary:kaikki@2026-10-03
de,Zwölfer,m,something with a number,"something with a number, value or size of twelve",simplex,,er,2.25,3.0,False,,,,,wiktionary:kaikki@2026-10-03
de,Epithel,n,epithelium,epithelium,simplex,,el,2.25,3.0,False,,,,,wiktionary:kaikki@2026-10-03
de,Mammographie,f,mammography,mammography,simplex,,ie,2.25,4.0,False,,,,,wiktionary:kaikki@2026-10-03
de,Parodontitis,f,periodontitis,periodontitis (any of a number of inflammatory diseases affecting the periodontium),simplex,,is,2.25,3.0,False,,,,,wiktionary:kaikki@2026-10-03
de,Aphrodisiakum,n,aphrodisiac,aphrodisiac,simplex,,um,2.25,6.0,False,,,,,wiktionary:kaikki@2026-10-03
de,Ägyptologie,f,egyptology,Egyptology,simplex,,ie,2.25,3.0,False,,,,,wiktionary:kaikki@2026-10-03
de,Tutorium,n,tutorial,a tutorial,simplex,,um,2.25,2.0,False,,,,,wiktionary:kaikki@2026-10-03
de,Stimulans,n,stimulant,stimulant,simplex,,ns,2.25,3.0,False,,,,,wiktionary:kaikki@2026-10-03
de,Retorte,f,retort,retort,simplex,,te,2.24,2.0,True,,,,,wiktionary:kaikki@2026-10-03
de,Hämatit,m,haematite / hematite,haematite / hematite,simplex,,it,2.24,3.0,False,,,,,wiktionary:kaikki@2026-10-03
de,Pissoir,n,urinal,urinal,simplex,,ir,2.24,3.0,False,,,,,wiktionary:kaikki@2026-10-03
de,Atrophie,f,atrophy,atrophy (reduced functionality of an organ),simplex,,ie,2.24,3.0,False,,,,,wiktionary:kaikki@2026-10-03
de,Olivin,m,olivine,olivine,simplex,,in,2.24,2.0,True,,,,,wiktionary:kaikki@2026-10-03
de,Couchsurfing,n,couch surfing,couch surfing,simplex,,ng,2.24,3.0,True,,,,,wiktionary:kaikki@2026-10-03
de,Flansch,m,flange to fasten to or anchor with other parts,"flange (projecting edge at the end of component (esp. of metal) to fasten to or anchor with other parts, now especially of pipes)",simplex,,ch,2.24,3.0,False,,,,,wiktionary:kaikki@2026-10-03
de,Kompositum,n,compound,"compound, compound word",simplex,,um,2.24,3.0,False,,,,,wiktionary:kaikki@2026-10-03
de,Pullunder,m,sweater vest,sweater vest; sleeveless sweater,simplex,,er,2.24,2.0,False,wordnet:garment.n.01,,,,wiktionary:kaikki@2026-10-03
de,Kleie,f,bran,bran,simplex,,ie,2.24,2.0,False,,,,,wiktionary:kaikki@2026-10-03
de,Haubitze,f,howitzer,howitzer,simplex,,ze,2.24,3.0,False,,,,,wiktionary:kaikki@2026-10-03
de,Girlande,f,festoon,festoon (ornament),simplex,,de,2.24,3.0,False,,,,,wiktionary:kaikki@2026-10-03
de,Palas,m,main building of a medieval fortified castle,"the main building of a medieval fortified castle, containing the great hall",simplex,,as,2.24,2.0,False,,,,,wiktionary:kaikki@2026-10-03
de,Quaste,f,tassel,tassel,simplex,,te,2.24,2.0,False,,,,,wiktionary:kaikki@2026-10-03
de,Quarte,f,fourth,A fourth; an interval of 5 semitones (perfect fourth).,simplex,,te,2.24,2.0,False,,,,,wiktionary:kaikki@2026-10-03
de,Krume,f,soft part of a baked good which is inside the crust,the soft part of a baked good which is inside the crust; the crumb,simplex,,me,2.24,2.0,False,,,,,wiktionary:kaikki@2026-10-03
de,Pyrolyse,f,pyrolysis,pyrolysis,simplex,,se,2.23,4.0,False,,,,,wiktionary:kaikki@2026-10-03
de,Hydrazin,n,hydrazine,hydrazine,simplex,,in,2.23,4.0,True,,,,,wiktionary:kaikki@2026-10-03
de,Klimax,f,climax,climax,simplex,,ax,2.23,3.0,False,,,,,wiktionary:kaikki@2026-10-03
de,Spermium,n,sperm,sperm (cell),simplex,,um,2.23,3.0,False,gloss,,,,wiktionary:kaikki@2026-10-03
de,Samowar,m,samovar,samovar,simplex,,ar,2.23,3.0,False,,,,,wiktionary:kaikki@2026-10-03
de,Chaot,m,chaotic person,chaotic person,simplex,,ot,2.23,2.0,False,,,,,wiktionary:kaikki@2026-10-03
de,Kolk,m,scour,"scour, pothole (underwater hollow caused by erosion)",simplex,,lk,2.23,2.0,False,,,,,wiktionary:kaikki@2026-10-03
de,Abakus,m,abacus,"abacus (table with balls on wires or counters in groves, for counting)",simplex,,us,2.23,3.0,False,,,,,wiktionary:kaikki@2026-10-03
de,Sprotte,f,european sprat,European sprat (Sprattus sprattus),simplex,,te,2.23,3.0,False,,,,,wiktionary:kaikki@2026-10-03
de,Zeolith,m,zeolite,zeolite,simplex,,th,2.23,2.0,False,,,,,wiktionary:kaikki@2026-10-03
de,Kombüse,f,galley,galley (kitchen of a vessel or aircraft),simplex,,se,2.22,4.0,False,,,,,wiktionary:kaikki@2026-10-03
de,Borte,f,border,"border, edging",simplex,,te,2.22,2.0,False,,,,,wiktionary:kaikki@2026-10-03
de,Philanthropie,f,philanthropy,philanthropy,simplex,,ie,2.22,4.0,False,,,,,wiktionary:kaikki@2026-10-03
de,Pampe,f,slurry,"slurry, mush",simplex,,pe,2.22,2.0,False,,,,,wiktionary:kaikki@2026-10-03
de,Unwucht,f,unbalanced mass,"unbalanced mass, wobble, flutter (uneven spread of mass causing irregularity in spinning motion)",simplex,,ht,2.22,3.0,False,,,,,wiktionary:kaikki@2026-10-03
de,Lende,f,loin,loin,simplex,,de,2.22,2.0,False,,,,,wiktionary:kaikki@2026-10-03
de,Matrize,f,mold,mold (hollow form or matrix for shaping a fluid or plastic substance),simplex,,ze,2.22,3.0,False,,,,,wiktionary:kaikki@2026-10-03
de,Graser,m,tongue,"tongue (of a deer, chamois, mouflon, etc.)",simplex,,er,2.22,2.0,False,,,,,wiktionary:kaikki@2026-10-03
de,Etüde,f,etude,etude,simplex,,de,2.22,3.0,True,,,,,wiktionary:kaikki@2026-10-03
de,Homologie,f,homology,homology,simplex,,ie,2.22,2.0,False,,,,,wiktionary:kaikki@2026-10-03
de,Apatit,m,apatite,apatite,simplex,,it,2.21,3.0,True,,,,,wiktionary:kaikki@2026-10-03
de,Ölpest,f,oil spill,"oil spill, oil pollution",simplex,,st,2.21,2.0,False,,,,,wiktionary:kaikki@2026-10-03
de,Fliese,f,tile,tile (on walls or floors),simplex,,se,2.21,2.0,False,,,,,wiktionary:kaikki@2026-10-03
de,Kliff,n,cliff,cliff (steep rock face),simplex,,ff,2.21,2.0,False,,,,,wiktionary:kaikki@2026-10-03
de,Chromatographie,f,chromatography,chromatography,simplex,,ie,2.21,4.0,False,,,,,wiktionary:kaikki@2026-10-03
de,Alraune,f,mandrake,mandrake (botany),simplex,,ne,2.21,3.0,False,,,,,wiktionary:kaikki@2026-10-03
de,Moräne,f,moraine,moraine,simplex,,ne,2.21,3.0,True,,,,,wiktionary:kaikki@2026-10-03
de,Stichel,m,burin,burin (prehistoric chisel),simplex,,el,2.21,2.0,False,,,,,wiktionary:kaikki@2026-10-03
de,Amaretto,m,amaretto,amaretto (liqueur),simplex,,to,2.21,3.0,True,,,,,wiktionary:kaikki@2026-10-03
de,Apnoe,f,apnea,apnea,simplex,,oe,2.21,3.0,False,,,,,wiktionary:kaikki@2026-10-03
de,Onanie,f,masturbation,masturbation,simplex,,ie,2.2,2.0,False,,,,,wiktionary:kaikki@2026-10-03
de,Zinne,f,merlon,merlon,simplex,,ne,2.2,2.0,False,,,,,wiktionary:kaikki@2026-10-03
de,Räude,f,mange,mange,simplex,,de,2.2,3.0,False,,,,,wiktionary:kaikki@2026-10-03
de,Nekrophilie,f,necrophilia,necrophilia,simplex,,ie,2.2,5.0,False,,,,,wiktionary:kaikki@2026-10-03
de,Biotit,m,biotite,biotite,simplex,,it,2.2,3.0,True,,,,,wiktionary:kaikki@2026-10-03
de,Wasserspeier,m,gargoyle,"gargoyle, waterspout",simplex,,er,2.2,4.0,False,,,,,wiktionary:kaikki@2026-10-03
de,Spinell,m,spinel,spinel,simplex,,ll,2.2,2.0,True,,,,,wiktionary:kaikki@2026-10-03
de,Nukleus,m,nucleus,nucleus,simplex,,us,2.2,4.0,False,,,,,wiktionary:kaikki@2026-10-03
de,Syntagma,n,syntagma,syntagma (constituent segment within a text),simplex,,ma,2.2,3.0,True,,,,,wiktionary:kaikki@2026-10-03
de,Wieß,n,kind of rhenish beer,"a kind of Rhenish beer, similar to Kölsch, but unfiltered",simplex,,eß,2.19,2.0,False,,,,,wiktionary:kaikki@2026-10-03
de,Synopse,f,display of texts side-by-side for ease of comparison,display of texts side-by-side for ease of comparison,simplex,,se,2.19,3.0,False,,,,,wiktionary:kaikki@2026-10-03
de,Buhne,f,groyne,"groyne, breakwater (dam extending perpendicularly into the water to protect the shore)",simplex,,ne,2.19,3.0,False,,,,,wiktionary:kaikki@2026-10-03
de,Flottille,f,flotilla,flotilla,simplex,,le,2.19,4.0,False,,,,,wiktionary:kaikki@2026-10-03
de,Dyskalkulie,f,dyscalculia,dyscalculia,simplex,,ie,2.19,5.0,False,,,,,wiktionary:kaikki@2026-10-03
de,Blackfacing,n,blackface,blackface,simplex,,ng,2.19,3.0,False,wordnet:cosmetic.n.01,,,,wiktionary:kaikki@2026-10-03
de,Luthertum,n,lutheranism,Lutheranism,simplex,,um,2.19,4.0,False,,,,,wiktionary:kaikki@2026-10-03
de,Apostasie,f,apostasy,apostasy,simplex,,ie,2.19,3.0,False,,,,,wiktionary:kaikki@2026-10-03
de,Terrine,f,tureen,tureen,simplex,,ne,2.19,2.0,False,,,,,wiktionary:kaikki@2026-10-03
de,Digitalisat,n,digital copy,digital copy (digitalized version),simplex,,at,2.19,3.0,False,,,,,wiktionary:kaikki@2026-10-03
de,Abstoß,m,goal kick,goal kick,simplex,,oß,2.19,3.0,False,,,,,wiktionary:kaikki@2026-10-03
de,Urmensch,m,synonym of frühmensch,synonym of Frühmensch,simplex,,ch,2.19,3.0,False,,,,,wiktionary:kaikki@2026-10-03
de,Postille,f,rag,"rag (a newspaper or magazine comprising only a few pages; often used disparagingly for any printed materials of little journalistic value, such as advertising brochures)",simplex,,le,2.19,2.0,False,,,,,wiktionary:kaikki@2026-10-03
de,Kausch,f,thimble,thimble (metal ring protecting a rope),simplex,,ch,2.19,3.0,False,,,,,wiktionary:kaikki@2026-10-03
de,Telegraphie,f,telegraphy,telegraphy,simplex,,ie,2.19,2.0,False,,,,,wiktionary:kaikki@2026-10-03
de,Probeabo,n,trial subscription,trial subscription,simplex,,bo,2.19,2.0,False,,,,,wiktionary:kaikki@2026-10-03
de,Ophthalmologie,f,ophthalmology,ophthalmology,simplex,,ie,2.18,3.0,False,,,,,wiktionary:kaikki@2026-10-03
de,Hypoxie,f,hypoxia,hypoxia,simplex,,ie,2.18,3.0,False,,,,,wiktionary:kaikki@2026-10-03
de,Briefbeschwerer,m,paperweight,paperweight,simplex,,er,2.18,4.0,False,,,,,wiktionary:kaikki@2026-10-03
de,Narkolepsie,f,narcolepsy,narcolepsy,simplex,,ie,2.18,5.0,False,,,,,wiktionary:kaikki@2026-10-03
de,Drachme,f,drachma,drachma,simplex,,me,2.17,3.0,False,,,,,wiktionary:kaikki@2026-10-03
de,Phiole,f,vial,vial,simplex,,le,2.17,3.0,False,,,,,wiktionary:kaikki@2026-10-03
de,Kristallographie,f,crystallography,crystallography,simplex,,ie,2.17,5.0,False,,,,,wiktionary:kaikki@2026-10-03
de,Maisonette,f,maisonette,maisonette,simplex,,te,2.17,2.0,True,,,,,wiktionary:kaikki@2026-10-03
de,Endoskop,n,endoscope,endoscope,simplex,,op,2.17,3.0,False,,,,,wiktionary:kaikki@2026-10-03
de,Frontispiz,n,frontispiece,frontispiece,simplex,,iz,2.17,3.0,False,,,,,wiktionary:kaikki@2026-10-03
de,Kakophonie,f,cacophony,cacophony,simplex,,ie,2.17,3.0,False,,,,,wiktionary:kaikki@2026-10-03
de,Lexikographie,f,lexicography,lexicography (art or craft of writing dictionaries),simplex,,ie,2.17,4.0,False,,,,,wiktionary:kaikki@2026-10-03
de,Mykologie,f,mycology,mycology (study of fungi),simplex,,ie,2.17,3.0,False,,,,,wiktionary:kaikki@2026-10-03
de,Kimm,f,chine,"chine, horizon",simplex,,mm,2.17,2.0,False,,,,,wiktionary:kaikki@2026-10-03
de,Kescher,m,hand net,hand net,simplex,,er,2.17,2.0,False,,,,,wiktionary:kaikki@2026-10-03
de,Enthalpie,f,enthalpy,enthalpy,simplex,,ie,2.17,3.0,False,,,,,wiktionary:kaikki@2026-10-03
de,Allegretto,n,allegretto,allegretto,simplex,,to,2.16,3.0,True,,,,,wiktionary:kaikki@2026-10-03
de,Theodizee,f,theodicy,theodicy (a justification of a deity),simplex,,ee,2.16,4.0,False,,,,,wiktionary:kaikki@2026-10-03
de,Dirham,m,dirham,dirham,simplex,,am,2.16,2.0,True,,,,,wiktionary:kaikki@2026-10-03
de,Poliomyelitis,f,poliomyelitis,poliomyelitis,simplex,,is,2.16,5.0,True,,,,,wiktionary:kaikki@2026-10-03
de,Dysplasie,f,dysplasia,dysplasia (abnormal development of cells or tissue),simplex,,ie,2.16,4.0,False,,,,,wiktionary:kaikki@2026-10-03
de,Kanin,n,rabbit fur,rabbit fur,simplex,,in,2.16,2.0,False,,,,,wiktionary:kaikki@2026-10-03
de,Brunst,f,heat,"heat, rut (sexual excitement of animals)",simplex,,st,2.16,2.0,False,,,,,wiktionary:kaikki@2026-10-03
de,Hypothyreose,f,hypothyroidism,hypothyroidism,simplex,,se,2.16,4.0,False,,,,,wiktionary:kaikki@2026-10-03
de,Datsche,f,dacha,dacha,simplex,,he,2.16,3.0,False,,,,,wiktionary:kaikki@2026-10-03
de,Furnier,n,veneer,veneer,simplex,,er,2.15,2.0,False,,,,,wiktionary:kaikki@2026-10-03
de,Rakel,f,squeegee,squeegee (tool used for cleaning glass),simplex,,el,2.15,2.0,False,,,,,wiktionary:kaikki@2026-10-03
de,Eiklar,n,egg white,egg white,simplex,,ar,2.15,3.0,False,,,,,wiktionary:kaikki@2026-10-03
de,Koketterie,f,coquetry,coquetry,simplex,,ie,2.15,3.0,False,,,,,wiktionary:kaikki@2026-10-03
de,Misogynie,f,misogyny,misogyny,simplex,,ie,2.15,4.0,False,,,,,wiktionary:kaikki@2026-10-03
de,Dattel,f,date,date (fruit; tree),simplex,,el,2.15,3.0,False,,,,,wiktionary:kaikki@2026-10-03
de,Korund,m,corundum,corundum,simplex,,nd,2.15,2.0,False,,,,,wiktionary:kaikki@2026-10-03
de,Dielektrikum,n,dielectric,dielectric,simplex,,um,2.15,5.0,False,,,,,wiktionary:kaikki@2026-10-03
de,Glykolyse,f,glycolysis,glycolysis,simplex,,se,2.14,4.0,False,,,,,wiktionary:kaikki@2026-10-03
de,Stups,m,nudge,"nudge, bop",simplex,,ps,2.14,2.0,False,,,,,wiktionary:kaikki@2026-10-03
de,Kernöl,n,seed oil,seed oil,simplex,,öl,2.14,2.0,False,,,,,wiktionary:kaikki@2026-10-03
de,Ökonometrie,f,econometrics,econometrics (branch of economics),simplex,,ie,2.14,4.0,False,,,,,wiktionary:kaikki@2026-10-03
de,Myzel,n,mycelium,mycelium,simplex,,el,2.13,2.0,False,,,,,wiktionary:kaikki@2026-10-03
de,Epistemologie,f,epistemology,epistemology,simplex,,ie,2.13,3.0,False,,,,,wiktionary:kaikki@2026-10-03
de,Lithografie,f,lithography,lithography,simplex,,ie,2.13,3.0,False,,,,,wiktionary:kaikki@2026-10-03
de,Kumpf,m,vessel,vessel; container,simplex,,pf,2.13,3.0,False,,,,,wiktionary:kaikki@2026-10-03
de,Bordüre,f,border,"border, edging, trim",simplex,,re,2.13,3.0,False,,,,,wiktionary:kaikki@2026-10-03
de,Darre,f,place,"a place, e.g. a room or rack, for air-drying food (or other organic materials such as peat, hemp)",simplex,,re,2.13,2.0,False,,,,,wiktionary:kaikki@2026-10-03
de,Diskont,m,discount,discount,simplex,,nt,2.13,2.0,False,,,,,wiktionary:kaikki@2026-10-03
de,Kerbel,m,garden chervil,garden chervil (Anthriscus cerefolium),simplex,,el,2.13,2.0,False,,,,,wiktionary:kaikki@2026-10-03
de,Paradoxie,f,paradox,paradox,simplex,,ie,2.13,3.0,False,,,,,wiktionary:kaikki@2026-10-03
de,Antidot,n,antidote,antidote,simplex,,ot,2.13,2.0,True,,,,,wiktionary:kaikki@2026-10-03
de,Baryt,m,barite,barite,simplex,,yt,2.13,3.0,False,,,,,wiktionary:kaikki@2026-10-03
de,Mönchtum,n,monasticism,"monasticism, monkhood",simplex,,um,2.13,4.0,False,,,,,wiktionary:kaikki@2026-10-03
de,Lidocain,n,lidocaine,lidocaine,simplex,,in,2.13,3.0,True,,,,,wiktionary:kaikki@2026-10-03
de,Philatelie,f,philately,philately (stamp collecting),simplex,,ie,2.13,3.0,False,,,,,wiktionary:kaikki@2026-10-03
de,Kartografie,f,cartography,cartography,simplex,,ie,2.12,3.0,False,,,,,wiktionary:kaikki@2026-10-03
de,Opiat,n,opiate,opiate,simplex,,at,2.12,3.0,True,,,,,wiktionary:kaikki@2026-10-03
de,Schnatz,m,chignon,"chignon, topknot",simplex,,tz,2.12,2.0,False,,,,,wiktionary:kaikki@2026-10-03
de,Ohropax,n,earplug,earplug,simplex,,ax,2.12,3.0,False,,,,,wiktionary:kaikki@2026-10-03
de,Ischämie,f,ischemia,ischemia,simplex,,ie,2.12,4.0,False,,,,,wiktionary:kaikki@2026-10-03
de,Hypochondrie,f,hypochondria,hypochondria,simplex,,ie,2.12,3.0,True,,,,,wiktionary:kaikki@2026-10-03
de,Soutane,f,cassock,"cassock, soutane",simplex,,ne,2.12,3.0,False,,,,,wiktionary:kaikki@2026-10-03
de,Kruppe,f,croup,croup (top of the rump of a horse or other quadruped),simplex,,pe,2.12,2.0,False,,,,,wiktionary:kaikki@2026-10-03
de,Mauspad,n,mouse pad,mouse pad; mouse mat,simplex,,ad,2.12,3.0,False,,,,,wiktionary:kaikki@2026-10-03
de,Baisse,f,bear market,bear market,simplex,,se,2.12,3.0,False,,,,,wiktionary:kaikki@2026-10-03
de,Agio,n,agio,agio,simplex,,io,2.12,2.0,True,,,,,wiktionary:kaikki@2026-10-03
de,Steiß,m,backside,backside,simplex,,iß,2.11,2.0,False,,,,,wiktionary:kaikki@2026-10-03
de,Episkopat,n,episcopate,episcopate,simplex,,at,2.11,4.0,False,,,,,wiktionary:kaikki@2026-10-03
de,Appendizitis,f,appendicitis,appendicitis,simplex,,is,2.11,3.0,True,,,,,wiktionary:kaikki@2026-10-03
de,Oktett,n,octet,octet,simplex,,tt,2.11,3.0,False,,,,,wiktionary:kaikki@2026-10-03
de,Phlegma,n,phlegm,phlegm,simplex,,ma,2.11,3.0,True,,,,,wiktionary:kaikki@2026-10-03
de,Paläographie,f,paleography,paleography,simplex,,ie,2.11,4.0,False,,,,,wiktionary:kaikki@2026-10-03
de,Treber,m,residue mass from making beer or brandy,"residue mass from making beer or brandy, draff, marc, pomace",simplex,,er,2.11,2.0,False,,,,,wiktionary:kaikki@2026-10-03
de,Fistel,f,fistula,fistula,simplex,,el,2.11,2.0,False,,,,,wiktionary:kaikki@2026-10-03
de,Balalaika,f,balalaika,balalaika,simplex,,ka,2.11,3.0,True,,,,,wiktionary:kaikki@2026-10-03
de,Räson,f,reason,"reason, rationality",simplex,,on,2.1,3.0,True,,,,,wiktionary:kaikki@2026-10-03
de,Suspensorium,n,jockstrap,jockstrap,simplex,,um,2.1,3.0,False,,,,,wiktionary:kaikki@2026-10-03
de,Arabeske,f,arabesque,arabesque,simplex,,ke,2.1,3.0,False,,,,,wiktionary:kaikki@2026-10-03
de,Diarrhoe,f,diarrhea,diarrhea,simplex,,oe,2.1,3.0,False,,,,,wiktionary:kaikki@2026-10-03
de,Struma,f,goitre,goitre,simplex,,ma,2.1,2.0,False,,,,,wiktionary:kaikki@2026-10-03
de,Kiepe,f,large wicker basket,"a large wicker basket, carrying basket (typically on the back)",simplex,,pe,2.1,3.0,False,,,,,wiktionary:kaikki@2026-10-03
de,Differenzial,n,differential,differential,simplex,,al,2.1,4.0,True,,,,,wiktionary:kaikki@2026-10-03
de,Kolon,n,colon,colon (:),simplex,,on,2.09,2.0,False,,,,,wiktionary:kaikki@2026-10-03
de,Suhle,f,mire,"mire, wallow",simplex,,le,2.09,3.0,False,,,,,wiktionary:kaikki@2026-10-03
de,Daube,f,stave,stave (of a barrel),simplex,,be,2.09,2.0,False,,,,,wiktionary:kaikki@2026-10-03
de,Synästhesie,f,synaesthesia,synaesthesia,simplex,,ie,2.09,5.0,False,,,,,wiktionary:kaikki@2026-10-03
de,Fäule,f,rot,rot,simplex,,le,2.09,3.0,False,,,,,wiktionary:kaikki@2026-10-03
de,Korvette,f,corvette,corvette,simplex,,te,2.09,2.0,False,,,,,wiktionary:kaikki@2026-10-03
de,Gyroskop,n,gyroscope,gyroscope,simplex,,op,2.09,3.0,False,,,,,wiktionary:kaikki@2026-10-03
de,Zwille,f,slingshot,slingshot,simplex,,le,2.08,2.0,False,,,,,wiktionary:kaikki@2026-10-03
de,Kemenate,f,fireplace room,fireplace room,simplex,,te,2.08,3.0,False,,,,,wiktionary:kaikki@2026-10-03
de,Gambe,f,viol,"viol, viola da gamba",simplex,,be,2.08,2.0,False,,,,,wiktionary:kaikki@2026-10-03
de,Faszikel,m,bundle of papers,"bundle of papers, fascicle",simplex,,el,2.08,3.0,False,,,,,wiktionary:kaikki@2026-10-03
de,Rülps,m,belch,belch,simplex,,ps,2.08,3.0,False,,,,,wiktionary:kaikki@2026-10-03
de,Bewandtnis,f,reason,"reason, explanation (for something being the particular way it is or someone being the particular way they are)",simplex,,is,2.08,4.0,False,,,,,wiktionary:kaikki@2026-10-03
de,Tangens,m,tangent,tangent,simplex,,ns,2.08,2.0,False,,,,,wiktionary:kaikki@2026-10-03
de,Halma,n,halma,halma (board game),simplex,,ma,2.08,2.0,True,,,,,wiktionary:kaikki@2026-10-03
de,Gobelin,m,artistically decorated type of tapestry,an artistically decorated type of tapestry,simplex,,in,2.08,3.0,False,,,,,wiktionary:kaikki@2026-10-03
de,Pheromon,n,pheromone,pheromone,simplex,,on,2.08,3.0,True,,,,,wiktionary:kaikki@2026-10-03
de,Architrav,m,architrave,architrave (lowest part of an entablature),simplex,,av,2.08,3.0,True,,,,,wiktionary:kaikki@2026-10-03
de,Kotau,m,kowtow,kowtow (act of showing obeisance),simplex,,au,2.08,2.0,False,,,,,wiktionary:kaikki@2026-10-03
de,Tatütata,n,sound of a siren,The sound of a siren; nee-naw.,simplex,,ta,2.08,3.0,False,,,,,wiktionary:kaikki@2026-10-03
de,Primiz,f,first mass of a newly ordained priest,first mass of a newly ordained priest,simplex,,iz,2.08,2.0,False,,,,,wiktionary:kaikki@2026-10-03
de,Kuvertüre,f,couverture,couverture,simplex,,re,2.08,4.0,False,,,,,wiktionary:kaikki@2026-10-03
de,Nahme,f,act of taking,the act of taking,simplex,,me,2.07,2.0,False,,,,,wiktionary:kaikki@2026-10-03
de,Phonem,n,phoneme,phoneme,simplex,,em,2.07,2.0,True,,,,,wiktionary:kaikki@2026-10-03
de,Zarge,f,frame of a door or a window,frame of a door or (less often) a window,simplex,,ge,2.07,2.0,False,,,,,wiktionary:kaikki@2026-10-03
de,Dekubitus,m,decubitus,"decubitus, bedsore (lesion caused by pressure)",simplex,,us,2.07,3.0,False,,,,,wiktionary:kaikki@2026-10-03
de,Remmidemmi,n,racket,"racket, revelry",simplex,,mi,2.07,4.0,False,,,,,wiktionary:kaikki@2026-10-03
de,Ferrit,m,ferrite,ferrite,simplex,,it,2.07,2.0,True,,,,,wiktionary:kaikki@2026-10-03
de,Schrulle,f,quirk,quirk,simplex,,le,2.06,3.0,False,,,,,wiktionary:kaikki@2026-10-03
de,Blaufränkisch,m,red wine grape variety,a red wine grape variety,simplex,,ch,2.06,6.0,False,,,,,wiktionary:kaikki@2026-10-03
de,Ratsche,f,socket wrench,socket wrench,simplex,,he,2.06,3.0,False,,,,,wiktionary:kaikki@2026-10-03
de,Arrhythmie,f,arrhythmia,arrhythmia,simplex,,ie,2.06,3.0,True,,,,,wiktionary:kaikki@2026-10-03
de,Elektrophorese,f,electrophoresis,electrophoresis,simplex,,se,2.06,5.0,False,,,,,wiktionary:kaikki@2026-10-03
de,Rooibos,m,rooibos plant,rooibos plant,simplex,,os,2.06,3.0,False,,,,,wiktionary:kaikki@2026-10-03
de,Maracuja,f,passion fruit,passion fruit (edible fruit),simplex,,ja,2.06,3.0,False,,,,,wiktionary:kaikki@2026-10-03
de,Obliquus,m,oblique case,oblique case,simplex,,us,2.06,3.0,False,,,,,wiktionary:kaikki@2026-10-03
de,Chrysantheme,f,chrysanthemum,chrysanthemum,simplex,,me,2.05,4.0,False,,,,,wiktionary:kaikki@2026-10-03
de,Adenom,n,adenoma,adenoma,simplex,,om,2.05,3.0,True,,,,,wiktionary:kaikki@2026-10-03
de,Meritokratie,f,meritocracy,meritocracy,simplex,,ie,2.05,5.0,False,,,,,wiktionary:kaikki@2026-10-03
de,Winker,m,indicator,"indicator, blinker",simplex,,er,2.05,2.0,False,,,,,wiktionary:kaikki@2026-10-03
de,Komparativ,m,comparative degree,comparative degree,simplex,,iv,2.05,3.0,False,,,,,wiktionary:kaikki@2026-10-03
de,Textmarker,m,highlighter,"highlighter, marker, marking pen (pen for highlighting)",simplex,,er,2.05,2.0,False,wordnet:cosmetic.n.01,,,,wiktionary:kaikki@2026-10-03
de,Stumpen,m,stump,"stump, stub",simplex,,en,2.05,3.0,False,,,,,wiktionary:kaikki@2026-10-03
de,Schluff,m,silt,silt (fine earth deposited by water),simplex,,ff,2.05,2.0,False,,,,,wiktionary:kaikki@2026-10-03
de,Neonatologie,f,neonatology,neonatology (branch of medicine that deals with newborn infants),simplex,,ie,2.05,3.0,False,,,,,wiktionary:kaikki@2026-10-03
de,Ablativ,m,ablative case,the ablative case,simplex,,iv,2.05,3.0,False,,,,,wiktionary:kaikki@2026-10-03
de,Smartcard,f,chip card,"chip card, smart card",simplex,,rd,2.04,2.0,False,,,,,wiktionary:kaikki@2026-10-03
de,Heizstrahler,m,any heater using radiant heating,"any heater using radiant heating, such as an electric fire without a fan",simplex,,er,2.04,5.0,False,,,,,wiktionary:kaikki@2026-10-03
de,Pfefferstreuer,m,pepper shaker,pepper shaker,simplex,,er,2.04,5.0,False,,,,,wiktionary:kaikki@2026-10-03
de,Velours,n,velour,velour,simplex,,rs,2.04,2.0,True,,,,,wiktionary:kaikki@2026-10-03
de,Schrapnell,n,shrapnel,shrapnel,simplex,,ll,2.04,3.0,False,,,,,wiktionary:kaikki@2026-10-03
de,Kladde,f,notebook,"notebook, writing pad",simplex,,de,2.04,3.0,False,,,,,wiktionary:kaikki@2026-10-03
de,Fluorit,m,fluorite,fluorite,simplex,,it,2.04,3.0,True,,,,,wiktionary:kaikki@2026-10-03
de,Söller,m,raised deck or terrace,"raised deck or terrace, large balcony supported by walls or columns",simplex,,er,2.04,3.0,False,,,,,wiktionary:kaikki@2026-10-03
de,Brunft,f,heat,"heat, rut (sexual excitement of animals)",simplex,,ft,2.04,2.0,False,,,,,wiktionary:kaikki@2026-10-03
de,Katakombe,f,catacomb,catacomb (underground cemetery),simplex,,be,2.04,3.0,False,,,,,wiktionary:kaikki@2026-10-03
de,Synkope,f,syncope,syncope,simplex,,pe,2.04,3.0,False,,,,,wiktionary:kaikki@2026-10-03
de,Banderole,f,label,label,simplex,,le,2.04,3.0,False,,,,,wiktionary:kaikki@2026-10-03
de,Courtage,f,commission,"commission, broker's fee",simplex,,ge,2.04,2.0,False,,,,,wiktionary:kaikki@2026-10-03
de,Pedanterie,f,pedantry,pedantry,simplex,,ie,2.03,3.0,False,,,,,wiktionary:kaikki@2026-10-03
de,Kollar,n,clerical collar,clerical collar,simplex,,ar,2.03,2.0,False,,,,,wiktionary:kaikki@2026-10-03
de,Formalie,f,formality,formality,simplex,,ie,2.03,2.0,False,,,,,wiktionary:kaikki@2026-10-03
de,Ösophagus,m,oesophagus,oesophagus,simplex,,us,2.03,4.0,True,,,,,wiktionary:kaikki@2026-10-03
de,Rhinozeros,n,synonym of nashorn,synonym of Nashorn (“rhinoceros”),simplex,,os,2.03,2.0,False,,,,,wiktionary:kaikki@2026-10-03
de,Sonatine,f,sonatina,sonatina,simplex,,ne,2.03,3.0,False,,,,,wiktionary:kaikki@2026-10-03
de,Törn,m,sail,sail (trip in a sailboat),simplex,,rn,2.03,3.0,False,,,,,wiktionary:kaikki@2026-10-03
de,Numerologie,f,numerology,numerology,simplex,,ie,2.02,2.0,False,,,,,wiktionary:kaikki@2026-10-03
de,Pfannenwender,m,spatula,spatula (kitchen utensil),simplex,,er,2.02,5.0,False,,,,,wiktionary:kaikki@2026-10-03
de,Borschtsch,m,borscht,borscht (beetroot soup),simplex,,ch,2.02,4.0,False,,,,,wiktionary:kaikki@2026-10-03
de,Ukas,m,ukase,ukase (proclamation from the Russian ruler),simplex,,as,2.02,2.0,False,,,,,wiktionary:kaikki@2026-10-03
de,Zoophilie,f,zoophilia,zoophilia,simplex,,ie,2.02,3.0,False,,,,,wiktionary:kaikki@2026-10-03
de,Parallaxe,f,parallax,parallax,simplex,,xe,2.02,3.0,True,,,,,wiktionary:kaikki@2026-10-03
de,Hämolyse,f,hemolysis,hemolysis,simplex,,se,2.02,4.0,False,,,,,wiktionary:kaikki@2026-10-03
de,Hidschab,m,hijab,hijab,simplex,,ab,2.02,4.0,False,wordnet:garment.n.01,,,,wiktionary:kaikki@2026-10-03
de,Domicil,n,former spelling of domizil which is no longer standard,Former spelling of Domizil which is no longer standard.,simplex,,il,2.02,3.0,False,,,,,wiktionary:kaikki@2026-10-03
de,Zyanose,f,cyanosis,cyanosis,simplex,,se,2.02,3.0,False,,,,,wiktionary:kaikki@2026-10-03
de,Kolophon,m,colophon,colophon,simplex,,on,2.01,2.0,False,,,,,wiktionary:kaikki@2026-10-03
de,Skalar,m,scalar,"scalar (physics, mathematics)",simplex,,ar,2.01,2.0,False,,,,,wiktionary:kaikki@2026-10-03
de,Technokratie,f,technocracy,technocracy,simplex,,ie,2.01,4.0,False,,,,,wiktionary:kaikki@2026-10-03
de,Litze,f,ornamental cord or fabric,ornamental cord or fabric (braided or twisted); gimp; braid; trim,simplex,,ze,2.01,2.0,False,,,,,wiktionary:kaikki@2026-10-03
de,Magnesit,m,magnesite,magnesite,simplex,,it,2.01,3.0,True,,,,,wiktionary:kaikki@2026-10-03
de,Amphore,f,amphora,amphora (a two handled jar with a narrow neck),simplex,,re,2.01,2.0,False,,,,,wiktionary:kaikki@2026-10-03
de,Kleingedrucktes,n,fine print,fine print,simplex,,es,2.01,5.0,False,,,,,wiktionary:kaikki@2026-10-03
de,Rüsche,f,ruffle,ruffle; ruche,simplex,,he,2.0,3.0,False,,,,,wiktionary:kaikki@2026-10-03
de,Phraseologie,f,phraseology,phraseology (Study of set or fixed expressions.),simplex,,ie,2.0,2.0,False,,,,,wiktionary:kaikki@2026-10-03
de,Biom,n,biome,biome,simplex,,om,2.0,1.0,False,,,,,wiktionary:kaikki@2026-10-03
de,Divertikel,n,diverticulum,diverticulum,simplex,,el,2.0,3.0,False,,,,,wiktionary:kaikki@2026-10-03
de,Thyreoiditis,f,thyroiditis,thyroiditis,simplex,,is,2.0,4.0,True,,,,,wiktionary:kaikki@2026-10-03
de,Schweller,m,rocker panel,"rocker panel, rocker, sill",simplex,,er,2.0,2.0,False,,,,,wiktionary:kaikki@2026-10-03
de,Periskop,n,periscope,periscope,simplex,,op,2.0,3.0,False,,,,,wiktionary:kaikki@2026-10-03
de,Physalis,f,physalis,physalis (plant),simplex,,is,2.0,2.0,True,,,,,wiktionary:kaikki@2026-10-03
de,Priel,m,tidal creek,tidal creek,simplex,,el,2.0,2.0,False,,,,,wiktionary:kaikki@2026-10-03
de,Schnäuzer,m,moustache,moustache,simplex,,er,2.0,4.0,False,gloss,,,,wiktionary:kaikki@2026-10-03
de,Plombe,f,seal,"seal, lead seal",simplex,,be,2.0,3.0,False,,,,,wiktionary:kaikki@2026-10-03
de,Mazurka,f,mazurka,mazurka,simplex,,ka,2.0,3.0,True,,,,,wiktionary:kaikki@2026-10-03
de,Allianz,f,alliance,alliance,suffix,-anz,nz,4.15,3.0,False,,,,,wiktionary:kaikki@2026-10-03
de,Resonanz,f,resonance,resonance,suffix,-anz,nz,3.75,3.0,False,,,,,wiktionary:kaikki@2026-10-03
de,Arroganz,f,arrogance,arrogance,suffix,-anz,nz,3.56,3.0,False,,,,,wiktionary:kaikki@2026-10-03
de,Ignoranz,f,wilful ignorance,wilful ignorance,suffix,-anz,nz,3.56,3.0,False,,,,,wiktionary:kaikki@2026-10-03
de,Ambulanz,f,ambulance,ambulance,suffix,-anz,nz,3.18,3.0,False,,,,,wiktionary:kaikki@2026-10-03
de,Finanz,f,finance,finance,suffix,-anz,nz,3.88,2.0,False,,,,,wiktionary:kaikki@2026-10-03
de,Toleranz,f,tolerance,tolerance,suffix,-anz,nz,4.13,3.0,False,,,,,wiktionary:kaikki@2026-10-03
de,Varianz,f,variance,variance,suffix,-anz,nz,3.07,3.0,False,,,,,wiktionary:kaikki@2026-10-03
de,Kranz,m,wreath,"wreath, garland",suffix,-anz,nz,3.53,3.0,False,,,,,wiktionary:kaikki@2026-10-03
de,Dominanz,f,dominance,dominance,suffix,-anz,nz,3.74,2.0,False,,,,,wiktionary:kaikki@2026-10-03
de,Brisanz,f,brisance,brisance,suffix,-anz,nz,3.06,2.0,False,,,,,wiktionary:kaikki@2026-10-03
de,Intoleranz,f,intolerance,intolerance,suffix,-anz,nz,3.41,3.0,False,,,,,wiktionary:kaikki@2026-10-03
de,Glanz,m,gleam,"gleam, sparkle, glitter",suffix,-anz,nz,4.0,2.0,False,,,,,wiktionary:kaikki@2026-10-03
de,Bilanz,f,balance sheet,"balance sheet, balance",suffix,-anz,nz,4.17,2.0,False,,,,,wiktionary:kaikki@2026-10-03
de,Relevanz,f,relevance,relevance,suffix,-anz,nz,3.87,3.0,False,,,,,wiktionary:kaikki@2026-10-03
de,Eleganz,f,elegance,elegance,suffix,-anz,nz,3.4,3.0,False,,,,,wiktionary:kaikki@2026-10-03
de,Malerei,f,painting,painting (action or activity),suffix,-ei,ei,4.1,3.0,False,,,,,wiktionary:kaikki@2026-10-03
de,Rührei,n,scrambled eggs,scrambled eggs,suffix,-ei,ei,3.04,3.0,False,,,,,wiktionary:kaikki@2026-10-03
de,Sauerei,f,synonym of schweinerei,synonym of Schweinerei,suffix,-ei,ei,3.36,3.0,False,,,,,wiktionary:kaikki@2026-10-03
de,Tyrannei,f,tyranny,tyranny,suffix,-ei,ei,3.2,4.0,False,,,,,wiktionary:kaikki@2026-10-03
de,Sklaverei,f,slavery,slavery,suffix,-ei,ei,3.73,4.0,False,,,,,wiktionary:kaikki@2026-10-03
de,Schießerei,f,shootout,"shootout, gunfight",suffix,-ei,ei,3.51,5.0,False,,,,,wiktionary:kaikki@2026-10-03
de,Barbarei,f,barbarity,barbarity,suffix,-ei,ei,3.04,3.0,False,,,,,wiktionary:kaikki@2026-10-03
de,Fischerei,f,fishery,"a fishery, a commercial fishing operation or company",suffix,-ei,ei,3.44,4.0,False,,,,,wiktionary:kaikki@2026-10-03
de,Schweinerei,f,mess,"mess, nastiness, smutty business",suffix,-ei,ei,3.11,4.0,False,,,,,wiktionary:kaikki@2026-10-03
de,Arznei,f,medicine,medicine (healing substance),suffix,-ei,ei,3.11,4.0,False,,,,,wiktionary:kaikki@2026-10-03
de,Reederei,f,shipping company,shipping company,suffix,-ei,ei,3.25,3.0,False,,,,,wiktionary:kaikki@2026-10-03
de,Partei,f,political party,political party,suffix,-ei,ei,5.14,2.0,False,,,,,wiktionary:kaikki@2026-10-03
de,Druckerei,f,printing house,"printing house, printery",suffix,-ei,ei,3.55,4.0,False,,,,,wiktionary:kaikki@2026-10-03
de,Gießerei,f,foundry,foundry,suffix,-ei,ei,3.0,5.0,False,,,,,wiktionary:kaikki@2026-10-03
de,Hexerei,f,witchcraft,witchcraft; sorcery,suffix,-ei,ei,3.03,3.0,False,,,,,wiktionary:kaikki@2026-10-03
de,Schlägerei,f,fight,fight; brawl,suffix,-ei,ei,3.58,4.0,False,,,,,wiktionary:kaikki@2026-10-03
de,Bücherei,f,library,library,suffix,-ei,ei,3.64,4.0,False,,,,,wiktionary:kaikki@2026-10-03
de,Bäckerei,f,bakery,"bakery, baker’s, bakehouse, bakeshop",suffix,-ei,ei,3.79,5.0,False,,,,,wiktionary:kaikki@2026-10-03
de,Schauspielerei,f,acting profession,acting profession,suffix,-ei,ei,3.18,5.0,False,,,,,wiktionary:kaikki@2026-10-03
de,Brei,m,mash,mash; mush; porridge; any semisolid food,suffix,-ei,ei,3.57,2.0,False,,,,,wiktionary:kaikki@2026-10-03
de,Insolvenz,f,insolvency,insolvency,suffix,-enz,nz,3.81,4.0,False,,,,,wiktionary:kaikki@2026-10-03
de,Differenz,f,difference,difference,suffix,-enz,nz,3.84,3.0,False,,,,,wiktionary:kaikki@2026-10-03
de,Dekadenz,f,decadence,decadence,suffix,-enz,nz,3.06,3.0,False,,,,,wiktionary:kaikki@2026-10-03
de,Referenz,f,reference,reference (measurement one can compare to),suffix,-enz,nz,3.59,2.0,False,,,,,wiktionary:kaikki@2026-10-03
de,Evidenz,f,unambiguity,"unambiguity, unambiguousness, clarity",suffix,-enz,nz,3.26,3.0,False,,,,,wiktionary:kaikki@2026-10-03
de,Konferenz,f,conference,conference,suffix,-enz,nz,4.31,3.0,False,,,,,wiktionary:kaikki@2026-10-03
de,Demenz,f,dementia,dementia,suffix,-enz,nz,3.73,2.0,False,,,,,wiktionary:kaikki@2026-10-03
de,Präferenz,f,preference,preference,suffix,-enz,nz,3.05,3.0,False,,,,,wiktionary:kaikki@2026-10-03
de,Korrespondenz,f,correspondence,correspondence,suffix,-enz,nz,3.47,3.0,False,,,,,wiktionary:kaikki@2026-10-03
de,Effizienz,f,efficiency,efficiency,suffix,-enz,nz,3.86,4.0,False,,,,,wiktionary:kaikki@2026-10-03
de,Lizenz,f,license,license,suffix,-enz,nz,4.07,2.0,False,,,,,wiktionary:kaikki@2026-10-03
de,Potenz,f,potency,potency,suffix,-enz,nz,3.4,2.0,False,,,,,wiktionary:kaikki@2026-10-03
de,Kompetenz,f,competence,"competence, power, authority",suffix,-enz,nz,4.16,3.0,False,,,,,wiktionary:kaikki@2026-10-03
de,Tendenz,f,tendency,tendency,suffix,-enz,nz,4.23,3.0,False,,,,,wiktionary:kaikki@2026-10-03
de,Transparenz,f,transparency,transparency,suffix,-enz,nz,4.09,3.0,False,,,,,wiktionary:kaikki@2026-10-03
de,Essenz,f,essence,essence,suffix,-enz,nz,3.35,2.0,False,,,,,wiktionary:kaikki@2026-10-03
de,Frequenz,f,frequency,frequency (the rate of occurrence of anything),suffix,-enz,nz,3.85,2.0,False,,,,,wiktionary:kaikki@2026-10-03
de,Präsenz,f,presence,"presence, attendance (being present at a specific location or function)",suffix,-enz,nz,3.98,3.0,False,,,,,wiktionary:kaikki@2026-10-03
de,Inkompetenz,f,incompetence,incompetence,suffix,-enz,nz,3.28,4.0,False,,,,,wiktionary:kaikki@2026-10-03
de,Intelligenz,f,intelligence,intelligence (capacity of mind),suffix,-enz,nz,4.23,4.0,False,,,,,wiktionary:kaikki@2026-10-03
de,Knappheit,f,scarcity,"scarcity, shortage",suffix,-heit,it,3.0,3.0,False,,,,,wiktionary:kaikki@2026-10-03
de,Entschlossenheit,f,determination,"determination, resolution",suffix,-heit,it,3.44,4.0,False,,,,,wiktionary:kaikki@2026-10-03
de,Blindheit,f,blindness,blindness (condition of being blind),suffix,-heit,it,3.11,2.0,False,,,,,wiktionary:kaikki@2026-10-03
de,Seltenheit,f,rarity,rarity,suffix,-heit,it,3.62,3.0,False,,,,,wiktionary:kaikki@2026-10-03
de,Dunkelheit,f,darkness,darkness,suffix,-heit,it,4.1,3.0,False,,,,,wiktionary:kaikki@2026-10-03
de,Freiheit,f,freedom,freedom,suffix,-heit,it,4.88,3.0,False,,,,,wiktionary:kaikki@2026-10-03
de,Trockenheit,f,dryness,"dryness, lack of moisture",suffix,-heit,it,3.45,3.0,False,,,,,wiktionary:kaikki@2026-10-03
de,Neuheit,f,novelty,novelty; newness,suffix,-heit,it,3.26,2.0,False,,,,,wiktionary:kaikki@2026-10-03
de,Trunkenheit,f,drunkenness,"drunkenness, inebriation",suffix,-heit,it,3.19,3.0,False,,,,,wiktionary:kaikki@2026-10-03
de,Einfachheit,f,simplicity,simplicity,suffix,-heit,it,3.47,4.0,False,,,,,wiktionary:kaikki@2026-10-03
de,Mehrheit,f,majority,majority; bulk,suffix,-heit,it,4.73,2.0,False,,,,,wiktionary:kaikki@2026-10-03
de,Angelegenheit,f,matter,"matter, issue, affair",suffix,-heit,it,4.19,3.0,False,,,,,wiktionary:kaikki@2026-10-03
de,Verbundenheit,f,solidarity,solidarity,suffix,-heit,it,3.59,3.0,False,,,,,wiktionary:kaikki@2026-10-03
de,Frechheit,f,insolence,"insolence, impudence, cheek",suffix,-heit,it,3.72,3.0,False,,,,,wiktionary:kaikki@2026-10-03
de,Reinheit,f,purity,purity,suffix,-heit,it,3.46,2.0,False,,,,,wiktionary:kaikki@2026-10-03
de,Korrektheit,f,correctness,correctness,suffix,-heit,it,3.35,4.0,False,,,,,wiktionary:kaikki@2026-10-03
de,Ungewissheit,f,uncertainty,uncertainty,suffix,-heit,it,3.36,4.0,False,,,,,wiktionary:kaikki@2026-10-03
de,Menschheit,f,humanity,"humanity, mankind (human beings at large)",suffix,-heit,it,4.46,3.0,False,,,,,wiktionary:kaikki@2026-10-03
de,Weisheit,f,wisdom,wisdom,suffix,-heit,it,4.01,3.0,False,,,,,wiktionary:kaikki@2026-10-03
de,Vergessenheit,f,oblivion,oblivion,suffix,-heit,it,3.61,3.0,False,,,,,wiktionary:kaikki@2026-10-03
de,Diagnostik,f,diagnostics,diagnostics,suffix,-ik,ik,3.7,3.0,False,,,,,wiktionary:kaikki@2026-10-03
de,Statistik,f,statistics,statistics,suffix,-ik,ik,4.49,2.0,False,,,,,wiktionary:kaikki@2026-10-03
de,Keramik,f,ceramic,"ceramic, pottery",suffix,-ik,ik,3.81,3.0,False,,,,,wiktionary:kaikki@2026-10-03
de,Mechanik,f,mechanics,mechanics (field of study),suffix,-ik,ik,3.67,2.0,False,,,,,wiktionary:kaikki@2026-10-03
de,Methodik,f,methodology,methodology,suffix,-ik,ik,3.58,2.0,False,,,,,wiktionary:kaikki@2026-10-03
de,Dialektik,f,dialectic,dialectic,suffix,-ik,ik,3.38,4.0,False,,,,,wiktionary:kaikki@2026-10-03
de,Akustik,f,acoustic,"acoustic, acoustics",suffix,-ik,ik,3.46,3.0,False,,,,,wiktionary:kaikki@2026-10-03
de,Didaktik,f,didactics,didactics,suffix,-ik,ik,3.34,3.0,False,,,,,wiktionary:kaikki@2026-10-03
de,Mathematik,f,mathematics,mathematics (study),suffix,-ik,ik,4.32,3.0,False,,,,,wiktionary:kaikki@2026-10-03
de,Panik,f,panic,panic,suffix,-ik,ik,4.2,2.0,False,,,,,wiktionary:kaikki@2026-10-03
de,Fabrik,f,plant,plant (factory or industrial facility),suffix,-ik,ik,4.18,2.0,False,,,,,wiktionary:kaikki@2026-10-03
de,Rubrik,f,column,column (of newspaper),suffix,-ik,ik,3.66,2.0,False,,,,,wiktionary:kaikki@2026-10-03
de,Polemik,f,polemics,polemics,suffix,-ik,ik,3.58,3.0,False,,,,,wiktionary:kaikki@2026-10-03
de,Lyrik,f,poetry,"poetry, verse; lyric poetry",suffix,-ik,ik,3.8,2.0,False,,,,,wiktionary:kaikki@2026-10-03
de,Robotik,f,robotics,robotics,suffix,-ik,ik,3.01,2.0,False,,,,,wiktionary:kaikki@2026-10-03
de,Kritik,f,criticism,criticism (negative judgement),suffix,-ik,ik,5.01,3.0,False,,,,,wiktionary:kaikki@2026-10-03
de,Metrik,f,metrics,metrics,suffix,-ik,ik,3.02,2.0,False,,,,,wiktionary:kaikki@2026-10-03
de,Chronik,f,chronicle,chronicle,suffix,-ik,ik,3.9,2.0,False,,,,,wiktionary:kaikki@2026-10-03
de,Taktik,f,tactics,"tactics, strategy (art of anticipation and planning)",suffix,-ik,ik,3.96,3.0,False,,,,,wiktionary:kaikki@2026-10-03
de,Rhetorik,f,rhetoric,rhetoric,suffix,-ik,ik,3.8,4.0,False,,,,,wiktionary:kaikki@2026-10-03
de,Unfähigkeit,f,inability,inability,suffix,-keit,it,3.67,3.0,False,,,,,wiktionary:kaikki@2026-10-03
de,Frömmigkeit,f,piety,piety,suffix,-keit,it,3.08,4.0,False,,,,,wiktionary:kaikki@2026-10-03
de,Tätigkeit,f,activity,activity,suffix,-keit,it,4.63,3.0,False,,,,,wiktionary:kaikki@2026-10-03
de,Unmöglichkeit,f,impossibility,impossibility,suffix,-keit,it,3.28,3.0,False,,,,,wiktionary:kaikki@2026-10-03
de,Verantwortlichkeit,f,responsibility,responsibility,suffix,-keit,it,3.2,3.0,False,,,,,wiktionary:kaikki@2026-10-03
de,Schlaflosigkeit,f,sleeplessness,"sleeplessness, insomnia",suffix,-keit,it,3.12,4.0,False,,,,,wiktionary:kaikki@2026-10-03
de,Ähnlichkeit,f,similarity,"similarity, resemblance",suffix,-keit,it,3.81,3.0,False,,,,,wiktionary:kaikki@2026-10-03
de,Sehenswürdigkeit,f,something worth seeing,"something worth seeing, a sight, tourist attraction",suffix,-keit,it,3.16,7.0,False,,,,,wiktionary:kaikki@2026-10-03
de,Unendlichkeit,f,infinity,infinity,suffix,-keit,it,3.28,3.0,False,,,,,wiktionary:kaikki@2026-10-03
de,Beständigkeit,f,resistance,resistance,suffix,-keit,it,3.22,3.0,False,,,,,wiktionary:kaikki@2026-10-03
de,Festigkeit,f,strength,strength,suffix,-keit,it,3.29,2.0,False,,,,,wiktionary:kaikki@2026-10-03
de,Bedeutungslosigkeit,f,irrelevance,"irrelevance, insignificance",suffix,-keit,it,3.03,5.0,False,,,,,wiktionary:kaikki@2026-10-03
de,Verlässlichkeit,f,reliability,reliability,suffix,-keit,it,3.18,3.0,False,,,,,wiktionary:kaikki@2026-10-03
de,Wirksamkeit,f,effectiveness,"effectiveness, efficacy",suffix,-keit,it,3.88,3.0,False,,,,,wiktionary:kaikki@2026-10-03
de,Unabhängigkeit,f,independence,independence,suffix,-keit,it,4.2,3.0,False,,,,,wiktionary:kaikki@2026-10-03
de,Schwierigkeit,f,difficulty,"difficulty, problem",suffix,-keit,it,3.65,3.0,False,,,,,wiktionary:kaikki@2026-10-03
de,Zuständigkeit,f,responsibility,responsibility,suffix,-keit,it,3.73,3.0,False,,,,,wiktionary:kaikki@2026-10-03
de,Kleinigkeit,f,bagatelle,"bagatelle, trifle, little something, minor thing (insignificant, minor, or little thing)",suffix,-keit,it,3.69,2.0,False,,,,,wiktionary:kaikki@2026-10-03
de,Helligkeit,f,brightness,brightness,suffix,-keit,it,3.6,3.0,False,,,,,wiktionary:kaikki@2026-10-03
de,Notwendigkeit,f,necessity,necessity,suffix,-keit,it,4.17,3.0,False,,,,,wiktionary:kaikki@2026-10-03
de,Schilling,m,schilling,schilling (Austrian pre-Euro currency),suffix,-ling,ng,3.76,2.0,True,,,,,wiktionary:kaikki@2026-10-03
de,Funktionalität,f,functionality,functionality,suffix,-tät,ät,3.39,4.0,False,,,,,wiktionary:kaikki@2026-10-03
de,Effektivität,f,efficiency,"efficiency, effectiveness",suffix,-tät,ät,3.42,4.0,False,,,,,wiktionary:kaikki@2026-10-03
de,Aggressivität,f,aggressiveness,aggressiveness,suffix,-tät,ät,3.26,4.0,False,,,,,wiktionary:kaikki@2026-10-03
de,Elektrizität,f,electricity,electricity,suffix,-tät,ät,3.53,5.0,False,,,,,wiktionary:kaikki@2026-10-03
de,Sexualität,f,sexuality,sexuality,suffix,-tät,ät,3.9,2.0,False,,,,,wiktionary:kaikki@2026-10-03
de,Identität,f,sameness,"sameness, identicalness, identity",suffix,-tät,ät,4.42,2.0,False,,,,,wiktionary:kaikki@2026-10-03
de,Spiritualität,f,spirituality,spirituality,suffix,-tät,ät,3.42,2.0,False,,,,,wiktionary:kaikki@2026-10-03
de,Seriosität,f,respectability,"respectability, seriousness, reliability",suffix,-tät,ät,3.01,3.0,False,,,,,wiktionary:kaikki@2026-10-03
de,Loyalität,f,loyalty,loyalty,suffix,-tät,ät,3.63,3.0,False,,,,,wiktionary:kaikki@2026-10-03
de,Absurdität,f,absurdity,absurdity,suffix,-tät,ät,3.02,3.0,False,,,,,wiktionary:kaikki@2026-10-03
de,Stabilität,f,stability,stability,suffix,-tät,ät,4.04,3.0,False,,,,,wiktionary:kaikki@2026-10-03
de,Kapazität,f,capacity,capacity,suffix,-tät,ät,3.94,3.0,False,,,,,wiktionary:kaikki@2026-10-03
de,Quantität,f,quantity,quantity,suffix,-tät,ät,3.49,2.0,False,,,,,wiktionary:kaikki@2026-10-03
de,Originalität,f,originality,originality,suffix,-tät,ät,3.09,2.0,False,,,,,wiktionary:kaikki@2026-10-03
de,Aktualität,f,relevance to the current time,"relevance to the current time, up-to-dateness, currentness",suffix,-tät,ät,3.43,3.0,False,,,,,wiktionary:kaikki@2026-10-03
de,Rivalität,f,rivalry,rivalry (competition),suffix,-tät,ät,3.27,3.0,False,,,,,wiktionary:kaikki@2026-10-03
de,Brutalität,f,brutality,brutality,suffix,-tät,ät,3.32,3.0,False,,,,,wiktionary:kaikki@2026-10-03
de,Fakultät,f,factorial,factorial,suffix,-tät,ät,4.02,4.0,False,,,,,wiktionary:kaikki@2026-10-03
de,Komplexität,f,complexity,complexity,suffix,-tät,ät,3.78,3.0,False,,,,,wiktionary:kaikki@2026-10-03
de,Objektivität,f,objectivity,"objectivity, impartiality",suffix,-tät,ät,3.47,4.0,False,,,,,wiktionary:kaikki@2026-10-03
de,Stabilisierung,f,stabilization,stabilization,suffix,-ung,ng,3.53,4.0,False,,,,,wiktionary:kaikki@2026-10-03
de,Belohnung,f,reward,"reward, bounty",suffix,-ung,ng,4.06,3.0,False,,,,,wiktionary:kaikki@2026-10-03
de,Ernährung,f,nutrition,nutrition,suffix,-ung,ng,4.4,4.0,False,,,,,wiktionary:kaikki@2026-10-03
de,Beteiligung,f,participation,participation (act of participating),suffix,-ung,ng,4.36,4.0,False,,,,,wiktionary:kaikki@2026-10-03
de,Zählung,f,count,"count (the process and the result of establishing the number or quantity of items); census; metering, reckoning",suffix,-ung,ng,3.31,3.0,False,,,,,wiktionary:kaikki@2026-10-03
de,Gattung,f,type,"type, kind, sort",suffix,-ung,ng,4.1,3.0,False,,,,,wiktionary:kaikki@2026-10-03
de,Gruppierung,f,arrangement,arrangement,suffix,-ung,ng,3.65,3.0,False,,,,,wiktionary:kaikki@2026-10-03
de,Erklärung,f,explanation,explanation,suffix,-ung,ng,4.69,3.0,False,,,,,wiktionary:kaikki@2026-10-03
de,Handhabung,f,handling,"handling, manipulation",suffix,-ung,ng,3.61,3.0,False,,,,,wiktionary:kaikki@2026-10-03
de,Wartung,f,maintenance,maintenance,suffix,-ung,ng,3.67,3.0,False,,,,,wiktionary:kaikki@2026-10-03
de,Vernetzung,f,interconnection,"interconnection, interconnectedness, linking, linkage",suffix,-ung,ng,3.71,3.0,False,,,,,wiktionary:kaikki@2026-10-03
de,Anstellung,f,job,"job, employment",suffix,-ung,ng,3.69,2.0,False,,,,,wiktionary:kaikki@2026-10-03
de,Automatisierung,f,automation,automation,suffix,-ung,ng,3.53,3.0,False,,,,,wiktionary:kaikki@2026-10-03
de,Anfertigung,f,making,making; creation; production,suffix,-ung,ng,3.17,4.0,False,,,,,wiktionary:kaikki@2026-10-03
de,Abrüstung,f,disarmament,disarmament,suffix,-ung,ng,3.15,3.0,False,,,,,wiktionary:kaikki@2026-10-03
de,Setzung,f,setting,"setting, settlement, positing",suffix,-ung,ng,3.13,2.0,False,,,,,wiktionary:kaikki@2026-10-03
de,Zubereitung,f,preparation,preparation,suffix,-ung,ng,3.53,3.0,False,,,,,wiktionary:kaikki@2026-10-03
de,Endung,f,ending,ending,suffix,-ung,ng,3.3,2.0,False,,,,,wiktionary:kaikki@2026-10-03
de,Festung,f,fortress,"fortress, fortification",suffix,-ung,ng,3.96,2.0,False,,,,,wiktionary:kaikki@2026-10-03
de,Beratung,f,discussion,discussion,suffix,-ung,ng,4.36,3.0,False,,,,,wiktionary:kaikki@2026-10-03
de,Literatur,f,literature,"literature (written works collectively, often about a certain topic, in a certain language etc.)",suffix,-ur,ur,4.78,2.0,True,,,,,wiktionary:kaikki@2026-10-03
de,Rezeptur,f,recipe,recipe,suffix,-ur,ur,3.04,3.0,False,,,,,wiktionary:kaikki@2026-10-03
de,Skulptur,f,sculpture,sculpture (work of art),suffix,-ur,ur,3.71,3.0,False,,,,,wiktionary:kaikki@2026-10-03
de,Zensur,f,censorship,censorship,suffix,-ur,ur,3.91,3.0,False,,,,,wiktionary:kaikki@2026-10-03
de,Couleur,f,shade,"shade, kind, caliber",suffix,-ur,ur,3.08,2.0,False,,,,,wiktionary:kaikki@2026-10-03
de,Statur,f,build,"build; physique; figure (of the body, particularly the bones and muscles)",suffix,-ur,ur,3.16,2.0,False,,,,,wiktionary:kaikki@2026-10-03
de,Partitur,f,full score,"full score, conductor's score, (rare: partitur)",suffix,-ur,ur,3.23,2.0,False,,,,,wiktionary:kaikki@2026-10-03
de,Reparatur,f,repair,"repair, mending",suffix,-ur,ur,3.85,3.0,False,,,,,wiktionary:kaikki@2026-10-03
de,Muskulatur,f,musculature,musculature,suffix,-ur,ur,3.5,3.0,False,,,,,wiktionary:kaikki@2026-10-03
de,Schwur,m,oath,oath,suffix,-ur,ur,3.18,2.0,False,,,,,wiktionary:kaikki@2026-10-03
de,Struktur,f,structure,structure,suffix,-ur,ur,4.44,2.0,False,,,,,wiktionary:kaikki@2026-10-03
de,Konjunktur,f,current economic situation,"current economic situation, current trend in the business or trade cycle",suffix,-ur,ur,3.53,4.0,False,,,,,wiktionary:kaikki@2026-10-03
de,Diktatur,f,dictatorship,dictatorship,suffix,-ur,ur,4.1,3.0,False,,,,,wiktionary:kaikki@2026-10-03
de,Kandidatur,f,candidacy,"candidacy, candidature",suffix,-ur,ur,3.7,3.0,False,,,,,wiktionary:kaikki@2026-10-03
de,Fraktur,f,fracture,"fracture (bone, etc.)",suffix,-ur,ur,3.17,3.0,False,,,,,wiktionary:kaikki@2026-10-03
de,Dressur,f,act of training animals,"the act of training animals, chiefly of horses (dressage), and dogs",suffix,-ur,ur,3.32,2.0,False,,,,,wiktionary:kaikki@2026-10-03
de,Natur,f,nature,nature (the natural world),suffix,-ur,ur,4.94,1.0,True,,,,,wiktionary:kaikki@2026-10-03
de,Tortur,f,torture,torture,suffix,-ur,ur,3.01,2.0,True,,,,,wiktionary:kaikki@2026-10-03
de,Architektur,f,architecture,architecture,suffix,-ur,ur,4.33,4.0,False,,,,,wiktionary:kaikki@2026-10-03
de,Figur,f,figure,"figure, figurine",suffix,-ur,ur,4.54,2.0,True,,,,,wiktionary:kaikki@2026-10-03
de,Hut,multi,,,multi,,,,,,,meaning_split,hat,"protection, supervision, guard, ward, keeping, care",wiktionary:kaikki@2026-10-03
de,Kiefer,multi,,,multi,,,,,,,meaning_split,jaw,pine (tree of genus Pinus),wiktionary:kaikki@2026-10-03
de,Marsch,multi,,,multi,,,,,,,meaning_split,march,"marsh, marshland, fen",wiktionary:kaikki@2026-10-03
de,See,multi,,,multi,,,,,,,meaning_split,lake,"sea, ocean",wiktionary:kaikki@2026-10-03
de,Abscheu,multi,,,multi,,,,,,,same_meaning,"abhorrence, abomination","abhorrence, abomination",wiktionary:kaikki@2026-10-03
de,Sellerie,multi,,,multi,,,,,,,same_meaning,celery (herb),celery (herb),wiktionary:kaikki@2026-10-03
de,Zucchini,multi,,,multi,,,,,,,same_meaning,"courgette, zucchini","courgette, zucchini",wiktionary:kaikki@2026-10-03
