lang,lemma,gender,concept_en,set,source,en_overlap,sex_assoc,gloss,zipf,verb,verb_frame,ending,loan,override
es,lugar,m,place,stratum,wiktionary:kaikki@2026-10-03,False,,place,5.8,,,ar,native,
es,ley,f,law,stratum,wiktionary:kaikki@2026-10-03,False,,law (a well-established characteristic of nature),5.6,,,ey,native,
es,muerte,f,death,stratum,wiktionary:kaikki@2026-10-03,False,,death (the cessation of life),5.43,,,te,native,
es,nivel,m,level,stratum,wiktionary:kaikki@2026-10-03,False,,"level, tier, height (distance relative to a given reference elevation)",5.39,,,el,loan,
es,clase,f,lecture,stratum,wiktionary:kaikki@2026-10-03,False,,lecture,5.31,,,se,unknown,
es,diciembre,m,december,stratum,wiktionary:kaikki@2026-10-03,False,,December,5.2,,,re,native,
es,octubre,m,october,stratum,wiktionary:kaikki@2026-10-03,False,,October,5.2,,,re,native,
es,voz,f,voice,stratum,wiktionary:kaikki@2026-10-03,False,,voice,5.2,,,oz,native,
es,abril,m,april,stratum,wiktionary:kaikki@2026-10-03,False,,April,5.18,,,il,unknown,
es,noviembre,m,november,stratum,wiktionary:kaikki@2026-10-03,False,,November,5.16,,,re,unknown,
es,papel,m,paper,stratum,wiktionary:kaikki@2026-10-03,False,,paper,5.16,,,el,native,
es,septiembre,m,september,stratum,wiktionary:kaikki@2026-10-03,False,,September,5.13,,,re,loan,
es,fútbol,m,football,stratum,wiktionary:kaikki@2026-10-03,False,,football (soccer),5.06,,,ol,unknown,
es,cine,m,cinema,stratum,wiktionary:kaikki@2026-10-03,False,,"cinema, moviehouse",4.96,,,ne,loan,
es,origen,m,origin,stratum,wiktionary:kaikki@2026-10-03,False,,origin,4.96,,,en,unknown,
es,viernes,m,friday,stratum,wiktionary:kaikki@2026-10-03,False,,Friday,4.9,,,es,unknown,
es,parque,m,park,stratum,wiktionary:kaikki@2026-10-03,False,,park,4.85,,,ue,unknown,
es,hogar,m,home,stratum,wiktionary:kaikki@2026-10-03,False,,home,4.84,,,ar,native,
es,carne,f,flesh,stratum,wiktionary:kaikki@2026-10-03,False,,"flesh, the soft part of a body which covers the bones",4.83,,,ne,native,
es,golpe,m,hit,stratum,wiktionary:kaikki@2026-10-03,False,,"hit, blow, strike",4.82,,,pe,native,
es,lunes,m,monday,stratum,wiktionary:kaikki@2026-10-03,False,,Monday,4.81,,,es,native,
es,piel,f,skin,stratum,wiktionary:kaikki@2026-10-03,False,,skin,4.8,,,el,native,
es,cárcel,f,prison,stratum,wiktionary:kaikki@2026-10-03,False,,prison,4.76,,,el,native,
es,perfil,m,profile,stratum,wiktionary:kaikki@2026-10-03,False,,profile,4.73,,,il,loan,
es,jueves,m,thursday,stratum,wiktionary:kaikki@2026-10-03,False,,Thursday,4.71,,,es,native,
es,tren,m,train,stratum,wiktionary:kaikki@2026-10-03,False,,train,4.71,,,en,unknown,
es,frase,f,phrase,stratum,wiktionary:kaikki@2026-10-03,False,,phrase,4.68,,,se,loan,
es,cumpleaños,m,birthday,stratum,wiktionary:kaikki@2026-10-03,False,,birthday,4.66,,,os,unknown,
es,señal,f,sign,stratum,wiktionary:kaikki@2026-10-03,False,,sign,4.66,,,al,native,
es,martes,m,tuesday,stratum,wiktionary:kaikki@2026-10-03,False,,"Tuesday (the third day of the week in many religious traditions, and the second day of the week in systems that use the ISO 8601 norm; it follows Monday and precedes Wednesday)",4.66,,,es,native,
es,examen,m,exam,stratum,wiktionary:kaikki@2026-10-03,False,,"exam, examination, test",4.63,,,-men,loan,
es,oeste,m,west,stratum,wiktionary:kaikki@2026-10-03,False,,west,4.61,,,te,loan,
es,árbol,m,tree,stratum,wiktionary:kaikki@2026-10-03,False,,tree (perennial woody plant),4.58,,,ol,native,
es,bosque,m,forest,stratum,wiktionary:kaikki@2026-10-03,False,,forest,4.57,,,ue,loan,
es,desastre,m,disaster,stratum,wiktionary:kaikki@2026-10-03,False,,"disaster, catastrophe, calamity",4.56,,,re,unknown,
es,pared,f,wall,stratum,wiktionary:kaikki@2026-10-03,False,,"wall, especially of a house or room",4.5,,,ed,native,
es,rol,m,role,stratum,wiktionary:kaikki@2026-10-03,False,,role,4.49,,,ol,loan,
es,bienestar,m,well-being,stratum,wiktionary:kaikki@2026-10-03,False,,well-being; welfare,4.47,,,ar,unknown,
es,raíz,f,root,stratum,wiktionary:kaikki@2026-10-03,False,,root; root vegetable,4.46,,,íz,native,
es,índice,m,index,stratum,wiktionary:kaikki@2026-10-03,False,,index,4.46,,,ce,loan,
es,documental,m,documentary,stratum,wiktionary:kaikki@2026-10-03,False,,documentary,4.45,,,al,unknown,
es,paquete,m,parcel,stratum,wiktionary:kaikki@2026-10-03,False,,parcel,4.41,,,-ete,unknown,
es,arroz,m,rice,stratum,wiktionary:kaikki@2026-10-03,False,,"rice (cereal plants, Oryza sativa of the grass family whose seeds are used as food)",4.39,,,oz,unknown,
es,reloj,m,clock,stratum,wiktionary:kaikki@2026-10-03,False,,clock,4.38,,,oj,loan,
es,gabinete,m,cabinet,stratum,wiktionary:kaikki@2026-10-03,False,,cabinet (all senses),4.34,,,-ete,loan,
es,autobús,m,bus,stratum,wiktionary:kaikki@2026-10-03,False,,"bus, coach",4.31,,,ús,unknown,
es,nariz,f,nose,stratum,wiktionary:kaikki@2026-10-03,False,,"nose (a protuberance on the face housing the nostrils, which are used to breathe or smell)",4.3,,,iz,native,
es,eje,m,axis,stratum,wiktionary:kaikki@2026-10-03,False,,axis,4.29,,,je,native,
es,té,m,tea,stratum,wiktionary:kaikki@2026-10-03,False,,tea,4.29,,,té,loan,
es,caos,m,chaos,stratum,wiktionary:kaikki@2026-10-03,False,,chaos,4.29,,,os,loan,
es,cristal,m,crystal,stratum,wiktionary:kaikki@2026-10-03,False,,crystal,4.28,,,al,native,
es,llave,f,key,stratum,wiktionary:kaikki@2026-10-03,False,,key (to open doors),4.26,,,ve,native,
es,carnaval,m,carnival,stratum,wiktionary:kaikki@2026-10-03,False,,carnival (festival held just before Lent),4.25,,,al,unknown,
es,fiebre,f,fever,stratum,wiktionary:kaikki@2026-10-03,False,,fever,4.23,,,re,native,
es,maíz,m,corn,stratum,wiktionary:kaikki@2026-10-03,False,,"corn, maize",4.21,,,íz,unknown,
es,estrés,m,stress,stratum,wiktionary:kaikki@2026-10-03,False,,stress,4.19,,,és,unknown,
es,semestre,m,semester,stratum,wiktionary:kaikki@2026-10-03,False,,semester,4.19,,,re,native,
es,pasaporte,m,passport,stratum,wiktionary:kaikki@2026-10-03,False,,passport,4.18,,,te,unknown,
es,historial,m,record,stratum,wiktionary:kaikki@2026-10-03,False,,"record, history (such as a person's criminal, work, or clinical record)",4.18,,,al,unknown,
es,azar,m,luck,stratum,wiktionary:kaikki@2026-10-03,False,,"luck, chance",4.15,,,ar,loan,
es,coste,m,cost,stratum,wiktionary:kaikki@2026-10-03,False,,cost,4.14,,,te,unknown,
es,cuartel,m,quarters,stratum,wiktionary:kaikki@2026-10-03,False,,quarters (military lodging),4.12,,,el,unknown,
es,síndrome,m,syndrome,stratum,wiktionary:kaikki@2026-10-03,False,,syndrome,4.09,,,me,loan,
es,nube,f,cloud,stratum,wiktionary:kaikki@2026-10-03,False,,cloud,4.08,,,be,unknown,
es,tanque,m,tank,stratum,wiktionary:kaikki@2026-10-03,False,,tank (military vehicle),4.07,,,ue,unknown,
es,buque,m,ship,stratum,wiktionary:kaikki@2026-10-03,False,,"ship, vessel",4.06,,,ue,loan,
es,horizonte,m,horizon,stratum,wiktionary:kaikki@2026-10-03,False,,horizon,4.05,,,te,loan,
es,billete,m,banknote,stratum,wiktionary:kaikki@2026-10-03,False,,"banknote, bill (paper currency)",4.04,,,-ete,unknown,
es,trámite,m,procedure,stratum,wiktionary:kaikki@2026-10-03,False,,"procedure, step",4.03,,,te,loan,
es,noroeste,m,northwest,stratum,wiktionary:kaikki@2026-10-03,False,,northwest,4.0,,,te,unknown,
es,higiene,f,hygiene,stratum,wiktionary:kaikki@2026-10-03,False,,hygiene,3.99,,,ne,loan,
es,almacén,m,warehouse,stratum,wiktionary:kaikki@2026-10-03,False,,warehouse,3.98,,,én,loan,
es,auge,m,boom,stratum,wiktionary:kaikki@2026-10-03,False,,"boom, rise, growth",3.97,,,ge,loan,
es,noreste,m,northeast,stratum,wiktionary:kaikki@2026-10-03,False,,northeast,3.97,,,te,unknown,
es,desorden,m,disorder,stratum,wiktionary:kaikki@2026-10-03,False,,disorder,3.97,,,en,unknown,
es,trimestre,m,trimester,stratum,wiktionary:kaikki@2026-10-03,False,,trimester,3.97,,,re,native,
es,béisbol,m,baseball,stratum,wiktionary:kaikki@2026-10-03,False,,baseball (ballgame),3.95,,,ol,unknown,
es,vientre,m,abdomen,stratum,wiktionary:kaikki@2026-10-03,False,,abdomen,3.94,,,re,native,
es,sudeste,m,southeast,stratum,wiktionary:kaikki@2026-10-03,False,,southeast,3.92,,,te,unknown,
es,sureste,m,southeast,stratum,wiktionary:kaikki@2026-10-03,False,,southeast,3.9,,,te,unknown,
es,juguete,m,toy,stratum,wiktionary:kaikki@2026-10-03,False,,toy (something to play with),3.9,,,-ete,native,
es,plantel,m,schoolhouse,stratum,wiktionary:kaikki@2026-10-03,False,,schoolhouse (building where school is held),3.89,,,el,loan,
es,medianoche,f,midnight,stratum,wiktionary:kaikki@2026-10-03,False,,midnight,3.88,,,he,unknown,
es,inmueble,m,property,stratum,wiktionary:kaikki@2026-10-03,False,,"property, estate",3.87,,,le,native,
es,clic,m,click,stratum,wiktionary:kaikki@2026-10-03,False,,click,3.87,,,ic,unknown,
es,merced,f,mercy,stratum,wiktionary:kaikki@2026-10-03,False,,mercy,3.86,,,ed,unknown,
es,lote,m,lot,stratum,wiktionary:kaikki@2026-10-03,False,,lot (chance assignment),3.86,,,te,unknown,
es,carril,m,lane,stratum,wiktionary:kaikki@2026-10-03,False,,lane (a lengthwise division of roadway intended for a single line of vehicles),3.85,,,il,native,
es,umbral,m,doorstep,stratum,wiktionary:kaikki@2026-10-03,False,,doorstep; stoop,3.84,,,al,native,
es,malestar,m,unease,stratum,wiktionary:kaikki@2026-10-03,False,,unease,3.83,,,ar,unknown,
es,lápiz,m,pencil,stratum,wiktionary:kaikki@2026-10-03,False,,pencil,3.82,,,iz,loan,
es,certamen,m,contest,stratum,wiktionary:kaikki@2026-10-03,False,,"contest, competition, pageant",3.81,,,-men,unknown,
es,interfaz,f,interface,stratum,wiktionary:kaikki@2026-10-03,False,,interface (the point of interconnection between two entities),3.81,,,az,native,
es,mármol,m,marble,stratum,wiktionary:kaikki@2026-10-03,False,,marble (crystalline limestone),3.8,,,ol,native,
es,césped,m,lawn,stratum,wiktionary:kaikki@2026-10-03,False,,lawn,3.79,,,ed,native,
es,paraguas,m,umbrella,stratum,wiktionary:kaikki@2026-10-03,False,,"umbrella, brolly (UK)",3.78,,,as,unknown,
es,catástrofe,f,catastrophe,stratum,wiktionary:kaikki@2026-10-03,False,,"catastrophe, disaster",3.77,,,fe,unknown,
es,pirámide,f,pyramid,stratum,wiktionary:kaikki@2026-10-03,False,,pyramid,3.76,,,de,native,
es,peste,f,plague,stratum,wiktionary:kaikki@2026-10-03,False,,plague,3.75,,,te,unknown,
es,marfil,m,ivory,stratum,wiktionary:kaikki@2026-10-03,False,,ivory,3.75,,,il,native,
es,disfraz,m,disguise,stratum,wiktionary:kaikki@2026-10-03,False,,disguise,3.75,,,az,unknown,
es,videoclip,m,music video,stratum,wiktionary:kaikki@2026-10-03,False,,music video,3.71,,,ip,loan,
es,cohete,m,skyrocket,stratum,wiktionary:kaikki@2026-10-03,False,,skyrocket,3.71,,,-ete,loan,
es,suroeste,m,southwest,stratum,wiktionary:kaikki@2026-10-03,False,,southwest,3.7,,,te,unknown,
es,máster,m,master's degree,stratum,wiktionary:kaikki@2026-10-03,False,,"master's degree, master",3.7,,,er,unknown,
es,dictamen,m,ruling,stratum,wiktionary:kaikki@2026-10-03,False,,"ruling, verdict, sentence, dictamen",3.7,,,-men,unknown,
es,hincapié,m,stomp,stratum,wiktionary:kaikki@2026-10-03,False,,stomp (with the foot),3.69,,,ié,unknown,
es,barril,m,barrel,stratum,wiktionary:kaikki@2026-10-03,False,,barrel (large container made of wood staves bound with metal rings or an equivalent container),3.68,,,il,loan,
es,misil,m,missile,stratum,wiktionary:kaikki@2026-10-03,False,,missile (a self-propelled projectile whose trajectory can be adjusted after it is launched),3.68,,,il,native,
es,boliche,m,bowling,stratum,wiktionary:kaikki@2026-10-03,False,,bowling,3.64,,,he,unknown,
es,arce,m,maple tree,stratum,wiktionary:kaikki@2026-10-03,False,,maple tree,3.64,,,ce,native,
es,poste,m,post,stratum,wiktionary:kaikki@2026-10-03,False,,"post (of wood), pole",3.62,,,te,unknown,
es,pulgar,m,thumb,stratum,wiktionary:kaikki@2026-10-03,False,,"thumb, big toe",3.62,,,ar,native,
es,esquí,m,ski,stratum,wiktionary:kaikki@2026-10-03,False,,ski,3.61,,,uí,loan,
es,currículum,m,curriculum vitae,stratum,wiktionary:kaikki@2026-10-03,False,,curriculum vitae,3.61,,,um,unknown,
es,vinagre,m,vinegar,stratum,wiktionary:kaikki@2026-10-03,False,,vinegar (a sour liquid formed by the fermentation of alcohol used as a condiment or preservative),3.61,,,re,native,
es,fusil,m,rifle,stratum,wiktionary:kaikki@2026-10-03,False,,rifle,3.6,,,il,unknown,
es,centenar,m,unit of one hundred objects,stratum,wiktionary:kaikki@2026-10-03,False,,a unit of one hundred objects,3.6,,,ar,unknown,
es,bol,m,bowl,stratum,wiktionary:kaikki@2026-10-03,False,,bowl,3.58,,,ol,unknown,
es,mueble,m,piece of furniture,stratum,wiktionary:kaikki@2026-10-03,False,,a piece of furniture,3.58,,,le,native,
es,declive,m,decline,stratum,wiktionary:kaikki@2026-10-03,False,,decline (a downward slope),3.58,,,ve,loan,
es,chicle,m,chewing gum,stratum,wiktionary:kaikki@2026-10-03,False,,chewing gum,3.57,,,le,loan,
es,cauce,m,riverbed,stratum,wiktionary:kaikki@2026-10-03,False,,riverbed,3.56,,,ce,unknown,
es,rompecabezas,m,jigsaw puzzle,stratum,wiktionary:kaikki@2026-10-03,False,,a jigsaw puzzle,3.55,,,as,unknown,
es,confort,m,comfort,stratum,wiktionary:kaikki@2026-10-03,False,,"comfort, ease",3.55,,,rt,unknown,
es,boicot,m,boycott,stratum,wiktionary:kaikki@2026-10-03,False,,boycott,3.54,,,ot,unknown,
es,compás,m,pair of compasses,stratum,wiktionary:kaikki@2026-10-03,False,,pair of compasses (tool used to draw circles),3.52,,,ás,loan,
es,porvenir,m,future,stratum,wiktionary:kaikki@2026-10-03,False,,future (that which is yet to come),3.52,,,ir,unknown,
es,ataúd,m,coffin,stratum,wiktionary:kaikki@2026-10-03,False,,"coffin, casket",3.51,,,úd,loan,
es,aval,m,endorsement,stratum,wiktionary:kaikki@2026-10-03,False,,endorsement,3.51,,,al,unknown,
es,cicatriz,f,scar,stratum,wiktionary:kaikki@2026-10-03,False,,"scar, cicatrix",3.5,,,iz,unknown,
es,ómnibus,m,public bus,stratum,wiktionary:kaikki@2026-10-03,False,,public bus,3.47,,,us,loan,
es,guion,m,script,stratum,wiktionary:kaikki@2026-10-03,False,,"script, scenario",3.46,,,on,unknown,
es,paladar,m,palate,stratum,wiktionary:kaikki@2026-10-03,False,,"palate (roof of the mouth, and sense of taste)",3.46,,,ar,native,
es,ápice,m,apex,stratum,wiktionary:kaikki@2026-10-03,False,,"apex, tip",3.45,,,ce,unknown,
es,pinar,m,pine grove,stratum,wiktionary:kaikki@2026-10-03,False,,pine grove,3.44,,,ar,unknown,
es,apéndice,m,appendix,stratum,wiktionary:kaikki@2026-10-03,False,,appendix (text added to the end of a book),3.44,,,ce,loan,
es,contraparte,f,counterpart,stratum,wiktionary:kaikki@2026-10-03,False,,counterpart,3.42,,,te,unknown,
es,bambú,m,bamboo,stratum,wiktionary:kaikki@2026-10-03,False,,bamboo (plant),3.41,,,bú,loan,
es,jarabe,m,syrup,stratum,wiktionary:kaikki@2026-10-03,False,,syrup,3.4,,,be,native,
es,puré,m,puree,stratum,wiktionary:kaikki@2026-10-03,False,,puree,3.4,,,ré,unknown,
es,falange,f,phalanx,stratum,wiktionary:kaikki@2026-10-03,False,,phalanx (one of the bones of the finger or toe),3.4,,,ge,loan,
es,estandarte,m,flag,stratum,wiktionary:kaikki@2026-10-03,False,,"flag, banner, standard, colors",3.4,,,te,loan,
es,millar,m,unit or group of one thousand,stratum,wiktionary:kaikki@2026-10-03,False,,a unit or group of one thousand,3.39,,,ar,unknown,
es,voleibol,m,volleyball,stratum,wiktionary:kaikki@2026-10-03,False,,volleyball (game),3.38,,,ol,unknown,
es,cáliz,m,chalice,stratum,wiktionary:kaikki@2026-10-03,False,,"chalice, goblet",3.38,,,iz,loan,
es,mugre,f,dirt,stratum,wiktionary:kaikki@2026-10-03,False,,"dirt, filth, grease, muck",3.38,,,re,unknown,
es,nordeste,m,northeast,stratum,wiktionary:kaikki@2026-10-03,False,,northeast,3.37,,,te,unknown,
es,bucle,m,curl of hair,stratum,wiktionary:kaikki@2026-10-03,False,,curl of hair,3.37,,,le,loan,
es,escondite,m,hiding place,stratum,wiktionary:kaikki@2026-10-03,False,,hiding place,3.36,,,te,loan,
es,cóctel,m,cocktail,stratum,wiktionary:kaikki@2026-10-03,False,,cocktail,3.36,,,el,unknown,
es,sudoeste,m,southwest,stratum,wiktionary:kaikki@2026-10-03,False,,southwest,3.36,,,te,unknown,
es,yate,m,yacht,stratum,wiktionary:kaikki@2026-10-03,False,,yacht,3.35,,,te,loan,
es,altavoz,m,loudspeaker,stratum,wiktionary:kaikki@2026-10-03,False,,"loudspeaker, speaker (an electromechanical transducer that converts an electrical signal into audible sound)",3.35,,,oz,unknown,
es,matiz,m,hue,stratum,wiktionary:kaikki@2026-10-03,False,,hue,3.35,,,iz,unknown,
es,quehacer,m,work,stratum,wiktionary:kaikki@2026-10-03,False,,work,3.35,,,er,unknown,
es,paracaídas,m,parachute,stratum,wiktionary:kaikki@2026-10-03,False,,parachute,3.35,,,as,unknown,
es,sintaxis,f,syntax,stratum,wiktionary:kaikki@2026-10-03,False,,syntax,3.34,,,is,loan,
es,baúl,m,chest,stratum,wiktionary:kaikki@2026-10-03,False,,"chest, trunk, footlocker, steamer trunk",3.33,,,úl,unknown,
es,diésel,m,diesel fuel,stratum,wiktionary:kaikki@2026-10-03,False,,diesel fuel,3.33,,,el,unknown,
es,ojete,m,eyelet,stratum,wiktionary:kaikki@2026-10-03,False,,"eyelet, grommet",3.31,,,-ete,unknown,
es,vals,m,waltz,stratum,wiktionary:kaikki@2026-10-03,False,,waltz,3.31,,,ls,loan,
es,sobrenombre,m,nickname,stratum,wiktionary:kaikki@2026-10-03,False,,"nickname, sobriquet",3.31,,,re,native,
es,pincel,m,paintbrush,stratum,wiktionary:kaikki@2026-10-03,False,,paintbrush (usually thinner than a brocha),3.31,,,el,loan,
es,cofre,m,chest,stratum,wiktionary:kaikki@2026-10-03,False,,"chest, coffer, trunk",3.3,,,re,loan,
es,carné,m,identity card,stratum,wiktionary:kaikki@2026-10-03,False,,identity card,3.3,,,né,loan,
es,broche,m,clasp,stratum,wiktionary:kaikki@2026-10-03,False,,"clasp, brooch",3.3,,,he,unknown,
es,arrecife,m,reef,stratum,wiktionary:kaikki@2026-10-03,False,,reef,3.3,,,fe,native,
es,bufete,m,lawyer's office,stratum,wiktionary:kaikki@2026-10-03,False,,lawyer's office,3.29,,,-ete,unknown,
es,ovni,m,ufo,stratum,wiktionary:kaikki@2026-10-03,False,,UFO,3.29,,,ni,unknown,
es,perejil,m,parsley,stratum,wiktionary:kaikki@2026-10-03,False,,parsley,3.29,,,il,native,
es,superávit,m,surplus,stratum,wiktionary:kaikki@2026-10-03,False,,surplus,3.29,,,it,loan,
es,parabrisas,m,windscreen,stratum,wiktionary:kaikki@2026-10-03,False,,"windscreen, windshield",3.29,,,as,unknown,
es,proyectil,m,projectile,stratum,wiktionary:kaikki@2026-10-03,False,,projectile,3.29,,,il,unknown,
es,girasol,m,sunflower,stratum,wiktionary:kaikki@2026-10-03,False,,sunflower,3.28,,,ol,unknown,
es,manjar,m,delicacy,stratum,wiktionary:kaikki@2026-10-03,False,,"delicacy, food, sustenance (especially delicious food, or one of the types of foods listed below)",3.28,,,ar,loan,
es,códice,m,codex,stratum,wiktionary:kaikki@2026-10-03,False,,codex,3.28,,,ce,native,
es,hoz,f,sickle,stratum,wiktionary:kaikki@2026-10-03,False,,sickle,3.28,,,oz,native,
es,arancel,m,tariff,stratum,wiktionary:kaikki@2026-10-03,False,,tariff,3.27,,,el,loan,
es,glaciar,m,glacier,stratum,wiktionary:kaikki@2026-10-03,False,,glacier,3.27,,,ar,unknown,
es,bilis,f,bile,stratum,wiktionary:kaikki@2026-10-03,False,,bile,3.27,,,is,unknown,
es,desinterés,m,disinterest,stratum,wiktionary:kaikki@2026-10-03,False,,disinterest,3.27,,,és,unknown,
es,escorial,m,slag heap,stratum,wiktionary:kaikki@2026-10-03,False,,slag heap,3.27,,,al,unknown,
es,vértice,m,vertex,stratum,wiktionary:kaikki@2026-10-03,False,,vertex,3.26,,,ce,native,
es,ramal,m,exit,stratum,wiktionary:kaikki@2026-10-03,False,,exit (of a highway or road),3.25,,,al,unknown,
es,billar,m,billiards,stratum,wiktionary:kaikki@2026-10-03,False,,billiards,3.25,,,ar,unknown,
es,arenal,m,sandy area or patch of ground,stratum,wiktionary:kaikki@2026-10-03,False,,sandy area or patch of ground; beach,3.24,,,al,unknown,
es,canje,m,swap,stratum,wiktionary:kaikki@2026-10-03,False,,"swap, exchange",3.24,,,je,unknown,
es,estuche,m,case,stratum,wiktionary:kaikki@2026-10-03,False,,case (to hold and protect something),3.23,,,he,loan,
es,jengibre,m,ginger,stratum,wiktionary:kaikki@2026-10-03,False,,ginger,3.23,,,re,native,
es,andén,m,platform,stratum,wiktionary:kaikki@2026-10-03,False,,platform (at a train station),3.23,,,én,native,
es,porche,m,veranda,stratum,wiktionary:kaikki@2026-10-03,False,,"veranda, verandah; stoop; porch",3.23,,,he,loan,
es,orbe,m,orb,stratum,wiktionary:kaikki@2026-10-03,False,,orb,3.22,,,be,unknown,
es,cúspide,f,peak,stratum,wiktionary:kaikki@2026-10-03,False,,peak; zenith,3.21,,,de,native,
es,penalti,m,penalty,stratum,wiktionary:kaikki@2026-10-03,False,,"penalty, penalty kick",3.21,,,ti,unknown,
es,resorte,m,spring,stratum,wiktionary:kaikki@2026-10-03,False,,spring (device made of flexible material),3.21,,,te,unknown,
es,desnivel,m,difference of altitude,stratum,wiktionary:kaikki@2026-10-03,False,,difference of altitude,3.2,,,el,unknown,
es,palenque,m,palisade,stratum,wiktionary:kaikki@2026-10-03,False,,palisade; fence,3.2,,,ue,loan,
es,podre,f,rot,stratum,wiktionary:kaikki@2026-10-03,False,,rot; rotting,3.19,,,re,unknown,
es,bulevar,m,boulevard,stratum,wiktionary:kaikki@2026-10-03,False,,boulevard,3.19,,,ar,loan,
es,burdel,m,brothel,stratum,wiktionary:kaikki@2026-10-03,False,,"brothel, whorehouse",3.19,,,el,loan,
es,mote,m,nickname,stratum,wiktionary:kaikki@2026-10-03,False,,nickname,3.18,,,te,loan,
es,folclore,m,folklore,stratum,wiktionary:kaikki@2026-10-03,False,,folklore,3.18,,,re,unknown,
es,mástil,m,mast,stratum,wiktionary:kaikki@2026-10-03,False,,"mast (a tall, slim post or tower used to support the sails on a ship)",3.18,,,il,loan,
es,escaparate,m,display cabinet,stratum,wiktionary:kaikki@2026-10-03,False,,display cabinet,3.18,,,te,loan,
es,sífilis,f,syphilis,stratum,wiktionary:kaikki@2026-10-03,False,,syphilis,3.17,,,is,unknown,
es,carrusel,m,carousel,stratum,wiktionary:kaikki@2026-10-03,False,,"carousel, merry-go-round",3.17,,,el,unknown,
es,alarde,m,boast,stratum,wiktionary:kaikki@2026-10-03,False,,"boast, boasting, brag",3.17,,,de,loan,
es,pronombre,m,pronoun,stratum,wiktionary:kaikki@2026-10-03,False,,pronoun,3.17,,,re,native,
es,autocontrol,m,self-control,stratum,wiktionary:kaikki@2026-10-03,False,,self-control,3.16,,,ol,unknown,
es,estiércol,m,manure,stratum,wiktionary:kaikki@2026-10-03,False,,manure,3.16,,,ol,native,
es,fetiche,m,fetish,stratum,wiktionary:kaikki@2026-10-03,False,,fetish (something that is believed to possess magical powers),3.15,,,he,loan,
es,jacuzzi,m,hot tub,stratum,wiktionary:kaikki@2026-10-03,False,,"hot tub, jacuzzi",3.14,,,zi,unknown,
es,carrete,m,bobbin,stratum,wiktionary:kaikki@2026-10-03,False,,bobbin,3.14,,,-ete,loan,
es,éter,m,ether,stratum,wiktionary:kaikki@2026-10-03,False,,ether,3.14,,,er,native,
es,sien,f,temple,stratum,wiktionary:kaikki@2026-10-03,False,,temple (part of the skull on the side of the forehead),3.14,,,en,loan,
es,farol,m,lantern,stratum,wiktionary:kaikki@2026-10-03,False,,lantern,3.12,,,ol,native,
es,bache,m,pothole,stratum,wiktionary:kaikki@2026-10-03,False,,pothole,3.11,,,he,unknown,
es,traste,m,fret,stratum,wiktionary:kaikki@2026-10-03,False,,fret,3.1,,,te,unknown,
es,derbi,m,derby,stratum,wiktionary:kaikki@2026-10-03,False,,"derby, local derby",3.1,,,bi,unknown,
es,trébol,m,clover,stratum,wiktionary:kaikki@2026-10-03,False,,clover,3.1,,,ol,native,
es,barniz,m,varnish,stratum,wiktionary:kaikki@2026-10-03,False,,"varnish, gloss",3.1,,,iz,native,
es,brazalete,m,bracelet,stratum,wiktionary:kaikki@2026-10-03,False,,bracelet,3.1,,,-ete,unknown,
es,filete,m,fillet,stratum,wiktionary:kaikki@2026-10-03,False,,"fillet, steak",3.09,,,-ete,loan,
es,mantel,m,tablecloth,stratum,wiktionary:kaikki@2026-10-03,False,,tablecloth,3.09,,,el,loan,
es,panal,m,honeycomb,stratum,wiktionary:kaikki@2026-10-03,False,,honeycomb,3.09,,,al,unknown,
es,hostal,m,hostel,stratum,wiktionary:kaikki@2026-10-03,False,,hostel; cheap hotel,3.09,,,al,native,
es,portaaviones,m,aircraft carrier,stratum,wiktionary:kaikki@2026-10-03,False,,aircraft carrier,3.09,,,es,unknown,
es,jornal,m,day's pay,stratum,wiktionary:kaikki@2026-10-03,False,,a day's pay,3.07,,,al,unknown,
es,hélice,f,helix,stratum,wiktionary:kaikki@2026-10-03,False,,helix,3.07,,,ce,loan,
es,tapiz,m,tapestry,stratum,wiktionary:kaikki@2026-10-03,False,,tapestry,3.06,,,iz,loan,
es,delantal,m,apron,stratum,wiktionary:kaikki@2026-10-03,False,,apron,3.06,,,al,unknown,
es,crisol,m,crucible,stratum,wiktionary:kaikki@2026-10-03,False,,crucible,3.06,,,ol,unknown,
es,retrete,m,toilet,stratum,wiktionary:kaikki@2026-10-03,False,,toilet,3.05,,,-ete,loan,
es,descontrol,m,lack of control or order,stratum,wiktionary:kaikki@2026-10-03,False,,a lack of control or order; unruliness,3.05,,,ol,native,
es,seccional,f,police subdivision in montevideo. there are 24 of them in montevideo,stratum,wiktionary:kaikki@2026-10-03,False,,a police subdivision in Montevideo. There are 24 of them in Montevideo,3.05,,,al,unknown,
es,rosal,m,rosebush,stratum,wiktionary:kaikki@2026-10-03,False,,rosebush,3.05,,,al,unknown,
es,anís,m,anise,stratum,wiktionary:kaikki@2026-10-03,False,,anise,3.04,,,ís,loan,
es,arcoíris,m,rainbow,stratum,wiktionary:kaikki@2026-10-03,False,,rainbow,3.04,,,is,unknown,
es,granel,m,bulk,stratum,wiktionary:kaikki@2026-10-03,False,,bulk (unpackaged goods),3.02,,,el,unknown,
es,grial,m,grail,stratum,wiktionary:kaikki@2026-10-03,False,,grail,3.01,,,al,loan,
es,tun,m,pre-hispanic percussion instrument from guatemala,stratum,wiktionary:kaikki@2026-10-03,False,,"a Pre-Hispanic percussion instrument from Guatemala, consisting of a hollow wooden block with slits in the sides",3.01,,,un,unknown,
es,arrabal,m,suburb,stratum,wiktionary:kaikki@2026-10-03,False,,suburb,3.0,,,al,loan,
es,hule,m,natural rubber,stratum,wiktionary:kaikki@2026-10-03,False,,natural rubber,3.0,,,le,unknown,
es,póquer,m,poker,stratum,wiktionary:kaikki@2026-10-03,False,,poker (card game),2.99,,,er,unknown,
es,camarote,m,cabin,stratum,wiktionary:kaikki@2026-10-03,False,,"cabin, quarters",2.99,,,-ote,unknown,
es,bisturí,m,scalpel,stratum,wiktionary:kaikki@2026-10-03,False,,"scalpel, bistoury",2.99,,,rí,loan,
es,menester,m,something necessary,stratum,wiktionary:kaikki@2026-10-03,False,,"something necessary, requirement, must",2.98,,,er,native,
es,parral,m,vine arbour,stratum,wiktionary:kaikki@2026-10-03,False,,vine arbour,2.98,,,al,unknown,
es,tándem,m,tandem bicycle,stratum,wiktionary:kaikki@2026-10-03,False,,tandem bicycle,2.98,,,em,unknown,
es,desliz,m,slip,stratum,wiktionary:kaikki@2026-10-03,False,,"slip, lapse",2.97,,,iz,unknown,
es,pesebre,m,nativity scene,stratum,wiktionary:kaikki@2026-10-03,False,,nativity scene,2.95,,,re,unknown,
es,vorágine,f,whirlpool,stratum,wiktionary:kaikki@2026-10-03,False,,"whirlpool, maelstrom",2.95,,,ne,loan,
es,riel,m,rail,stratum,wiktionary:kaikki@2026-10-03,False,,"rail, track",2.95,,,el,loan,
es,arnés,m,harness,stratum,wiktionary:kaikki@2026-10-03,False,,harness,2.95,,,és,unknown,
es,cortafuegos,m,firebreak,stratum,wiktionary:kaikki@2026-10-03,False,,"firebreak, fire line, firetrail (Australia) (An area cleared of all flammable material in the woods to prevent a fire from spreading across it)",2.95,,,os,unknown,
es,gravamen,m,tax,stratum,wiktionary:kaikki@2026-10-03,False,,tax,2.95,,,-men,unknown,
es,bou,m,seine fishing,stratum,wiktionary:kaikki@2026-10-03,False,,seine fishing,2.95,,,ou,unknown,
es,yunque,m,anvil,stratum,wiktionary:kaikki@2026-10-03,False,,anvil,2.95,,,ue,native,
es,argot,m,slang,stratum,wiktionary:kaikki@2026-10-03,False,,"slang, argot",2.93,,,ot,unknown,
es,yihad,f,jihad,stratum,wiktionary:kaikki@2026-10-03,False,,jihad,2.92,,,ad,unknown,
es,telar,m,loom,stratum,wiktionary:kaikki@2026-10-03,False,,loom,2.92,,,ar,unknown,
es,hachís,m,hashish,stratum,wiktionary:kaikki@2026-10-03,False,,hashish,2.92,,,ís,unknown,
es,almanaque,m,almanac,stratum,wiktionary:kaikki@2026-10-03,False,,almanac,2.91,,,ue,loan,
es,directriz,f,guideline,stratum,wiktionary:kaikki@2026-10-03,False,,"guideline, guidance, direction",2.91,,,iz,unknown,
es,taburete,m,stool,stratum,wiktionary:kaikki@2026-10-03,False,,"stool, barstool",2.91,,,-ete,unknown,
es,percance,m,accident,stratum,wiktionary:kaikki@2026-10-03,False,,"accident, mishap",2.9,,,ce,unknown,
es,matorral,m,brush,stratum,wiktionary:kaikki@2026-10-03,False,,"brush, scrub (wild vegetation)",2.9,,,al,unknown,
es,ingle,f,groin,stratum,wiktionary:kaikki@2026-10-03,False,,groin,2.89,,,le,native,
es,lar,m,hearth,stratum,wiktionary:kaikki@2026-10-03,False,,"hearth, fireplace",2.89,,,ar,native,
es,clavel,m,carnation,stratum,wiktionary:kaikki@2026-10-03,False,,carnation (plant),2.89,,,el,loan,
es,epígrafe,m,epigraph,stratum,wiktionary:kaikki@2026-10-03,False,,epigraph,2.88,,,fe,loan,
es,lapsus,m,slip of the tongue,stratum,wiktionary:kaikki@2026-10-03,False,,slip of the tongue,2.88,,,us,unknown,
es,balompié,m,football,stratum,wiktionary:kaikki@2026-10-03,False,,football (soccer),2.87,,,ié,native,
es,colmenar,m,apiary,stratum,wiktionary:kaikki@2026-10-03,False,,apiary (a place where beehives are kept),2.86,,,ar,unknown,
es,tui,m,tweet,stratum,wiktionary:kaikki@2026-10-03,False,,tweet (post of Twitter),2.86,,,ui,unknown,
es,mimbre,m,wicker,stratum,wiktionary:kaikki@2026-10-03,False,,wicker,2.86,,,re,native,
es,laúd,m,lute,stratum,wiktionary:kaikki@2026-10-03,False,,lute (a fretted stringed instrument),2.86,,,úd,loan,
es,quiste,m,cyst,stratum,wiktionary:kaikki@2026-10-03,False,,cyst,2.86,,,te,unknown,
es,cordel,m,string,stratum,wiktionary:kaikki@2026-10-03,False,,string (thin thread),2.85,,,el,loan,
es,espantapájaros,m,scarecrow,stratum,wiktionary:kaikki@2026-10-03,False,,scarecrow,2.85,,,os,unknown,
es,vórtice,m,vortex,stratum,wiktionary:kaikki@2026-10-03,False,,vortex,2.85,,,ce,unknown,
es,lanzallamas,m,flamethrower,stratum,wiktionary:kaikki@2026-10-03,False,,flamethrower,2.84,,,as,unknown,
es,tupper,m,synonym of tupperware,stratum,wiktionary:kaikki@2026-10-03,False,,synonym of Tupperware,2.84,,,er,loan,
es,cariz,m,aspect,stratum,wiktionary:kaikki@2026-10-03,False,,"aspect, condition",2.84,,,iz,unknown,
es,peral,m,pear tree,stratum,wiktionary:kaikki@2026-10-03,False,,pear tree,2.84,,,al,unknown,
es,parachoques,m,bumper,stratum,wiktionary:kaikki@2026-10-03,False,,bumper,2.84,,,es,unknown,
es,cañaveral,m,reed field,stratum,wiktionary:kaikki@2026-10-03,False,,reed field,2.83,,,al,native,
es,dineral,m,mint,stratum,wiktionary:kaikki@2026-10-03,False,,"mint, bundle, (UK) packet, an arm and a leg (large amount of money)",2.83,,,al,unknown,
es,islote,m,islet,stratum,wiktionary:kaikki@2026-10-03,False,,islet,2.82,,,-ote,unknown,
es,pendrive,m,flash drive,stratum,wiktionary:kaikki@2026-10-03,False,,"flash drive, pen drive, USB drive, memory stick, thumb drive",2.82,,,ve,unknown,
es,gasoil,m,diesel fuel,stratum,wiktionary:kaikki@2026-10-03,False,,diesel fuel,2.82,,,il,unknown,
es,aquelarre,m,nocturnal group of witches and the devil,stratum,wiktionary:kaikki@2026-10-03,False,,a nocturnal group of witches and the devil,2.81,,,re,loan,
es,chagas,m,chagas disease,stratum,wiktionary:kaikki@2026-10-03,False,,Chagas disease,2.81,,,as,unknown,
es,tifus,m,typhus,stratum,wiktionary:kaikki@2026-10-03,False,,typhus,2.81,,,us,loan,
es,laringe,f,larynx,stratum,wiktionary:kaikki@2026-10-03,False,,larynx,2.81,,,ge,loan,
es,palmarés,m,list of winners or champions,stratum,wiktionary:kaikki@2026-10-03,False,,"list of winners or champions, prize list",2.8,,,és,unknown,
es,dosel,m,canopy,stratum,wiktionary:kaikki@2026-10-03,False,,canopy,2.8,,,el,loan,
es,bistec,m,steak,stratum,wiktionary:kaikki@2026-10-03,False,,"steak, beefsteak",2.8,,,ec,unknown,
es,antifaz,m,domino mask,stratum,wiktionary:kaikki@2026-10-03,False,,"domino mask, eyemask",2.8,,,az,unknown,
es,ajuar,m,dowry,stratum,wiktionary:kaikki@2026-10-03,False,,"dowry, trousseau",2.8,,,ar,native,
es,croquis,m,sketch,stratum,wiktionary:kaikki@2026-10-03,False,,a sketch,2.8,,,is,unknown,
es,almíbar,m,sugar water,stratum,wiktionary:kaikki@2026-10-03,False,,sugar water,2.79,,,ar,loan,
es,boquete,m,gap,stratum,wiktionary:kaikki@2026-10-03,False,,"gap, small opening",2.79,,,-ete,unknown,
es,calambre,m,cramp,stratum,wiktionary:kaikki@2026-10-03,False,,cramp,2.79,,,re,unknown,
es,triplete,m,treble,stratum,wiktionary:kaikki@2026-10-03,False,,treble (a team that wins three competitions in the same season),2.78,,,-ete,unknown,
es,cenit,m,zenith,stratum,wiktionary:kaikki@2026-10-03,False,,zenith,2.78,,,it,loan,
es,sirope,m,syrup,stratum,wiktionary:kaikki@2026-10-03,False,,syrup,2.78,,,pe,unknown,
es,tul,m,tulle,stratum,wiktionary:kaikki@2026-10-03,False,,tulle (material),2.78,,,ul,unknown,
es,cachete,m,cheek,stratum,wiktionary:kaikki@2026-10-03,False,,cheek,2.77,,,-ete,unknown,
es,pastizal,m,grassland,stratum,wiktionary:kaikki@2026-10-03,False,,"grassland, pasture (land covered with grass)",2.77,,,al,unknown,
es,puntal,m,prop,stratum,wiktionary:kaikki@2026-10-03,False,,"prop, support",2.77,,,al,unknown,
es,pasodoble,m,certain kind of march,stratum,wiktionary:kaikki@2026-10-03,False,,a certain kind of march (music),2.77,,,le,unknown,
es,morral,m,backpack,stratum,wiktionary:kaikki@2026-10-03,False,,"backpack, knapsack",2.76,,,al,unknown,
es,envés,m,back,stratum,wiktionary:kaikki@2026-10-03,False,,"back (the reverse side of a leaf, fabric etc.)",2.76,,,és,native,
es,monteverde,m,area of subtropical forest found in the canary islands,stratum,wiktionary:kaikki@2026-10-03,False,,an area of subtropical forest found in the Canary Islands,2.76,,,de,unknown,
es,fuste,m,wood,stratum,wiktionary:kaikki@2026-10-03,False,,wood,2.75,,,te,native,
es,caballete,m,easel,stratum,wiktionary:kaikki@2026-10-03,False,,easel,2.74,,,-ete,unknown,
es,descapotable,m,convertible,stratum,wiktionary:kaikki@2026-10-03,False,,convertible,2.74,,,le,unknown,
es,catre,m,cot,stratum,wiktionary:kaikki@2026-10-03,False,,cot (bed frame),2.74,,,re,loan,
es,vendaval,m,windstorm,stratum,wiktionary:kaikki@2026-10-03,False,,windstorm,2.74,,,al,loan,
es,frac,m,tailcoat,stratum,wiktionary:kaikki@2026-10-03,False,,tailcoat,2.73,,,ac,loan,
es,redil,m,fold,stratum,wiktionary:kaikki@2026-10-03,False,,"fold, pen, sheepfold (fenced off space to keep animals)",2.73,,,il,unknown,
es,profilaxis,f,prophylaxis,stratum,wiktionary:kaikki@2026-10-03,False,,prophylaxis,2.72,,,is,unknown,
es,tocadiscos,m,record player,stratum,wiktionary:kaikki@2026-10-03,False,,record player,2.72,,,os,unknown,
es,limpiaparabrisas,m,windshield wiper,stratum,wiktionary:kaikki@2026-10-03,False,,windshield wiper; windscreen wiper,2.72,,,as,unknown,
es,cogote,m,nape,stratum,wiktionary:kaikki@2026-10-03,False,,nape (of the neck),2.71,,,-ote,unknown,
es,terraplén,m,embankment,stratum,wiktionary:kaikki@2026-10-03,False,,"embankment; fill (on a hillside, etc.)",2.71,,,én,unknown,
es,humedal,m,wetland,stratum,wiktionary:kaikki@2026-10-03,False,,wetland,2.71,,,al,unknown,
es,buche,m,crop,stratum,wiktionary:kaikki@2026-10-03,False,,crop (pouch-like part of the alimentary tract of some birds),2.71,,,he,native,
es,lavavajillas,m,dish detergent,stratum,wiktionary:kaikki@2026-10-03,False,,dish detergent,2.71,,,as,unknown,
es,harén,m,harem,stratum,wiktionary:kaikki@2026-10-03,False,,harem,2.71,,,én,loan,
es,celuloide,m,celluloid,stratum,wiktionary:kaikki@2026-10-03,False,,celluloid (variety of thermoplastics),2.7,,,de,unknown,
es,regaliz,m,liquorice,stratum,wiktionary:kaikki@2026-10-03,False,,liquorice,2.7,,,iz,native,
es,ferri,m,ferry,stratum,wiktionary:kaikki@2026-10-03,False,,ferry,2.7,,,ri,unknown,
es,ábside,m,apse,stratum,wiktionary:kaikki@2026-10-03,False,,apse,2.69,,,de,unknown,
es,procés,m,process of catalan independence,stratum,wiktionary:kaikki@2026-10-03,False,,the process of Catalan independence,2.69,,,és,unknown,
es,carrizal,m,area of reeds,stratum,wiktionary:kaikki@2026-10-03,False,,"area of reeds, reed field",2.69,,,al,unknown,
es,puntapié,m,kick,stratum,wiktionary:kaikki@2026-10-03,False,,kick (blow given with the foot),2.69,,,ié,unknown,
es,vergel,m,orchard,stratum,wiktionary:kaikki@2026-10-03,False,,orchard,2.68,,,el,loan,
es,pajar,m,haystack,stratum,wiktionary:kaikki@2026-10-03,False,,haystack,2.68,,,ar,native,
es,basural,m,landfill,stratum,wiktionary:kaikki@2026-10-03,False,,"landfill, dump (place where waste or garbage is left)",2.68,,,al,unknown,
es,pasamontañas,m,balaclava,stratum,wiktionary:kaikki@2026-10-03,False,,balaclava,2.68,,,as,unknown,
es,azahar,m,orange blossom,stratum,wiktionary:kaikki@2026-10-03,False,,orange blossom,2.67,,,ar,loan,
es,torniquete,m,turnstile,stratum,wiktionary:kaikki@2026-10-03,False,,turnstile,2.67,,,-ete,unknown,
es,abrazote,m,bear hug,stratum,wiktionary:kaikki@2026-10-03,False,,bear hug,2.66,,,-ote,unknown,
es,desbalance,m,imbalance,stratum,wiktionary:kaikki@2026-10-03,False,,imbalance,2.66,,,ce,unknown,
es,palacete,m,small palace,stratum,wiktionary:kaikki@2026-10-03,False,,"small palace, mansion, villa",2.66,,,-ete,unknown,
es,efeméride,f,event that is periodically commemorated on its anniversary,stratum,wiktionary:kaikki@2026-10-03,False,,event that is periodically commemorated on its anniversary,2.66,,,de,unknown,
es,ñame,m,yam,stratum,wiktionary:kaikki@2026-10-03,False,,yam,2.65,,,me,loan,
es,popurrí,m,potpourri,stratum,wiktionary:kaikki@2026-10-03,False,,potpourri (collection of various things),2.65,,,rí,loan,
es,soplete,m,blowtorch,stratum,wiktionary:kaikki@2026-10-03,False,,blowtorch,2.65,,,-ete,unknown,
es,tamiz,m,sieve,stratum,wiktionary:kaikki@2026-10-03,False,,sieve,2.64,,,iz,loan,
es,ictus,m,stroke,stratum,wiktionary:kaikki@2026-10-03,False,,"stroke, ictus",2.64,,,us,unknown,
es,sainete,m,playlet,stratum,wiktionary:kaikki@2026-10-03,False,,"playlet, skit (one-act comic play)",2.64,,,-ete,native,
es,espagueti,m,spaghetti,stratum,wiktionary:kaikki@2026-10-03,False,,spaghetti,2.64,,,ti,loan,
es,caqui,m,persimmon,stratum,wiktionary:kaikki@2026-10-03,False,,persimmon (fruit),2.64,,,ui,loan,
es,tétanos,m,tetanus,stratum,wiktionary:kaikki@2026-10-03,False,,tetanus,2.64,,,os,unknown,
es,picaporte,m,doorknob,stratum,wiktionary:kaikki@2026-10-03,False,,"doorknob, door handle",2.63,,,te,unknown,
es,aeroparque,m,airfield,stratum,wiktionary:kaikki@2026-10-03,False,,airfield,2.63,,,ue,unknown,
es,maillot,m,jersey,stratum,wiktionary:kaikki@2026-10-03,False,,jersey,2.63,,,ot,unknown,
es,aljibe,m,well,stratum,wiktionary:kaikki@2026-10-03,False,,"well (for water), cistern, tank, reservoir",2.63,,,be,loan,
es,hecatombe,f,slaughter,stratum,wiktionary:kaikki@2026-10-03,False,,slaughter; bloodbath,2.63,,,be,unknown,
es,lavamanos,m,sink,stratum,wiktionary:kaikki@2026-10-03,False,,sink,2.61,,,os,unknown,
es,ramillete,m,small bunch,stratum,wiktionary:kaikki@2026-10-03,False,,"Small bunch (of flowers, plants etc.)",2.61,,,-ete,unknown,
es,cuentagotas,m,dropper,stratum,wiktionary:kaikki@2026-10-03,False,,dropper,2.61,,,as,unknown,
es,pupitre,m,student desk,stratum,wiktionary:kaikki@2026-10-03,False,,a student desk,2.61,,,re,unknown,
es,vóley,m,volleyball,stratum,wiktionary:kaikki@2026-10-03,False,,volleyball,2.6,,,ey,unknown,
es,esfínter,m,sphincter,stratum,wiktionary:kaikki@2026-10-03,False,,sphincter,2.6,,,er,loan,
es,cañar,m,group of reeds,stratum,wiktionary:kaikki@2026-10-03,False,,a group of reeds,2.59,,,ar,unknown,
es,peroné,m,calf bone,stratum,wiktionary:kaikki@2026-10-03,False,,"calf bone, fibula",2.59,,,né,unknown,
es,ojal,m,buttonhole,stratum,wiktionary:kaikki@2026-10-03,False,,"buttonhole, eyelet",2.59,,,al,unknown,
es,casete,m,cassette,stratum,wiktionary:kaikki@2026-10-03,False,,cassette,2.58,,,-ete,unknown,
es,babi,m,smock,stratum,wiktionary:kaikki@2026-10-03,False,,smock,2.58,,,bi,loan,
es,templete,m,small temple,stratum,wiktionary:kaikki@2026-10-03,False,,small temple; shrine,2.58,,,-ete,unknown,
es,abedul,m,birch,stratum,wiktionary:kaikki@2026-10-03,False,,birch,2.58,,,ul,native,
es,autogol,m,own goal,stratum,wiktionary:kaikki@2026-10-03,False,,own goal,2.57,,,ol,unknown,
es,añil,m,indigo,stratum,wiktionary:kaikki@2026-10-03,False,,indigo (colour),2.57,,,il,loan,
es,microbús,m,minibus,stratum,wiktionary:kaikki@2026-10-03,False,,minibus,2.56,,,ús,unknown,
es,cincel,m,chisel,stratum,wiktionary:kaikki@2026-10-03,False,,"chisel, cold chisel",2.56,,,el,loan,
es,estay,m,stay,stratum,wiktionary:kaikki@2026-10-03,False,,stay,2.56,,,ay,loan,
es,gamonal,m,white asphodel plantation or wood,stratum,wiktionary:kaikki@2026-10-03,False,,white asphodel plantation or wood,2.55,,,al,unknown,
es,dúplex,m,duplex flat,stratum,wiktionary:kaikki@2026-10-03,False,,"duplex flat, duplex apartment",2.55,,,ex,unknown,
es,trapiche,m,press,stratum,wiktionary:kaikki@2026-10-03,False,,"press, crusher (machine)",2.55,,,he,loan,
es,cafetal,m,piece of land cultivating coffee,stratum,wiktionary:kaikki@2026-10-03,False,,piece of land cultivating coffee,2.55,,,al,unknown,
es,tonel,m,barrel,stratum,wiktionary:kaikki@2026-10-03,False,,barrel,2.55,,,el,native,
es,santoral,m,saint-day calendar,stratum,wiktionary:kaikki@2026-10-03,False,,saint-day calendar,2.55,,,al,unknown,
es,tupé,m,toupee,stratum,wiktionary:kaikki@2026-10-03,False,,toupee,2.55,,,pé,unknown,
es,albaricoque,m,apricot,stratum,wiktionary:kaikki@2026-10-03,False,,apricot,2.54,,,ue,unknown,
es,lanzacohetes,m,bazooka,stratum,wiktionary:kaikki@2026-10-03,False,,"bazooka, rocket-propelled grenade",2.54,,,es,unknown,
es,candil,m,type of oil lamp with a restricted shape and a wick spout on one of its sides,stratum,wiktionary:kaikki@2026-10-03,False,,a type of oil lamp with a restricted (jar or pitcher-like) shape and a wick spout on one of its sides,2.53,,,il,loan,
es,autocar,m,motorcoach,stratum,wiktionary:kaikki@2026-10-03,False,,"motorcoach, bus, coach (vehicle)",2.53,,,ar,loan,
es,videoclub,m,video rental shop,stratum,wiktionary:kaikki@2026-10-03,False,,video rental shop (business where one can rent and sometimes buy recorded home videos),2.53,,,ub,loan,
es,naranjal,m,orange grove,stratum,wiktionary:kaikki@2026-10-03,False,,orange grove,2.53,,,al,unknown,
es,estilete,m,stiletto,stratum,wiktionary:kaikki@2026-10-03,False,,stiletto,2.52,,,-ete,unknown,
es,jur,m,right,stratum,wiktionary:kaikki@2026-10-03,False,,"right, power",2.52,,,ur,unknown,
es,bonete,m,biretta,stratum,wiktionary:kaikki@2026-10-03,False,,biretta (square cap),2.52,,,-ete,unknown,
es,zapote,m,mamey sapote,stratum,wiktionary:kaikki@2026-10-03,False,,mamey sapote,2.52,,,-ote,loan,
es,berrocal,m,outcrop of rocks that have undergone spheroidal weathering,stratum,wiktionary:kaikki@2026-10-03,False,,an outcrop of rocks that have undergone spheroidal weathering,2.51,,,al,unknown,
es,guardabarros,m,fender,stratum,wiktionary:kaikki@2026-10-03,False,,"fender, mudguard (shield to protect a vehicle from mud)",2.51,,,os,unknown,
es,nácar,m,nacre,stratum,wiktionary:kaikki@2026-10-03,False,,"nacre, mother of pearl",2.51,,,ar,loan,
es,cárter,m,crankcase,stratum,wiktionary:kaikki@2026-10-03,False,,crankcase; sump; oil pan,2.5,,,er,unknown,
es,faringe,f,pharynx,stratum,wiktionary:kaikki@2026-10-03,False,,pharynx,2.5,,,ge,loan,
es,relé,m,relay,stratum,wiktionary:kaikki@2026-10-03,False,,relay,2.49,,,lé,unknown,
es,mapamundi,m,world map,stratum,wiktionary:kaikki@2026-10-03,False,,world map,2.48,,,di,native,
es,parchís,m,ludo,stratum,wiktionary:kaikki@2026-10-03,False,,Ludo (board game),2.48,,,ís,loan,
es,váter,m,toilet,stratum,wiktionary:kaikki@2026-10-03,False,,"toilet, WC",2.48,,,er,loan,
es,esmoquin,m,tuxedo,stratum,wiktionary:kaikki@2026-10-03,False,,"tuxedo, dinner jacket",2.48,,,in,loan,
es,ínterin,m,interim,stratum,wiktionary:kaikki@2026-10-03,False,,interim,2.48,,,in,unknown,
es,perol,m,cauldron,stratum,wiktionary:kaikki@2026-10-03,False,,cauldron,2.48,,,ol,unknown,
es,trinquete,m,foremast,stratum,wiktionary:kaikki@2026-10-03,False,,foremast,2.48,,,-ete,unknown,
es,rodete,m,roll from the hair of the head,stratum,wiktionary:kaikki@2026-10-03,False,,"a roll from the hair of the head, bun",2.47,,,-ete,unknown,
es,tentempié,m,snack,stratum,wiktionary:kaikki@2026-10-03,False,,"snack, refreshment (small portion of food)",2.47,,,ié,unknown,
es,cuscús,m,couscous,stratum,wiktionary:kaikki@2026-10-03,False,,couscous,2.47,,,ús,loan,
es,híper,m,hypermarket,stratum,wiktionary:kaikki@2026-10-03,False,,hypermarket,2.47,,,er,unknown,
es,moscatel,m,muscatel,stratum,wiktionary:kaikki@2026-10-03,False,,muscatel,2.47,,,el,unknown,
es,charol,m,patent leather,stratum,wiktionary:kaikki@2026-10-03,False,,patent leather,2.46,,,ol,loan,
es,ajonjolí,m,sesame,stratum,wiktionary:kaikki@2026-10-03,False,,sesame (tropical Asian plant Sesamum indicum),2.46,,,lí,native,
es,portaviones,m,aircraft carrier,stratum,wiktionary:kaikki@2026-10-03,False,,aircraft carrier,2.45,,,es,unknown,
es,molinete,m,pinwheel,stratum,wiktionary:kaikki@2026-10-03,False,,pinwheel,2.45,,,-ete,unknown,
es,raquis,m,rachis,stratum,wiktionary:kaikki@2026-10-03,False,,rachis,2.45,,,is,unknown,
es,sitial,m,seat,stratum,wiktionary:kaikki@2026-10-03,False,,seat (of honour),2.44,,,al,unknown,
es,subclase,f,subclass,stratum,wiktionary:kaikki@2026-10-03,False,,subclass,2.43,,,se,unknown,
es,cigüeñal,m,crankshaft,stratum,wiktionary:kaikki@2026-10-03,False,,crankshaft,2.43,,,al,unknown,
es,mandil,m,apron,stratum,wiktionary:kaikki@2026-10-03,False,,apron,2.43,,,il,loan,
es,lingote,m,ingot,stratum,wiktionary:kaikki@2026-10-03,False,,ingot,2.43,,,-ote,loan,
es,hiel,f,bile,stratum,wiktionary:kaikki@2026-10-03,False,,bile,2.43,,,el,native,
es,naipe,m,playing card,stratum,wiktionary:kaikki@2026-10-03,False,,playing card,2.42,,,pe,loan,
es,boj,m,box,stratum,wiktionary:kaikki@2026-10-03,False,,"box (tree), boxwood",2.42,,,oj,loan,
es,softbol,m,softball,stratum,wiktionary:kaikki@2026-10-03,False,,softball,2.42,,,ol,unknown,
es,mosquete,m,musket,stratum,wiktionary:kaikki@2026-10-03,False,,musket,2.42,,,-ete,loan,
es,lanzagranadas,m,grenade launcher,stratum,wiktionary:kaikki@2026-10-03,False,,grenade launcher,2.42,,,as,unknown,
es,lodazal,m,muddy place,stratum,wiktionary:kaikki@2026-10-03,False,,"a muddy place; morass, mire, mudhole",2.42,,,al,unknown,
es,obús,m,howitzer,stratum,wiktionary:kaikki@2026-10-03,False,,howitzer,2.42,,,ús,unknown,
es,culmen,m,height,stratum,wiktionary:kaikki@2026-10-03,False,,"height, high point",2.41,,,-men,unknown,
es,accésit,m,second-place prize,stratum,wiktionary:kaikki@2026-10-03,False,,second-place prize,2.41,,,it,unknown,
es,alcornoque,m,cork oak,stratum,wiktionary:kaikki@2026-10-03,False,,cork oak,2.41,,,ue,loan,
es,encinar,m,live oak grove,stratum,wiktionary:kaikki@2026-10-03,False,,live oak grove,2.41,,,ar,unknown,
es,ñoqui,m,dumpling,stratum,wiktionary:kaikki@2026-10-03,False,,"dumpling, gnocchi",2.41,,,ui,unknown,
es,iglú,m,igloo,stratum,wiktionary:kaikki@2026-10-03,False,,igloo (inuit snow house),2.41,,,lú,loan,
es,liquen,m,lichen,stratum,wiktionary:kaikki@2026-10-03,False,,lichen,2.41,,,en,unknown,
es,mamey,m,mamey or mammee apple,stratum,wiktionary:kaikki@2026-10-03,False,,"the mamey or mammee apple, Mammea americana",2.4,,,ey,loan,
es,síncope,m,syncope,stratum,wiktionary:kaikki@2026-10-03,False,,syncope,2.4,,,pe,unknown,
es,santiamén,m,jiffy,stratum,wiktionary:kaikki@2026-10-03,False,,"jiffy, jiff, flash, short time, moment, lickety-split",2.39,,,én,native,
es,oxímoron,m,oxymoron,stratum,wiktionary:kaikki@2026-10-03,False,,oxymoron (figure of speech),2.39,,,on,unknown,
es,espinel,m,trotline,stratum,wiktionary:kaikki@2026-10-03,False,,trotline (long fishing line),2.39,,,el,unknown,
es,vodevil,m,vaudeville,stratum,wiktionary:kaikki@2026-10-03,False,,vaudeville,2.38,,,il,unknown,
es,raigambre,f,roots,stratum,wiktionary:kaikki@2026-10-03,False,,"roots, root system",2.38,,,re,unknown,
es,trigal,m,wheatfield,stratum,wiktionary:kaikki@2026-10-03,False,,wheatfield,2.38,,,al,unknown,
es,tragaluz,m,skylight,stratum,wiktionary:kaikki@2026-10-03,False,,skylight,2.38,,,uz,unknown,
es,sirte,f,sandbar,stratum,wiktionary:kaikki@2026-10-03,False,,"sandbar, sandy reef that hinders the floating of ships",2.37,,,te,loan,
es,rompehielos,m,icebreaker,stratum,wiktionary:kaikki@2026-10-03,False,,icebreaker,2.37,,,os,unknown,
es,manillar,m,handlebar,stratum,wiktionary:kaikki@2026-10-03,False,,handlebar (bar for steering),2.37,,,ar,unknown,
es,sacapuntas,m,pencil sharpener,stratum,wiktionary:kaikki@2026-10-03,False,,"pencil sharpener, sharpener",2.37,,,as,unknown,
es,ampli,m,amp,stratum,wiktionary:kaikki@2026-10-03,False,,amp,2.37,,,li,unknown,
es,sedal,m,thin line,stratum,wiktionary:kaikki@2026-10-03,False,,"thin line, string",2.37,,,al,unknown,
es,rompeolas,m,breakwater,stratum,wiktionary:kaikki@2026-10-03,False,,breakwater (construction in or around a harbour),2.37,,,as,unknown,
es,costillar,m,rib,stratum,wiktionary:kaikki@2026-10-03,False,,rib (cut of meat enclosing rib bones),2.36,,,ar,unknown,
es,trolebús,m,trolley bus,stratum,wiktionary:kaikki@2026-10-03,False,,trolley bus,2.36,,,ús,loan,
es,bajamar,f,low tide,stratum,wiktionary:kaikki@2026-10-03,False,,low tide,2.36,,,ar,unknown,
es,entremés,m,appetizer,stratum,wiktionary:kaikki@2026-10-03,False,,"appetizer, entrée",2.36,,,és,unknown,
es,solaz,m,solace,stratum,wiktionary:kaikki@2026-10-03,False,,solace,2.35,,,az,native,
es,urdimbre,f,warp,stratum,wiktionary:kaikki@2026-10-03,False,,warp (of the weave),2.35,,,re,unknown,
es,bisel,m,bevel,stratum,wiktionary:kaikki@2026-10-03,False,,bevel,2.35,,,el,loan,
es,mezquital,m,mesquite grove,stratum,wiktionary:kaikki@2026-10-03,False,,mesquite grove,2.35,,,al,unknown,
es,estambre,m,stamen,stratum,wiktionary:kaikki@2026-10-03,False,,stamen,2.34,,,re,unknown,
es,tiple,m,treble guitar,stratum,wiktionary:kaikki@2026-10-03,False,,"treble guitar, a small plucked stringed instrument of the guitar family, used in the traditional musics of Spain and various Latin American nations",2.34,,,le,native,
es,leitmotiv,m,leitmotif,stratum,wiktionary:kaikki@2026-10-03,False,,leitmotif (a recurring melodic theme in an opera),2.34,,,iv,unknown,
es,penique,m,penny,stratum,wiktionary:kaikki@2026-10-03,False,,penny,2.33,,,ue,loan,
es,donaire,m,gracefulness,stratum,wiktionary:kaikki@2026-10-03,False,,"gracefulness, elegance",2.33,,,re,native,
es,acicate,m,spur,stratum,wiktionary:kaikki@2026-10-03,False,,spur (implement for prodding a horse),2.33,,,te,loan,
es,brete,m,unavoidable and inescapable predicament,stratum,wiktionary:kaikki@2026-10-03,False,,an unavoidable and inescapable predicament,2.33,,,-ete,unknown,
es,ántrax,m,carbuncle,stratum,wiktionary:kaikki@2026-10-03,False,,carbuncle,2.33,,,ax,loan,
es,timbal,m,kettledrum,stratum,wiktionary:kaikki@2026-10-03,False,,kettledrum,2.32,,,al,unknown,
es,vitral,m,stained glass,stratum,wiktionary:kaikki@2026-10-03,False,,stained glass,2.32,,,al,unknown,
es,tornasol,m,litmus,stratum,wiktionary:kaikki@2026-10-03,False,,litmus,2.32,,,ol,unknown,
es,mobbing,m,workplace bullying,stratum,wiktionary:kaikki@2026-10-03,False,,workplace bullying,2.32,,,ng,unknown,
es,premundial,m,world cup qualifying round,stratum,wiktionary:kaikki@2026-10-03,False,,World Cup qualifying round,2.32,,,al,unknown,
es,florete,m,foil,stratum,wiktionary:kaikki@2026-10-03,False,,foil,2.32,,,-ete,unknown,
es,arcén,m,edge,stratum,wiktionary:kaikki@2026-10-03,False,,edge,2.31,,,én,unknown,
es,dedal,m,thimble,stratum,wiktionary:kaikki@2026-10-03,False,,thimble,2.31,,,al,native,
es,sacacorchos,m,corkscrew,stratum,wiktionary:kaikki@2026-10-03,False,,corkscrew,2.31,,,os,unknown,
es,metil,m,methyl,stratum,wiktionary:kaikki@2026-10-03,False,,methyl,2.31,,,il,unknown,
es,guiñol,m,puppet theater,stratum,wiktionary:kaikki@2026-10-03,False,,"puppet theater, puppet",2.31,,,ol,unknown,
es,grillete,m,shackle,stratum,wiktionary:kaikki@2026-10-03,False,,shackle,2.3,,,-ete,unknown,
es,orinal,m,chamber pot,stratum,wiktionary:kaikki@2026-10-03,False,,chamber pot,2.3,,,al,unknown,
es,envite,m,bet,stratum,wiktionary:kaikki@2026-10-03,False,,bet; wager,2.3,,,te,unknown,
es,patinete,m,kick scooter,stratum,wiktionary:kaikki@2026-10-03,False,,kick scooter; push scooter; scooter,2.3,,,-ete,unknown,
es,pisapapeles,m,paperweight,stratum,wiktionary:kaikki@2026-10-03,False,,paperweight,2.3,,,es,unknown,
es,pernil,m,ham leg of pork,stratum,wiktionary:kaikki@2026-10-03,False,,ham leg of pork,2.29,,,il,native,
es,retamar,m,any area of spanish bloom trees,stratum,wiktionary:kaikki@2026-10-03,False,,any area of Spanish bloom trees,2.29,,,ar,unknown,
es,traspié,m,trip,stratum,wiktionary:kaikki@2026-10-03,False,,"trip, stumble",2.29,,,ié,unknown,
es,ristre,m,lance rest,stratum,wiktionary:kaikki@2026-10-03,False,,lance rest,2.29,,,re,unknown,
es,troquel,m,die,stratum,wiktionary:kaikki@2026-10-03,False,,die (mold),2.28,,,el,loan,
es,buril,m,burin,stratum,wiktionary:kaikki@2026-10-03,False,,burin,2.28,,,il,unknown,
es,frotis,m,swab,stratum,wiktionary:kaikki@2026-10-03,False,,swab; smear,2.28,,,is,unknown,
es,roel,m,roundel,stratum,wiktionary:kaikki@2026-10-03,False,,roundel,2.28,,,el,unknown,
es,pleamar,f,high tide,stratum,wiktionary:kaikki@2026-10-03,False,,high tide,2.27,,,ar,native,
es,mosén,m,title of nobility used in the crown of aragon,stratum,wiktionary:kaikki@2026-10-03,False,,a title of nobility used in the Crown of Aragon,2.27,,,én,unknown,
es,estoque,m,rapier,stratum,wiktionary:kaikki@2026-10-03,False,,rapier,2.27,,,ue,loan,
es,ribete,m,edging,stratum,wiktionary:kaikki@2026-10-03,False,,"edging, rim, trim",2.27,,,-ete,unknown,
es,nidal,m,nesting area,stratum,wiktionary:kaikki@2026-10-03,False,,nesting area,2.27,,,al,unknown,
es,empeine,m,instep,stratum,wiktionary:kaikki@2026-10-03,False,,instep,2.27,,,ne,native,
es,suajili,m,swahili,stratum,wiktionary:kaikki@2026-10-03,False,,Swahili (language),2.27,,,li,unknown,
es,pegote,m,goop,stratum,wiktionary:kaikki@2026-10-03,False,,"goop, gloop, glob, glop, sticky mess",2.26,,,-ote,unknown,
es,rebollar,m,portuguese oak grove,stratum,wiktionary:kaikki@2026-10-03,False,,Portuguese oak grove,2.26,,,ar,unknown,
es,óbice,m,obstacle,stratum,wiktionary:kaikki@2026-10-03,False,,obstacle,2.26,,,ce,unknown,
es,tamboril,m,tabor,stratum,wiktionary:kaikki@2026-10-03,False,,tabor (small drum),2.26,,,il,unknown,
es,brocal,m,parapet,stratum,wiktionary:kaikki@2026-10-03,False,,parapet (of well); a puteal,2.26,,,al,native,
es,lanzamisiles,m,rocket launcher,stratum,wiktionary:kaikki@2026-10-03,False,,rocket launcher,2.25,,,es,unknown,
es,sillar,m,stone block,stratum,wiktionary:kaikki@2026-10-03,False,,stone block,2.25,,,ar,unknown,
es,cuchitril,m,hovel,stratum,wiktionary:kaikki@2026-10-03,False,,"hovel, shack",2.25,,,il,unknown,
es,espray,m,aerosol,stratum,wiktionary:kaikki@2026-10-03,False,,"aerosol, spray (fine particles suspended in a gaseous medium)",2.25,,,ay,unknown,
es,parteaguas,m,watershed,stratum,wiktionary:kaikki@2026-10-03,False,,watershed,2.25,,,as,unknown,
es,barandal,m,handrail,stratum,wiktionary:kaikki@2026-10-03,False,,"handrail, guardrail",2.25,,,al,unknown,
es,maizal,m,piece of land cultivating corn,stratum,wiktionary:kaikki@2026-10-03,False,,piece of land cultivating corn; cornfield,2.24,,,al,unknown,
es,autocine,m,drive-in,stratum,wiktionary:kaikki@2026-10-03,False,,drive-in (outdoor cinema),2.24,,,ne,unknown,
es,falsete,m,falsetto,stratum,wiktionary:kaikki@2026-10-03,False,,falsetto (vocal register occupying the frequency range just above the modal voice),2.24,,,-ete,unknown,
es,matraz,m,any kind of flask,stratum,wiktionary:kaikki@2026-10-03,False,,"any kind of flask, or glass container used in a chemical laboratory",2.23,,,az,unknown,
es,piedemonte,m,foothill,stratum,wiktionary:kaikki@2026-10-03,False,,foothill,2.23,,,te,unknown,
es,alfar,m,clay,stratum,wiktionary:kaikki@2026-10-03,False,,clay,2.23,,,ar,loan,
es,contrapoder,m,anti-establishment movement,stratum,wiktionary:kaikki@2026-10-03,False,,an anti-establishment movement; a rebellion,2.23,,,er,unknown,
es,rocanrol,m,rock and roll,stratum,wiktionary:kaikki@2026-10-03,False,,rock and roll,2.23,,,ol,unknown,
es,overol,m,overalls plural,stratum,wiktionary:kaikki@2026-10-03,False,,"overalls plural (not US), coveralls plural (US only)",2.22,,,ol,unknown,
es,alféizar,m,windowsill,stratum,wiktionary:kaikki@2026-10-03,False,,"windowsill, ledge",2.22,,,ar,loan,
es,coxis,m,coccyx,stratum,wiktionary:kaikki@2026-10-03,False,,"coccyx, tailbone",2.22,,,is,unknown,
es,mezquite,m,mesquite,stratum,wiktionary:kaikki@2026-10-03,False,,mesquite (tree),2.22,,,te,unknown,
es,pantanal,m,swamp,stratum,wiktionary:kaikki@2026-10-03,False,,"swamp, marshland, wetland",2.22,,,al,unknown,
es,periné,m,perineum,stratum,wiktionary:kaikki@2026-10-03,False,,perineum,2.21,,,né,unknown,
es,nixtamal,m,hominy,stratum,wiktionary:kaikki@2026-10-03,False,,"hominy, nixtamal",2.21,,,al,loan,
es,saudade,f,feeling of missing something or someone,stratum,wiktionary:kaikki@2026-10-03,False,,the feeling of missing something or someone,2.21,,,de,loan,
es,cibercrimen,m,cybercrime,stratum,wiktionary:kaikki@2026-10-03,False,,cybercrime,2.21,,,-men,unknown,
es,albar,m,wild cherry,stratum,wiktionary:kaikki@2026-10-03,False,,"wild cherry, Prunus avium",2.21,,,ar,unknown,
es,fagot,m,bassoon,stratum,wiktionary:kaikki@2026-10-03,False,,bassoon (musical instrument in the woodwind family),2.21,,,ot,loan,
es,fenobarbital,m,phenobarbital,stratum,wiktionary:kaikki@2026-10-03,False,,phenobarbital,2.21,,,al,unknown,
es,tapial,m,rammed earth,stratum,wiktionary:kaikki@2026-10-03,False,,rammed earth,2.21,,,al,unknown,
es,oropel,m,tinsel,stratum,wiktionary:kaikki@2026-10-03,False,,tinsel,2.21,,,el,loan,
es,castañar,m,chestnut grove or plantation,stratum,wiktionary:kaikki@2026-10-03,False,,chestnut grove or plantation,2.21,,,ar,unknown,
es,antidoping,m,drug test,stratum,wiktionary:kaikki@2026-10-03,False,,drug test,2.2,,,ng,unknown,
es,birrete,m,biretta,stratum,wiktionary:kaikki@2026-10-03,False,,biretta,2.2,,,-ete,loan,
es,redondel,m,circle,stratum,wiktionary:kaikki@2026-10-03,False,,circle,2.2,,,el,unknown,
es,rictus,m,sneer,stratum,wiktionary:kaikki@2026-10-03,False,,sneer; wince,2.19,,,us,unknown,
es,cojinete,m,pincushion,stratum,wiktionary:kaikki@2026-10-03,False,,pincushion,2.19,,,-ete,unknown,
es,chucrut,m,sauerkraut,stratum,wiktionary:kaikki@2026-10-03,False,,sauerkraut,2.18,,,ut,unknown,
es,sauzal,m,grove of willows,stratum,wiktionary:kaikki@2026-10-03,False,,a grove of willows,2.18,,,al,unknown,
es,anaquel,m,shelf,stratum,wiktionary:kaikki@2026-10-03,False,,shelf,2.18,,,el,loan,
es,vermú,m,vermouth,stratum,wiktionary:kaikki@2026-10-03,False,,vermouth,2.18,,,mú,unknown,
es,toril,m,bullpen,stratum,wiktionary:kaikki@2026-10-03,False,,bullpen,2.18,,,il,unknown,
es,cuplé,m,type of risqué,stratum,wiktionary:kaikki@2026-10-03,False,,"a type of risqué, bawdy song style popular in Spain around the turn of the 20th century",2.17,,,lé,unknown,
es,chañar,m,geoffroea decorticans,stratum,wiktionary:kaikki@2026-10-03,False,,"Geoffroea decorticans, a small deciduous tree",2.17,,,ar,unknown,
es,cubilete,m,small cube,stratum,wiktionary:kaikki@2026-10-03,False,,small cube (e.g. a stock cube),2.17,,,-ete,loan,
es,volquete,m,dump truck,stratum,wiktionary:kaikki@2026-10-03,False,,dump truck,2.17,,,-ete,unknown,
es,grupete,m,group,stratum,wiktionary:kaikki@2026-10-03,False,,group; bunch; batch,2.16,,,-ete,unknown,
es,mondadientes,m,toothpick,stratum,wiktionary:kaikki@2026-10-03,False,,toothpick,2.16,,,es,unknown,
es,cúter,m,utility knife,stratum,wiktionary:kaikki@2026-10-03,False,,"utility knife, box cutter, Stanley knife (tool used to cut)",2.15,,,er,unknown,
es,corchete,m,square bracket,stratum,wiktionary:kaikki@2026-10-03,False,,square bracket,2.15,,,-ete,loan,
es,cartoné,m,hardback,stratum,wiktionary:kaikki@2026-10-03,False,,hardback; hardcover,2.15,,,né,unknown,
es,vivac,m,bivouac,stratum,wiktionary:kaikki@2026-10-03,False,,bivouac,2.15,,,ac,unknown,
es,cuete,m,firecracker,stratum,wiktionary:kaikki@2026-10-03,False,,firecracker,2.15,,,-ete,unknown,
es,rosedal,m,rose garden,stratum,wiktionary:kaikki@2026-10-03,False,,rose garden,2.15,,,al,unknown,
es,cibercafé,m,cybercafe,stratum,wiktionary:kaikki@2026-10-03,False,,"cybercafe, Internet cafe",2.14,,,fé,unknown,
es,matasellos,m,postmark,stratum,wiktionary:kaikki@2026-10-03,False,,postmark,2.14,,,os,unknown,
es,guantelete,m,gauntlet,stratum,wiktionary:kaikki@2026-10-03,False,,gauntlet (hand armour),2.14,,,-ete,unknown,
es,bidé,m,bidet,stratum,wiktionary:kaikki@2026-10-03,False,,bidet,2.14,,,dé,unknown,
es,acabose,m,be all and end all,stratum,wiktionary:kaikki@2026-10-03,False,,be all and end all,2.14,,,se,unknown,
es,tiquete,m,ticket,stratum,wiktionary:kaikki@2026-10-03,False,,ticket,2.13,,,-ete,unknown,
es,contrafuerte,m,buttress,stratum,wiktionary:kaikki@2026-10-03,False,,buttress,2.13,,,te,unknown,
es,sobrecoste,m,extra charge,stratum,wiktionary:kaikki@2026-10-03,False,,extra charge,2.13,,,te,unknown,
es,henar,m,hayfield,stratum,wiktionary:kaikki@2026-10-03,False,,hayfield,2.13,,,ar,unknown,
es,mirasol,m,sunflower,stratum,wiktionary:kaikki@2026-10-03,False,,sunflower,2.13,,,ol,unknown,
es,bajorrelieve,m,bas relief,stratum,wiktionary:kaikki@2026-10-03,False,,bas relief,2.13,,,ve,unknown,
es,palmeral,m,palm tree wood or plantation,stratum,wiktionary:kaikki@2026-10-03,False,,palm tree wood or plantation,2.13,,,al,unknown,
es,sotobosque,m,undergrowth,stratum,wiktionary:kaikki@2026-10-03,False,,undergrowth,2.12,,,ue,unknown,
es,chut,m,shot,stratum,wiktionary:kaikki@2026-10-03,False,,shot,2.12,,,ut,unknown,
es,pretil,m,parapet,stratum,wiktionary:kaikki@2026-10-03,False,,parapet (low wall),2.12,,,il,native,
es,sabogal,m,type of fishing net,stratum,wiktionary:kaikki@2026-10-03,False,,A type of fishing net.,2.12,,,al,unknown,
es,buje,m,axle box,stratum,wiktionary:kaikki@2026-10-03,False,,axle box; bushing,2.12,,,je,native,
es,habar,m,bean patch,stratum,wiktionary:kaikki@2026-10-03,False,,bean patch,2.11,,,ar,unknown,
es,greve,m,gravy,stratum,wiktionary:kaikki@2026-10-03,False,,gravy,2.11,,,ve,unknown,
es,hach,m,hajj,stratum,wiktionary:kaikki@2026-10-03,False,,hajj,2.11,,,ch,unknown,
es,cordal,m,tailpiece,stratum,wiktionary:kaikki@2026-10-03,False,,"tailpiece (of a violin, etc.)",2.11,,,al,unknown,
es,cané,m,type of card game,stratum,wiktionary:kaikki@2026-10-03,False,,"a type of card game, similar to monte",2.1,,,né,unknown,
es,glicerol,m,glycerol,stratum,wiktionary:kaikki@2026-10-03,False,,glycerol,2.1,,,ol,unknown,
es,sombrerete,m,cap,stratum,wiktionary:kaikki@2026-10-03,False,,cap (of mushroom),2.1,,,-ete,unknown,
es,portapapeles,m,clipboard,stratum,wiktionary:kaikki@2026-10-03,False,,clipboard,2.1,,,es,unknown,
es,quitanieves,m,snow plow,stratum,wiktionary:kaikki@2026-10-03,False,,"snow plow (US), snow plough (UK)",2.1,,,es,unknown,
es,armatoste,m,hulky thing,stratum,wiktionary:kaikki@2026-10-03,False,,"hulky thing, big eyesore",2.09,,,te,unknown,
es,suborden,m,suborder,stratum,wiktionary:kaikki@2026-10-03,False,,suborder,2.09,,,en,unknown,
es,cachivache,m,junk,stratum,wiktionary:kaikki@2026-10-03,False,,"junk, piece of junk",2.09,,,he,unknown,
es,zumaque,m,sumac,stratum,wiktionary:kaikki@2026-10-03,False,,sumac,2.09,,,ue,loan,
es,arcabuz,m,harquebus,stratum,wiktionary:kaikki@2026-10-03,False,,"harquebus, musket",2.08,,,uz,loan,
es,clac,m,crush hat,stratum,wiktionary:kaikki@2026-10-03,False,,"crush hat, opera hat",2.08,,,ac,unknown,
es,gafete,m,identification badge,stratum,wiktionary:kaikki@2026-10-03,False,,identification badge,2.08,,,-ete,unknown,
es,molcajete,m,small mortar,stratum,wiktionary:kaikki@2026-10-03,False,,"a small mortar, typically carved from vesicular basalt and used in traditional Mexican cuisine",2.07,,,-ete,unknown,
es,elipsoide,m,ellipsoid,stratum,wiktionary:kaikki@2026-10-03,False,,ellipsoid,2.07,,,de,unknown,
es,parterre,m,flowerbed,stratum,wiktionary:kaikki@2026-10-03,False,,flowerbed,2.07,,,re,unknown,
es,guamúchil,m,pithecellobium dulce,stratum,wiktionary:kaikki@2026-10-03,False,,Pithecellobium dulce,2.07,,,il,unknown,
es,juanete,m,bunion,stratum,wiktionary:kaikki@2026-10-03,False,,bunion,2.07,,,-ete,unknown,
es,cubil,m,lair,stratum,wiktionary:kaikki@2026-10-03,False,,"lair, den",2.07,,,il,unknown,
es,videoarte,m,video art,stratum,wiktionary:kaikki@2026-10-03,False,,video art,2.07,,,te,unknown,
es,zarzal,m,bramble,stratum,wiktionary:kaikki@2026-10-03,False,,bramble,2.06,,,al,unknown,
es,tirachinas,m,slingshot,stratum,wiktionary:kaikki@2026-10-03,False,,slingshot,2.06,,,as,unknown,
es,limpiavidrios,m,window-cleaning liquid,stratum,wiktionary:kaikki@2026-10-03,False,,window-cleaning liquid,2.06,,,os,unknown,
es,yerbal,m,maté field,stratum,wiktionary:kaikki@2026-10-03,False,,maté field,2.05,,,al,unknown,
es,pozol,m,drink made from purple maize and sugar,stratum,wiktionary:kaikki@2026-10-03,False,,"a drink made from purple maize and sugar, popular among indigenous communities in southern Mexico and parts of Central America",2.05,,,ol,loan,
es,géiser,m,geyser,stratum,wiktionary:kaikki@2026-10-03,False,,geyser,2.05,,,er,loan,
es,matamoscas,m,flyswatter,stratum,wiktionary:kaikki@2026-10-03,False,,flyswatter,2.04,,,as,unknown,
es,apoyabrazos,m,vehicle seat armrest,stratum,wiktionary:kaikki@2026-10-03,False,,vehicle seat armrest,2.04,,,os,unknown,
es,claqué,m,tap dance,stratum,wiktionary:kaikki@2026-10-03,False,,"tap dance, tap",2.04,,,ué,unknown,
es,jaral,m,thicket,stratum,wiktionary:kaikki@2026-10-03,False,,thicket; clump,2.04,,,al,unknown,
es,pañol,m,store,stratum,wiktionary:kaikki@2026-10-03,False,,"store, storeroom, locker",2.04,,,ol,unknown,
es,chapitel,m,spire,stratum,wiktionary:kaikki@2026-10-03,False,,spire,2.04,,,el,unknown,
es,jaraíz,m,synonym of lagar,stratum,wiktionary:kaikki@2026-10-03,False,,synonym of lagar (“vat in which olives and grapes are pressed”),2.03,,,íz,unknown,
es,grisú,m,firedamp,stratum,wiktionary:kaikki@2026-10-03,False,,firedamp,2.03,,,sú,unknown,
es,buscaminas,m,synonym of barreminas,stratum,wiktionary:kaikki@2026-10-03,False,,synonym of barreminas (“minesweeper”),2.02,,,as,unknown,
es,trole,m,trolley bus,stratum,wiktionary:kaikki@2026-10-03,False,,trolley bus,2.02,,,le,unknown,
es,carcaj,m,quiver,stratum,wiktionary:kaikki@2026-10-03,False,,quiver,2.02,,,aj,native,
es,malpaís,m,akin to badlands,stratum,wiktionary:kaikki@2026-10-03,False,,"akin to badlands, but of volcaniclastic origin",2.02,,,ís,unknown,
es,nocedal,m,walnut grove or plantation,stratum,wiktionary:kaikki@2026-10-03,False,,walnut grove or plantation,2.02,,,al,unknown,
es,mejunje,m,concoction,stratum,wiktionary:kaikki@2026-10-03,False,,concoction; brew,2.02,,,je,loan,
es,qualy,f,qualifying round,stratum,wiktionary:kaikki@2026-10-03,False,,qualifying round,2.01,,,ly,unknown,
es,íleon,m,ileum,stratum,wiktionary:kaikki@2026-10-03,False,,ileum,2.01,,,on,unknown,
es,velamen,m,set of sails of a boat,stratum,wiktionary:kaikki@2026-10-03,False,,set of sails of a boat,2.01,,,-men,unknown,
es,berenjenal,m,aubergine field or plantation,stratum,wiktionary:kaikki@2026-10-03,False,,aubergine field or plantation,2.01,,,al,unknown,
es,martinete,m,hammer,stratum,wiktionary:kaikki@2026-10-03,False,,hammer (of a piano),2.0,,,-ete,unknown,
es,sóftbol,m,softball,stratum,wiktionary:kaikki@2026-10-03,False,,softball,2.0,,,ol,unknown,
es,mitote,m,indigenous dance of mexico,stratum,wiktionary:kaikki@2026-10-03,False,,indigenous dance of Mexico,2.0,,,-ote,unknown,
es,curri,m,curry,stratum,wiktionary:kaikki@2026-10-03,False,,curry (spice),2.0,,,ri,unknown,
es,serbal,m,sorb,stratum,wiktionary:kaikki@2026-10-03,False,,sorb (tree),2.0,,,al,native,
es,repelús,m,shiver,stratum,wiktionary:kaikki@2026-10-03,False,,"shiver, heeby-jeebies",2.0,,,ús,unknown,
es,muladar,m,trash heap. rubbish heap,stratum,wiktionary:kaikki@2026-10-03,False,,trash heap. rubbish heap,2.0,,,ar,unknown,
es,hiperenlace,m,link,stratum,wiktionary:kaikki@2026-10-03,False,,"link, hyperlink",2.0,,,ce,unknown,
es,ensalada,f,salad,regular,wiktionary:kaikki@2026-10-03,False,,salad,3.91,,,,loan,
es,concurrencia,f,concurrence,regular,wiktionary:kaikki@2026-10-03,False,,concurrence,3.53,,,,native,
es,cuantía,f,quantity,regular,wiktionary:kaikki@2026-10-03,False,,quantity,3.48,,,,unknown,
es,ponencia,f,report,regular,wiktionary:kaikki@2026-10-03,False,,"report, presentation, address, speech",3.49,,,,unknown,
es,selva,f,jungle,regular,wiktionary:kaikki@2026-10-03,False,,jungle,4.25,,,,native,
es,consecuencia,f,consequence,regular,wiktionary:kaikki@2026-10-03,False,,consequence,4.71,,,,unknown,
es,historiografía,f,historiography,regular,wiktionary:kaikki@2026-10-03,False,,historiography,3.32,,,,unknown,
es,sonrisa,f,smile,regular,wiktionary:kaikki@2026-10-03,False,,smile,4.5,,,,native,
es,economía,f,economy,regular,wiktionary:kaikki@2026-10-03,False,,economy,5.14,,,,loan,
es,trascendencia,f,importance,regular,wiktionary:kaikki@2026-10-03,False,,importance,3.61,,,,unknown,
es,metáfora,f,metaphor,regular,wiktionary:kaikki@2026-10-03,False,,metaphor (the use of a word or phrase to refer to something other than its literal meaning),3.71,,,,loan,
es,súplica,f,plea,regular,wiktionary:kaikki@2026-10-03,False,,"plea, supplication (appeal, petition, entreaty)",3.0,,,,unknown,
es,osadía,f,boldness,regular,wiktionary:kaikki@2026-10-03,False,,"boldness, nerve, guts",3.21,,,,unknown,
es,delincuencia,f,crime,regular,wiktionary:kaikki@2026-10-03,False,,"crime, delinquency",4.05,,,,loan,
es,sugerencia,f,suggestion,regular,wiktionary:kaikki@2026-10-03,False,,suggestion,3.94,,,,unknown,
es,pasarela,f,catwalk,regular,wiktionary:kaikki@2026-10-03,False,,catwalk,3.43,,,,unknown,
es,pulsera,f,bracelet,regular,wiktionary:kaikki@2026-10-03,False,,bracelet,3.49,,,,unknown,
es,docencia,f,teaching,regular,wiktionary:kaikki@2026-10-03,False,,teaching,3.72,,,,unknown,
es,glándula,f,gland,regular,wiktionary:kaikki@2026-10-03,False,,gland,3.25,,,,unknown,
es,venta,f,sale,regular,wiktionary:kaikki@2026-10-03,False,,sale,4.91,,,,native,
es,dureza,f,hardness,regular,wiktionary:kaikki@2026-10-03,False,,hardness,3.69,,,,native,
es,fábrica,f,factory,regular,wiktionary:kaikki@2026-10-03,False,,factory,4.47,,,,unknown,
es,intendencia,f,management,regular,wiktionary:kaikki@2026-10-03,False,,"management, administration, government",3.65,,,,unknown,
es,tarta,f,pie,regular,wiktionary:kaikki@2026-10-03,False,,"pie, tart",3.79,,,,loan,
es,desconfianza,f,mistrust,regular,wiktionary:kaikki@2026-10-03,False,,"mistrust, distrust",3.91,,,,unknown,
es,colmena,f,beehive,regular,wiktionary:kaikki@2026-10-03,False,,beehive,3.26,,,,native,
es,miseria,f,misery,regular,wiktionary:kaikki@2026-10-03,False,,misery,4.23,,,,unknown,
es,pascua,f,easter,regular,wiktionary:kaikki@2026-10-03,False,,Easter,3.93,,,,native,
es,pretemporada,f,preseason,regular,wiktionary:kaikki@2026-10-03,False,,preseason,3.42,,,,unknown,
es,psicología,f,psychology,regular,wiktionary:kaikki@2026-10-03,False,,psychology,4.25,,,,loan,
es,tena,f,type of pepper,regular,wiktionary:kaikki@2026-10-03,False,,a type of pepper.,3.14,,,,unknown,
es,parrilla,f,grill,regular,wiktionary:kaikki@2026-10-03,False,,grill,3.78,,,,unknown,
es,refinería,f,refinery,regular,wiktionary:kaikki@2026-10-03,False,,refinery,3.47,,,,unknown,
es,taberna,f,pub,regular,wiktionary:kaikki@2026-10-03,False,,"pub, tavern",3.43,,,,loan,
es,desobediencia,f,disobedience,regular,wiktionary:kaikki@2026-10-03,False,,disobedience,3.5,,,,unknown,
es,pastelería,f,pastry shop,regular,wiktionary:kaikki@2026-10-03,False,,"pastry shop, cake shop",3.14,,,,unknown,
es,carita,f,smiley,regular,wiktionary:kaikki@2026-10-03,False,,"smiley, emoticon, emoji",3.36,,,,unknown,
es,camarilla,f,secret,regular,wiktionary:kaikki@2026-10-03,False,,"a secret, usually sinister, group of conspiring advisors close to the leadership; a cabal",3.12,,,,unknown,
es,manzanilla,f,camomile,regular,wiktionary:kaikki@2026-10-03,False,,camomile,3.2,,,,unknown,
es,insistencia,f,insistence,regular,wiktionary:kaikki@2026-10-03,False,,insistence,3.61,,,,unknown,
es,conveniencia,f,convenience,regular,wiktionary:kaikki@2026-10-03,False,,convenience,3.81,,,,unknown,
es,esencia,f,essence,regular,wiktionary:kaikki@2026-10-03,False,,essence,4.26,,,,unknown,
es,farmacia,f,drugstore,regular,wiktionary:kaikki@2026-10-03,False,,"drugstore, pharmacy",3.98,,,,loan,
es,milla,f,english or american mile,regular,wiktionary:kaikki@2026-10-03,False,,English or American mile (a unit of distance equivalent to about 1.6 km),3.64,,,,loan,
es,contaduría,f,bookkeeping,regular,wiktionary:kaikki@2026-10-03,False,,bookkeeping,3.09,,,,unknown,
es,biotecnología,f,biotechnology,regular,wiktionary:kaikki@2026-10-03,False,,biotechnology,3.29,,,,unknown,
es,floresta,f,woodland,regular,wiktionary:kaikki@2026-10-03,False,,"woodland, greenwood, dell, forest (dense collection of trees)",3.08,,,,loan,
es,discrepancia,f,discrepancy,regular,wiktionary:kaikki@2026-10-03,False,,discrepancy,3.39,,,,unknown,
es,tijera,f,scissors,regular,wiktionary:kaikki@2026-10-03,False,,scissors,3.29,,,,native,
es,pana,f,velour,regular,wiktionary:kaikki@2026-10-03,False,,"velour, corduroy",3.81,,,,loan,
es,proa,f,bow,regular,wiktionary:kaikki@2026-10-03,False,,"bow, prow (front of a boat or ship)",3.48,,,,native,
es,geología,f,geology,regular,wiktionary:kaikki@2026-10-03,False,,geology (the study of earth and land),3.48,,,,unknown,
es,mercadotecnia,f,marketing,regular,wiktionary:kaikki@2026-10-03,False,,"marketing (the promotion, distribution and selling of a product or service)",3.23,,,,unknown,
es,librería,f,bookshop,regular,wiktionary:kaikki@2026-10-03,False,,"bookshop, bookstore",3.88,,,,unknown,
es,pesadilla,f,nightmare,regular,wiktionary:kaikki@2026-10-03,False,,nightmare,3.98,,,,unknown,
es,deuda,f,debt,regular,wiktionary:kaikki@2026-10-03,False,,debt (an obligation to perform for another),4.67,,,,native,
es,capilla,f,chapel,regular,wiktionary:kaikki@2026-10-03,False,,chapel,4.1,,,,native,
es,cosita,f,diminutive of cosa,regular,wiktionary:kaikki@2026-10-03,False,,diminutive of cosa,3.48,,,,unknown,
es,gentileza,f,kindness,regular,wiktionary:kaikki@2026-10-03,False,,kindness,3.21,,,,unknown,
es,sigla,f,initial,regular,wiktionary:kaikki@2026-10-03,False,,initial,3.22,,,,loan,
es,etapa,f,stage,regular,wiktionary:kaikki@2026-10-03,False,,"stage, phase",4.69,,,,loan,
es,rada,f,bay,regular,wiktionary:kaikki@2026-10-03,False,,"bay, creek, cove",3.28,,,,loan,
es,manija,f,handle,regular,wiktionary:kaikki@2026-10-03,False,,handle (part of an object that is held),3.39,,,,native,
es,euforia,f,euphoria,regular,wiktionary:kaikki@2026-10-03,False,,euphoria,3.4,,,,loan,
es,secuela,f,consequence,regular,wiktionary:kaikki@2026-10-03,False,,"consequence, result",3.53,,,,unknown,
es,pradera,f,pasture,regular,wiktionary:kaikki@2026-10-03,False,,pasture,3.35,,,,native,
es,pornografía,f,pornography,regular,wiktionary:kaikki@2026-10-03,False,,pornography,3.72,,,,unknown,
es,bandeja,f,tray,regular,wiktionary:kaikki@2026-10-03,False,,"tray, platter (small, typically rectangular or round, flat, and rigid object upon which things are carried)",3.74,,,,loan,
es,joyería,f,jewelry shop / store,regular,wiktionary:kaikki@2026-10-03,False,,jewelry shop / store,3.43,,,,unknown,
es,injerencia,f,interference,regular,wiktionary:kaikki@2026-10-03,False,,"interference, meddling",3.42,,,,unknown,
es,misoginia,f,misogyny,regular,wiktionary:kaikki@2026-10-03,False,,misogyny,3.08,,,,unknown,
es,banqueta,f,footstool,regular,wiktionary:kaikki@2026-10-03,False,,footstool,3.0,,,,native,
es,valija,f,valise,regular,wiktionary:kaikki@2026-10-03,False,,valise,3.18,,,,loan,
es,sacristía,f,sacristy,regular,wiktionary:kaikki@2026-10-03,False,,sacristy (room in a church),3.06,,,,native,
es,prevalencia,f,prevalence,regular,wiktionary:kaikki@2026-10-03,False,,prevalence,3.37,,,,unknown,
es,resiliencia,f,resilience,regular,wiktionary:kaikki@2026-10-03,False,,resilience,3.1,,,,unknown,
es,quilla,f,keel,regular,wiktionary:kaikki@2026-10-03,False,,keel,3.04,,,,unknown,
es,pulpa,f,soft part of an animal's body,regular,wiktionary:kaikki@2026-10-03,False,,the soft part of an animal's body; flesh,3.35,,,,native,
es,psicoterapia,f,psychotherapy,regular,wiktionary:kaikki@2026-10-03,False,,psychotherapy,3.05,,,,unknown,
es,pertenencia,f,belonging,regular,wiktionary:kaikki@2026-10-03,False,,belonging,3.74,,,,loan,
es,lavadora,f,washing machine,regular,wiktionary:kaikki@2026-10-03,False,,"washing machine, washer, wash",3.36,,,,unknown,
es,cama,f,bed,regular,wiktionary:kaikki@2026-10-03,False,,bed,4.89,,,,unknown,
es,correa,f,belt,regular,wiktionary:kaikki@2026-10-03,False,,"belt, band",4.26,,,,native,
es,ineficacia,f,ineffectiveness,regular,wiktionary:kaikki@2026-10-03,False,,ineffectiveness,3.12,,,,unknown,
es,herejía,f,heresy,regular,wiktionary:kaikki@2026-10-03,False,,heresy,3.23,,,,loan,
es,lotería,f,lottery,regular,wiktionary:kaikki@2026-10-03,False,,lottery,3.83,,,,loan,
es,pulgada,f,english or american inch,regular,wiktionary:kaikki@2026-10-03,False,,English or American inch (a unit of length equal to 2.54 cm),3.24,,,,native,
es,etnia,f,ethnic group,regular,wiktionary:kaikki@2026-10-03,False,,"ethnic group, ethnicity",3.67,,,,loan,
es,tecnología,f,technology,regular,wiktionary:kaikki@2026-10-03,False,,technology,4.94,,,,unknown,
es,epidemia,f,epidemic,regular,wiktionary:kaikki@2026-10-03,False,,an epidemic,3.82,,,,loan,
es,lengua,f,tongue,regular,wiktionary:kaikki@2026-10-03,False,,tongue (organ),4.92,,,,unknown,
es,mueca,f,exaggerated facial expression,regular,wiktionary:kaikki@2026-10-03,False,,an exaggerated facial expression,3.12,,,,native,
es,decencia,f,decency,regular,wiktionary:kaikki@2026-10-03,False,,decency,3.61,,,,native,
es,reliquia,f,relic,regular,wiktionary:kaikki@2026-10-03,False,,"relic, heirloom",3.35,,,,native,
es,santamaría,f,roller shutter,regular,wiktionary:kaikki@2026-10-03,False,,roller shutter (to protect shops),3.3,,,,unknown,
es,maleza,f,underbrush,regular,wiktionary:kaikki@2026-10-03,False,,underbrush,3.12,,,,unknown,
es,coraza,f,cuirass,regular,wiktionary:kaikki@2026-10-03,False,,cuirass,3.02,,,,loan,
es,sociología,f,sociology,regular,wiktionary:kaikki@2026-10-03,False,,sociology,3.87,,,,unknown,
es,pedagogía,f,pedagogy,regular,wiktionary:kaikki@2026-10-03,False,,pedagogy,3.74,,,,unknown,
es,bombilla,f,light bulb,regular,wiktionary:kaikki@2026-10-03,False,,light bulb,3.32,,,,unknown,
es,gaceta,f,gazette,regular,wiktionary:kaikki@2026-10-03,False,,gazette; newspaper,3.6,,,,unknown,
es,patología,f,pathology,regular,wiktionary:kaikki@2026-10-03,False,,pathology,3.57,,,,unknown,
es,soja,f,soya,regular,wiktionary:kaikki@2026-10-03,False,,"soya, soybean",3.76,,,,loan,
es,demagogia,f,demagogy,regular,wiktionary:kaikki@2026-10-03,False,,demagogy,3.28,,,,loan,
es,ofensa,f,offense,regular,wiktionary:kaikki@2026-10-03,False,,offense,3.65,,,,native,
es,ermita,f,hermitage,regular,wiktionary:kaikki@2026-10-03,False,,hermitage,3.52,,,,loan,
es,fábula,f,fable,regular,wiktionary:kaikki@2026-10-03,False,,"fable, myth, tale",3.26,,,,loan,
es,creta,f,chalk,regular,wiktionary:kaikki@2026-10-03,False,,chalk (rock),3.07,,,,unknown,
es,borrachera,f,drunkenness,regular,wiktionary:kaikki@2026-10-03,False,,drunkenness,3.21,,,,unknown,
es,poza,f,puddle,regular,wiktionary:kaikki@2026-10-03,False,,"puddle, pool",3.08,,,,native,
es,estancia,f,stay,regular,wiktionary:kaikki@2026-10-03,False,,"stay, residence, sojourn",4.2,,,,unknown,
es,tubería,f,tubing,regular,wiktionary:kaikki@2026-10-03,False,,"tubing, piping",3.52,,,,unknown,
es,cordura,f,sanity,regular,wiktionary:kaikki@2026-10-03,False,,sanity,3.52,,,,native,
es,pestaña,f,eyelash,regular,wiktionary:kaikki@2026-10-03,False,,eyelash,3.25,,,,native,
es,infraestructura,f,infrastructure,regular,wiktionary:kaikki@2026-10-03,False,,infrastructure,4.49,,,,unknown,
es,toalla,f,towel,regular,wiktionary:kaikki@2026-10-03,False,,towel,3.83,,,,loan,
es,ortografía,f,orthography,regular,wiktionary:kaikki@2026-10-03,False,,orthography,3.88,,,,native,
es,cortina,f,curtain,regular,wiktionary:kaikki@2026-10-03,False,,curtain,3.84,,,,native,
es,bombonera,f,sweet jar,regular,wiktionary:kaikki@2026-10-03,False,,sweet jar,3.1,,,,unknown,
es,puñalada,f,stab,regular,wiktionary:kaikki@2026-10-03,False,,stab (act of stabbing),3.22,,,,unknown,
es,consistencia,f,consistency,regular,wiktionary:kaikki@2026-10-03,False,,consistency,3.63,,,,unknown,
es,cuaresma,f,lent,regular,wiktionary:kaikki@2026-10-03,False,,Lent,3.44,,,,unknown,
es,cucharada,f,spoonful,regular,wiktionary:kaikki@2026-10-03,False,,"a spoonful, tablespoon: the quantity held in a tablespoon",3.28,,,,unknown,
es,papelería,f,stationery shop / store,regular,wiktionary:kaikki@2026-10-03,False,,"stationery shop / store, stationer's",3.03,,,,unknown,
es,comparecencia,f,appearance,regular,wiktionary:kaikki@2026-10-03,False,,appearance (in court),3.24,,,,unknown,
es,tierra,f,earth,regular,wiktionary:kaikki@2026-10-03,False,,Earth (planet of the Solar System in which all of humanity resides),5.36,,,,native,
es,prosa,f,prose,regular,wiktionary:kaikki@2026-10-03,False,,prose,3.71,,,,native,
es,cabellera,f,hair,regular,wiktionary:kaikki@2026-10-03,False,,"hair, head of hair",3.19,,,,unknown,
es,solana,f,strong sunshine,regular,wiktionary:kaikki@2026-10-03,False,,strong sunshine,3.27,,,,unknown,
es,crianza,f,upbringing,regular,wiktionary:kaikki@2026-10-03,False,,upbringing,3.7,,,,native,
es,semilla,f,seed,regular,wiktionary:kaikki@2026-10-03,False,,seed (of a plant),3.9,,,,native,
es,moraleja,f,moral,regular,wiktionary:kaikki@2026-10-03,False,,moral,3.31,,,,unknown,
es,cornisa,f,cornice,regular,wiktionary:kaikki@2026-10-03,False,,cornice,3.12,,,,loan,
es,terminología,f,terminology,regular,wiktionary:kaikki@2026-10-03,False,,terminology,3.58,,,,unknown,
es,batista,f,batiste,regular,wiktionary:kaikki@2026-10-03,False,,batiste,3.43,,,,unknown,
es,vaina,f,scabbard,regular,wiktionary:kaikki@2026-10-03,False,,"scabbard, sheath",3.88,,,,native,
es,incompetencia,f,incompetence,regular,wiktionary:kaikki@2026-10-03,False,,incompetence,3.56,,,,unknown,
es,hoguera,f,campfire,regular,wiktionary:kaikki@2026-10-03,False,,"campfire, bonfire",3.56,,,,unknown,
es,flujo,m,flow,regular,wiktionary:kaikki@2026-10-03,False,,flow,4.33,,,,loan,
es,establecimiento,m,establishment,regular,wiktionary:kaikki@2026-10-03,False,,establishment,4.37,,,,unknown,
es,siglo,m,century,regular,wiktionary:kaikki@2026-10-03,False,,century,5.15,,,,native,
es,palito,m,stick,regular,wiktionary:kaikki@2026-10-03,False,,"stick (of a lollipop, ice pop, popsicle)",3.24,,,,unknown,
es,periodismo,m,journalism,regular,wiktionary:kaikki@2026-10-03,False,,journalism,4.42,,,,unknown,
es,aislamiento,m,isolation,regular,wiktionary:kaikki@2026-10-03,False,,isolation,4.06,,,,unknown,
es,hato,m,bundle of things,regular,wiktionary:kaikki@2026-10-03,False,,"bundle of things, especially one containing clothes",3.08,,,,native,
es,aguacero,m,downpour,regular,wiktionary:kaikki@2026-10-03,False,,downpour,3.01,,,,native,
es,podio,m,podium,regular,wiktionary:kaikki@2026-10-03,False,,podium,3.62,,,,loan,
es,género,m,kind,regular,wiktionary:kaikki@2026-10-03,False,,kind,4.93,,,,loan,
es,naranjo,m,orange tree,regular,wiktionary:kaikki@2026-10-03,False,,orange tree,3.44,,,,unknown,
es,protagonismo,m,importance,regular,wiktionary:kaikki@2026-10-03,False,,"importance, prominence",3.77,,,,unknown,
es,epílogo,m,epilogue,regular,wiktionary:kaikki@2026-10-03,False,,epilogue,3.17,,,,loan,
es,descrédito,m,discredit,regular,wiktionary:kaikki@2026-10-03,False,,discredit (a degree of dishonour or disesteem),3.03,,,,unknown,
es,antídoto,m,antidote,regular,wiktionary:kaikki@2026-10-03,False,,antidote,3.21,,,,unknown,
es,encubrimiento,m,cover-up,regular,wiktionary:kaikki@2026-10-03,False,,"cover-up, concealment, whitewash",3.3,,,,unknown,
es,delito,m,crime,regular,wiktionary:kaikki@2026-10-03,False,,crime; offense,4.69,,,,loan,
es,arbusto,m,bush,regular,wiktionary:kaikki@2026-10-03,False,,"bush, shrub",3.31,,,,unknown,
es,nervio,m,nerve,regular,wiktionary:kaikki@2026-10-03,False,,nerve,3.59,,,,native,
es,labio,m,lip,regular,wiktionary:kaikki@2026-10-03,False,,lip (fleshy protrusion around the opening of the mouth),3.68,,,,loan,
es,eufemismo,m,euphemism,regular,wiktionary:kaikki@2026-10-03,False,,euphemism,3.15,,,,loan,
es,semáforo,m,traffic light,regular,wiktionary:kaikki@2026-10-03,False,,traffic light,3.56,,,,loan,
es,orificio,m,orifice,regular,wiktionary:kaikki@2026-10-03,False,,orifice,3.23,,,,unknown,
es,orgullo,m,pride,regular,wiktionary:kaikki@2026-10-03,False,,"pride (arrogance, haughtiness)",4.55,,,,loan,
es,fideicomiso,m,trust,regular,wiktionary:kaikki@2026-10-03,False,,"trust, escrow, fideicommissum",3.37,,,,unknown,
es,erario,m,treasury,regular,wiktionary:kaikki@2026-10-03,False,,treasury (public finance),3.36,,,,native,
es,bizcocho,m,sponge cake,regular,wiktionary:kaikki@2026-10-03,False,,sponge cake,3.21,,,,native,
es,crucifijo,m,crucifix,regular,wiktionary:kaikki@2026-10-03,False,,crucifix,3.13,,,,native,
es,lienzo,m,canvas,regular,wiktionary:kaikki@2026-10-03,False,,canvas,3.69,,,,native,
es,consultorio,m,consulting room,regular,wiktionary:kaikki@2026-10-03,False,,consulting room,3.55,,,,unknown,
es,glosario,m,glossary,regular,wiktionary:kaikki@2026-10-03,False,,glossary,3.13,,,,native,
es,comino,m,cumin,regular,wiktionary:kaikki@2026-10-03,False,,"cumin (plant, spice)",3.15,,,,native,
es,adoctrinamiento,m,indoctrination,regular,wiktionary:kaikki@2026-10-03,False,,indoctrination (act of indoctrinating),3.08,,,,unknown,
es,contrapunto,m,counterpoint,regular,wiktionary:kaikki@2026-10-03,False,,counterpoint,3.19,,,,unknown,
es,barrio,m,neighbourhood,regular,wiktionary:kaikki@2026-10-03,False,,neighbourhood,4.85,,,,loan,
es,huerto,m,orchard,regular,wiktionary:kaikki@2026-10-03,False,,orchard,3.62,,,,native,
es,patrocinio,m,sponsorship,regular,wiktionary:kaikki@2026-10-03,False,,sponsorship,3.61,,,,native,
es,perímetro,m,perimeter,regular,wiktionary:kaikki@2026-10-03,False,,perimeter (the length of the outline of an object),3.61,,,,unknown,
es,servicio,m,service,regular,wiktionary:kaikki@2026-10-03,False,,service,5.34,,,,loan,
es,consentimiento,m,consent,regular,wiktionary:kaikki@2026-10-03,False,,consent (voluntary agreement or permission),4.2,,,,unknown,
es,aplauso,m,applause,regular,wiktionary:kaikki@2026-10-03,False,,applause (act of applauding),3.79,,,,loan,
es,virreinato,m,viceroyalty,regular,wiktionary:kaikki@2026-10-03,False,,viceroyalty,3.41,,,,unknown,
es,susto,m,fright,regular,wiktionary:kaikki@2026-10-03,False,,fright,3.84,,,,native,
es,califato,m,caliphate,regular,wiktionary:kaikki@2026-10-03,False,,caliphate,3.05,,,,unknown,
es,pimiento,m,pepper,regular,wiktionary:kaikki@2026-10-03,False,,pepper (fruit of the capsicum),3.25,,,,native,
es,diccionario,m,dictionary,regular,wiktionary:kaikki@2026-10-03,False,,"dictionary, wordbook",4.22,,,,unknown,
es,ateísmo,m,atheism,regular,wiktionary:kaikki@2026-10-03,False,,atheism,3.24,,,,unknown,
es,trapo,m,rag,regular,wiktionary:kaikki@2026-10-03,False,,"rag, piece of cloth used for cleaning, washing or drying (tea towel, dish towel, dish cloth, dust cloth, paper towel)",3.62,,,,native,
es,olfato,m,smell,regular,wiktionary:kaikki@2026-10-03,False,,"smell, olfaction, sense of smell (sense that detects smells)",3.43,,,,native,
es,ruido,m,noise,regular,wiktionary:kaikki@2026-10-03,False,,"noise, racket, rattle, clatter, sound (various sounds, usually unwanted)",4.57,,,,native,
es,año,m,year,regular,wiktionary:kaikki@2026-10-03,False,,year,5.88,,,,native,
es,agotamiento,m,exhaustion,regular,wiktionary:kaikki@2026-10-03,False,,"exhaustion, depletion",3.48,,,,unknown,
es,paño,m,cloth,regular,wiktionary:kaikki@2026-10-03,False,,cloth,3.43,,,,native,
es,bolso,m,purse,regular,wiktionary:kaikki@2026-10-03,False,,purse,4.01,,,,unknown,
es,horóscopo,m,horoscope,regular,wiktionary:kaikki@2026-10-03,False,,horoscope (astrological forecast),3.13,,,,loan,
es,apetito,m,appetite,regular,wiktionary:kaikki@2026-10-03,False,,appetite,3.74,,,,unknown,
es,perjuicio,m,detriment,regular,wiktionary:kaikki@2026-10-03,False,,detriment (the opposite of a benefit),3.91,,,,loan,
es,llanto,m,crying,regular,wiktionary:kaikki@2026-10-03,False,,crying,3.81,,,,unknown,
es,santuario,m,sanctuary,regular,wiktionary:kaikki@2026-10-03,False,,sanctuary,3.95,,,,unknown,
es,diámetro,m,diameter,regular,wiktionary:kaikki@2026-10-03,False,,diameter,4.0,,,,native,
es,algoritmo,m,algorithm,regular,wiktionary:kaikki@2026-10-03,False,,algorithm,3.61,,,,loan,
es,obelisco,m,obelisk,regular,wiktionary:kaikki@2026-10-03,False,,obelisk,3.32,,,,loan,
es,aeródromo,m,airfield,regular,wiktionary:kaikki@2026-10-03,False,,"airfield, aerodrome, airdrome, landing field (place where airplanes can take off and land)",3.06,,,,native,
es,conservadurismo,m,conservatism,regular,wiktionary:kaikki@2026-10-03,False,,conservatism,3.18,,,,native,
es,sésamo,m,sesame,regular,wiktionary:kaikki@2026-10-03,False,,sesame (tropical Asian plant Sesamum indicum),3.12,,,,loan,
es,pepino,m,cucumber,regular,wiktionary:kaikki@2026-10-03,False,,cucumber,3.42,,,,native,
es,instinto,m,instinct,regular,wiktionary:kaikki@2026-10-03,False,,instinct,3.89,,,,native,
es,fanatismo,m,fanaticism,regular,wiktionary:kaikki@2026-10-03,False,,fanaticism,3.61,,,,unknown,
es,solano,m,nightshade,regular,wiktionary:kaikki@2026-10-03,False,,nightshade,3.55,,,,native,
es,tobillo,m,ankle,regular,wiktionary:kaikki@2026-10-03,False,,ankle,3.6,,,,native,
es,fango,m,mud,regular,wiktionary:kaikki@2026-10-03,False,,mud (soil and water),3.28,,,,unknown,
es,vocablo,m,word,regular,wiktionary:kaikki@2026-10-03,False,,"word, term",3.24,,,,unknown,
es,terremoto,m,earthquake,regular,wiktionary:kaikki@2026-10-03,False,,earthquake,4.19,,,,loan,
es,procedimiento,m,procedure,regular,wiktionary:kaikki@2026-10-03,False,,procedure,4.53,,,,unknown,
es,enfrentamiento,m,showdown,regular,wiktionary:kaikki@2026-10-03,False,,"showdown, face-off, matchup, match-up, encounter",4.11,,,,unknown,
es,beneplácito,m,consent,regular,wiktionary:kaikki@2026-10-03,False,,"consent, approval, permission",3.14,,,,loan,
es,hospicio,m,hospice,regular,wiktionary:kaikki@2026-10-03,False,,hospice,3.2,,,,loan,
es,sótano,m,cellar,regular,wiktionary:kaikki@2026-10-03,False,,cellar,3.66,,,,native,
es,éxito,m,success,regular,wiktionary:kaikki@2026-10-03,False,,success,5.08,,,,loan,
es,anteproyecto,m,preliminary plan,regular,wiktionary:kaikki@2026-10-03,False,,a preliminary plan,3.42,,,,unknown,
es,revestimiento,m,coating,regular,wiktionary:kaikki@2026-10-03,False,,"coating, cladding",3.21,,,,unknown,
es,condominio,m,apartment building,regular,wiktionary:kaikki@2026-10-03,False,,"apartment building, condominium, condo",3.21,,,,unknown,
es,homicidio,m,homicide,regular,wiktionary:kaikki@2026-10-03,False,,homicide; manslaughter,4.1,,,,native,
es,lavabo,m,bathroom sink,regular,wiktionary:kaikki@2026-10-03,False,,"bathroom sink, washbasin",3.18,,,,loan,
es,asesinato,m,assassination,regular,wiktionary:kaikki@2026-10-03,False,,assassination,4.71,,,,unknown,
es,pino,m,pine,regular,wiktionary:kaikki@2026-10-03,False,,pine,3.93,,,,native,
es,atributo,m,attribute,regular,wiktionary:kaikki@2026-10-03,False,,attribute,3.28,,,,unknown,
es,icono,m,icon,regular,wiktionary:kaikki@2026-10-03,False,,"icon (a representation, especially as an object of religious devotion)",3.68,,,,loan,
es,término,m,end,regular,wiktionary:kaikki@2026-10-03,False,,"end, terminus (the terminal point of something in space or time)",4.87,,,,loan,
es,yacimiento,m,deposit,regular,wiktionary:kaikki@2026-10-03,False,,deposit; field or formation,3.51,,,,unknown,
es,consenso,m,consensus,regular,wiktionary:kaikki@2026-10-03,False,,consensus,4.15,,,,unknown,
es,entretenimiento,m,amusement,regular,wiktionary:kaikki@2026-10-03,False,,amusement,4.17,,,,unknown,
es,marzo,m,march,regular,wiktionary:kaikki@2026-10-03,False,,March,5.22,,,,native,
es,comunismo,m,communism,regular,wiktionary:kaikki@2026-10-03,False,,communism,4.03,,,,unknown,
es,lino,m,linen,regular,wiktionary:kaikki@2026-10-03,False,,linen,3.58,,,,native,
es,inventario,m,inventory,regular,wiktionary:kaikki@2026-10-03,False,,inventory,3.84,,,,unknown,
es,flanco,m,flank,regular,wiktionary:kaikki@2026-10-03,False,,flank,3.41,,,,loan,
es,grupo,m,group,regular,wiktionary:kaikki@2026-10-03,False,,group,5.58,,,,loan,
es,arquetipo,m,archetype,regular,wiktionary:kaikki@2026-10-03,False,,archetype,3.01,,,,loan,
es,transcurso,m,course,regular,wiktionary:kaikki@2026-10-03,False,,"course, passing",3.95,,,,unknown,
es,versículo,m,verse,regular,wiktionary:kaikki@2026-10-03,False,,verse (in the Bible),3.1,,,,unknown,
es,periplo,m,round trip,regular,wiktionary:kaikki@2026-10-03,False,,"round trip, journey",3.06,,,,loan,
es,oporto,m,port wine,regular,wiktionary:kaikki@2026-10-03,False,,port wine,3.49,,,,unknown,
es,albedrío,m,will,regular,wiktionary:kaikki@2026-10-03,False,,will (intent),3.27,,,,native,
es,ombligo,m,navel,regular,wiktionary:kaikki@2026-10-03,False,,"navel, belly button (remnant of umbilical cord)",3.51,,,,unknown,
es,hallazgo,m,discovery,regular,wiktionary:kaikki@2026-10-03,False,,discovery,3.82,,,,native,
es,bazo,m,spleen,regular,wiktionary:kaikki@2026-10-03,False,,spleen,3.07,,,,native,
es,razonamiento,m,reasoning,regular,wiktionary:kaikki@2026-10-03,False,,reasoning,3.83,,,,unknown,
es,narcotráfico,m,drug trafficking,regular,wiktionary:kaikki@2026-10-03,False,,drug trafficking,4.02,,,,unknown,
es,renacimiento,m,rebirth,regular,wiktionary:kaikki@2026-10-03,False,,rebirth,3.89,,,,unknown,
es,bocado,m,mouthful,regular,wiktionary:kaikki@2026-10-03,False,,mouthful,3.33,,,,unknown,
es,heno,m,hay,regular,wiktionary:kaikki@2026-10-03,False,,hay,3.09,,,,native,
es,residuo,m,residue,regular,wiktionary:kaikki@2026-10-03,False,,"residue, remainder",3.29,,,,unknown,
es,adiestramiento,m,practice,regular,wiktionary:kaikki@2026-10-03,False,,"practice, training",3.19,,,,unknown,
es,morbo,m,disease,regular,wiktionary:kaikki@2026-10-03,False,,disease,3.39,,,,unknown,
es,tráfico,m,traffic,regular,wiktionary:kaikki@2026-10-03,False,,traffic,4.6,,,,unknown,
es,aeropuerto,m,airport,regular,wiktionary:kaikki@2026-10-03,False,,airport,4.75,,,,unknown,
es,yeso,m,plaster,regular,wiktionary:kaikki@2026-10-03,False,,"plaster, gesso",3.62,,,,native,
es,cántico,m,chant,regular,wiktionary:kaikki@2026-10-03,False,,"chant, canticle",3.01,,,,loan,
es,sobrepeso,m,overweight,regular,wiktionary:kaikki@2026-10-03,False,,overweight,3.38,,,,unknown,
es,plazo,m,period,regular,wiktionary:kaikki@2026-10-03,False,,"period, phase",4.87,,,,native,
es,armisticio,m,armistice,regular,wiktionary:kaikki@2026-10-03,False,,armistice,3.1,,,,loan,
es,propósito,m,purpose,regular,wiktionary:kaikki@2026-10-03,False,,purpose,4.76,,,,unknown,
es,ángulo,m,angle,regular,wiktionary:kaikki@2026-10-03,False,,angle,4.09,,,,unknown,
es,surgimiento,m,emergence,regular,wiktionary:kaikki@2026-10-03,False,,"emergence, rise",3.71,,,,unknown,
es,prólogo,m,prologue,regular,wiktionary:kaikki@2026-10-03,False,,prologue,3.76,,,,unknown,
es,prado,m,meadow,regular,wiktionary:kaikki@2026-10-03,False,,meadow,3.98,,,,native,
es,cerezo,m,cherry tree,regular,wiktionary:kaikki@2026-10-03,False,,cherry tree,3.25,,,,native,
es,patrimonio,m,estate,regular,wiktionary:kaikki@2026-10-03,False,,estate; property,4.57,,,,native,
es,cerebro,m,brain,regular,wiktionary:kaikki@2026-10-03,False,,brain,4.64,,,,native,
es,kiosco,m,kiosk,regular,wiktionary:kaikki@2026-10-03,False,,kiosk,3.2,,,,loan,
es,hongo,m,fungus,regular,wiktionary:kaikki@2026-10-03,False,,fungus,3.47,,,,unknown,
es,sepulcro,m,sepulchre,regular,wiktionary:kaikki@2026-10-03,False,,sepulchre,3.48,,,,native,
es,lava,f,lava,homograph,wiktionary:kaikki@2026-10-03,True,,lava,3.87,lavar,siempre {w},,loan,
es,manda,f,vow,homograph,wiktionary:kaikki@2026-10-03,False,,vow,4.44,mandar,siempre {w},,unknown,
es,figura,f,figure,homograph,wiktionary:kaikki@2026-10-03,False,,figure,4.77,figurar,siempre {w},,unknown,
es,grita,f,shouting match,homograph,wiktionary:kaikki@2026-10-03,False,,shouting match,3.98,gritar,siempre {w},,unknown,
es,obra,f,work,homograph,wiktionary:kaikki@2026-10-03,False,,work (usually literary or artistic),5.27,obrar,siempre {w},,native,
es,pila,f,small battery,homograph,wiktionary:kaikki@2026-10-03,False,,small battery,4.04,pilar,siempre {w},,native,
es,cocina,f,kitchen,homograph,wiktionary:kaikki@2026-10-03,False,,kitchen,4.71,cocinar,siempre {w},,native,
es,captura,f,capture,homograph,wiktionary:kaikki@2026-10-03,False,,capture,4.25,capturar,siempre {w},,unknown,
es,pesca,f,fishing,homograph,wiktionary:kaikki@2026-10-03,False,,fishing,4.32,pescar,siempre {w},,unknown,
es,charla,f,talk,homograph,wiktionary:kaikki@2026-10-03,False,,"talk, chat",4.35,charlar,siempre {w},,unknown,
es,cancela,f,lattice gate,homograph,wiktionary:kaikki@2026-10-03,False,,lattice gate,3.49,cancelar,siempre {w},,unknown,
es,fotografía,f,photograph,homograph,wiktionary:kaikki@2026-10-03,False,,photograph,4.58,fotografiar,siempre {w},,native,
es,lanza,f,lance,homograph,wiktionary:kaikki@2026-10-03,False,,"lance, spear, glaive",4.34,lanzar,siempre {w},,native,
es,paga,f,payment,homograph,wiktionary:kaikki@2026-10-03,False,,payment,4.55,pagar,siempre {w},,unknown,
es,mejora,f,improvement,homograph,wiktionary:kaikki@2026-10-03,False,,"improvement, improving, amelioration, betterment, refinement",4.43,mejorar,siempre {w},,unknown,
es,falla,f,flaw,homograph,wiktionary:kaikki@2026-10-03,False,,flaw,4.31,fallar,siempre {w},,loan,
es,etiqueta,f,label,homograph,wiktionary:kaikki@2026-10-03,False,,"label, tag",4.18,etiquetar,siempre {w},,unknown,
es,evidencia,f,evidence,homograph,wiktionary:kaikki@2026-10-03,False,,evidence,4.66,evidenciar,siempre {w},,unknown,
es,nota,f,note,homograph,wiktionary:kaikki@2026-10-03,False,,"note, memo",5.09,notar,siempre {w},,unknown,
es,muda,f,change,homograph,wiktionary:kaikki@2026-10-03,False,,"a change (of clothes, especially underpants)",3.71,mudar,siempre {w},,unknown,
es,renuncia,f,resignation,homograph,wiktionary:kaikki@2026-10-03,False,,resignation,4.39,renunciar,siempre {w},,unknown,
es,marcha,f,march,homograph,wiktionary:kaikki@2026-10-03,True,,march,4.94,marchar,siempre {w},,unknown,
es,cuelga,f,hanging,homograph,wiktionary:kaikki@2026-10-03,False,,hanging (especially of dried fruit),3.63,colgar,siempre {w},,unknown,
es,toma,f,conquest,homograph,wiktionary:kaikki@2026-10-03,False,,"conquest, capture, taking, takeover",5.01,tomar,siempre {w},,unknown,
es,firma,f,signature,homograph,wiktionary:kaikki@2026-10-03,False,,signature,4.66,firmar,siempre {w},,unknown,
es,quema,f,fire,homograph,wiktionary:kaikki@2026-10-03,False,,fire; flame,4.07,quemar,siempre {w},,unknown,
es,tortura,f,torture,homograph,wiktionary:kaikki@2026-10-03,False,,torture (intentional causing of somebody experiencing agony),4.13,torturar,siempre {w},,loan,
es,reforma,f,reform,homograph,wiktionary:kaikki@2026-10-03,True,,"reform (the change of something that is defective, broken, inefficient or otherwise negative)",4.89,reformar,siempre {w},,unknown,
es,recarga,f,charge,homograph,wiktionary:kaikki@2026-10-03,False,,charge,3.45,recargar,siempre {w},,unknown,
es,mancha,f,spot,homograph,wiktionary:kaikki@2026-10-03,False,,spot; stain,4.25,manchar,siempre {w},,unknown,
es,entrevista,f,interview,homograph,wiktionary:kaikki@2026-10-03,False,,interview,4.83,entrevistar,siempre {w},,native,
es,estrena,f,gift,homograph,wiktionary:kaikki@2026-10-03,False,,"gift, present given as a token of some pleasure, happiness, or benefit received",3.62,estrenar,siempre {w},,unknown,
es,rebaja,f,sale,homograph,wiktionary:kaikki@2026-10-03,False,,sale (a selling of goods at reduced prices),3.53,rebajar,siempre {w},,unknown,
es,potencia,f,power,homograph,wiktionary:kaikki@2026-10-03,False,,"power, potency",4.48,potenciar,siempre {w},,native,
es,diferencia,f,difference,homograph,wiktionary:kaikki@2026-10-03,False,,difference,5.07,diferenciar,siempre {w},,native,
es,censura,f,censure,homograph,wiktionary:kaikki@2026-10-03,False,,censure,4.27,censurar,siempre {w},,unknown,
es,gira,f,tour,homograph,wiktionary:kaikki@2026-10-03,False,,tour (a journey through a list of places),4.46,girar,siempre {w},,unknown,
es,tapa,f,lid,homograph,wiktionary:kaikki@2026-10-03,False,,"lid, cap (the top or cover of a container)",4.13,tapar,siempre {w},,unknown,
es,relato,m,story,homograph,wiktionary:kaikki@2026-10-03,False,,story,4.38,relatar,siempre {w},,unknown,
es,envío,m,shipment,homograph,wiktionary:kaikki@2026-10-03,False,,"shipment, sending",4.26,enviar,siempre {w},,unknown,
es,progreso,m,progress,homograph,wiktionary:kaikki@2026-10-03,False,,"progress, headway, advancement",4.49,progresar,siempre {w},,loan,
es,desafío,m,challenge,homograph,wiktionary:kaikki@2026-10-03,False,,challenge,4.24,desafiar,siempre {w},,unknown,
es,paro,m,stop,homograph,wiktionary:kaikki@2026-10-03,False,,"stop, stagnation (action of stopping)",4.5,parar,siempre {w},,unknown,
es,secuestro,m,kidnapping,homograph,wiktionary:kaikki@2026-10-03,False,,kidnapping,4.15,secuestrar,siempre {w},,loan,
es,estreno,m,premiere,homograph,wiktionary:kaikki@2026-10-03,False,,premiere,4.28,estrenar,siempre {w},,unknown,
es,arresto,m,arrest,homograph,wiktionary:kaikki@2026-10-03,True,,arrest,4.09,arrestar,siempre {w},,unknown,
es,aprecio,m,appreciation,homograph,wiktionary:kaikki@2026-10-03,False,,appreciation,3.96,apreciar,siempre {w},,unknown,
es,corro,m,ring,homograph,wiktionary:kaikki@2026-10-03,False,,"ring, circle (of people, held hand to hand)",3.51,correr,siempre {w},,native,
es,espino,m,hawthorn,homograph,wiktionary:kaikki@2026-10-03,False,,"hawthorn, buckthorn",3.16,espinar,siempre {w},,native,
es,noto,m,southerly,homograph,wiktionary:kaikki@2026-10-03,False,,southerly,3.67,notar,siempre {w},,loan,
es,retrato,m,portrait,homograph,wiktionary:kaikki@2026-10-03,False,,portrait,4.17,retratar,siempre {w},,unknown,
es,pelo,m,hair,homograph,wiktionary:kaikki@2026-10-03,False,,hair (a single hair),4.82,pelar,siempre {w},,native,
es,veto,m,veto,homograph,wiktionary:kaikki@2026-10-03,True,,veto,3.5,vetar,siempre {w},,native,
es,desalojo,m,eviction,homograph,wiktionary:kaikki@2026-10-03,False,,eviction,3.53,desalojar,siempre {w},,unknown,
es,reparo,m,qualm,homograph,wiktionary:kaikki@2026-10-03,False,,"qualm, objection, cavil, demur, compunction",3.12,reparar,siempre {w},,unknown,
es,daño,m,damage,homograph,wiktionary:kaikki@2026-10-03,False,,damage,4.88,dañar,siempre {w},,native,
es,saludo,m,greeting,homograph,wiktionary:kaikki@2026-10-03,False,,"greeting, greetings",4.48,saludar,siempre {w},,unknown,
es,tiro,m,throw,homograph,wiktionary:kaikki@2026-10-03,False,,throw (the act of throwing something),4.62,tirar,siempre {w},,unknown,
es,repaso,m,review,homograph,wiktionary:kaikki@2026-10-03,False,,"review, revision",3.56,repasar,siempre {w},,unknown,
es,invento,m,invention,homograph,wiktionary:kaikki@2026-10-03,False,,invention,3.9,inventar,siempre {w},,unknown,
es,inicio,m,start,homograph,wiktionary:kaikki@2026-10-03,False,,"start, initiation",4.83,iniciar,siempre {w},,unknown,
es,apuro,m,difficulty,homograph,wiktionary:kaikki@2026-10-03,False,,"difficulty, predicament",3.56,apurar,siempre {w},,unknown,
es,grito,m,cry,homograph,wiktionary:kaikki@2026-10-03,False,,"a cry, a yell, a scream, a growl",4.28,gritar,siempre {w},,unknown,
es,desecho,m,waste,homograph,wiktionary:kaikki@2026-10-03,False,,"waste, trash",3.16,desechar,siempre {w},,unknown,
es,uso,m,use,homograph,wiktionary:kaikki@2026-10-03,False,,use,5.38,usar,siempre {w},,unknown,
es,retraso,m,delay,homograph,wiktionary:kaikki@2026-10-03,False,,delay,4.09,retrasar,siempre {w},,unknown,
es,canto,m,singing,homograph,wiktionary:kaikki@2026-10-03,False,,singing,4.36,cantar,siempre {w},,native,
es,descargo,m,unloading,homograph,wiktionary:kaikki@2026-10-03,False,,unloading,3.33,descargar,siempre {w},,unknown,
es,velo,m,veil,homograph,wiktionary:kaikki@2026-10-03,False,wordnet:garment.n.01,"veil (something hung up or spread out to hide or protect the face, or hide an object from view; usually of a diaphanous material)",3.85,velar,siempre {w},,native,
es,centro,m,center,homograph,wiktionary:kaikki@2026-10-03,True,,center,5.44,centrar,siempre {w},,loan,
es,respeto,m,respect,homograph,wiktionary:kaikki@2026-10-03,False,,respect,4.97,respetar,siempre {w},,loan,
es,almuerzo,m,lunch,homograph,wiktionary:kaikki@2026-10-03,False,,lunch,4.16,almorzar,siempre {w},,native,
es,camino,m,way,homograph,wiktionary:kaikki@2026-10-03,False,,"way, route",5.28,caminar,siempre {w},,native,
es,mojo,m,type of sauce from the canary islands made from oil and vinegar,homograph,wiktionary:kaikki@2026-10-03,True,,"a type of sauce from the Canary Islands made from oil and vinegar, to which various herbs and spices are added",3.21,mojar,siempre {w},,unknown,
es,reclamo,m,complaint,homograph,wiktionary:kaikki@2026-10-03,False,,complaint,4.05,reclamar,siempre {w},,unknown,
es,acierto,m,correct answer,homograph,wiktionary:kaikki@2026-10-03,False,,correct answer,3.69,acertar,siempre {w},,unknown,
es,sistema,m,system,exception_ma,wiktionary:kaikki@2026-10-03,False,,system,5.56,,,,loan,
es,problema,m,problem,exception_ma,wiktionary:kaikki@2026-10-03,True,,"problem, issue, challenge (a difficulty or obstacle that has to be dealt with)",5.5,,,,loan,
es,idioma,m,language,exception_ma,wiktionary:kaikki@2026-10-03,False,,language,4.74,,,,loan,
es,clima,m,climate,exception_ma,wiktionary:kaikki@2026-10-03,False,,"climate, weather",4.64,,,,loan,
es,poema,m,poem,exception_ma,wiktionary:kaikki@2026-10-03,False,,poem (literary piece written in verse),4.31,,,,loan,
es,esquema,m,outline,exception_ma,wiktionary:kaikki@2026-10-03,False,,"outline (a general description, a summarizing statement)",4.17,,,,loan,
es,lema,m,motto,exception_ma,wiktionary:kaikki@2026-10-03,False,,motto,4.08,,,,loan,
es,dilema,m,dilemma,exception_ma,wiktionary:kaikki@2026-10-03,True,,"dilemma, quandary",3.79,,,,native,
es,paradigma,m,paradigm,exception_ma,wiktionary:kaikki@2026-10-03,True,,paradigm,3.75,,,,loan,
es,síntoma,m,symptom,exception_ma,wiktionary:kaikki@2026-10-03,False,,symptom (indicators and characteristics of the presence of something else),3.73,,,,loan,
es,telegrama,m,telegram,exception_ma,wiktionary:kaikki@2026-10-03,True,,telegram,3.61,,,,unknown,
es,carisma,m,charisma,exception_ma,wiktionary:kaikki@2026-10-03,True,,charisma,3.54,,,,loan,
es,enigma,m,enigma,exception_ma,wiktionary:kaikki@2026-10-03,True,,"enigma, conundrum (something that is puzzling)",3.51,,,,native,
es,emblema,m,emblem,exception_ma,wiktionary:kaikki@2026-10-03,True,,emblem,3.5,,,,loan,
es,estigma,m,stigma,exception_ma,wiktionary:kaikki@2026-10-03,True,,stigma,3.45,,,,loan,
es,dogma,m,dogma,exception_ma,wiktionary:kaikki@2026-10-03,True,,dogma,3.38,,,,native,
es,prisma,m,prism,exception_ma,wiktionary:kaikki@2026-10-03,True,,prism (a polyhedron with parallel ends of the same size and shape),3.32,,,,loan,
es,teorema,m,theorem,exception_ma,wiktionary:kaikki@2026-10-03,False,,theorem,3.27,,,,unknown,
es,genoma,m,genome,exception_ma,wiktionary:kaikki@2026-10-03,False,,genome (complete genetic information of an organism),3.14,,,,unknown,
es,cromosoma,m,chromosome,exception_ma,wiktionary:kaikki@2026-10-03,False,,chromosome,3.01,,,,loan,
es,panorama,m,scenery,exception_ma,wiktionary:kaikki@2026-10-03,True,,scenery,4.29,,,,unknown,
es,crucigrama,m,crossword,exception_ma,wiktionary:kaikki@2026-10-03,False,,crossword,2.64,,,,unknown,
es,hematoma,m,bruise,exception_ma,wiktionary:kaikki@2026-10-03,False,,bruise,2.72,,,,unknown,
es,ecosistema,m,ecosystem,exception_ma,wiktionary:kaikki@2026-10-03,False,,ecosystem,3.75,,,,unknown,
es,drama,m,drama,exception_ma,wiktionary:kaikki@2026-10-03,True,,"drama (genre in art, film, theatre and literature or a work of said genre)",4.45,,,,loan,
es,foto,f,photo,exception_clipping,wiktionary:kaikki@2026-10-03,False,,"photo, photograph",5.34,,,,unknown,
es,moto,f,motorcycle,exception_clipping,wiktionary:kaikki@2026-10-03,True,,motorcycle,4.32,,,,unknown,clipping sense is tagged abbreviation so the lexicon skipped it; only other sense is rare masculine 'milestone'
es,día,m,day,exception_true,wiktionary:kaikki@2026-10-03,False,,day (any period of 24 hours),5.96,,,,native,
es,mapa,m,map,exception_true,wiktionary:kaikki@2026-10-03,False,,map (sheet with geographical information on it),4.63,,,,native,
es,planeta,m,planet,exception_true,wiktionary:kaikki@2026-10-03,True,,planet,4.74,,,,native,
es,tranvía,m,tram,exception_true,wiktionary:kaikki@2026-10-03,False,,tram,3.49,,,,unknown,
es,mediodía,m,noon,exception_true,wiktionary:kaikki@2026-10-03,False,,"noon, midday",4.13,,,,unknown,
es,sofá,m,sofa,exception_true,wiktionary:kaikki@2026-10-03,True,,"sofa, couch",3.96,,,,loan,
es,mano,f,hand,exception_true,wiktionary:kaikki@2026-10-03,False,,hand,5.38,,,,native,masculine is regional slang ('bro'); verb manar 'to flow' is rare; every ordinary sense is feminine
