lang,lemma,gender,concept_en,gloss,set,de_suffix,ending,loan,zipf,n_tokens_qwen3,en_overlap,sex_assoc,head,first,first_gender,conflict,type,gloss_m,gloss_f,source,split
de,Artikel,m,article,article,strat3,,el,native,5.24,1.0,False,,,,,,,,,wiktionary:kaikki@2026-10-03,train
de,Wort,n,word as an isolated unit,word as an isolated unit,strat3,,rt,native,5.22,1.0,False,,,,,,,,,wiktionary:kaikki@2026-10-03,train
de,Wahl,f,choice,"choice, selection",strat3,,hl,native,5.19,1.0,False,,,,,,,,,wiktionary:kaikki@2026-10-03,train
de,Sommer,m,summer,summer,strat3,,er,native,5.08,1.0,False,,,,,,,,,wiktionary:kaikki@2026-10-03,train
de,Saison,f,season,season (a part of a year when something particular happens),strat3,,on,loan,5.05,2.0,False,,,,,,,,,wiktionary:kaikki@2026-10-03,train
de,Luft,f,air,"air, atmosphere",strat3,,ft,native,5.02,1.0,False,,,,,,,,,wiktionary:kaikki@2026-10-03,train
de,Körper,m,body,"body (of a person, animal, etc.)",strat3,,er,native,5.0,1.0,False,,,,,,,,,wiktionary:kaikki@2026-10-03,train
de,Kreis,m,circle,circle,strat3,,is,native,5.0,2.0,False,,,,,,,,,wiktionary:kaikki@2026-10-03,train
de,Ergebnis,n,result,"result, outcome, conclusion, finding, fruit, consequence, upshot, answer",strat3,,is,native,4.99,2.0,False,,,,,,,,,wiktionary:kaikki@2026-10-03,train
de,Bier,n,beer,beer (alcoholic beverage fermented from starch material; a serving of this beverage),strat3,,er,native,4.82,2.0,False,,,,,,,,,wiktionary:kaikki@2026-10-03,train
de,Meer,n,sea,sea,strat3,,er,native,4.72,1.0,False,,,,,,,,,wiktionary:kaikki@2026-10-03,train
de,Verhältnis,n,relation,"relation, ratio",strat3,,is,native,4.66,5.0,False,,,,,,,,,wiktionary:kaikki@2026-10-03,train
de,Verständnis,n,understanding,"understanding, comprehension",strat3,,is,native,4.61,3.0,False,,,,,,,,,wiktionary:kaikki@2026-10-03,train
de,Staffel,f,season,season,strat3,,el,native,4.58,2.0,False,,,,,,,,,wiktionary:kaikki@2026-10-03,train
de,Kapitel,n,chapter,chapter (section of a text),strat3,,el,native,4.44,2.0,False,,,,,,,,,wiktionary:kaikki@2026-10-03,train
de,Turnier,n,tournament,tournament,strat3,,er,native,4.43,2.0,False,,,,,,,,,wiktionary:kaikki@2026-10-03,train
de,Abenteuer,n,adventure,adventure,strat3,,er,native,4.42,3.0,False,,,,,,,,,wiktionary:kaikki@2026-10-03,train
de,Heft,n,notebook,"notebook, writing booklet, cahier, composition book (book in which notes or memoranda are written)",strat3,,ft,native,4.33,2.0,False,,,,,,,,,wiktionary:kaikki@2026-10-03,train
de,Bibel,f,bible,"Bible, bible",strat3,,el,native,4.32,2.0,False,,,,,,,,,wiktionary:kaikki@2026-10-03,train
de,Schrift,f,writing,"writing, script",strat3,,ft,native,4.32,2.0,False,,,,,,,,,wiktionary:kaikki@2026-10-03,train
de,Ereignis,n,event,event (occurrence of social or personal importance),strat3,,is,native,4.24,3.0,False,,,,,,,,,wiktionary:kaikki@2026-10-03,train
de,Oper,f,opera,"opera (theatrical work, combining drama, music, song and sometimes dance)",strat3,,er,loan,4.24,1.0,False,,,,,,,,,wiktionary:kaikki@2026-10-03,train
de,Treffer,m,hit,"hit (A blow, punch, strike hitting a target.)",strat3,,er,native,4.23,2.0,False,,,,,,,,,wiktionary:kaikki@2026-10-03,train
de,Ufer,n,shore,"shore, shoreline",strat3,,er,native,4.22,2.0,False,,,,,,,,,wiktionary:kaikki@2026-10-03,train
de,Auskunft,f,enquiry,enquiry,strat3,,ft,native,4.21,3.0,False,,,,,,,,,wiktionary:kaikki@2026-10-03,train
de,Erlebnis,n,experience,experience (event of which one is cognizant),strat3,,is,native,4.2,4.0,False,,,,,,,,,wiktionary:kaikki@2026-10-03,train
de,Koffer,m,case,a case; a suitcase or briefcase,strat3,,er,native,4.19,2.0,False,,,,,,,,,wiktionary:kaikki@2026-10-03,train
de,Balkon,m,balcony,"balcony (an accessible structure extending from a building, especially outside a window or overlooking a stage)",strat3,,on,loan,4.19,2.0,False,,,,,,,,,wiktionary:kaikki@2026-10-03,train
de,Winkel,m,angle,"angle, nook; corner (seen from the inside)",strat3,,el,native,4.18,2.0,False,,,,,,,,,wiktionary:kaikki@2026-10-03,train
de,Bündnis,n,alliance,"alliance, confederation",strat3,,is,native,4.18,3.0,False,,,,,,,,,wiktionary:kaikki@2026-10-03,train
de,Kammer,f,chamber,chamber; room,strat3,,er,native,4.18,2.0,False,,,,,,,,,wiktionary:kaikki@2026-10-03,train
de,Kalender,m,calendar,"calendar (means for determining dates, including documents containing date and other time information)",strat3,,er,loan,4.16,2.0,False,,,,,,,,,wiktionary:kaikki@2026-10-03,train
de,Panzer,m,armour,"armour, armour plating, shield",strat3,,er,native,4.14,2.0,False,,,,,,,,,wiktionary:kaikki@2026-10-03,train
de,Erlaubnis,f,permission,permission (authorisation),strat3,,is,native,4.12,3.0,False,,,,,,,,,wiktionary:kaikki@2026-10-03,train
de,Vernunft,f,reason,"reason, good sense",strat3,,ft,native,4.1,2.0,False,,,,,,,,,wiktionary:kaikki@2026-10-03,train
de,Leder,n,leather,leather,strat3,,er,native,4.1,2.0,False,,,,,,,,,wiktionary:kaikki@2026-10-03,train
de,Heer,n,army,army (ground forces),strat3,,er,native,4.09,2.0,False,,,,,,,,,wiktionary:kaikki@2026-10-03,train
de,Möbel,n,piece of furniture,piece of furniture,strat3,,el,loan,4.07,2.0,False,,,,,,,,,wiktionary:kaikki@2026-10-03,train
de,Hügel,m,hill,hill,strat3,,el,native,4.07,2.0,False,,,,,,,,,wiktionary:kaikki@2026-10-03,train
de,Saft,m,juice,juice,strat3,,ft,native,4.02,2.0,False,,,,,,,,,wiktionary:kaikki@2026-10-03,train
de,Verzeichnis,n,index,index,strat3,,is,native,3.95,3.0,False,,,,,,,,,wiktionary:kaikki@2026-10-03,train
de,Beton,m,concrete,concrete,strat3,,on,loan,3.94,2.0,False,,,,,,,,,wiktionary:kaikki@2026-10-03,train
de,Zeugnis,n,testimony,"testimony, witness declaration",strat3,,is,native,3.92,3.0,False,,,,,,,,,wiktionary:kaikki@2026-10-03,train
de,Duft,m,aroma,"aroma, fragrance",strat3,,ft,native,3.88,2.0,False,,,,,,,,,wiktionary:kaikki@2026-10-03,train
de,Auslöser,m,trigger,"trigger (event that initiates others, or incites a response)",strat3,,er,native,3.83,3.0,False,,,,,,,,,wiktionary:kaikki@2026-10-03,train
de,Mehl,n,flour,flour; meal (ground cereal),strat3,,hl,native,3.83,2.0,False,,,,,,,,,wiktionary:kaikki@2026-10-03,train
de,Hebel,m,operating lever,"operating lever, hand gear",strat3,,el,native,3.82,2.0,False,,,,,,,,,wiktionary:kaikki@2026-10-03,train
de,Bekenntnis,n,confession,confession,strat3,,is,native,3.81,4.0,False,,,,,,,,,wiktionary:kaikki@2026-10-03,train
de,Pulver,n,powder,powder (in most of its senses),strat3,,er,native,3.81,2.0,False,,,,,,,,,wiktionary:kaikki@2026-10-03,train
de,Atelier,n,studio,studio (artist's or photographer's workshop),strat3,,er,loan,3.81,2.0,False,,,,,,,,,wiktionary:kaikki@2026-10-03,train
de,Hindernis,n,obstacle,obstacle,strat3,,is,native,3.8,3.0,False,,,,,,,,,wiktionary:kaikki@2026-10-03,train
de,Visier,n,visor,visor,strat3,,er,loan,3.79,2.0,False,,,,,,,,,wiktionary:kaikki@2026-10-03,train
de,Massaker,n,massacre,massacre,strat3,,er,loan,3.78,2.0,False,,,,,,,,,wiktionary:kaikki@2026-10-03,train
de,Kummer,m,grief,"grief, sorrow",strat3,,er,native,3.78,2.0,False,,,,,,,,,wiktionary:kaikki@2026-10-03,train
de,Kessel,m,solid metal container or pot,"a solid metal container or pot, often large, used to boil liquids: a kettle, cauldron, boiler, etc.",strat3,,el,native,3.77,2.0,False,,,,,,,,,wiktionary:kaikki@2026-10-03,train
de,Gitter,n,lattice,"lattice, grid, mesh (of metal), grating, bars",strat3,,er,native,3.77,2.0,False,,,,,,,,,wiktionary:kaikki@2026-10-03,train
de,Nadel,f,needle,"needle; hook (implement for sewing, knitting, or crocheting)",strat3,,el,native,3.77,2.0,False,,,,,,,,,wiktionary:kaikki@2026-10-03,train
de,Revier,n,defined area of land,"defined area of land, principally used for hunting or foraging",strat3,,er,native,3.77,2.0,False,,,,,,,,,wiktionary:kaikki@2026-10-03,train
de,Inschrift,f,inscription,inscription,strat3,,ft,native,3.75,2.0,False,,,,,,,,,wiktionary:kaikki@2026-10-03,train
de,Wecker,m,alarm clock,alarm clock,strat3,,er,native,3.75,2.0,False,,,,,,,,,wiktionary:kaikki@2026-10-03,train
de,Kartoffel,f,potato,potato,strat3,,el,loan,3.74,3.0,False,,,,,,,,,wiktionary:kaikki@2026-10-03,train
de,Mikrofon,n,microphone,microphone,strat3,,on,loan,3.72,3.0,False,,,,,,,,,wiktionary:kaikki@2026-10-03,train
de,Muskel,m,muscle,muscle,strat3,,el,unknown,3.66,2.0,False,,,,,,,,,wiktionary:kaikki@2026-10-03,train
de,Ärmel,m,sleeve,sleeve,strat3,,el,native,3.64,3.0,False,,,,,,,,,wiktionary:kaikki@2026-10-03,train
de,Versicherer,m,insurer,insurer,strat3,,er,native,3.64,3.0,False,,,,,,,,,wiktionary:kaikki@2026-10-03,train
de,Finsternis,f,eclipse,eclipse (astronomy),strat3,,is,native,3.63,4.0,False,,,,,,,,,wiktionary:kaikki@2026-10-03,train
de,Kratzer,m,scratch,scratch,strat3,,er,native,3.62,3.0,False,,,,,,,,,wiktionary:kaikki@2026-10-03,train
de,Kaliber,n,calibre,calibre,strat3,,er,loan,3.62,2.0,False,,,,,,,,,wiktionary:kaikki@2026-10-03,train
de,Stecker,m,plug,plug (electrical plug),strat3,,er,native,3.61,2.0,False,,,,,,,,,wiktionary:kaikki@2026-10-03,train
de,Manöver,n,maneuver,maneuver,strat3,,er,loan,3.61,3.0,False,,,,,,,,,wiktionary:kaikki@2026-10-03,train
de,Kuppel,f,dome,dome (structural element resembling the hollow upper half of a sphere),strat3,,el,loan,3.6,3.0,False,,,,,,,,,wiktionary:kaikki@2026-10-03,train
de,Halter,m,agent noun of halten,agent noun of halten:,strat3,,er,native,3.59,2.0,False,,,,,,,,,wiktionary:kaikki@2026-10-03,train
de,Speer,m,spear,spear; javelin (a long stick thrown as a weapon or for sport),strat3,,er,native,3.58,2.0,False,,,,,,,,,wiktionary:kaikki@2026-10-03,train
de,Gletscher,m,glacier,glacier,strat3,,er,loan,3.58,3.0,False,,,,,,,,,wiktionary:kaikki@2026-10-03,train
de,Metapher,f,metaphor,metaphor,strat3,,er,loan,3.57,3.0,False,,,,,,,,,wiktionary:kaikki@2026-10-03,train
de,Sockel,m,base,base,strat3,,el,loan,3.56,3.0,False,,,,,,,,,wiktionary:kaikki@2026-10-03,train
de,Stiel,m,stalk,stalk (thin stem),strat3,,el,native,3.54,2.0,False,,,,,,,,,wiktionary:kaikki@2026-10-03,train
de,Strahl,m,beam,"beam, ray (e.g. of light)",strat3,,hl,native,3.54,2.0,False,,,,,,,,,wiktionary:kaikki@2026-10-03,train
de,Pinsel,m,paintbrush,paintbrush,strat3,,el,native,3.54,2.0,False,,,,,,,,,wiktionary:kaikki@2026-10-03,train
de,Klausel,f,term,"term (limitation, restriction or regulation)",strat3,,el,loan,3.54,2.0,False,,,,,,,,,wiktionary:kaikki@2026-10-03,train
de,Zwiebel,f,onion,"onion (typically Allium cepa, the plant or its bulb)",strat3,,el,native,3.53,3.0,False,,,,,,,,,wiktionary:kaikki@2026-10-03,train
de,Eifer,m,zeal,"zeal, eagerness, alacrity",strat3,,er,native,3.5,2.0,False,,,,,,,,,wiktionary:kaikki@2026-10-03,train
de,Vermächtnis,n,testamentary gift,"testamentary gift: bequest, devise, legacy",strat3,,is,native,3.49,4.0,False,,,,,,,,,wiktionary:kaikki@2026-10-03,train
de,Plädoyer,n,closing argument,closing argument,strat3,,er,loan,3.49,3.0,False,,,,,,,,,wiktionary:kaikki@2026-10-03,train
de,Walzer,m,waltz,waltz,strat3,,er,native,3.49,2.0,False,,,,,,,,,wiktionary:kaikki@2026-10-03,train
de,Pfeiler,m,pillar,pillar,strat3,,er,native,3.48,3.0,False,,,,,,,,,wiktionary:kaikki@2026-10-03,train
de,Kegel,m,skittle,"skittle, ninepin, bowling pin; pin",strat3,,el,native,3.46,3.0,False,,,,,,,,,wiktionary:kaikki@2026-10-03,train
de,Abwasser,n,wastewater,wastewater,strat3,,er,native,3.45,3.0,False,,,,,,,,,wiktionary:kaikki@2026-10-03,train
de,Knöchel,m,ankle,ankle,strat3,,el,native,3.44,4.0,False,,,,,,,,,wiktionary:kaikki@2026-10-03,train
de,Rudel,n,pack,"pack (of wolves, dogs, hyenas etc.)",strat3,,el,unknown,3.44,2.0,False,,,,,,,,,wiktionary:kaikki@2026-10-03,train
de,Hocker,m,stool,stool (of any height),strat3,,er,native,3.42,2.0,False,,,,,,,,,wiktionary:kaikki@2026-10-03,train
de,Zirkel,m,pair of compasses,"pair of compasses, compass (device to draw circles)",strat3,,el,native,3.4,3.0,False,,,,,,,,,wiktionary:kaikki@2026-10-03,train
de,Weiher,m,pond,pond,strat3,,er,native,3.4,2.0,False,,,,,,,,,wiktionary:kaikki@2026-10-03,train
de,Pickel,m,pickaxe,"pickaxe, icepick",strat3,,el,native,3.4,2.0,False,,,,,,,,,wiktionary:kaikki@2026-10-03,train
de,Unverständnis,n,incomprehension,incomprehension,strat3,,is,native,3.39,3.0,False,,,,,,,,,wiktionary:kaikki@2026-10-03,train
de,Nenner,m,denominator,denominator (the number or expression written below the line in a fraction),strat3,,er,native,3.39,3.0,False,,,,,,,,,wiktionary:kaikki@2026-10-03,train
de,Kluft,f,cleft,"cleft, fissure, joint",strat3,,ft,native,3.38,3.0,False,,,,,,,,,wiktionary:kaikki@2026-10-03,train
de,Eichel,f,acorn,acorn (fruit of an oak tree),strat3,,el,native,3.37,2.0,False,,,,,,,,,wiktionary:kaikki@2026-10-03,train
de,Vierer,m,something with a number,"something with a number, value or size of four",strat3,,er,native,3.37,3.0,False,,,,,,,,,wiktionary:kaikki@2026-10-03,train
de,Dampfer,m,steamer,"steamer (steamboat, steamship)",strat3,,er,native,3.35,3.0,False,,,,,,,,,wiktionary:kaikki@2026-10-03,train
de,Verstärker,m,amplifier,amplifier,strat3,,er,native,3.35,3.0,False,,,,,,,,,wiktionary:kaikki@2026-10-03,train
de,Benziner,m,car with a gasoline engine,a car with a gasoline engine (petrol engine),strat3,,er,native,3.35,2.0,False,,,,,,,,,wiktionary:kaikki@2026-10-03,train
de,Kanon,m,canon,canon (selection of texts considered accepted and/or authentic),strat3,,on,loan,3.34,2.0,False,,,,,,,,,wiktionary:kaikki@2026-10-03,train
de,Kittel,m,overall,"overall, smock; white coat",strat3,,el,native,3.34,2.0,False,,,,,,,,,wiktionary:kaikki@2026-10-03,train
de,Pegel,m,level,level (measurement of how high something is filled),strat3,,el,loan,3.33,2.0,False,,,,,,,,,wiktionary:kaikki@2026-10-03,train
de,Fackel,f,torch,torch,strat3,,el,native,3.33,3.0,False,,,,,,,,,wiktionary:kaikki@2026-10-03,train
de,Bohrer,m,agent noun of bohren,agent noun of bohren,strat3,,er,native,3.33,2.0,False,,,,,,,,,wiktionary:kaikki@2026-10-03,train
de,Verhängnis,n,fatality,"fatality, fate",strat3,,is,native,3.32,4.0,False,,,,,,,,,wiktionary:kaikki@2026-10-03,train
de,Debakel,n,debacle,debacle,strat3,,el,loan,3.32,3.0,False,,,,,,,,,wiktionary:kaikki@2026-10-03,train
de,Begräbnis,n,funeral,"funeral, burial",strat3,,is,native,3.32,5.0,False,,,,,,,,,wiktionary:kaikki@2026-10-03,train
de,Gruft,f,vault,"a vault, tomb, masoned grave; any kind, but especially one that is underground",strat3,,ft,native,3.31,3.0,False,,,,,,,,,wiktionary:kaikki@2026-10-03,train
de,Saat,f,seed,seed,strat3,,at,native,3.31,2.0,False,,,,,,,,,wiktionary:kaikki@2026-10-03,train
de,Bildnis,n,image,"image, portrait",strat3,,is,native,3.31,2.0,False,,,,,,,,,wiktionary:kaikki@2026-10-03,train
de,Böller,m,firecracker,firecracker,strat3,,er,native,3.3,3.0,False,,,,,,,,,wiktionary:kaikki@2026-10-03,train
de,Grat,m,ridge,ridge,strat3,,at,native,3.3,1.0,False,,,,,,,,,wiktionary:kaikki@2026-10-03,train
de,Befugnis,f,permission,"permission, authorization",strat3,,is,native,3.3,4.0,False,,,,,,,,,wiktionary:kaikki@2026-10-03,train
de,Ader,f,blood vessel,blood vessel,strat3,,er,native,3.29,2.0,False,,,,,,,,,wiktionary:kaikki@2026-10-03,train
de,Gurt,m,strap,"strap; belt (tough band, used for purposes other than being worn around the waist)",strat3,,rt,native,3.29,2.0,False,,,,,,,,,wiktionary:kaikki@2026-10-03,train
de,Anfahrt,f,approach by car,approach by car,strat3,,rt,native,3.28,4.0,False,,,,,,,,,wiktionary:kaikki@2026-10-03,train
de,Trockner,m,dryer,"dryer, any appliance for drying things, e.g. a dehumidifier",strat3,,er,native,3.27,3.0,False,,,,,,,,,wiktionary:kaikki@2026-10-03,train
de,Kürzel,n,abbreviation,abbreviation,strat3,,el,native,3.27,3.0,False,,,,,,,,,wiktionary:kaikki@2026-10-03,train
de,Kreisel,m,top,"top, spinning top (toy)",strat3,,el,native,3.24,2.0,False,,,,,,,,,wiktionary:kaikki@2026-10-03,train
de,Faser,f,fibre,fibre,strat3,,er,native,3.23,2.0,False,,,,,,,,,wiktionary:kaikki@2026-10-03,train
de,Knüppel,m,cudgel,cudgel,strat3,,el,loan,3.23,4.0,False,,,,,,,,,wiktionary:kaikki@2026-10-03,train
de,Trichter,m,funnel,funnel,strat3,,er,native,3.22,3.0,False,,,,,,,,,wiktionary:kaikki@2026-10-03,train
de,Feuerlöscher,m,fire extinguisher,fire extinguisher,strat3,,er,native,3.21,4.0,False,,,,,,,,,wiktionary:kaikki@2026-10-03,train
de,Frachter,m,freight ship,freight ship,strat3,,er,native,3.19,3.0,False,,,,,,,,,wiktionary:kaikki@2026-10-03,train
de,Krümel,m,crumb,"crumb (small broken-off piece, particularly of bread)",strat3,,el,native,3.18,3.0,False,,,,,,,,,wiktionary:kaikki@2026-10-03,train
de,Zehner,m,ten,"ten (the number, or something having a value of ten)",strat3,,er,native,3.17,3.0,False,,,,,,,,,wiktionary:kaikki@2026-10-03,train
de,Dreher,m,agent noun of drehen,agent noun of drehen; turner,strat3,,er,native,3.17,2.0,False,,,,,,,,,wiktionary:kaikki@2026-10-03,train
de,Ärgernis,n,nuisance,"nuisance, annoyance",strat3,,is,native,3.17,4.0,False,,,,,,,,,wiktionary:kaikki@2026-10-03,train
de,Blinker,m,indicator,"indicator (UK, Australia, New Zealand), turn signal (US), blinker (informal, US), direction indicator",strat3,,er,native,3.17,2.0,False,,,,,,,,,wiktionary:kaikki@2026-10-03,train
de,Überbleibsel,n,remnant,"remnant, relic, relict",strat3,,el,native,3.17,4.0,False,,,,,,,,,wiktionary:kaikki@2026-10-03,train
de,Waggon,m,railway wagon,"railway wagon, railroad car",strat3,,on,loan,3.16,2.0,False,,,,,,,,,wiktionary:kaikki@2026-10-03,train
de,Stachel,m,spike,"spike, sting, barb, prick",strat3,,el,native,3.16,2.0,False,,,,,,,,,wiktionary:kaikki@2026-10-03,train
de,Pfahl,m,stake,"stake, picket, pale",strat3,,hl,native,3.14,2.0,False,,,,,,,,,wiktionary:kaikki@2026-10-03,train
de,Paradoxon,n,paradox,paradox,strat3,,on,loan,3.14,3.0,False,,,,,,,,,wiktionary:kaikki@2026-10-03,train
de,Vehikel,n,vehicle,vehicle (medium for expression of talent or views),strat3,,el,loan,3.13,3.0,False,,,,,,,,,wiktionary:kaikki@2026-10-03,train
de,Abschrift,f,transcript,transcript,strat3,,ft,native,3.12,2.0,False,,,,,,,,,wiktionary:kaikki@2026-10-03,train
de,Drücker,m,door handle,door handle,strat3,,er,native,3.11,3.0,False,,,,,,,,,wiktionary:kaikki@2026-10-03,train
de,Sichel,f,sickle,sickle,strat3,,el,native,3.11,2.0,False,,,,,,,,,wiktionary:kaikki@2026-10-03,train
de,Speichel,m,saliva,saliva,strat3,,el,native,3.1,2.0,False,,,,,,,,,wiktionary:kaikki@2026-10-03,train
de,Äther,m,ether,ether (all senses),strat3,,er,loan,3.1,2.0,False,,,,,,,,,wiktionary:kaikki@2026-10-03,train
de,Scheitel,m,parting,parting,strat3,,el,native,3.1,2.0,False,,,,,,,,,wiktionary:kaikki@2026-10-03,train
de,Gondel,f,gondola,gondola,strat3,,el,loan,3.08,3.0,False,,,,,,,,,wiktionary:kaikki@2026-10-03,train
de,Spritzer,m,splash,"splash, spatter",strat3,,er,native,3.06,2.0,False,,,,,,,,,wiktionary:kaikki@2026-10-03,train
de,Rasierer,m,agent noun of rasieren,agent noun of rasieren,strat3,,er,native,3.05,3.0,False,,,,,,,,,wiktionary:kaikki@2026-10-03,train
de,Wagnis,n,risky adventure,risky adventure,strat3,,is,native,3.04,3.0,False,,,,,,,,,wiktionary:kaikki@2026-10-03,train
de,Fünfer,m,fiver,"fiver, banknote with the value of five (e.g. five euro)",strat3,,er,native,3.04,3.0,False,,,,,,,,,wiktionary:kaikki@2026-10-03,train
de,Plattenspieler,m,record player,record player,strat3,,er,native,3.03,4.0,False,,,,,,,,,wiktionary:kaikki@2026-10-03,train
de,Medaillon,n,medallion,"medallion, locket (a metallic pendant to store a small item)",strat3,,on,loan,3.02,3.0,False,,,,,,,,,wiktionary:kaikki@2026-10-03,train
de,Fabel,f,fable,fable,strat3,,el,native,3.02,2.0,False,,,,,,,,,wiktionary:kaikki@2026-10-03,train
de,Leuchter,m,candlestick,"candlestick, sconce",strat3,,er,native,3.01,3.0,False,,,,,,,,,wiktionary:kaikki@2026-10-03,train
de,Parabel,f,parable,parable,strat3,,el,unknown,3.01,2.0,False,,,,,,,,,wiktionary:kaikki@2026-10-03,train
de,Widerstandskämpfer,m,resistor,"resistor, (person who fights to resist against something)",strat3,,er,native,3.01,6.0,False,,,,,,,,,wiktionary:kaikki@2026-10-03,train
de,Wasserkocher,m,electric kettle,electric kettle,strat3,,er,native,3.01,4.0,False,,,,,,,,,wiktionary:kaikki@2026-10-03,train
de,Sechser,m,something with a number,"something with a number, value or size of six",strat3,,er,native,2.97,3.0,False,,,,,,,,,wiktionary:kaikki@2026-10-03,train
de,Höcker,m,hump,hump (especially on a camel etc.),strat3,,er,native,2.96,2.0,False,,,,,,,,,wiktionary:kaikki@2026-10-03,train
de,Lutscher,m,lollipop,"lollipop, lolly",strat3,,er,native,2.95,3.0,False,,,,,,,,,wiktionary:kaikki@2026-10-03,train
de,Wimper,f,eyelash,eyelash,strat3,,er,native,2.95,3.0,False,,,,,,,,,wiktionary:kaikki@2026-10-03,train
de,Anhängsel,n,appendage,"appendage, attachment",strat3,,el,native,2.94,4.0,False,,,,,,,,,wiktionary:kaikki@2026-10-03,train
de,Katheter,m,catheter,catheter (small tube inserted into a body cavity),strat3,,er,loan,2.93,2.0,False,,,,,,,,,wiktionary:kaikki@2026-10-03,train
de,Heber,m,agent noun of heben,agent noun of heben:,strat3,,er,native,2.93,2.0,False,,,,,,,,,wiktionary:kaikki@2026-10-03,train
de,Knorpel,m,cartilage,cartilage,strat3,,el,native,2.92,3.0,False,,,,,,,,,wiktionary:kaikki@2026-10-03,train
de,Umschrift,f,transcription,transcription; transliteration,strat3,,ft,native,2.91,3.0,False,,,,,,,,,wiktionary:kaikki@2026-10-03,train
de,Krempel,m,junk,"junk, stuff",strat3,,el,unknown,2.91,3.0,False,,,,,,,,,wiktionary:kaikki@2026-10-03,train
de,Kopierer,m,copier,copier (a machine that copies),strat3,,er,native,2.89,3.0,False,,,,,,,,,wiktionary:kaikki@2026-10-03,train
de,Tümpel,m,shallow pond,"shallow pond, pool",strat3,,el,native,2.88,4.0,False,,,,,,,,,wiktionary:kaikki@2026-10-03,train
de,Zobel,m,sable,sable (Martes zibellina),strat3,,el,native,2.86,2.0,False,,,,,,,,,wiktionary:kaikki@2026-10-03,train
de,Mitbringsel,n,small present brought by a guest or someone returning from a journey,a small present brought by a guest or someone returning from a journey,strat3,,el,native,2.86,4.0,False,,,,,,,,,wiktionary:kaikki@2026-10-03,train
de,Vaterunser,n,lord's prayer,Lord's Prayer; Our Father; paternoster (prayer that Jesus taught his disciples),strat3,,er,native,2.84,4.0,False,,,,,,,,,wiktionary:kaikki@2026-10-03,train
de,Kehrer,m,agent noun of kehren,agent noun of kehren,strat3,,er,native,2.82,3.0,False,,,,,,,,,wiktionary:kaikki@2026-10-03,train
de,Zahnstocher,m,toothpick,toothpick,strat3,,er,native,2.82,5.0,False,,,,,,,,,wiktionary:kaikki@2026-10-03,train
de,Poller,m,bollard,"bollard (short post or pole, typically used to prevent vehicle access)",strat3,,er,loan,2.81,2.0,False,,,,,,,,,wiktionary:kaikki@2026-10-03,train
de,Wandler,m,transducer,transducer (device that converts energy from one form to another),strat3,,er,native,2.8,2.0,False,,,,,,,,,wiktionary:kaikki@2026-10-03,train
de,Fäulnis,f,rot,rot,strat3,,is,native,2.78,4.0,False,,,,,,,,,wiktionary:kaikki@2026-10-03,train
de,Gatter,n,gate,gate,strat3,,er,native,2.78,2.0,False,,,,,,,,,wiktionary:kaikki@2026-10-03,train
de,Behältnis,n,container,"container, vessel, vat",strat3,,is,native,2.73,4.0,False,,,,,,,,,wiktionary:kaikki@2026-10-03,train
de,Kipper,m,dumper,"dumper, tipper lorry",strat3,,er,native,2.73,3.0,False,,,,,,,,,wiktionary:kaikki@2026-10-03,train
de,Akkuschrauber,m,cordless drill,cordless drill,strat3,,er,native,2.72,5.0,False,,,,,,,,,wiktionary:kaikki@2026-10-03,train
de,Wachtel,f,quail,quail,strat3,,el,native,2.7,3.0,False,,,,,,,,,wiktionary:kaikki@2026-10-03,train
de,Hobel,m,anything that abrades a surface,"anything that abrades a surface, such as – particularly – a plane, a grater or slicer, a spokeshave, a safety razor",strat3,,el,native,2.7,2.0,False,,,,,,,,,wiktionary:kaikki@2026-10-03,train
de,Klinker,m,clinker,clinker (very hard brick),strat3,,er,loan,2.68,3.0,False,,,,,,,,,wiktionary:kaikki@2026-10-03,train
de,Vorkommnis,n,incident,incident (anything noteworthy happening that goes beyond pure routine),strat3,,is,native,2.67,4.0,False,,,,,,,,,wiktionary:kaikki@2026-10-03,train
de,Hyperbel,f,hyperbole,hyperbole,strat3,,el,unknown,2.66,2.0,False,,,,,,,,,wiktionary:kaikki@2026-10-03,train
de,Zuspiel,n,pass,pass,strat3,,el,unknown,2.66,2.0,False,,,,,,,,,wiktionary:kaikki@2026-10-03,train
de,Unvernunft,f,irrationality,"irrationality, unreason",strat3,,ft,native,2.66,3.0,False,,,,,,,,,wiktionary:kaikki@2026-10-03,train
de,Erzeugnis,n,product,"product, manufacture, commodity, produce",strat3,,is,native,2.64,3.0,False,,,,,,,,,wiktionary:kaikki@2026-10-03,train
de,Mieder,n,bodice,bodice,strat3,,er,native,2.61,2.0,False,,,,,,,,,wiktionary:kaikki@2026-10-03,train
de,Wiederkunft,f,second coming,second coming,strat3,,ft,native,2.6,4.0,False,,,,,,,,,wiktionary:kaikki@2026-10-03,train
de,Meiler,m,earth mound kiln,"an earth mound kiln, a clamp (an improvised structure built by covering stacked materials with a layer of earth in order to control the combustion intensity).",strat3,,er,native,2.55,2.0,False,,,,,,,,,wiktionary:kaikki@2026-10-03,train
de,Hüpfer,m,hop,"a hop, an instance of hopping, little jump",strat3,,er,native,2.55,3.0,False,,,,,,,,,wiktionary:kaikki@2026-10-03,train
de,Elixier,n,potion,potion (liquid which is medicinal and/or magical),strat3,,er,loan,2.54,3.0,False,,,,,,,,,wiktionary:kaikki@2026-10-03,train
de,Unzahl,f,immense number,immense number; myriad,strat3,,hl,native,2.51,2.0,False,,,,,,,,,wiktionary:kaikki@2026-10-03,train
de,Rohrkrepierer,m,barrel burst,barrel burst (detonation of munitions while still in the barrel of the weapon),strat3,,er,native,2.49,5.0,False,,,,,,,,,wiktionary:kaikki@2026-10-03,train
de,Analogon,n,analogue,"analogue (something that is analogous, bears an analogy)",strat3,,on,loan,2.49,2.0,False,,,,,,,,,wiktionary:kaikki@2026-10-03,train
de,Abluft,f,exhaust air,"exhaust air, used air",strat3,,ft,native,2.48,3.0,False,,,,,,,,,wiktionary:kaikki@2026-10-03,train
de,Stößel,m,pestle,pestle,strat3,,el,native,2.47,4.0,False,,,,,,,,,wiktionary:kaikki@2026-10-03,train
de,Senkel,m,lace,lace,strat3,,el,native,2.45,2.0,False,,,,,,,,,wiktionary:kaikki@2026-10-03,train
de,Schemel,m,footstool,footstool,strat3,,el,native,2.42,3.0,False,,,,,,,,,wiktionary:kaikki@2026-10-03,train
de,Zwicker,m,pince-nez,pince-nez,strat3,,er,native,2.4,2.0,False,,,,,,,,,wiktionary:kaikki@2026-10-03,train
de,Schlenzer,m,curler,"curler, scoop (pass or a shot of the ball which swerves)",strat3,,er,native,2.37,3.0,False,,,,,,,,,wiktionary:kaikki@2026-10-03,train
de,Dirigat,n,direction of an orchestra or choir,the direction of an orchestra or choir,strat3,,at,native,2.36,3.0,False,,,,,,,,,wiktionary:kaikki@2026-10-03,train
de,Etter,m,fence,fence,strat3,,er,native,2.3,2.0,False,,,,,,,,,wiktionary:kaikki@2026-10-03,train
de,Wipfel,m,treetop,treetop,strat3,,el,native,2.27,3.0,False,,,,,,,,,wiktionary:kaikki@2026-10-03,train
de,Epithel,n,epithelium,epithelium,strat3,,el,loan,2.25,3.0,False,,,,,,,,,wiktionary:kaikki@2026-10-03,train
de,Graser,m,tongue,"tongue (of a deer, chamois, mouflon, etc.)",strat3,,er,native,2.22,2.0,False,,,,,,,,,wiktionary:kaikki@2026-10-03,train
de,Stichel,m,burin,burin (prehistoric chisel),strat3,,el,native,2.21,2.0,False,,,,,,,,,wiktionary:kaikki@2026-10-03,train
de,Wasserspeier,m,gargoyle,"gargoyle, waterspout",strat3,,er,native,2.2,4.0,False,,,,,,,,,wiktionary:kaikki@2026-10-03,train
de,Treber,m,residue mass from making beer or brandy,"residue mass from making beer or brandy, draff, marc, pomace",strat3,,er,native,2.11,2.0,False,,,,,,,,,wiktionary:kaikki@2026-10-03,train
de,Winker,m,indicator,"indicator, blinker",strat3,,er,native,2.05,2.0,False,,,,,,,,,wiktionary:kaikki@2026-10-03,train
de,Pfannenwender,m,spatula,spatula (kitchen utensil),strat3,,er,native,2.02,5.0,False,,,,,,,,,wiktionary:kaikki@2026-10-03,train
de,Grat,m,ridge,ridge,matched3,,at,native,3.3,1.0,False,,,,,,,,,wiktionary:kaikki@2026-10-03,train
de,Saat,f,seed,seed,matched3,,at,native,3.31,2.0,False,,,,,,,,,wiktionary:kaikki@2026-10-03,train
de,Dirigat,n,direction of an orchestra or choir,the direction of an orchestra or choir,matched3,,at,native,2.36,3.0,False,,,,,,,,,wiktionary:kaikki@2026-10-03,train
de,Knüppel,m,cudgel,cudgel,matched3,,el,loan,3.23,4.0,False,,,,,,,,,wiktionary:kaikki@2026-10-03,train
de,Pegel,m,level,level (measurement of how high something is filled),matched3,,el,loan,3.33,2.0,False,,,,,,,,,wiktionary:kaikki@2026-10-03,train
de,Sockel,m,base,base,matched3,,el,loan,3.56,3.0,False,,,,,,,,,wiktionary:kaikki@2026-10-03,train
de,Klausel,f,term,"term (limitation, restriction or regulation)",matched3,,el,loan,3.54,2.0,False,,,,,,,,,wiktionary:kaikki@2026-10-03,train
de,Gondel,f,gondola,gondola,matched3,,el,loan,3.08,3.0,False,,,,,,,,,wiktionary:kaikki@2026-10-03,train
de,Kuppel,f,dome,dome (structural element resembling the hollow upper half of a sphere),matched3,,el,loan,3.6,3.0,False,,,,,,,,,wiktionary:kaikki@2026-10-03,train
de,Vehikel,n,vehicle,vehicle (medium for expression of talent or views),matched3,,el,loan,3.13,3.0,False,,,,,,,,,wiktionary:kaikki@2026-10-03,train
de,Epithel,n,epithelium,epithelium,matched3,,el,loan,2.25,3.0,False,,,,,,,,,wiktionary:kaikki@2026-10-03,train
de,Debakel,n,debacle,debacle,matched3,,el,loan,3.32,3.0,False,,,,,,,,,wiktionary:kaikki@2026-10-03,train
de,Hügel,m,hill,hill,matched3,,el,native,4.07,2.0,False,,,,,,,,,wiktionary:kaikki@2026-10-03,train
de,Schemel,m,footstool,footstool,matched3,,el,native,2.42,3.0,False,,,,,,,,,wiktionary:kaikki@2026-10-03,train
de,Krümel,m,crumb,"crumb (small broken-off piece, particularly of bread)",matched3,,el,native,3.18,3.0,False,,,,,,,,,wiktionary:kaikki@2026-10-03,train
de,Scheitel,m,parting,parting,matched3,,el,native,3.1,2.0,False,,,,,,,,,wiktionary:kaikki@2026-10-03,train
de,Ärmel,m,sleeve,sleeve,matched3,,el,native,3.64,3.0,False,,,,,,,,,wiktionary:kaikki@2026-10-03,train
de,Fabel,f,fable,fable,matched3,,el,native,3.02,2.0,False,,,,,,,,,wiktionary:kaikki@2026-10-03,train
de,Nadel,f,needle,"needle; hook (implement for sewing, knitting, or crocheting)",matched3,,el,native,3.77,2.0,False,,,,,,,,,wiktionary:kaikki@2026-10-03,train
de,Bibel,f,bible,"Bible, bible",matched3,,el,native,4.32,2.0,False,,,,,,,,,wiktionary:kaikki@2026-10-03,train
de,Eichel,f,acorn,acorn (fruit of an oak tree),matched3,,el,native,3.37,2.0,False,,,,,,,,,wiktionary:kaikki@2026-10-03,train
de,Wachtel,f,quail,quail,matched3,,el,native,2.7,3.0,False,,,,,,,,,wiktionary:kaikki@2026-10-03,train
de,Überbleibsel,n,remnant,"remnant, relic, relict",matched3,,el,native,3.17,4.0,False,,,,,,,,,wiktionary:kaikki@2026-10-03,train
de,Kapitel,n,chapter,chapter (section of a text),matched3,,el,native,4.44,2.0,False,,,,,,,,,wiktionary:kaikki@2026-10-03,train
de,Kürzel,n,abbreviation,abbreviation,matched3,,el,native,3.27,3.0,False,,,,,,,,,wiktionary:kaikki@2026-10-03,train
de,Anhängsel,n,appendage,"appendage, attachment",matched3,,el,native,2.94,4.0,False,,,,,,,,,wiktionary:kaikki@2026-10-03,train
de,Mitbringsel,n,small present brought by a guest or someone returning from a journey,a small present brought by a guest or someone returning from a journey,matched3,,el,native,2.86,4.0,False,,,,,,,,,wiktionary:kaikki@2026-10-03,train
de,Krempel,m,junk,"junk, stuff",matched3,,el,unknown,2.91,3.0,False,,,,,,,,,wiktionary:kaikki@2026-10-03,train
de,Muskel,m,muscle,muscle,matched3,,el,unknown,3.66,2.0,False,,,,,,,,,wiktionary:kaikki@2026-10-03,train
de,Hyperbel,f,hyperbole,hyperbole,matched3,,el,unknown,2.66,2.0,False,,,,,,,,,wiktionary:kaikki@2026-10-03,train
de,Parabel,f,parable,parable,matched3,,el,unknown,3.01,2.0,False,,,,,,,,,wiktionary:kaikki@2026-10-03,train
de,Zuspiel,n,pass,pass,matched3,,el,unknown,2.66,2.0,False,,,,,,,,,wiktionary:kaikki@2026-10-03,train
de,Rudel,n,pack,"pack (of wolves, dogs, hyenas etc.)",matched3,,el,unknown,3.44,2.0,False,,,,,,,,,wiktionary:kaikki@2026-10-03,train
de,Klinker,m,clinker,clinker (very hard brick),matched3,,er,loan,2.68,3.0,False,,,,,,,,,wiktionary:kaikki@2026-10-03,train
de,Äther,m,ether,ether (all senses),matched3,,er,loan,3.1,2.0,False,,,,,,,,,wiktionary:kaikki@2026-10-03,train
de,Metapher,f,metaphor,metaphor,matched3,,er,loan,3.57,3.0,False,,,,,,,,,wiktionary:kaikki@2026-10-03,train
de,Oper,f,opera,"opera (theatrical work, combining drama, music, song and sometimes dance)",matched3,,er,loan,4.24,1.0,False,,,,,,,,,wiktionary:kaikki@2026-10-03,train
de,Elixier,n,potion,potion (liquid which is medicinal and/or magical),matched3,,er,loan,2.54,3.0,False,,,,,,,,,wiktionary:kaikki@2026-10-03,train
de,Massaker,n,massacre,massacre,matched3,,er,loan,3.78,2.0,False,,,,,,,,,wiktionary:kaikki@2026-10-03,train
de,Trichter,m,funnel,funnel,matched3,,er,native,3.22,3.0,False,,,,,,,,,wiktionary:kaikki@2026-10-03,train
de,Fünfer,m,fiver,"fiver, banknote with the value of five (e.g. five euro)",matched3,,er,native,3.04,3.0,False,,,,,,,,,wiktionary:kaikki@2026-10-03,train
de,Pfannenwender,m,spatula,spatula (kitchen utensil),matched3,,er,native,2.02,5.0,False,,,,,,,,,wiktionary:kaikki@2026-10-03,train
de,Frachter,m,freight ship,freight ship,matched3,,er,native,3.19,3.0,False,,,,,,,,,wiktionary:kaikki@2026-10-03,train
de,Faser,f,fibre,fibre,matched3,,er,native,3.23,2.0,False,,,,,,,,,wiktionary:kaikki@2026-10-03,train
de,Wimper,f,eyelash,eyelash,matched3,,er,native,2.95,3.0,False,,,,,,,,,wiktionary:kaikki@2026-10-03,train
de,Ader,f,blood vessel,blood vessel,matched3,,er,native,3.29,2.0,False,,,,,,,,,wiktionary:kaikki@2026-10-03,train
de,Kammer,f,chamber,chamber; room,matched3,,er,native,4.18,2.0,False,,,,,,,,,wiktionary:kaikki@2026-10-03,train
de,Gitter,n,lattice,"lattice, grid, mesh (of metal), grating, bars",matched3,,er,native,3.77,2.0,False,,,,,,,,,wiktionary:kaikki@2026-10-03,train
de,Heer,n,army,army (ground forces),matched3,,er,native,4.09,2.0,False,,,,,,,,,wiktionary:kaikki@2026-10-03,train
de,Ufer,n,shore,"shore, shoreline",matched3,,er,native,4.22,2.0,False,,,,,,,,,wiktionary:kaikki@2026-10-03,train
de,Vaterunser,n,lord's prayer,Lord's Prayer; Our Father; paternoster (prayer that Jesus taught his disciples),matched3,,er,native,2.84,4.0,False,,,,,,,,,wiktionary:kaikki@2026-10-03,train
de,Duft,m,aroma,"aroma, fragrance",matched3,,ft,native,3.88,2.0,False,,,,,,,,,wiktionary:kaikki@2026-10-03,train
de,Gruft,f,vault,"a vault, tomb, masoned grave; any kind, but especially one that is underground",matched3,,ft,native,3.31,3.0,False,,,,,,,,,wiktionary:kaikki@2026-10-03,train
de,Heft,n,notebook,"notebook, writing booklet, cahier, composition book (book in which notes or memoranda are written)",matched3,,ft,native,4.33,2.0,False,,,,,,,,,wiktionary:kaikki@2026-10-03,train
de,Pfahl,m,stake,"stake, picket, pale",matched3,,hl,native,3.14,2.0,False,,,,,,,,,wiktionary:kaikki@2026-10-03,train
de,Unzahl,f,immense number,immense number; myriad,matched3,,hl,native,2.51,2.0,False,,,,,,,,,wiktionary:kaikki@2026-10-03,train
de,Mehl,n,flour,flour; meal (ground cereal),matched3,,hl,native,3.83,2.0,False,,,,,,,,,wiktionary:kaikki@2026-10-03,train
de,Kreis,m,circle,circle,matched3,,is,native,5.0,2.0,False,,,,,,,,,wiktionary:kaikki@2026-10-03,train
de,Befugnis,f,permission,"permission, authorization",matched3,,is,native,3.3,4.0,False,,,,,,,,,wiktionary:kaikki@2026-10-03,train
de,Vorkommnis,n,incident,incident (anything noteworthy happening that goes beyond pure routine),matched3,,is,native,2.67,4.0,False,,,,,,,,,wiktionary:kaikki@2026-10-03,train
de,Kanon,m,canon,canon (selection of texts considered accepted and/or authentic),matched3,,on,loan,3.34,2.0,False,,,,,,,,,wiktionary:kaikki@2026-10-03,train
de,Saison,f,season,season (a part of a year when something particular happens),matched3,,on,loan,5.05,2.0,False,,,,,,,,,wiktionary:kaikki@2026-10-03,train
de,Medaillon,n,medallion,"medallion, locket (a metallic pendant to store a small item)",matched3,,on,loan,3.02,3.0,False,,,,,,,,,wiktionary:kaikki@2026-10-03,train
de,Gurt,m,strap,"strap; belt (tough band, used for purposes other than being worn around the waist)",matched3,,rt,native,3.29,2.0,False,,,,,,,,,wiktionary:kaikki@2026-10-03,train
de,Anfahrt,f,approach by car,approach by car,matched3,,rt,native,3.28,4.0,False,,,,,,,,,wiktionary:kaikki@2026-10-03,train
de,Wort,n,word as an isolated unit,word as an isolated unit,matched3,,rt,native,5.22,1.0,False,,,,,,,,,wiktionary:kaikki@2026-10-03,train
de,Skandal,m,scandal,scandal,matched3_end,,al,loan,4.23,2.0,False,,,,,,,,,wiktionary:kaikki@2026-10-03,train
de,Qual,f,agony,"agony, anguish, torment, torture (that one suffers)",matched3_end,,al,native,3.77,1.0,False,,,,,,,,,wiktionary:kaikki@2026-10-03,train
de,Areal,n,area,"area, plot (pocket of land)",matched3_end,,al,loan,3.88,2.0,False,,,,,,,,,wiktionary:kaikki@2026-10-03,train
de,Grat,m,ridge,ridge,matched3_end,,at,native,3.3,1.0,False,,,,,,,,,wiktionary:kaikki@2026-10-03,train
de,Saat,f,seed,seed,matched3_end,,at,native,3.31,2.0,False,,,,,,,,,wiktionary:kaikki@2026-10-03,train
de,Dirigat,n,direction of an orchestra or choir,the direction of an orchestra or choir,matched3_end,,at,native,2.36,3.0,False,,,,,,,,,wiktionary:kaikki@2026-10-03,train
de,Knöchel,m,ankle,ankle,matched3_end,,el,native,3.44,4.0,False,,,,,,,,,wiktionary:kaikki@2026-10-03,train
de,Knorpel,m,cartilage,cartilage,matched3_end,,el,native,2.92,3.0,False,,,,,,,,,wiktionary:kaikki@2026-10-03,train
de,Kegel,m,skittle,"skittle, ninepin, bowling pin; pin",matched3_end,,el,native,3.46,3.0,False,,,,,,,,,wiktionary:kaikki@2026-10-03,train
de,Hügel,m,hill,hill,matched3_end,,el,native,4.07,2.0,False,,,,,,,,,wiktionary:kaikki@2026-10-03,train
de,Kreisel,m,top,"top, spinning top (toy)",matched3_end,,el,native,3.24,2.0,False,,,,,,,,,wiktionary:kaikki@2026-10-03,train
de,Kittel,m,overall,"overall, smock; white coat",matched3_end,,el,native,3.34,2.0,False,,,,,,,,,wiktionary:kaikki@2026-10-03,train
de,Senkel,m,lace,lace,matched3_end,,el,native,2.45,2.0,False,,,,,,,,,wiktionary:kaikki@2026-10-03,train
de,Hobel,m,anything that abrades a surface,"anything that abrades a surface, such as – particularly – a plane, a grater or slicer, a spokeshave, a safety razor",matched3_end,,el,native,2.7,2.0,False,,,,,,,,,wiktionary:kaikki@2026-10-03,train
de,Speichel,m,saliva,saliva,matched3_end,,el,native,3.1,2.0,False,,,,,,,,,wiktionary:kaikki@2026-10-03,train
de,Pickel,m,pickaxe,"pickaxe, icepick",matched3_end,,el,native,3.4,2.0,False,,,,,,,,,wiktionary:kaikki@2026-10-03,train
de,Tümpel,m,shallow pond,"shallow pond, pool",matched3_end,,el,native,2.88,4.0,False,,,,,,,,,wiktionary:kaikki@2026-10-03,train
de,Bibel,f,bible,"Bible, bible",matched3_end,,el,native,4.32,2.0,False,,,,,,,,,wiktionary:kaikki@2026-10-03,train
de,Zwiebel,f,onion,"onion (typically Allium cepa, the plant or its bulb)",matched3_end,,el,native,3.53,3.0,False,,,,,,,,,wiktionary:kaikki@2026-10-03,train
de,Fackel,f,torch,torch,matched3_end,,el,native,3.33,3.0,False,,,,,,,,,wiktionary:kaikki@2026-10-03,train
de,Sichel,f,sickle,sickle,matched3_end,,el,native,3.11,2.0,False,,,,,,,,,wiktionary:kaikki@2026-10-03,train
de,Hyperbel,f,hyperbole,hyperbole,matched3_end,,el,unknown,2.66,2.0,False,,,,,,,,,wiktionary:kaikki@2026-10-03,train
de,Kuppel,f,dome,dome (structural element resembling the hollow upper half of a sphere),matched3_end,,el,loan,3.6,3.0,False,,,,,,,,,wiktionary:kaikki@2026-10-03,train
de,Nadel,f,needle,"needle; hook (implement for sewing, knitting, or crocheting)",matched3_end,,el,native,3.77,2.0,False,,,,,,,,,wiktionary:kaikki@2026-10-03,train
de,Wachtel,f,quail,quail,matched3_end,,el,native,2.7,3.0,False,,,,,,,,,wiktionary:kaikki@2026-10-03,train
de,Gondel,f,gondola,gondola,matched3_end,,el,loan,3.08,3.0,False,,,,,,,,,wiktionary:kaikki@2026-10-03,train
de,Eichel,f,acorn,acorn (fruit of an oak tree),matched3_end,,el,native,3.37,2.0,False,,,,,,,,,wiktionary:kaikki@2026-10-03,train
de,Fabel,f,fable,fable,matched3_end,,el,native,3.02,2.0,False,,,,,,,,,wiktionary:kaikki@2026-10-03,train
de,Kürzel,n,abbreviation,abbreviation,matched3_end,,el,native,3.27,3.0,False,,,,,,,,,wiktionary:kaikki@2026-10-03,train
de,Zuspiel,n,pass,pass,matched3_end,,el,unknown,2.66,2.0,False,,,,,,,,,wiktionary:kaikki@2026-10-03,train
de,Rudel,n,pack,"pack (of wolves, dogs, hyenas etc.)",matched3_end,,el,unknown,3.44,2.0,False,,,,,,,,,wiktionary:kaikki@2026-10-03,train
de,Epithel,n,epithelium,epithelium,matched3_end,,el,loan,2.25,3.0,False,,,,,,,,,wiktionary:kaikki@2026-10-03,train
de,Vehikel,n,vehicle,vehicle (medium for expression of talent or views),matched3_end,,el,loan,3.13,3.0,False,,,,,,,,,wiktionary:kaikki@2026-10-03,train
de,Möbel,n,piece of furniture,piece of furniture,matched3_end,,el,loan,4.07,2.0,False,,,,,,,,,wiktionary:kaikki@2026-10-03,train
de,Anhängsel,n,appendage,"appendage, attachment",matched3_end,,el,native,2.94,4.0,False,,,,,,,,,wiktionary:kaikki@2026-10-03,train
de,Mitbringsel,n,small present brought by a guest or someone returning from a journey,a small present brought by a guest or someone returning from a journey,matched3_end,,el,native,2.86,4.0,False,,,,,,,,,wiktionary:kaikki@2026-10-03,train
de,Debakel,n,debacle,debacle,matched3_end,,el,loan,3.32,3.0,False,,,,,,,,,wiktionary:kaikki@2026-10-03,train
de,Kapitel,n,chapter,chapter (section of a text),matched3_end,,el,native,4.44,2.0,False,,,,,,,,,wiktionary:kaikki@2026-10-03,train
de,Überbleibsel,n,remnant,"remnant, relic, relict",matched3_end,,el,native,3.17,4.0,False,,,,,,,,,wiktionary:kaikki@2026-10-03,train
de,Puffer,m,cushion,cushion,matched3_end,,er,unknown,3.31,2.0,False,,,,,,,,,wiktionary:kaikki@2026-10-03,train
de,Lutscher,m,lollipop,"lollipop, lolly",matched3_end,,er,native,2.95,3.0,False,,,,,,,,,wiktionary:kaikki@2026-10-03,train
de,Äther,m,ether,ether (all senses),matched3_end,,er,loan,3.1,2.0,False,,,,,,,,,wiktionary:kaikki@2026-10-03,train
de,Poller,m,bollard,"bollard (short post or pole, typically used to prevent vehicle access)",matched3_end,,er,loan,2.81,2.0,False,,,,,,,,,wiktionary:kaikki@2026-10-03,train
de,Weiher,m,pond,pond,matched3_end,,er,native,3.4,2.0,False,,,,,,,,,wiktionary:kaikki@2026-10-03,train
de,Zehner,m,ten,"ten (the number, or something having a value of ten)",matched3_end,,er,native,3.17,3.0,False,,,,,,,,,wiktionary:kaikki@2026-10-03,train
de,Wimper,f,eyelash,eyelash,matched3_end,,er,native,2.95,3.0,False,,,,,,,,,wiktionary:kaikki@2026-10-03,train
de,Metapher,f,metaphor,metaphor,matched3_end,,er,loan,3.57,3.0,False,,,,,,,,,wiktionary:kaikki@2026-10-03,train
de,Kammer,f,chamber,chamber; room,matched3_end,,er,native,4.18,2.0,False,,,,,,,,,wiktionary:kaikki@2026-10-03,train
de,Ader,f,blood vessel,blood vessel,matched3_end,,er,native,3.29,2.0,False,,,,,,,,,wiktionary:kaikki@2026-10-03,train
de,Oper,f,opera,"opera (theatrical work, combining drama, music, song and sometimes dance)",matched3_end,,er,loan,4.24,1.0,False,,,,,,,,,wiktionary:kaikki@2026-10-03,train
de,Faser,f,fibre,fibre,matched3_end,,er,native,3.23,2.0,False,,,,,,,,,wiktionary:kaikki@2026-10-03,train
de,Elixier,n,potion,potion (liquid which is medicinal and/or magical),matched3_end,,er,loan,2.54,3.0,False,,,,,,,,,wiktionary:kaikki@2026-10-03,train
de,Massaker,n,massacre,massacre,matched3_end,,er,loan,3.78,2.0,False,,,,,,,,,wiktionary:kaikki@2026-10-03,train
de,Manöver,n,maneuver,maneuver,matched3_end,,er,loan,3.61,3.0,False,,,,,,,,,wiktionary:kaikki@2026-10-03,train
de,Kaliber,n,calibre,calibre,matched3_end,,er,loan,3.62,2.0,False,,,,,,,,,wiktionary:kaikki@2026-10-03,train
de,Meer,n,sea,sea,matched3_end,,er,native,4.72,1.0,False,,,,,,,,,wiktionary:kaikki@2026-10-03,train
de,Furnier,n,veneer,veneer,matched3_end,,er,unknown,2.15,2.0,False,,,,,,,,,wiktionary:kaikki@2026-10-03,train
de,Duft,m,aroma,"aroma, fragrance",matched3_end,,ft,native,3.88,2.0,False,,,,,,,,,wiktionary:kaikki@2026-10-03,train
de,Schrift,f,writing,"writing, script",matched3_end,,ft,native,4.32,2.0,False,,,,,,,,,wiktionary:kaikki@2026-10-03,train
de,Heft,n,notebook,"notebook, writing booklet, cahier, composition book (book in which notes or memoranda are written)",matched3_end,,ft,native,4.33,2.0,False,,,,,,,,,wiktionary:kaikki@2026-10-03,train
de,Pfahl,m,stake,"stake, picket, pale",matched3_end,,hl,native,3.14,2.0,False,,,,,,,,,wiktionary:kaikki@2026-10-03,train
de,Unzahl,f,immense number,immense number; myriad,matched3_end,,hl,native,2.51,2.0,False,,,,,,,,,wiktionary:kaikki@2026-10-03,train
de,Mehl,n,flour,flour; meal (ground cereal),matched3_end,,hl,native,3.83,2.0,False,,,,,,,,,wiktionary:kaikki@2026-10-03,train
de,Draht,m,wire,wire (thread of metal; conductor),matched3_end,,ht,native,3.79,2.0,False,,,,,,,,,wiktionary:kaikki@2026-10-03,train
de,Sicht,f,view,view,matched3_end,,ht,native,4.86,2.0,False,,,,,,,,,wiktionary:kaikki@2026-10-03,train
de,Anrecht,n,claim to a title or right,claim to a title or right,matched3_end,,ht,unknown,3.21,2.0,False,,,,,,,,,wiktionary:kaikki@2026-10-03,train
de,Kreis,m,circle,circle,matched3_end,,is,native,5.0,2.0,False,,,,,,,,,wiktionary:kaikki@2026-10-03,train
de,Parodontitis,f,periodontitis,periodontitis (any of a number of inflammatory diseases affecting the periodontium),matched3_end,,is,unknown,2.25,3.0,False,,,,,,,,,wiktionary:kaikki@2026-10-03,train
de,Vorkommnis,n,incident,incident (anything noteworthy happening that goes beyond pure routine),matched3_end,,is,native,2.67,4.0,False,,,,,,,,,wiktionary:kaikki@2026-10-03,train
de,Kult,m,cult,cult (religious ritual),matched3_end,,lt,loan,3.92,2.0,False,,,,,,,,,wiktionary:kaikki@2026-10-03,train
de,Umwelt,f,environment,environment; milieu; surroundings,matched3_end,,lt,native,4.63,3.0,False,,,,,,,,,wiktionary:kaikki@2026-10-03,train
de,Entgelt,n,charge,"charge, paid money",matched3_end,,lt,unknown,3.4,3.0,False,,,,,,,,,wiktionary:kaikki@2026-10-03,train
de,Kanon,m,canon,canon (selection of texts considered accepted and/or authentic),matched3_end,,on,loan,3.34,2.0,False,,,,,,,,,wiktionary:kaikki@2026-10-03,train
de,Saison,f,season,season (a part of a year when something particular happens),matched3_end,,on,loan,5.05,2.0,False,,,,,,,,,wiktionary:kaikki@2026-10-03,train
de,Analogon,n,analogue,"analogue (something that is analogous, bears an analogy)",matched3_end,,on,loan,2.49,2.0,False,,,,,,,,,wiktionary:kaikki@2026-10-03,train
de,Gurt,m,strap,"strap; belt (tough band, used for purposes other than being worn around the waist)",matched3_end,,rt,native,3.29,2.0,False,,,,,,,,,wiktionary:kaikki@2026-10-03,train
de,Anfahrt,f,approach by car,approach by car,matched3_end,,rt,native,3.28,4.0,False,,,,,,,,,wiktionary:kaikki@2026-10-03,train
de,Konzert,n,concert,concert (musical event),matched3_end,,rt,loan,4.61,3.0,False,,,,,,,,,wiktionary:kaikki@2026-10-03,train
de,Saal,m,hall or large room,hall or large room (chiefly for gatherings or performances by large groups of people),matched2,,al,native,4.16,2.0,False,,,,,,,,,wiktionary:kaikki@2026-10-03,train
de,Qual,f,agony,"agony, anguish, torment, torture (that one suffers)",matched2,,al,native,3.77,1.0,False,,,,,,,,,wiktionary:kaikki@2026-10-03,train
de,Grat,m,ridge,ridge,matched2,,at,native,3.3,1.0,False,,,,,,,,,wiktionary:kaikki@2026-10-03,train
de,Saat,f,seed,seed,matched2,,at,native,3.31,2.0,False,,,,,,,,,wiktionary:kaikki@2026-10-03,train
de,Knüppel,m,cudgel,cudgel,matched2,,el,loan,3.23,4.0,False,,,,,,,,,wiktionary:kaikki@2026-10-03,train
de,Pegel,m,level,level (measurement of how high something is filled),matched2,,el,loan,3.33,2.0,False,,,,,,,,,wiktionary:kaikki@2026-10-03,train
de,Sockel,m,base,base,matched2,,el,loan,3.56,3.0,False,,,,,,,,,wiktionary:kaikki@2026-10-03,train
de,Klausel,f,term,"term (limitation, restriction or regulation)",matched2,,el,loan,3.54,2.0,False,,,,,,,,,wiktionary:kaikki@2026-10-03,train
de,Gondel,f,gondola,gondola,matched2,,el,loan,3.08,3.0,False,,,,,,,,,wiktionary:kaikki@2026-10-03,train
de,Kuppel,f,dome,dome (structural element resembling the hollow upper half of a sphere),matched2,,el,loan,3.6,3.0,False,,,,,,,,,wiktionary:kaikki@2026-10-03,train
de,Hügel,m,hill,hill,matched2,,el,native,4.07,2.0,False,,,,,,,,,wiktionary:kaikki@2026-10-03,train
de,Schemel,m,footstool,footstool,matched2,,el,native,2.42,3.0,False,,,,,,,,,wiktionary:kaikki@2026-10-03,train
de,Krümel,m,crumb,"crumb (small broken-off piece, particularly of bread)",matched2,,el,native,3.18,3.0,False,,,,,,,,,wiktionary:kaikki@2026-10-03,train
de,Scheitel,m,parting,parting,matched2,,el,native,3.1,2.0,False,,,,,,,,,wiktionary:kaikki@2026-10-03,train
de,Ärmel,m,sleeve,sleeve,matched2,,el,native,3.64,3.0,False,,,,,,,,,wiktionary:kaikki@2026-10-03,train
de,Pickel,m,pickaxe,"pickaxe, icepick",matched2,,el,native,3.4,2.0,False,,,,,,,,,wiktionary:kaikki@2026-10-03,train
de,Senkel,m,lace,lace,matched2,,el,native,2.45,2.0,False,,,,,,,,,wiktionary:kaikki@2026-10-03,train
de,Kreisel,m,top,"top, spinning top (toy)",matched2,,el,native,3.24,2.0,False,,,,,,,,,wiktionary:kaikki@2026-10-03,train
de,Tümpel,m,shallow pond,"shallow pond, pool",matched2,,el,native,2.88,4.0,False,,,,,,,,,wiktionary:kaikki@2026-10-03,train
de,Fabel,f,fable,fable,matched2,,el,native,3.02,2.0,False,,,,,,,,,wiktionary:kaikki@2026-10-03,train
de,Nadel,f,needle,"needle; hook (implement for sewing, knitting, or crocheting)",matched2,,el,native,3.77,2.0,False,,,,,,,,,wiktionary:kaikki@2026-10-03,train
de,Bibel,f,bible,"Bible, bible",matched2,,el,native,4.32,2.0,False,,,,,,,,,wiktionary:kaikki@2026-10-03,train
de,Eichel,f,acorn,acorn (fruit of an oak tree),matched2,,el,native,3.37,2.0,False,,,,,,,,,wiktionary:kaikki@2026-10-03,train
de,Wachtel,f,quail,quail,matched2,,el,native,2.7,3.0,False,,,,,,,,,wiktionary:kaikki@2026-10-03,train
de,Sichel,f,sickle,sickle,matched2,,el,native,3.11,2.0,False,,,,,,,,,wiktionary:kaikki@2026-10-03,train
de,Zwiebel,f,onion,"onion (typically Allium cepa, the plant or its bulb)",matched2,,el,native,3.53,3.0,False,,,,,,,,,wiktionary:kaikki@2026-10-03,train
de,Staffel,f,season,season,matched2,,el,native,4.58,2.0,False,,,,,,,,,wiktionary:kaikki@2026-10-03,train
de,Fackel,f,torch,torch,matched2,,el,native,3.33,3.0,False,,,,,,,,,wiktionary:kaikki@2026-10-03,train
de,Krempel,m,junk,"junk, stuff",matched2,,el,unknown,2.91,3.0,False,,,,,,,,,wiktionary:kaikki@2026-10-03,train
de,Muskel,m,muscle,muscle,matched2,,el,unknown,3.66,2.0,False,,,,,,,,,wiktionary:kaikki@2026-10-03,train
de,Hyperbel,f,hyperbole,hyperbole,matched2,,el,unknown,2.66,2.0,False,,,,,,,,,wiktionary:kaikki@2026-10-03,train
de,Parabel,f,parable,parable,matched2,,el,unknown,3.01,2.0,False,,,,,,,,,wiktionary:kaikki@2026-10-03,train
de,Klinker,m,clinker,clinker (very hard brick),matched2,,er,loan,2.68,3.0,False,,,,,,,,,wiktionary:kaikki@2026-10-03,train
de,Äther,m,ether,ether (all senses),matched2,,er,loan,3.1,2.0,False,,,,,,,,,wiktionary:kaikki@2026-10-03,train
de,Metapher,f,metaphor,metaphor,matched2,,er,loan,3.57,3.0,False,,,,,,,,,wiktionary:kaikki@2026-10-03,train
de,Oper,f,opera,"opera (theatrical work, combining drama, music, song and sometimes dance)",matched2,,er,loan,4.24,1.0,False,,,,,,,,,wiktionary:kaikki@2026-10-03,train
de,Trichter,m,funnel,funnel,matched2,,er,native,3.22,3.0,False,,,,,,,,,wiktionary:kaikki@2026-10-03,train
de,Fünfer,m,fiver,"fiver, banknote with the value of five (e.g. five euro)",matched2,,er,native,3.04,3.0,False,,,,,,,,,wiktionary:kaikki@2026-10-03,train
de,Pfannenwender,m,spatula,spatula (kitchen utensil),matched2,,er,native,2.02,5.0,False,,,,,,,,,wiktionary:kaikki@2026-10-03,train
de,Frachter,m,freight ship,freight ship,matched2,,er,native,3.19,3.0,False,,,,,,,,,wiktionary:kaikki@2026-10-03,train
de,Faser,f,fibre,fibre,matched2,,er,native,3.23,2.0,False,,,,,,,,,wiktionary:kaikki@2026-10-03,train
de,Wimper,f,eyelash,eyelash,matched2,,er,native,2.95,3.0,False,,,,,,,,,wiktionary:kaikki@2026-10-03,train
de,Ader,f,blood vessel,blood vessel,matched2,,er,native,3.29,2.0,False,,,,,,,,,wiktionary:kaikki@2026-10-03,train
de,Kammer,f,chamber,chamber; room,matched2,,er,native,4.18,2.0,False,,,,,,,,,wiktionary:kaikki@2026-10-03,train
de,Duft,m,aroma,"aroma, fragrance",matched2,,ft,native,3.88,2.0,False,,,,,,,,,wiktionary:kaikki@2026-10-03,train
de,Saft,m,juice,juice,matched2,,ft,native,4.02,2.0,False,,,,,,,,,wiktionary:kaikki@2026-10-03,train
de,Gruft,f,vault,"a vault, tomb, masoned grave; any kind, but especially one that is underground",matched2,,ft,native,3.31,3.0,False,,,,,,,,,wiktionary:kaikki@2026-10-03,train
de,Abluft,f,exhaust air,"exhaust air, used air",matched2,,ft,native,2.48,3.0,False,,,,,,,,,wiktionary:kaikki@2026-10-03,train
de,Pfahl,m,stake,"stake, picket, pale",matched2,,hl,native,3.14,2.0,False,,,,,,,,,wiktionary:kaikki@2026-10-03,train
de,Strahl,m,beam,"beam, ray (e.g. of light)",matched2,,hl,native,3.54,2.0,False,,,,,,,,,wiktionary:kaikki@2026-10-03,train
de,Unzahl,f,immense number,immense number; myriad,matched2,,hl,native,2.51,2.0,False,,,,,,,,,wiktionary:kaikki@2026-10-03,train
de,Wahl,f,choice,"choice, selection",matched2,,hl,native,5.19,1.0,False,,,,,,,,,wiktionary:kaikki@2026-10-03,train
de,Draht,m,wire,wire (thread of metal; conductor),matched2,,ht,native,3.79,2.0,False,,,,,,,,,wiktionary:kaikki@2026-10-03,train
de,Verzicht,m,abstention,abstention,matched2,,ht,native,3.99,3.0,False,,,,,,,,,wiktionary:kaikki@2026-10-03,train
de,Zucht,f,breeding,breeding (act of growing plants or animals),matched2,,ht,native,3.66,2.0,False,,,,,,,,,wiktionary:kaikki@2026-10-03,train
de,Unwucht,f,unbalanced mass,"unbalanced mass, wobble, flutter (uneven spread of mass causing irregularity in spinning motion)",matched2,,ht,native,2.22,3.0,False,,,,,,,,,wiktionary:kaikki@2026-10-03,train
de,Termin,m,date,date (day on which a certain event takes place),matched2,,in,loan,4.6,1.0,False,,,,,,,,,wiktionary:kaikki@2026-10-03,train
de,Disziplin,f,discipline,discipline,matched2,,in,loan,4.09,4.0,False,,,,,,,,,wiktionary:kaikki@2026-10-03,train
de,Kreis,m,circle,circle,matched2,,is,native,5.0,2.0,False,,,,,,,,,wiktionary:kaikki@2026-10-03,train
de,Befugnis,f,permission,"permission, authorization",matched2,,is,native,3.3,4.0,False,,,,,,,,,wiktionary:kaikki@2026-10-03,train
de,Funke,m,spark,spark,matched2,,ke,native,3.57,2.0,False,,,,,,,,,wiktionary:kaikki@2026-10-03,train
de,Flocke,f,flake,flake,matched2,,ke,native,2.42,3.0,False,,,,,,,,,wiktionary:kaikki@2026-10-03,train
de,Kanon,m,canon,canon (selection of texts considered accepted and/or authentic),matched2,,on,loan,3.34,2.0,False,,,,,,,,,wiktionary:kaikki@2026-10-03,train
de,Saison,f,season,season (a part of a year when something particular happens),matched2,,on,loan,5.05,2.0,False,,,,,,,,,wiktionary:kaikki@2026-10-03,train
de,Gurt,m,strap,"strap; belt (tough band, used for purposes other than being worn around the waist)",matched2,,rt,native,3.29,2.0,False,,,,,,,,,wiktionary:kaikki@2026-10-03,train
de,Anfahrt,f,approach by car,approach by car,matched2,,rt,native,3.28,4.0,False,,,,,,,,,wiktionary:kaikki@2026-10-03,train
de,Durst,m,thirst,thirst,matched2,,st,native,3.75,2.0,False,,,,,,,,,wiktionary:kaikki@2026-10-03,train
de,Dunst,m,haze,"haze, mist",matched2,,st,native,3.17,2.0,False,,,,,,,,,wiktionary:kaikki@2026-10-03,train
de,Trost,m,consolation,consolation,matched2,,st,native,3.92,2.0,False,,,,,,,,,wiktionary:kaikki@2026-10-03,train
de,Gunst,f,favor,favor,matched2,,st,native,3.62,2.0,False,,,,,,,,,wiktionary:kaikki@2026-10-03,train
de,Frist,f,term,"term, deadline, period (time limit)",matched2,,st,native,4.1,2.0,False,,,,,,,,,wiktionary:kaikki@2026-10-03,train
de,Kunst,f,art,art,matched2,,st,native,5.07,1.0,False,,,,,,,,,wiktionary:kaikki@2026-10-03,train
de,Klimawandel,m,climate change,"climate change (any large-scale, long-term climate change)",compound_train,,el,native,4.03,4.0,False,,Wandel,Klima,n,True,,,,wiktionary:kaikki@2026-10-03,train
de,Schauspiel,n,play,"play (theatrical performance), drama",compound_train,,el,native,3.92,3.0,False,,Spiel,Schau,f,True,,,,wiktionary:kaikki@2026-10-03,train
de,Vaterland,n,fatherland,"fatherland, homeland: the land from which one originates",compound_train,,nd,native,3.85,3.0,False,,Land,Vater,m,True,,,,wiktionary:kaikki@2026-10-03,train
de,Waffenstillstand,m,armistice,armistice (conclusive cessation of combat),compound_train,,nd,native,3.62,4.0,False,,Stillstand,Waffe,f,True,,,,wiktionary:kaikki@2026-10-03,train
de,Raumfahrt,f,space flight,a space flight,compound_train,,rt,native,3.58,4.0,False,,Fahrt,Raum,m,True,,,,wiktionary:kaikki@2026-10-03,train
de,Radiosender,m,radio station,radio station,compound_train,,er,native,3.54,3.0,False,,Sender,Radio,n,True,,,,wiktionary:kaikki@2026-10-03,train
de,Straßenrand,m,curbside,"curbside, roadside",compound_train,,nd,native,3.44,2.0,False,,Rand,Straße,f,True,,,,wiktionary:kaikki@2026-10-03,train
de,Flüchtlingslager,n,refugee camp,refugee camp,compound_train,,er,native,3.37,7.0,False,,Lager,Flüchtling,m,True,,,,wiktionary:kaikki@2026-10-03,train
de,Zeitaufwand,m,expenditure of time,expenditure of time,compound_train,,nd,native,3.34,4.0,False,,Aufwand,Zeit,f,True,,,,wiktionary:kaikki@2026-10-03,train
de,Meeresspiegel,m,sea level,sea level (the nominal height of the surface of the oceans above which heights of geographical features and aircraft flight levels are measured),compound_train,,el,native,3.33,4.0,False,,Spiegel,Meer,n,True,,,,wiktionary:kaikki@2026-10-03,train
de,Mittelfinger,m,middle finger,middle finger,compound_train,,er,native,3.31,3.0,False,,Finger,Mittel,n,True,,,,wiktionary:kaikki@2026-10-03,train
de,Rechtschreibfehler,m,misspelling,misspelling,compound_train,,er,native,3.28,7.0,False,,Schreibfehler,Recht,n,True,,,,wiktionary:kaikki@2026-10-03,train
de,Wahlzettel,m,ballot paper,"ballot paper, ballot",compound_train,,el,native,3.2,3.0,False,,Zettel,Wahl,f,True,,,,wiktionary:kaikki@2026-10-03,train
de,Toilettenpapier,n,toilet paper,toilet paper (paper on a roll),compound_train,,er,native,3.19,5.0,False,,Papier,Toilette,f,True,,,,wiktionary:kaikki@2026-10-03,train
de,Flugzeugträger,m,aircraft carrier,aircraft carrier,compound_train,,er,native,3.14,5.0,False,,Träger,Flugzeug,n,True,,,,wiktionary:kaikki@2026-10-03,train
de,Hauswand,f,house wall,A house wall; the wall of a house.,compound_train,,nd,native,3.1,2.0,False,,Wand,Haus,n,True,,,,wiktionary:kaikki@2026-10-03,train
de,Christkind,n,representation of the christkind,A representation of the Christkind (as above),compound_train,,nd,native,3.08,2.0,False,,Kind,Christ,m,True,,,,wiktionary:kaikki@2026-10-03,train
de,Eiswürfel,m,ice cube,ice cube (small piece of ice used for cooling drinks),compound_train,,el,native,3.06,4.0,False,,Würfel,Eis,n,True,,,,wiktionary:kaikki@2026-10-03,train
de,Glücksbringer,m,lucky charm,"lucky charm, talisman, amulet",compound_train,,er,native,2.99,5.0,False,,Bringer,Glück,n,True,,,,wiktionary:kaikki@2026-10-03,train
de,Nachthimmel,m,night sky,night sky,compound_train,,el,native,2.98,3.0,False,,Himmel,Nacht,f,True,,,,wiktionary:kaikki@2026-10-03,train
de,Schraubenzieher,m,screwdriver,screwdriver,compound_train,,er,native,2.95,5.0,False,,Zieher,Schraube,f,True,,,,wiktionary:kaikki@2026-10-03,train
de,Marktmacht,f,market power,market power (the ability of a firm to raise and maintain price above the level that would prevail under competition),compound_train,,ht,native,2.94,3.0,False,,Macht,Markt,m,True,,,,wiktionary:kaikki@2026-10-03,train
de,Fußfessel,f,foot shackle,foot shackle,compound_train,,el,native,2.93,3.0,False,,Fessel,Fuß,m,True,,,,wiktionary:kaikki@2026-10-03,train
de,Glaskugel,f,marble,marble (small glass ball),compound_train,,el,native,2.86,4.0,False,,Kugel,Glas,n,True,,,,wiktionary:kaikki@2026-10-03,train
de,Tatverdacht,m,suspicion,suspicion,compound_train,,ht,native,2.85,4.0,False,,Verdacht,Tat,f,True,,,,wiktionary:kaikki@2026-10-03,train
de,Lampenfieber,n,stage fright,stage fright,compound_train,,er,native,2.83,4.0,False,,Fieber,Lampe,f,True,,,,wiktionary:kaikki@2026-10-03,train
de,Weltwunder,n,world wonder,world wonder (i.e. Wonders of the World),compound_train,,er,native,2.73,3.0,False,,Wunder,Welt,f,True,,,,wiktionary:kaikki@2026-10-03,train
de,Fahrtwind,m,airstream created by a fast-moving vehicle,"The airstream created by a fast-moving vehicle, experienced by those on that vehicle as a headwind.",compound_train,,nd,native,2.66,3.0,False,,Wind,Fahrt,f,True,,,,wiktionary:kaikki@2026-10-03,train
de,Kleiderbügel,m,coat hanger,coat hanger,compound_train,,el,native,2.62,4.0,False,,Bügel,Kleid,n,True,,,,wiktionary:kaikki@2026-10-03,train
de,Lauffeuer,n,wildfire,"wildfire, rapidly-spreading fire",compound_train,,er,native,2.61,4.0,False,,Feuer,Lauf,m,True,,,,wiktionary:kaikki@2026-10-03,train
de,Stofftier,n,stuffed animal,"stuffed animal, soft toy",compound_train,,er,native,2.58,3.0,False,,Tier,Stoff,m,True,,,,wiktionary:kaikki@2026-10-03,train
de,Lückenfüller,m,stopgap,stopgap,compound_train,,er,native,2.55,4.0,False,,Füller,Lücke,f,True,,,,wiktionary:kaikki@2026-10-03,train
de,Mistgabel,f,pitchfork,pitchfork (farm tool with tines),compound_train,,el,native,2.49,3.0,False,,Gabel,Mist,m,True,,,,wiktionary:kaikki@2026-10-03,train
de,Glassplitter,m,glass shard,"glass shard, broken glass",compound_train,,er,native,2.48,3.0,False,,Splitter,Glas,n,True,,,,wiktionary:kaikki@2026-10-03,train
de,Badestrand,m,bathing beach,bathing beach,compound_train,,nd,native,2.47,3.0,False,,Strand,Bad,n,True,,,,wiktionary:kaikki@2026-10-03,train
de,Gottesfurcht,f,fear of god,fear of God,compound_train,,ht,native,2.41,5.0,False,,Furcht,Gott,m,True,,,,wiktionary:kaikki@2026-10-03,train
de,Schutzschicht,f,protective layer / coating,protective layer / coating,compound_train,,ht,native,2.4,4.0,False,,Schicht,Schutz,m,True,,,,wiktionary:kaikki@2026-10-03,train
de,Strandhotel,n,beach hotel,beach hotel,compound_train,,el,native,2.34,2.0,False,,Hotel,Strand,m,True,,,,wiktionary:kaikki@2026-10-03,train
de,Blumenmuster,n,floral pattern,floral pattern,compound_train,,er,native,2.32,4.0,False,,Muster,Blume,f,True,,,,wiktionary:kaikki@2026-10-03,train
de,Konzertflügel,m,concert grand,"concert grand, grand",compound_train,,el,native,2.32,6.0,False,,Flügel,Konzert,n,True,,,,wiktionary:kaikki@2026-10-03,train
de,Lendenwirbel,m,lumbar vertebra,lumbar vertebra,compound_train,,el,native,2.32,5.0,False,,Wirbel,Lende,f,True,,,,wiktionary:kaikki@2026-10-03,train
de,Studentenfutter,n,mixture of nuts and dried fruits,a mixture of nuts and dried fruits (often raisins); trail mix,compound_train,,er,native,2.26,4.0,False,,Futter,Student,m,True,,,,wiktionary:kaikki@2026-10-03,train
de,Lautstärkeregler,m,loudness control,"loudness control, volume control button",compound_train,,er,native,2.25,6.0,False,,Regler,Lautstärke,f,True,,,,wiktionary:kaikki@2026-10-03,train
de,Kaffeetafel,f,coffee table,coffee table (table laid out with various accoutrements for afternoon coffee),compound_train,,el,native,2.25,4.0,False,,Tafel,Kaffee,m,True,,,,wiktionary:kaikki@2026-10-03,train
de,Papierflieger,m,paper airplane,"paper airplane (US), paper aeroplane (British), paper plane",compound_train,,er,native,2.23,5.0,False,,Flieger,Papier,n,True,,,,wiktionary:kaikki@2026-10-03,train
de,Staatstrauer,f,national mourning,national mourning,compound_train,,er,native,2.21,4.0,False,,Trauer,Staat,m,True,,,,wiktionary:kaikki@2026-10-03,train
de,Haustürschlüssel,m,front door key,front door key,compound_train,,el,native,2.21,7.0,False,,Türschlüssel,Haus,n,True,,,,wiktionary:kaikki@2026-10-03,train
de,Röhrenfernseher,m,crt television,CRT television,compound_train,,er,native,2.21,6.0,False,,Fernseher,Röhre,f,True,,,,wiktionary:kaikki@2026-10-03,train
de,Straßenpflaster,n,pavement,pavement,compound_train,,er,native,2.2,4.0,False,,Pflaster,Straße,f,True,,,,wiktionary:kaikki@2026-10-03,train
de,Zahnwurzel,f,root of a tooth,root of a tooth,compound_train,,el,native,2.2,5.0,False,,Wurzel,Zahn,m,True,,,,wiktionary:kaikki@2026-10-03,train
de,Steinschleuder,f,slingshot,slingshot,compound_train,,er,native,2.14,5.0,False,,Schleuder,Stein,m,True,,,,wiktionary:kaikki@2026-10-03,train
de,Ledergürtel,m,leather belt,leather belt,compound_train,,el,native,2.1,5.0,False,,Gürtel,Leder,n,True,,,,wiktionary:kaikki@2026-10-03,train
de,Schlacht,f,battle,battle,compound_train,,ht,native,4.29,2.0,False,,Acht,schl,,False,,,,wiktionary:kaikki@2026-10-03,train
de,Durchmesser,m,diameter,diameter,compound_train,,er,native,4.25,3.0,False,,Esser,durchm,,False,,,,wiktionary:kaikki@2026-10-03,train
de,Lautsprecher,m,loudspeaker,loudspeaker,compound_train,,er,native,3.91,5.0,False,,Sprecher,Laut,m,False,,,,wiktionary:kaikki@2026-10-03,train
de,Bundesverfassungsgericht,n,federal constitutional court,federal constitutional court,compound_train,,ht,native,3.79,7.0,False,,Verfassungsgericht,bundes,,False,,,,wiktionary:kaikki@2026-10-03,train
de,Zuflucht,f,refuge,"refuge, protection, escape",compound_train,,ht,native,3.65,3.0,False,,Lucht,zuf,,False,,,,wiktionary:kaikki@2026-10-03,train
de,Menschenverstand,m,human reason,human reason,compound_train,,nd,native,3.44,3.0,False,,Verstand,menschen,,False,,,,wiktionary:kaikki@2026-10-03,train
de,Endspurt,m,final sprint,final sprint,compound_train,,rt,native,3.31,3.0,False,,Spurt,end,,False,,,,wiktionary:kaikki@2026-10-03,train
de,Verkehrsverbund,m,public transit network,public transit network,compound_train,,nd,native,3.06,5.0,False,,Verbund,verkehrs,,False,,,,wiktionary:kaikki@2026-10-03,train
de,Drehort,m,location,location (The place where a film or a scene is shot.),compound_train,,rt,native,3.01,3.0,False,,Hort,dre,,False,,,,wiktionary:kaikki@2026-10-03,train
de,Regenschauer,m,downpour,downpour,compound_train,,er,native,2.99,3.0,False,,Hauer,regensc,,False,,,,wiktionary:kaikki@2026-10-03,train
de,Rettungshubschrauber,m,emergency rescue helicopter,emergency rescue helicopter,compound_train,,er,native,2.98,8.0,False,,Hubschrauber,rettungs,,False,,,,wiktionary:kaikki@2026-10-03,train
de,Schlund,m,throat,"throat, pharynx (interior of the front of the neck)",compound_train,,nd,native,2.97,2.0,False,,Lund,sch,,False,,,,wiktionary:kaikki@2026-10-03,train
de,Kreuzworträtsel,n,crossword puzzle,crossword puzzle,compound_train,,el,native,2.95,6.0,False,,Rätsel,kreuzwort,,False,,,,wiktionary:kaikki@2026-10-03,train
de,Mähdrescher,m,combine,combine (combine harvester),compound_train,,er,native,2.86,5.0,False,,Drescher,mäh,,False,,,,wiktionary:kaikki@2026-10-03,train
de,Jugendwort,n,slang word used by young people,slang word used by young people,compound_train,,rt,native,2.7,2.0,False,,Endwort,jug,,False,,,,wiktionary:kaikki@2026-10-03,train
de,Apfelstrudel,m,apple strudel,apple strudel,compound_train,,el,native,2.67,5.0,False,,Strudel,Apfel,m,False,,,,wiktionary:kaikki@2026-10-03,train
de,Laserdrucker,m,laser printer,laser printer (computer printer),compound_train,,er,native,2.59,3.0,False,,Drucker,Laser,m,False,,,,wiktionary:kaikki@2026-10-03,train
de,Sattelschlepper,m,rig,"rig, juggernaut, semi-trailer truck/lorry, tractor unit",compound_train,,er,native,2.57,6.0,False,,Schlepper,Sattel,m,False,,,,wiktionary:kaikki@2026-10-03,train
de,Binnenschifffahrt,f,inland water transportation,"inland water transportation, inland water transport",compound_train,,rt,native,2.51,7.0,False,,Schifffahrt,binnen,,False,,,,wiktionary:kaikki@2026-10-03,train
de,Großrechner,m,mainframe,mainframe,compound_train,,er,native,2.48,3.0,False,,Rechner,groß,,False,,,,wiktionary:kaikki@2026-10-03,train
de,Türklingel,f,doorbell,doorbell,compound_train,,el,native,2.47,3.0,False,,Klingel,Tür,f,False,,,,wiktionary:kaikki@2026-10-03,train
de,Öltanker,m,oil tanker,"an oil tanker, a ship designed to transport crude oil",compound_train,,er,native,2.32,3.0,False,,Anker,ölt,,False,,,,wiktionary:kaikki@2026-10-03,train
de,Gottesacker,m,graveyard,"graveyard, God's acre",compound_train,,er,native,2.31,3.0,False,,Acker,Gott,m,False,,,,wiktionary:kaikki@2026-10-03,train
de,Stabmixer,m,synonym of pürierstab,synonym of Pürierstab,compound_train,,er,native,2.19,4.0,False,,Mixer,Stab,m,False,,,,wiktionary:kaikki@2026-10-03,train
de,Freischwinger,m,cantilever chair,cantilever chair,compound_train,,er,native,2.16,4.0,False,,Schwinger,frei,,False,,,,wiktionary:kaikki@2026-10-03,train
de,Rockzipfel,m,apron string,apron string,compound_train,,el,native,2.14,3.0,False,,Zipfel,Rock,m,False,,,,wiktionary:kaikki@2026-10-03,train
de,Allianz,f,alliance,alliance,suffix,-anz,nz,unknown,4.15,3.0,False,,,,,,,,,wiktionary:kaikki@2026-10-03,test
de,Resonanz,f,resonance,resonance,suffix,-anz,nz,loan,3.75,3.0,False,,,,,,,,,wiktionary:kaikki@2026-10-03,test
de,Ambulanz,f,ambulance,ambulance,suffix,-anz,nz,loan,3.18,3.0,False,,,,,,,,,wiktionary:kaikki@2026-10-03,test
de,Toleranz,f,tolerance,tolerance,suffix,-anz,nz,native,4.13,3.0,False,,,,,,,,,wiktionary:kaikki@2026-10-03,test
de,Varianz,f,variance,variance,suffix,-anz,nz,unknown,3.07,3.0,False,,,,,,,,,wiktionary:kaikki@2026-10-03,test
de,Kranz,m,wreath,"wreath, garland",suffix,-anz,nz,native,3.53,3.0,False,,,,,,,,,wiktionary:kaikki@2026-10-03,test
de,Dominanz,f,dominance,dominance,suffix,-anz,nz,native,3.74,2.0,False,,,,,,,,,wiktionary:kaikki@2026-10-03,test
de,Brisanz,f,brisance,brisance,suffix,-anz,nz,loan,3.06,2.0,False,,,,,,,,,wiktionary:kaikki@2026-10-03,test
de,Intoleranz,f,intolerance,intolerance,suffix,-anz,nz,unknown,3.41,3.0,False,,,,,,,,,wiktionary:kaikki@2026-10-03,test
de,Glanz,m,gleam,"gleam, sparkle, glitter",suffix,-anz,nz,native,4.0,2.0,False,,,,,,,,,wiktionary:kaikki@2026-10-03,test
de,Bilanz,f,balance sheet,"balance sheet, balance",suffix,-anz,nz,loan,4.17,2.0,False,,,,,,,,,wiktionary:kaikki@2026-10-03,test
de,Relevanz,f,relevance,relevance,suffix,-anz,nz,unknown,3.87,3.0,False,,,,,,,,,wiktionary:kaikki@2026-10-03,test
de,Eleganz,f,elegance,elegance,suffix,-anz,nz,unknown,3.4,3.0,False,,,,,,,,,wiktionary:kaikki@2026-10-03,test
de,Sauerei,f,synonym of schweinerei,synonym of Schweinerei,suffix,-ei,ei,native,3.36,3.0,False,,,,,,,,,wiktionary:kaikki@2026-10-03,test
de,Sklaverei,f,slavery,slavery,suffix,-ei,ei,unknown,3.73,4.0,False,,,,,,,,,wiktionary:kaikki@2026-10-03,test
de,Schießerei,f,shootout,"shootout, gunfight",suffix,-ei,ei,native,3.51,5.0,False,,,,,,,,,wiktionary:kaikki@2026-10-03,test
de,Fischerei,f,fishery,"a fishery, a commercial fishing operation or company",suffix,-ei,ei,native,3.44,4.0,False,,,,,,,,,wiktionary:kaikki@2026-10-03,test
de,Schweinerei,f,mess,"mess, nastiness, smutty business",suffix,-ei,ei,native,3.11,4.0,False,,,,,,,,,wiktionary:kaikki@2026-10-03,test
de,Arznei,f,medicine,medicine (healing substance),suffix,-ei,ei,native,3.11,4.0,False,,,,,,,,,wiktionary:kaikki@2026-10-03,test
de,Reederei,f,shipping company,shipping company,suffix,-ei,ei,native,3.25,3.0,False,,,,,,,,,wiktionary:kaikki@2026-10-03,test
de,Partei,f,political party,political party,suffix,-ei,ei,native,5.14,2.0,False,,,,,,,,,wiktionary:kaikki@2026-10-03,test
de,Druckerei,f,printing house,"printing house, printery",suffix,-ei,ei,native,3.55,4.0,False,,,,,,,,,wiktionary:kaikki@2026-10-03,test
de,Gießerei,f,foundry,foundry,suffix,-ei,ei,native,3.0,5.0,False,,,,,,,,,wiktionary:kaikki@2026-10-03,test
de,Schlägerei,f,fight,fight; brawl,suffix,-ei,ei,native,3.58,4.0,False,,,,,,,,,wiktionary:kaikki@2026-10-03,test
de,Bücherei,f,library,library,suffix,-ei,ei,loan,3.64,4.0,False,,,,,,,,,wiktionary:kaikki@2026-10-03,test
de,Bäckerei,f,bakery,"bakery, baker’s, bakehouse, bakeshop",suffix,-ei,ei,native,3.79,5.0,False,,,,,,,,,wiktionary:kaikki@2026-10-03,test
de,Schauspielerei,f,acting profession,acting profession,suffix,-ei,ei,native,3.18,5.0,False,,,,,,,,,wiktionary:kaikki@2026-10-03,test
de,Insolvenz,f,insolvency,insolvency,suffix,-enz,nz,unknown,3.81,4.0,False,,,,,,,,,wiktionary:kaikki@2026-10-03,test
de,Differenz,f,difference,difference,suffix,-enz,nz,unknown,3.84,3.0,False,,,,,,,,,wiktionary:kaikki@2026-10-03,test
de,Dekadenz,f,decadence,decadence,suffix,-enz,nz,loan,3.06,3.0,False,,,,,,,,,wiktionary:kaikki@2026-10-03,test
de,Referenz,f,reference,reference (measurement one can compare to),suffix,-enz,nz,loan,3.59,2.0,False,,,,,,,,,wiktionary:kaikki@2026-10-03,test
de,Evidenz,f,unambiguity,"unambiguity, unambiguousness, clarity",suffix,-enz,nz,loan,3.26,3.0,False,,,,,,,,,wiktionary:kaikki@2026-10-03,test
de,Konferenz,f,conference,conference,suffix,-enz,nz,loan,4.31,3.0,False,,,,,,,,,wiktionary:kaikki@2026-10-03,test
de,Demenz,f,dementia,dementia,suffix,-enz,nz,unknown,3.73,2.0,False,,,,,,,,,wiktionary:kaikki@2026-10-03,test
de,Präferenz,f,preference,preference,suffix,-enz,nz,loan,3.05,3.0,False,,,,,,,,,wiktionary:kaikki@2026-10-03,test
de,Korrespondenz,f,correspondence,correspondence,suffix,-enz,nz,loan,3.47,3.0,False,,,,,,,,,wiktionary:kaikki@2026-10-03,test
de,Effizienz,f,efficiency,efficiency,suffix,-enz,nz,unknown,3.86,4.0,False,,,,,,,,,wiktionary:kaikki@2026-10-03,test
de,Lizenz,f,license,license,suffix,-enz,nz,unknown,4.07,2.0,False,,,,,,,,,wiktionary:kaikki@2026-10-03,test
de,Potenz,f,potency,potency,suffix,-enz,nz,loan,3.4,2.0,False,,,,,,,,,wiktionary:kaikki@2026-10-03,test
de,Kompetenz,f,competence,"competence, power, authority",suffix,-enz,nz,loan,4.16,3.0,False,,,,,,,,,wiktionary:kaikki@2026-10-03,test
de,Tendenz,f,tendency,tendency,suffix,-enz,nz,loan,4.23,3.0,False,,,,,,,,,wiktionary:kaikki@2026-10-03,test
de,Transparenz,f,transparency,transparency,suffix,-enz,nz,unknown,4.09,3.0,False,,,,,,,,,wiktionary:kaikki@2026-10-03,test
de,Frequenz,f,frequency,frequency (the rate of occurrence of anything),suffix,-enz,nz,loan,3.85,2.0,False,,,,,,,,,wiktionary:kaikki@2026-10-03,test
de,Präsenz,f,presence,"presence, attendance (being present at a specific location or function)",suffix,-enz,nz,loan,3.98,3.0,False,,,,,,,,,wiktionary:kaikki@2026-10-03,test
de,Inkompetenz,f,incompetence,incompetence,suffix,-enz,nz,unknown,3.28,4.0,False,,,,,,,,,wiktionary:kaikki@2026-10-03,test
de,Intelligenz,f,intelligence,intelligence (capacity of mind),suffix,-enz,nz,loan,4.23,4.0,False,,,,,,,,,wiktionary:kaikki@2026-10-03,test
de,Knappheit,f,scarcity,"scarcity, shortage",suffix,-heit,it,native,3.0,3.0,False,,,,,,,,,wiktionary:kaikki@2026-10-03,test
de,Entschlossenheit,f,determination,"determination, resolution",suffix,-heit,it,unknown,3.44,4.0,False,,,,,,,,,wiktionary:kaikki@2026-10-03,test
de,Blindheit,f,blindness,blindness (condition of being blind),suffix,-heit,it,native,3.11,2.0,False,,,,,,,,,wiktionary:kaikki@2026-10-03,test
de,Seltenheit,f,rarity,rarity,suffix,-heit,it,native,3.62,3.0,False,,,,,,,,,wiktionary:kaikki@2026-10-03,test
de,Dunkelheit,f,darkness,darkness,suffix,-heit,it,native,4.1,3.0,False,,,,,,,,,wiktionary:kaikki@2026-10-03,test
de,Freiheit,f,freedom,freedom,suffix,-heit,it,native,4.88,3.0,False,,,,,,,,,wiktionary:kaikki@2026-10-03,test
de,Trockenheit,f,dryness,"dryness, lack of moisture",suffix,-heit,it,native,3.45,3.0,False,,,,,,,,,wiktionary:kaikki@2026-10-03,test
de,Neuheit,f,novelty,novelty; newness,suffix,-heit,it,native,3.26,2.0,False,,,,,,,,,wiktionary:kaikki@2026-10-03,test
de,Trunkenheit,f,drunkenness,"drunkenness, inebriation",suffix,-heit,it,native,3.19,3.0,False,,,,,,,,,wiktionary:kaikki@2026-10-03,test
de,Einfachheit,f,simplicity,simplicity,suffix,-heit,it,native,3.47,4.0,False,,,,,,,,,wiktionary:kaikki@2026-10-03,test
de,Mehrheit,f,majority,majority; bulk,suffix,-heit,it,loan,4.73,2.0,False,,,,,,,,,wiktionary:kaikki@2026-10-03,test
de,Angelegenheit,f,matter,"matter, issue, affair",suffix,-heit,it,native,4.19,3.0,False,,,,,,,,,wiktionary:kaikki@2026-10-03,test
de,Verbundenheit,f,solidarity,solidarity,suffix,-heit,it,native,3.59,3.0,False,,,,,,,,,wiktionary:kaikki@2026-10-03,test
de,Frechheit,f,insolence,"insolence, impudence, cheek",suffix,-heit,it,native,3.72,3.0,False,,,,,,,,,wiktionary:kaikki@2026-10-03,test
de,Reinheit,f,purity,purity,suffix,-heit,it,native,3.46,2.0,False,,,,,,,,,wiktionary:kaikki@2026-10-03,test
de,Korrektheit,f,correctness,correctness,suffix,-heit,it,native,3.35,4.0,False,,,,,,,,,wiktionary:kaikki@2026-10-03,test
de,Menschheit,f,humanity,"humanity, mankind (human beings at large)",suffix,-heit,it,native,4.46,3.0,False,,,,,,,,,wiktionary:kaikki@2026-10-03,test
de,Weisheit,f,wisdom,wisdom,suffix,-heit,it,native,4.01,3.0,False,,,,,,,,,wiktionary:kaikki@2026-10-03,test
de,Vergessenheit,f,oblivion,oblivion,suffix,-heit,it,native,3.61,3.0,False,,,,,,,,,wiktionary:kaikki@2026-10-03,test
de,Diagnostik,f,diagnostics,diagnostics,suffix,-ik,ik,unknown,3.7,3.0,False,,,,,,,,,wiktionary:kaikki@2026-10-03,test
de,Statistik,f,statistics,statistics,suffix,-ik,ik,loan,4.49,2.0,False,,,,,,,,,wiktionary:kaikki@2026-10-03,test
de,Mechanik,f,mechanics,mechanics (field of study),suffix,-ik,ik,loan,3.67,2.0,False,,,,,,,,,wiktionary:kaikki@2026-10-03,test
de,Methodik,f,methodology,methodology,suffix,-ik,ik,loan,3.58,2.0,False,,,,,,,,,wiktionary:kaikki@2026-10-03,test
de,Dialektik,f,dialectic,dialectic,suffix,-ik,ik,native,3.38,4.0,False,,,,,,,,,wiktionary:kaikki@2026-10-03,test
de,Akustik,f,acoustic,"acoustic, acoustics",suffix,-ik,ik,unknown,3.46,3.0,False,,,,,,,,,wiktionary:kaikki@2026-10-03,test
de,Didaktik,f,didactics,didactics,suffix,-ik,ik,unknown,3.34,3.0,False,,,,,,,,,wiktionary:kaikki@2026-10-03,test
de,Mathematik,f,mathematics,mathematics (study),suffix,-ik,ik,loan,4.32,3.0,False,,,,,,,,,wiktionary:kaikki@2026-10-03,test
de,Panik,f,panic,panic,suffix,-ik,ik,loan,4.2,2.0,False,,,,,,,,,wiktionary:kaikki@2026-10-03,test
de,Fabrik,f,plant,plant (factory or industrial facility),suffix,-ik,ik,loan,4.18,2.0,False,,,,,,,,,wiktionary:kaikki@2026-10-03,test
de,Polemik,f,polemics,polemics,suffix,-ik,ik,loan,3.58,3.0,False,,,,,,,,,wiktionary:kaikki@2026-10-03,test
de,Robotik,f,robotics,robotics,suffix,-ik,ik,unknown,3.01,2.0,False,,,,,,,,,wiktionary:kaikki@2026-10-03,test
de,Kritik,f,criticism,criticism (negative judgement),suffix,-ik,ik,loan,5.01,3.0,False,,,,,,,,,wiktionary:kaikki@2026-10-03,test
de,Metrik,f,metrics,metrics,suffix,-ik,ik,loan,3.02,2.0,False,,,,,,,,,wiktionary:kaikki@2026-10-03,test
de,Chronik,f,chronicle,chronicle,suffix,-ik,ik,unknown,3.9,2.0,False,,,,,,,,,wiktionary:kaikki@2026-10-03,test
de,Taktik,f,tactics,"tactics, strategy (art of anticipation and planning)",suffix,-ik,ik,loan,3.96,3.0,False,,,,,,,,,wiktionary:kaikki@2026-10-03,test
de,Rhetorik,f,rhetoric,rhetoric,suffix,-ik,ik,native,3.8,4.0,False,,,,,,,,,wiktionary:kaikki@2026-10-03,test
de,Unfähigkeit,f,inability,inability,suffix,-keit,it,native,3.67,3.0,False,,,,,,,,,wiktionary:kaikki@2026-10-03,test
de,Frömmigkeit,f,piety,piety,suffix,-keit,it,native,3.08,4.0,False,,,,,,,,,wiktionary:kaikki@2026-10-03,test
de,Tätigkeit,f,activity,activity,suffix,-keit,it,native,4.63,3.0,False,,,,,,,,,wiktionary:kaikki@2026-10-03,test
de,Unmöglichkeit,f,impossibility,impossibility,suffix,-keit,it,native,3.28,3.0,False,,,,,,,,,wiktionary:kaikki@2026-10-03,test
de,Verantwortlichkeit,f,responsibility,responsibility,suffix,-keit,it,native,3.2,3.0,False,,,,,,,,,wiktionary:kaikki@2026-10-03,test
de,Schlaflosigkeit,f,sleeplessness,"sleeplessness, insomnia",suffix,-keit,it,native,3.12,4.0,False,,,,,,,,,wiktionary:kaikki@2026-10-03,test
de,Ähnlichkeit,f,similarity,"similarity, resemblance",suffix,-keit,it,native,3.81,3.0,False,,,,,,,,,wiktionary:kaikki@2026-10-03,test
de,Sehenswürdigkeit,f,something worth seeing,"something worth seeing, a sight, tourist attraction",suffix,-keit,it,native,3.16,7.0,False,,,,,,,,,wiktionary:kaikki@2026-10-03,test
de,Unendlichkeit,f,infinity,infinity,suffix,-keit,it,unknown,3.28,3.0,False,,,,,,,,,wiktionary:kaikki@2026-10-03,test
de,Beständigkeit,f,resistance,resistance,suffix,-keit,it,native,3.22,3.0,False,,,,,,,,,wiktionary:kaikki@2026-10-03,test
de,Festigkeit,f,strength,strength,suffix,-keit,it,unknown,3.29,2.0,False,,,,,,,,,wiktionary:kaikki@2026-10-03,test
de,Bedeutungslosigkeit,f,irrelevance,"irrelevance, insignificance",suffix,-keit,it,native,3.03,5.0,False,,,,,,,,,wiktionary:kaikki@2026-10-03,test
de,Verlässlichkeit,f,reliability,reliability,suffix,-keit,it,native,3.18,3.0,False,,,,,,,,,wiktionary:kaikki@2026-10-03,test
de,Wirksamkeit,f,effectiveness,"effectiveness, efficacy",suffix,-keit,it,native,3.88,3.0,False,,,,,,,,,wiktionary:kaikki@2026-10-03,test
de,Unabhängigkeit,f,independence,independence,suffix,-keit,it,native,4.2,3.0,False,,,,,,,,,wiktionary:kaikki@2026-10-03,test
de,Schwierigkeit,f,difficulty,"difficulty, problem",suffix,-keit,it,native,3.65,3.0,False,,,,,,,,,wiktionary:kaikki@2026-10-03,test
de,Zuständigkeit,f,responsibility,responsibility,suffix,-keit,it,native,3.73,3.0,False,,,,,,,,,wiktionary:kaikki@2026-10-03,test
de,Kleinigkeit,f,bagatelle,"bagatelle, trifle, little something, minor thing (insignificant, minor, or little thing)",suffix,-keit,it,unknown,3.69,2.0,False,,,,,,,,,wiktionary:kaikki@2026-10-03,test
de,Helligkeit,f,brightness,brightness,suffix,-keit,it,native,3.6,3.0,False,,,,,,,,,wiktionary:kaikki@2026-10-03,test
de,Notwendigkeit,f,necessity,necessity,suffix,-keit,it,native,4.17,3.0,False,,,,,,,,,wiktionary:kaikki@2026-10-03,test
de,Funktionalität,f,functionality,functionality,suffix,-tät,ät,unknown,3.39,4.0,False,,,,,,,,,wiktionary:kaikki@2026-10-03,test
de,Aggressivität,f,aggressiveness,aggressiveness,suffix,-tät,ät,unknown,3.26,4.0,False,,,,,,,,,wiktionary:kaikki@2026-10-03,test
de,Elektrizität,f,electricity,electricity,suffix,-tät,ät,loan,3.53,5.0,False,,,,,,,,,wiktionary:kaikki@2026-10-03,test
de,Sexualität,f,sexuality,sexuality,suffix,-tät,ät,loan,3.9,2.0,False,,,,,,,,,wiktionary:kaikki@2026-10-03,test
de,Identität,f,sameness,"sameness, identicalness, identity",suffix,-tät,ät,loan,4.42,2.0,False,,,,,,,,,wiktionary:kaikki@2026-10-03,test
de,Spiritualität,f,spirituality,spirituality,suffix,-tät,ät,loan,3.42,2.0,False,,,,,,,,,wiktionary:kaikki@2026-10-03,test
de,Seriosität,f,respectability,"respectability, seriousness, reliability",suffix,-tät,ät,loan,3.01,3.0,False,,,,,,,,,wiktionary:kaikki@2026-10-03,test
de,Loyalität,f,loyalty,loyalty,suffix,-tät,ät,loan,3.63,3.0,False,,,,,,,,,wiktionary:kaikki@2026-10-03,test
de,Absurdität,f,absurdity,absurdity,suffix,-tät,ät,unknown,3.02,3.0,False,,,,,,,,,wiktionary:kaikki@2026-10-03,test
de,Stabilität,f,stability,stability,suffix,-tät,ät,loan,4.04,3.0,False,,,,,,,,,wiktionary:kaikki@2026-10-03,test
de,Kapazität,f,capacity,capacity,suffix,-tät,ät,loan,3.94,3.0,False,,,,,,,,,wiktionary:kaikki@2026-10-03,test
de,Quantität,f,quantity,quantity,suffix,-tät,ät,loan,3.49,2.0,False,,,,,,,,,wiktionary:kaikki@2026-10-03,test
de,Originalität,f,originality,originality,suffix,-tät,ät,native,3.09,2.0,False,,,,,,,,,wiktionary:kaikki@2026-10-03,test
de,Aktualität,f,relevance to the current time,"relevance to the current time, up-to-dateness, currentness",suffix,-tät,ät,native,3.43,3.0,False,,,,,,,,,wiktionary:kaikki@2026-10-03,test
de,Rivalität,f,rivalry,rivalry (competition),suffix,-tät,ät,unknown,3.27,3.0,False,,,,,,,,,wiktionary:kaikki@2026-10-03,test
de,Brutalität,f,brutality,brutality,suffix,-tät,ät,unknown,3.32,3.0,False,,,,,,,,,wiktionary:kaikki@2026-10-03,test
de,Fakultät,f,factorial,factorial,suffix,-tät,ät,loan,4.02,4.0,False,,,,,,,,,wiktionary:kaikki@2026-10-03,test
de,Komplexität,f,complexity,complexity,suffix,-tät,ät,unknown,3.78,3.0,False,,,,,,,,,wiktionary:kaikki@2026-10-03,test
de,Objektivität,f,objectivity,"objectivity, impartiality",suffix,-tät,ät,unknown,3.47,4.0,False,,,,,,,,,wiktionary:kaikki@2026-10-03,test
de,Stabilisierung,f,stabilization,stabilization,suffix,-ung,ng,unknown,3.53,4.0,False,,,,,,,,,wiktionary:kaikki@2026-10-03,test
de,Belohnung,f,reward,"reward, bounty",suffix,-ung,ng,native,4.06,3.0,False,,,,,,,,,wiktionary:kaikki@2026-10-03,test
de,Ernährung,f,nutrition,nutrition,suffix,-ung,ng,native,4.4,4.0,False,,,,,,,,,wiktionary:kaikki@2026-10-03,test
de,Beteiligung,f,participation,participation (act of participating),suffix,-ung,ng,unknown,4.36,4.0,False,,,,,,,,,wiktionary:kaikki@2026-10-03,test
de,Zählung,f,count,"count (the process and the result of establishing the number or quantity of items); census; metering, reckoning",suffix,-ung,ng,unknown,3.31,3.0,False,,,,,,,,,wiktionary:kaikki@2026-10-03,test
de,Gattung,f,type,"type, kind, sort",suffix,-ung,ng,native,4.1,3.0,False,,,,,,,,,wiktionary:kaikki@2026-10-03,test
de,Gruppierung,f,arrangement,arrangement,suffix,-ung,ng,unknown,3.65,3.0,False,,,,,,,,,wiktionary:kaikki@2026-10-03,test
de,Erklärung,f,explanation,explanation,suffix,-ung,ng,native,4.69,3.0,False,,,,,,,,,wiktionary:kaikki@2026-10-03,test
de,Handhabung,f,handling,"handling, manipulation",suffix,-ung,ng,unknown,3.61,3.0,False,,,,,,,,,wiktionary:kaikki@2026-10-03,test
de,Wartung,f,maintenance,maintenance,suffix,-ung,ng,native,3.67,3.0,False,,,,,,,,,wiktionary:kaikki@2026-10-03,test
de,Vernetzung,f,interconnection,"interconnection, interconnectedness, linking, linkage",suffix,-ung,ng,native,3.71,3.0,False,,,,,,,,,wiktionary:kaikki@2026-10-03,test
de,Anstellung,f,job,"job, employment",suffix,-ung,ng,native,3.69,2.0,False,,,,,,,,,wiktionary:kaikki@2026-10-03,test
de,Automatisierung,f,automation,automation,suffix,-ung,ng,native,3.53,3.0,False,,,,,,,,,wiktionary:kaikki@2026-10-03,test
de,Anfertigung,f,making,making; creation; production,suffix,-ung,ng,native,3.17,4.0,False,,,,,,,,,wiktionary:kaikki@2026-10-03,test
de,Abrüstung,f,disarmament,disarmament,suffix,-ung,ng,native,3.15,3.0,False,,,,,,,,,wiktionary:kaikki@2026-10-03,test
de,Setzung,f,setting,"setting, settlement, positing",suffix,-ung,ng,native,3.13,2.0,False,,,,,,,,,wiktionary:kaikki@2026-10-03,test
de,Zubereitung,f,preparation,preparation,suffix,-ung,ng,native,3.53,3.0,False,,,,,,,,,wiktionary:kaikki@2026-10-03,test
de,Endung,f,ending,ending,suffix,-ung,ng,native,3.3,2.0,False,,,,,,,,,wiktionary:kaikki@2026-10-03,test
de,Festung,f,fortress,"fortress, fortification",suffix,-ung,ng,native,3.96,2.0,False,,,,,,,,,wiktionary:kaikki@2026-10-03,test
de,Beratung,f,discussion,discussion,suffix,-ung,ng,native,4.36,3.0,False,,,,,,,,,wiktionary:kaikki@2026-10-03,test
de,Literatur,f,literature,"literature (written works collectively, often about a certain topic, in a certain language etc.)",suffix,-ur,ur,loan,4.78,2.0,True,,,,,,,,,wiktionary:kaikki@2026-10-03,test
de,Rezeptur,f,recipe,recipe,suffix,-ur,ur,loan,3.04,3.0,False,,,,,,,,,wiktionary:kaikki@2026-10-03,test
de,Skulptur,f,sculpture,sculpture (work of art),suffix,-ur,ur,unknown,3.71,3.0,False,,,,,,,,,wiktionary:kaikki@2026-10-03,test
de,Zensur,f,censorship,censorship,suffix,-ur,ur,unknown,3.91,3.0,False,,,,,,,,,wiktionary:kaikki@2026-10-03,test
de,Statur,f,build,"build; physique; figure (of the body, particularly the bones and muscles)",suffix,-ur,ur,loan,3.16,2.0,False,,,,,,,,,wiktionary:kaikki@2026-10-03,test
de,Reparatur,f,repair,"repair, mending",suffix,-ur,ur,loan,3.85,3.0,False,,,,,,,,,wiktionary:kaikki@2026-10-03,test
de,Schwur,m,oath,oath,suffix,-ur,ur,native,3.18,2.0,False,,,,,,,,,wiktionary:kaikki@2026-10-03,test
de,Struktur,f,structure,structure,suffix,-ur,ur,loan,4.44,2.0,False,,,,,,,,,wiktionary:kaikki@2026-10-03,test
de,Konjunktur,f,current economic situation,"current economic situation, current trend in the business or trade cycle",suffix,-ur,ur,loan,3.53,4.0,False,,,,,,,,,wiktionary:kaikki@2026-10-03,test
de,Diktatur,f,dictatorship,dictatorship,suffix,-ur,ur,loan,4.1,3.0,False,,,,,,,,,wiktionary:kaikki@2026-10-03,test
de,Kandidatur,f,candidacy,"candidacy, candidature",suffix,-ur,ur,unknown,3.7,3.0,False,,,,,,,,,wiktionary:kaikki@2026-10-03,test
de,Fraktur,f,fracture,"fracture (bone, etc.)",suffix,-ur,ur,loan,3.17,3.0,False,,,,,,,,,wiktionary:kaikki@2026-10-03,test
de,Natur,f,nature,nature (the natural world),suffix,-ur,ur,native,4.94,1.0,True,,,,,,,,,wiktionary:kaikki@2026-10-03,test
de,Architektur,f,architecture,architecture,suffix,-ur,ur,loan,4.33,4.0,False,,,,,,,,,wiktionary:kaikki@2026-10-03,test
de,Figur,f,figure,"figure, figurine",suffix,-ur,ur,loan,4.54,2.0,True,,,,,,,,,wiktionary:kaikki@2026-10-03,test
de,Wochenende,n,weekend,"weekend (break in the working week, usually Saturday and Sunday)",compound_test,,de,unknown,4.96,2.0,False,,Ende,Woche,f,True,,,,wiktionary:kaikki@2026-10-03,test
de,Zeitpunkt,m,moment,"moment (instant of time), point in time, a timepoint",compound_test,,kt,native,4.86,2.0,False,,Punkt,Zeit,f,True,,,,wiktionary:kaikki@2026-10-03,test
de,Flugzeug,n,aeroplane,aeroplane,compound_test,,ug,native,4.46,3.0,False,,Zeug,Flug,m,True,,,,wiktionary:kaikki@2026-10-03,test
de,Haushalt,m,household,"household (collectively, all the persons who live in a given home)",compound_test,,lt,unknown,4.35,3.0,False,,Halt,Haus,n,True,,,,wiktionary:kaikki@2026-10-03,test
de,Grundstück,n,land,"land, parcel, real estate",compound_test,,ck,native,4.28,2.0,False,,Stück,Grund,m,True,,,,wiktionary:kaikki@2026-10-03,test
de,Staatsanwaltschaft,f,public prosecutor's office,public prosecutor's office,compound_test,-schaft,ft,native,4.25,6.0,False,,Anwaltschaft,Staat,m,True,,,,wiktionary:kaikki@2026-10-03,test
de,Schlafzimmer,n,bedroom,"bedroom (bed-room), bedchamber (bed-chamber)",compound_test,,er,native,4.19,3.0,False,,Zimmer,Schlaf,m,True,,,,wiktionary:kaikki@2026-10-03,test
de,Supermarkt,m,supermarket,supermarket,compound_test,,kt,native,4.17,2.0,True,,Markt,Super,n,True,,,,wiktionary:kaikki@2026-10-03,test
de,Baustelle,f,building site,"building site, construction site",compound_test,,le,native,4.04,3.0,False,,Stelle,Bau,m,True,,,,wiktionary:kaikki@2026-10-03,test
de,Selbstmord,m,suicide,suicide,compound_test,,rd,native,4.01,3.0,False,,Mord,Selbst,n,True,,,,wiktionary:kaikki@2026-10-03,test
de,Lebenslauf,m,curriculum vitae,"curriculum vitae (UK), résumé (US)",compound_test,,uf,native,4.0,2.0,False,,Lauf,Leben,n,True,,,,wiktionary:kaikki@2026-10-03,test
de,Tageszeitung,f,daily,daily (a newspaper that is published every day),compound_test,-ung,ng,native,3.95,4.0,False,,Zeitung,Tag,m,True,,,,wiktionary:kaikki@2026-10-03,test
de,Feststellung,f,finding,"finding, assessment, discovery",compound_test,-ung,ng,native,3.94,2.0,False,,Stellung,Fest,n,True,,,,wiktionary:kaikki@2026-10-03,test
de,Körperverletzung,f,bodily injury,"bodily injury, bodily harm, battery (crime)",compound_test,-ung,ng,native,3.93,4.0,False,,Verletzung,Körper,m,True,,,,wiktionary:kaikki@2026-10-03,test
de,Besatzung,f,crew,"crew (group of people operating a ship, plane, or large facility)",compound_test,-ung,ng,unknown,3.92,3.0,False,,Atzung,Bes,n,True,,,,wiktionary:kaikki@2026-10-03,test
de,Einzelhandel,m,retail,retail (sale of goods directly to the consumer),compound_test,,el,native,3.92,4.0,False,,Handel,Einzel,n,True,,,,wiktionary:kaikki@2026-10-03,test
de,Wahlrecht,n,right to vote,"right to vote, suffrage",compound_test,,ht,native,3.87,2.0,False,,Recht,Wahl,f,True,,,,wiktionary:kaikki@2026-10-03,test
de,Sonnenuntergang,m,sunset,sunset (time of day),compound_test,,ng,native,3.87,4.0,False,,Untergang,Sonne,f,True,,,,wiktionary:kaikki@2026-10-03,test
de,Diskurs,m,discourse,discourse (verbal exchange or conversation),compound_test,,rs,unknown,3.86,2.0,False,,Kurs,Dis,n,True,,,,wiktionary:kaikki@2026-10-03,test
de,Lebensraum,m,living space,living space,compound_test,,um,native,3.86,3.0,False,,Raum,Leben,n,True,,,,wiktionary:kaikki@2026-10-03,test
de,Kopftuch,n,headscarf,"headscarf, kerchief",compound_test,,ch,native,3.85,3.0,False,wordnet:garment.n.01,Tuch,Kopf,m,True,,,,wiktionary:kaikki@2026-10-03,test
de,Kunstwerk,n,artwork,"artwork, work of art, piece of art",compound_test,,rk,native,3.84,2.0,False,,Werk,Kunst,f,True,,,,wiktionary:kaikki@2026-10-03,test
de,Tagesordnung,f,agenda,agenda; order of the day (business to be done by a body or group of people on a particular day),compound_test,-ung,ng,native,3.84,4.0,False,,Ordnung,Tag,m,True,,,,wiktionary:kaikki@2026-10-03,test
de,Lebensweise,f,lifestyle,"lifestyle, way of life",compound_test,,se,native,3.83,2.0,False,,Weise,Leben,n,True,,,,wiktionary:kaikki@2026-10-03,test
de,Betriebssystem,n,operating system,operating system,compound_test,,em,native,3.81,4.0,False,,System,Betrieb,m,True,,,,wiktionary:kaikki@2026-10-03,test
de,Tagesschau,f,edition of either of the above programs,"an edition of either of the above programs, especially the main evening news",compound_test,,au,native,3.8,4.0,False,,Schau,Tag,m,True,,,,wiktionary:kaikki@2026-10-03,test
de,Herzinfarkt,m,myocardial infarction,"myocardial infarction (necrosis of heart muscle), heart attack",compound_test,,kt,native,3.79,4.0,False,,Infarkt,Herz,n,True,,,,wiktionary:kaikki@2026-10-03,test
de,Klimaanlage,f,air conditioner,air conditioner,compound_test,,ge,native,3.77,4.0,False,,Anlage,Klima,n,True,,,,wiktionary:kaikki@2026-10-03,test
de,Dienstleistung,f,service,"service, provision of services",compound_test,-ung,ng,native,3.77,4.0,False,,Leistung,Dienst,m,True,,,,wiktionary:kaikki@2026-10-03,test
de,Blutdruck,m,blood pressure,blood pressure,compound_test,,ck,native,3.77,4.0,False,,Druck,Blut,n,True,,,,wiktionary:kaikki@2026-10-03,test
de,Hauptrolle,f,lead,lead (starring role in a drama),compound_test,,le,native,3.77,3.0,False,,Rolle,Haupt,n,True,,,,wiktionary:kaikki@2026-10-03,test
de,Rechtfertigung,f,justification,justification,compound_test,-ung,ng,native,3.75,5.0,False,,Fertigung,Recht,n,True,,,,wiktionary:kaikki@2026-10-03,test
de,Psychotherapie,f,psychotherapy,psychotherapy,compound_test,,ie,native,3.74,4.0,False,,Therapie,Psycho,m,True,,,,wiktionary:kaikki@2026-10-03,test
de,Gasthaus,n,restaurant,"restaurant, inn, guesthouse",compound_test,,us,native,3.72,2.0,False,,Haus,Gast,m,True,,,,wiktionary:kaikki@2026-10-03,test
de,Handelsblatt,n,trade journal,trade journal,compound_test,,tt,native,3.72,4.0,False,,Blatt,Handel,m,True,,,,wiktionary:kaikki@2026-10-03,test
de,Selbstbestimmung,f,self-determination,self-determination,compound_test,-ung,ng,unknown,3.71,4.0,False,,Bestimmung,Selbst,n,True,,,,wiktionary:kaikki@2026-10-03,test
de,Lebensunterhalt,m,livelihood,livelihood,compound_test,,lt,native,3.71,3.0,False,,Unterhalt,Leben,n,True,,,,wiktionary:kaikki@2026-10-03,test
de,Tageslicht,n,daylight,daylight (light from the sun),compound_test,,ht,native,3.7,3.0,False,,Licht,Tag,m,True,,,,wiktionary:kaikki@2026-10-03,test
de,Eifersucht,f,jealousy,jealousy,compound_test,,ht,native,3.7,3.0,False,,Sucht,Eifer,m,True,,,,wiktionary:kaikki@2026-10-03,test
de,Arzneimittel,n,medicine,medicine; drug (healing substance),compound_test,,el,native,3.7,5.0,False,,Mittel,Arznei,f,True,,,,wiktionary:kaikki@2026-10-03,test
de,Sonnenaufgang,m,sunrise,sunrise,compound_test,,ng,native,3.69,5.0,False,,Aufgang,Sonne,f,True,,,,wiktionary:kaikki@2026-10-03,test
de,Rechtschreibung,f,orthography,orthography,compound_test,-ung,ng,loan,3.69,4.0,False,,Schreibung,Recht,n,True,,,,wiktionary:kaikki@2026-10-03,test
de,Klassenerhalt,m,avoidance of relegation,"avoidance of relegation, staying up (in the same league or class)",compound_test,,lt,unknown,3.68,4.0,False,,Erhalt,Klasse,f,True,,,,wiktionary:kaikki@2026-10-03,test
de,Lebensstil,m,lifestyle,lifestyle,compound_test,,il,native,3.67,3.0,False,,Stil,Leben,n,True,,,,wiktionary:kaikki@2026-10-03,test
de,Wortlaut,m,wording,wording,compound_test,,ut,native,3.67,3.0,False,,Laut,Wort,n,True,,,,wiktionary:kaikki@2026-10-03,test
de,Musikvideo,n,music video,music video,compound_test,,eo,loan,3.66,2.0,False,,Video,Musik,f,True,,,,wiktionary:kaikki@2026-10-03,test
de,Seitensprung,m,affair,"affair, (instance of) infidelity (temporary, often sexual relationship with someone other than one's partner)",compound_test,-ung,ng,native,3.66,3.0,False,,Sprung,Seite,f,True,,,,wiktionary:kaikki@2026-10-03,test
de,Fachhochschule,f,university of applied sciences,university of applied sciences,compound_test,,le,native,3.65,5.0,False,,Hochschule,Fach,n,True,,,,wiktionary:kaikki@2026-10-03,test
de,Bahnsteig,m,train platform,train platform,compound_test,,ig,unknown,3.64,4.0,False,,Steig,Bahn,f,True,,,,wiktionary:kaikki@2026-10-03,test
de,Wasserversorgung,f,water supply,water supply,compound_test,-ung,ng,native,3.64,4.0,False,,Versorgung,Wasser,n,True,,,,wiktionary:kaikki@2026-10-03,test
de,Lebensdauer,f,life expectancy,"life expectancy, lifetime (working life)",compound_test,,er,native,3.64,3.0,False,,Dauer,Leben,n,True,,,,wiktionary:kaikki@2026-10-03,test
de,Berufsausbildung,f,vocational training,vocational training,compound_test,-ung,ng,unknown,3.63,6.0,False,,Ausbildung,Beruf,m,True,,,,wiktionary:kaikki@2026-10-03,test
de,Fußgängerzone,f,pedestrian zone,pedestrian zone,compound_test,,ne,native,3.62,4.0,False,,Zone,Fußgänger,m,True,,,,wiktionary:kaikki@2026-10-03,test
de,Selbstverständlichkeit,f,naturalness,"naturalness, obviousness; matter of course",compound_test,-keit,it,native,3.61,3.0,False,,Verständlichkeit,Selbst,n,True,,,,wiktionary:kaikki@2026-10-03,test
de,Wirbelsäule,f,vertebral column,"vertebral column, backbone, spine",compound_test,,le,native,3.6,5.0,False,,Säule,Wirbel,m,True,,,,wiktionary:kaikki@2026-10-03,test
de,Bushaltestelle,f,bus stop,bus stop,compound_test,,le,native,3.6,4.0,False,,Haltestelle,Bus,m,True,,,,wiktionary:kaikki@2026-10-03,test
de,Wortschatz,m,vocabulary,vocabulary,compound_test,,tz,native,3.6,4.0,False,,Schatz,Wort,n,True,,,,wiktionary:kaikki@2026-10-03,test
de,Baujahr,n,model year,model year,compound_test,,hr,native,3.6,3.0,False,,Jahr,Bau,m,True,,,,wiktionary:kaikki@2026-10-03,test
de,Raumschiff,n,spaceship,"spaceship, spacecraft",compound_test,,ff,native,3.59,4.0,False,,Schiff,Raum,m,True,,,,wiktionary:kaikki@2026-10-03,test
de,Abtreibung,f,abortion,"abortion (of a human embryo, fetus, or baby)",compound_test,-ung,ng,native,3.59,4.0,False,,Reibung,Abt,m,True,,,,wiktionary:kaikki@2026-10-03,test
de,Zielsetzung,f,ambition,"ambition, aim, goal, purpose, objective",compound_test,-ung,ng,native,3.59,3.0,False,,Setzung,Ziel,n,True,,,,wiktionary:kaikki@2026-10-03,test
de,Vorratsdatenspeicherung,f,telecommunications data retention,telecommunications data retention,compound_test,-ung,ng,unknown,3.58,8.0,False,,Datenspeicherung,Vorrat,m,True,,,,wiktionary:kaikki@2026-10-03,test
de,Buchhaltung,f,accounting,"accounting, bookkeeping",compound_test,-ung,ng,native,3.58,3.0,False,,Haltung,Buch,n,True,,,,wiktionary:kaikki@2026-10-03,test
de,Schlussfolgerung,f,conclusion,conclusion,compound_test,-ung,ng,native,3.56,5.0,False,,Folgerung,Schluss,m,True,,,,wiktionary:kaikki@2026-10-03,test
de,Lebenserwartung,f,life expectancy,"life expectancy, lifespan (of organism)",compound_test,-ung,ng,native,3.56,4.0,False,,Erwartung,Leben,n,True,,,,wiktionary:kaikki@2026-10-03,test
de,Disposition,f,disposal,disposal,compound_test,-ion,on,loan,3.55,2.0,True,,Position,Dis,n,True,,,,wiktionary:kaikki@2026-10-03,test
de,Flüchtlingskrise,f,refugee crisis,refugee crisis,compound_test,,se,native,3.54,7.0,False,,Krise,Flüchtling,m,True,,,,wiktionary:kaikki@2026-10-03,test
de,Volksverhetzung,f,incitement to hatred,incitement to hatred,compound_test,-ung,ng,native,3.53,5.0,False,,Verhetzung,Volk,n,True,,,,wiktionary:kaikki@2026-10-03,test
de,Obergrenze,f,upper limit,"upper limit, cap, cutoff",compound_test,,ze,native,3.52,4.0,False,,Grenze,Ober,m,True,,,,wiktionary:kaikki@2026-10-03,test
de,Hauptgrund,m,main / chief reason,main / chief reason,compound_test,,nd,native,3.51,2.0,False,,Grund,Haupt,n,True,,,,wiktionary:kaikki@2026-10-03,test
de,Todesursache,f,cause of death,cause of death,compound_test,,he,native,3.51,4.0,False,,Ursache,Tod,m,True,,,,wiktionary:kaikki@2026-10-03,test
de,Mehrwertsteuer,f,value added tax,value added tax (tax levied on added value of an exchange),compound_test,,er,native,3.51,4.0,False,,Wertsteuer,Mehr,n,True,,,,wiktionary:kaikki@2026-10-03,test
de,Automobilindustrie,f,automotive industry,"automotive industry, automobile industry",compound_test,,ie,unknown,3.5,5.0,False,,Industrie,Automobil,n,True,,,,wiktionary:kaikki@2026-10-03,test
de,Gastfreundschaft,f,hospitality,hospitality,compound_test,-schaft,ft,native,3.49,4.0,False,,Freundschaft,Gast,m,True,,,,wiktionary:kaikki@2026-10-03,test
de,Volksmusik,f,folk music,"folk music, traditional music",compound_test,-ik,ik,native,3.48,4.0,False,,Musik,Volk,n,True,,,,wiktionary:kaikki@2026-10-03,test
de,Wahlprogramm,n,election platform,"election platform (US), election manifesto (UK)",compound_test,,mm,native,3.48,3.0,False,,Programm,Wahl,f,True,,,,wiktionary:kaikki@2026-10-03,test
de,Fußballspiel,n,football,"football, soccer",compound_test,,el,native,3.48,2.0,False,,Ballspiel,Fuß,m,True,,,,wiktionary:kaikki@2026-10-03,test
de,Goldmedaille,f,gold medal,gold medal,compound_test,,le,native,3.47,3.0,False,,Medaille,Gold,n,True,,,,wiktionary:kaikki@2026-10-03,test
de,Homophobie,f,homophobia,homophobia,compound_test,,ie,loan,3.47,4.0,True,,Phobie,Homo,m,True,,,,wiktionary:kaikki@2026-10-03,test
de,Körpergröße,f,body size,body size,compound_test,,ße,unknown,3.46,2.0,False,,Größe,Körper,m,True,,,,wiktionary:kaikki@2026-10-03,test
de,Alleingang,m,solo action / effort,solo action / effort,compound_test,,ng,unknown,3.46,3.0,False,,Eingang,All,n,True,,,,wiktionary:kaikki@2026-10-03,test
de,Kleiderschrank,m,wardrobe,wardrobe (cabinet in which clothes may be stored),compound_test,,nk,native,3.45,4.0,False,,Schrank,Kleid,n,True,,,,wiktionary:kaikki@2026-10-03,test
de,Radsport,m,cycling,cycling,compound_test,,rt,native,3.44,3.0,False,,Sport,Rad,n,True,,,,wiktionary:kaikki@2026-10-03,test
de,Podiumsdiskussion,f,panel discussion,panel discussion,compound_test,-ion,on,native,3.43,5.0,False,,Diskussion,Podium,n,True,,,,wiktionary:kaikki@2026-10-03,test
de,Zahnbürste,f,toothbrush,toothbrush,compound_test,,te,native,3.43,4.0,False,,Bürste,Zahn,m,True,,,,wiktionary:kaikki@2026-10-03,test
de,Jahreswechsel,m,turn of the year,turn of the year,compound_test,,el,native,3.43,3.0,False,,Wechsel,Jahr,n,True,,,,wiktionary:kaikki@2026-10-03,test
de,Tiefgarage,f,underground parking,underground parking,compound_test,,ge,native,3.43,4.0,False,,Garage,Tief,n,True,,,,wiktionary:kaikki@2026-10-03,test
de,Justizministerium,n,justice ministry,justice ministry,compound_test,,um,native,3.42,5.0,False,,Ministerium,Justiz,f,True,,,,wiktionary:kaikki@2026-10-03,test
de,Wettbewerbsfähigkeit,f,competitiveness,competitiveness,compound_test,-keit,it,native,3.42,7.0,False,,Fähigkeit,Wettbewerb,m,True,,,,wiktionary:kaikki@2026-10-03,test
de,Bettwäsche,f,bedding,"bedding, bedclothes, bedlinen",compound_test,,he,native,3.4,4.0,False,,Wäsche,Bett,n,True,,,,wiktionary:kaikki@2026-10-03,test
de,Ausnahmezustand,m,irregular situation,irregular situation,compound_test,,nd,native,3.4,5.0,False,,Zustand,Ausnahme,f,True,,,,wiktionary:kaikki@2026-10-03,test
de,Herzschlag,m,heartbeat,heartbeat,compound_test,,ag,native,3.39,3.0,False,,Schlag,Herz,n,True,,,,wiktionary:kaikki@2026-10-03,test
de,Personalausweis,m,identity card,"identity card, ID card",compound_test,,is,native,3.39,4.0,False,,Ausweis,Personal,n,True,,,,wiktionary:kaikki@2026-10-03,test
de,Tierpark,m,zoo,zoo (park where live animals are exhibited),compound_test,,rk,native,3.38,2.0,False,,Park,Tier,n,True,,,,wiktionary:kaikki@2026-10-03,test
de,Wertschöpfung,f,added value,"added value, value added",compound_test,-ung,ng,unknown,3.38,6.0,False,,Schöpfung,Wert,m,True,,,,wiktionary:kaikki@2026-10-03,test
de,Stromerzeugung,f,power generation,power generation,compound_test,-ung,ng,native,3.36,4.0,False,,Erzeugung,Strom,m,True,,,,wiktionary:kaikki@2026-10-03,test
de,Karosserie,f,body,body,compound_test,,ie,loan,3.36,3.0,False,,Serie,Karo,n,True,,,,wiktionary:kaikki@2026-10-03,test
de,Abendmahl,n,last supper,Last Supper (Biblical event),compound_test,,hl,native,3.36,4.0,False,,Mahl,Abend,m,True,,,,wiktionary:kaikki@2026-10-03,test
de,Hakenkreuz,n,swastika,"swastika, fylfot",compound_test,,uz,native,3.35,4.0,False,,Kreuz,Haken,m,True,,,,wiktionary:kaikki@2026-10-03,test
de,Reiseziel,n,destination,"destination (the place set for the end of a journey, or to which something is sent)",compound_test,,el,native,3.35,3.0,False,,Ziel,Reise,f,True,,,,wiktionary:kaikki@2026-10-03,test
de,Eigenverantwortung,f,direct responsibility,"direct responsibility, one's own responsibility, one's own authority",compound_test,-ung,ng,native,3.33,4.0,False,,Verantwortung,Eigen,n,True,,,,wiktionary:kaikki@2026-10-03,test
de,Schusswaffe,f,firearm,"firearm, gun",compound_test,,fe,native,3.32,4.0,False,,Waffe,Schuss,m,True,,,,wiktionary:kaikki@2026-10-03,test
de,Mülltonne,f,wheelie bin,"wheelie bin; garbage can (large container for wet rubbish, usually outdoors and now usually on wheels)",compound_test,,ne,unknown,3.32,4.0,False,,Tonne,Müll,m,True,,,,wiktionary:kaikki@2026-10-03,test
de,Rechtsgrundlage,f,legal basis,legal basis,compound_test,,ge,native,3.32,4.0,False,,Grundlage,Recht,n,True,,,,wiktionary:kaikki@2026-10-03,test
de,Siegerehrung,f,ceremony honouring a winner at a sports competition,"a ceremony honouring a winner at a sports competition, victory ceremony",compound_test,-ung,ng,unknown,3.32,4.0,False,,Ehrung,Sieg,m,True,,,,wiktionary:kaikki@2026-10-03,test
de,Körpersprache,f,body language,body language,compound_test,,he,native,3.32,5.0,False,,Sprache,Körper,m,True,,,,wiktionary:kaikki@2026-10-03,test
de,Wahlsieg,m,election victory,"election victory, election win",compound_test,,eg,native,3.31,3.0,False,,Sieg,Wahl,f,True,,,,wiktionary:kaikki@2026-10-03,test
de,Heimreise,f,homeward journey,"homeward journey, journey home, trip home",compound_test,,se,unknown,3.31,4.0,False,,Reise,Heim,n,True,,,,wiktionary:kaikki@2026-10-03,test
de,Rosenkranz,m,rosary,rosary (set of prayers; chain of beads used therefore),compound_test,-anz,nz,native,3.29,4.0,False,,Kranz,Rose,f,True,,,,wiktionary:kaikki@2026-10-03,test
de,Internetpräsenz,f,internet presence,Internet presence,compound_test,-enz,nz,native,3.29,5.0,False,,Präsenz,Internet,n,True,,,,wiktionary:kaikki@2026-10-03,test
de,Rechtswissenschaft,f,jurisprudence,jurisprudence,compound_test,-schaft,ft,native,3.29,4.0,False,,Wissenschaft,Recht,n,True,,,,wiktionary:kaikki@2026-10-03,test
de,Jahresbeginn,m,beginning of the year,beginning of the year,compound_test,,nn,native,3.27,3.0,False,,Beginn,Jahr,n,True,,,,wiktionary:kaikki@2026-10-03,test
de,Jahresabschluss,m,annual financial statement,annual financial statement,compound_test,,ss,native,3.27,3.0,False,,Abschluss,Jahr,n,True,,,,wiktionary:kaikki@2026-10-03,test
de,Buchführung,f,bookkeeping,"bookkeeping, accounting",compound_test,-ung,ng,native,3.27,2.0,False,,Führung,Buch,n,True,,,,wiktionary:kaikki@2026-10-03,test
de,Bankkonto,n,bank account,bank account,compound_test,,to,native,3.26,3.0,False,,Konto,Bank,f,True,,,,wiktionary:kaikki@2026-10-03,test
de,Wasserwerfer,m,water cannon,water cannon,compound_test,,er,unknown,3.25,3.0,False,,Werfer,Wasser,n,True,,,,wiktionary:kaikki@2026-10-03,test
de,Bauwesen,n,construction,construction (trade of building),compound_test,,en,native,3.25,3.0,False,,Wesen,Bau,m,True,,,,wiktionary:kaikki@2026-10-03,test
de,Stichprobe,f,sample,sample,compound_test,,be,native,3.25,3.0,False,,Probe,Stich,m,True,,,,wiktionary:kaikki@2026-10-03,test
de,Lichtblick,m,silver lining,"silver lining, ray of hope, bright spot",compound_test,,ck,native,3.24,2.0,False,,Blick,Licht,n,True,,,,wiktionary:kaikki@2026-10-03,test
de,Bademantel,m,bathrobe,"bathrobe (US), dressing gown (UK)",compound_test,,el,native,3.24,4.0,False,wordnet:garment.n.01,Mantel,Bad,n,True,,,,wiktionary:kaikki@2026-10-03,test
de,Handschuh,m,any handwear,"any handwear; glove, mitten, mitt, gauntlet",compound_test,,uh,native,3.24,3.0,False,,Schuh,Hand,f,True,,,,wiktionary:kaikki@2026-10-03,test
de,Wasserleitung,f,water conduit,water conduit,compound_test,-ung,ng,native,3.22,2.0,False,,Leitung,Wasser,n,True,,,,wiktionary:kaikki@2026-10-03,test
de,Kunsthandwerk,n,handicraft,handicraft,compound_test,,rk,native,3.21,3.0,False,,Handwerk,Kunst,f,True,,,,wiktionary:kaikki@2026-10-03,test
de,Wasserdampf,m,steam,steam,compound_test,,pf,native,3.2,4.0,False,,Dampf,Wasser,n,True,,,,wiktionary:kaikki@2026-10-03,test
de,Internetverbindung,f,internet connection,Internet connection,compound_test,-ung,ng,native,3.19,3.0,False,,Verbindung,Internet,n,True,,,,wiktionary:kaikki@2026-10-03,test
de,Pilotprojekt,n,pilot project or experiment,pilot project or experiment,compound_test,,kt,native,3.18,3.0,False,,Projekt,Pilot,m,True,,,,wiktionary:kaikki@2026-10-03,test
de,Besinnung,f,consciousness,consciousness,compound_test,-ung,ng,unknown,3.18,3.0,False,,Innung,Bes,n,True,,,,wiktionary:kaikki@2026-10-03,test
de,Blumenstrauß,m,bouquet,bouquet (bunch of flowers),compound_test,,uß,native,3.18,5.0,False,,Strauß,Blume,f,True,,,,wiktionary:kaikki@2026-10-03,test
de,Selbstkritik,f,self-criticism,self-criticism,compound_test,-ik,ik,unknown,3.18,3.0,False,,Kritik,Selbst,n,True,,,,wiktionary:kaikki@2026-10-03,test
de,Steinkohle,f,glance coal,glance coal,compound_test,,le,native,3.17,4.0,False,,Kohle,Stein,m,True,,,,wiktionary:kaikki@2026-10-03,test
de,Mittellinie,f,line through the middle or centre of something,a line through the middle or centre of something; midline; centreline,compound_test,,ie,native,3.17,4.0,False,,Linie,Mittel,n,True,,,,wiktionary:kaikki@2026-10-03,test
de,Volkszählung,f,census,census,compound_test,-ung,ng,native,3.17,4.0,False,,Zählung,Volk,n,True,,,,wiktionary:kaikki@2026-10-03,test
de,Briefmarke,f,postage stamp,postage stamp,compound_test,,ke,native,3.17,3.0,False,,Marke,Brief,m,True,,,,wiktionary:kaikki@2026-10-03,test
de,Mordkommission,f,homicide division,"homicide division, homicide squad",compound_test,-ion,on,native,3.16,4.0,False,,Kommission,Mord,m,True,,,,wiktionary:kaikki@2026-10-03,test
de,Lederjacke,f,leather jacket,leather jacket,compound_test,,ke,native,3.15,4.0,False,wordnet:garment.n.01,Jacke,Leder,n,True,,,,wiktionary:kaikki@2026-10-03,test
de,Weltfrieden,m,world peace,"world peace, universal peace",compound_test,,en,native,3.15,3.0,False,,Frieden,Welt,f,True,,,,wiktionary:kaikki@2026-10-03,test
de,Partnersuche,f,dating,"dating, searching for a partner",compound_test,,he,native,3.15,2.0,False,,Suche,Partner,m,True,,,,wiktionary:kaikki@2026-10-03,test
de,Kokosnuss,f,coconut,coconut,compound_test,,ss,native,3.14,4.0,False,,Nuss,Kokos,n,True,,,,wiktionary:kaikki@2026-10-03,test
de,Notdienst,m,emergency service,emergency service,compound_test,,st,native,3.14,4.0,False,,Dienst,Not,f,True,,,,wiktionary:kaikki@2026-10-03,test
de,Festanstellung,f,permanent position,"permanent position, permanent employment (a long-term employment contract that does not have a predetermined end date)",compound_test,-ung,ng,native,3.14,3.0,False,,Anstellung,Fest,n,True,,,,wiktionary:kaikki@2026-10-03,test
de,Ausgangssperre,f,curfew,curfew,compound_test,,re,native,3.13,5.0,False,,Sperre,Ausgang,m,True,,,,wiktionary:kaikki@2026-10-03,test
de,Personalabteilung,f,department of human resources,department of human resources,compound_test,-ung,ng,unknown,3.12,4.0,False,,Abteilung,Personal,n,True,,,,wiktionary:kaikki@2026-10-03,test
de,Grundvoraussetzung,f,prerequisite,prerequisite,compound_test,-ung,ng,native,3.12,6.0,False,,Voraussetzung,Grund,m,True,,,,wiktionary:kaikki@2026-10-03,test
de,Umkehrschluss,m,converse,converse (inversion of an argument),compound_test,,ss,native,3.11,5.0,False,,Schluss,Umkehr,f,True,,,,wiktionary:kaikki@2026-10-03,test
de,Asylantrag,m,asylum application,asylum application,compound_test,,ag,native,3.11,3.0,False,,Antrag,Asyl,n,True,,,,wiktionary:kaikki@2026-10-03,test
de,Rosenmontag,m,shrove monday,"Shrove Monday, Collop Monday, Rose Monday, Merry Monday, Hall Monday (the Monday before Ash Wednesday, highlight of the German carnival season)",compound_test,,ag,native,3.1,3.0,False,,Montag,Rose,f,True,,,,wiktionary:kaikki@2026-10-03,test
de,Haarausfall,m,alopecia,"alopecia, hair loss",compound_test,,ll,native,3.1,4.0,False,,Ausfall,Haar,n,True,,,,wiktionary:kaikki@2026-10-03,test
de,Senatsverwaltung,f,senate department,senate department,compound_test,-ung,ng,native,3.09,5.0,False,,Verwaltung,Senat,m,True,,,,wiktionary:kaikki@2026-10-03,test
de,Selbstjustiz,f,vigilantism,vigilantism,compound_test,,iz,native,3.09,3.0,False,,Justiz,Selbst,n,True,,,,wiktionary:kaikki@2026-10-03,test
de,Wasserburg,f,water castle,"water castle, moated castle",compound_test,,rg,native,3.09,2.0,False,,Burg,Wasser,n,True,,,,wiktionary:kaikki@2026-10-03,test
de,Feuerwache,f,fire station,fire station,compound_test,,he,unknown,3.07,4.0,False,,Wache,Feuer,n,True,,,,wiktionary:kaikki@2026-10-03,test
de,Ostfront,f,eastern front,eastern front (a front located to the east of the territory one controls),compound_test,,nt,unknown,3.06,2.0,False,,Front,Ost,m,True,,,,wiktionary:kaikki@2026-10-03,test
de,Rechtsruck,m,shift to the right,"shift to the right, swing to the right",compound_test,,ck,native,3.05,4.0,False,,Ruck,Recht,n,True,,,,wiktionary:kaikki@2026-10-03,test
de,Ausgangssituation,f,initial situation,"initial situation, starting situation",compound_test,-ion,on,native,3.05,5.0,False,,Situation,Ausgang,m,True,,,,wiktionary:kaikki@2026-10-03,test
de,Patientenverfügung,f,advance directive,advance directive,compound_test,-ung,ng,native,3.05,5.0,False,,Verfügung,Patient,m,True,,,,wiktionary:kaikki@2026-10-03,test
de,Herzfrequenz,f,heart rate,heart rate,compound_test,-enz,nz,native,3.05,4.0,False,,Frequenz,Herz,n,True,,,,wiktionary:kaikki@2026-10-03,test
de,Meeresboden,m,seabed,seabed,compound_test,,en,native,3.04,4.0,False,,Boden,Meer,n,True,,,,wiktionary:kaikki@2026-10-03,test
de,Produktpalette,f,assortment,"assortment, product line, product range",compound_test,,te,unknown,3.04,3.0,False,,Palette,Produkt,n,True,,,,wiktionary:kaikki@2026-10-03,test
de,Polarisierung,f,polarization / polarisation,polarization / polarisation,compound_test,-ung,ng,unknown,3.04,3.0,False,,Arisierung,Pol,m,True,,,,wiktionary:kaikki@2026-10-03,test
de,Hexenjagd,f,witch-hunt,witch-hunt,compound_test,,gd,native,3.02,5.0,False,,Jagd,Hexen,n,True,,,,wiktionary:kaikki@2026-10-03,test
de,Armbrust,f,crossbow,"crossbow, arbalest",compound_test,,st,native,3.02,3.0,False,,Brust,Arm,m,True,,,,wiktionary:kaikki@2026-10-03,test
de,Dampfmaschine,f,steam engine,steam engine,compound_test,,ne,native,3.02,5.0,False,,Maschine,Dampf,m,True,,,,wiktionary:kaikki@2026-10-03,test
de,Fehlermeldung,f,error message,error message,compound_test,-ung,ng,native,3.02,2.0,False,,Meldung,Fehler,m,True,,,,wiktionary:kaikki@2026-10-03,test
de,Staatsverschuldung,f,national debt,"national debt, government debt",compound_test,-ung,ng,native,3.02,6.0,False,,Verschuldung,Staat,m,True,,,,wiktionary:kaikki@2026-10-03,test
de,Lebensabend,m,sunset years,sunset years; eventide of one’s life (lifespan beyond circa 60 years of age),compound_test,,nd,native,3.02,3.0,False,,Abend,Leben,n,True,,,,wiktionary:kaikki@2026-10-03,test
de,Marktforschung,f,market research,market research,compound_test,-ung,ng,unknown,3.02,4.0,False,,Forschung,Markt,m,True,,,,wiktionary:kaikki@2026-10-03,test
de,Zahnmedizin,f,dentistry,dentistry,compound_test,,in,native,3.01,4.0,False,,Medizin,Zahn,m,True,,,,wiktionary:kaikki@2026-10-03,test
de,Fußballmannschaft,f,football team,"football team, soccer team",compound_test,-schaft,ft,native,2.99,4.0,False,,Mannschaft,Fußball,m,True,,,,wiktionary:kaikki@2026-10-03,test
de,Startkapital,n,seed money,seed money (money used to set up a new business venture),compound_test,,al,native,2.99,3.0,False,,Kapital,Start,m,True,,,,wiktionary:kaikki@2026-10-03,test
de,Autoschlüssel,m,car key,"car key, ignition key",compound_test,,el,native,2.98,4.0,False,,Schlüssel,Auto,n,True,,,,wiktionary:kaikki@2026-10-03,test
de,Lebenszyklus,m,life cycle,life cycle,compound_test,,us,native,2.98,4.0,False,,Zyklus,Leben,n,True,,,,wiktionary:kaikki@2026-10-03,test
de,Internetanschluss,m,internet connection,Internet connection,compound_test,,ss,native,2.98,3.0,False,,Anschluss,Internet,n,True,,,,wiktionary:kaikki@2026-10-03,test
de,Kirchenchor,m,church choir,church choir,compound_test,,or,native,2.97,3.0,False,,Chor,Kirche,f,True,,,,wiktionary:kaikki@2026-10-03,test
de,Oberkommando,n,high command,high command,compound_test,,do,native,2.97,3.0,False,,Kommando,Ober,m,True,,,,wiktionary:kaikki@2026-10-03,test
de,Mobilmachung,f,mobilization,mobilization,compound_test,-ung,ng,native,2.95,4.0,False,,Machung,Mobil,n,True,,,,wiktionary:kaikki@2026-10-03,test
de,Flugticket,n,air ticket,"air ticket, airline ticket, flight ticket, plane ticket",compound_test,,et,native,2.95,3.0,False,,Ticket,Flug,m,True,,,,wiktionary:kaikki@2026-10-03,test
de,Polizeiauto,n,police car,police car,compound_test,,to,native,2.95,4.0,False,,Auto,Polizei,f,True,,,,wiktionary:kaikki@2026-10-03,test
de,Todesfolge,f,fact that a crime results in the unintended death of the victim,"the fact that a crime results in the unintended death of the victim, by negligence or (certain forms of) recklessness",compound_test,,ge,unknown,2.94,4.0,False,,Folge,Tod,m,True,,,,wiktionary:kaikki@2026-10-03,test
de,Selbstbefriedigung,f,masturbation,masturbation,compound_test,-ung,ng,native,2.94,4.0,False,,Befriedigung,Selbst,n,True,,,,wiktionary:kaikki@2026-10-03,test
de,Übergangsregierung,f,provisional government,"provisional government, caretaker government",compound_test,-ung,ng,native,2.94,5.0,False,,Regierung,Übergang,m,True,,,,wiktionary:kaikki@2026-10-03,test
de,Selbstbeherrschung,f,self-control,"self-control, composure",compound_test,-ung,ng,native,2.93,5.0,False,,Beherrschung,Selbst,n,True,,,,wiktionary:kaikki@2026-10-03,test
de,Fachbegriff,m,technical term,technical term,compound_test,,ff,native,2.93,4.0,False,,Begriff,Fach,n,True,,,,wiktionary:kaikki@2026-10-03,test
de,Sturmflut,f,storm surge,"storm surge, storm tide",compound_test,,ut,native,2.92,4.0,False,,Flut,Sturm,m,True,,,,wiktionary:kaikki@2026-10-03,test
de,Armeekorps,n,army corps,army corps,compound_test,,ps,unknown,2.92,5.0,False,,Korps,Armee,f,True,,,,wiktionary:kaikki@2026-10-03,test
de,Selbstzerstörung,f,self-destruction,self-destruction,compound_test,-ung,ng,native,2.91,5.0,False,,Zerstörung,Selbst,n,True,,,,wiktionary:kaikki@2026-10-03,test
de,Tonspur,f,soundtrack,soundtrack (a narrow strip running down a movie film that carries the recorded sound in synchronization with the pictures),compound_test,-ur,ur,native,2.9,3.0,False,,Spur,Ton,m,True,,,,wiktionary:kaikki@2026-10-03,test
de,Herzinsuffizienz,f,heart failure,heart failure,compound_test,-enz,nz,native,2.9,6.0,False,,Insuffizienz,Herz,n,True,,,,wiktionary:kaikki@2026-10-03,test
de,Zeichentrick,m,cartoon,"cartoon, animation",compound_test,,ck,native,2.9,4.0,False,,Trick,Zeichen,n,True,,,,wiktionary:kaikki@2026-10-03,test
de,Königsfamilie,f,royal family,royal family,compound_test,,ie,native,2.89,5.0,False,,Familie,König,m,True,,,,wiktionary:kaikki@2026-10-03,test
de,Vorstandssitzung,f,board meeting,board meeting,compound_test,-ung,ng,unknown,2.89,5.0,False,,Sitzung,Vorstand,m,True,,,,wiktionary:kaikki@2026-10-03,test
de,Mondlandung,f,moon landing,"moon landing, lunar landing",compound_test,-ung,ng,native,2.89,3.0,False,,Landung,Mond,m,True,,,,wiktionary:kaikki@2026-10-03,test
de,Grundausstattung,f,basic equipment,basic equipment,compound_test,-ung,ng,unknown,2.88,4.0,False,,Ausstattung,Grund,m,True,,,,wiktionary:kaikki@2026-10-03,test
de,Ehering,m,wedding band,"wedding band, wedding ring",compound_test,,ng,native,2.88,3.0,False,wordnet:jewelry.n.01,Ring,Ehe,f,True,,,,wiktionary:kaikki@2026-10-03,test
de,Lebenslust,f,joie de vivre,"joie de vivre, zest for life, love of life, lust for living",compound_test,,st,native,2.87,2.0,False,,Lust,Leben,n,True,,,,wiktionary:kaikki@2026-10-03,test
de,Selbstwahrnehmung,f,introspection,introspection; self-awareness,compound_test,-ung,ng,unknown,2.87,6.0,False,,Wahrnehmung,Selbst,n,True,,,,wiktionary:kaikki@2026-10-03,test
de,Oberlippe,f,upper lip,upper lip,compound_test,,pe,native,2.86,3.0,False,,Lippe,Ober,m,True,,,,wiktionary:kaikki@2026-10-03,test
de,Seelenheil,n,salvation,salvation (of one's soul),compound_test,,il,native,2.85,4.0,False,,Heil,Seele,f,True,,,,wiktionary:kaikki@2026-10-03,test
de,Erfolgsrezept,n,recipe for success,"recipe for success, secret sauce",compound_test,,pt,native,2.85,5.0,False,,Rezept,Erfolg,m,True,,,,wiktionary:kaikki@2026-10-03,test
de,Türöffner,m,door opener,door opener,compound_test,,er,native,2.85,3.0,False,,Öffner,Tür,f,True,,,,wiktionary:kaikki@2026-10-03,test
de,Volksbildung,f,adult education,adult education,compound_test,-ung,ng,unknown,2.84,3.0,False,,Bildung,Volk,n,True,,,,wiktionary:kaikki@2026-10-03,test
de,Krisenmanagement,n,crisis management,crisis management (process by which an organization deals with a disruptive event that may cause harm),compound_test,,nt,native,2.84,3.0,False,,Management,Krise,f,True,,,,wiktionary:kaikki@2026-10-03,test
de,Grundregel,f,ground rule,"ground rule, basic rule",compound_test,,el,native,2.84,3.0,False,,Regel,Grund,m,True,,,,wiktionary:kaikki@2026-10-03,test
de,Zivilprozess,m,civil litigation,"civil litigation, civil case",compound_test,,ss,native,2.84,5.0,False,,Prozess,Zivil,n,True,,,,wiktionary:kaikki@2026-10-03,test
de,Sitzheizung,f,seat heating,seat heating,compound_test,-ung,ng,native,2.84,5.0,False,,Heizung,Sitz,m,True,,,,wiktionary:kaikki@2026-10-03,test
de,Fruchtfleisch,n,pulp,"pulp, flesh (edible part of a fruit; residues of solid matter in juice)",compound_test,,ch,native,2.83,5.0,False,,Fleisch,Frucht,f,True,,,,wiktionary:kaikki@2026-10-03,test
de,Blutkreislauf,m,bloodstream,bloodstream,compound_test,,uf,native,2.83,5.0,False,,Kreislauf,Blut,n,True,,,,wiktionary:kaikki@2026-10-03,test
de,Spielwiese,f,playground,"playground, playing field",compound_test,,se,unknown,2.82,3.0,False,,Wiese,Spiel,n,True,,,,wiktionary:kaikki@2026-10-03,test
de,Körperlänge,f,body height,"body height, body length",compound_test,,ge,unknown,2.82,4.0,False,,Länge,Körper,m,True,,,,wiktionary:kaikki@2026-10-03,test
de,Wertsteigerung,f,value increase,value increase,compound_test,-ung,ng,unknown,2.82,4.0,False,,Steigerung,Wert,m,True,,,,wiktionary:kaikki@2026-10-03,test
de,Fußgängerbrücke,f,pedestrian bridge,pedestrian bridge,compound_test,,ke,unknown,2.82,6.0,False,,Brücke,Fußgänger,m,True,,,,wiktionary:kaikki@2026-10-03,test
de,Minutentakt,m,minute interval,minute interval,compound_test,,kt,native,2.82,4.0,False,,Takt,Minute,f,True,,,,wiktionary:kaikki@2026-10-03,test
de,Telefonkonferenz,f,conference call,"conference call, telephone conference",compound_test,-enz,nz,unknown,2.81,4.0,False,,Konferenz,Telefon,n,True,,,,wiktionary:kaikki@2026-10-03,test
de,Bildunterschrift,f,caption of a picture,caption of a picture,compound_test,,ft,native,2.81,4.0,False,,Unterschrift,Bild,n,True,,,,wiktionary:kaikki@2026-10-03,test
de,Kaffeetasse,f,coffee cup,coffee cup,compound_test,,se,native,2.81,4.0,False,,Tasse,Kaffee,m,True,,,,wiktionary:kaikki@2026-10-03,test
de,Strahlenbelastung,f,radiation exposure,radiation exposure,compound_test,-ung,ng,native,2.81,5.0,False,,Belastung,Strahl,m,True,,,,wiktionary:kaikki@2026-10-03,test
de,Hafenbecken,n,harbour basin,"harbour basin (Commonwealth), harbor basin (US)",compound_test,,en,native,2.8,4.0,False,,Becken,Hafen,m,True,,,,wiktionary:kaikki@2026-10-03,test
de,Markenname,m,brand name,brand name,compound_test,,me,native,2.8,3.0,False,,Name,Marke,f,True,,,,wiktionary:kaikki@2026-10-03,test
de,Berufsunfähigkeit,f,occupational disability,occupational disability,compound_test,-keit,it,native,2.79,5.0,False,,Unfähigkeit,Beruf,m,True,,,,wiktionary:kaikki@2026-10-03,test
de,Sommernacht,f,summer night,summer night,compound_test,,ht,unknown,2.79,4.0,False,,Nacht,Sommer,m,True,,,,wiktionary:kaikki@2026-10-03,test
de,Banküberfall,m,bank raid,"bank raid, bank robbery, bank heist",compound_test,,ll,native,2.79,3.0,False,,Überfall,Bank,f,True,,,,wiktionary:kaikki@2026-10-03,test
de,Hauptsatz,m,main clause,main clause (a clause that can stand alone syntactically),compound_test,,tz,native,2.78,4.0,False,,Satz,Haupt,n,True,,,,wiktionary:kaikki@2026-10-03,test
de,Wahlausgang,m,election result,election result,compound_test,,ng,unknown,2.77,3.0,False,,Ausgang,Wahl,f,True,,,,wiktionary:kaikki@2026-10-03,test
de,Zugunglück,n,train accident,"train accident, railway crash",compound_test,,ck,unknown,2.77,4.0,False,,Unglück,Zug,m,True,,,,wiktionary:kaikki@2026-10-03,test
de,Rundumschlag,m,sweeping blow,sweeping blow,compound_test,,ag,native,2.77,5.0,False,,Umschlag,Rund,n,True,,,,wiktionary:kaikki@2026-10-03,test
de,Aktienindex,m,stock market index,stock market index,compound_test,,ex,native,2.76,3.0,False,,Index,Aktie,f,True,,,,wiktionary:kaikki@2026-10-03,test
de,Trommelfell,n,drumhead,drumhead,compound_test,,ll,unknown,2.76,4.0,False,,Fell,Trommel,f,True,,,,wiktionary:kaikki@2026-10-03,test
de,Kartusche,f,cartridge case,"cartridge case, casing (parts of a round of ammunition exclusive of the projectile)",compound_test,,he,loan,2.75,3.0,False,,Tusche,Kar,n,True,,,,wiktionary:kaikki@2026-10-03,test
de,Selbstliebe,f,self-love,self-love,compound_test,,be,native,2.75,3.0,False,,Liebe,Selbst,n,True,,,,wiktionary:kaikki@2026-10-03,test
de,Sexspielzeug,n,sex toy,sex toy,compound_test,,ug,native,2.75,3.0,False,,Spielzeug,Sex,m,True,,,,wiktionary:kaikki@2026-10-03,test
de,Musikinstrument,n,musical instrument,musical instrument,compound_test,,nt,native,2.75,2.0,False,,Instrument,Musik,f,True,,,,wiktionary:kaikki@2026-10-03,test
de,Windeseile,f,short while,short while,compound_test,,le,native,2.75,3.0,False,,Eile,Wind,m,True,,,,wiktionary:kaikki@2026-10-03,test
de,Talsohle,f,bottom,bottom,compound_test,,le,native,2.74,4.0,False,,Sohle,Tal,n,True,,,,wiktionary:kaikki@2026-10-03,test
de,Boxenstopp,m,pit stop,pit stop,compound_test,,pp,native,2.74,4.0,False,,Stopp,Boxen,n,True,,,,wiktionary:kaikki@2026-10-03,test
de,Drogenmissbrauch,m,drug abuse,drug abuse,compound_test,,ch,native,2.74,5.0,False,,Missbrauch,Droge,f,True,,,,wiktionary:kaikki@2026-10-03,test
de,Rechtswidrigkeit,f,unlawfulness,unlawfulness,compound_test,-keit,it,native,2.73,6.0,False,,Widrigkeit,Recht,n,True,,,,wiktionary:kaikki@2026-10-03,test
de,Mutterkonzern,m,parent company,parent company,compound_test,,rn,native,2.73,5.0,False,,Konzern,Mutter,f,True,,,,wiktionary:kaikki@2026-10-03,test
de,Weißglut,f,incandescence,incandescence (white heat),compound_test,,ut,native,2.73,4.0,False,,Glut,Weiß,n,True,,,,wiktionary:kaikki@2026-10-03,test
de,Herzschrittmacher,m,pacemaker,pacemaker (medical device implanted to regulate heart rhythm); colloquial usage includes implantable cardioverter-defibrillators (ICD) and cardiac resynchronization therapy (CRT).,compound_test,,er,unknown,2.73,5.0,False,,Schrittmacher,Herz,n,True,,,,wiktionary:kaikki@2026-10-03,test
de,Bratpfanne,f,frying pan,"frying pan, skillet",compound_test,,ne,native,2.73,4.0,False,,Pfanne,Brat,n,True,,,,wiktionary:kaikki@2026-10-03,test
de,Spielspaß,m,fun of playing a game,the fun of playing a game,compound_test,,aß,native,2.72,4.0,False,,Spaß,Spiel,n,True,,,,wiktionary:kaikki@2026-10-03,test
de,Bankraub,m,bank robbery,bank robbery,compound_test,,ub,native,2.72,3.0,False,,Raub,Bank,f,True,,,,wiktionary:kaikki@2026-10-03,test
de,Kinderlähmung,f,polio,"polio, poliomyelitis",compound_test,-ung,ng,native,2.72,5.0,False,,Lähmung,Kind,n,True,,,,wiktionary:kaikki@2026-10-03,test
de,Doppelhaushälfte,f,semi-detached house,"semi-detached house, semi",compound_test,,te,unknown,2.72,7.0,False,,Hälfte,Doppelhaus,n,True,,,,wiktionary:kaikki@2026-10-03,test
de,Lebensplanung,f,planning for life,planning for life,compound_test,-ung,ng,unknown,2.72,3.0,False,,Planung,Leben,n,True,,,,wiktionary:kaikki@2026-10-03,test
de,Zahnarztpraxis,f,dentist's practice,dentist's practice,compound_test,,is,unknown,2.7,6.0,False,,Arztpraxis,Zahn,m,True,,,,wiktionary:kaikki@2026-10-03,test
de,Tourismusbranche,f,tourism industry,tourism industry,compound_test,,he,native,2.7,4.0,False,,Branche,Tourismus,m,True,,,,wiktionary:kaikki@2026-10-03,test
de,Sportveranstaltung,f,sporting event,sporting event,compound_test,-ung,ng,unknown,2.69,4.0,False,,Veranstaltung,Sport,m,True,,,,wiktionary:kaikki@2026-10-03,test
de,Satteldach,n,saddle roof,"saddle roof, gable roof",compound_test,,ch,native,2.69,4.0,False,,Dach,Sattel,m,True,,,,wiktionary:kaikki@2026-10-03,test
de,Preisgabe,f,abandonment,abandonment,compound_test,,be,unknown,2.69,2.0,False,,Gabe,Preis,m,True,,,,wiktionary:kaikki@2026-10-03,test
de,Weinlese,f,vintage,"vintage, the harvesting of wine / grapes",compound_test,,se,native,2.69,3.0,False,,Lese,Wein,m,True,,,,wiktionary:kaikki@2026-10-03,test
de,Teilchenbeschleuniger,m,particle accelerator,"particle accelerator, atom smasher",compound_test,,er,native,2.68,6.0,False,,Beschleuniger,Teilchen,n,True,,,,wiktionary:kaikki@2026-10-03,test
de,Wundertüte,f,lucky bag,A lucky bag.,compound_test,,te,unknown,2.68,5.0,False,,Tüte,Wunder,n,True,,,,wiktionary:kaikki@2026-10-03,test
de,Bodenhaftung,f,traction,"traction: the traction of a vehicle with the road surface when other physical forces are occurring, such as while turning.",compound_test,-ung,ng,native,2.68,4.0,False,,Haftung,Boden,m,True,,,,wiktionary:kaikki@2026-10-03,test
de,Lebensweisheit,f,life wisdom,life wisdom,compound_test,-heit,it,native,2.67,3.0,False,,Weisheit,Leben,n,True,,,,wiktionary:kaikki@2026-10-03,test
de,Goldmünze,f,gold,gold (coin),compound_test,,ze,native,2.67,4.0,False,,Münze,Gold,n,True,,,,wiktionary:kaikki@2026-10-03,test
de,Darmflora,f,gut flora,"gut flora, intestinal flora (microorganisms found in the intestine of a human or animal)",compound_test,,ra,native,2.67,4.0,False,,Flora,Darm,m,True,,,,wiktionary:kaikki@2026-10-03,test
de,Darmspiegelung,f,colonoscopy,colonoscopy (examination of the colon using a colonoscope),compound_test,-ung,ng,native,2.67,5.0,False,,Spiegelung,Darm,m,True,,,,wiktionary:kaikki@2026-10-03,test
de,Kreissäge,f,circular saw,circular saw,compound_test,,ge,native,2.66,3.0,False,,Säge,Kreis,m,True,,,,wiktionary:kaikki@2026-10-03,test
de,Titelmelodie,f,title melody,"title melody, signature tune, theme tune",compound_test,,ie,unknown,2.66,4.0,False,,Melodie,Titel,m,True,,,,wiktionary:kaikki@2026-10-03,test
de,Goldrausch,m,gold rush,gold rush,compound_test,,ch,native,2.66,3.0,False,,Rausch,Gold,n,True,,,,wiktionary:kaikki@2026-10-03,test
de,Schnapsidee,f,idea that seems clever or brilliant at first but turns out to be stupid on second thought,An idea that seems clever or brilliant at first but turns out to be stupid on second thought.,compound_test,,ee,native,2.65,4.0,False,,Idee,Schnaps,m,True,,,,wiktionary:kaikki@2026-10-03,test
de,Einkaufstasche,f,shopping bag,shopping bag,compound_test,,he,native,2.65,6.0,False,,Tasche,Einkauf,m,True,,,,wiktionary:kaikki@2026-10-03,test
de,Schweinepest,f,swine fever,swine fever,compound_test,,st,unknown,2.65,3.0,False,,Pest,Schwein,n,True,,,,wiktionary:kaikki@2026-10-03,test
de,Benzinmotor,m,gasoline engine,"gasoline engine (US), petrol engine (UK)",compound_test,,or,native,2.65,3.0,False,,Motor,Benzin,n,True,,,,wiktionary:kaikki@2026-10-03,test
de,Vertragspartei,f,contracting party,contracting party,compound_test,-ei,ei,native,2.64,5.0,False,,Partei,Vertrag,m,True,,,,wiktionary:kaikki@2026-10-03,test
de,Sonntagsfrage,f,question about party preference in election polls,"question about party preference in election polls (as distinct from questions about political opinions, specific issues etc.)",compound_test,,ge,native,2.64,4.0,False,,Frage,Sonntag,m,True,,,,wiktionary:kaikki@2026-10-03,test
de,Notizblock,m,notepad,notepad,compound_test,,ck,native,2.64,3.0,False,,Block,Notiz,f,True,,,,wiktionary:kaikki@2026-10-03,test
de,Vertragsunterzeichnung,f,signing of a contract,signing of a contract,compound_test,-ung,ng,native,2.64,6.0,False,,Unterzeichnung,Vertrag,m,True,,,,wiktionary:kaikki@2026-10-03,test
de,Herzkrankheit,f,heart disease,heart disease,compound_test,-heit,it,native,2.63,4.0,False,,Krankheit,Herz,n,True,,,,wiktionary:kaikki@2026-10-03,test
de,Handelsbilanz,f,trade balance,trade balance,compound_test,-anz,nz,native,2.63,4.0,False,,Bilanz,Handel,m,True,,,,wiktionary:kaikki@2026-10-03,test
de,Sommerhitze,f,summer heat,summer heat,compound_test,,ze,native,2.62,3.0,False,,Hitze,Sommer,m,True,,,,wiktionary:kaikki@2026-10-03,test
de,Klappentext,m,blurb,"blurb, back cover copy",compound_test,,xt,native,2.62,4.0,False,,Text,Klappe,f,True,,,,wiktionary:kaikki@2026-10-03,test
de,Goldstandard,m,gold standard,gold standard,compound_test,,rd,unknown,2.62,2.0,True,,Standard,Gold,n,True,,,,wiktionary:kaikki@2026-10-03,test
de,Wutausbruch,m,outburst of rage,"outburst of rage, tantrum",compound_test,,ch,unknown,2.61,5.0,False,,Ausbruch,Wut,f,True,,,,wiktionary:kaikki@2026-10-03,test
de,Heilpflanze,f,medicinal plant,medicinal plant,compound_test,,ze,native,2.6,6.0,False,,Pflanze,Heil,n,True,,,,wiktionary:kaikki@2026-10-03,test
de,Metallbearbeitung,f,metalworking,metalworking,compound_test,-ung,ng,native,2.6,5.0,False,,Bearbeitung,Metall,n,True,,,,wiktionary:kaikki@2026-10-03,test
de,Kernspaltung,f,nuclear fission,nuclear fission,compound_test,-ung,ng,native,2.6,3.0,False,,Spaltung,Kern,m,True,,,,wiktionary:kaikki@2026-10-03,test
de,Platzwunde,f,laceration,laceration (irregular open wound),compound_test,,de,native,2.59,3.0,False,,Wunde,Platz,m,True,,,,wiktionary:kaikki@2026-10-03,test
de,Zwangsräumung,f,forced eviction,forced eviction,compound_test,-ung,ng,native,2.59,6.0,False,,Räumung,Zwang,m,True,,,,wiktionary:kaikki@2026-10-03,test
de,Volkstrauertag,m,"""people's day of mourning""","""People's Day of Mourning""; day of commemoration for the victims of war and oppression. (observed on the second sunday before Advent)",compound_test,,ag,native,2.58,5.0,False,,Trauertag,Volk,n,True,,,,wiktionary:kaikki@2026-10-03,test
de,Zugpersonal,n,train crew,"train crew, train staff",compound_test,,al,native,2.57,2.0,False,,Personal,Zug,m,True,,,,wiktionary:kaikki@2026-10-03,test
de,Traumhochzeit,f,dream wedding,dream wedding (a perfect wedding),compound_test,,it,native,2.57,5.0,False,,Hochzeit,Traum,m,True,,,,wiktionary:kaikki@2026-10-03,test
de,Schallmauer,f,sound barrier,"sound barrier, sonic barrier",compound_test,,er,unknown,2.57,4.0,False,,Mauer,Schall,m,True,,,,wiktionary:kaikki@2026-10-03,test
de,Gasmaske,f,gas mask,gas mask (headgear),compound_test,,ke,native,2.56,3.0,False,,Maske,Gas,n,True,,,,wiktionary:kaikki@2026-10-03,test
de,Machtvakuum,n,power vacuum,power vacuum,compound_test,,um,native,2.56,4.0,False,,Vakuum,Macht,f,True,,,,wiktionary:kaikki@2026-10-03,test
de,Feuersbrunst,f,conflagration,"conflagration (large, ferocious, and destructive fire)",compound_test,,st,unknown,2.56,5.0,False,,Brunst,Feuer,n,True,,,,wiktionary:kaikki@2026-10-03,test
de,Heimstatt,f,homeland,homeland,compound_test,,tt,native,2.56,3.0,False,,Statt,Heim,n,True,,,,wiktionary:kaikki@2026-10-03,test
de,Bluttransfusion,f,transfusion,"transfusion, blood transfusion (the transfer of blood or blood products from one individual to another)",compound_test,-ion,on,native,2.55,4.0,False,,Transfusion,Blut,n,True,,,,wiktionary:kaikki@2026-10-03,test
de,Abwasserkanal,m,sewer,sewer,compound_test,,al,native,2.55,5.0,False,,Kanal,Abwasser,n,True,,,,wiktionary:kaikki@2026-10-03,test
de,Mülltrennung,f,waste sorting,waste sorting,compound_test,-ung,ng,unknown,2.55,5.0,False,,Trennung,Müll,m,True,,,,wiktionary:kaikki@2026-10-03,test
de,Volkstanz,m,folk dance,folk dance,compound_test,-anz,nz,native,2.55,3.0,False,,Tanz,Volk,n,True,,,,wiktionary:kaikki@2026-10-03,test
de,Laufkundschaft,f,passing trade,"passing trade, casual/walk-in customers",compound_test,-schaft,ft,native,2.55,5.0,False,,Kundschaft,Lauf,m,True,,,,wiktionary:kaikki@2026-10-03,test
de,Bauaufsicht,f,construction supervision,construction supervision,compound_test,,ht,native,2.55,4.0,False,,Aufsicht,Bau,m,True,,,,wiktionary:kaikki@2026-10-03,test
de,Pickelhaube,f,pickelhaube,pickelhaube,compound_test,,be,native,2.55,4.0,True,,Haube,Pickel,m,True,,,,wiktionary:kaikki@2026-10-03,test
de,Parklücke,f,parking space between two parked cars as on the side of a street,a parking space between two parked cars (or other obstacles) as on the side of a street,compound_test,,ke,unknown,2.55,4.0,False,,Lücke,Park,m,True,,,,wiktionary:kaikki@2026-10-03,test
de,Heimtücke,f,treachery,"treachery, malice, malevolence, insidiousness",compound_test,,ke,unknown,2.55,5.0,False,,Tücke,Heim,n,True,,,,wiktionary:kaikki@2026-10-03,test
de,Hochtechnologie,f,high technology,high technology,compound_test,,ie,native,2.54,3.0,False,,Technologie,Hoch,n,True,,,,wiktionary:kaikki@2026-10-03,test
de,Tennisschläger,m,tennis racket,tennis racket,compound_test,,er,native,2.54,5.0,False,,Schläger,Tennis,n,True,,,,wiktionary:kaikki@2026-10-03,test
de,Wärmetauscher,m,heat exchanger,heat exchanger,compound_test,,er,native,2.53,5.0,False,,Tauscher,Wärme,f,True,,,,wiktionary:kaikki@2026-10-03,test
de,Parteiausschluss,m,exclusion from the party,exclusion from the party,compound_test,,ss,native,2.53,5.0,False,,Ausschluss,Partei,f,True,,,,wiktionary:kaikki@2026-10-03,test
de,Klavierbegleitung,f,piano accompaniment,piano accompaniment,compound_test,-ung,ng,native,2.52,4.0,False,,Begleitung,Klavier,n,True,,,,wiktionary:kaikki@2026-10-03,test
de,Mittelachse,f,central axis,central axis; midline,compound_test,,se,native,2.52,4.0,False,,Achse,Mittel,n,True,,,,wiktionary:kaikki@2026-10-03,test
de,Unternehmensstrategie,f,corporate strategy,"corporate strategy, business strategy (the overall direction and scope of an organization and how its various business operations work together to achieve particular goals)",compound_test,,ie,native,2.52,6.0,False,,Strategie,Unternehmen,n,True,,,,wiktionary:kaikki@2026-10-03,test
de,Kaiserkrone,f,imperial crown,Imperial crown,compound_test,,ne,native,2.51,3.0,False,,Krone,Kaiser,m,True,,,,wiktionary:kaikki@2026-10-03,test
de,Schneckentempo,n,snail's pace,snail's pace,compound_test,,po,native,2.51,4.0,False,,Tempo,Schnecke,f,True,,,,wiktionary:kaikki@2026-10-03,test
de,Spitzhacke,f,pickaxe,pickaxe,compound_test,,ke,unknown,2.51,4.0,False,,Hacke,Spitz,m,True,,,,wiktionary:kaikki@2026-10-03,test
de,Industriezweig,m,industry,industry,compound_test,,ig,native,2.51,5.0,False,,Zweig,Industrie,f,True,,,,wiktionary:kaikki@2026-10-03,test
de,Dateiformat,n,file format,file format,compound_test,,at,native,2.5,3.0,False,,Format,Datei,f,True,,,,wiktionary:kaikki@2026-10-03,test
de,Bauanleitung,f,construction manual,construction manual,compound_test,-ung,ng,native,2.5,3.0,False,,Anleitung,Bau,m,True,,,,wiktionary:kaikki@2026-10-03,test
de,Grammatikfehler,m,grammar mistake,grammar mistake,compound_test,,er,native,2.5,6.0,False,,Fehler,Grammatik,f,True,,,,wiktionary:kaikki@2026-10-03,test
de,Kontaktlinse,f,contact lens,contact lens,compound_test,,se,unknown,2.48,3.0,False,,Linse,Kontakt,m,True,,,,wiktionary:kaikki@2026-10-03,test
de,Wasseraufbereitung,f,water treatment,water treatment,compound_test,-ung,ng,native,2.48,5.0,False,,Aufbereitung,Wasser,n,True,,,,wiktionary:kaikki@2026-10-03,test
de,Bahnhofsmission,f,facility of this organization at a given train station,a facility of this organization at a given train station,compound_test,-ion,on,unknown,2.48,4.0,False,,Mission,Bahnhof,m,True,,,,wiktionary:kaikki@2026-10-03,test
de,Parapsychologie,f,parapsychology,parapsychology,compound_test,,ie,unknown,2.48,4.0,False,,Psychologie,Para,n,True,,,,wiktionary:kaikki@2026-10-03,test
de,Hirnstamm,m,brain stem,brain stem,compound_test,,mm,native,2.47,3.0,False,,Stamm,Hirn,n,True,,,,wiktionary:kaikki@2026-10-03,test
de,Feuersturm,m,firestorm,firestorm,compound_test,,rm,native,2.47,4.0,False,,Sturm,Feuer,n,True,,,,wiktionary:kaikki@2026-10-03,test
de,Feuertaufe,f,baptism of fire,baptism of fire,compound_test,,fe,native,2.46,4.0,False,,Taufe,Feuer,n,True,,,,wiktionary:kaikki@2026-10-03,test
de,Grundverordnung,f,general regulation,general regulation,compound_test,-ung,ng,native,2.46,4.0,False,,Verordnung,Grund,m,True,,,,wiktionary:kaikki@2026-10-03,test
de,Dachrinne,f,gutter,gutter; eavestrough (channel on the edge of a roof),compound_test,,ne,unknown,2.46,4.0,False,,Rinne,Dach,n,True,,,,wiktionary:kaikki@2026-10-03,test
de,Meerbusen,m,bay,"bay, gulf, inlet",compound_test,,en,unknown,2.46,3.0,False,,Busen,Meer,n,True,,,,wiktionary:kaikki@2026-10-03,test
de,Holzhammer,m,wooden mallet,wooden mallet,compound_test,,er,native,2.46,3.0,False,,Hammer,Holz,n,True,,,,wiktionary:kaikki@2026-10-03,test
de,Büroklammer,f,paper clip,paper clip,compound_test,,er,native,2.45,3.0,False,,Klammer,Büro,n,True,,,,wiktionary:kaikki@2026-10-03,test
de,Handelsware,f,commodity,commodity; a good for trading,compound_test,,re,native,2.45,3.0,False,,Ware,Handel,m,True,,,,wiktionary:kaikki@2026-10-03,test
de,Skipiste,f,piste,"piste, ski slope",compound_test,,te,native,2.44,2.0,False,,Piste,Ski,m,True,,,,wiktionary:kaikki@2026-10-03,test
de,Feuerbestattung,f,cremation,cremation,compound_test,-ung,ng,native,2.44,5.0,False,,Bestattung,Feuer,n,True,,,,wiktionary:kaikki@2026-10-03,test
de,Briefkastenfirma,f,shell company,"shell company, front company",compound_test,,ma,native,2.44,6.0,False,,Firma,Briefkasten,m,True,,,,wiktionary:kaikki@2026-10-03,test
de,Hausapotheke,f,medicine cabinet,"medicine cabinet, medicine chest",compound_test,,ke,native,2.44,4.0,False,,Apotheke,Haus,n,True,,,,wiktionary:kaikki@2026-10-03,test
de,Nebelhorn,n,foghorn,foghorn,compound_test,,rn,native,2.43,3.0,False,,Horn,Nebel,m,True,,,,wiktionary:kaikki@2026-10-03,test
de,Wasserpistole,f,water gun,"water gun, squirt gun",compound_test,,le,native,2.43,4.0,False,,Pistole,Wasser,n,True,,,,wiktionary:kaikki@2026-10-03,test
de,Blutlache,f,pool of blood,pool of blood,compound_test,,he,native,2.43,4.0,False,,Lache,Blut,n,True,,,,wiktionary:kaikki@2026-10-03,test
de,Magensäure,f,gastric acid,gastric acid (stomach acid),compound_test,,re,native,2.43,4.0,False,,Säure,Magen,m,True,,,,wiktionary:kaikki@2026-10-03,test
de,Ohrmuschel,f,pinna,"pinna, auricle",compound_test,,el,unknown,2.43,5.0,False,,Muschel,Ohr,n,True,,,,wiktionary:kaikki@2026-10-03,test
de,Handelsplattform,f,trading platform,"trading platform (a software system used to trade financial products, such as stocks, bonds, or currencies, via a network)",compound_test,,rm,native,2.42,5.0,False,,Plattform,Handel,m,True,,,,wiktionary:kaikki@2026-10-03,test
de,Sekundenkleber,m,instant adhesive,instant adhesive; superglue,compound_test,,er,native,2.42,4.0,False,,Kleber,Sekunde,f,True,,,,wiktionary:kaikki@2026-10-03,test
de,Versuchsperson,f,subject,"subject (of an experiment, test)",compound_test,,on,native,2.42,4.0,False,,Person,Versuch,m,True,,,,wiktionary:kaikki@2026-10-03,test
de,Fettleber,f,fatty liver,fatty liver,compound_test,,er,native,2.42,3.0,False,,Leber,Fett,n,True,,,,wiktionary:kaikki@2026-10-03,test
de,Tonerde,f,alumina,alumina,compound_test,,de,unknown,2.41,3.0,False,,Erde,Ton,m,True,,,,wiktionary:kaikki@2026-10-03,test
de,Zielvorgabe,f,objective,"objective, target value",compound_test,,be,unknown,2.4,4.0,False,,Vorgabe,Ziel,n,True,,,,wiktionary:kaikki@2026-10-03,test
de,Darmschleimhaut,f,intestinal mucosa,intestinal mucosa,compound_test,,ut,native,2.4,7.0,False,,Schleimhaut,Darm,m,True,,,,wiktionary:kaikki@2026-10-03,test
de,Bootsverleih,m,boat rental,boat rental,compound_test,,ih,native,2.39,4.0,False,,Verleih,Boot,n,True,,,,wiktionary:kaikki@2026-10-03,test
de,Kunstobjekt,n,work of art,"work of art, objet d'art",compound_test,,kt,native,2.39,3.0,False,,Objekt,Kunst,f,True,,,,wiktionary:kaikki@2026-10-03,test
de,Buchmalerei,f,book painting,"book painting, illumination (Adornment of books and manuscripts with colored illustrations.)",compound_test,-ei,ei,native,2.39,4.0,False,,Malerei,Buch,n,True,,,,wiktionary:kaikki@2026-10-03,test
de,Fingerfertigkeit,f,dexterity,"dexterity, skill with one's fingers, nimble fingers",compound_test,-keit,it,native,2.38,4.0,False,,Fertigkeit,Finger,m,True,,,,wiktionary:kaikki@2026-10-03,test
de,Hormonhaushalt,m,hormonal balance,hormonal balance,compound_test,,lt,native,2.38,5.0,False,,Haushalt,Hormon,n,True,,,,wiktionary:kaikki@2026-10-03,test
de,Knoblauchzehe,f,clove of garlic,clove of garlic,compound_test,,he,native,2.38,6.0,False,,Zehe,Knoblauch,m,True,,,,wiktionary:kaikki@2026-10-03,test
de,Tafelsilber,n,silverware,"silverware (silver cutlery, etc.)",compound_test,,er,native,2.38,5.0,False,,Silber,Tafel,f,True,,,,wiktionary:kaikki@2026-10-03,test
de,Tagesdosis,f,daily dose,daily dose,compound_test,,is,native,2.38,4.0,False,,Dosis,Tag,m,True,,,,wiktionary:kaikki@2026-10-03,test
de,Kommandozeile,f,command line,command line,compound_test,,le,native,2.38,4.0,False,,Zeile,Kommando,n,True,,,,wiktionary:kaikki@2026-10-03,test
de,Doppelbindung,f,double bond,double bond,compound_test,-ung,ng,native,2.37,3.0,False,,Bindung,Doppel,n,True,,,,wiktionary:kaikki@2026-10-03,test
de,Alkoholabhängigkeit,f,alcohol dependence,alcohol dependence,compound_test,-keit,it,native,2.37,6.0,False,,Abhängigkeit,Alkohol,m,True,,,,wiktionary:kaikki@2026-10-03,test
de,Mustererkennung,f,pattern recognition,pattern recognition,compound_test,-ung,ng,native,2.37,5.0,False,,Erkennung,Muster,n,True,,,,wiktionary:kaikki@2026-10-03,test
de,Vorstrafenregister,n,criminal record,criminal record,compound_test,,er,native,2.37,4.0,False,,Register,Vorstrafe,f,True,,,,wiktionary:kaikki@2026-10-03,test
de,Schwarmintelligenz,f,swarm intelligence,swarm intelligence,compound_test,-enz,nz,unknown,2.37,6.0,False,,Intelligenz,Schwarm,m,True,,,,wiktionary:kaikki@2026-10-03,test
de,Klimaveränderung,f,climate change,climate change,compound_test,-ung,ng,native,2.37,5.0,False,,Veränderung,Klima,n,True,,,,wiktionary:kaikki@2026-10-03,test
de,Kaffeekanne,f,coffee pot,coffee pot (pot for coffee),compound_test,,ne,native,2.37,4.0,False,,Kanne,Kaffee,m,True,,,,wiktionary:kaikki@2026-10-03,test
de,Pechsträhne,f,streak of bad luck,a streak of bad luck,compound_test,,ne,unknown,2.36,5.0,False,,Strähne,Pech,n,True,,,,wiktionary:kaikki@2026-10-03,test
de,Feldjäger,m,military police,military police,compound_test,,er,native,2.36,4.0,False,,Jäger,Feld,n,True,,,,wiktionary:kaikki@2026-10-03,test
de,Sattelstütze,f,seat post,seat post,compound_test,,ze,native,2.35,5.0,False,,Stütze,Sattel,m,True,,,,wiktionary:kaikki@2026-10-03,test
de,Begriffsklärung,f,disambiguation,disambiguation (language),compound_test,-ung,ng,unknown,2.35,7.0,False,,Klärung,Begriff,m,True,,,,wiktionary:kaikki@2026-10-03,test
de,Zweifamilienhaus,n,duplex,"duplex, two-family house",compound_test,,us,native,2.35,5.0,False,,Familienhaus,Zwei,f,True,,,,wiktionary:kaikki@2026-10-03,test
de,Schmerzlinderung,f,pain relief,pain relief,compound_test,-ung,ng,native,2.35,5.0,False,,Linderung,Schmerz,m,True,,,,wiktionary:kaikki@2026-10-03,test
de,Preisstabilität,f,price stability,"price stability (a situation in which the general price level in an economy changes very little over time, usually defined by a low and stable inflation rate)",compound_test,-tät,ät,native,2.35,4.0,False,,Stabilität,Preis,m,True,,,,wiktionary:kaikki@2026-10-03,test
de,Raumkapsel,f,space capsule,space capsule,compound_test,,el,native,2.34,4.0,False,,Kapsel,Raum,m,True,,,,wiktionary:kaikki@2026-10-03,test
de,Lügendetektor,m,lie detector,lie detector,compound_test,,or,unknown,2.34,6.0,False,,Detektor,Lügen,n,True,,,,wiktionary:kaikki@2026-10-03,test
de,Schutzmaßnahme,f,safeguard,"safeguard, precaution (safety measure)",compound_test,,me,native,2.34,5.0,False,,Maßnahme,Schutz,m,True,,,,wiktionary:kaikki@2026-10-03,test
de,Ausfallrisiko,n,default risk,"default risk, credit risk (the risk that a borrower or counterparty will fail to meet their obligations in accordance with agreed terms)",compound_test,,ko,native,2.34,4.0,False,,Risiko,Ausfall,m,True,,,,wiktionary:kaikki@2026-10-03,test
de,Raketenangriff,m,missile strike,"missile strike, rocket attack",compound_test,,ff,native,2.34,5.0,False,,Angriff,Rakete,f,True,,,,wiktionary:kaikki@2026-10-03,test
de,Lebensmitteleinzelhandel,m,food retailing,food retailing,compound_test,,el,native,2.33,7.0,False,,Einzelhandel,Lebensmittel,n,True,,,,wiktionary:kaikki@2026-10-03,test
de,Schutzweste,f,protection vest,"protection vest, protective vest",compound_test,,te,native,2.33,4.0,False,wordnet:garment.n.01,Weste,Schutz,m,True,,,,wiktionary:kaikki@2026-10-03,test
de,Poesiealbum,n,friendship book,friendship book,compound_test,,um,unknown,2.31,4.0,False,,Album,Poesie,f,True,,,,wiktionary:kaikki@2026-10-03,test
de,Holztreppe,f,wooden staircase,wooden staircase,compound_test,,pe,native,2.3,4.0,False,,Treppe,Holz,n,True,,,,wiktionary:kaikki@2026-10-03,test
de,Grußformel,f,valediction,"valediction, complimentary close (standard formula to end a letter)",compound_test,,el,native,2.3,5.0,False,,Formel,Gruß,m,True,,,,wiktionary:kaikki@2026-10-03,test
de,Schutzbehauptung,f,false assertion,"false assertion, defensive lie, lie to cover oneself, self-serving declaration, attempt to justify one's behavior (an incorrect claim that someone makes to hide guilt in order to avoid negative consequences)",compound_test,-ung,ng,native,2.3,5.0,False,,Behauptung,Schutz,m,True,,,,wiktionary:kaikki@2026-10-03,test
de,Hafeneinfahrt,f,entrance to a harbor,entrance to a harbor,compound_test,,rt,native,2.29,6.0,False,,Einfahrt,Hafen,m,True,,,,wiktionary:kaikki@2026-10-03,test
de,Bauelement,n,device,device,compound_test,,nt,unknown,2.29,3.0,False,,Element,Bau,m,True,,,,wiktionary:kaikki@2026-10-03,test
de,Schneeballschlacht,f,snowball fight,snowball fight,compound_test,,ht,native,2.29,6.0,False,,Schlacht,Schneeball,m,True,,,,wiktionary:kaikki@2026-10-03,test
de,Bleistiftzeichnung,f,pencil drawing,pencil drawing,compound_test,-ung,ng,native,2.29,5.0,False,,Zeichnung,Bleistift,m,True,,,,wiktionary:kaikki@2026-10-03,test
de,Bauchfett,n,belly fat,belly fat,compound_test,,tt,native,2.29,4.0,False,,Fett,Bauch,m,True,,,,wiktionary:kaikki@2026-10-03,test
de,Kinofassung,f,theatrical version,theatrical version,compound_test,-ung,ng,native,2.28,4.0,False,,Fassung,Kino,n,True,,,,wiktionary:kaikki@2026-10-03,test
de,Lohnabrechnung,f,payslip,payslip,compound_test,-ung,ng,unknown,2.27,6.0,False,,Abrechnung,Lohn,m,True,,,,wiktionary:kaikki@2026-10-03,test
de,Salzlösung,f,saline solution,saline solution,compound_test,-ung,ng,native,2.27,4.0,False,,Lösung,Salz,n,True,,,,wiktionary:kaikki@2026-10-03,test
de,Selbstherrlichkeit,f,self-aggrandizement,"self-aggrandizement, high-handedness",compound_test,-keit,it,native,2.26,4.0,False,,Herrlichkeit,Selbst,n,True,,,,wiktionary:kaikki@2026-10-03,test
de,Windrose,f,compass rose,compass rose,compound_test,,se,native,2.25,2.0,False,,Rose,Wind,m,True,,,,wiktionary:kaikki@2026-10-03,test
de,Streitbeilegung,f,dispute settlement,dispute settlement,compound_test,-ung,ng,native,2.25,6.0,False,,Beilegung,Streit,m,True,,,,wiktionary:kaikki@2026-10-03,test
de,Abenteuerroman,m,adventure novel,adventure novel,compound_test,,an,unknown,2.25,4.0,False,,Roman,Abenteuer,n,True,,,,wiktionary:kaikki@2026-10-03,test
de,Gastfreundlichkeit,f,hospitality,hospitality (act or service),compound_test,-keit,it,native,2.25,4.0,False,,Freundlichkeit,Gast,m,True,,,,wiktionary:kaikki@2026-10-03,test
de,Luftsauerstoff,m,atmospheric oxygen,atmospheric oxygen,compound_test,,ff,native,2.25,4.0,False,,Sauerstoff,Luft,f,True,,,,wiktionary:kaikki@2026-10-03,test
de,Holzverkleidung,f,wainscot,wainscot,compound_test,-ung,ng,unknown,2.24,6.0,False,,Verkleidung,Holz,n,True,,,,wiktionary:kaikki@2026-10-03,test
de,Schlaftablette,f,sleeping pill,sleeping pill (a pill having a soporific effect),compound_test,,te,native,2.24,5.0,False,,Tablette,Schlaf,m,True,,,,wiktionary:kaikki@2026-10-03,test
de,Unternehmensphilosophie,f,corporate philosophy,corporate philosophy (the fundamental principles and values that guide a company's conduct and decision-making),compound_test,,ie,native,2.24,6.0,False,,Philosophie,Unternehmen,n,True,,,,wiktionary:kaikki@2026-10-03,test
de,Lautverschiebung,f,sound shift,"sound shift, a regular sound change, especially when it affects a series of sounds simultaneously or in quick succession",compound_test,-ung,ng,native,2.24,5.0,False,,Verschiebung,Laut,m,True,,,,wiktionary:kaikki@2026-10-03,test
de,Wandteppich,m,tapestry,"tapestry (cloth hung on a wall), wall hanging",compound_test,,ch,native,2.24,4.0,False,,Teppich,Wand,f,True,,,,wiktionary:kaikki@2026-10-03,test
de,Zielvereinbarung,f,target agreement,"target agreement, management by objectives (a contract or agreement between an employer and employee on specific goals to be achieved within a certain period)",compound_test,-ung,ng,native,2.23,5.0,False,,Vereinbarung,Ziel,n,True,,,,wiktionary:kaikki@2026-10-03,test
de,Ladevorgang,m,charging process,charging process,compound_test,,ng,native,2.23,5.0,False,,Vorgang,Lade,f,True,,,,wiktionary:kaikki@2026-10-03,test
de,Kohlenstoffatom,n,carbon atom,carbon atom,compound_test,,om,native,2.22,4.0,False,,Atom,Kohlenstoff,m,True,,,,wiktionary:kaikki@2026-10-03,test
de,Audiodatei,f,audio file,audio file,compound_test,-ei,ei,unknown,2.22,4.0,False,,Datei,Audio,n,True,,,,wiktionary:kaikki@2026-10-03,test
de,Silberschmuck,m,silver jewellery / ornament,silver jewellery / ornament,compound_test,,ck,native,2.22,5.0,False,,Schmuck,Silber,n,True,,,,wiktionary:kaikki@2026-10-03,test
de,Fehlernährung,f,malnutrition,"malnutrition, malnourishment",compound_test,-ung,ng,native,2.22,6.0,False,,Ernährung,Fehl,m,True,,,,wiktionary:kaikki@2026-10-03,test
de,Lichtausbeute,f,light yield,light yield (luminous efficiency),compound_test,,te,native,2.22,4.0,False,,Ausbeute,Licht,n,True,,,,wiktionary:kaikki@2026-10-03,test
de,Strohsack,m,sack of straw,sack of straw (also to sleep on),compound_test,,ck,native,2.22,4.0,False,,Sack,Stroh,n,True,,,,wiktionary:kaikki@2026-10-03,test
de,Fehlerkorrektur,f,error correction,error correction,compound_test,-ur,ur,native,2.21,5.0,False,,Korrektur,Fehler,m,True,,,,wiktionary:kaikki@2026-10-03,test
de,Christmette,f,midnight mass,midnight mass,compound_test,,te,native,2.21,3.0,False,,Mette,Christ,m,True,,,,wiktionary:kaikki@2026-10-03,test
de,Lendenschurz,m,loincloth,loincloth,compound_test,,rz,native,2.2,5.0,False,wordnet:garment.n.01,Schurz,Lende,f,True,,,,wiktionary:kaikki@2026-10-03,test
de,Zehntscheune,f,tithe barn,tithe barn,compound_test,,ne,native,2.2,5.0,False,,Scheune,Zehnt,m,True,,,,wiktionary:kaikki@2026-10-03,test
de,Schutzgelderpressung,f,protection racket,protection racket,compound_test,-ung,ng,native,2.2,6.0,False,,Erpressung,Schutzgeld,n,True,,,,wiktionary:kaikki@2026-10-03,test
de,Handelsspanne,f,trade margin,"trade margin, markup (the difference between the purchasing price and the selling price of a product, often expressed as a percentage of the selling price)",compound_test,,ne,native,2.2,5.0,False,,Spanne,Handel,m,True,,,,wiktionary:kaikki@2026-10-03,test
de,Blattspinat,m,leaf spinach,leaf spinach,compound_test,,at,native,2.19,4.0,False,,Spinat,Blatt,n,True,,,,wiktionary:kaikki@2026-10-03,test
de,Streichholzschachtel,f,matchbox,matchbox,compound_test,,el,native,2.19,7.0,False,,Schachtel,Streichholz,n,True,,,,wiktionary:kaikki@2026-10-03,test
de,Wetterfrosch,m,frog kept in a jar with a small ladder,"A frog kept in a jar with a small ladder; when the frog climbed up the ladder, this was seen as an indication of warmer weather in the following days.",compound_test,,ch,unknown,2.18,5.0,False,,Frosch,Wetter,n,True,,,,wiktionary:kaikki@2026-10-03,test
de,Wunscherfüllung,f,wish fulfilment,wish fulfilment,compound_test,-ung,ng,native,2.18,6.0,False,,Erfüllung,Wunsch,m,True,,,,wiktionary:kaikki@2026-10-03,test
de,Weinrebe,f,grapevine,grapevine,compound_test,,be,native,2.18,3.0,False,,Rebe,Wein,m,True,,,,wiktionary:kaikki@2026-10-03,test
de,Gasbeleuchtung,f,gas lighting,gas lighting,compound_test,-ung,ng,native,2.17,5.0,False,,Beleuchtung,Gas,n,True,,,,wiktionary:kaikki@2026-10-03,test
de,Massenmedium,n,mass medium,mass medium,compound_test,,um,native,2.16,3.0,False,,Medium,Masse,f,True,,,,wiktionary:kaikki@2026-10-03,test
de,Selbstmordattentat,n,suicide attack,suicide attack,compound_test,,at,unknown,2.15,6.0,False,,Attentat,Selbstmord,m,True,,,,wiktionary:kaikki@2026-10-03,test
de,Selbstbeobachtung,f,introspection,introspection,compound_test,-ung,ng,unknown,2.15,5.0,False,,Beobachtung,Selbst,n,True,,,,wiktionary:kaikki@2026-10-03,test
de,Eisscholle,f,ice floe,ice floe,compound_test,,le,unknown,2.15,4.0,False,,Scholle,Eis,n,True,,,,wiktionary:kaikki@2026-10-03,test
de,Treppenabsatz,m,landing,landing (in a staircase),compound_test,,tz,native,2.15,5.0,False,,Absatz,Treppe,f,True,,,,wiktionary:kaikki@2026-10-03,test
de,Dreivierteljahr,n,nine-month period,nine-month period,compound_test,,hr,native,2.14,6.0,False,,Vierteljahr,Drei,f,True,,,,wiktionary:kaikki@2026-10-03,test
de,Ritterrüstung,f,suit of armor,suit of armor,compound_test,-ung,ng,native,2.14,5.0,False,wordnet:garment.n.01,Rüstung,Ritter,m,True,,,,wiktionary:kaikki@2026-10-03,test
de,Schreibtischschublade,f,desk drawer,desk drawer,compound_test,,de,native,2.14,8.0,False,,Schublade,Schreibtisch,m,True,,,,wiktionary:kaikki@2026-10-03,test
de,Lückenbüßer,m,stopgap,stopgap,compound_test,,er,unknown,2.14,4.0,False,,Büßer,Lücke,f,True,,,,wiktionary:kaikki@2026-10-03,test
de,Holocaustleugnung,f,holocaust denial,Holocaust denial,compound_test,-ung,ng,unknown,2.14,4.0,False,,Leugnung,Holocaust,m,True,,,,wiktionary:kaikki@2026-10-03,test
de,Holzwolle,f,wood wool,"wood wool, excelsior",compound_test,,le,native,2.14,3.0,False,,Wolle,Holz,n,True,,,,wiktionary:kaikki@2026-10-03,test
de,Diskontinuität,f,discontinuity,discontinuity,compound_test,-tät,ät,unknown,2.13,5.0,False,,Kontinuität,Dis,n,True,,,,wiktionary:kaikki@2026-10-03,test
de,Textnachricht,f,text message,text message,compound_test,,ht,native,2.13,4.0,False,,Nachricht,Text,m,True,,,,wiktionary:kaikki@2026-10-03,test
de,Herzrhythmus,m,cardiac rhythm,cardiac rhythm,compound_test,,us,native,2.13,4.0,False,,Rhythmus,Herz,n,True,,,,wiktionary:kaikki@2026-10-03,test
de,Fleischbrühe,f,broth,"broth, meat broth",compound_test,,he,native,2.13,5.0,False,,Brühe,Fleisch,n,True,,,,wiktionary:kaikki@2026-10-03,test
de,Klosterbrauerei,f,monastery brewery,monastery brewery,compound_test,-ei,ei,native,2.13,6.0,False,,Brauerei,Kloster,n,True,,,,wiktionary:kaikki@2026-10-03,test
de,Hauptreihe,f,main sequence,main sequence,compound_test,,he,native,2.12,3.0,False,,Reihe,Haupt,n,True,,,,wiktionary:kaikki@2026-10-03,test
de,Eisenbahnstation,f,railway depot,"railway depot, railroad station, railway station, train station",compound_test,-ion,on,native,2.11,4.0,False,,Bahnstation,Eisen,n,True,,,,wiktionary:kaikki@2026-10-03,test
de,Schlammlawine,f,mudslide,mudslide,compound_test,,ne,unknown,2.1,5.0,False,,Lawine,Schlamm,m,True,,,,wiktionary:kaikki@2026-10-03,test
de,Materialermüdung,f,material fatigue,material fatigue,compound_test,-ung,ng,native,2.1,5.0,False,,Ermüdung,Material,n,True,,,,wiktionary:kaikki@2026-10-03,test
de,Nagelschere,f,nail scissors,nail scissors,compound_test,,re,native,2.1,4.0,False,,Schere,Nagel,m,True,,,,wiktionary:kaikki@2026-10-03,test
de,Holzlöffel,m,wooden spoon,wooden spoon,compound_test,,el,native,2.09,4.0,False,,Löffel,Holz,n,True,,,,wiktionary:kaikki@2026-10-03,test
de,Holznagel,m,wooden nail,a wooden nail,compound_test,,el,native,2.09,4.0,False,,Nagel,Holz,n,True,,,,wiktionary:kaikki@2026-10-03,test
de,Leibesvisitation,f,body cavity search,body cavity search,compound_test,-ion,on,native,2.09,5.0,False,,Visitation,Leib,m,True,,,,wiktionary:kaikki@2026-10-03,test
de,Marktpotenzial,n,market potential,market potential (the maximum possible total sales or volume of a product or service for all sellers in a given market over a specific period),compound_test,,al,native,2.08,5.0,False,,Potenzial,Markt,m,True,,,,wiktionary:kaikki@2026-10-03,test
de,Röntgendiagnostik,f,radiography,radiography (X-ray diagnostics),compound_test,-ik,ik,native,2.07,7.0,False,,Diagnostik,Röntgen,n,True,,,,wiktionary:kaikki@2026-10-03,test
de,Proteinsynthese,f,protein synthesis,protein synthesis,compound_test,,se,native,2.06,4.0,False,,Synthese,Protein,n,True,,,,wiktionary:kaikki@2026-10-03,test
de,Zollabfertigung,f,customs clearance which may or may not include the payment of vat and duty fees,customs clearance which may or may not include the payment of VAT and duty fees,compound_test,-ung,ng,unknown,2.06,6.0,False,,Abfertigung,Zoll,m,True,,,,wiktionary:kaikki@2026-10-03,test
de,Reformstau,m,reform tie-up,reform tie-up,compound_test,,au,native,2.06,3.0,False,gloss,Stau,Reform,f,True,,,,wiktionary:kaikki@2026-10-03,test
de,Fleischersatz,m,meat substitute,meat substitute,compound_test,,tz,native,2.06,4.0,False,,Ersatz,Fleisch,n,True,,,,wiktionary:kaikki@2026-10-03,test
de,Truppenabzug,m,troops pullout,troops pullout,compound_test,,ug,native,2.04,4.0,False,,Abzug,Truppe,f,True,,,,wiktionary:kaikki@2026-10-03,test
de,Kinderpunsch,m,nonalcoholic punch,nonalcoholic punch (beverage),compound_test,,ch,unknown,2.02,3.0,False,,Punsch,Kind,n,True,,,,wiktionary:kaikki@2026-10-03,test
de,Türspalt,m,door gap,door gap,compound_test,,lt,native,2.02,3.0,False,,Spalt,Tür,f,True,,,,wiktionary:kaikki@2026-10-03,test
de,Computerlinguistik,f,computational linguistics,computational linguistics (an interdisciplinary field dealing with the statistical and/or rule-based modeling of natural language),compound_test,-ik,ik,native,2.02,4.0,False,,Linguistik,Computer,m,True,,,,wiktionary:kaikki@2026-10-03,test
de,Aluminiumfolie,f,aluminium foil,aluminium foil,compound_test,,ie,native,2.02,3.0,False,,Folie,Aluminium,n,True,,,,wiktionary:kaikki@2026-10-03,test
de,Prädestination,f,predestination,predestination,compound_test,-ion,on,unknown,2.02,2.0,True,,Destination,Prä,n,True,,,,wiktionary:kaikki@2026-10-03,test
de,Benutzerschnittstelle,f,user interface,user interface,compound_test,,le,native,2.02,6.0,False,,Schnittstelle,Benutzer,m,True,,,,wiktionary:kaikki@2026-10-03,test
de,Krisengipfel,m,crisis summit,crisis summit,compound_test,,el,native,2.02,4.0,False,,Gipfel,Krise,f,True,,,,wiktionary:kaikki@2026-10-03,test
de,Nebelkerze,f,smoke grenade,"smoke grenade, smokescreen",compound_test,,ze,native,2.01,4.0,False,,Kerze,Nebel,m,True,,,,wiktionary:kaikki@2026-10-03,test
de,Auftragsbestätigung,f,order confirmation,order confirmation,compound_test,-ung,ng,native,2.01,6.0,False,,Bestätigung,Auftrag,m,True,,,,wiktionary:kaikki@2026-10-03,test
de,Kaffeebohne,f,coffee bean,coffee bean,compound_test,,ne,native,2.01,6.0,False,,Bohne,Kaffee,m,True,,,,wiktionary:kaikki@2026-10-03,test
de,Lebkuchenherz,n,gingerbread heart,gingerbread heart,compound_test,,rz,native,2.01,5.0,False,,Herz,Lebkuchen,m,True,,,,wiktionary:kaikki@2026-10-03,test
de,Längsschnittstudie,f,longitudinal study,longitudinal study,compound_test,,ie,native,2.0,6.0,False,,Studie,Längsschnitt,m,True,,,,wiktionary:kaikki@2026-10-03,test
de,Grundbedeutung,f,basic meaning,basic meaning,compound_test,-ung,ng,native,2.0,4.0,False,,Bedeutung,Grund,m,True,,,,wiktionary:kaikki@2026-10-03,test
de,Wasserabfluss,m,water outflow,water outflow,compound_test,,ss,native,2.0,4.0,False,,Abfluss,Wasser,n,True,,,,wiktionary:kaikki@2026-10-03,test
de,Handfeger,m,hand broom,"hand broom, duster",compound_test,,er,native,2.0,3.0,False,,Feger,Hand,f,True,,,,wiktionary:kaikki@2026-10-03,test
de,Berufslehre,f,apprenticeship,apprenticeship,compound_test,,re,unknown,2.0,4.0,False,,Lehre,Beruf,m,True,,,,wiktionary:kaikki@2026-10-03,test
de,Maultrommel,f,jew's harp,"Jew's harp, mouth harp",compound_test,,el,unknown,2.0,4.0,False,,Trommel,Maul,n,True,,,,wiktionary:kaikki@2026-10-03,test
de,Energiestoffwechsel,m,energy metabolism,energy metabolism,compound_test,,el,native,2.0,7.0,False,,Stoffwechsel,Energie,f,True,,,,wiktionary:kaikki@2026-10-03,test
de,Entwicklung,f,evolution,evolution,compound_test,-ung,ng,native,5.18,1.0,False,,Wicklung,ent,,False,,,,wiktionary:kaikki@2026-10-03,test
de,Entscheidung,f,decision,decision,compound_test,-ung,ng,unknown,5.03,3.0,False,,Scheidung,ent,,False,,,,wiktionary:kaikki@2026-10-03,test
de,Programm,n,program,program (set of structured ideas or activities; a list thereof),compound_test,,mm,loan,4.98,1.0,True,,Gramm,pro,,False,,,,wiktionary:kaikki@2026-10-03,test
de,Flughafen,m,airport,airport,compound_test,,en,native,4.75,3.0,False,,Hafen,Flug,m,False,,,,wiktionary:kaikki@2026-10-03,test
de,Anspruch,m,entitlement,"entitlement, demand, expectation of what should come from someone or something",compound_test,,ch,unknown,4.74,3.0,False,,Ruch,ansp,,False,,,,wiktionary:kaikki@2026-10-03,test
de,Anwendung,f,application,"application, usage, utilization",compound_test,-ung,ng,unknown,4.62,2.0,False,,Endung,anw,,False,,,,wiktionary:kaikki@2026-10-03,test
de,Wettbewerb,m,competition,competition (contest for a prize or award),compound_test,,rb,unknown,4.55,4.0,False,,Bewerb,wett,,False,,,,wiktionary:kaikki@2026-10-03,test
de,Integration,f,integration,integration,compound_test,-ion,on,unknown,4.54,1.0,True,,Ration,integ,,False,,,,wiktionary:kaikki@2026-10-03,test
de,Kombination,f,combination,combination,compound_test,-ion,on,loan,4.47,3.0,True,,Nation,kombi,,False,,,,wiktionary:kaikki@2026-10-03,test
de,Herausforderung,f,challenge,"challenge, that which encourages someone to dare more; (loosely) any task or condition that to bear one has to stretch one's boundaries",compound_test,-ung,ng,native,4.34,4.0,False,,Forderung,heraus,,False,,,,wiktionary:kaikki@2026-10-03,test
de,Fernseher,m,television set,"a television set, a TV",compound_test,,er,native,4.34,3.0,False,,Seher,fern,,False,,,,wiktionary:kaikki@2026-10-03,test
de,Vereinigung,f,unification,"unification (act of unifying), joining",compound_test,-ung,ng,unknown,4.32,3.0,False,,Einigung,ver,,False,,,,wiktionary:kaikki@2026-10-03,test
de,Katastrophe,f,catastrophe,"catastrophe, disaster, calamity",compound_test,,he,loan,4.26,3.0,True,,Strophe,kata,,False,,,,wiktionary:kaikki@2026-10-03,test
de,Phänomen,n,phenomenon,phenomenon,compound_test,,en,unknown,4.2,3.0,False,,Nomen,phä,,False,,,,wiktionary:kaikki@2026-10-03,test
de,Apotheke,f,pharmacy,pharmacy,compound_test,,ke,loan,4.05,4.0,False,,Theke,apo,,False,,,,wiktionary:kaikki@2026-10-03,test
de,Versand,m,shipping,"shipping, shipment, dispatch",compound_test,,nd,unknown,4.0,2.0,False,,Sand,ver,,False,,,,wiktionary:kaikki@2026-10-03,test
de,Umstand,m,circumstance,circumstance (an event; a fact; a particular incident),compound_test,,nd,native,3.99,2.0,False,,Tand,ums,,False,,,,wiktionary:kaikki@2026-10-03,test
de,Entschädigung,f,compensation,"compensation, indemnification",compound_test,-ung,ng,native,3.94,4.0,False,,Schädigung,ent,,False,,,,wiktionary:kaikki@2026-10-03,test
de,Straßenverkehr,m,road traffic,road traffic,compound_test,,hr,native,3.91,3.0,False,,Kehr,straßenver,,False,,,,wiktionary:kaikki@2026-10-03,test
de,Migrationshintergrund,m,migration background,migration background (i.e. being a migrant or having one or more parents or grandparents be migrants),compound_test,,nd,native,3.88,5.0,False,,Hintergrund,migrations,,False,,,,wiktionary:kaikki@2026-10-03,test
de,Heimatstadt,f,hometown,hometown,compound_test,,dt,unknown,3.86,3.0,False,,Stadt,Heimat,f,False,,,,wiktionary:kaikki@2026-10-03,test
de,Südwesten,m,southwest,southwest,compound_test,,en,unknown,3.83,3.0,False,,Westen,Süd,m,False,,,,wiktionary:kaikki@2026-10-03,test
de,Darlehen,n,loan,loan,compound_test,,en,unknown,3.81,3.0,False,,Lehen,dar,,False,,,,wiktionary:kaikki@2026-10-03,test
de,Sachverhalt,m,circumstance,"circumstance (surrounding the facts), factual findings",compound_test,,lt,native,3.8,3.0,False,,Verhalt,sach,,False,,,,wiktionary:kaikki@2026-10-03,test
de,Unschuld,f,innocence,innocence,compound_test,,ld,native,3.76,3.0,False,,Huld,unsc,,False,,,,wiktionary:kaikki@2026-10-03,test
de,Legislaturperiode,f,legislative session,legislative session,compound_test,,de,unknown,3.73,4.0,False,,Periode,legislatur,,False,,,,wiktionary:kaikki@2026-10-03,test
de,Konsole,f,console,console,compound_test,,le,loan,3.73,2.0,False,,Sole,kon,,False,,,,wiktionary:kaikki@2026-10-03,test
de,Vermeidung,f,avoidance,avoidance,compound_test,-ung,ng,native,3.73,4.0,False,,Meidung,ver,,False,,,,wiktionary:kaikki@2026-10-03,test
de,Nordosten,m,northeast,northeast,compound_test,,en,unknown,3.69,2.0,False,,Osten,Nord,m,False,,,,wiktionary:kaikki@2026-10-03,test
de,Teilhabe,f,participation,participation,compound_test,,be,unknown,3.68,3.0,False,,Habe,teil,,False,,,,wiktionary:kaikki@2026-10-03,test
de,Signatur,f,signature,signature (chiefly on paintings),compound_test,-ur,ur,loan,3.67,2.0,True,,Natur,sig,,False,,,,wiktionary:kaikki@2026-10-03,test
de,Schwimmer,m,agent noun of schwimmen,agent noun of schwimmen,compound_test,,er,native,3.64,2.0,False,,Wimmer,sch,,False,,,,wiktionary:kaikki@2026-10-03,test
de,Verschwendung,f,waste,waste,compound_test,-ung,ng,native,3.62,3.0,False,,Wendung,versch,,False,,,,wiktionary:kaikki@2026-10-03,test
de,Hypothese,f,hypothesis,hypothesis,compound_test,,se,unknown,3.62,3.0,False,,These,hypo,,False,,,,wiktionary:kaikki@2026-10-03,test
de,Neuanfang,m,new beginning,"new beginning, new start, fresh start",compound_test,,ng,native,3.61,3.0,False,,Anfang,neu,,False,,,,wiktionary:kaikki@2026-10-03,test
de,Zuverlässigkeit,f,reliability,"reliability, steadiness, trustworthiness",compound_test,-keit,it,native,3.61,4.0,False,,Lässigkeit,zuver,,False,,,,wiktionary:kaikki@2026-10-03,test
de,Luftfeuchtigkeit,f,humidity,humidity (of the air),compound_test,-keit,it,native,3.59,4.0,False,,Feuchtigkeit,Luft,f,False,,,,wiktionary:kaikki@2026-10-03,test
de,Verwertung,f,exploitation,"exploitation, utilisation",compound_test,-ung,ng,native,3.58,3.0,False,,Wertung,ver,,False,,,,wiktionary:kaikki@2026-10-03,test
de,Lenkrad,n,steering wheel,steering wheel,compound_test,,ad,native,3.57,3.0,False,,Krad,len,,False,,,,wiktionary:kaikki@2026-10-03,test
de,Fernbedienung,f,remote control,"remote control (device used to operate an appliance, such as a TV)",compound_test,-ung,ng,native,3.55,4.0,False,,Bedienung,fern,,False,,,,wiktionary:kaikki@2026-10-03,test
de,Nachrichtenagentur,f,news agency,news agency (organisation that gathers and distributes news),compound_test,-ur,ur,native,3.51,4.0,False,,Agentur,Nachricht,f,False,,,,wiktionary:kaikki@2026-10-03,test
de,Steuerhinterziehung,f,tax evasion,tax evasion,compound_test,-ung,ng,native,3.5,5.0,False,,Hinterziehung,steuer,,False,,,,wiktionary:kaikki@2026-10-03,test
de,Fürsorge,f,care,"care, solicitude",compound_test,,ge,native,3.48,3.0,False,,Sorge,für,,False,,,,wiktionary:kaikki@2026-10-03,test
de,Entfaltung,f,unfolding,"unfolding, development",compound_test,-ung,ng,native,3.46,3.0,False,,Faltung,ent,,False,,,,wiktionary:kaikki@2026-10-03,test
de,Startschuss,m,shot fired from a starting gun,"shot fired from a starting gun, starting a race; starting signal",compound_test,,ss,native,3.46,3.0,False,,Schuss,Start,m,False,,,,wiktionary:kaikki@2026-10-03,test
de,Verwandlung,f,metamorphosis,metamorphosis,compound_test,-ung,ng,native,3.45,3.0,False,,Wandlung,ver,,False,,,,wiktionary:kaikki@2026-10-03,test
de,Taschenlampe,f,torch,"A torch, a flashlight: a portable electric light source",compound_test,,pe,native,3.44,4.0,False,,Lampe,Tasche,f,False,,,,wiktionary:kaikki@2026-10-03,test
de,Terroranschlag,m,terror attack,terror attack,compound_test,,ag,native,3.44,4.0,False,,Anschlag,Terror,m,False,,,,wiktionary:kaikki@2026-10-03,test
de,Verlagerung,f,relocation,relocation,compound_test,-ung,ng,native,3.41,4.0,False,,Lagerung,ver,,False,,,,wiktionary:kaikki@2026-10-03,test
de,Konfiguration,f,configuration,configuration,compound_test,-ion,on,loan,3.39,3.0,True,,Figuration,kon,,False,,,,wiktionary:kaikki@2026-10-03,test
de,Verlosung,f,raffle,raffle,compound_test,-ung,ng,native,3.37,3.0,False,,Losung,ver,,False,,,,wiktionary:kaikki@2026-10-03,test
de,Chancengleichheit,f,equal opportunity,equal opportunity,compound_test,-heit,it,unknown,3.36,5.0,False,,Gleichheit,Chance,f,False,,,,wiktionary:kaikki@2026-10-03,test
de,Reißverschluss,m,zipper,zipper,compound_test,,ss,native,3.35,4.0,False,,Verschluss,reiß,,False,,,,wiktionary:kaikki@2026-10-03,test
de,Ultraschall,m,ultrasound,ultrasound,compound_test,,ll,unknown,3.34,4.0,False,,Schall,ultra,,False,,,,wiktionary:kaikki@2026-10-03,test
de,Verkündigung,f,annunciation,annunciation,compound_test,-ung,ng,unknown,3.33,4.0,False,,Kündigung,ver,,False,,,,wiktionary:kaikki@2026-10-03,test
de,Unterstellung,f,subordination,subordination,compound_test,-ung,ng,native,3.31,2.0,False,,Erstellung,unt,,False,,,,wiktionary:kaikki@2026-10-03,test
de,Umverteilung,f,redistribution,redistribution,compound_test,-ung,ng,native,3.29,4.0,False,,Erteilung,umv,,False,,,,wiktionary:kaikki@2026-10-03,test
de,Vermischung,f,mixing,mixing,compound_test,-ung,ng,native,3.28,3.0,False,,Mischung,ver,,False,,,,wiktionary:kaikki@2026-10-03,test
de,Metropolregion,f,metropolitan area,"metropolitan area, metro",compound_test,-ion,on,unknown,3.26,3.0,False,,Region,metropol,,False,,,,wiktionary:kaikki@2026-10-03,test
de,Massentierhaltung,f,intensive animal farming,"intensive animal farming, factory farming",compound_test,-ung,ng,unknown,3.25,5.0,False,,Tierhaltung,Masse,f,False,,,,wiktionary:kaikki@2026-10-03,test
de,Aschermittwoch,m,ash wednesday,Ash Wednesday,compound_test,,ch,unknown,3.24,6.0,False,,Mittwoch,Ascher,m,False,,,,wiktionary:kaikki@2026-10-03,test
de,Gleichbehandlung,f,equal treatment,equal treatment,compound_test,-ung,ng,native,3.21,5.0,False,,Behandlung,gleich,,False,,,,wiktionary:kaikki@2026-10-03,test
de,Psychose,f,psychosis,psychosis,compound_test,,se,unknown,3.21,2.0,False,,Chose,psy,,False,,,,wiktionary:kaikki@2026-10-03,test
de,Andrang,m,rush,rush,compound_test,,ng,unknown,3.2,2.0,False,,Rang,and,,False,,,,wiktionary:kaikki@2026-10-03,test
de,Neoliberalismus,m,neoliberalism,neoliberalism,compound_test,-ismus,us,native,3.19,4.0,True,,Liberalismus,neo,,False,,,,wiktionary:kaikki@2026-10-03,test
de,Wirtschaftsinformatik,f,business informatics,business informatics,compound_test,-ik,ik,unknown,3.19,5.0,False,,Informatik,wirtschafts,,False,,,,wiktionary:kaikki@2026-10-03,test
de,Betroffenheit,f,consternation,"consternation, dismay, shock",compound_test,-heit,it,native,3.17,4.0,False,,Offenheit,betr,,False,,,,wiktionary:kaikki@2026-10-03,test
de,Entsendung,f,delegation,delegation,compound_test,-ung,ng,unknown,3.17,3.0,False,,Sendung,ent,,False,,,,wiktionary:kaikki@2026-10-03,test
de,Verdichtung,f,compression,"compression, compaction, consolidation, packing",compound_test,-ung,ng,native,3.17,3.0,False,,Dichtung,ver,,False,,,,wiktionary:kaikki@2026-10-03,test
de,Hängematte,f,hammock,hammock,compound_test,,te,loan,3.16,4.0,False,,Matte,hänge,,False,,,,wiktionary:kaikki@2026-10-03,test
de,Suchmaschinenoptimierung,f,search engine optimization,search engine optimization,compound_test,-ung,ng,native,3.15,6.0,False,,Optimierung,Suchmaschine,f,False,,,,wiktionary:kaikki@2026-10-03,test
de,Postleitzahl,f,postal code,postal code,compound_test,,hl,native,3.14,4.0,False,,Leitzahl,post,,False,,,,wiktionary:kaikki@2026-10-03,test
de,Vollstreckung,f,execution,execution,compound_test,-ung,ng,native,3.14,4.0,False,,Streckung,voll,,False,,,,wiktionary:kaikki@2026-10-03,test
de,Riesenslalom,m,giant slalom,giant slalom,compound_test,,om,unknown,3.13,5.0,False,,Slalom,riesen,,False,,,,wiktionary:kaikki@2026-10-03,test
de,Krawall,m,riot,riot,compound_test,,ll,loan,3.13,3.0,False,,Wall,kra,,False,,,,wiktionary:kaikki@2026-10-03,test
de,Sonntagnachmittag,m,sunday afternoon,Sunday afternoon,compound_test,,ag,unknown,3.11,6.0,False,,Nachmittag,Sonntag,m,False,,,,wiktionary:kaikki@2026-10-03,test
de,Freilichtmuseum,n,outdoor / open-air museum,outdoor / open-air museum,compound_test,,um,native,3.06,5.0,False,,Museum,freilicht,,False,,,,wiktionary:kaikki@2026-10-03,test
de,Allgemeinbildung,f,general education,"general education, all-round education; general knowledge",compound_test,-ung,ng,native,3.06,4.0,False,,Einbildung,allgem,,False,,,,wiktionary:kaikki@2026-10-03,test
de,Schlüsselanhänger,m,key fob,key fob,compound_test,,er,native,3.05,5.0,False,,Anhänger,Schlüssel,m,False,,,,wiktionary:kaikki@2026-10-03,test
de,Kundenzufriedenheit,f,customer satisfaction,customer satisfaction,compound_test,-heit,it,unknown,3.04,6.0,False,,Zufriedenheit,kunden,,False,,,,wiktionary:kaikki@2026-10-03,test
de,Warteschlange,f,queue,"queue (of people, or items)",compound_test,,ge,native,3.04,5.0,False,,Schlange,Warte,f,False,,,,wiktionary:kaikki@2026-10-03,test
de,Spätherbst,m,late autumn,"late autumn, late fall",compound_test,,st,native,3.04,4.0,False,,Herbst,spät,,False,,,,wiktionary:kaikki@2026-10-03,test
de,Hochschulreife,f,status of a person formally qualified to study at a university due to leaving school with a successfully passed matriculation exam and/or other training,The status of a person formally qualified to study at a university due to leaving school with a successfully passed matriculation exam and/or other training.,compound_test,,fe,native,3.03,5.0,False,,Reife,hochschul,,False,,,,wiktionary:kaikki@2026-10-03,test
de,Straftatbestand,m,criminal offence,"criminal offence, statutory offense",compound_test,,nd,native,3.03,5.0,False,,Tatbestand,straf,,False,,,,wiktionary:kaikki@2026-10-03,test
de,Hitlergruß,m,nazi salute,Nazi salute (greeting in Nazi Germany performed by extending the right arm into the air),compound_test,,uß,native,3.02,3.0,False,,Gruß,hitler,,False,,,,wiktionary:kaikki@2026-10-03,test
de,Sonneneinstrahlung,f,sunlight,sunlight (solar radiation),compound_test,-ung,ng,native,3.01,6.0,False,,Einstrahlung,Sonne,f,False,,,,wiktionary:kaikki@2026-10-03,test
de,Unschuldsvermutung,f,presumption of innocence,presumption of innocence,compound_test,-ung,ng,native,3.01,7.0,False,,Vermutung,unschulds,,False,,,,wiktionary:kaikki@2026-10-03,test
de,Neuorientierung,f,career change,career change,compound_test,-ung,ng,native,3.0,3.0,False,,Orientierung,neu,,False,,,,wiktionary:kaikki@2026-10-03,test
de,Kettenreaktion,f,chain reaction,chain reaction,compound_test,-ion,on,native,2.98,4.0,False,,Reaktion,Kette,f,False,,,,wiktionary:kaikki@2026-10-03,test
de,Viereck,n,quadrangle,"quadrangle, quadrilateral",compound_test,,ck,unknown,2.98,3.0,False,,Reck,vie,,False,,,,wiktionary:kaikki@2026-10-03,test
de,Hemmschwelle,f,inhibition,"inhibition, psychological hurdle (for example due to fear of embarrassment, breaking social norms, etc.)",compound_test,,le,native,2.97,4.0,False,,Schwelle,hemm,,False,,,,wiktionary:kaikki@2026-10-03,test
de,Thermodynamik,f,thermodynamics,thermodynamics,compound_test,-ik,ik,unknown,2.97,3.0,False,,Dynamik,thermo,,False,,,,wiktionary:kaikki@2026-10-03,test
de,Arbeitseinsatz,m,work deployment,work deployment,compound_test,,tz,unknown,2.96,4.0,False,,Einsatz,arbeits,,False,,,,wiktionary:kaikki@2026-10-03,test
de,Schweigeminute,f,moment of silence,moment of silence,compound_test,,te,native,2.96,4.0,False,,Minute,schweige,,False,,,,wiktionary:kaikki@2026-10-03,test
de,Augenbraue,f,eyebrow,eyebrow,compound_test,,ue,native,2.95,4.0,False,,Braue,augen,,False,,,,wiktionary:kaikki@2026-10-03,test
de,Liebesbeziehung,f,love affair,"love affair, love relationship",compound_test,-ung,ng,native,2.94,4.0,False,,Beziehung,liebes,,False,,,,wiktionary:kaikki@2026-10-03,test
de,Ergreifung,f,seizure,seizure,compound_test,-ung,ng,native,2.91,4.0,False,,Reifung,erg,,False,,,,wiktionary:kaikki@2026-10-03,test
de,Schluckauf,m,hiccup,hiccup,compound_test,,uf,native,2.9,3.0,False,,Kauf,schluc,,False,,,,wiktionary:kaikki@2026-10-03,test
de,Kindeswohl,n,children’s well-being of a child),children’s well-being (preservation of the physical and mental integrity and sufficient support (for the development) of a child),compound_test,,hl,native,2.9,4.0,False,,Wohl,Kind,n,False,,,,wiktionary:kaikki@2026-10-03,test
de,Blinddarm,m,caecum,caecum,compound_test,,rm,native,2.9,3.0,False,,Darm,blind,,False,,,,wiktionary:kaikki@2026-10-03,test
de,Freiheitsberaubung,f,false imprisonment,false imprisonment (the crime of confining a person in a place without being legally authorised to do so),compound_test,-ung,ng,native,2.89,6.0,False,,Beraubung,freiheits,,False,,,,wiktionary:kaikki@2026-10-03,test
de,Zentralkomitee,n,central committee,central committee,compound_test,,ee,native,2.88,5.0,False,,Komitee,zentral,,False,,,,wiktionary:kaikki@2026-10-03,test
de,Fotoapparat,m,camera,camera (device for making still pictures),compound_test,,at,native,2.87,3.0,False,,Apparat,foto,,False,,,,wiktionary:kaikki@2026-10-03,test
de,Ersatzmann,m,substitute,"substitute, stand in",compound_test,,nn,native,2.87,4.0,False,,Mann,Ersatz,m,False,,,,wiktionary:kaikki@2026-10-03,test
de,Zwischenrunde,f,intermediate round,intermediate round,compound_test,,de,unknown,2.87,4.0,False,,Runde,zwischen,,False,,,,wiktionary:kaikki@2026-10-03,test
de,Umkleidekabine,f,synonym of ankleidekabine,synonym of Ankleidekabine,compound_test,,ne,native,2.86,6.0,False,,Kabine,umkleide,,False,,,,wiktionary:kaikki@2026-10-03,test
de,Rückbesinnung,f,recollection,recollection,compound_test,-ung,ng,native,2.86,4.0,False,,Besinnung,rück,,False,,,,wiktionary:kaikki@2026-10-03,test
de,Stellenausschreibung,f,job posting,"job posting, job advertisement, advertisement of an available job",compound_test,-ung,ng,native,2.85,6.0,False,,Ausschreibung,Stelle,f,False,,,,wiktionary:kaikki@2026-10-03,test
de,Brechreiz,m,nausea,nausea (strong urge to vomit),compound_test,,iz,native,2.85,4.0,False,,Reiz,brech,,False,,,,wiktionary:kaikki@2026-10-03,test
de,Junggesellenabschied,m,stag party,"stag party, bachelor party (party organized for a husband by his, usually only male, friends)",compound_test,,ed,native,2.85,5.0,False,gloss,Abschied,junggesellen,,False,,,,wiktionary:kaikki@2026-10-03,test
de,Hoffnungsschimmer,m,glimmer of hope,glimmer of hope,compound_test,,er,native,2.84,5.0,False,,Schimmer,hoffnungs,,False,,,,wiktionary:kaikki@2026-10-03,test
de,Raffinesse,f,finesse,finesse,compound_test,,se,unknown,2.84,4.0,False,,Finesse,raf,,False,,,,wiktionary:kaikki@2026-10-03,test
de,Politikverdrossenheit,f,political apathy,political apathy,compound_test,-heit,it,native,2.84,7.0,False,,Verdrossenheit,Politik,f,False,,,,wiktionary:kaikki@2026-10-03,test
de,Dienstleistungssektor,m,service sector,service sector (the portion of the economy that produces intangible goods),compound_test,,or,native,2.83,7.0,False,,Sektor,dienstleistungs,,False,,,,wiktionary:kaikki@2026-10-03,test
de,Wahlniederlage,f,electoral defeat,"electoral defeat, election defeat",compound_test,,ge,native,2.83,4.0,False,,Niederlage,Wahl,f,False,,,,wiktionary:kaikki@2026-10-03,test
de,Kulturrevolution,f,cultural revolution,cultural revolution,compound_test,-ion,on,unknown,2.82,4.0,False,,Revolution,Kultur,f,False,,,,wiktionary:kaikki@2026-10-03,test
de,Schleichwerbung,f,surreptitious advertising,surreptitious advertising,compound_test,-ung,ng,native,2.82,4.0,False,,Werbung,schleich,,False,,,,wiktionary:kaikki@2026-10-03,test
de,Maßeinheit,f,unit of measure,unit of measure,compound_test,-heit,it,native,2.81,4.0,False,,Einheit,maß,,False,,,,wiktionary:kaikki@2026-10-03,test
de,Tordifferenz,f,goal difference,goal difference,compound_test,-enz,nz,unknown,2.81,4.0,False,,Differenz,tor,,False,,,,wiktionary:kaikki@2026-10-03,test
de,Selbstporträt,n,self-portrait,self-portrait,compound_test,,ät,unknown,2.81,4.0,False,,Porträt,Selbst,n,False,,,,wiktionary:kaikki@2026-10-03,test
de,Urkundenfälschung,f,falsification of a document,falsification of a document,compound_test,-ung,ng,native,2.8,7.0,False,,Fälschung,Urkunde,f,False,,,,wiktionary:kaikki@2026-10-03,test
de,Panikattacke,f,panic attack,panic attack,compound_test,,ke,native,2.79,4.0,False,,Attacke,Panik,f,False,,,,wiktionary:kaikki@2026-10-03,test
de,Schrotflinte,f,shotgun,shotgun,compound_test,,te,native,2.79,4.0,False,,Flinte,schrot,,False,,,,wiktionary:kaikki@2026-10-03,test
de,Mandoline,f,mandolin,mandolin (stringed instrument),compound_test,,ne,loan,2.79,2.0,True,,Doline,man,,False,,,,wiktionary:kaikki@2026-10-03,test
de,Eigeninteresse,n,self-interest,self-interest,compound_test,,se,native,2.79,3.0,False,,Interesse,Eigen,n,False,,,,wiktionary:kaikki@2026-10-03,test
de,Bombendrohung,f,bomb threat,"bomb threat, bomb scare",compound_test,-ung,ng,native,2.79,4.0,False,,Drohung,Bombe,f,False,,,,wiktionary:kaikki@2026-10-03,test
de,Grenzübertritt,m,act of crossing a border between two countries,the act of crossing a border between two countries,compound_test,,tt,native,2.77,5.0,False,,Übertritt,grenz,,False,,,,wiktionary:kaikki@2026-10-03,test
de,Tagesausflug,m,day trip,a day trip,compound_test,,ug,native,2.76,5.0,False,,Ausflug,Tag,m,False,,,,wiktionary:kaikki@2026-10-03,test
de,Erdrutsch,m,landslide,landslide,compound_test,,ch,native,2.75,3.0,False,,Rutsch,erd,,False,,,,wiktionary:kaikki@2026-10-03,test
de,Zerstreuung,f,dispersal,"dispersal, scattering",compound_test,-ung,ng,unknown,2.74,5.0,False,,Streuung,zer,,False,,,,wiktionary:kaikki@2026-10-03,test
de,Müllcontainer,m,dumpster,"dumpster, skip",compound_test,,er,native,2.72,3.0,False,,Container,Müll,m,False,,,,wiktionary:kaikki@2026-10-03,test
de,Augapfel,m,eyeball,eyeball,compound_test,,el,native,2.71,3.0,False,,Apfel,aug,,False,,,,wiktionary:kaikki@2026-10-03,test
de,Ahornsirup,m,maple syrup,maple syrup,compound_test,,up,unknown,2.71,4.0,False,,Sirup,Ahorn,m,False,,,,wiktionary:kaikki@2026-10-03,test
de,Konnotation,f,connotation,connotation (suggested or implied meaning),compound_test,-ion,on,loan,2.71,2.0,True,,Notation,kon,,False,,,,wiktionary:kaikki@2026-10-03,test
de,Rückkopplung,f,feedback,feedback,compound_test,-ung,ng,native,2.71,4.0,False,,Kopplung,rück,,False,,,,wiktionary:kaikki@2026-10-03,test
de,Fahrradweg,m,cycle track,cycle track,compound_test,,eg,native,2.7,4.0,False,,Radweg,fahr,,False,,,,wiktionary:kaikki@2026-10-03,test
de,Verpfändung,f,pledge,"pledge, pawning, hypothecation",compound_test,-ung,ng,unknown,2.69,4.0,False,,Pfändung,ver,,False,,,,wiktionary:kaikki@2026-10-03,test
de,Erstausstrahlung,f,premiere,premiere,compound_test,-ung,ng,native,2.69,6.0,False,,Ausstrahlung,erst,,False,,,,wiktionary:kaikki@2026-10-03,test
de,Kochsalzlösung,f,salt solution,"salt solution, saline solution",compound_test,-ung,ng,native,2.68,5.0,False,,Salzlösung,koch,,False,,,,wiktionary:kaikki@2026-10-03,test
de,Konjunktion,f,conjunction,conjunction,compound_test,-ion,on,loan,2.68,4.0,False,,Junktion,kon,,False,,,,wiktionary:kaikki@2026-10-03,test
de,Wundheilung,f,wound healing,wound healing,compound_test,-ung,ng,native,2.68,5.0,False,,Heilung,wund,,False,,,,wiktionary:kaikki@2026-10-03,test
de,Bettruhe,f,bedrest,bedrest,compound_test,,he,native,2.68,3.0,False,,Truhe,bet,,False,,,,wiktionary:kaikki@2026-10-03,test
de,Wohnsiedlung,f,small settlement,small settlement,compound_test,-ung,ng,native,2.68,4.0,False,,Siedlung,wohn,,False,,,,wiktionary:kaikki@2026-10-03,test
de,Verlockung,f,temptation,"temptation, enticement",compound_test,-ung,ng,native,2.67,3.0,False,,Lockung,ver,,False,,,,wiktionary:kaikki@2026-10-03,test
de,Bergkristall,m,rock crystal,rock crystal,compound_test,,ll,native,2.66,4.0,False,,Kristall,Berg,m,False,,,,wiktionary:kaikki@2026-10-03,test
de,Warnhinweis,m,warning,"warning, warning message, warning sign",compound_test,,is,native,2.64,3.0,False,,Hinweis,warn,,False,,,,wiktionary:kaikki@2026-10-03,test
de,Spracherwerb,m,language acquisition,language acquisition,compound_test,,rb,native,2.64,4.0,False,,Erwerb,sprach,,False,,,,wiktionary:kaikki@2026-10-03,test
de,Neurochirurgie,f,neurosurgery,neurosurgery,compound_test,,ie,native,2.64,5.0,False,,Chirurgie,neuro,,False,,,,wiktionary:kaikki@2026-10-03,test
de,Dreiviertelstunde,f,three-quarters of an hour,"three-quarters of an hour, 45 minutes",compound_test,,de,unknown,2.64,6.0,False,,Viertelstunde,Drei,f,False,,,,wiktionary:kaikki@2026-10-03,test
de,Gruppenvergewaltigung,f,gang rape,gang rape,compound_test,-ung,ng,native,2.64,6.0,False,,Vergewaltigung,Gruppe,f,False,,,,wiktionary:kaikki@2026-10-03,test
de,Verdauungstrakt,m,alimentary canal,"alimentary canal, digestive tract",compound_test,,kt,unknown,2.63,5.0,False,,Trakt,verdauungs,,False,,,,wiktionary:kaikki@2026-10-03,test
de,Kreuzverhör,n,cross-examination,"cross-examination, cross examination",compound_test,,ör,unknown,2.63,4.0,False,,Verhör,Kreuz,n,False,,,,wiktionary:kaikki@2026-10-03,test
de,Reisewarnung,f,travel warning,"travel warning, travel advisory",compound_test,-ung,ng,native,2.63,5.0,False,,Warnung,Reise,f,False,,,,wiktionary:kaikki@2026-10-03,test
de,Differentialgleichung,f,differential equation,differential equation (equation involving the derivatives of a function),compound_test,-ung,ng,native,2.62,4.0,False,,Gleichung,differential,,False,,,,wiktionary:kaikki@2026-10-03,test
de,Hochzeitstorte,f,wedding cake,wedding cake,compound_test,,te,native,2.62,4.0,False,,Torte,hochzeits,,False,,,,wiktionary:kaikki@2026-10-03,test
de,Vertagung,f,adjournment,"adjournment, postponement",compound_test,-ung,ng,native,2.62,3.0,False,,Tagung,ver,,False,,,,wiktionary:kaikki@2026-10-03,test
de,Türklinke,f,door handle,door handle,compound_test,,ke,native,2.61,3.0,False,,Klinke,Tür,f,False,,,,wiktionary:kaikki@2026-10-03,test
de,Datenspeicherung,f,storage of data,storage of data,compound_test,-ung,ng,unknown,2.61,5.0,False,,Speicherung,daten,,False,,,,wiktionary:kaikki@2026-10-03,test
de,Brustwarze,f,nipple,"nipple, teat",compound_test,,ze,native,2.61,4.0,False,wordnet:reproductive_organ.n.01,Warze,Brust,f,False,,,,wiktionary:kaikki@2026-10-03,test
de,Schlenker,m,swerve,"swerve (abrupt movement, especially of a vehicle)",compound_test,,er,unknown,2.61,3.0,False,,Lenker,sch,,False,,,,wiktionary:kaikki@2026-10-03,test
de,Wahlmöglichkeit,f,option,"option, choice",compound_test,-keit,it,native,2.61,3.0,False,,Möglichkeit,Wahl,f,False,,,,wiktionary:kaikki@2026-10-03,test
de,Servolenkung,f,power steering,power steering,compound_test,-ung,ng,native,2.6,4.0,False,,Lenkung,servo,,False,,,,wiktionary:kaikki@2026-10-03,test
de,Personalpronomen,n,personal pronoun,personal pronoun,compound_test,,en,native,2.58,3.0,False,,Pronomen,Personal,n,False,,,,wiktionary:kaikki@2026-10-03,test
de,Majestätsbeleidigung,f,lese majesty,lese majesty,compound_test,-ung,ng,native,2.58,8.0,False,,Beleidigung,majestäts,,False,,,,wiktionary:kaikki@2026-10-03,test
de,Baumstumpf,m,tree stump,tree stump,compound_test,,pf,native,2.57,4.0,False,,Stumpf,Baum,m,False,,,,wiktionary:kaikki@2026-10-03,test
de,Traumland,n,dreamland,dreamland,compound_test,,nd,native,2.56,3.0,False,,Umland,tra,,False,,,,wiktionary:kaikki@2026-10-03,test
de,Zapfenstreich,m,curfew,curfew,compound_test,,ch,native,2.56,4.0,False,,Streich,Zapfen,m,False,,,,wiktionary:kaikki@2026-10-03,test
de,Erdwärme,f,geothermal heat,geothermal heat,compound_test,,me,native,2.55,4.0,False,,Wärme,erd,,False,,,,wiktionary:kaikki@2026-10-03,test
de,Sonderpädagogik,f,special education,special education,compound_test,-ik,ik,native,2.54,6.0,False,,Pädagogik,sonder,,False,,,,wiktionary:kaikki@2026-10-03,test
de,Winkelschleifer,m,angle grinder,"angle grinder, disc grinder, side grinder",compound_test,,er,native,2.54,6.0,False,,Schleifer,Winkel,m,False,,,,wiktionary:kaikki@2026-10-03,test
de,Mausefalle,f,mousetrap,mousetrap,compound_test,,le,native,2.54,4.0,False,,Falle,mause,,False,,,,wiktionary:kaikki@2026-10-03,test
de,Luftabwehr,f,air defense,"air defense, air defence",compound_test,,hr,unknown,2.52,3.0,False,,Abwehr,Luft,f,False,,,,wiktionary:kaikki@2026-10-03,test
de,Leertaste,f,space bar,space bar,compound_test,,te,native,2.52,3.0,False,,Taste,leer,,False,,,,wiktionary:kaikki@2026-10-03,test
de,Zentrifuge,f,centrifuge,centrifuge (device for separation of substances),compound_test,,ge,loan,2.51,4.0,True,,Fuge,zentri,,False,,,,wiktionary:kaikki@2026-10-03,test
de,Präsidentschaftswahlkampf,m,presidential campaign,presidential campaign,compound_test,,pf,native,2.5,9.0,False,,Wahlkampf,präsidentschafts,,False,,,,wiktionary:kaikki@2026-10-03,test
de,Liveübertragung,f,live broadcast,live broadcast,compound_test,-ung,ng,unknown,2.5,4.0,False,,Übertragung,live,,False,,,,wiktionary:kaikki@2026-10-03,test
de,Blutplasma,n,blood plasma,blood plasma,compound_test,,ma,native,2.49,4.0,False,,Plasma,Blut,n,False,,,,wiktionary:kaikki@2026-10-03,test
de,Bundesfreiwilligendienst,m,german federal volunteers service,the German Federal Volunteers Service,compound_test,,st,native,2.49,7.0,False,,Freiwilligendienst,bundes,,False,,,,wiktionary:kaikki@2026-10-03,test
de,Ehrenmitgliedschaft,f,honorary membership,honorary membership,compound_test,-schaft,ft,native,2.49,6.0,False,,Mitgliedschaft,Ehre,f,False,,,,wiktionary:kaikki@2026-10-03,test
de,Degradierung,f,degradation,degradation,compound_test,-ung,ng,unknown,2.49,3.0,False,,Radierung,deg,,False,,,,wiktionary:kaikki@2026-10-03,test
de,Bolzenschneider,m,bolt cutter,bolt cutter,compound_test,,er,native,2.48,4.0,False,,Schneider,Bolzen,m,False,,,,wiktionary:kaikki@2026-10-03,test
de,Todeszeitpunkt,m,time of death,time of death,compound_test,,kt,native,2.48,4.0,False,,Zeitpunkt,Tod,m,False,,,,wiktionary:kaikki@2026-10-03,test
de,Produktionskapazität,f,production / manufacturing capacity,production / manufacturing capacity,compound_test,-tät,ät,native,2.48,5.0,False,,Kapazität,produktions,,False,,,,wiktionary:kaikki@2026-10-03,test
de,Sprachbarriere,f,language barrier,language barrier,compound_test,,re,native,2.46,4.0,False,,Barriere,sprach,,False,,,,wiktionary:kaikki@2026-10-03,test
de,Markteintritt,m,market entry,"market entry (the launch of a new product or service into a specific market, or the expansion of a company into a new geographic or demographic area)",compound_test,,tt,native,2.46,4.0,False,,Eintritt,Markt,m,False,,,,wiktionary:kaikki@2026-10-03,test
de,Schramme,f,graze,graze; scratch,compound_test,,me,native,2.46,3.0,False,,Ramme,sch,,False,,,,wiktionary:kaikki@2026-10-03,test
de,Machtausübung,f,exercise of power,exercise of power,compound_test,-ung,ng,native,2.45,5.0,False,,Ausübung,Macht,f,False,,,,wiktionary:kaikki@2026-10-03,test
de,Fristverlängerung,f,extension,extension (time),compound_test,-ung,ng,native,2.45,6.0,False,,Verlängerung,Frist,f,False,,,,wiktionary:kaikki@2026-10-03,test
de,Zwischenablage,f,clipboard,clipboard,compound_test,,ge,native,2.43,4.0,False,,Ablage,zwischen,,False,,,,wiktionary:kaikki@2026-10-03,test
de,Tastenkombination,f,keyboard shortcut,"keyboard shortcut, hotkey",compound_test,-ion,on,native,2.43,5.0,False,,Kombination,Taste,f,False,,,,wiktionary:kaikki@2026-10-03,test
de,Schlussverkauf,m,end-of-season sale,end-of-season sale,compound_test,,uf,unknown,2.42,5.0,False,,Verkauf,Schluss,m,False,,,,wiktionary:kaikki@2026-10-03,test
de,Wirtschaftsforum,n,economic forum,economic forum,compound_test,,um,native,2.42,4.0,False,,Forum,wirtschafts,,False,,,,wiktionary:kaikki@2026-10-03,test
de,Marschroute,f,route of marching,route of marching,compound_test,,te,unknown,2.42,3.0,False,,Route,marsch,,False,,,,wiktionary:kaikki@2026-10-03,test
de,Verdichter,m,compressor,compressor,compound_test,,er,unknown,2.42,3.0,False,,Dichter,ver,,False,,,,wiktionary:kaikki@2026-10-03,test
de,Enttarnung,f,unmasking,"unmasking, exposing",compound_test,-ung,ng,native,2.41,4.0,False,,Tarnung,ent,,False,,,,wiktionary:kaikki@2026-10-03,test
de,Universitätsverlag,m,university press,university press,compound_test,,ag,native,2.41,5.0,False,,Verlag,universitäts,,False,,,,wiktionary:kaikki@2026-10-03,test
de,Autokino,n,drive-in theater,drive-in theater,compound_test,,no,native,2.4,2.0,False,,Kino,Auto,n,False,,,,wiktionary:kaikki@2026-10-03,test
de,Waffenlieferung,f,arms delivery,"arms delivery, weapons shipment",compound_test,-ung,ng,native,2.39,5.0,False,,Lieferung,Waffe,f,False,,,,wiktionary:kaikki@2026-10-03,test
de,Schaltzentrale,f,switchboard,switchboard,compound_test,,le,native,2.39,4.0,False,,Zentrale,schalt,,False,,,,wiktionary:kaikki@2026-10-03,test
de,Wachkoma,n,coma vigil,coma vigil,compound_test,,ma,native,2.39,4.0,False,,Koma,wach,,False,,,,wiktionary:kaikki@2026-10-03,test
de,Blankoscheck,m,blank cheque,blank cheque,compound_test,,ck,unknown,2.38,3.0,False,,Scheck,blanko,,False,,,,wiktionary:kaikki@2026-10-03,test
de,Nahrungsergänzung,f,nutritional supplementation,nutritional supplementation,compound_test,-ung,ng,native,2.38,6.0,False,,Ergänzung,nahrungs,,False,,,,wiktionary:kaikki@2026-10-03,test
de,Militärjunta,f,military junta,military junta,compound_test,,ta,native,2.38,4.0,True,,Junta,militär,,False,,,,wiktionary:kaikki@2026-10-03,test
de,Gastkommentar,m,guest comment,guest comment,compound_test,,ar,native,2.37,4.0,False,,Kommentar,Gast,m,False,,,,wiktionary:kaikki@2026-10-03,test
de,Giftköder,m,poisonous bait,poisonous bait,compound_test,,er,native,2.37,3.0,False,,Köder,gift,,False,,,,wiktionary:kaikki@2026-10-03,test
de,Schichtdicke,f,thickness,thickness (of a slice or layer),compound_test,,ke,native,2.36,4.0,False,,Dicke,Schicht,f,False,,,,wiktionary:kaikki@2026-10-03,test
de,Fischkutter,m,fishing boat,fishing boat,compound_test,,er,native,2.36,4.0,False,,Kutter,Fisch,m,False,,,,wiktionary:kaikki@2026-10-03,test
de,Herdenimmunität,f,herd immunity,herd immunity,compound_test,-tät,ät,native,2.36,5.0,False,,Immunität,Herde,f,False,,,,wiktionary:kaikki@2026-10-03,test
de,Regenguss,m,heavy shower,"heavy shower, downpour",compound_test,,ss,unknown,2.36,3.0,False,,Guss,Regen,m,False,,,,wiktionary:kaikki@2026-10-03,test
de,Kirchenglocke,f,church bell,church bell,compound_test,,ke,native,2.36,4.0,False,,Glocke,Kirche,f,False,,,,wiktionary:kaikki@2026-10-03,test
de,Suchanfrage,f,query,"query, search request",compound_test,,ge,unknown,2.36,3.0,False,,Anfrage,such,,False,,,,wiktionary:kaikki@2026-10-03,test
de,Verfestigung,f,stabilization,stabilization,compound_test,-ung,ng,native,2.35,3.0,False,,Festigung,ver,,False,,,,wiktionary:kaikki@2026-10-03,test
de,Weltraumforschung,f,space exploration,space exploration,compound_test,-ung,ng,unknown,2.34,6.0,False,,Raumforschung,Welt,f,False,,,,wiktionary:kaikki@2026-10-03,test
de,Sicherheitsventil,n,safety valve,safety valve,compound_test,,il,native,2.32,4.0,False,,Ventil,sicherheits,,False,,,,wiktionary:kaikki@2026-10-03,test
de,Rechenschieber,m,slide rule,slide rule,compound_test,,er,native,2.31,5.0,False,,Schieber,Rechen,m,False,,,,wiktionary:kaikki@2026-10-03,test
de,Großrazzia,f,large police raid,a large police raid,compound_test,,ia,native,2.3,3.0,False,,Razzia,groß,,False,,,,wiktionary:kaikki@2026-10-03,test
de,Steuerparadies,n,tax haven,tax haven,compound_test,,es,unknown,2.3,4.0,False,,Paradies,steuer,,False,,,,wiktionary:kaikki@2026-10-03,test
de,Eröffnungszeremonie,f,opening ceremony,opening ceremony,compound_test,,ie,unknown,2.3,7.0,False,,Zeremonie,eröffnungs,,False,,,,wiktionary:kaikki@2026-10-03,test
de,Altersdiskriminierung,f,ageism,ageism (the treating of a person or people differently from others based on assumptions or stereotypes relating to their age),compound_test,-ung,ng,native,2.28,6.0,False,,Diskriminierung,alters,,False,,,,wiktionary:kaikki@2026-10-03,test
de,Böswilligkeit,f,malevolence,"malevolence, malice",compound_test,-keit,it,native,2.28,5.0,False,,Willigkeit,bös,,False,,,,wiktionary:kaikki@2026-10-03,test
de,Abendspaziergang,m,evening walk,evening walk,compound_test,,ng,native,2.27,6.0,False,,Spaziergang,Abend,m,False,,,,wiktionary:kaikki@2026-10-03,test
de,Nierentransplantation,f,kidney transplantation,kidney transplantation,compound_test,-ion,on,native,2.27,6.0,False,,Transplantation,Niere,f,False,,,,wiktionary:kaikki@2026-10-03,test
de,Hochparterre,n,raised first floor,"raised first floor (US), raised ground floor (UK)",compound_test,,re,unknown,2.27,4.0,False,,Parterre,Hoch,n,False,,,,wiktionary:kaikki@2026-10-03,test
de,Pharmakokinetik,f,pharmacokinetics,pharmacokinetics,compound_test,-ik,ik,native,2.26,5.0,False,,Kinetik,pharmako,,False,,,,wiktionary:kaikki@2026-10-03,test
de,Sauerrahm,m,sour cream,sour cream,compound_test,,hm,native,2.25,4.0,False,,Rahm,sauer,,False,,,,wiktionary:kaikki@2026-10-03,test
de,Alltagsstress,m,everyday stress,"everyday stress, the stress experienced in day-to-day life",compound_test,,ss,native,2.24,3.0,False,,Stress,Alltag,m,False,,,,wiktionary:kaikki@2026-10-03,test
de,Kirchturmuhr,f,church tower clock,church tower clock,compound_test,,hr,native,2.23,5.0,False,,Turmuhr,kirch,,False,,,,wiktionary:kaikki@2026-10-03,test
de,Intimrasur,f,intimate shaving,intimate shaving,compound_test,-ur,ur,unknown,2.21,4.0,False,,Rasur,intim,,False,,,,wiktionary:kaikki@2026-10-03,test
de,Realsozialismus,m,real socialism,real socialism,compound_test,-ismus,us,native,2.21,5.0,False,,Sozialismus,Real,m,False,,,,wiktionary:kaikki@2026-10-03,test
de,Themenauswahl,f,selection of topics,selection of topics,compound_test,,hl,native,2.21,4.0,False,,Auswahl,themen,,False,,,,wiktionary:kaikki@2026-10-03,test
de,Untersuchungsmethode,f,method of investigation,method of investigation,compound_test,,de,native,2.21,6.0,False,,Methode,untersuchungs,,False,,,,wiktionary:kaikki@2026-10-03,test
de,Wachsfigur,f,wax figure,wax figure,compound_test,-ur,ur,native,2.21,4.0,False,,Figur,wachs,,False,,,,wiktionary:kaikki@2026-10-03,test
de,Räucherlachs,m,smoked salmon,smoked salmon; lox,compound_test,,hs,native,2.19,5.0,False,,Lachs,räucher,,False,,,,wiktionary:kaikki@2026-10-03,test
de,Verkalkung,f,calcification,calcification,compound_test,-ung,ng,unknown,2.19,4.0,False,,Kalkung,ver,,False,,,,wiktionary:kaikki@2026-10-03,test
de,Luftströmung,f,air current,air current,compound_test,-ung,ng,unknown,2.19,4.0,False,,Strömung,Luft,f,False,,,,wiktionary:kaikki@2026-10-03,test
de,Hasenscharte,f,cleft lip,"cleft lip, harelip",compound_test,,te,native,2.17,4.0,False,,Scharte,hasen,,False,,,,wiktionary:kaikki@2026-10-03,test
de,Entwaldung,f,deforestation,deforestation,compound_test,-ung,ng,native,2.17,3.0,False,,Waldung,ent,,False,,,,wiktionary:kaikki@2026-10-03,test
de,Arbeitseinstellung,f,walkout,walkout,compound_test,-ung,ng,native,2.16,4.0,False,,Einstellung,arbeits,,False,,,,wiktionary:kaikki@2026-10-03,test
de,Hinterziehung,f,evasion,evasion,compound_test,-ung,ng,unknown,2.15,3.0,False,,Erziehung,hint,,False,,,,wiktionary:kaikki@2026-10-03,test
de,Notlüge,f,harmless or trivial lie,"a harmless or trivial lie, especially one told to avoid hurting someone's feelings; white lie",compound_test,,ge,unknown,2.14,3.0,False,,Lüge,Not,f,False,,,,wiktionary:kaikki@2026-10-03,test
de,Toilettenspülung,f,toilet bowl,"toilet bowl, flush toilet, flushing toilet, water closet (receptacle designed to receive the dejections of humans)",compound_test,-ung,ng,native,2.13,7.0,False,,Spülung,Toilette,f,False,,,,wiktionary:kaikki@2026-10-03,test
de,Hochseefischerei,f,distant-water fishing,"distant-water fishing, fisheries on the high seas, ocean fisheries",compound_test,-ei,ei,native,2.13,6.0,False,,Fischerei,Hochsee,f,False,,,,wiktionary:kaikki@2026-10-03,test
de,Korrosionsbeständigkeit,f,corrosion resistance,corrosion resistance,compound_test,-keit,it,native,2.12,6.0,False,,Beständigkeit,korrosions,,False,,,,wiktionary:kaikki@2026-10-03,test
de,Sommerschlussverkauf,m,end-of-summer sale,end-of-summer sale,compound_test,,uf,native,2.11,6.0,False,,Schlussverkauf,Sommer,m,False,,,,wiktionary:kaikki@2026-10-03,test
de,Winterweizen,m,winter wheat,winter wheat,compound_test,,en,native,2.11,3.0,False,,Weizen,Winter,m,False,,,,wiktionary:kaikki@2026-10-03,test
de,Zwischennutzung,f,meanwhile use,"meanwhile use; temporary, interim usage",compound_test,-ung,ng,native,2.09,5.0,False,,Nutzung,zwischen,,False,,,,wiktionary:kaikki@2026-10-03,test
de,Apfelessig,m,cider vinegar,cider vinegar,compound_test,,ig,native,2.09,4.0,False,,Essig,Apfel,m,False,,,,wiktionary:kaikki@2026-10-03,test
de,Drehimpuls,m,angular momentum,angular momentum,compound_test,,ls,native,2.09,4.0,False,,Impuls,Dreh,m,False,,,,wiktionary:kaikki@2026-10-03,test
de,Großwetterlage,f,totality of weather conditions prevailing over a large area and lasting for several days,totality of weather conditions prevailing over a large area and lasting for several days,compound_test,,ge,unknown,2.09,4.0,False,,Wetterlage,groß,,False,,,,wiktionary:kaikki@2026-10-03,test
de,Saisonbestleistung,f,season best,season best (personal best result for a certain season),compound_test,-ung,ng,unknown,2.09,5.0,False,,Bestleistung,Saison,f,False,,,,wiktionary:kaikki@2026-10-03,test
de,Militärflugplatz,m,military airfield,military airfield,compound_test,,tz,native,2.08,5.0,False,,Flugplatz,militär,,False,,,,wiktionary:kaikki@2026-10-03,test
de,Regieanweisung,f,stage direction,stage direction (instruction given to an actor that tells the actor what should be done and in what manner to do it),compound_test,-ung,ng,native,2.08,5.0,False,,Anweisung,Regie,f,False,,,,wiktionary:kaikki@2026-10-03,test
de,Todeswunsch,m,death wish,"death wish, deathwish",compound_test,,ch,native,2.08,4.0,False,,Wunsch,Tod,m,False,,,,wiktionary:kaikki@2026-10-03,test
de,Militärübung,f,military exercise,"military exercise, war game",compound_test,-ung,ng,native,2.07,4.0,False,,Übung,militär,,False,,,,wiktionary:kaikki@2026-10-03,test
de,Planierraupe,f,bulldozer,bulldozer (tractor),compound_test,,pe,native,2.06,5.0,False,,Raupe,planier,,False,,,,wiktionary:kaikki@2026-10-03,test
de,Suchtrupp,m,search party,"search party, posse",compound_test,,pp,unknown,2.05,3.0,False,,Trupp,such,,False,,,,wiktionary:kaikki@2026-10-03,test
de,Versicherungspolice,f,insurance policy,insurance policy,compound_test,,ce,unknown,2.05,6.0,False,,Police,versicherungs,,False,,,,wiktionary:kaikki@2026-10-03,test
de,Tatbegehung,f,commission of a criminal offence,commission of a criminal offence,compound_test,-ung,ng,native,2.05,4.0,False,,Begehung,Tat,f,False,,,,wiktionary:kaikki@2026-10-03,test
de,Leitungsgremium,n,governing body,governing body,compound_test,,um,native,2.05,4.0,False,,Gremium,leitungs,,False,,,,wiktionary:kaikki@2026-10-03,test
de,Entschädigungssumme,f,compensation sum,compensation sum,compound_test,,me,native,2.04,7.0,False,,Summe,entschädigungs,,False,,,,wiktionary:kaikki@2026-10-03,test
de,Arbeitsbeschaffung,f,job creation,"job creation, job provision",compound_test,-ung,ng,native,2.04,4.0,False,,Beschaffung,arbeits,,False,,,,wiktionary:kaikki@2026-10-03,test
de,Machtübergabe,f,handover of power,handover of power,compound_test,,be,native,2.04,5.0,False,,Übergabe,Macht,f,False,,,,wiktionary:kaikki@2026-10-03,test
de,Sperrminorität,f,blocking minority,"blocking minority (a minority position, typically 25% plus one share, that is sufficient to prevent certain decisions from being made despite not having a majority)",compound_test,-tät,ät,native,2.04,4.0,False,,Minorität,sperr,,False,,,,wiktionary:kaikki@2026-10-03,test
de,Beißreflex,m,bite reflex,"bite reflex (instinctive, rhythmic up and down movements of the lower jaw in human infants, triggered by stimulation of the jaw by food intake in small children)",compound_test,,ex,native,2.03,4.0,False,,Reflex,beiß,,False,,,,wiktionary:kaikki@2026-10-03,test
de,Grenzschließung,f,border closure,border closure,compound_test,-ung,ng,native,2.02,5.0,False,,Schließung,grenz,,False,,,,wiktionary:kaikki@2026-10-03,test
de,Bleiweiß,n,white lead,white lead,compound_test,,iß,native,2.02,4.0,False,,Weiß,Blei,n,False,,,,wiktionary:kaikki@2026-10-03,test
de,Patronenhülse,f,shell casing,shell casing,compound_test,,se,unknown,2.01,4.0,False,,Hülse,Patrone,f,False,,,,wiktionary:kaikki@2026-10-03,test
de,Nebenhoden,m,epididymis,epididymis,compound_test,,en,native,2.01,3.0,False,,Hoden,neben,,False,,,,wiktionary:kaikki@2026-10-03,test
de,Weltuntergangsstimmung,f,end-of-the-world mood,end-of-the-world mood,compound_test,-ung,ng,native,2.01,6.0,False,,Untergangsstimmung,Welt,f,False,,,,wiktionary:kaikki@2026-10-03,test
de,Hämodialyse,f,haemodialysis,haemodialysis,compound_test,,se,unknown,2.0,5.0,False,,Dialyse,hämo,,False,,,,wiktionary:kaikki@2026-10-03,test
de,Krankensalbung,f,anointing of the sick,Anointing of the Sick,compound_test,-ung,ng,native,2.0,4.0,False,,Salbung,kranken,,False,,,,wiktionary:kaikki@2026-10-03,test
de,Durchreiche,f,hatch,"hatch, passthrough (opening in a wall etc. to pass something through, especially food)",compound_test,,he,unknown,2.0,3.0,False,,Eiche,durchr,,False,,,,wiktionary:kaikki@2026-10-03,test
de,Blutalkoholkonzentration,f,blood alcohol concentration,blood alcohol concentration,compound_test,-ion,on,native,2.0,8.0,False,,Konzentration,blutalkohol,,False,,,,wiktionary:kaikki@2026-10-03,test
de,Hut,multi,,,multi,,,,,,False,,,,,,meaning_split,hat,"protection, supervision, guard, ward, keeping, care",wiktionary:kaikki@2026-10-03,test
de,Kiefer,multi,,,multi,,,,,,False,,,,,,meaning_split,jaw,pine (tree of genus Pinus),wiktionary:kaikki@2026-10-03,test
de,Marsch,multi,,,multi,,,,,,False,,,,,,meaning_split,march,"marsh, marshland, fen",wiktionary:kaikki@2026-10-03,test
de,See,multi,,,multi,,,,,,False,,,,,,meaning_split,lake,"sea, ocean",wiktionary:kaikki@2026-10-03,test
de,Abscheu,multi,,,multi,,,,,,False,,,,,,same_meaning,"abhorrence, abomination","abhorrence, abomination",wiktionary:kaikki@2026-10-03,test
de,Sellerie,multi,,,multi,,,,,,False,,,,,,same_meaning,celery (herb),celery (herb),wiktionary:kaikki@2026-10-03,test
de,Zucchini,multi,,,multi,,,,,,False,,,,,,same_meaning,"courgette, zucchini","courgette, zucchini",wiktionary:kaikki@2026-10-03,test
