layer,direction,A_f,A_m,A_f_noen,A_m_noen,A_f_abs,A_m_abs,A_f_con,A_m_con,exc_auc,homo_auc_noun,homo_auc_verb,homo_auc_diff,multi_p_diff,cos_concreteness,A_f_lo,A_f_hi,A_m_lo,A_m_hi,A_f_noen_lo,A_f_noen_hi,A_m_noen_lo,A_m_noen_hi,A_f_abs_lo,A_f_abs_hi,A_m_abs_lo,A_m_abs_hi,A_f_con_lo,A_f_con_hi,A_m_con_lo,A_m_con_hi,exc_auc_lo,exc_auc_hi,homo_auc_noun_lo,homo_auc_noun_hi,homo_auc_verb_lo,homo_auc_verb_hi,homo_auc_diff_lo,homo_auc_diff_hi,multi_p_diff_lo,multi_p_diff_hi,regular_test_auc,p_ma_m,p_clipping_f,p_true_m,p_true_f,n_excm,n_excm_noen,n_conc_imputed_train,p_item_foto,p_item_moto,p_item_mano,multi_p_diff_lean_m,multi_p_diff_lean_f,matched_cv_auc
0,adom_matched,0.49567307692307694,0.5617173524150268,0.40714285714285714,0.6578073089700996,0.4199134199134199,0.5707070707070707,0.5890688259109311,0.5269230769230769,0.23076923076923078,0.4103194103194103,0.4103194103194103,0.0,0.0,0.021111832205530527,0.3019110576923077,0.6952043269230769,0.34076475849731663,0.7522584973166369,0.2178125,0.7169866071428571,0.34219269102990035,0.8090531561461793,0.19480519480519481,0.7708874458874456,0.25757575757575757,0.8435606060606059,0.2631578947368421,0.805668016194332,0.25769230769230766,0.7846153846153846,0.0,0.9229230769230767,0.28336229471097896,0.6431189692982455,0.28336229471097896,0.6431189692982455,0.0,0.0,0.0,0.0,0.5697674418604651,0.7901692822934885,-1.3537597538925707,1.0966614645979353,-3.746138156875059,26,14,3,-0.01989397191191461,-2.687625535873227,-3.746138156875059,0.0,0.0,0.329
0,dom_matched,0.5490384615384616,0.6243291592128801,0.4142857142857143,0.7973421926910299,0.6753246753246753,0.6262626262626263,0.47368421052631576,0.6153846153846154,0.7051282051282052,0.4774774774774775,0.4774774774774775,0.0,0.0,-0.02888085552801224,0.3339663461538461,0.7360576923076924,0.3764982110912344,0.7567307692307692,0.2160267857142857,0.716205357142857,0.4168604651162791,0.8637873754152824,0.3072510822510822,0.8875541125541125,0.2474747474747475,0.8383838383838383,0.23076923076923078,0.7531376518218622,0.32298076923076924,0.8192307692307692,0.09256944444444444,1.0,0.30225727387729284,0.6617893792312397,0.30225727387729284,0.6617893792312397,0.0,0.0,0.0,0.0,0.6645348837209303,0.35220804458066884,2.4524278751536728,2.212429154154005,1.4452756254604344,26,14,3,2.885807108117843,2.0190486421895026,1.4452756254604344,0.0,0.0,0.37700000000000006
0,probe_strat,0.6567307692307692,0.39087656529516995,0.6089285714285714,0.45016611295681064,0.6017316017316018,0.35353535353535354,0.7995951417004049,0.40384615384615385,0.5897435897435898,0.5118755118755118,0.5118755118755118,0.0,0.0,0.08234040836894108,0.42973557692307696,0.8264783653846153,0.23072450805008946,0.6441636851520571,0.3339285714285714,0.8205580357142856,0.2558139534883721,0.722799003322259,0.2597402597402597,0.9134199134199135,0.09583333333333334,0.7474747474747475,0.4250506072874494,0.9230769230769231,0.17692307692307693,0.6884615384615385,0.0641025641025641,0.9285714285714286,0.3004041626576189,0.7116625816993464,0.3004041626576189,0.7116625816993464,0.0,0.0,0.0,0.0,0.5662790697674419,-3.650119222390315,-2.083888613512266,1.8459757479066716,-2.3697329855570337,26,14,6,-0.9187158379507749,-3.249061389073757,-2.3697329855570337,0.0,0.0,0.5014165903871787
0,probe_strat_noinit,0.6971153846153846,0.3300536672629696,0.6553571428571429,0.3920265780730897,0.7142857142857143,0.2828282828282828,0.8076923076923077,0.3346153846153846,0.717948717948718,0.4086814086814087,0.4086814086814087,0.0,-0.0,0.06327981048261339,0.4181730769230769,0.8139543269230769,0.2110912343470483,0.5950357781753128,0.3535714285714286,0.7875,0.2225498338870432,0.6727574750830565,0.24664502164502164,0.8962121212121211,0.09583333333333334,0.6919191919191919,0.46735829959514175,0.9211032388663967,0.14605769230769233,0.6538461538461539,0.10192307692307695,0.9701089743589743,0.2699688205480058,0.6377533602150538,0.2699688205480058,0.6377533602150538,0.0,0.0,0.0,0.0,0.522093023255814,19.661265717590812,7.15526177675404,-4.812547960457074,-2.089455326835422,26,14,6,-2.5192567257163954,16.829780279224476,-2.089455326835422,0.0,0.0,0.4630208082413965
0,probe_matched,0.6754807692307693,0.5214669051878354,0.5607142857142857,0.707641196013289,0.7662337662337663,0.4797979797979798,0.6234817813765182,0.47692307692307695,0.48717948717948717,0.5282555282555282,0.5282555282555282,0.0,0.0,-0.0016842913764521532,0.4071875,0.7759735576923077,0.36133720930232555,0.7379919499105545,0.2588392857142857,0.7536160714285713,0.44348006644518273,0.8754568106312293,0.3939393939393939,0.9091991341991341,0.24734848484848487,0.8383838383838383,0.2631578947368421,0.8178137651821862,0.24990384615384617,0.7540384615384613,0.07407407407407407,0.98,0.3449000164581962,0.6907839487284101,0.3449000164581962,0.6907839487284101,0.0,0.0,0.0,0.0,0.7255813953488373,-0.3024509351619777,0.21505123360688255,1.832392052761685,-0.030045969381320023,26,14,3,1.311251387557963,-0.8811489203441979,-0.030045969381320023,0.0,0.0,0.433
0,dom_regular,0.7860576923076923,1.0,0.7571428571428571,1.0,0.8484848484848485,1.0,0.7894736842105263,1.0,0.0,1.0,1.0,0.0,0.0,-0.22971182604927087,0.6196995192307693,0.8889543269230769,0.9821109123434705,1.0,0.5553348214285715,0.9036160714285714,0.9916528239202658,1.0,0.631926406926407,0.9826839826839827,0.959469696969697,1.0,0.5748987854251012,0.9332489878542509,0.9846153846153847,1.0,0.0,0.029213768115942052,1.0,1.0,1.0,1.0,0.0,0.0,0.0,0.0,1.0,0.5913501751380976,0.23069363223276426,0.8516824352274267,0.19438403093766352,26,14,11,0.3194482566091404,0.14193900785638813,0.19438403093766352,0.0,0.0,
0,dom_regular_verberase,0.6572115384615385,0.924865831842576,0.5946428571428571,0.9302325581395349,0.6796536796536796,0.8888888888888888,0.6842105263157895,0.9384615384615385,0.038461538461538464,0.7772317772317773,0.7772317772317773,0.0,0.0,-0.19593036413627526,0.5182692307692308,0.8033774038461539,0.8192307692307693,0.9982334525939177,0.42497767857142854,0.7696875,0.8604651162790697,1.0,0.4588744588744589,0.9047619047619048,0.7222222222222222,1.0,0.4939271255060729,0.8603238866396761,0.75,1.0,0.0,0.14722222222222187,0.59371875,0.9003676470588236,0.59371875,0.9003676470588236,0.0,0.0,0.0,0.0,0.9232558139534883,0.6262002418437411,0.11650021211719118,0.8822603635193843,0.17314767277059506,26,14,11,0.27409561333683075,-0.04109518910244839,0.17314767277059506,0.0,0.0,
0,dom_regular_rank2,0.6389423076923076,0.9025044722719141,0.5642857142857143,0.9235880398671097,0.6796536796536796,0.8787878787878788,0.6275303643724697,0.8961538461538462,0.07692307692307693,0.7305487305487306,0.7305487305487306,0.0,0.0,-0.21029368487974182,0.5096153846153846,0.7808293269230768,0.7960644007155635,0.9785330948121646,0.4,0.7366294642857143,0.8372093023255814,0.9900332225913622,0.45,0.8961038961038961,0.7121212121212122,1.0,0.43724696356275305,0.8097672064777327,0.7422115384615385,1.0,0.0,0.23071153846153844,0.5855654662106275,0.8889117324561403,0.5855654662106275,0.8889117324561403,0.0,0.0,0.0,0.0,0.8837209302325582,0.6212444716470703,0.12923277904844696,0.8947420577195057,0.1858847461783947,26,14,11,0.3012580302248982,-0.042792472128004314,0.1858847461783947,0.0,0.0,
1,adom_matched,0.6134615384615385,0.5152057245080501,0.5875,0.553156146179402,0.6666666666666666,0.5303030303030303,0.5708502024291497,0.5038461538461538,0.14102564102564102,0.6928746928746928,0.6814086814086814,0.01146601146601145,-0.3420754120665124,0.047810248575715836,0.34415865384615385,0.7500721153846153,0.3058139534883721,0.7388416815742397,0.30178571428571427,0.7857589285714285,0.2790282392026578,0.7624584717607974,0.22510822510822512,0.8745670995670995,0.19696969696969696,0.8535353535353535,0.24281376518218623,0.8219635627530363,0.24615384615384617,0.7615384615384615,0.0,0.9629629629629629,0.4308380165976165,0.7789693877551019,0.4312790247678019,0.7828609876246545,-0.05584056122448976,0.0498874549819928,-3.63175121233864,3.8975786953882396,0.6383720930232558,0.18741768872614967,-4.305782239159891,-0.7776133653012498,-0.8154822418050285,26,14,3,-3.65474765706339,-4.956816821256391,-0.8154822418050285,-0.4911520126903485,-0.04392221081884001,0.31799999999999995
1,dom_matched,0.4394230769230769,0.6914132379248659,0.4017857142857143,0.7242524916943521,0.4805194805194805,0.6464646464646465,0.3765182186234818,0.7384615384615385,0.9358974358974359,0.6052416052416052,0.6167076167076168,-0.01146601146601156,-0.45496409962427947,-0.05025450725037444,0.28937500000000005,0.7096394230769231,0.38633720930232557,0.7817754919499106,0.20531249999999998,0.6982589285714285,0.4002076411960133,0.8538621262458472,0.23376623376623376,0.8181818181818182,0.2727272727272727,0.8334595959595958,0.18208502024291498,0.7165991902834008,0.34211538461538465,0.8423076923076923,0.07692307692307693,1.0,0.39052945895803043,0.7390218023255815,0.40207616707616706,0.7517666023516217,-0.06579057017543868,0.03723217352249606,-4.4665487582537775,5.2652203297482805,0.6401162790697674,1.192587386766278,4.488903263359673,1.9235824027913067,8.509142840712185,26,14,3,5.463131445818767,3.514675080900579,8.509142840712185,-0.5971168301628168,-0.17065863854720487,0.45199999999999996
1,probe_strat,0.7086538461538462,0.3810375670840787,0.7553571428571428,0.36046511627906974,0.6883116883116883,0.4090909090909091,0.7489878542510121,0.33076923076923076,0.7692307692307693,0.6347256347256347,0.7035217035217035,-0.06879606879606881,-1.5752068317077854,0.02845587850560098,0.49423076923076925,0.8481009615384615,0.22361359570661896,0.618112701252236,0.4945982142857143,0.8857589285714285,0.18604651162790697,0.6395764119601329,0.4198051948051948,0.9265151515151515,0.16666666666666666,0.7222222222222222,0.4493927125506073,0.8987854251012146,0.1498076923076923,0.6385576923076922,0.1111111111111111,1.0,0.4840248353641211,0.8273396687671412,0.5244485294117648,0.8590962575506393,-0.11112938596491233,0.03014848381212949,-11.454386347540732,9.03996550379163,0.5703488372093023,-2.135951693887594,0.6348567317655515,0.34506419642185654,9.852374765171346,26,14,6,2.565313591025537,-1.2956001274944342,9.852374765171346,-1.519203842243989,-1.6872128106353785,0.47403897881839063
1,probe_strat_noinit,0.7307692307692307,0.34973166368515207,0.7678571428571429,0.3338870431893688,0.7186147186147186,0.3939393939393939,0.7489878542510121,0.3153846153846154,0.8717948717948718,0.6986076986076986,0.7608517608517609,-0.062244062244062315,-1.2744675822853293,0.029839952059665564,0.5259615384615385,0.8528846153846154,0.23255813953488372,0.5993291592128801,0.5069642857142856,0.8892857142857142,0.2058970099667774,0.6346345514950166,0.42846320346320343,0.9135281385281385,0.19696969696969696,0.7171717171717171,0.44929149797570855,0.8988866396761133,0.14615384615384616,0.6269230769230769,0.16726190476190475,1.0,0.510673519736842,0.8612472731493174,0.5575419838287485,0.8880923202614378,-0.12365358377721716,0.025845606691832758,-5.7099712600069035,5.623084270346169,0.5732558139534883,-1.8683522593330273,1.3485013821782217,-0.009615646533789138,9.610421675870656,26,14,6,3.041051083437282,-0.3440483190808386,9.610421675870656,-1.1984152935733903,-1.4265721597092076,0.47067246390775797
1,probe_matched,0.47596153846153844,0.6144901610017889,0.48214285714285715,0.5996677740863787,0.48484848484848486,0.6111111111111112,0.44129554655870445,0.676923076923077,0.8076923076923077,0.6240786240786241,0.6420966420966421,-0.018018018018017945,-1.3623602025010841,-0.002049966975449382,0.26247596153846153,0.6895432692307691,0.38461538461538464,0.7647584973166368,0.21066964285714285,0.7464732142857142,0.3371677740863787,0.8140780730897009,0.19902597402597402,0.8095238095238095,0.28775252525252526,0.8484848484848485,0.14959514170040486,0.7368421052631579,0.34586538461538463,0.8384615384615385,0.21428571428571427,1.0,0.41510584782643606,0.7510896731826965,0.42972843137254907,0.7725416666666666,-0.08437179055345591,0.043411505479762025,-10.850595974012263,9.488535589316138,0.5924418604651163,1.3991202800462545,3.757959967705701,0.3166907506194654,8.666687313712837,26,14,3,6.286032937641081,1.2298869977703208,8.666687313712837,-1.6121552649142417,-0.8627700776747702,0.536
1,dom_regular,0.8942307692307693,1.0,0.8553571428571428,1.0,0.935064935064935,1.0,0.8947368421052632,1.0,0.0,1.0,1.0,0.0,-0.003197278015168886,-0.08556923409293252,0.777860576923077,0.9663461538461539,0.9955277280858676,1.0,0.6999553571428571,0.9803571428571428,0.9983388704318937,1.0,0.7835497835497836,1.0,1.0,1.0,0.7367408906882591,0.9878542510121457,0.9846153846153847,1.0,0.0,0.0,1.0,1.0,1.0,1.0,0.0,0.0,-0.018041491848674193,0.011585288912448402,1.0,0.6719313264012523,-0.017084629830985437,0.8296916670725191,0.09372645579260269,26,14,11,0.10373728078531913,-0.13790654044729,0.09372645579260269,0.0022333286404188587,-0.014058491326344374,
1,dom_regular_verberase,0.8278846153846153,0.6645796064400715,0.7875,0.7325581395348837,0.9393939393939394,0.6767676767676768,0.7206477732793523,0.6076923076923076,0.05128205128205128,0.7985257985257985,0.8165438165438166,-0.018018018018018056,0.012821851730744628,-0.07593813040519679,0.6845673076923077,0.9182932692307691,0.48477191413237924,0.8086538461538461,0.5928125,0.9161160714285713,0.4783222591362127,0.8803986710963455,0.7747835497835498,1.0,0.3939393939393939,0.8888888888888888,0.4939271255060729,0.9029352226720646,0.35375,0.8231730769230768,0.0,0.26976923076923026,0.6416380718954249,0.8853469110822052,0.6525937765280136,0.896641472868217,-0.04667866004962787,0.017661900756938523,-0.020202825451579597,0.04904607916781747,0.9325581395348838,0.1362729943965496,-0.6432930052939377,0.7600071085351857,-0.38644625817207096,26,14,11,-0.4528203505319383,-0.8337656600559372,-0.38644625817207096,0.023919577771295907,-0.009373600350357933,
1,dom_regular_rank2,0.823076923076923,0.6395348837209303,0.7839285714285714,0.6910299003322259,0.9393939393939394,0.6565656565656566,0.7246963562753036,0.5807692307692308,0.0641025641025641,0.7788697788697788,0.8042588042588042,-0.025389025389025432,0.025812756506318903,-0.08352013019196015,0.6787500000000001,0.9134855769230769,0.44633273703041143,0.7915921288014311,0.5892857142857143,0.914330357142857,0.44501661129568104,0.8655730897009966,0.7619047619047619,1.0,0.3939393939393939,0.8787878787878788,0.4777327935222672,0.902834008097166,0.3192307692307692,0.7884615384615384,0.0,0.28,0.6260738285445757,0.8711248923341945,0.648612531116643,0.885707610645933,-0.05427631578947367,0.008190850090521097,-0.008393212214280136,0.06364850357311166,0.9156976744186046,0.11238071139740649,-0.6043400997713916,0.7526702118247929,-0.38583815783128916,26,14,11,-0.4256148454956357,-0.7830653540471474,-0.38583815783128916,0.036049830531992934,0.005338608454970835,
2,adom_matched,0.6711538461538461,0.4803220035778175,0.6339285714285714,0.5166112956810631,0.7445887445887446,0.43434343434343436,0.611336032388664,0.47307692307692306,0.1282051282051282,0.7108927108927109,0.7313677313677314,-0.020475020475020478,-0.1942631883001824,0.009562100596952403,0.37110576923076927,0.7759855769230769,0.28618067978533096,0.763081395348837,0.35,0.7964732142857142,0.2657392026578073,0.7790697674418605,0.2813852813852814,0.9178571428571428,0.16654040404040404,0.8383838383838383,0.29554655870445345,0.7976720647773278,0.23846153846153847,0.7692307692307693,0.0,0.9169871794871791,0.4497716836734694,0.7887487476197154,0.47884024577572964,0.805192031354822,-0.07096501457725954,0.02621452944033599,-2.5397191713608716,2.1165384071545104,0.666860465116279,-0.3980125080704672,-4.523441220799906,-0.08622832204763309,-3.190286190816401,26,14,3,-3.3830861806697325,-5.66379626093008,-3.190286190816401,-0.20299620611420557,-0.1767971526721362,0.346
2,dom_matched,0.4394230769230769,0.6762075134168157,0.3875,0.7325581395348837,0.45021645021645024,0.6414141414141414,0.44534412955465585,0.6346153846153846,0.9358974358974359,0.6363636363636364,0.6855036855036855,-0.0491400491400491,-0.1910207623920276,-0.09847865040121896,0.29028846153846155,0.7298557692307691,0.3747540250447227,0.8005590339892665,0.23205357142857144,0.7,0.4335548172757475,0.8388704318936877,0.20346320346320346,0.8875541125541125,0.23232323232323232,0.8535353535353535,0.22661943319838057,0.761234817813765,0.3230769230769231,0.8115384615384615,0.07678062678062679,1.0,0.43896816134316136,0.7616912366912366,0.46563864999050436,0.7942893412893413,-0.08553101503759397,0.011468856630146934,-2.390843504549795,1.4574418382203405,0.6308139534883721,0.9699915044286177,4.268608439157163,2.4344303022889613,5.942645053156048,26,14,3,5.040879339329428,3.4963375389848967,5.942645053156048,-0.22195660541831322,-0.1291490763394564,0.51
2,probe_strat,0.7942307692307692,0.3694096601073345,0.8053571428571429,0.36710963455149503,0.8051948051948052,0.4090909090909091,0.7854251012145749,0.31153846153846154,0.5897435897435898,0.7436527436527437,0.7911547911547911,-0.04750204750204745,-0.4339643483185466,0.017748966282281793,0.5615384615384615,0.8750240384615384,0.2298747763864043,0.5644901610017888,0.5178125,0.9036160714285714,0.21258305647840534,0.6046926910299003,0.5366883116883118,0.9524891774891774,0.1816919191919192,0.6868686868686869,0.4695344129554656,0.9069838056680161,0.1268269230769231,0.5885576923076923,0.037037037037037035,1.0,0.5263567301666732,0.8562294892725802,0.5731377228487008,0.8863347868217054,-0.10614795918367352,0.01062266189370492,-4.862611018485062,2.4148173538468325,0.6703488372093023,-0.8234408917611227,-0.9855375721127828,-0.294490473505624,2.2209318803140734,26,14,6,0.03566302284047351,-2.006738167066039,2.2209318803140734,-0.4586956733155456,-0.3845016983245487,0.5161566981419924
2,probe_strat_noinit,0.7836538461538461,0.4150268336314848,0.7964285714285714,0.40863787375415284,0.7878787878787878,0.51010101010101,0.8097165991902834,0.2923076923076923,0.6923076923076923,0.8001638001638002,0.8419328419328419,-0.041769041769041726,-0.2673204296023708,0.025312394934619377,0.5625,0.8682692307692308,0.2584973166368515,0.6010957066189625,0.5196428571428572,0.9017857142857143,0.22745016611295682,0.634593023255814,0.5021645021645021,0.9523809523809523,0.2222222222222222,0.7373737373737373,0.48582995951417,0.9068825910931174,0.11538461538461539,0.5576923076923077,0.10660714285714286,1.0,0.5788869495166488,0.8962510035031382,0.6305111233682662,0.9238456533686796,-0.09842963251405423,0.007584399753733812,-2.3524496646057327,0.16553801885844194,0.7063953488372093,-0.4620108323442677,-0.20401483222329536,0.043461508618070126,1.69536472176811,26,14,6,0.7145572010643658,-1.1225868655109565,1.69536472176811,-0.2579304847771803,-0.2861003192527519,0.4731715605980312
2,probe_matched,0.6163461538461539,0.5196779964221825,0.5696428571428571,0.5813953488372093,0.5974025974025974,0.5050505050505051,0.6639676113360324,0.5269230769230769,0.8076923076923077,0.7469287469287469,0.8067158067158067,-0.05978705978705978,-0.16334934387222072,0.0015943456974195128,0.3682451923076923,0.7827163461538461,0.35324239713774597,0.7146914132379248,0.31058035714285714,0.7911607142857142,0.3454734219269103,0.7791528239202657,0.2942640692640693,0.8745670995670995,0.21212121212121213,0.7829545454545453,0.3035425101214575,0.8259109311740891,0.28451923076923075,0.7653846153846153,0.17857142857142858,1.0,0.5057086334533814,0.8337877466909724,0.5650848417991275,0.8612406103880759,-0.10948384882208406,0.008174019607843107,-1.675716921228613,1.24047592980876,0.6343023255813953,0.18051527554757266,1.794663929275538,0.8635726977393728,3.219690512057736,26,14,3,3.231313934205272,0.35801392434580404,3.219690512057736,-0.2334948856018217,-0.023058260413018575,0.514
2,dom_regular,0.95,1.0,0.9357142857142857,1.0,0.9826839826839827,1.0,0.9473684210526315,1.0,0.0,1.0,1.0,0.0,-0.0013855582572572368,-0.12643026188977582,0.8509615384615384,0.9865384615384616,0.9972942754919499,1.0,0.7928571428571428,0.9910714285714286,1.0,1.0,0.8441558441558441,1.0,1.0,1.0,0.8096153846153846,1.0,0.9923076923076923,1.0,0.0,0.0,1.0,1.0,1.0,1.0,0.0,0.0,-0.015307436587543436,0.010388469816440083,1.0,0.650000357221143,-0.15516984498352182,0.7598418709709684,-0.0341565481832067,26,14,11,-0.006677826202003437,-0.30366186376504023,-0.0341565481832067,0.001164553708585881,-0.006485782188943473,
2,dom_regular_verberase,0.8913461538461539,0.5930232558139535,0.8589285714285714,0.6345514950166113,0.9567099567099567,0.5959595959595959,0.8380566801619433,0.5769230769230769,0.038461538461538464,0.7215397215397216,0.6838656838656839,0.03767403767403765,0.008149923071022535,-0.12293627088206566,0.7403125,0.9577163461538462,0.4041815742397138,0.7621422182468693,0.6481696428571428,0.9625,0.3903654485049834,0.8322259136212624,0.8095238095238095,1.0,0.26262626262626265,0.8484848484848485,0.5667004048582996,0.9676113360323887,0.31913461538461535,0.7846153846153846,0.0,0.21428571428571427,0.5396729456729457,0.8435912663591235,0.5216389802631578,0.8080152177578648,-0.0034183673469387766,0.0748564970563499,-0.028255769723114863,0.043542441464434714,0.9395348837209302,0.004865197214952233,-0.8630785526138647,0.47392534131155273,-0.6878472169404163,26,14,11,-0.6510614839723533,-1.0750956212553762,-0.6878472169404163,0.00827676179455837,0.007896245623950863,
2,dom_regular_rank2,0.885576923076923,0.5214669051878354,0.85,0.5398671096345515,0.9523809523809523,0.5303030303030303,0.8421052631578947,0.48846153846153845,0.0641025641025641,0.7027027027027027,0.6691236691236692,0.03357903357903358,0.012047732223672735,-0.13388807881728867,0.7365384615384616,0.9548317307692308,0.3478980322003578,0.6976744186046512,0.6749107142857144,0.9572321428571429,0.32387873754152824,0.7591362126245847,0.8051948051948052,1.0,0.22727272727272727,0.797979797979798,0.5668016194331984,0.9554655870445344,0.25375,0.7194230769230767,0.0,0.28685897435897434,0.5174374691816552,0.8089536807278742,0.49535681985219415,0.7911725018699849,-0.01387783446712013,0.06667493796526053,-0.02805079786109448,0.047547294342581016,0.9203488372093023,-0.06911414771244169,-0.8487878963893276,0.4371058154075731,-0.6870799234607304,26,14,11,-0.6122191193789387,-1.0853566733997164,-0.6870799234607304,0.010540122390007617,0.015062951891002967,
3,adom_matched,0.6557692307692308,0.4803220035778175,0.6303571428571428,0.5099667774086378,0.7662337662337663,0.494949494949495,0.5587044534412956,0.4423076923076923,0.08974358974358974,0.8034398034398035,0.800982800982801,0.002457002457002533,0.3725486309525748,-0.00943623793655778,0.37115384615384617,0.7721634615384615,0.27991949910554564,0.7541144901610017,0.3410714285714286,0.7946874999999999,0.27906976744186046,0.7675664451827242,0.29004329004329005,0.9178571428571428,0.20202020202020202,0.858712121212121,0.2509109311740891,0.8179149797570848,0.20750000000000002,0.7654807692307691,0.0,0.8854395604395606,0.4616700847005469,0.8378681990814344,0.46250925147182503,0.8457928338001867,-0.0702614379084967,0.05884177492336874,-4.290709914071811,4.203390241994982,0.6412790697674419,-0.25092375032091013,-4.365740799816491,-0.10431060466102045,-3.496520018225241,26,14,3,-2.95373360083248,-5.777747998800502,-3.496520018225241,0.41557204777989804,0.28650179729792835,0.316
3,dom_matched,0.3971153846153846,0.7039355992844365,0.3482142857142857,0.739202657807309,0.39826839826839827,0.7272727272727273,0.3765182186234818,0.6307692307692307,0.9358974358974359,0.6617526617526618,0.6797706797706797,-0.018018018018017945,0.14966625340745385,-0.11036810394977883,0.24709134615384618,0.6953846153846152,0.4059481216457961,0.8032200357781754,0.21071428571428572,0.6716071428571426,0.4318521594684385,0.8488372093023255,0.19036796536796535,0.8354978354978355,0.3130050505050505,0.8888888888888888,0.16993927125506073,0.7246963562753036,0.2768269230769231,0.8153846153846154,0.1111111111111111,1.0,0.44607230392156866,0.7958129084967319,0.46731488648090813,0.8187775864688307,-0.08142476214356961,0.03916666666666668,-1.5075452512369394,1.8390412141041519,0.6348837209302326,1.2569684228793765,4.3221305722171754,2.1480178629719116,5.472181300296628,26,14,3,5.1148330635483825,3.529428080885969,5.472181300296628,0.19507797707820387,0.05884280606595391,0.508
3,probe_strat,0.7682692307692308,0.3998211091234347,0.7892857142857143,0.4003322259136213,0.7835497835497836,0.5353535353535354,0.7773279352226721,0.3076923076923077,0.3717948717948718,0.7731367731367731,0.7526617526617526,0.020475020475020478,-0.10416882848724754,-0.0006512018725241867,0.5634615384615385,0.8721153846153846,0.22439624329159213,0.582334525939177,0.5267410714285714,0.9036607142857143,0.18438538205980065,0.608014950166113,0.5281385281385281,0.9437229437229437,0.23737373737373738,0.7525252525252525,0.461336032388664,0.8987854251012146,0.13846153846153847,0.5731730769230768,0.0,0.9259259259259259,0.5495455046883618,0.8501707992779421,0.5391952614379085,0.8421151315789474,-0.05314542483660134,0.08146074449516642,-1.6722032068777433,1.322227631385629,0.6976744186046512,-0.54592277495519,-1.6512977368421593,-0.44463735838748586,-0.16346487784510985,26,14,6,-0.8202330607245197,-2.482362412959799,-0.16346487784510985,-0.04662543171128215,-0.21925562203917842,0.5026542853013442
3,probe_strat_noinit,0.775,0.43917710196779963,0.7785714285714286,0.4700996677740864,0.7965367965367965,0.5505050505050505,0.7935222672064778,0.3153846153846154,0.38461538461538464,0.8067158067158067,0.8026208026208026,0.004095004095004073,0.20381925635005263,0.006444584666927847,0.575889423076923,0.8634855769230769,0.2709749552772809,0.6055903398926654,0.5463392857142857,0.8857142857142857,0.25249169435215946,0.6462209302325581,0.5280303030303031,0.9523809523809523,0.25252525252525254,0.7779040404040403,0.4574898785425101,0.8947368421052632,0.13846153846153847,0.5654807692307692,0.03571428571428571,0.8777142857142852,0.6085526315789473,0.8832680407150454,0.591497015122281,0.8943050986842105,-0.06827006619358587,0.06285842670401491,-0.25769192102758876,1.2437938124572605,0.7046511627906977,-0.40478907266751846,-1.342579489411977,-0.3348034980473044,-0.2834961567327097,26,14,6,-0.43676422501563283,-2.248394753808321,-0.2834961567327097,0.2797203756834908,0.05201701768317629,0.46599948210242326
3,probe_matched,0.5961538461538461,0.5483005366726297,0.5142857142857142,0.6212624584717608,0.6233766233766234,0.5959595959595959,0.5587044534412956,0.46923076923076923,0.717948717948718,0.7764127764127764,0.7837837837837838,-0.0073710073710073765,0.3147637838683758,-0.023958501886950624,0.33747596153846154,0.7663461538461539,0.34702593917710195,0.7460644007155635,0.26785714285714285,0.7285714285714285,0.4068936877076412,0.8057308970099667,0.2727272727272727,0.8874458874458875,0.2878787878787879,0.8484848484848485,0.2509109311740891,0.7732793522267206,0.23836538461538465,0.7653846153846153,0.14814814814814814,1.0,0.4978712583551293,0.8548382612042942,0.5110429241842194,0.8725665878239408,-0.08172404620763038,0.04916047125349456,-2.017411863861688,4.205217048536369,0.6343023255813953,0.2834693558818245,1.2357749883384663,0.8003538940283268,1.8484696600474686,26,14,3,2.4370944489729234,0.034455527704009226,1.8484696600474686,0.4394017818593031,0.06548778788652096,0.544
3,dom_regular,0.9644230769230769,1.0,0.9589285714285715,1.0,0.9653679653679653,1.0,0.9676113360323887,1.0,0.0,1.0,1.0,0.0,0.02507976441096671,-0.08112403718620842,0.8576923076923076,0.989423076923077,0.9946109123434704,1.0,0.823125,0.9946428571428572,0.9966777408637874,1.0,0.7792207792207793,1.0,1.0,1.0,0.8380566801619433,1.0,0.9846153846153847,1.0,0.0,0.0,1.0,1.0,1.0,1.0,0.0,0.0,0.0007649193778360499,0.05481677772354476,1.0,0.6422481506679334,-0.0966590134347444,0.7233178527731097,-0.007761172204530703,26,14,11,0.037448539593650895,-0.2307665664631397,-0.007761172204530703,0.03271501183610577,0.009809269560688571,
3,dom_regular_verberase,0.9019230769230769,0.7146690518783542,0.8839285714285714,0.7591362126245847,0.9523809523809523,0.7121212121212122,0.8866396761133604,0.7230769230769231,0.0,0.8337428337428338,0.6388206388206388,0.19492219492219498,0.014255713004781496,-0.08608227427120518,0.7682211538461539,0.9615384615384616,0.508922182468694,0.8783765652951699,0.7159375,0.9696428571428571,0.5082225913621262,0.9219269102990033,0.8051948051948052,1.0,0.43434343434343436,0.9393939393939394,0.6314777327935223,0.9878542510121457,0.4653846153846154,0.9077884615384615,0.0,0.17857142857142858,0.6533919802490572,0.9183415032679738,0.4954754550468836,0.7837364225295381,0.08494772909163657,0.25418585526315784,-0.05506312324169708,0.07788293047925894,0.9773255813953489,0.20523926842205667,-0.6511659333245418,0.4536015717177467,-0.4435065125033321,26,14,11,-0.4951813727960318,-0.8071504938530517,-0.4435065125033321,0.02004594937774872,0.002675240258847047,
3,dom_regular_rank2,0.8913461538461539,0.6207513416815742,0.8660714285714286,0.6677740863787376,0.961038961038961,0.6464646464646465,0.8663967611336032,0.5692307692307692,0.07692307692307693,0.7796887796887797,0.6396396396396397,0.14004914004914004,0.017081368111157354,-0.09547972186319059,0.7422596153846154,0.9625480769230769,0.41055456171735244,0.8068202146690518,0.6928124999999999,0.9660714285714286,0.4318521594684385,0.8588039867109635,0.8138528138528138,1.0,0.33825757575757576,0.8888888888888888,0.6032388663967612,0.979757085020243,0.3269230769230769,0.8077884615384615,0.0,0.3333333333333333,0.6084773656730893,0.8734458124335005,0.4799217830109335,0.7632878401360544,0.06578947368421062,0.20903264619556813,-0.0641493403237032,0.09295336540332952,0.9511627906976744,0.0933641560831407,-0.5916251335721765,0.4051505780071926,-0.4390044415298024,26,14,11,-0.4201692538927438,-0.7630810132516093,-0.4390044415298024,0.02177632245825536,0.0076914594169613364,
4,adom_matched,0.6730769230769231,0.5107334525939177,0.6821428571428572,0.49335548172757476,0.7575757575757576,0.5454545454545454,0.5587044534412956,0.49230769230769234,0.11538461538461539,0.8452088452088452,0.8435708435708436,0.0016380016380016515,1.0182246282441865,-0.006286703195706708,0.37016826923076923,0.7865384615384615,0.288886404293381,0.780881037567084,0.3660267857142857,0.8321428571428572,0.2707641196013289,0.7808970099667772,0.31158008658008657,0.9178571428571428,0.23737373737373738,0.8688131313131312,0.19827935222672066,0.7652834008097165,0.24980769230769231,0.8115384615384615,0.0,0.8588782051282051,0.5264566769635894,0.8832712585034014,0.5340072498721944,0.8779788396931254,-0.061691792345575217,0.06203997252384341,-3.114790619405127,8.489622231725342,0.6848837209302325,-0.10302422251111035,-4.5021062315393525,-0.23532967411774827,-2.0321178324254765,26,14,3,-2.5950245779455567,-6.409187885133148,-2.0321178324254765,1.192315727082774,0.6700424305670116,0.422
4,dom_matched,0.3894230769230769,0.7862254025044723,0.37857142857142856,0.7890365448504983,0.3593073593073593,0.8333333333333334,0.3684210526315789,0.7,0.9102564102564102,0.7854217854217854,0.778050778050778,0.0073710073710073765,0.7285189538036415,-0.09928411400392943,0.23360576923076923,0.6808653846153846,0.45429338103756706,0.8640876565295169,0.20535714285714285,0.7071428571428572,0.44501661129568104,0.8754152823920266,0.15151515151515152,0.8269480519480519,0.3938131313131313,0.9545454545454546,0.14979757085020243,0.6923076923076923,0.35375,0.8616346153846154,0.06941666666666668,1.0,0.551183372611944,0.8663256588169329,0.55835819250946,0.8629205915335015,-0.06992929309881857,0.057584978070175395,-2.070224648012497,4.400066313451238,0.688953488372093,1.6238230037388945,4.082550978773522,1.964111600339721,5.03230945975098,26,14,3,4.601912457819774,3.56318949972727,5.03230945975098,0.8687070414369403,0.4481427785370438,0.552
4,probe_strat,0.7913461538461538,0.4874776386404293,0.8375,0.42857142857142855,0.7792207792207793,0.5151515151515151,0.7773279352226721,0.5384615384615384,0.5,0.8255528255528255,0.778050778050778,0.04750204750204745,0.6370134031379273,-0.007694933886511951,0.5364903846153846,0.8750721153846153,0.3120527728085868,0.6869409660107334,0.5142857142857142,0.9267857142857143,0.24082225913621264,0.6877491694352159,0.4804112554112554,0.9437229437229437,0.24242424242424243,0.797979797979798,0.4089068825910931,0.8987854251012146,0.24615384615384617,0.7692307692307693,0.07142857142857142,1.0,0.5841024896800826,0.9001006859131858,0.5657947891072891,0.8726631065202494,-0.047155293123035055,0.08489969321061759,0.1443082177649517,1.7178565263564924,0.7738372093023256,0.008296400485402944,-0.6687965640742409,-0.13732151670397028,1.3573451207539526,26,14,6,-0.31754113394796607,-1.0200519942005157,1.3573451207539526,0.7745873612260383,0.36186548696170506,0.5722505259269965
4,probe_strat_noinit,0.8201923076923077,0.4606440071556351,0.8714285714285714,0.43521594684385384,0.8051948051948052,0.5202020202020202,0.7854251012145749,0.4153846153846154,0.4230769230769231,0.8501228501228502,0.8370188370188371,0.013104013104013101,0.5928837541223313,0.00795266752080698,0.5518509615384616,0.881778846153846,0.32555903398926656,0.6985912343470483,0.5445535714285714,0.9375,0.2790282392026578,0.7026993355481728,0.48484848484848486,0.9393939393939394,0.3130050505050505,0.803030303030303,0.42489878542510123,0.8987854251012146,0.2653846153846154,0.7615384615384615,0.03571428571428571,0.9642857142857143,0.6385028949545078,0.9183333333333333,0.6278555608289828,0.9190385981912145,-0.06290849673202614,0.064562908496732,0.17455576118410157,1.3646493205435744,0.7796511627906977,-0.008306923511627184,-0.7589970947391175,-0.21720100045475252,0.9448738773736727,26,14,6,-0.5358348355492072,-0.9821593539290278,0.9448738773736727,0.7539229849528513,0.27080529246129137,0.5709341627723981
4,probe_matched,0.49423076923076925,0.725402504472272,0.475,0.7192691029900332,0.48484848484848486,0.7828282828282829,0.4574898785425101,0.6538461538461539,0.7692307692307693,0.8091728091728092,0.8026208026208026,0.006552006552006606,0.8408921217402806,-0.06174424738802203,0.27978365384615383,0.6951923076923077,0.4820885509838998,0.8425983899821109,0.2571428571428571,0.7179464285714285,0.48002491694352156,0.8504983388704319,0.1643939393939394,0.7706709956709956,0.46464646464646464,0.9292929292929293,0.19838056680161945,0.6842105263157895,0.3691346153846154,0.8615384615384616,0.08928571428571429,1.0,0.5767117561310238,0.884824277692574,0.5776489415502675,0.8738435660218671,-0.057568952429149764,0.06211076241911155,-1.0745352936246355,5.789749783693592,0.686046511627907,1.192021187513914,1.6627029211542927,0.9938321806502924,3.242915710017453,26,14,3,2.6039443405524887,0.7214615017560967,3.242915710017453,1.0494076136388246,0.4238611379431922,0.5200000000000001
4,dom_regular,0.9730769230769231,0.9946332737030411,0.9678571428571429,1.0,0.974025974025974,1.0,0.9919028340080972,0.9923076923076923,0.0,1.0,1.0,0.0,0.30922088868184894,-0.05406979245588096,0.8692067307692308,0.9942307692307693,0.874731663685152,1.0,0.8410714285714286,0.9964285714285714,0.8986295681063122,1.0,0.8008658008658008,1.0,0.898989898989899,1.0,0.890587044534413,1.0,0.8191346153846154,1.0,0.0,0.02564102564102564,1.0,1.0,1.0,1.0,0.0,0.0,0.22126064085682517,0.4062287910683799,1.0,0.5877728948794041,-0.15462155194010474,0.6472700214238617,-0.11468409700630634,26,14,11,0.009897852121369833,-0.3191409560015793,-0.11468409700630634,0.32660627033278855,0.27445012537996955,
4,dom_regular_verberase,0.9009615384615385,0.6350626118067979,0.8857142857142857,0.627906976744186,0.948051948051948,0.6060606060606061,0.902834008097166,0.6461538461538462,0.05128205128205128,0.6986076986076986,0.6085176085176085,0.09009009009009006,0.31474382123276795,-0.06624529022482291,0.7652884615384615,0.9654086538461538,0.4355769230769231,0.8139758497316637,0.7230357142857142,0.9732142857142857,0.3903239202657807,0.8506229235880398,0.7964285714285715,1.0,0.3181818181818182,0.8838383838383839,0.6518218623481782,0.9838056680161943,0.3769230769230769,0.8424038461538461,0.0,0.1794871794871795,0.5218265232974911,0.8230484398060299,0.44280105134158926,0.7385706914344685,0.01142832132853148,0.15735645933014358,0.20040806844647382,0.47901916240072084,0.9668604651162791,0.10736502434023824,-0.9995826228332452,0.26470044822060096,-0.7949142924435982,26,14,11,-0.7832520264582843,-1.215913219208206,-0.7949142924435982,0.33142292461515355,0.28138561446799704,
4,dom_regular_rank2,0.9019230769230769,0.5447227191413238,0.8839285714285714,0.5481727574750831,0.961038961038961,0.5454545454545454,0.8866396761133604,0.5269230769230769,0.05128205128205128,0.7067977067977068,0.6363636363636364,0.07043407043407046,0.35255507773795364,-0.07235268944955811,0.7507932692307693,0.9625,0.3487924865831843,0.7496198568872987,0.7070982142857143,0.9607142857142857,0.3205564784053156,0.7973421926910299,0.8008658008658008,1.0,0.25252525252525254,0.853661616161616,0.6518218623481782,0.9838056680161943,0.2846153846153846,0.7538461538461538,0.0,0.25925925925925924,0.5304576246436711,0.8310919374328678,0.46324791280148425,0.773154570913617,0.0008125000000000199,0.13727250900360138,0.22009136227885165,0.5369065174917116,0.9395348837209302,-0.001985149765397096,-0.9815449872318035,0.19250476524827642,-0.821366672246719,26,14,11,-0.7441157331682278,-1.2189742412953792,-0.821366672246719,0.3745778236396308,0.30850958593459926,
5,adom_matched,0.5326923076923077,0.6055456171735242,0.4660714285714286,0.6727574750830565,0.6017316017316018,0.6212121212121212,0.4291497975708502,0.5423076923076923,0.07692307692307693,0.8894348894348895,0.8624078624078624,0.027027027027027084,0.8884210733578801,-0.036349177609571605,0.29709134615384614,0.7673557692307692,0.32730322003577816,0.7960867620751342,0.24285714285714285,0.7446428571428572,0.3571013289036545,0.8355481727574751,0.26406926406926406,0.8962121212121211,0.2676767676767677,0.8939393939393939,0.14979757085020243,0.7530364372469636,0.2423076923076923,0.8116346153846153,0.0,0.8304999999999999,0.6480335300786981,0.9294458477494191,0.6261148125917033,0.9161321271929824,-0.03171241830065355,0.07109012190402483,-6.096416710063465,9.222370610061517,0.6308139534883721,0.8174394694558883,-3.189990299622515,0.26674641292725165,-1.1382976417522908,26,14,3,-1.2072142590057626,-5.172766340239268,-1.1382976417522908,1.0182381157410287,0.6287869885915824,0.548
5,dom_matched,0.34326923076923077,0.7504472271914132,0.26785714285714285,0.7990033222591362,0.3593073593073593,0.7929292929292929,0.29554655870445345,0.6730769230769231,0.8333333333333334,0.8402948402948403,0.8075348075348076,0.0327600327600327,0.44158743574139675,-0.13083805336812906,0.20093750000000002,0.6193990384615383,0.49727191413237926,0.8506484794275492,0.148125,0.5732142857142857,0.5729651162790698,0.9003322259136213,0.1514069264069264,0.7576839826839826,0.46464646464646464,0.9292929292929293,0.11740890688259109,0.6194331983805668,0.3729807692307692,0.8384615384615385,0.05,0.9642857142857143,0.6587551020408163,0.9225128480753481,0.6380158087204604,0.9060579659903664,-0.02833986928104574,0.07149450904392768,-1.0217538033744893,3.112266084616768,0.6302325581395349,2.280109116342161,4.105898975045644,2.120331928706451,4.690951055179233,26,14,3,5.224995017049915,2.9868029330413735,4.690951055179233,0.5312479115235367,0.26226648417711707,0.6839999999999999
5,probe_strat,0.7528846153846154,0.5366726296958855,0.7571428571428571,0.526578073089701,0.7792207792207793,0.5202020202020202,0.6923076923076923,0.5153846153846153,0.47435897435897434,0.8427518427518428,0.8427518427518428,0.0,0.6393973557941139,-0.014855918816579942,0.4854807692307692,0.8673317307692308,0.30223613595706617,0.7075357781753131,0.44642857142857145,0.8768303571428571,0.290656146179402,0.7325581395348837,0.43712121212121213,0.9308441558441558,0.23232323232323232,0.7777777777777778,0.376417004048583,0.8785425101214575,0.24615384615384617,0.7538461538461538,0.0,1.0,0.6393258722843976,0.9232201503430156,0.6416779358639824,0.9181196236559139,-0.0537841191066997,0.05510665961973794,0.12372361609593474,2.1288486423185655,0.7401162790697674,0.1280363117153598,-0.718844333596396,0.0937048748387629,2.215272920489794,26,14,6,-0.28359304004226416,-1.1540956271505278,2.215272920489794,0.7073186229094673,0.5035548215634077,0.7316788914583032
5,probe_strat_noinit,0.7711538461538462,0.5178890876565295,0.7767857142857143,0.5598006644518272,0.7922077922077922,0.5404040404040404,0.7246963562753036,0.4846153846153846,0.3974358974358974,0.8853398853398854,0.8869778869778869,-0.0016380016380015405,0.5913002734310486,-0.00045401783892851333,0.4913461538461538,0.8702163461538461,0.35147584973166374,0.728108228980322,0.4714285714285714,0.8946428571428572,0.3488372093023256,0.7724667774086379,0.41125541125541126,0.9438311688311688,0.2676767676767677,0.8181818181818182,0.3967611336032389,0.8906882591093117,0.2614423076923077,0.7693269230769231,0.0,0.9629629629629629,0.693,0.9313650894296056,0.6913023542750434,0.9300208333333334,-0.044230590488814205,0.04904304098900545,0.19514716102048132,1.6892875975084178,0.7866279069767442,0.12684460962054428,-0.86550691549405,-0.1390696192295375,1.108606277227752,26,14,6,-0.608945440132098,-1.122068390856002,1.108606277227752,0.7065930034780866,0.36071481333697264,0.7283871505195035
5,probe_matched,0.5038461538461538,0.6520572450805009,0.4160714285714286,0.7275747508305648,0.5281385281385281,0.7323232323232324,0.4534412955465587,0.5461538461538461,0.6538461538461539,0.8673218673218673,0.8361998361998362,0.031122031122031157,0.5199635498847412,-0.06360893394110859,0.2971153846153846,0.7021394230769228,0.4669051878354204,0.8067978533094812,0.21785714285714286,0.664330357142857,0.5198920265780731,0.8671926910299003,0.225,0.7878787878787878,0.459469696969697,0.9141414141414141,0.20647773279352227,0.7206477732793523,0.3038461538461538,0.8077884615384615,0.06089743589743589,0.9642857142857143,0.6616894076571497,0.9271115182405505,0.6334502688172043,0.9020079185520362,-0.02871388265403279,0.08667927631578946,-2.5440498865581356,3.1353233112112475,0.6540697674418605,1.116984760015097,1.0864548583020364,0.6697414617649846,2.8125256703127466,26,14,3,2.193466269606742,-0.020556553002669568,2.8125256703127466,0.6953099047977485,0.16927084005872653,0.6359999999999999
5,dom_regular,0.9807692307692307,0.9991055456171736,0.9767857142857143,1.0,0.987012987012987,1.0,0.979757085020243,1.0,0.0,1.0,1.0,0.0,0.275454630670647,-0.06292591043050177,0.8855288461538461,0.9990384615384615,0.9132379248658319,1.0,0.8803124999999999,1.0,0.8986295681063122,1.0,0.8181818181818182,1.0,0.9090909090909091,1.0,0.8663967611336032,1.0,0.8883653846153846,1.0,0.0,0.0,1.0,1.0,1.0,1.0,0.0,0.0,0.19173058145899977,0.3735797339082937,1.0,0.5727905772248959,-0.12464142702899256,0.6349125778754224,-0.06620058852618439,26,14,11,-0.005270280503159757,-0.24401257355482536,-0.06620058852618439,0.2983681670847361,0.22962755784246863,
5,dom_regular_verberase,0.9317307692307693,0.4847942754919499,0.9214285714285714,0.48172757475083056,0.948051948051948,0.45454545454545453,0.9352226720647774,0.5076923076923077,0.05128205128205128,0.719082719082719,0.5995085995085995,0.11957411957411956,0.24426185158446348,-0.043143383368664856,0.8211298076923077,0.9807692307692307,0.3175089445438283,0.7335867620751341,0.7731696428571428,0.9875446428571428,0.2840531561461794,0.7875415282392025,0.8050865800865802,1.0,0.2220959595959596,0.7930555555555554,0.7773279352226721,1.0,0.27692307692307694,0.7577884615384615,0.0,0.21739130434782608,0.5462680234061813,0.837608402275965,0.44484128289473684,0.7371558975563909,0.04340438366173657,0.18673735145163714,0.11990200543554118,0.3917061081424696,0.95,-0.047715244096348045,-1.042139281934573,0.13606876708132407,-0.702918481547588,26,14,11,-0.9624401159279223,-1.1218384479412236,-0.702918481547588,0.24142475354278062,0.24993604766782918,
5,dom_regular_rank2,0.9278846153846154,0.41323792486583183,0.9071428571428571,0.41362126245847175,0.9567099567099567,0.3939393939393939,0.9311740890688259,0.41923076923076924,0.08974358974358974,0.7248157248157249,0.6265356265356266,0.09828009828009832,0.2924255242042506,-0.05610599354962322,0.8105769230769231,0.9769230769230769,0.2602638640429338,0.6601296958855098,0.7624553571428571,0.9821428571428571,0.23077242524916947,0.7225913621262459,0.8095238095238095,1.0,0.16654040404040404,0.7373737373737373,0.7367408906882591,1.0,0.2153846153846154,0.6730769230769231,0.0,0.32142857142857145,0.5419366280486423,0.8411268114125257,0.44989097194807276,0.7626137303556658,0.0261279511804721,0.16054463554463558,0.15712270863639113,0.4809097786195684,0.9343023255813954,-0.1593292470690794,-0.9925253493551999,0.057484548261109804,-0.7086113268671271,26,14,11,-0.8890949887827226,-1.095955709927677,-0.7086113268671271,0.29590248218756204,0.28547160823762796,
6,adom_matched,0.5576923076923077,0.5715563506261181,0.49642857142857144,0.6229235880398671,0.7532467532467533,0.5151515151515151,0.3765182186234818,0.5230769230769231,0.038461538461538464,0.855036855036855,0.8542178542178542,0.0008190008190007703,0.8040096562377926,-0.08688592038301622,0.3133894230769231,0.7577163461538461,0.36039803220035777,0.7755366726296958,0.26071428571428573,0.7589732142857142,0.3588039867109635,0.8090531561461793,0.3765151515151515,0.9307359307359307,0.23737373737373738,0.8434343434343434,0.1214574898785425,0.7571862348178137,0.25375,0.7848076923076921,0.0,0.7146474358974352,0.6290303045560329,0.9115673196318358,0.6216785214085634,0.908481081081081,-0.059807534807534805,0.07517923189947807,-7.880381343335429,7.39746702502279,0.6122093023255814,0.8355187084857494,-4.555188571623583,-0.45017148999600837,-3.3858355884370033,26,14,3,-3.159637599181532,-5.950739544065635,-3.3858355884370033,0.7408328782634724,0.9303632121864325,0.618
6,dom_matched,0.3557692307692308,0.7209302325581395,0.30178571428571427,0.760797342192691,0.42424242424242425,0.7373737373737373,0.2550607287449393,0.6346153846153846,0.717948717948718,0.8132678132678133,0.80999180999181,0.003276003276003303,0.7385857820170733,-0.2036256139840147,0.2163221153846154,0.614423076923077,0.48649373881932023,0.8453264758497316,0.1625,0.5732589285714285,0.5282392026578073,0.8804401993355482,0.20335497835497834,0.7748917748917749,0.41919191919191917,0.9041666666666666,0.0931174089068826,0.5426113360323885,0.3769230769230769,0.8307692307692308,0.0,0.9482467532467532,0.6267249702911468,0.8951678951678952,0.6383265306122449,0.899077148163723,-0.0745475680959552,0.0544673452507553,-4.825953992909437,8.019629039635198,0.5959302325581395,2.4715209216537404,2.9990533363790064,1.5639984509758669,3.4522318305404687,26,14,3,3.8779279433688325,2.12017872938918,3.4522318305404687,0.6779146721670657,0.8599280017170884,0.744
6,probe_strat,0.7692307692307693,0.49821109123434704,0.7642857142857142,0.5149501661129569,0.7792207792207793,0.46464646464646464,0.7530364372469636,0.45,0.2692307692307692,0.8755118755118755,0.8828828828828829,-0.0073710073710073765,0.5138555321495875,-0.0145658353055129,0.5095913461538462,0.872139423076923,0.2933139534883721,0.6824910554561717,0.45352678571428573,0.8875892857142856,0.2988372093023256,0.7343023255813953,0.5020562770562771,0.9351731601731601,0.1919191919191919,0.7273989898989898,0.38866396761133604,0.9271255060728745,0.2153846153846154,0.74625,0.0,0.9604444444444443,0.6224296482360999,0.9346418567426971,0.6354917404519624,0.9258447481572482,-0.07453673582374241,0.053796821943972756,0.011809363358448685,1.8029596278743476,0.7587209302325582,0.13024948154965324,-1.849107401234259,-0.39407722056808875,0.8843037582512749,26,14,6,-2.067574932019524,-1.6306398704489942,0.8843037582512749,0.6217837505413251,0.2979990953661123,0.6992323272470331
6,probe_strat_noinit,0.7769230769230769,0.48389982110912344,0.7875,0.5132890365448505,0.8441558441558441,0.4696969696969697,0.7449392712550608,0.43846153846153846,0.28205128205128205,0.8738738738738738,0.868959868959869,0.004914004914004844,0.5007885638592444,-0.013559082619034046,0.4903125,0.8634615384615385,0.3434704830053667,0.7182915921288013,0.485625,0.8732142857142857,0.3438538205980066,0.7426495016611295,0.5064935064935064,0.9481601731601731,0.2320707070707071,0.7929292929292929,0.3805668016194332,0.8785425101214575,0.23846153846153847,0.7308653846153845,0.0,0.8349358974358975,0.6633449172325977,0.9298760824429027,0.665184787059787,0.9298034875134265,-0.06454792913801348,0.06662863183900668,0.06662285342594605,1.7036549396073855,0.7715116279069767,0.10104192455968172,-1.592127284956031,-0.3047936942519495,0.41038110703057945,26,14,6,-2.034143229697892,-1.15011134021417,0.41038110703057945,0.6006670113239571,0.30103166892981953,0.817802147066853
6,probe_matched,0.48365384615384616,0.6797853309481217,0.4107142857142857,0.7458471760797342,0.5454545454545454,0.7070707070707071,0.3765182186234818,0.6,0.5769230769230769,0.7862407862407862,0.8050778050778051,-0.018837018837018937,0.6100092538416029,-0.1018007500045754,0.27879807692307695,0.6884615384615385,0.4471824686940966,0.8121869409660107,0.2160267857142857,0.6519196428571428,0.5232558139534884,0.8621677740863788,0.23365800865800865,0.8268398268398268,0.37373737373737376,0.898989898989899,0.14979757085020243,0.6640688259109311,0.3383653846153846,0.8077884615384615,0.03571428571428571,0.9615384615384616,0.5482498948696384,0.8684981902723838,0.5740114827257685,0.8834120331069609,-0.09303431627137548,0.06836111111111111,-2.1363397658490757,4.1662798732412005,0.6436046511627908,1.2792444648978214,0.8332071792806238,0.41988201654803725,2.0339845577837603,26,14,3,1.0035819695580122,0.6628323890032355,2.0339845577837603,0.6077826771402199,0.6144624072443688,0.7339999999999999
6,dom_regular,0.9701923076923077,0.9955277280858676,0.9732142857142857,1.0,0.9956709956709957,1.0,0.9595141700404858,0.9884615384615385,0.0,1.0,1.0,0.0,0.26509207704021615,-0.05178717006530357,0.823076923076923,0.989423076923077,0.8291144901610018,1.0,0.8392857142857143,0.9964285714285714,0.8105066445182724,1.0,0.8050865800865802,1.0,0.8231060606060606,1.0,0.7692307692307693,1.0,0.7923076923076923,1.0,0.0,0.03896103896103896,1.0,1.0,1.0,1.0,0.0,0.0,0.1913757531743899,0.3470564537926959,1.0,0.5574347469072933,-0.1474531040784513,0.6177028965866044,-0.028936776701660834,26,14,11,0.010373207424005161,-0.30527941558090776,-0.028936776701660834,0.2735124693524295,0.2482512924157892,
6,dom_regular_verberase,0.9509615384615384,0.7567084078711985,0.95,0.717607973421927,0.974025974025974,0.803030303030303,0.951417004048583,0.7269230769230769,0.01282051282051282,0.9123669123669124,0.819000819000819,0.09336609336609336,0.23475491030085835,-0.008997597413344204,0.8442067307692308,0.9875240384615385,0.5187388193202146,0.9588774597495527,0.85,0.9964285714285714,0.4418604651162791,0.9618355481727575,0.7964285714285715,1.0,0.4595959595959596,1.0,0.8016194331983806,1.0,0.4383653846153846,0.9538461538461539,0.0,0.18518518518518517,0.7552386363636363,0.9616456634798578,0.6468484848484849,0.9042127876949305,0.022090661922663773,0.1610821599957813,0.1492601901958487,0.3371443387156848,0.9936046511627907,0.24387584569698295,-0.5542220975800427,0.4105237928707877,-0.24472054331382465,26,14,11,-0.524680186493637,-0.5837640086664483,-0.24472054331382465,0.24342675503726535,0.21741122082804448,
6,dom_regular_rank2,0.9423076923076923,0.6198568872987478,0.9428571428571428,0.584717607973422,0.974025974025974,0.696969696969697,0.9433198380566802,0.5346153846153846,0.0641025641025641,0.9279279279279279,0.7977067977067978,0.13022113022113013,0.28491549563754176,-0.01804381966314012,0.8336538461538462,0.9788461538461538,0.41232110912343467,0.8694767441860465,0.8142410714285714,0.9892857142857143,0.347093023255814,0.887126245847176,0.8094155844155845,1.0,0.35858585858585856,0.9647727272727271,0.7610323886639676,1.0,0.3038461538461538,0.8194230769230767,0.0,0.33442028985507144,0.738580129683388,0.9558823529411765,0.6216293644650843,0.8889796086197637,0.033572891072891076,0.18435711879782513,0.17491122106763135,0.4160463822973319,0.9819767441860465,0.1181128144521025,-0.6311520726246005,0.3274464477874493,-0.2882907855193952,26,14,11,-0.6005039921622819,-0.6618001530869191,-0.2882907855193952,0.3031267413541373,0.2484930042043508,
7,adom_matched,0.6836538461538462,0.49821109123434704,0.6303571428571428,0.579734219269103,0.9047619047619048,0.42424242424242425,0.48582995951417,0.4346153846153846,0.05128205128205128,0.8722358722358723,0.8468468468468469,0.025389025389025432,0.5002615950272231,-0.10660614480787502,0.4057451923076923,0.8769711538461538,0.2834525939177102,0.7506261180679783,0.37669642857142854,0.8660714285714286,0.2956395348837209,0.8023255813953488,0.5844155844155844,0.9956709956709957,0.19696969696969696,0.8082070707070705,0.1700404858299595,0.8625506072874493,0.2114423076923077,0.7500961538461538,0.0,0.8183300395256917,0.605757115069615,0.9354740268343209,0.5508445702934797,0.9066666666666666,-0.0427792550325445,0.13649308755760364,0.052875854112460215,2.2011155185971467,0.6976744186046512,0.19523524380628224,-2.102389816257153,-0.5230752692153254,-1.8838381156454844,26,14,3,-1.7783299833618713,-2.4264496491524343,-1.8838381156454844,0.4940189282401867,0.5127469286012954,0.68
7,dom_matched,0.4807692307692308,0.6806797853309481,0.41785714285714287,0.7458471760797342,0.5844155844155844,0.7272727272727273,0.3319838056680162,0.5461538461538461,0.7692307692307693,0.8165438165438166,0.7895167895167895,0.027027027027027084,0.4986453142479637,-0.2200379417150527,0.2806730769230769,0.7327884615384614,0.4347048300536673,0.8309704830053667,0.20705357142857145,0.7054017857142857,0.4983388704318937,0.890406976744186,0.2943722943722944,0.9048701298701298,0.3383838383838384,0.9191919191919192,0.11336032388663968,0.7246963562753036,0.3192307692307692,0.8192307692307692,0.028734671125975476,0.9629629629629629,0.6206223212271599,0.9202974970331211,0.5890258159184727,0.892521416083916,-0.04197645341031157,0.10263600639302536,0.10234568998050207,3.1991925058450668,0.6505813953488372,1.3337382568786906,2.138139195178363,0.6190094694466507,1.745477110344364,26,14,3,2.43072056304862,1.8455578273081055,1.745477110344364,0.451012670367965,0.593910602007961,0.7879999999999999
7,probe_strat,0.8778846153846154,0.40250447227191416,0.8607142857142858,0.43023255813953487,0.9307359307359307,0.3333333333333333,0.7935222672064778,0.4076923076923077,0.41025641025641024,0.9623259623259623,0.9279279279279279,0.03439803439803446,0.3185757151398328,-0.03469314654360708,0.6566826923076923,0.9365625,0.24762969588550987,0.6288014311270125,0.6034375,0.9428571428571428,0.2474667774086379,0.6927325581395349,0.696861471861472,1.0,0.15656565656565657,0.7021464646464645,0.47763157894736846,0.9434210526315788,0.15384615384615385,0.6807692307692308,0.0,1.0,0.7622363583591331,0.9815047085184636,0.6881654543537846,0.9680589680589681,-0.027182065217391315,0.12160197412298251,-0.09041661766882257,0.7758562617604704,0.8319767441860465,-0.12500926322590594,-1.1666666498665847,-0.693992771779307,0.7076776468670548,26,14,6,-1.7204955512657878,-0.6128377484673816,0.7076776468670548,0.42986583971631775,0.0959954659868627,0.8106940228999052
7,probe_strat_noinit,0.8788461538461538,0.4597495527728086,0.8642857142857143,0.49667774086378735,0.9567099567099567,0.45454545454545453,0.805668016194332,0.4346153846153846,0.4230769230769231,0.9443079443079443,0.9090909090909091,0.03521703521703523,0.28545437872373064,-0.032588067282376294,0.6537980769230769,0.9375,0.29961985688729875,0.6681574239713775,0.5981696428571428,0.9429017857142856,0.3089700996677741,0.717607973421927,0.7229437229437229,1.0,0.2220959595959596,0.7474747474747475,0.461336032388664,0.9312753036437246,0.19596153846153846,0.7307692307692307,0.0,0.9628917378917378,0.7967957823426574,0.9746109746109746,0.7325382223957707,0.9608453006728342,-0.033922359266287144,0.1274745308256821,-0.017633907963499694,0.7516264306134394,0.8488372093023255,-0.06553422055411444,-0.7872831821466771,-0.35767444273265553,0.5716929475900486,26,14,6,-1.3255669923669269,-0.2489993719264275,0.5716929475900486,0.3747403034710387,0.10688252922911443,0.8720641430200254
7,probe_matched,0.5971153846153846,0.6198568872987478,0.525,0.7225913621262459,0.7316017316017316,0.6414141414141414,0.4534412955465587,0.5346153846153846,0.717948717948718,0.8591318591318591,0.8075348075348076,0.051597051597051524,0.32035741944174456,-0.10718583326454609,0.33076923076923076,0.7788942307692307,0.40966010733452596,0.7934033989266548,0.28035714285714286,0.7428571428571429,0.5033222591362126,0.8621677740863788,0.3463203463203463,0.9264069264069265,0.3231060606060606,0.8737373737373737,0.1902834008097166,0.7328947368421052,0.28846153846153844,0.7962499999999999,0.05192307692307693,0.9914423076923075,0.6195282679738562,0.9206402856841661,0.5714690217391305,0.8949751861042183,-0.03359670059670059,0.13810847013223887,-0.36632188977070274,2.155287346145442,0.6901162790697675,0.7376933293513901,0.9982874739724922,0.006094251343849777,1.4937411010347064,26,14,3,0.8996836115173574,1.096891336427627,1.4937411010347064,0.3606855639931656,0.23970113033890234,0.808
7,dom_regular,0.9903846153846154,0.983005366726297,0.9928571428571429,0.9883720930232558,1.0,0.9747474747474747,0.9838056680161943,0.9884615384615385,0.0,1.0,1.0,0.0,0.22682268978564488,-0.0607604009755142,0.8624519230769231,1.0,0.8094812164579607,1.0,0.8570982142857142,1.0,0.7408222591362126,1.0,0.8614718614718615,1.0,0.7219696969696969,1.0,0.7975708502024291,1.0,0.7538461538461538,1.0,0.0,0.07984615384615364,1.0,1.0,1.0,1.0,0.0,0.0,0.1528424314631234,0.309299561514716,1.0,0.46855926185520114,-0.1502807894690955,0.5178598007912701,-0.016077391547376998,26,14,11,0.008988813575499147,-0.30955039251369015,-0.016077391547376998,0.23681425360926173,0.20683956213841123,
7,dom_regular_verberase,0.9798076923076923,0.7826475849731663,0.9821428571428571,0.7375415282392026,0.9913419913419913,0.7929292929292929,0.97165991902834,0.7692307692307693,0.02564102564102564,0.9271089271089271,0.8411138411138411,0.08599508599508598,0.209281125797571,-0.022736142936937126,0.9018269230769231,0.9990384615384615,0.5392441860465117,0.9490384615384616,0.9124107142857143,1.0,0.47005813953488373,0.9568106312292359,0.8571428571428571,1.0,0.49987373737373736,0.9900252525252524,0.8501012145748988,1.0,0.43451923076923077,0.9538461538461539,0.0,0.28464285714285686,0.8075,0.9683470353238015,0.6813873532623532,0.9156393282509021,0.03224818153067676,0.1579878136200716,0.1210347769985771,0.3050536697032503,0.9994186046511628,0.2315184415688388,-0.3917413746387207,0.37023327955293456,-0.10519704389541068,26,14,11,-0.2911502802965552,-0.4923324689808862,-0.10519704389541068,0.21977438827589424,0.18829460084092461,
7,dom_regular_rank2,0.9759615384615384,0.6305903398926654,0.9785714285714285,0.5980066445182725,1.0,0.6919191919191919,0.9635627530364372,0.5346153846153846,0.08974358974358974,0.941031941031941,0.855036855036855,0.08599508599508598,0.2392197850534661,-0.03353908824880712,0.8682451923076924,0.9961538461538462,0.3962209302325581,0.8506484794275492,0.8588839285714285,1.0,0.3222591362126246,0.8671511627906977,0.8656926406926407,1.0,0.3838383838383838,0.9545454545454546,0.7691295546558705,1.0,0.2846153846153846,0.7961538461538461,0.0,0.5487179487179482,0.8103987252469226,0.9736902970209376,0.6915912828947368,0.9251767017113863,0.02711529835296282,0.16004283216783216,0.1358953107138617,0.3780632682512099,0.9895348837209302,0.1006564857435106,-0.4661951076121237,0.23778045827781705,-0.12035335137463343,26,14,11,-0.3259545274240015,-0.6064356878002459,-0.12035335137463343,0.2546087797086705,0.20844179574305738,
8,adom_matched,0.6317307692307692,0.5930232558139535,0.5982142857142857,0.6262458471760798,0.8484848484848485,0.5606060606060606,0.42105263157894735,0.5461538461538461,0.10256410256410256,0.8714168714168714,0.8755118755118755,-0.004095004095004073,0.5373266984692269,-0.15581592659118437,0.37199519230769235,0.8558173076923076,0.3299418604651163,0.7898032200357782,0.33566964285714285,0.8571428571428571,0.3321843853820598,0.8272840531561462,0.45876623376623377,0.9696969696969697,0.2474747474747475,0.858712121212121,0.15374493927125507,0.8259109311740891,0.24615384615384617,0.7923076923076923,0.0,0.8333333333333334,0.6592224979321754,0.9545395101846714,0.6595301535087719,0.9534860519146233,-0.06949193548387096,0.07740833073570665,0.04931463659036226,2.3571803329779915,0.6872093023255814,0.5883233977223254,-0.9987988894845167,-0.10085732200478048,-1.0319461727784351,26,14,3,-0.47137173756197037,-1.526226041407063,-1.0319461727784351,0.4945222000130286,0.6229356953816232,0.79
8,dom_matched,0.4480769230769231,0.7110912343470484,0.4125,0.7541528239202658,0.5194805194805194,0.7474747474747475,0.3117408906882591,0.6115384615384616,0.782051282051282,0.8157248157248157,0.828009828009828,-0.012285012285012331,0.5478945884178895,-0.260750084016971,0.2739663461538462,0.7135096153846153,0.4624105545617173,0.8282871198568873,0.21428571428571427,0.6982589285714285,0.5232142857142857,0.8920265780730897,0.25508658008658014,0.8874458874458875,0.4241161616161616,0.9343434343434344,0.1132591093117409,0.6601214574898784,0.3613461538461539,0.8153846153846154,0.07142857142857142,0.9713489409141584,0.6420450670871192,0.931368899917287,0.6422138344639459,0.9256628188909971,-0.06667493796526053,0.06286689915722177,0.043016667626009045,3.7084794887196697,0.6494186046511627,1.600210785351884,2.7696532374399316,0.9013550005058169,2.7392821524709916,26,14,3,3.3255219934914044,2.2137844813884593,2.7392821524709916,0.49299600401994803,0.6576917572137726,0.8880000000000001
8,probe_strat,0.8480769230769231,0.3998211091234347,0.8392857142857143,0.42358803986710963,0.8917748917748918,0.3383838383838384,0.7489878542510121,0.4423076923076923,0.3717948717948718,0.9344799344799345,0.9279279279279279,0.006552006552006606,0.4406378737972591,-0.04002158154402138,0.6153125,0.9356249999999999,0.2485912343470483,0.6235017889087656,0.5711607142857142,0.9321428571428572,0.2474667774086379,0.682765780730897,0.64491341991342,0.9956709956709957,0.15656565656565657,0.6667929292929291,0.4128542510121458,0.9311740890688259,0.18846153846153846,0.7078846153846152,0.0,1.0,0.7681556122448979,0.973097757845038,0.7385416666666668,0.9744928253856826,-0.04835356038047376,0.08750439412737801,-0.010527080809051294,1.1779041927201794,0.7982558139534883,-0.15458875150021284,-1.172284170926385,-0.6938972809975911,0.5902937109211203,26,14,6,-1.5615020892793416,-0.7830662525734284,0.5902937109211203,0.5925003678792076,0.13691288563336226,0.9127374098697627
8,probe_strat_noinit,0.8173076923076923,0.4284436493738819,0.8053571428571429,0.4750830564784053,0.935064935064935,0.41414141414141414,0.708502024291498,0.46923076923076923,0.46153846153846156,0.9361179361179361,0.9385749385749386,-0.002457002457002422,0.4036239648931817,-0.045855728337682956,0.6018990384615385,0.9076923076923077,0.29425313059033986,0.6601520572450804,0.5678571428571428,0.9018303571428571,0.3072674418604651,0.7342607973421927,0.6837662337662338,1.0,0.18686868686868688,0.7223484848484847,0.3885627530364373,0.8786437246963561,0.22692307692307692,0.7538461538461538,0.03395146520146523,0.9617877492877492,0.8138936668170539,0.9828002228022992,0.8014720210664912,0.9747772731520419,-0.05643007202881155,0.07538389242829568,0.043343234792427236,1.1153322219189843,0.7988372093023256,-0.05947367397821751,-0.7253981404594799,-0.36252445563820146,0.5686356318165499,26,14,6,-1.1028108266811316,-0.34798545423782823,0.5686356318165499,0.5387656145721714,0.13334066553520235,0.9332479203802734
8,probe_matched,0.6076923076923076,0.6019677996422182,0.5589285714285714,0.6843853820598007,0.7402597402597403,0.6313131313131313,0.4493927125506073,0.5115384615384615,0.8076923076923077,0.8943488943488943,0.9312039312039312,-0.03685503685503688,0.5456511449489974,-0.10814909420596057,0.3596153846153846,0.7711778846153846,0.4087656529516995,0.7728309481216458,0.29995535714285715,0.7483035714285714,0.4667358803986711,0.8505398671096346,0.3463203463203463,0.935064935064935,0.2926767676767677,0.8890151515151513,0.21447368421052632,0.6842105263157895,0.32682692307692307,0.7769230769230769,0.10123188405797102,1.0,0.6977067977067977,0.9549781399046104,0.7006251074991401,0.9665116046418567,-0.08964807807324254,0.06945153061224486,-0.02531218802554263,2.964844170223982,0.7098837209302326,0.6991194739735831,0.9528208474992035,-0.028218086158986615,2.3411785611886295,26,14,3,0.976935225887788,0.9287064691106188,2.3411785611886295,0.5534097776241584,0.5301338795986755,0.858
8,dom_regular,0.9913461538461539,0.9758497316636852,0.9928571428571429,0.978405315614618,1.0,0.9646464646464646,0.9878542510121457,0.9846153846153847,0.0,1.0,1.0,0.0,0.23703280807008073,-0.05141045407165155,0.840360576923077,1.0,0.7306797853309481,1.0,0.8625,1.0,0.679360465116279,1.0,0.857034632034632,1.0,0.656439393939394,1.0,0.7489878542510121,1.0,0.6923076923076923,1.0,0.0,0.07692307692307693,1.0,1.0,1.0,1.0,0.0,0.0,0.15745975211030888,0.3397422994399941,1.0,0.4596398727804881,-0.22364164027627048,0.5072078149696482,-0.11316811740264796,26,14,11,-0.09845747512278022,-0.34882580542976077,-0.11316811740264796,0.24078719848906358,0.2295240272321149,
8,dom_regular_verberase,0.9788461538461538,0.7871198568872988,0.9839285714285714,0.7425249169435216,0.9913419913419913,0.7929292929292929,0.9676113360323887,0.7769230769230769,0.01282051282051282,0.9172809172809173,0.7682227682227682,0.14905814905814907,0.2279127891863632,-0.003614309716350112,0.8778846153846154,0.9980769230769231,0.5035554561717352,0.9651386404293382,0.8803571428571428,1.0,0.44846345514950164,0.9667774086378738,0.8484848484848485,1.0,0.3939393939393939,0.98989898989899,0.8299595141700404,1.0,0.46923076923076923,0.9730769230769231,0.0,0.25925925925925924,0.766327205882353,0.9685460149156383,0.5620614379084967,0.8718545418167267,0.058305921052631576,0.26370159712328994,0.14945149935426894,0.3172901374136179,0.9976744186046511,0.24170455762950324,-0.4413962204512617,0.38327274851086407,-0.15825097769732124,26,14,11,-0.40808473202191436,-0.4747077088806091,-0.15825097769732124,0.2154826854335548,0.2527729966919801,
8,dom_regular_rank2,0.9807692307692307,0.5590339892665475,0.9857142857142858,0.5382059800664452,1.0,0.5707070707070707,0.9676113360323887,0.47692307692307695,0.05128205128205128,0.914004914004914,0.8173628173628174,0.09664209664209666,0.27620274305471215,-0.024157135822356585,0.8287740384615385,0.997139423076923,0.3388416815742397,0.8363595706618961,0.8142857142857143,1.0,0.30398671096345514,0.8638704318936876,0.8874458874458875,1.0,0.25757575757575757,0.9292929292929293,0.7244939271255061,1.0,0.25,0.7846153846153846,0.0,0.5692500000000006,0.7510237510237511,0.9608950455707935,0.5978523442779119,0.9004308539205156,0.017199017199017282,0.2130226065053368,0.17193133566126523,0.4226964085998351,0.9854651162790697,0.04775604737127539,-0.5805253401787918,0.18414471554660425,-0.2218352362743174,26,14,11,-0.4874070786369188,-0.6736436017206646,-0.2218352362743174,0.2684703894168329,0.2916674503304707,
9,adom_matched,0.7490384615384615,0.5590339892665475,0.7410714285714286,0.5764119601328903,0.9393939393939394,0.51010101010101,0.6194331983805668,0.5615384615384615,0.11538461538461539,0.8877968877968878,0.8927108927108927,-0.004914004914004844,0.3692569260867425,-0.16875564959092207,0.48170673076923076,0.9058173076923076,0.29785330948121647,0.7728309481216458,0.4713392857142857,0.9179017857142856,0.2857142857142857,0.7957225913621263,0.592965367965368,1.0,0.23232323232323232,0.8535353535353535,0.25475708502024297,0.9110323886639675,0.23451923076923079,0.7846153846153846,0.0,0.9235042735042734,0.6878571658926729,0.9697144138755981,0.6677141850161117,0.9681480501629932,-0.0664547982355263,0.07978204542760456,0.04737610568410516,0.9097636754375029,0.7686046511627908,0.263297856849421,-0.6518251531449424,-0.12274136855992714,-0.6061961634449555,26,14,3,-0.17838532024680184,-1.125264986043083,-0.6061961634449555,0.29415537158501914,0.5194600350901892,0.8480000000000001
9,dom_matched,0.525,0.6985688729874776,0.5035714285714286,0.7242524916943521,0.6190476190476191,0.7373737373737373,0.39271255060728744,0.6346153846153846,0.8333333333333334,0.8173628173628174,0.8386568386568387,-0.02129402129402136,0.4139142289274701,-0.2831444948875689,0.32497596153846153,0.7971394230769231,0.43915474060822896,0.8327817531305902,0.2892410714285715,0.7911160714285713,0.4750830564784053,0.8621677740863788,0.3333333333333333,0.948051948051948,0.3838383838383838,0.9193181818181817,0.18208502024291498,0.7327935222672065,0.37278846153846157,0.8192307692307692,0.07142857142857142,1.0,0.6501076589786268,0.9336651506006344,0.681362530815853,0.9446163905841325,-0.08668545751633987,0.04797827518104016,0.07234477788710754,1.4156697506238585,0.6895348837209302,1.055197357676769,2.1655740597956843,0.5802261681650497,2.26590790091308,26,14,3,2.658702250313608,1.6724458692777606,2.26590790091308,0.30227904712153325,0.6371845925393437,0.8960000000000001
9,probe_strat,0.9240384615384616,0.41323792486583183,0.9357142857142857,0.38205980066445183,0.9913419913419913,0.29797979797979796,0.854251012145749,0.48846153846153845,0.5512820512820513,0.9123669123669124,0.923013923013923,-0.01064701064701068,0.3669035960082429,-0.049756528468772585,0.7125,0.972139423076923,0.24054114490161002,0.6163237924865831,0.7053571428571429,0.9857142857142858,0.19102990033222592,0.6196843853820597,0.7662337662337663,1.0,0.1414141414141414,0.6666666666666666,0.5506072874493927,0.97165991902834,0.20375000000000001,0.7307692307692307,0.038461538461538464,1.0,0.7908163511104688,0.9716719396195203,0.77524974989996,0.9841666666666666,-0.07321131410185469,0.07207724305938595,0.012700151338431831,0.747057951072131,0.8947674418604651,-0.13371296950142114,-0.4104196610282086,-0.2813335657246096,1.1334401739718902,26,14,6,-0.5793443166500293,-0.24149500540638788,1.1334401739718902,0.4267652313509226,0.24718032532288353,0.949621332562509
9,probe_strat_noinit,0.8884615384615384,0.4400715563506261,0.9071428571428571,0.3920265780730897,0.9783549783549783,0.3686868686868687,0.8299595141700404,0.47692307692307695,0.5897435897435898,0.9369369369369369,0.9312039312039312,0.005733005733005725,0.3270530202573963,-0.05831338284855,0.7057451923076924,0.9567307692307693,0.2995527728085868,0.6574463327370305,0.6946428571428571,0.9696428571428571,0.24086378737541528,0.6677740863787376,0.7792207792207793,1.0,0.15643939393939396,0.6869949494949493,0.5262145748987854,0.9595141700404858,0.25,0.75,0.07387566137566137,1.0,0.8357442977190876,0.9819830860272036,0.8149398664070892,0.9850073529411765,-0.05637601170689397,0.06961789015360441,0.05877150075769058,0.7046919487415564,0.8686046511627907,-0.058807788840205835,-0.16720732194217533,-0.149763908128789,1.0027846183564582,26,14,6,-0.2930367020929974,-0.041377941791353255,1.0027846183564582,0.3887657677884807,0.20362752519522753,0.9514289958407606
9,probe_matched,0.7259615384615384,0.5518783542039356,0.7178571428571429,0.5780730897009967,0.9090909090909091,0.5656565656565656,0.562753036437247,0.5038461538461538,0.8461538461538461,0.9180999180999181,0.9615069615069615,-0.04340704340704338,0.4105369985952523,-0.11511368965797045,0.46057692307692305,0.8510336538461537,0.38812611806797853,0.7522361359570662,0.4088839285714286,0.8554017857142856,0.37699335548172763,0.8073089700996677,0.4935064935064935,0.9956709956709957,0.23737373737373738,0.8333333333333334,0.2671052631578948,0.8097165991902834,0.3153846153846154,0.7693269230769231,0.15492307692307694,1.0,0.7297076754385965,0.9671106381148951,0.7379518159237379,0.9819830860272036,-0.09388553234582311,0.06498296127329473,0.046574902873701855,1.2279278734681476,0.7662790697674419,0.3594522435572125,0.8857356883383863,0.10248048216740528,1.9617712143629225,26,14,3,1.1638532795222205,0.6076180971545522,1.9617712143629225,0.391002103237091,0.4496067893115748,0.924
9,dom_regular,1.0,0.9329159212880143,1.0,0.9102990033222591,1.0,0.9141414141414141,1.0,0.9423076923076923,0.0641025641025641,1.0,1.0,0.0,0.25974700026776404,-0.043028693322023935,0.948076923076923,1.0,0.6895796064400715,0.9937611806797854,0.9642857142857143,1.0,0.5946428571428571,0.9983803986710964,0.922077922077922,1.0,0.6111111111111112,1.0,0.9473684210526315,1.0,0.6038461538461538,1.0,0.0,0.4907051282051279,0.9975486164860681,1.0,0.9983174493514816,1.0,-0.001638170018104243,2.042483660128854e-05,0.17076784628424416,0.35608787408748793,1.0,0.33612210042008717,-0.08131704665322861,0.3757738874923861,0.09294421748066657,26,14,11,0.0694373473816013,-0.23207144068805852,0.09294421748066657,0.25662536944236136,0.26599026191856917,
9,dom_regular_verberase,0.9971153846153846,0.8372093023255814,0.9964285714285714,0.7873754152823921,1.0,0.8333333333333334,0.9959514170040485,0.8307692307692308,0.0641025641025641,0.9320229320229321,0.7436527436527437,0.18837018837018837,0.2524763519551208,0.003875609007560652,0.9471153846153846,1.0,0.5652504472271914,0.9749552772808586,0.9463839285714285,1.0,0.4933139534883721,0.9800664451827242,0.922077922077922,1.0,0.5251262626262627,1.0,0.951417004048583,1.0,0.5,0.9846153846153847,0.0,0.5639855072463769,0.8033078990901572,0.9808596014492753,0.593295918367347,0.850328947368421,0.09066911764705883,0.2876950377050045,0.1698580055691461,0.3536116485820005,1.0,0.24588970238357546,-0.23745888771110563,0.36207902773093187,0.12895589273646496,26,14,11,-0.10394296146353364,-0.3709748139586776,0.12895589273646496,0.24336740705430718,0.27069424175674817,
9,dom_regular_rank2,0.9971153846153846,0.592128801431127,0.9982142857142857,0.5415282392026578,1.0,0.6565656565656566,0.9919028340080972,0.49230769230769234,0.2692307692307692,0.9066339066339066,0.769041769041769,0.13759213759213762,0.3110447090639824,-0.017493494032898793,0.9490144230769231,1.0,0.35507602862254023,0.8256037567084079,0.9517857142857142,1.0,0.3055232558139535,0.8389119601328904,0.9567099567099567,1.0,0.31805555555555554,0.9292929292929293,0.9271255060728745,1.0,0.27692307692307694,0.7847115384615384,0.0,0.8214285714285714,0.7615016894915861,0.9572616950084055,0.6109942434210527,0.875845771908272,0.04081331699346411,0.21182795698924722,0.20456649185490108,0.4414941137953293,0.9982558139534884,0.062399322496339726,-0.25521309965199085,0.17234718416610093,0.0940716708066088,26,14,11,-0.09004619092848416,-0.42038000837549755,0.0940716708066088,0.29054519548884933,0.3520437362142486,
10,adom_matched,0.7298076923076923,0.5080500894454383,0.7196428571428571,0.5249169435215947,0.9004329004329005,0.48484848484848486,0.5789473684210527,0.4653846153846154,0.07692307692307693,0.8894348894348895,0.9107289107289107,-0.021294021294021248,0.3487151014324412,-0.17329676133696445,0.4942067307692308,0.8952163461538462,0.29065295169946337,0.7469141323792485,0.47316964285714286,0.8929017857142857,0.27400332225913626,0.7641611295681063,0.5583333333333333,0.9956709956709957,0.21212121212121213,0.8435606060606059,0.27530364372469635,0.8825910931174089,0.2114423076923077,0.7769230769230769,0.0,0.8788333333333335,0.6698803534571723,0.9595835425074378,0.6641957054991594,0.951206361417657,-0.08898140923035887,0.06534971106107051,0.007657487346165788,1.0533491909210007,0.7575581395348837,0.24247355435206935,-1.502777673064011,-0.6110661614152127,-1.320231104740214,26,14,3,-0.9805870714128107,-2.0249682747152113,-1.320231104740214,0.25363989181626223,0.5388655206647991,0.79
10,dom_matched,0.5355769230769231,0.6717352415026834,0.5,0.7093023255813954,0.6277056277056277,0.7626262626262627,0.4251012145748988,0.6,0.8461538461538461,0.8321048321048321,0.864045864045864,-0.03194103194103193,0.4204400279682065,-0.2879838240413348,0.3403846153846154,0.7779807692307692,0.4346824686940966,0.807737030411449,0.29642857142857143,0.7732142857142857,0.4318106312292359,0.8455564784053157,0.3288961038961039,0.935064935064935,0.3333333333333333,0.9090909090909091,0.2145748987854251,0.7732793522267206,0.3230769230769231,0.8076923076923077,0.075997150997151,1.0,0.652568917351887,0.9169819078947368,0.658354011579818,0.930923888384755,-0.09184265964450304,0.06061174242424247,0.0539104794502439,1.5810438775277957,0.6970930232558139,0.9719321417182533,1.8645397203375305,0.23060465784574333,2.356725722160061,26,14,3,2.209966703666975,1.519112737008086,2.356725722160061,0.29235232234440156,0.6766154392158163,0.898
10,probe_strat,0.9182692307692307,0.34973166368515207,0.9392857142857143,0.30564784053156147,0.974025974025974,0.26262626262626265,0.8704453441295547,0.4307692307692308,0.46153846153846156,0.9058149058149059,0.8337428337428338,0.07207207207207211,0.3363847583209366,-0.054025006430955196,0.6413461538461539,0.9682692307692308,0.19499105545617174,0.5948792486583183,0.6749107142857144,0.9821874999999999,0.14613787375415285,0.6046926910299003,0.657900432900433,1.0,0.09583333333333334,0.6363636363636364,0.5060728744939271,0.9757085020242915,0.15759615384615386,0.6808653846153846,0.037037037037037035,1.0,0.7793960429566563,0.9697186329230063,0.6535907166836958,0.9287512947439418,-0.004994678792569684,0.18779313455008487,-0.15689389421661262,0.7747560678724559,0.8505813953488373,-0.23145155735391393,-0.839454674656384,-0.7373701463784553,1.1486244581132798,26,14,6,-1.0671079393033742,-0.6118014100093938,1.1486244581132798,0.31357042799685386,0.3820134189691021,0.9142018154518154
10,probe_strat_noinit,0.8817307692307692,0.41055456171735244,0.9107142857142857,0.3687707641196013,0.9696969696969697,0.35858585858585856,0.8340080971659919,0.41923076923076924,0.5769230769230769,0.9164619164619164,0.8615888615888616,0.05487305487305483,0.3695664984163407,-0.06112911520755838,0.6375,0.9375240384615384,0.2602191413237925,0.6189624329159212,0.6410714285714286,0.9589732142857142,0.20095514950166116,0.6478405315614618,0.6320346320346321,1.0,0.13623737373737374,0.6768939393939393,0.5059716599190284,0.9433198380566802,0.20759615384615387,0.7116346153846154,0.08974358974358974,1.0,0.813077357881137,0.9738720488195278,0.7082635442514476,0.9436857993197278,-0.019885450954575345,0.1539123820662929,-0.015748978268271662,0.939307214163056,0.8453488372093023,-0.09287430202589628,-0.3345298622777072,-0.6449793094129183,1.1008032574444375,26,14,6,-0.3498886962815573,-0.31917102827385707,1.1008032574444375,0.33352108969498084,0.4416573158590606,0.9404151812240048
10,probe_matched,0.6903846153846154,0.5286225402504472,0.6642857142857143,0.5664451827242525,0.8268398268398268,0.51010101010101,0.5991902834008097,0.4807692307692308,0.7948717948717948,0.9090909090909091,0.9312039312039312,-0.02211302211302213,0.26253373857930296,-0.1327975120288894,0.40468750000000003,0.8327163461538462,0.3380366726296959,0.728108228980322,0.3732142857142857,0.8179910714285713,0.3587209302325582,0.7841362126245847,0.4155844155844156,0.9783549783549783,0.20694444444444446,0.8333333333333334,0.27125506072874495,0.8218623481781376,0.2692307692307692,0.7538461538461538,0.14675925925925926,1.0,0.710702302631579,0.9621916291332832,0.6933314144736842,0.9675039335664336,-0.08437566320033947,0.09905370486765841,-0.3169317154524366,1.2260999467586498,0.7116279069767442,0.32189838086305417,0.8690392514048739,-0.2934663084392057,1.960106677426096,26,14,3,1.2376903914759612,0.5003881113337868,1.960106677426096,0.18814869078669522,0.41130383416451866,0.908
10,dom_regular,0.9980769230769231,0.8864042933810375,0.9982142857142857,0.8588039867109635,1.0,0.898989898989899,1.0,0.8769230769230769,0.05128205128205128,1.0,1.0,0.0,0.26884432997089724,-0.036279237519871735,0.9365384615384615,1.0,0.6368291592128801,0.9847942754919499,0.9535714285714286,1.0,0.5331810631229236,0.9883720930232558,0.922077922077922,1.0,0.601010101010101,1.0,0.93917004048583,1.0,0.5423076923076923,1.0,0.0,0.44910256410256405,0.9926529111644659,1.0,0.9983329478553405,1.0,-0.0051679586563307955,0.0,0.1869202875887329,0.3699962474068972,1.0,0.31068543057946896,-0.1966648394122754,0.3281956129097564,0.018127643390621603,26,14,11,-0.05718713567041594,-0.33614254315413483,0.018127643390621603,0.2597182191537054,0.28709655160528075,
10,dom_regular_verberase,0.9932692307692308,0.723613595706619,0.9946428571428572,0.659468438538206,1.0,0.7676767676767676,0.9878542510121457,0.6538461538461539,0.05128205128205128,0.9033579033579033,0.7428337428337428,0.16052416052416052,0.29294814722706214,0.00020445873271313046,0.9384615384615385,1.0,0.481216457960644,0.8954606440071555,0.9464285714285714,1.0,0.39522425249169435,0.9053571428571429,0.922077922077922,1.0,0.45454545454545453,0.9595959595959596,0.9107287449392714,1.0,0.40375,0.9,0.0,0.5,0.7628116857502748,0.9619601496086583,0.5765371621621621,0.8567220051091018,0.060446078431372556,0.2465556693071965,0.20283063846695543,0.3847888468641114,1.0,0.18750699700733736,-0.3196747726289265,0.2469243478996598,-0.02199311478077599,26,14,11,-0.20737196739597255,-0.43197757786188046,-0.02199311478077599,0.27911136027571865,0.3206217211297492,
10,dom_regular_rank2,0.9903846153846154,0.4597495527728086,0.9928571428571429,0.4219269102990033,1.0,0.51010101010101,0.9838056680161943,0.4,0.2692307692307692,0.8493038493038493,0.764946764946765,0.08435708435708433,0.3583780966321605,-0.02157326995178074,0.9268990384615385,1.0,0.26999105545617175,0.6949910554561717,0.9375,1.0,0.22587209302325584,0.7043189368770764,0.9567099567099567,1.0,0.25252525252525254,0.8181818181818182,0.8986842105263159,1.0,0.1691346153846154,0.64625,0.028375000000000004,0.8333333333333334,0.6824664855072464,0.9167775184085408,0.6081524402524168,0.8705174095878889,-0.009272497897392824,0.14556467470760237,0.24648241095426532,0.5065117613347099,0.9901162790697674,-0.05800941953129916,-0.3606593179714983,0.01110428900397111,-0.12390558793852662,26,14,11,-0.21254867312610412,-0.5087699628168925,-0.12390558793852662,0.3247042394494885,0.4257258109975045,
11,adom_matched,0.7221153846153846,0.4856887298747764,0.7142857142857143,0.5033222591362126,0.8658008658008658,0.4696969696969697,0.5991902834008097,0.45,0.0641025641025641,0.8533988533988534,0.8722358722358723,-0.018837018837018937,0.40640322974573606,-0.183372583861312,0.4576682692307692,0.8653846153846154,0.2790474060822898,0.7477862254025045,0.4303571428571429,0.8875446428571427,0.25743355481727576,0.7957225913621263,0.48484848484848486,0.9826839826839827,0.20707070707070707,0.8636363636363636,0.30364372469635625,0.8826923076923076,0.2114423076923077,0.7615384615384615,0.0,0.8678062678062676,0.5916847165222678,0.9309485996163628,0.5879817218526896,0.9314403384974532,-0.09828908221765369,0.09953116937564503,0.04201559114529546,1.3221511935243266,0.7261627906976744,0.2093688447100087,-2.1034396552920183,-0.8321107951808258,-1.824418940662299,26,14,3,-1.5402585411140066,-2.66662076947003,-1.824418940662299,0.2670325510243553,0.6851445871884975,0.7899999999999999
11,dom_matched,0.5278846153846154,0.6627906976744186,0.48928571428571427,0.7059800664451827,0.6060606060606061,0.7525252525252525,0.41700404858299595,0.6,0.8589743589743589,0.7886977886977887,0.8181818181818182,-0.029484029484029506,0.47572620972861784,-0.3077762175745289,0.31439903846153844,0.7817548076923077,0.3889758497316637,0.8148479427549195,0.28741071428571424,0.7607589285714285,0.4201827242524917,0.8538205980066446,0.30303030303030304,0.9265151515151515,0.3584595959595959,0.9292929292929293,0.1902834008097166,0.7530364372469636,0.31913461538461535,0.8116346153846153,0.037037037037037035,1.0,0.579248366013072,0.9054481907894737,0.5808157051282051,0.915296052631579,-0.09333415233415226,0.07407936507936506,0.07743311198244317,1.742047194670165,0.6767441860465117,1.0729998953881423,2.2632905486286288,0.22660121620140491,2.8312718289201086,26,14,3,2.4912373676267054,2.035343729630552,2.8312718289201086,0.3097860196333947,0.8076065899190642,0.8879999999999999
11,probe_strat,0.8798076923076923,0.37924865831842575,0.9053571428571429,0.3388704318936877,0.948051948051948,0.31313131313131315,0.8299595141700404,0.4153846153846154,0.47435897435897434,0.9025389025389026,0.7755937755937756,0.12694512694512694,0.3557494767658786,-0.057419783938137806,0.6115144230769232,0.9471153846153846,0.21999105545617173,0.6199910554561716,0.6,0.9661160714285714,0.1677325581395349,0.6229235880398671,0.5756493506493507,1.0,0.16148989898989902,0.6919191919191919,0.4817813765182186,0.9635627530364372,0.16538461538461538,0.6616346153846153,0.07380952380952381,1.0,0.7460896555182269,0.9569921864402182,0.5501433550393842,0.8848802076598129,0.030573593073593,0.26872999199679876,-0.15093965903849071,0.8524306793488935,0.8255813953488372,-0.17833199068384395,-0.9412665749133873,-0.8396451965476895,1.557663091450582,26,14,6,-1.4103329944126815,-0.4722001554140931,1.557663091450582,0.31838107036223406,0.43048628957316754,0.9033959628077275
11,probe_strat_noinit,0.8403846153846154,0.426654740608229,0.8571428571428571,0.4019933554817276,0.9090909090909091,0.42424242424242425,0.8137651821862348,0.3923076923076923,0.5512820512820513,0.8976248976248976,0.7747747747747747,0.12285012285012287,0.4233574105307142,-0.06644970937605521,0.6028365384615384,0.9192548076923076,0.2558139534883721,0.652974060822898,0.5802678571428572,0.9411160714285713,0.22246677740863788,0.6710963455149501,0.5670995670995671,1.0,0.1919191919191919,0.7373737373737373,0.46963562753036436,0.9272267206477731,0.20759615384615387,0.7077884615384615,0.10192307692307695,1.0,0.7673469387755102,0.9648759503801521,0.6061849616996675,0.9142698321840458,0.0032685113519091715,0.23602202119883045,-0.000955668837757381,0.9467624670954835,0.8081395348837209,-0.06262662029174523,-0.530335706774864,-0.758559910220232,1.68340383996756,26,14,6,-0.6995796543224224,-0.3610917592273056,1.68340383996756,0.36166421832406026,0.546743794944022,0.9229842543077836
11,probe_matched,0.6615384615384615,0.5152057245080501,0.6375,0.5614617940199336,0.7878787878787878,0.5303030303030303,0.5465587044534413,0.46923076923076923,0.7948717948717948,0.8804258804258804,0.8230958230958231,0.05733005733005736,0.24466985485787798,-0.13495360819422036,0.4009134615384616,0.8038942307692307,0.3317754919499106,0.7271914132379249,0.33924107142857146,0.8,0.3588039867109635,0.7840946843853821,0.41114718614718615,0.9523809523809523,0.23737373737373738,0.8333333333333334,0.242914979757085,0.7854251012145749,0.2653846153846154,0.74625,0.15313390313390313,1.0,0.6331847587719298,0.9379747591558987,0.5631826225787216,0.9112171052631579,-0.05183738803817849,0.167968023255814,-0.563954794400463,1.5560771728775282,0.6825581395348838,0.38358486236300293,0.872920915720234,-0.4508832267559734,2.1697990090021366,26,14,3,1.0081863004468945,0.7376555309935735,2.1697990090021366,0.11141001897718464,0.5111895266192645,0.8880000000000001
11,dom_regular,0.9942307692307693,0.8407871198568873,0.9964285714285714,0.8039867109634552,0.9956709956709957,0.8434343434343434,0.9959514170040485,0.8192307692307692,0.0641025641025641,1.0,1.0,0.0,0.31599170683964206,-0.03612325364087527,0.9192067307692308,1.0,0.5625447227191412,0.9678220035778176,0.9285714285714286,1.0,0.47823920265780734,0.9750830564784053,0.8961038961038961,1.0,0.5049242424242425,1.0,0.8987854251012146,1.0,0.48846153846153845,0.9846153846153847,0.0,0.4298534798534795,0.9851924342105264,1.0,0.9915553873469769,1.0,-0.010632912970923763,0.0024580773955774674,0.22691460316059187,0.4342149588638172,1.0,0.2727921368530776,-0.31168366594512464,0.2948800787693801,-0.08969642800262795,26,14,11,-0.14055424211763823,-0.48281308977261106,-0.08969642800262795,0.29810298556586,0.35176914938720605,
11,dom_regular_verberase,0.9923076923076923,0.721824686940966,0.9928571428571429,0.6694352159468439,1.0,0.7222222222222222,0.9878542510121457,0.6884615384615385,0.05128205128205128,0.9058149058149059,0.6527436527436528,0.2530712530712531,0.3526585358061421,-0.0028622910979730774,0.9345913461538462,1.0,0.47477638640429337,0.9034212880143113,0.9428571428571428,1.0,0.4135797342192691,0.9020348837209302,0.9090909090909091,1.0,0.41919191919191917,0.9546717171717171,0.9108299595141701,1.0,0.4,0.9116346153846153,0.0,0.5336538461538461,0.7360192434210526,0.96,0.4774422308662742,0.785875,0.12330961716057323,0.3553935118273353,0.252412894064932,0.48901961032339725,0.9994186046511628,0.1782547120071839,-0.4008558402556752,0.21994047998070798,-0.06496403308832799,26,14,11,-0.24588224988003543,-0.555829430631315,-0.06496403308832799,0.34313466264014925,0.37170628213812795,
11,dom_regular_rank2,0.989423076923077,0.4329159212880143,0.9910714285714286,0.39368770764119604,1.0,0.4595959595959596,0.9838056680161943,0.39615384615384613,0.1794871794871795,0.8583128583128583,0.7223587223587223,0.13595413595413597,0.42280944340219623,-0.026725251959096894,0.9124759615384616,1.0,0.25395796064400716,0.6681797853309481,0.9249553571428571,1.0,0.2191860465116279,0.6944352159468438,0.922077922077922,1.0,0.20707070707070707,0.7728535353535352,0.8906882591093117,1.0,0.16923076923076924,0.6500961538461538,0.0,0.8344202898550723,0.6764294529000412,0.9298106436677865,0.5326095947063689,0.8358852040816327,0.022625482228397935,0.2220453514739229,0.29354552114163684,0.6070618050967531,0.9889534883720931,-0.09265031412404531,-0.5024171760158229,-0.02073368725550102,-0.19733062185463207,26,14,11,-0.2980910780803657,-0.70674327395128,-0.19733062185463207,0.390195546601754,0.4880372370030809,
12,adom_matched,0.6855769230769231,0.5044722719141324,0.6625,0.5365448504983389,0.8181818181818182,0.494949494949495,0.5708502024291497,0.4653846153846154,0.05128205128205128,0.8542178542178542,0.8509418509418509,0.003276003276003303,0.3694412597939698,-0.20034299694050048,0.4105528846153846,0.8548317307692307,0.27546958855098386,0.7772808586762076,0.385625,0.8732142857142857,0.259094684385382,0.8006644518272426,0.45876623376623377,0.9653679653679653,0.22727272727272727,0.8585858585858586,0.2629554655870445,0.8705465587044533,0.2114423076923077,0.7846153846153846,0.0,0.7692307692307693,0.6013038569787321,0.9294008397932817,0.5889435790763674,0.9314761904761903,-0.10858881578947366,0.10926846590909091,0.0018902176947780843,1.2217829830261513,0.7168604651162791,0.2813574857576353,-2.1255684712303937,-0.7403049109828843,-1.9030258387513528,26,14,3,-1.6464158747210582,-2.6047210677397294,-1.9030258387513528,0.2399611299417647,0.6284015194983802,0.7819999999999999
12,dom_matched,0.5067307692307692,0.6726296958855098,0.4625,0.7225913621262459,0.6103896103896104,0.7575757575757576,0.3805668016194332,0.6038461538461538,0.8205128205128205,0.7714987714987716,0.7952497952497952,-0.02375102375102367,0.39695358678086085,-0.330008956072914,0.3210817307692308,0.7529086538461538,0.42649821109123437,0.8193649373881932,0.24808035714285714,0.734017857142857,0.4467607973421927,0.8770764119601329,0.3072510822510822,0.9047619047619048,0.3282828282828283,0.9142676767676766,0.1700404858299595,0.7288461538461537,0.31153846153846154,0.8153846153846154,0.04004166666666667,1.0,0.5822739015753722,0.8873604714912281,0.6082291666666666,0.892863612836439,-0.1199402124373323,0.08335375816993465,-0.08050004267995128,1.5398881290972275,0.6697674418604651,1.1507407327106995,2.279565149022778,0.3094093599285654,2.5215140021346745,26,14,3,2.4952961573401247,2.0638341407054313,2.5215140021346745,0.19789784029952123,0.7950650797435402,0.868
12,probe_strat,0.8509615384615384,0.40966010733452596,0.8767857142857143,0.3770764119601329,0.9004329004329005,0.41414141414141414,0.8340080971659919,0.3923076923076923,0.48717948717948717,0.8533988533988534,0.7469287469287469,0.10647010647010646,0.4898483548856333,-0.06115978153318091,0.5864903846153846,0.9288701923076923,0.22531305903398927,0.6395572450805009,0.5713839285714285,0.9482142857142857,0.18600498338870433,0.661171096345515,0.5670995670995671,0.9871212121212121,0.1412878787878788,0.7122474747474746,0.4898785425101215,0.9595141700404858,0.14990384615384617,0.6884615384615385,0.07464387464387465,1.0,0.6782429369597301,0.9363198924731182,0.5040628789553017,0.8784314985207842,-0.015625,0.2630893300248139,-0.24191929148408775,1.0260241408536093,0.786046511627907,-0.11949627363507183,-1.0598256343742678,-0.9204201103929294,1.8571217848569057,26,14,6,-1.6975870335654073,-0.42206423518312847,1.8571217848569057,0.4978889451653778,0.4737671743261441,0.8744534775417128
12,probe_strat_noinit,0.8173076923076923,0.4338103756708408,0.8214285714285714,0.4269102990033223,0.9004329004329005,0.4494949494949495,0.7894736842105263,0.38846153846153847,0.5256410256410257,0.8632268632268633,0.7502047502047502,0.11302211302211307,0.4921278728744779,-0.07063788225988978,0.5874278846153846,0.8904086538461538,0.2960644007155635,0.6565518783542039,0.5320089285714286,0.9090178571428571,0.26578073089701,0.7160299003322258,0.5757575757575758,0.9783549783549783,0.20707070707070707,0.7426767676767675,0.4534412955465587,0.9109311740890689,0.18836538461538463,0.6885576923076923,0.11538461538461539,1.0,0.7066603618421052,0.9526530612244898,0.5674094799210007,0.9058536059714045,-0.02608222533410411,0.23251232993197282,0.03237456806110425,1.1196459774962235,0.7738372093023256,-0.05172122125175978,-0.6210354624716032,-0.9100438099550227,1.5212296043639988,26,14,6,-0.6848637137271223,-0.5572072112160842,1.5212296043639988,0.4299216704717617,0.6165402776799106,0.8971501782531195
12,probe_matched,0.6480769230769231,0.5232558139534884,0.5964285714285714,0.5930232558139535,0.7705627705627706,0.5505050505050505,0.5465587044534413,0.47307692307692306,0.7564102564102564,0.8353808353808354,0.8247338247338247,0.01064701064701068,0.14316288903601362,-0.1388189043854122,0.38074519230769227,0.7971394230769231,0.32551431127012526,0.7316636851520573,0.30174107142857143,0.7696875,0.3704318936877076,0.810672757475083,0.36363636363636365,0.9393939393939394,0.24242424242424243,0.858712121212121,0.23481781376518218,0.7732793522267206,0.2768269230769231,0.7615384615384615,0.14535714285714285,1.0,0.5879570470647772,0.9132134082134081,0.5909957720850578,0.9197707875339454,-0.13980756578947365,0.13269042772719242,-0.8890180601868687,1.3170806946004432,0.6645348837209303,0.4128569493039473,0.8985818754697787,-0.5948014360442501,1.866896418599407,26,14,3,1.2177447772313281,0.5794189737082295,1.866896418599407,-0.04279875681097576,0.5150861807299923,0.9
12,dom_regular,0.9961538461538462,0.8050089445438283,0.9982142857142857,0.7375415282392026,1.0,0.8080808080808081,0.9959514170040485,0.7846153846153846,0.08974358974358974,0.9991809991809992,1.0,-0.0008190008190007703,0.33426497431797414,-0.036068714436185804,0.9153365384615384,1.0,0.5268336314847942,0.9544722719141323,0.9446428571428571,1.0,0.4052740863787375,0.9518272425249169,0.8787878787878788,1.0,0.4847222222222222,0.98989898989899,0.8987854251012146,1.0,0.45375,0.9616346153846154,0.0,0.5838827838827831,0.9671052631578947,1.0,0.9803439803439803,1.0,-0.019592236894757916,0.004934924742066112,0.23618215785816615,0.45816963637481944,1.0,0.2569350518931568,-0.2732506272542572,0.2669067629203525,-0.03828816484066303,26,14,11,-0.07940017297643805,-0.4671010815320763,-0.03828816484066303,0.3142063855670387,0.374382151819845,
12,dom_regular_verberase,0.9884615384615385,0.6726296958855098,0.9946428571428572,0.5697674418604651,0.9956709956709957,0.7171717171717171,0.9878542510121457,0.6153846153846154,0.14102564102564102,0.8984438984438985,0.7133497133497133,0.18509418509418518,0.37286724633753404,0.0176931381214687,0.9192307692307692,1.0,0.4570438282647585,0.8640876565295169,0.9482142857142857,1.0,0.3421511627906977,0.8338870431893688,0.8701298701298701,1.0,0.4393939393939394,0.9294191919191918,0.9068825910931174,1.0,0.36538461538461536,0.8616346153846154,0.0,0.6428571428571429,0.7540453431372549,0.9578293010752689,0.5285010345925297,0.8197095189030672,0.07946189184828953,0.2892258543451021,0.25838168394660743,0.5357074608127607,0.997093023255814,0.16328660227367847,-0.39179648934095007,0.1778321066479945,-0.011308933728039715,26,14,11,-0.18548556558330517,-0.5981074130985949,-0.011308933728039715,0.37047739150194303,0.37764695600871573,
12,dom_regular_rank2,0.9865384615384616,0.4230769230769231,0.9946428571428572,0.3504983388704319,1.0,0.4696969696969697,0.9757085020242915,0.36923076923076925,0.358974358974359,0.8386568386568387,0.7575757575757576,0.08108108108108114,0.4428403247115281,-0.008683054562769306,0.9076682692307693,1.0,0.2549194991055456,0.6602862254025043,0.9409821428571429,1.0,0.1877076411960133,0.6131644518272423,0.9133116883116884,1.0,0.18686868686868688,0.7779040404040403,0.854251012145749,1.0,0.14596153846153848,0.6192307692307693,0.0,0.9020370370370369,0.6459157755616965,0.9116256330542044,0.5748188048245614,0.8613330031934684,-0.029500589384310334,0.1854766906762705,0.29488578620402794,0.6707849142491493,0.9813953488372092,-0.11436772166218283,-0.4595039746837678,-0.061791799599446785,-0.10425451168303179,26,14,11,-0.19261340226633833,-0.7263945471011973,-0.10425451168303179,0.4135826484592922,0.501355677216,
13,adom_matched,0.6932692307692307,0.49016100178890876,0.6678571428571428,0.526578073089701,0.8528138528138528,0.4444444444444444,0.5506072874493927,0.47692307692307695,0.05128205128205128,0.8435708435708436,0.8501228501228502,-0.006552006552006606,0.5037494872883802,-0.21995809147366857,0.4355288461538462,0.8548317307692307,0.24597495527728086,0.7576028622540251,0.39102678571428573,0.8642857142857143,0.26744186046511625,0.8173172757475083,0.5150432900432901,0.974025974025974,0.17676767676767677,0.8284090909090908,0.21447368421052632,0.8462550607287448,0.19230769230769232,0.7885576923076922,0.0,0.7705128205128203,0.5929475908127929,0.9222531889099727,0.5781208545918367,0.9342417010663915,-0.11017713774290645,0.10244072481572476,0.09428847672207623,1.6773819397124414,0.7063953488372093,0.2026365345781374,-2.270631959464174,-0.732421555579377,-1.7060150791078117,26,14,3,-1.7029933895867297,-2.8382705293416186,-1.7060150791078117,0.43262654533580225,0.6459953711935358,0.764
13,dom_matched,0.5057692307692307,0.6708407871198568,0.46785714285714286,0.717607973421927,0.6190476190476191,0.7373737373737373,0.3724696356275304,0.6076923076923076,0.8333333333333334,0.7837837837837838,0.8050778050778051,-0.02129402129402136,0.4724585353621493,-0.3379220477392251,0.3153605769230769,0.7500240384615384,0.41768783542039356,0.820237030411449,0.26424107142857145,0.7429464285714286,0.44019933554817275,0.8654485049833887,0.31601731601731603,0.922077922077922,0.32323232323232326,0.9343434343434344,0.15779352226720647,0.7288461538461537,0.3038461538461538,0.8154807692307692,0.06303418803418803,1.0,0.5806794217687075,0.9020130881136573,0.5790135218706647,0.9073614557485525,-0.1040398220630779,0.09047174043062202,0.013035954195743073,1.7593060386705888,0.6726744186046512,1.1327367448452528,2.134303552696485,0.29062585327889906,2.6441854825339064,26,14,3,2.389433719990795,1.8791733854021755,2.6441854825339064,0.32124265953579834,0.7748902870148515,0.858
13,probe_strat,0.8384615384615385,0.39713774597495527,0.8660714285714286,0.36046511627906974,0.9090909090909091,0.3787878787878788,0.7975708502024291,0.4153846153846154,0.47435897435897434,0.8075348075348076,0.7452907452907452,0.062244062244062315,0.5064326143199969,-0.06171211575183108,0.5787740384615385,0.9221153846153847,0.21288014311270126,0.6297629695885509,0.5391517857142857,0.9428571428571428,0.1976328903654485,0.6879152823920264,0.566991341991342,0.987012987012987,0.1414141414141414,0.7424242424242424,0.44534412955465585,0.9393724696356274,0.15384615384615385,0.6732692307692306,0.07142857142857142,1.0,0.6375497448979591,0.8971159416247575,0.567374045599852,0.9005000089914125,-0.10767686290942095,0.1689855442176871,-0.18789775730973884,1.259910647857027,0.786046511627907,-0.11048008684246775,-1.0571169089153167,-0.8773373761074087,2.344552189891987,26,14,6,-1.5478486555166733,-0.5663851623139602,2.344552189891987,0.5261589575367446,0.4669799278865011,0.8719393658364247
13,probe_strat_noinit,0.7932692307692307,0.43828264758497315,0.7982142857142858,0.420265780730897,0.8701298701298701,0.42424242424242425,0.7651821862348178,0.4,0.5128205128205128,0.8386568386568387,0.8386568386568387,0.0,0.5268891793847884,-0.072997809729079,0.5566826923076923,0.8779086538461538,0.28884168157423973,0.6807021466905188,0.5088839285714285,0.9017857142857143,0.2523671096345515,0.7376661129568105,0.5800865800865801,0.9698051948051948,0.19696969696969696,0.7323232323232324,0.40880566801619433,0.9149797570850202,0.1922115384615385,0.7116346153846154,0.10845833333333334,1.0,0.6674821428571428,0.9246784836784837,0.6200432602159576,0.9467897006468434,-0.1267194377751101,0.13923971375611402,-0.041182173824040796,1.3874313524110442,0.7662790697674419,0.026609659131360784,-0.6927216126556632,-0.9619433161426558,2.1939345798018155,26,14,6,-0.589475539704793,-0.7959676856065335,2.1939345798018155,0.48030482856498447,0.620057881024396,0.8870528817587641
13,probe_matched,0.6394230769230769,0.5107334525939177,0.5928571428571429,0.5780730897009967,0.8008658008658008,0.51010101010101,0.5101214574898786,0.47692307692307695,0.7564102564102564,0.7903357903357904,0.8435708435708436,-0.053235053235053176,0.23441572367099048,-0.14455872570278464,0.3749759615384615,0.7817548076923077,0.33711985688729873,0.7469141323792485,0.31607142857142856,0.7465178571428571,0.373671096345515,0.7807724252491695,0.4155844155844156,0.9351731601731601,0.20694444444444446,0.8131313131313131,0.2063765182186235,0.757085020242915,0.27307692307692305,0.7653846153846153,0.11051587301587301,1.0,0.5739602145682835,0.8831750535201673,0.6124826657636738,0.9371531496498028,-0.18783789942776122,0.09011056511056506,-1.7870941472953839,2.070555992574593,0.6494186046511627,0.3966703631094763,0.7103942632081505,-0.5927599157838329,2.1702281771385574,26,14,3,1.2173347569742738,0.2034537694420271,2.1702281771385574,0.06466642101326166,0.5739143289864483,0.8720000000000001
13,dom_regular,0.9990384615384615,0.7942754919499105,0.9982142857142857,0.7325581395348837,1.0,0.7777777777777778,1.0,0.7961538461538461,0.10256410256410256,0.9991809991809992,1.0,-0.0008190008190007703,0.35200070836165565,-0.04880974993534982,0.9125,1.0,0.5052996422182469,0.9580053667262969,0.9214285714285714,1.0,0.38027408637873755,0.953529900332226,0.8961038961038961,1.0,0.4039141414141414,0.9849747474747473,0.8946356275303644,1.0,0.4190384615384616,0.9730769230769231,0.0,0.6299722222222222,0.9651245580233776,1.0,0.9689491421568628,1.0,-0.017158604397831533,0.016329551557465065,0.24752039784556024,0.48207793756034384,1.0,0.23688975170824586,-0.2389266633733645,0.24798698699066923,-0.021566732978951446,26,14,11,-0.02889333607386516,-0.4489599906728638,-0.021566732978951446,0.3414241639607015,0.3731537971635638,
13,dom_regular_verberase,0.9923076923076923,0.6592128801431127,0.9964285714285714,0.5614617940199336,0.9956709956709957,0.6565656565656566,0.9919028340080972,0.6269230769230769,0.15384615384615385,0.9524979524979525,0.6625716625716626,0.28992628992629,0.38213921925828664,0.006269418465952901,0.9211057692307691,1.0,0.439087656529517,0.8676207513416816,0.9464285714285714,1.0,0.3239202657807309,0.840531561461794,0.883008658008658,1.0,0.3888888888888889,0.9292929292929293,0.9149797570850202,1.0,0.3576923076923077,0.8770192307692307,0.0,0.6297138047138048,0.8328467741935484,0.9901315789473685,0.4570909197012138,0.7969712409420289,0.15748153531438425,0.44363853089595795,0.2663466550081277,0.5370250315167389,1.0,0.1472889812527601,-0.3673390663069277,0.16295441551409698,-0.04365313795835482,26,14,11,-0.15276650360224048,-0.5819116290116149,-0.04365313795835482,0.38520238206200685,0.37601289365084634,
13,dom_regular_rank2,0.9932692307692308,0.4069767441860465,0.9964285714285714,0.3438538205980066,1.0,0.4292929292929293,0.9878542510121457,0.38846153846153847,0.32051282051282054,0.8812448812448812,0.7125307125307125,0.16871416871416867,0.4519420197208585,-0.0243171842915783,0.9067067307692308,1.0,0.24505813953488373,0.6422182468694096,0.9303571428571429,1.0,0.18098006644518272,0.6212624584717608,0.9134199134199135,1.0,0.17664141414141415,0.7222222222222222,0.8785425101214575,1.0,0.18076923076923077,0.6653846153846154,0.02564102564102564,0.9259259259259259,0.7006475898745635,0.9461237410596992,0.48651784035982815,0.8326804071504532,0.04107722634508355,0.30925577336197635,0.29940133848230277,0.6548681211935705,0.9854651162790697,-0.1337682584801872,-0.4330096093615112,-0.0804267954540469,-0.11699304986804114,26,14,11,-0.14645852453660982,-0.7195606941864127,-0.11699304986804114,0.4276785277201781,0.5004690037222193,
14,adom_matched,0.6971153846153846,0.46869409660107336,0.6660714285714285,0.5182724252491694,0.8571428571428571,0.4292929292929293,0.5506072874493927,0.4423076923076923,0.05128205128205128,0.8206388206388207,0.8714168714168714,-0.050778050778050754,0.47338990766056466,-0.24042363979355127,0.44324519230769227,0.8615384615384616,0.2538908765652952,0.721824686940966,0.41602678571428575,0.8660714285714286,0.264078073089701,0.760797342192691,0.5238095238095238,0.974025974025974,0.19696969696969696,0.797979797979798,0.2550607287449393,0.8421052631578947,0.19615384615384615,0.75,0.0,0.7307692307692307,0.5722068676154672,0.9100728854828939,0.6216974103537196,0.9466224152270664,-0.16793761859582546,0.05697824230617397,0.00333349690338421,2.025777992675455,0.6912790697674419,0.10627923925423591,-2.5192378055367914,-0.6483094793153635,-1.6537323431955795,26,14,3,-2.001030596046967,-3.037445015026616,-1.6537323431955795,0.3945166249724344,0.6311364730368252,0.732
14,dom_matched,0.5240384615384616,0.6583184257602862,0.475,0.707641196013289,0.6320346320346321,0.7373737373737373,0.41295546558704455,0.5846153846153846,0.8076923076923077,0.7682227682227682,0.8214578214578214,-0.053235053235053176,0.44865179601914873,-0.34315982951167734,0.3345913461538461,0.7501923076923075,0.4087432915921288,0.8113372093023256,0.26602678571428573,0.7446428571428572,0.43023255813953487,0.8638289036544851,0.3332251082251082,0.9091991341991341,0.3482323232323233,0.9141414141414141,0.18218623481781376,0.7489878542510121,0.31153846153846154,0.8000961538461538,0.0436413043478261,1.0,0.5780730987762238,0.8706245904995905,0.621471597280628,0.9102226724022943,-0.1417193095501919,0.046964254063908285,-0.02442039134721265,1.7843583656234723,0.6703488372093023,1.0203068834685654,1.8901050175692382,0.283755878128559,2.564207244609215,26,14,3,2.1315875322171287,1.6486225029213475,2.564207244609215,0.2976781567994509,0.7505990744585445,0.8700000000000001
14,probe_strat,0.8596153846153847,0.3032200357781753,0.8982142857142857,0.2574750830564784,0.922077922077922,0.30303030303030304,0.8502024291497976,0.3076923076923077,0.5256410256410257,0.733005733005733,0.8558558558558559,-0.12285012285012287,0.5905460203603434,-0.05629391732714355,0.6047596153846153,0.9308173076923076,0.16272361359570664,0.5796064400715564,0.5839285714285715,0.9482142857142857,0.13953488372093023,0.6279900332225913,0.6146103896103896,0.9913419913419913,0.11616161616161616,0.6868686868686869,0.5020242914979757,0.951417004048583,0.1076923076923077,0.6116346153846154,0.03571428571428571,1.0,0.5555,0.8514778284778284,0.5732945895803039,0.936028453267163,-0.22608517608517611,0.11022447301288933,-0.08663622877989641,1.5404265712457976,0.7540697674418605,-0.4169762716336036,-1.3651799084379266,-1.0733254422296845,1.618160122382185,26,14,6,-2.2146220922750053,-0.5157377246008479,1.618160122382185,0.6113605721623889,0.548916916756253,0.8249644497438615
14,probe_strat_noinit,0.8182692307692307,0.39177101967799643,0.8196428571428571,0.3787375415282392,0.922077922077922,0.3939393939393939,0.7854251012145749,0.3192307692307692,0.5128205128205128,0.764946764946765,0.8501228501228502,-0.08517608517608521,0.5704581074244343,-0.06967266814514145,0.5807451923076924,0.9009615384615385,0.23343023255813955,0.6431127012522362,0.5357142857142857,0.9125,0.19435215946843853,0.7093438538205981,0.6145021645021644,0.9826839826839827,0.17664141414141415,0.7425505050505049,0.46963562753036436,0.9190283400809717,0.13846153846153847,0.6153846153846154,0.12635897435897436,1.0,0.6053198529411764,0.8840499468079318,0.620781887755102,0.9504139422099088,-0.21622339251015724,0.11510277926960262,-0.04358539512539196,1.2867025128945382,0.7656976744186047,-0.20250525363892788,-0.8551544487432086,-0.9554929733350171,1.4965206396461925,26,14,6,-1.0478658537371726,-0.6624430437492447,1.4965206396461925,0.5047346830759608,0.701904956121381,0.8699272133095663
14,probe_matched,0.6644230769230769,0.5089445438282647,0.6142857142857143,0.5780730897009967,0.8354978354978355,0.5606060606060606,0.5587044534412956,0.45,0.7051282051282052,0.7698607698607699,0.9254709254709255,-0.15561015561015556,0.18274737471160143,-0.13255096992823961,0.3883413461538462,0.7981009615384616,0.34159212880143114,0.7379695885509838,0.3159821428571428,0.7768303571428571,0.3520764119601329,0.7973837209302326,0.4198051948051948,0.9437229437229437,0.2727272727272727,0.8535353535353535,0.21862348178137653,0.7773279352226721,0.2536538461538462,0.7230769230769231,0.1111111111111111,1.0,0.5644952606349665,0.8671285187750457,0.6798354153489352,0.9727086428268251,-0.282124725877193,0.013222304011777677,-1.1690340852984524,1.7025517933575645,0.6552325581395348,0.2281978696661476,0.5283228511862932,-0.5237421758503291,1.7842574963176596,26,14,3,0.7784024663266641,0.27824323604592227,1.7842574963176596,0.04795048353280319,0.45234115706919786,0.8560000000000001
14,dom_regular,0.9980769230769231,0.7647584973166368,0.9982142857142857,0.6877076411960132,1.0,0.7727272727272727,0.9959514170040485,0.7653846153846153,0.1282051282051282,0.9991809991809992,1.0,-0.0008190008190007703,0.3698662846936415,-0.04964792240724753,0.9096153846153846,1.0,0.47942754919499103,0.9383273703041144,0.9374553571428571,1.0,0.3786960132890365,0.9319352159468439,0.8917748917748918,1.0,0.42424242424242425,0.9748737373737372,0.9068825910931174,1.0,0.38846153846153847,0.9538461538461539,0.0,0.7005555555555555,0.9591503267973857,1.0,0.9493372348939575,1.0,-0.01634493747871362,0.02612298252634385,0.26549705075730506,0.5026847745906785,1.0,0.21623406894924044,-0.22773812681803338,0.25975081694393404,0.01765253831730533,26,14,11,-0.018789616397446838,-0.4366866372386199,0.01765253831730533,0.3605445831421846,0.38850968779655526,
14,dom_regular_verberase,0.9961538461538462,0.5912343470483006,0.9982142857142857,0.4867109634551495,1.0,0.6161616161616161,0.9959514170040485,0.5576923076923077,0.19230769230769232,0.9205569205569205,0.6208026208026208,0.2997542997542997,0.40001211328547714,-0.0014084099013518237,0.9230528846153847,1.0,0.3944096601073345,0.8112924865831843,0.9499553571428571,1.0,0.29069767441860467,0.7741279069767442,0.8874458874458875,1.0,0.31805555555555554,0.8838383838383839,0.9230769230769231,1.0,0.31913461538461535,0.8116346153846153,0.0,0.7037037037037037,0.773828125,0.9737089353285173,0.4125330866481653,0.7532905701754385,0.165828431372549,0.4407453251860316,0.2803711113694013,0.5530547294619188,0.9988372093023256,0.09320953983838204,-0.37044127509622393,0.1400128595373765,-0.02145994025161106,26,14,11,-0.14562119717946062,-0.5952613530129872,-0.02145994025161106,0.4128236429407002,0.37438905397503114,
14,dom_regular_rank2,0.9903846153846154,0.3756708407871199,0.9964285714285714,0.3073089700996678,1.0,0.3939393939393939,0.979757085020243,0.35384615384615387,0.41025641025641024,0.8566748566748567,0.6183456183456183,0.23832923832923836,0.47210498957372404,-0.03139478131520318,0.9076442307692307,1.0,0.2110912343470483,0.6207513416815742,0.9338839285714285,1.0,0.15614617940199335,0.5647840531561462,0.908982683982684,1.0,0.14646464646464646,0.7121212121212122,0.8663967611336032,1.0,0.14605769230769233,0.6230769230769231,0.043342391304347826,0.9495641025641017,0.6693280917280917,0.9222358722358721,0.4174547318927571,0.7665360814300907,0.08006120236151645,0.35029999999999994,0.3020137469770527,0.7099145968736376,0.9802325581395349,-0.20645261344754456,-0.40490445259321295,-0.09387785756455753,-0.0691511718793163,26,14,11,-0.12745204934026977,-0.6823568558461561,-0.0691511718793163,0.46165698290553686,0.4930010029100986,
15,adom_matched,0.7413461538461539,0.43559928443649376,0.7142857142857143,0.4684385382059801,0.8441558441558441,0.4090909090909091,0.6275303643724697,0.4461538461538462,0.05128205128205128,0.8419328419328419,0.9033579033579033,-0.061425061425061434,0.41541639104671496,-0.2372485273059791,0.4932692307692308,0.8817548076923076,0.24324686940966012,0.7084749552772808,0.45348214285714283,0.889330357142857,0.23085548172757478,0.7458471760797342,0.5366883116883118,0.9696969696969697,0.16161616161616163,0.803030303030303,0.2994939271255061,0.8624493927125505,0.21528846153846157,0.7115384615384616,0.0,0.7590277777777781,0.571874742327545,0.9297701223346482,0.6542390405293631,0.9615069615069615,-0.18000634057971007,0.0311305449698306,-0.08678725226837714,1.774550707584882,0.6936046511627907,-0.05187781378743465,-2.828859141056957,-0.8416461519718025,-1.6461061740287035,26,14,3,-2.2085374917481184,-3.449180790365795,-1.6461061740287035,0.34632117512282795,0.553606822894489,0.76
15,dom_matched,0.5480769230769231,0.6234347048300537,0.5035714285714286,0.6727574750830565,0.6363636363636364,0.7070707070707071,0.4251012145748988,0.5653846153846154,0.7692307692307693,0.7846027846027847,0.8394758394758395,-0.05487305487305483,0.4112259546396133,-0.3468311416023584,0.35478365384615385,0.7721394230769231,0.37817531305903396,0.7934033989266548,0.2839285714285714,0.7714285714285715,0.39867109634551495,0.8389119601328904,0.3246753246753247,0.9090909090909091,0.3079545454545454,0.9142676767676766,0.1902834008097166,0.7777327935222669,0.3230769230769231,0.7924038461538461,0.04,1.0,0.5863482299144064,0.8859596774193548,0.638875854618163,0.9297519007603041,-0.15141737985516784,0.034098587223587294,-0.1277800593336477,1.7684807478167859,0.666860465116279,0.8969381215510193,1.513884895058585,0.0497139414851601,2.3727218085097577,26,14,3,1.8763829062114845,1.1513868839056858,2.3727218085097577,0.26649268202928905,0.7006924998602619,0.8720000000000001
15,probe_strat,0.8625,0.32647584973166366,0.8964285714285715,0.2840531561461794,0.9090909090909091,0.29292929292929293,0.8785425101214575,0.3576923076923077,0.5128205128205128,0.7338247338247338,0.8361998361998362,-0.10237510237510239,0.4165729371215218,-0.05951364597611823,0.6307451923076923,0.9384855769230769,0.16368515205724507,0.5688729874776386,0.6070535714285714,0.9553571428571429,0.13617109634551497,0.6129983388704319,0.618939393939394,0.9826839826839827,0.11616161616161616,0.6112373737373736,0.5383603238866397,0.97165991902834,0.12692307692307692,0.6231730769230769,0.03571428571428571,1.0,0.5749048918939583,0.8618850806451613,0.606823414887931,0.9338907337128399,-0.21423838042588036,0.08524651857299881,-0.359021641907967,1.243689058707476,0.7296511627906976,-0.49747663199980047,-1.5090959302671392,-1.1482691259162348,1.8638496591359042,26,14,6,-1.9230306149342822,-1.0951612455999964,1.8638496591359042,0.46977221408076486,0.31017438320303536,0.8359557418380948
15,probe_strat_noinit,0.8192307692307692,0.39803220035778175,0.8285714285714286,0.3953488372093023,0.8917748917748918,0.37373737373737376,0.8218623481781376,0.38076923076923075,0.5512820512820513,0.7813267813267813,0.819000819000819,-0.03767403767403765,0.45691565749403945,-0.07174230117473995,0.5806971153846154,0.8913461538461539,0.26475849731663686,0.6377906976744185,0.5499553571428571,0.9161160714285713,0.22753322259136213,0.6993355481727574,0.5887445887445888,0.9653679653679653,0.17676767676767677,0.7121212121212122,0.5020242914979757,0.9311740890688259,0.1768269230769231,0.6730769230769231,0.14074074074074075,1.0,0.6266992816863587,0.9085022413570691,0.6371698080066457,0.93798426628716,-0.17857943512430097,0.10670572745227123,-0.08930702350043232,1.1603223051534703,0.7517441860465116,-0.20989266778295906,-0.8925353065644457,-0.8984691915909476,1.7163757697489406,26,14,6,-0.6893018844745904,-1.095768728654301,1.7163757697489406,0.4223305425936942,0.5260858872947303,0.8808994355317885
15,probe_matched,0.6480769230769231,0.5008944543828264,0.6017857142857143,0.5614617940199336,0.7792207792207793,0.5353535353535354,0.5668016194331984,0.46153846153846156,0.6538461538461539,0.7977067977067978,0.9017199017199017,-0.10401310401310393,0.046227482819797834,-0.12085144376140253,0.3681971153846154,0.7856249999999999,0.3121422182468694,0.7227862254025044,0.3053571428571429,0.7590178571428571,0.3454734219269103,0.7973837209302326,0.3938311688311688,0.9264069264069265,0.2222222222222222,0.8484848484848485,0.19838056680161945,0.7732793522267206,0.2843269230769231,0.7463461538461537,0.08718478260869565,1.0,0.5604460784313725,0.8828697463481516,0.677463186748901,0.9638217019263846,-0.23604029605263152,0.009346982415057388,-2.6960514631419117,3.5586880854471925,0.6430232558139535,0.2988640284610816,0.2937110857694988,-0.7278563800032157,2.3355830332890264,26,14,3,0.7015098911106823,-0.11408771957168479,2.3355830332890264,-0.07862432359827874,0.295931095655951,0.874
15,dom_regular,0.9990384615384615,0.723613595706619,1.0,0.6378737541528239,1.0,0.6818181818181818,1.0,0.7769230769230769,0.1794871794871795,0.9991809991809992,0.9991809991809992,0.0,0.3986162081731384,-0.05772087585676362,0.9326682692307693,1.0,0.4471824686940966,0.9069991055456171,0.9464285714285714,1.0,0.3438538205980066,0.8820598006644518,0.9090909090909091,1.0,0.3434343434343434,0.9546717171717171,0.9311740890688259,1.0,0.4076923076923077,0.9384615384615385,0.0,0.7169871794871795,0.9596901068541451,1.0,0.9321486928104575,1.0,-0.011437908496731989,0.04586540390111823,0.2832326295845321,0.5463483843238208,1.0,0.1744050342999804,-0.2439383039869214,0.20223466823521394,0.04224492034532827,26,14,11,-0.047303901141595404,-0.4405727068322474,0.04224492034532827,0.3886453015457619,0.4185580214278917,
15,dom_regular_verberase,0.9990384615384615,0.5760286225402504,1.0,0.4750830564784053,1.0,0.5858585858585859,0.9959514170040485,0.5538461538461539,0.24358974358974358,0.9246519246519247,0.5167895167895168,0.4078624078624079,0.43579346099903704,-0.017210728665379586,0.9268990384615385,1.0,0.3774597495527728,0.7818202146690518,0.9642857142857143,1.0,0.2740448504983389,0.7508720930232559,0.921969696969697,1.0,0.2777777777777778,0.8688131313131312,0.9271255060728745,1.0,0.3230769230769231,0.8424999999999998,0.0,0.8101594202898552,0.7834635609921008,0.9762594185094184,0.3248227462660029,0.6833506142588613,0.23808600959763743,0.5314288175218407,0.306945761765739,0.6033295508723221,1.0,0.07575043699642595,-0.31099978748852775,0.09505154407937999,0.050278906540735496,26,14,11,-0.10038614899301176,-0.5216134259840437,0.050278906540735496,0.4482578967057824,0.4108645895855464,
15,dom_regular_rank2,0.9961538461538462,0.33899821109123435,0.9982142857142857,0.26411960132890366,1.0,0.31313131313131315,0.9878542510121457,0.3230769230769231,0.48717948717948717,0.8509418509418509,0.5601965601965602,0.29074529074529076,0.511843806300367,-0.05053303457388495,0.9192307692307692,1.0,0.19586314847942757,0.5554785330948122,0.9482142857142857,1.0,0.13617109634551497,0.521594684385382,0.9393939393939394,1.0,0.11098484848484849,0.646590909090909,0.8785425101214575,1.0,0.1346153846153846,0.5961538461538461,0.07142857142857142,0.96,0.6625292899486448,0.9250042517006803,0.35790052033258557,0.7199149295923489,0.13922389232833304,0.4141723014888338,0.33426372004406163,0.7706819228423714,0.9883720930232558,-0.23287336034470396,-0.36624494349862297,-0.16011007844084746,-0.0012278291486255697,26,14,11,-0.12958219572865,-0.6029076912685959,-0.0012278291486255697,0.5071780226829511,0.5211753735351985,
16,adom_matched,0.7673076923076924,0.4257602862254025,0.7589285714285714,0.4584717607973422,0.8441558441558441,0.41414141414141414,0.680161943319838,0.4423076923076923,0.10256410256410256,0.8419328419328419,0.8976248976248976,-0.05569205569205571,0.592025349317541,-0.25771910138203064,0.5067067307692308,0.8807932692307692,0.23964669051878354,0.6887745974955276,0.4963839285714286,0.8892857142857142,0.2357142857142857,0.7126661129568106,0.554004329004329,0.9696969696969697,0.17676767676767677,0.797979797979798,0.33188259109311746,0.8907894736842104,0.20375000000000001,0.7076923076923077,0.0,0.8148148148148148,0.6027643298202509,0.922708123533708,0.6350312056026342,0.9562694871574964,-0.16917269736842097,0.060374307911750344,0.1423708869376095,1.8452939363875942,0.7197674418604652,-0.044300930568642406,-2.1332145916583554,-0.7357370599474532,-1.0685071458658104,26,14,3,-1.5297072934689615,-2.736721889847749,-1.0685071458658104,0.5340145178701119,0.7080470122123991,0.804
16,dom_matched,0.5538461538461539,0.6270125223613596,0.5125,0.6661129568106312,0.6233766233766234,0.7272727272727273,0.46558704453441296,0.5576923076923077,0.8333333333333334,0.7960687960687961,0.8329238329238329,-0.03685503685503677,0.5932651782665332,-0.3540521732383734,0.3605528846153846,0.7875961538461538,0.3827593917710197,0.7880813953488371,0.29281250000000003,0.7929464285714285,0.37703488372093025,0.8472176079734219,0.3463203463203463,0.9090909090909091,0.3333333333333333,0.9090909090909091,0.21862348178137653,0.7854251012145749,0.3189423076923077,0.7692307692307693,0.10234113712374582,1.0,0.6035135135135136,0.9001492970242969,0.6289616908188337,0.9258372056349873,-0.12751469336584464,0.05143278343278338,0.054439531754510634,2.512671954316776,0.6796511627906977,0.8494820885257564,1.6943859738464861,0.06857840403328352,2.5791763673317534,26,14,3,1.995316541898781,1.3934554057941912,2.5791763673317534,0.4561980864019821,0.8673993619956353,0.8800000000000001
16,probe_strat,0.8557692307692307,0.32647584973166366,0.8839285714285714,0.292358803986711,0.8961038961038961,0.31313131313131315,0.8744939271255061,0.31153846153846154,0.5128205128205128,0.7485667485667485,0.7747747747747747,-0.026208026208026203,0.9376641729453447,-0.05986731913340893,0.6028125,0.9307932692307692,0.19228533094812167,0.5823121645796064,0.5785714285714286,0.9482589285714285,0.15440199335548174,0.6179817275747509,0.5887445887445888,0.9783549783549783,0.12121212121212122,0.656691919191919,0.5424089068825911,0.9676113360323887,0.12307692307692308,0.6500961538461538,0.11463675213675216,1.0,0.5702485613810742,0.8567487714987715,0.4709074361931505,0.8902843647029693,-0.15717870804959444,0.20889503148377667,0.10062567894126798,2.1391163247857614,0.7337209302325581,-0.5610714104868527,-1.4514946532217363,-1.3372458688237643,2.2343179336512713,26,14,6,-1.7801310752511403,-1.1228582311923323,2.2343179336512713,0.977036422071128,0.8589196746937781,0.8398820076761254
16,probe_strat_noinit,0.825,0.37119856887298747,0.8303571428571429,0.37375415282392027,0.9134199134199135,0.32323232323232326,0.8421052631578947,0.31153846153846154,0.5641025641025641,0.7665847665847666,0.7125307125307125,0.05405405405405406,0.8538007460943463,-0.07540223972658161,0.5971153846153846,0.8932692307692308,0.24682468694096601,0.6190295169946332,0.5339285714285714,0.9089285714285714,0.22915282392026579,0.6678156146179403,0.5844155844155844,0.974025974025974,0.15656565656565657,0.7070707070707071,0.5060728744939271,0.9433198380566802,0.1576923076923077,0.6615384615384615,0.1111111111111111,1.0,0.6020506702681072,0.8790980151274269,0.5204076367389061,0.8886250498529724,-0.12076576754732897,0.19740964050174567,0.15147812846227063,1.8211532377338735,0.7447674418604651,-0.28584182449179546,-1.0408470094131932,-1.2085544532244432,1.988159344772519,26,14,6,-0.7941587546089627,-1.2875352642174236,1.988159344772519,0.8317113346061413,0.8979795690707559,0.8915114379084967
16,probe_matched,0.6336538461538461,0.5107334525939177,0.6,0.5415282392026578,0.7272727272727273,0.5757575757575758,0.5748987854251012,0.4653846153846154,0.7051282051282052,0.7870597870597871,0.8345618345618345,-0.04750204750204745,0.5324674813918651,-0.12408840981113739,0.35093749999999996,0.7730769230769231,0.33094812164579607,0.7352415026833632,0.3213839285714286,0.7661160714285714,0.34551495016611294,0.7774916943521594,0.3462121212121212,0.9004329004329005,0.24734848484848487,0.8787878787878788,0.23481781376518218,0.7814777327935222,0.2692307692307692,0.7346153846153847,0.15250000000000002,1.0,0.5733446726543676,0.8883472222222222,0.5773663632119514,0.9352458015681381,-0.189559918260108,0.10534096318428106,-1.3334134072194472,3.303576099400083,0.6406976744186047,0.38586915432986946,0.6543641936871957,-0.7811644890942334,2.863975028413561,26,14,3,1.270636942464561,0.038091444909830324,2.863975028413561,0.38113934314933423,0.8351237578769266,0.8620000000000001
16,dom_regular,0.9990384615384615,0.7119856887298748,1.0,0.6146179401993356,1.0,0.696969696969697,1.0,0.7461538461538462,0.19230769230769232,0.9991809991809992,0.9975429975429976,0.0016380016380016515,0.484027795450266,-0.0486329067296429,0.927860576923077,1.0,0.4552549194991055,0.9052772808586762,0.9553571428571429,1.0,0.3272425249169435,0.8704734219269104,0.8917748917748918,1.0,0.36363636363636365,0.959722222222222,0.9392712550607287,1.0,0.40375,0.9230769230769231,0.0,0.725,0.9629396680455192,1.0,0.931967054914071,1.0,-0.01160571366559049,0.04606839195654981,0.35504021723663803,0.6359613012124776,1.0,0.1750756689263563,-0.19912734438335727,0.18632811303859775,0.09101918564639866,26,14,11,-0.04800399052534793,-0.3502506982413666,0.09101918564639866,0.47536807839725653,0.5013472295562847,
16,dom_regular_verberase,1.0,0.5948121645796064,1.0,0.4833887043189369,1.0,0.6060606060606061,1.0,0.5769230769230769,0.2564102564102564,0.9180999180999181,0.5544635544635544,0.36363636363636365,0.5224769950399912,-0.006970281620780511,0.9422596153846153,1.0,0.39709302325581397,0.8078041144901609,0.9624553571428571,1.0,0.2889950166112957,0.7525332225913621,0.9262987012987014,1.0,0.3079545454545454,0.8787878787878788,0.951417004048583,1.0,0.3306730769230769,0.8385576923076923,0.0,0.8463786213786212,0.7952213014507422,0.9786273087180735,0.38804209131087253,0.7114026049509921,0.21361515485083854,0.5145009751212313,0.3952310047476298,0.6821493731892294,1.0,0.08407877243356046,-0.2981259986005628,0.09992792952780995,0.09650040738681646,26,14,11,-0.12351656013608937,-0.47273543706503623,0.09650040738681646,0.5404439727190731,0.4865430396818279,
16,dom_regular_rank2,0.9961538461538462,0.35152057245080504,0.9982142857142857,0.2724252491694352,1.0,0.35353535353535354,0.9878542510121457,0.3384615384615385,0.5,0.8591318591318591,0.5864045864045864,0.2727272727272727,0.6379861559865275,-0.03773560127951197,0.9259615384615385,1.0,0.21194096601073345,0.5619409660107333,0.9517857142857142,1.0,0.12956810631229235,0.506686046511628,0.935064935064935,1.0,0.12613636363636366,0.6616161616161617,0.8906882591093117,1.0,0.14615384615384616,0.5885576923076923,0.07142857142857142,0.9582880434782609,0.6641810178018576,0.9320570626697272,0.3906195073407775,0.7353220522575361,0.11588065150976332,0.39886980898010305,0.442630928312092,0.886939896667448,0.9912790697674418,-0.2141318722926803,-0.32958787224533165,-0.10610073463239927,0.027685925362973922,26,14,11,-0.15612248957957955,-0.5030532549110838,0.027685925362973922,0.6407215523554805,0.6325153632486218,
17,adom_matched,0.7567307692307692,0.4033989266547406,0.7392857142857143,0.43521594684385384,0.8441558441558441,0.41414141414141414,0.6720647773279352,0.4115384615384615,0.08974358974358974,0.8263718263718264,0.9000819000819,-0.07371007371007365,0.45394705387596745,-0.25476408935214856,0.49615384615384617,0.8759855769230769,0.2432021466905188,0.6815966010733453,0.46424107142857146,0.8821428571428571,0.24414451827242525,0.7259966777408637,0.5150432900432901,0.974025974025974,0.19696969696969696,0.8082070707070705,0.3197368421052632,0.8825910931174089,0.1845192307692308,0.719326923076923,0.0,0.8063461538461534,0.5641270994832042,0.918939393939394,0.6324873251748251,0.9591908475549028,-0.1961098039215686,0.03866542505159957,-0.14655829926417507,2.028093163700336,0.7,-0.15850463195523418,-2.529734898766425,-0.7772319407954787,-1.3558896970047722,26,14,3,-1.8277496893615044,-3.231720108171346,-1.3558896970047722,0.3604689557335785,0.6409032501607451,0.778
17,dom_matched,0.5153846153846153,0.6368515205724508,0.48214285714285715,0.6794019933554817,0.5757575757575758,0.7171717171717171,0.41700404858299595,0.5923076923076923,0.8461538461538461,0.7747747747747747,0.8312858312858313,-0.05651105651105659,0.42632630638413943,-0.3583222557104589,0.3384375,0.782764423076923,0.37385957066189623,0.7862701252236135,0.26424107142857145,0.7768303571428571,0.3935215946843854,0.8522009966777409,0.3202380952380952,0.9091991341991341,0.3332070707070707,0.9193181818181817,0.1862348178137652,0.7733805668016193,0.3038461538461538,0.7961538461538461,0.10625,1.0,0.5838678728070176,0.8818534313725489,0.6355166329431035,0.9305753722084368,-0.15266074785177222,0.047979258907864225,-0.23031726561399063,2.0560803968535835,0.6563953488372093,1.0126987251390793,2.194877961688832,0.15950283046885994,3.2611764086204307,26,14,3,2.485454168129551,1.9043017552481134,3.2611764086204307,0.23998724271806532,0.7990044337162874,0.842
17,probe_strat,0.8355769230769231,0.34615384615384615,0.8553571428571428,0.3289036544850498,0.8961038961038961,0.31313131313131315,0.8380566801619433,0.34615384615384615,0.5128205128205128,0.7027027027027027,0.8230958230958231,-0.12039312039312033,0.527873798804417,-0.05026692338840105,0.5884134615384615,0.9134615384615384,0.19946332737030412,0.5608676207513416,0.5553571428571429,0.9267857142857143,0.19102990033222592,0.6163205980066445,0.5713203463203463,0.9784632034632034,0.10101010101010101,0.6515151515151515,0.48957489878542515,0.9474696356275302,0.13846153846153847,0.6347115384615384,0.10714285714285714,1.0,0.5429855295926724,0.8403663518675722,0.5764361021952936,0.9317708838473641,-0.23264325488590198,0.0950147058823529,-0.5059060884035412,2.019521162800405,0.7186046511627907,-0.46678145897951884,-1.5342751841749753,-1.2772278551324965,2.505644079437029,26,14,6,-1.6333738642114215,-1.4351765041385292,2.505644079437029,0.5276717446520014,0.5282779071092485,0.7684273578391225
17,probe_strat_noinit,0.8144230769230769,0.3425760286225403,0.7982142857142858,0.3803986710963455,0.9090909090909091,0.25252525252525254,0.805668016194332,0.31153846153846154,0.5256410256410257,0.7280917280917281,0.7936117936117936,-0.0655200655200655,0.5536395464247365,-0.06582547916315142,0.5711298076923077,0.8846153846153846,0.24233005366726298,0.5886404293381037,0.5320982142857142,0.8911607142857143,0.24086378737541528,0.6462209302325581,0.5886363636363637,0.9784632034632034,0.1311868686868687,0.646590909090909,0.47368421052631576,0.9231781376518218,0.15759615384615386,0.64625,0.13931623931623932,1.0,0.5898645637616226,0.8689875169727144,0.6097350714886459,0.9149441666361939,-0.17928158738191632,0.11317422769035662,-0.28333849954064083,1.5147625068680501,0.7343023255813953,-0.41575094964927645,-1.4024673936586176,-1.2882982529766067,1.7578323997041603,26,14,6,-0.918124879618841,-1.8868099076983942,1.7578323997041603,0.4722288476736384,0.7164609439269326,0.883063845931493
17,probe_matched,0.6086538461538461,0.5134168157423972,0.5589285714285714,0.5714285714285714,0.6753246753246753,0.5707070707070707,0.5587044534412956,0.47692307692307695,0.6794871794871795,0.782964782964783,0.8787878787878788,-0.09582309582309578,0.17907169378960164,-0.10679589941652014,0.3451442307692308,0.7519471153846153,0.3372093023255814,0.7272584973166368,0.30174107142857143,0.728705357142857,0.36702657807308975,0.7840531561461794,0.3246753246753247,0.8744588744588745,0.25744949494949493,0.8585858585858586,0.21862348178137653,0.7450404858299594,0.25375,0.7385576923076923,0.15384615384615385,1.0,0.5645362106759165,0.8875074221949222,0.6509299074558748,0.9504109813613598,-0.252469203141783,0.04580718143336729,-4.070567013605179,4.5096865622964994,0.611046511627907,0.42718779148124025,0.512094296936248,-1.0231493939954899,3.6696819182419,26,14,3,0.9081248739207312,0.11606371995176473,3.6696819182419,-0.12217068021785464,0.7815564418045143,0.8119999999999999
17,dom_regular,0.9961538461538462,0.6681574239713775,0.9982142857142857,0.5631229235880398,0.9956709956709957,0.6262626262626263,1.0,0.6884615384615385,0.16666666666666666,0.9975429975429976,0.990990990990991,0.006552006552006606,0.462855785675304,-0.06264624679141761,0.9124759615384616,1.0,0.4184257602862254,0.8918381037567084,0.9285267857142857,1.0,0.30394518272425247,0.8804401993355482,0.8786796536796537,1.0,0.2978535353535353,0.9395202020202019,0.9230769230769231,1.0,0.36153846153846153,0.9116346153846153,0.0,0.7030185185185176,0.930508064516129,1.0,0.8929613377609109,1.0,-0.021536498708010363,0.06868064787433187,0.32930350763334926,0.6357084986854624,1.0,0.14948772326509968,-0.3211867006708259,0.15698880006390284,-0.02124633172238566,26,14,11,-0.1410092656303063,-0.5013641357113455,-0.02124633172238566,0.4561991879444368,0.4761689811370385,
17,dom_regular_verberase,0.9980769230769231,0.5330948121645797,0.9964285714285714,0.4318936877076412,1.0,0.5303030303030303,1.0,0.5153846153846153,0.19230769230769232,0.9107289107289107,0.5454545454545454,0.3652743652743653,0.5304652436856174,-0.01137910877939565,0.9182451923076923,1.0,0.35147584973166374,0.7540921288014311,0.9357142857142857,1.0,0.24750830564784054,0.717607973421927,0.9090909090909091,1.0,0.25757575757575757,0.8333333333333334,0.9271255060728745,1.0,0.27307692307692305,0.7730769230769231,0.0,0.685546296296296,0.7741810299388573,0.967217534776017,0.37844424701761764,0.7004891645988419,0.1968737836325598,0.5049342105263158,0.37636158922668866,0.71196558725469,0.9976744186046511,0.03492722621618904,-0.47810547767513134,0.05650990869748417,-0.0665827053676399,26,14,11,-0.24738296717973607,-0.7088279881705266,-0.0665827053676399,0.5642176421668507,0.4629604467231513,
17,dom_regular_rank2,0.9913461538461539,0.334525939177102,0.9964285714285714,0.26744186046511625,1.0,0.32323232323232326,0.979757085020243,0.31153846153846154,0.38461538461538464,0.8345618345618345,0.5986895986895987,0.23587223587223582,0.6501662173982922,-0.05109966103705241,0.9038221153846154,1.0,0.19856887298747763,0.5635286225402505,0.9178124999999999,1.0,0.13122923588039867,0.5134551495016609,0.922077922077922,1.0,0.12613636363636366,0.6666666666666666,0.854251012145749,1.0,0.11153846153846154,0.5653846153846154,0.03571428571428571,0.8947916666666667,0.6510933159504588,0.9264488456672991,0.3970063136672326,0.7534720138686257,0.0933450579046966,0.3675998935758514,0.43430161123922506,0.9463485079877886,0.9819767441860465,-0.26956709078312213,-0.5568865376633796,-0.1660482796343629,-0.1690041225209073,26,14,11,-0.2980229860318762,-0.8157500892948829,-0.1690041225209073,0.669981815035413,0.6105350221240504,
18,adom_matched,0.7490384615384615,0.42397137745974955,0.7392857142857143,0.45348837209302323,0.8138528138528138,0.4494949494949495,0.6720647773279352,0.41923076923076924,0.07692307692307693,0.8656838656838657,0.9336609336609336,-0.06797706797706793,0.39546216727280176,-0.2620639674290301,0.4942067307692308,0.8673076923076923,0.25308586762075136,0.6807021466905188,0.4695982142857143,0.8803571428571428,0.26411960132890366,0.7259136212624585,0.5021645021645021,0.961038961038961,0.1919191919191919,0.8282828282828283,0.32388663967611336,0.8825910931174089,0.20384615384615384,0.6924038461538461,0.0,0.7962962962962963,0.5929353097116256,0.9355361751513052,0.6579709664209664,0.9739447529186805,-0.1985280546897761,0.035841874628639324,-0.23280690297055612,1.7728006075325153,0.6953488372093023,-0.11847731871506884,-2.662890552676039,-0.7255271512331894,-1.6107752764896797,26,14,3,-1.9941916582759418,-3.3315894470761367,-1.6107752764896797,0.2663634324343215,0.6536596369497623,0.76
18,dom_matched,0.5096153846153846,0.6511627906976745,0.475,0.6926910299003323,0.5670995670995671,0.7575757575757576,0.41295546558704455,0.5923076923076923,0.8589743589743589,0.8116298116298116,0.877968877968878,-0.06633906633906639,0.30142804278072166,-0.36256914165948045,0.33649038461538466,0.7673076923076924,0.38638193202146687,0.782669946332737,0.2803125,0.75,0.4035714285714286,0.8322674418604651,0.2987012987012987,0.8701298701298701,0.3333333333333333,0.8991161616161615,0.2145748987854251,0.757085020242915,0.3076923076923077,0.7961538461538461,0.059888888888888894,1.0,0.6020914865946378,0.9025468585468586,0.6938320045462902,0.9559513292158969,-0.1761786600496278,0.007613994925135679,-0.4929378680934104,1.709943127062578,0.6563953488372093,1.0880739253199914,2.2795936466640994,0.23297290636577364,3.268393327241541,26,14,3,2.5352545567927143,2.023932736535484,3.268393327241541,0.06559772288067975,0.7730886825808057,0.8320000000000001
18,probe_strat,0.8144230769230769,0.3747763864042934,0.8089285714285714,0.3920265780730897,0.8484848484848485,0.32323232323232326,0.7894736842105263,0.4115384615384615,0.5769230769230769,0.7018837018837019,0.7665847665847666,-0.06470106470106474,0.21558986319854556,-0.04417415451543785,0.5778605769230769,0.9076923076923077,0.2173076923076923,0.5878130590339892,0.5178571428571429,0.9142857142857143,0.23251661129568107,0.6412790697674418,0.5410173160173161,0.9741341991341991,0.10593434343434345,0.6212121212121212,0.43309716599190284,0.9312753036437246,0.18461538461538463,0.6923076923076923,0.15384615384615385,1.0,0.5322639912639913,0.8337636136023233,0.5524471899224807,0.9148239148239148,-0.19412816527102242,0.10405405405405405,-1.106562819906138,0.9693055026916501,0.727906976744186,-0.36112392352569944,-1.0406404148200323,-1.1264437121498048,3.004963370767595,26,14,6,-1.3921437000282961,-0.6891371296117687,3.004963370767595,0.18887898845552065,0.2690116126845954,0.7663236097059627
18,probe_strat_noinit,0.7913461538461538,0.3667262969588551,0.7607142857142857,0.4069767441860465,0.8874458874458875,0.2676767676767677,0.7530364372469636,0.3730769230769231,0.5641025641025641,0.714987714987715,0.7624897624897625,-0.04750204750204756,0.2456459832316585,-0.05829578482566496,0.562451923076923,0.8817307692307692,0.2593470483005367,0.6028622540250447,0.4820535714285714,0.8767857142857143,0.26241694352159467,0.6728405315614617,0.5668831168831169,0.9696969696969697,0.11616161616161616,0.6313131313131313,0.41700404858299595,0.8947368421052632,0.22692307692307692,0.7038461538461539,0.17600000000000002,1.0,0.5722635030670745,0.8742470874128788,0.5759303721488594,0.9001288721876957,-0.16178349780701745,0.11358056028949581,-0.6098842399331378,1.0213970932182614,0.7377906976744186,-0.3219983668980773,-1.0098060691767214,-1.2720112162462103,2.260193451169625,26,14,6,-0.7546585863965056,-1.2649535519569375,2.260193451169625,0.15804186142769333,0.42085422683958884,0.8692743612596553
18,probe_matched,0.5990384615384615,0.5223613595706619,0.5285714285714286,0.5946843853820598,0.645021645021645,0.5606060606060606,0.5506072874493927,0.5038461538461538,0.7051282051282052,0.8124488124488124,0.9058149058149059,-0.09336609336609347,-0.007064507014350586,-0.09228464711956634,0.34322115384615387,0.7336778846153845,0.3559704830053667,0.7246198568872986,0.260625,0.7179017857142856,0.38035714285714284,0.7924003322259137,0.30303030303030304,0.8485930735930736,0.25252525252525254,0.853661616161616,0.21052631578947367,0.7692307692307693,0.2960576923076923,0.7615384615384615,0.14814814814814814,1.0,0.6093507611889966,0.9028571428571428,0.7173125697319246,0.9720600328947369,-0.2412070859683123,0.018511295529798476,-4.930727771202775,3.203981924611582,0.6122093023255814,0.5941425541186368,0.7204214172628514,-0.8913284281380028,3.948662215623628,26,14,3,0.9150316936446642,0.5258111408810386,3.948662215623628,-0.3940401959143139,0.766886870785576,0.7939999999999999
18,dom_regular,0.9932692307692308,0.6940966010733453,1.0,0.6013289036544851,0.9913419913419913,0.6515151515151515,1.0,0.7307692307692307,0.1282051282051282,0.9959049959049959,0.9934479934479934,0.002457002457002533,0.4452915580294899,-0.06720278186458653,0.8971153846153846,1.0,0.4167933810375671,0.9034212880143113,0.9284821428571429,1.0,0.3073089700996678,0.872093023255814,0.8613636363636364,1.0,0.3231060606060606,0.9545454545454546,0.8704453441295547,1.0,0.38076923076923075,0.9307692307692308,0.0,0.6666666666666666,0.9257103863878058,1.0,0.9004081632653061,1.0,-0.03081294727946203,0.061155935242314025,0.30276172750034636,0.6231251979563976,1.0,0.16565939660382428,-0.39783785837441404,0.16697545911293632,-0.08595436531758208,26,14,11,-0.22773202161783432,-0.5679436951309937,-0.08595436531758208,0.4379218911506862,0.46003089178709755,
18,dom_regular_verberase,0.9951923076923077,0.5429338103756708,0.9964285714285714,0.44518272425249167,0.9956709956709957,0.5303030303030303,0.9959514170040485,0.5230769230769231,0.16666666666666666,0.9213759213759214,0.5389025389025389,0.3824733824733825,0.5167023636368157,-0.005791705163385163,0.9067307692307692,1.0,0.35507602862254023,0.76216457960644,0.9320982142857143,1.0,0.2474667774086379,0.7110049833887043,0.8787878787878788,1.0,0.27260101010101007,0.8484848484848485,0.9190283400809717,1.0,0.29221153846153847,0.7655769230769228,0.0,0.6666666666666666,0.7785539215686275,0.9773044471526271,0.36246527777777776,0.7022369431643625,0.2084264616522682,0.5151547157622739,0.3614312468504139,0.700093612507584,0.9953488372093023,0.03089242272874763,-0.6015241231334608,0.056668734750450166,-0.11068805286799926,26,14,11,-0.38769271013994105,-0.8153555361269805,-0.11068805286799926,0.5641359511387684,0.4218351886329102,
18,dom_regular_rank2,0.989423076923077,0.33094812164579607,0.9928571428571429,0.2591362126245847,1.0,0.3282828282828283,0.979757085020243,0.31153846153846154,0.28205128205128205,0.8337428337428338,0.5765765765765766,0.2571662571662572,0.6319204815340818,-0.05029894906711529,0.8874759615384615,1.0,0.20469588550983903,0.5644454382826475,0.8999553571428571,1.0,0.13617109634551497,0.5217192691029899,0.8874458874458875,1.0,0.11616161616161616,0.6719696969696968,0.8380566801619433,1.0,0.12692307692307692,0.6,0.01712962962962964,0.8501388888888888,0.6310309139784945,0.9151133786848072,0.3656964285714286,0.7372831632653061,0.0707824017199018,0.40328571428571425,0.42970749128840835,0.9541857242714179,0.9744186046511628,-0.28534720002515535,-0.7358225641005401,-0.17244786168214832,-0.23769680491874084,26,14,11,-0.5092336921766394,-0.9624114360244409,-0.23769680491874084,0.6540616658600062,0.5876381128822328,
19,adom_matched,0.7471153846153846,0.4257602862254025,0.7357142857142858,0.4485049833887043,0.8225108225108225,0.4444444444444444,0.6720647773279352,0.41923076923076924,0.07692307692307693,0.8558558558558559,0.9312039312039312,-0.0753480753480753,0.33187872371881855,-0.25392054262175656,0.49903846153846154,0.8721153846153846,0.24774150268336317,0.6789355992844364,0.46964285714285714,0.8767857142857143,0.26411960132890366,0.729235880398671,0.5021645021645021,0.9653679653679653,0.1717171717171717,0.7777777777777778,0.32793522267206476,0.8866396761133604,0.20375000000000001,0.7230769230769231,0.0,0.7865384615384619,0.5872264784946236,0.9338498840396374,0.6874757653061224,0.9768568548387097,-0.22379197379197377,0.027860471465122622,-0.34421623182445066,1.874066688818136,0.7,-0.13895049065110884,-2.865730579520757,-0.8368915218786751,-1.712490891925946,26,14,3,-2.1536244612833295,-3.5778366977581837,-1.712490891925946,0.20228709052097854,0.5910619901144983,0.7220000000000001
19,dom_matched,0.5038461538461538,0.6511627906976745,0.4589285714285714,0.6943521594684385,0.5757575757575758,0.7323232323232324,0.39271255060728744,0.6115384615384616,0.8589743589743589,0.7870597870597871,0.8787878787878788,-0.09172809172809171,0.15875509121199777,-0.3600726386061309,0.3144230769230769,0.7721153846153846,0.3962432915921288,0.7942978533094812,0.2732142857142857,0.7429017857142857,0.42500000000000004,0.8505398671096346,0.2812770562770563,0.8745670995670995,0.3383838383838384,0.8991161616161615,0.1861336032388664,0.7611336032388664,0.3423076923076923,0.8270192307692307,0.08333333333333333,1.0,0.6003194103194104,0.8848466524767801,0.6724817176870748,0.9525232843137255,-0.1887889123040521,0.01108418367346929,-1.1354237609737345,2.0751920640946717,0.6529069767441861,1.1392027971476715,2.325130138097016,0.207354199246332,3.3755778531450096,26,14,3,2.64311536142324,2.0071449147707927,3.3755778531450096,-0.07095750327176134,0.618180280179516,0.8019999999999999
19,probe_strat,0.7461538461538462,0.41771019677996424,0.7517857142857143,0.42358803986710963,0.7532467532467533,0.3787878787878788,0.7651821862348178,0.4846153846153846,0.5769230769230769,0.6912366912366913,0.7878787878787878,-0.09664209664209655,0.16247113054592152,-0.041215657305574326,0.5286778846153847,0.8711778846153846,0.25308586762075136,0.5966010733452594,0.4410267857142857,0.8839732142857142,0.24414451827242525,0.6860880398671096,0.4675324675324675,0.9438311688311688,0.1111111111111111,0.6364898989898988,0.38461538461538464,0.9150809716599189,0.23451923076923079,0.75,0.1111111111111111,1.0,0.5184070434070435,0.8247325037647618,0.5607197717796796,0.9034458652906233,-0.22552998070548666,0.06460202274155759,-1.508604963586857,1.5437002911703142,0.6941860465116279,-0.10642787150276253,-1.1361657089143382,-1.4300734482971944,3.226789086459291,26,14,6,-1.4010091198929988,-0.8713222979356777,3.226789086459291,0.17020748246698955,0.14699842670378538,0.8025588957941899
19,probe_strat_noinit,0.7634615384615384,0.4087656529516995,0.7535714285714286,0.4318936877076412,0.8311688311688312,0.3383838383838384,0.7206477732793523,0.4576923076923077,0.5769230769230769,0.7002457002457002,0.7731367731367731,-0.07289107289107288,0.19528411196308984,-0.055191737918319085,0.5086538461538461,0.8403846153846154,0.27906976744186046,0.6333855098389981,0.45352678571428573,0.8571428571428571,0.27570598006644514,0.6910299003322259,0.5107142857142858,0.9437229437229437,0.13636363636363635,0.6416666666666665,0.38461538461538464,0.858400809716599,0.24221153846153848,0.7424038461538461,0.17857142857142858,1.0,0.5492021346860056,0.8428023277287983,0.5865782145782146,0.9003313825530213,-0.20490214419100974,0.08419668031686353,-1.1064828607111654,1.0079232720942128,0.7005813953488372,-0.19831629357304376,-1.2560980388871887,-1.5156195868006845,2.3319072088774484,26,14,6,-0.9648164057368103,-1.5473796720375672,2.3319072088774484,0.1704847261106334,0.24488288366800265,0.8752881758764112
19,probe_matched,0.5480769230769231,0.5259391771019678,0.4767857142857143,0.5963455149501661,0.6017316017316018,0.51010101010101,0.48582995951417,0.573076923076923,0.6410256410256411,0.7641277641277642,0.8820638820638821,-0.11793611793611791,-0.410807578941596,-0.08958191668490725,0.3057692307692308,0.7086538461538462,0.35147584973166374,0.7290026833631484,0.22857142857142856,0.6982589285714285,0.3786960132890365,0.7990033222591362,0.2854978354978355,0.8225108225108225,0.23232323232323232,0.8181818181818182,0.17813765182186234,0.712651821862348,0.34615384615384615,0.8000961538461538,0.14814814814814814,1.0,0.5592341997934933,0.8775963808025177,0.7021733075127334,0.956717161680397,-0.27082154952622284,0.017878401360544135,-12.75078729026927,11.757498403326757,0.5656976744186046,0.9818310641707898,0.4145173117314859,-1.6556256780469358,4.959604722512192,26,14,3,1.0045916632799563,-0.17555703981698445,4.959604722512192,-0.75994278363101,0.2874628304372323,0.8320000000000001
19,dom_regular,0.9903846153846154,0.7772808586762076,0.9964285714285714,0.707641196013289,0.987012987012987,0.7323232323232324,1.0,0.8076923076923077,0.038461538461538464,0.9983619983619983,0.9991809991809992,-0.0008190008190008813,0.3866733446030097,-0.06933128429517205,0.8961538461538462,1.0,0.5169051878354204,0.9571109123434705,0.9160267857142856,1.0,0.4152823920265781,0.9518687707641196,0.8398268398268398,1.0,0.40404040404040403,0.9797979797979798,0.8946356275303644,1.0,0.48846153846153845,0.9807692307692307,0.0,0.3994871794871794,0.9702126398946676,1.0,0.9591832482993197,1.0,-0.01638170018104231,0.021409539473684236,0.2578182093648187,0.5355676507079329,1.0,0.26042530119808716,-0.4596527507824345,0.28376982556816577,-0.10273490552466102,26,14,11,-0.3268959952176806,-0.5924095063471884,-0.10273490552466102,0.38498857769805783,0.3900428784129139,
19,dom_regular_verberase,0.9903846153846154,0.5241502683363148,0.9928571428571429,0.43853820598006643,0.9913419913419913,0.5050505050505051,0.9959514170040485,0.5346153846153846,0.08974358974358974,0.9279279279279279,0.5184275184275184,0.40950040950040945,0.4873995267145752,-0.010640942569194853,0.9038461538461539,1.0,0.3371422182468694,0.7361359570661896,0.9142857142857143,1.0,0.2591362126245847,0.7093023255813954,0.8873376623376624,1.0,0.24722222222222226,0.8181818181818182,0.8906882591093117,1.0,0.3076923076923077,0.7884615384615384,0.0,0.5505555555555557,0.7795721837936184,0.9746314496314495,0.3366013071895425,0.6846927093773182,0.22828267973856214,0.5567889963654766,0.34111788675972565,0.6871888219034652,0.9936046511627907,0.019268357507288315,-0.7770904268919708,0.056009964165673685,-0.2511841311714068,26,14,11,-0.5928480073530792,-0.9613328464308625,-0.2511841311714068,0.5368453876451114,0.38850780485350284,
19,dom_regular_rank2,0.9846153846153847,0.3112701252236136,0.9892857142857143,0.2558139534883721,1.0,0.30303030303030304,0.979757085020243,0.3,0.19230769230769232,0.8271908271908271,0.6044226044226044,0.22276822276822272,0.6255797315558854,-0.06106047814913679,0.8769230769230769,1.0,0.1975402504472272,0.5644454382826475,0.8945982142857143,1.0,0.12458471760797342,0.5083056478405316,0.9003246753246754,1.0,0.10606060606060606,0.6616161616161617,0.8217611336032389,1.0,0.13826923076923078,0.573076923076923,0.0,0.8249999999999994,0.6249362244897959,0.9115479115479116,0.40031407724380075,0.7631151638286893,0.049306246888999504,0.36122031122031123,0.39528200754419623,0.9402210661724745,0.9691860465116279,-0.3202695937756419,-0.8948300942799297,-0.2311922193157486,-0.4815126568736338,26,14,11,-0.7014093013831956,-1.0882508871766636,-0.4815126568736338,0.6417947862346578,0.5931496221983411,
20,adom_matched,0.7663461538461539,0.4007155635062612,0.7607142857142857,0.4053156146179402,0.8528138528138528,0.4393939393939394,0.6963562753036437,0.39615384615384613,0.05128205128205128,0.8632268632268633,0.9459459459459459,-0.08271908271908268,0.3452155924079453,-0.2572899303581266,0.5134615384615384,0.8826923076923077,0.24141323792486583,0.6824910554561717,0.48031250000000003,0.8946428571428572,0.22259136212624583,0.7225913621262459,0.5151515151515151,0.9653679653679653,0.1715909090909091,0.7878787878787878,0.36022267206477737,0.8825910931174089,0.19605769230769232,0.6885576923076923,0.0,0.7951505016722408,0.5857723589435775,0.9338380376344086,0.7236329215896885,0.9754931850789096,-0.23180235194853135,0.020010204081632663,-0.3649103977346556,1.511633872854375,0.6976744186046512,-0.2454092689453326,-3.0257471594204333,-0.8654401537709498,-1.8145232390830623,26,14,3,-2.3640739701992723,-3.6874203486415946,-1.8145232390830623,0.2070962267502615,0.6214543237233128,0.712
20,dom_matched,0.5240384615384616,0.6323792486583184,0.48214285714285715,0.6694352159468439,0.5974025974025974,0.6767676767676768,0.4331983805668016,0.5923076923076923,0.8589743589743589,0.7960687960687961,0.8877968877968878,-0.09172809172809171,0.16412079029995885,-0.3597675544692584,0.3384615384615385,0.7702403846153846,0.4087432915921288,0.7790697674418605,0.2749553571428572,0.7714285714285715,0.4168604651162791,0.8389119601328904,0.3072510822510822,0.9005411255411255,0.32323232323232326,0.8738636363636362,0.21852226720647774,0.7571862348178137,0.34221153846153846,0.7961538461538461,0.07613960113960115,1.0,0.6024368951511809,0.8988867676102699,0.6829773186916044,0.9636120079220815,-0.19310227502911842,0.01598848286160558,-0.9437034254370702,1.6111860307794725,0.6691860465116279,1.0055285879633193,2.3145036617026267,0.22717927793364642,3.370182521592591,26,14,3,2.660788616197299,1.968218707207954,3.370182521592591,-0.046149222224664846,0.5846608153492062,0.8099999999999999
20,probe_strat,0.7990384615384616,0.36583184257602863,0.8,0.3654485049833887,0.8354978354978355,0.30303030303030304,0.7651821862348178,0.4423076923076923,0.6282051282051282,0.6601146601146601,0.7698607698607699,-0.10974610974610977,0.16529213182852984,-0.0483307986453006,0.5672836538461539,0.8885336538461537,0.2208855098389982,0.5751565295169947,0.5107142857142857,0.9142857142857143,0.21088039867109634,0.6265780730897007,0.5324675324675324,0.961038961038961,0.09090909090909091,0.5909090909090909,0.41700404858299595,0.9149797570850202,0.2076923076923077,0.7076923076923077,0.18518518518518517,1.0,0.49504523026315794,0.8000041118421053,0.5563611944777911,0.8937939402734778,-0.2345318627450981,0.06756977852537148,-1.2590624660921395,1.7153443874892162,0.6837209302325581,-0.30228429527904555,-0.9685215663764688,-1.4392069773798666,2.556084634881357,26,14,6,-1.1796434167762726,-0.757399715976665,2.556084634881357,0.17909341977105384,0.13768955594348192,0.8239386311445136
20,probe_strat_noinit,0.7817307692307692,0.3667262969588551,0.7732142857142857,0.3903654485049834,0.8787878787878788,0.25757575757575757,0.7165991902834008,0.4076923076923077,0.5897435897435898,0.6871416871416871,0.7846027846027847,-0.09746109746109755,0.1889096707268239,-0.06075163633394236,0.5499519230769231,0.8519471153846153,0.26028622540250446,0.5858676207513417,0.4963392857142857,0.8625892857142857,0.2541112956810631,0.6428571428571429,0.579978354978355,0.961038961038961,0.11603535353535355,0.6112373737373736,0.3684210526315789,0.8745951417004048,0.22692307692307692,0.7230769230769231,0.21428571428571427,0.9964285714285707,0.5374941134316135,0.8379934210526315,0.6003125537495699,0.9074720043470043,-0.21757236842105265,0.07321131410185468,-0.9382857127699521,1.051695256481383,0.6883720930232559,-0.3060122728392525,-1.0091332013140293,-1.4714433141186012,1.7956671589661228,26,14,6,-0.89098090822108,-1.1272854944069786,1.7956671589661228,0.1156681563287842,0.33539269952290346,0.8643568033273915
20,probe_matched,0.6153846153846154,0.47942754919499103,0.5553571428571429,0.5249169435215947,0.670995670995671,0.4292929292929293,0.5668016194331984,0.5461538461538461,0.7307692307692307,0.7117117117117117,0.8845208845208845,-0.17280917280917285,-0.322436850657399,-0.09461513248840513,0.3595673076923077,0.7481490384615384,0.32379248658318427,0.6959302325581395,0.30531250000000004,0.7214285714285714,0.3338455149501661,0.7509966777408636,0.33766233766233766,0.8442640692640692,0.18686868686868688,0.7676767676767676,0.22257085020242914,0.7530364372469636,0.3153846153846154,0.7769230769230769,0.14312169312169312,1.0,0.5235301996390705,0.8350504709254708,0.7174791666666667,0.9632445689193792,-0.32844556282047804,-0.03615787323701416,-8.186214054642297,9.075230968236518,0.5691860465116279,0.35866822051383224,0.45908179379319397,-1.28220696295889,3.4369654817450974,26,14,3,0.9752410704290908,-0.05707748284270291,3.4369654817450974,-0.6395256856825795,0.31174081939296205,0.8320000000000001
20,dom_regular,0.9903846153846154,0.778175313059034,0.9946428571428572,0.7242524916943521,0.9913419913419913,0.7323232323232324,1.0,0.7961538461538461,0.0641025641025641,0.9975429975429976,0.9991809991809992,-0.0016380016380016515,0.3603986711189694,-0.07556567163051071,0.8826682692307692,1.0,0.5321779964221824,0.9624552772808587,0.9089285714285714,1.0,0.4418189368770764,0.9568521594684386,0.8181818181818182,1.0,0.4090909090909091,0.9797979797979798,0.8825910931174089,1.0,0.4960576923076923,0.9807692307692307,0.0,0.3531746031746032,0.9704750204750204,1.0,0.960470984020185,1.0,-0.018020466118292243,0.026479921000658345,0.2303995460941793,0.5031070657659352,1.0,0.26931122403699403,-0.5150180866086163,0.27072063173910077,-0.09915658047258198,26,14,11,-0.3814291901470968,-0.6486069830701358,-0.09915658047258198,0.3589823276185299,0.3632313581198483,
20,dom_regular_verberase,0.989423076923077,0.535778175313059,0.9910714285714286,0.4568106312292359,0.9913419913419913,0.5252525252525253,0.9919028340080972,0.55,0.0641025641025641,0.9279279279279279,0.5102375102375102,0.4176904176904177,0.4657455443168966,-0.016267581407649622,0.9095913461538462,1.0,0.3550536672629696,0.7379472271914133,0.9231696428571429,1.0,0.23409468438538208,0.6993355481727574,0.8873376623376624,1.0,0.25252525252525254,0.8031565656565655,0.8866396761133604,1.0,0.2883653846153846,0.7769230769230769,0.0,0.506884057971014,0.7658991935483871,0.9722342845326716,0.3362524671052632,0.6891560856610199,0.22385620915032678,0.5487877952163666,0.3068751913980547,0.649047989787246,0.9930232558139535,0.021960448693872585,-0.8107240773629883,0.025873244733842338,-0.2809165131156231,26,14,11,-0.6132547964085522,-1.0081933583174245,-0.2809165131156231,0.5166514043599084,0.363933824230873,
20,dom_regular_rank2,0.9855769230769231,0.3103756708407871,0.9892857142857143,0.26245847176079734,1.0,0.29292929292929293,0.9838056680161943,0.2923076923076923,0.19230769230769232,0.8337428337428338,0.5741195741195741,0.2596232596232596,0.5892840495554851,-0.06535298717399884,0.885576923076923,0.9980769230769231,0.19409660107334525,0.5554785330948122,0.8945982142857143,1.0,0.1361295681063123,0.52828073089701,0.9047619047619048,1.0,0.10606060606060606,0.6162878787878786,0.8299595141700404,1.0,0.11923076923076924,0.5538461538461539,0.012371794871794881,0.7953846153846155,0.6274579248366012,0.9118499891357035,0.3708559160765043,0.7502355420960072,0.07777534965034967,0.3782696078431373,0.38608353204011153,0.8768594949070616,0.9697674418604652,-0.30704146816431566,-0.9341725177694902,-0.21528242972005618,-0.4182570573799735,26,14,11,-0.7849479163927474,-1.0833971191462328,-0.4182570573799735,0.6156053691977481,0.5366414102709587,
21,adom_matched,0.7682692307692308,0.39177101967799643,0.7553571428571428,0.4003322259136213,0.8744588744588745,0.43434343434343436,0.6842105263157895,0.3730769230769231,0.07692307692307693,0.8394758394758395,0.9393939393939394,-0.09991809991809997,0.31244669201120806,-0.2572281665911256,0.530625,0.8760096153846153,0.22712432915921288,0.6618962432915921,0.4767410714285715,0.8839285714285714,0.22250830564784052,0.7110049833887043,0.5021645021645021,0.9741341991341991,0.16161616161616163,0.75770202020202,0.3723684210526316,0.8705465587044533,0.1691346153846154,0.7,0.0,0.8205815018315017,0.5584446574217146,0.9134191176470587,0.6758167517006802,0.9771517857142856,-0.24412209797924087,0.02749999999999997,-0.5330873364953367,2.0749122628751575,0.6866279069767441,-0.37941782663018425,-3.2848306876772453,-1.0277520906852577,-1.9687338097283775,26,14,3,-2.612729376687976,-3.956931998666515,-1.9687338097283775,0.16027261082179697,0.6167948543900303,0.6920000000000001
21,dom_matched,0.5423076923076923,0.6198568872987478,0.5017857142857143,0.6627906976744186,0.5974025974025974,0.6767676767676768,0.4777327935222672,0.5807692307692308,0.8717948717948718,0.764946764946765,0.8591318591318591,-0.09418509418509413,0.06879414022563062,-0.34361422645788364,0.37204326923076925,0.7933653846153845,0.36583184257602863,0.7648255813953487,0.3088839285714286,0.7857589285714285,0.3754152823920266,0.8205980066445183,0.3116883116883117,0.9264069264069265,0.27260101010101007,0.8737373737373737,0.22267206477732793,0.8057692307692307,0.29211538461538467,0.8000961538461538,0.08974358974358974,1.0,0.5642661610403545,0.8755357735403315,0.6421297301746272,0.9510248814165865,-0.21264457767402378,0.03189330632997613,-0.9403630833853782,1.1607335222467021,0.6662790697674419,0.9478960682852433,2.375050648706178,0.12123408079832876,3.5263452106878024,26,14,3,2.7259436138121553,2.0241576836002007,3.5263452106878024,-0.11673520262593343,0.43985282592875874,0.8099999999999999
21,probe_strat,0.8163461538461538,0.3425760286225403,0.8321428571428572,0.33554817275747506,0.8398268398268398,0.2878787878787879,0.8016194331983806,0.38461538461538464,0.6282051282051282,0.6642096642096642,0.7338247338247338,-0.06961506961506958,-0.07331100372299248,-0.0414932348964916,0.5874278846153846,0.9125,0.19946332737030412,0.5474284436493739,0.5463839285714285,0.9268303571428571,0.17271594684385383,0.5980481727574751,0.554004329004329,0.9826839826839827,0.05555555555555555,0.596212121212121,0.48168016194331986,0.9352226720647774,0.17692307692307693,0.6733653846153844,0.20296296296296296,1.0,0.49583333333333335,0.8092457765251883,0.5032475490196079,0.8750025510204081,-0.2200459860549662,0.13237331533109523,-1.8708159845127164,0.7051774654310159,0.6901162790697675,-0.5390302585735666,-1.2418198968939094,-1.4914055743948162,2.1285218334033025,26,14,6,-1.4053659615094976,-1.0782738322783214,2.1285218334033025,-0.1021317457466002,-0.015669519675777056,0.8276519969167028
21,probe_strat_noinit,0.8038461538461539,0.3372093023255814,0.7892857142857143,0.34551495016611294,0.8831168831168831,0.25757575757575757,0.7530364372469636,0.35384615384615387,0.5897435897435898,0.7002457002457002,0.7207207207207207,-0.020475020475020478,-0.08510473952045573,-0.05703565030785411,0.5662019230769231,0.8875721153846152,0.22271914132379247,0.5716010733452593,0.5339285714285714,0.889330357142857,0.20926079734219272,0.6063538205980067,0.5670995670995671,0.9654761904761904,0.08585858585858586,0.5959595959595959,0.43309716599190284,0.8987854251012146,0.20384615384615384,0.6847115384615384,0.1499537037037037,1.0,0.5282435844935844,0.8292722589035615,0.5353566215282313,0.8690834473324214,-0.1801211966302427,0.12749741669802128,-1.9367213004463868,0.654792919925991,0.6982558139534883,-0.48196112172414535,-1.1717287020262304,-1.6181294276686415,1.569104818380743,26,14,6,-1.0978657884224048,-1.2455916156300557,1.569104818380743,-0.17668629444833053,0.0980583703352937,0.8553431372549021
21,probe_matched,0.6423076923076924,0.46869409660107336,0.5892857142857143,0.5182724252491694,0.696969696969697,0.4444444444444444,0.6072874493927125,0.5,0.6025641025641025,0.719082719082719,0.8837018837018837,-0.1646191646191647,-0.617666238278553,-0.09125617081190564,0.37110576923076927,0.7721153846153846,0.3103309481216458,0.6833631484794276,0.3125,0.7553571428571428,0.3388704318936877,0.7475083056478405,0.33744588744588744,0.8614718614718615,0.19696969696969696,0.7780303030303028,0.25101214574898784,0.7975708502024291,0.28846153846153844,0.7653846153846153,0.14285714285714285,1.0,0.5240689218615485,0.8380113274617996,0.7244375,0.9631619463014811,-0.33837375930521096,-0.021484698097601323,-13.986513708721949,12.748066303146,0.5854651162790697,0.24953640118922377,-0.20158624142452022,-1.3756543375147718,2.3677408717339334,26,14,3,-0.009800712500250674,-0.3933717703487898,2.3677408717339334,-0.9667733276767827,0.08054794051790612,0.8039999999999999
21,dom_regular,0.989423076923077,0.7737030411449016,0.9928571428571429,0.7259136212624585,0.9913419913419913,0.7222222222222222,1.0,0.8038461538461539,0.0641025641025641,0.9991809991809992,0.9991809991809992,0.0,0.3547219587746577,-0.08267392369290374,0.8797836538461539,1.0,0.49818872987477636,0.9552772808586762,0.8821428571428571,1.0,0.4367940199335548,0.948546511627907,0.8441558441558441,1.0,0.3736111111111111,0.9646464646464646,0.8421052631578947,1.0,0.48451923076923076,0.9770192307692307,0.0,0.30881944444444404,0.957499574829932,1.0,0.9397049582908548,1.0,-0.018777047919905067,0.035570276497695855,0.21488243870356086,0.5333043940488154,1.0,0.26205933464848397,-0.5611446913191966,0.29570298799888955,-0.11727685361910872,26,14,11,-0.43256613495424456,-0.6897232476841488,-0.11727685361910872,0.3528018524889657,0.35856217134604124,
21,dom_regular_verberase,0.9875,0.5411449016100179,0.9910714285714286,0.46677740863787376,0.9913419913419913,0.5303030303030303,0.9919028340080972,0.5461538461538461,0.0641025641025641,0.9180999180999181,0.5167895167895168,0.4013104013104013,0.47364625355040374,-0.026249251341203633,0.9,1.0,0.345237030411449,0.7639311270125223,0.8964285714285715,1.0,0.2558139534883721,0.7375830564784053,0.9004329004329005,1.0,0.24734848484848487,0.8181818181818182,0.8622469635627531,1.0,0.28451923076923075,0.7808653846153846,0.0,0.4806712962962963,0.7493855969662422,0.9705798389015536,0.3308045908130013,0.6760401282223415,0.2268617113512071,0.5425035067959795,0.3106569502926278,0.670758855635167,0.9936046511627907,0.020573616355623752,-0.8470231125090255,0.05764759333973205,-0.35830452718188277,26,14,11,-0.6477845048575549,-1.0462617201604962,-0.35830452718188277,0.5162019923485552,0.38853477595410074,
21,dom_regular_rank2,0.9826923076923076,0.3291592128801431,0.9857142857142858,0.2840531561461794,1.0,0.30303030303030304,0.9838056680161943,0.3230769230769231,0.1794871794871795,0.8255528255528255,0.5954135954135954,0.2301392301392301,0.610099838950641,-0.07359392079109457,0.8671875,0.9990384615384615,0.19586314847942757,0.5617173524150268,0.8534821428571429,1.0,0.13122923588039867,0.5448920265780731,0.8961038961038961,1.0,0.11098484848484849,0.646590909090909,0.7974696356275304,1.0,0.12307692307692308,0.59625,0.014409141583054631,0.8518518518518519,0.6135383545310016,0.9024021822408919,0.3978349673202614,0.7502421484564341,0.06368010752688166,0.35459694319988433,0.3830372263174258,0.8920724608292033,0.9674418604651163,-0.30850368311721527,-0.9532904927679962,-0.1615431157916909,-0.4283326448014032,26,14,11,-0.8099027181105778,-1.0966782674254145,-0.4283326448014032,0.6281697809139318,0.5739599550240594,
22,adom_matched,0.7576923076923077,0.4016100178890877,0.75,0.4003322259136213,0.8658008658008658,0.4444444444444444,0.6518218623481782,0.39615384615384613,0.0641025641025641,0.8353808353808354,0.941031941031941,-0.10565110565110558,0.22528392423996452,-0.26667858437153424,0.5268990384615385,0.8827163461538461,0.23611359570661897,0.6531529516994631,0.5178571428571429,0.8946428571428572,0.22084717607973423,0.6894933554817275,0.5541125541125541,0.9783549783549783,0.16161616161616163,0.7727272727272727,0.3562753036437247,0.858400809716599,0.18836538461538463,0.6961538461538461,0.0,0.7012962962962963,0.5879756696829868,0.9242231912144703,0.7106602186711523,0.9812266189370484,-0.24358138218432338,0.005182084833247656,-0.7542604508483342,1.7679458333895361,0.6843023255813954,-0.27549814002665896,-3.2419532325746383,-0.9513405777499381,-1.925187268958151,26,14,3,-2.663920809967896,-3.819985655181381,-1.925187268958151,0.05272364348099019,0.5704044857579131,0.692
22,dom_matched,0.5567307692307693,0.6153846153846154,0.5232142857142857,0.6495016611295681,0.6190476190476191,0.6616161616161617,0.46963562753036436,0.5807692307692308,0.8333333333333334,0.764946764946765,0.8804258804258804,-0.11547911547911549,0.011569726755543994,-0.3606387761251785,0.3537740384615385,0.7827403846153845,0.3631261180679785,0.7656976744186046,0.30178571428571427,0.7732589285714285,0.3868770764119601,0.8256229235880399,0.31158008658008657,0.9090909090909091,0.3282828282828283,0.8787878787878788,0.2347165991902834,0.773481781376518,0.33451923076923074,0.7961538461538461,0.06366666666666668,1.0,0.5869204785362421,0.884046052631579,0.6907563447534377,0.954266030736619,-0.21078765873595098,-0.0007814010472610694,-1.3733759924966058,1.0705623913663407,0.675,0.8770091536274677,1.6901088323605167,0.025580435115774236,2.898260210651919,26,14,3,2.0095960051022765,1.3706216596187568,2.898260210651919,-0.2040643130447731,0.4428378063561781,0.8019999999999999
22,probe_strat,0.8211538461538461,0.3881932021466905,0.8517857142857143,0.36710963455149503,0.8008658008658008,0.3838383838383838,0.8502024291497976,0.4115384615384615,0.5256410256410257,0.6715806715806716,0.7436527436527437,-0.07207207207207211,0.12342483770562743,-0.043401507839459764,0.5922596153846154,0.9086778846153846,0.22180232558139537,0.5724955277280858,0.5428571428571428,0.9339285714285714,0.19933554817275748,0.6013289036544851,0.5108225108225108,0.9523809523809523,0.12626262626262627,0.6616161616161617,0.4817813765182186,0.9433198380566802,0.19230769230769232,0.7038461538461539,0.142989417989418,1.0,0.4782120275646491,0.7928284151498437,0.5458622448979592,0.8738816021904257,-0.24032617426560585,0.07978204542760456,-1.048620707530111,0.95884095092644,0.733139534883721,-0.24245255309444227,-1.1113970889090965,-1.153374875389816,2.128616822237597,26,14,6,-1.2373777098126084,-0.9854164680055845,2.128616822237597,0.0983950063885746,0.17348450033973312,0.8124467448732154
22,probe_strat_noinit,0.7980769230769231,0.37835420393559926,0.8160714285714286,0.37209302325581395,0.8268398268398268,0.3434343434343434,0.8016194331983806,0.38846153846153847,0.5641025641025641,0.7084357084357085,0.723996723996724,-0.015561015561015523,0.1985778912896245,-0.057199836734538434,0.5615144230769231,0.8760576923076923,0.2459525939177102,0.6019901610017889,0.5392410714285714,0.9017857142857143,0.23916112956810634,0.6079734219269103,0.5497835497835498,0.9567099567099567,0.1414141414141414,0.6414141414141414,0.44929149797570855,0.9109311740890689,0.21528846153846157,0.7115384615384616,0.15170940170940173,0.9642857142857143,0.522203947368421,0.8321355446355446,0.5616745165470495,0.8733571428571428,-0.20020557108461548,0.10156821942536233,-0.996323929522139,0.8901260330565046,0.7145348837209302,-0.21287365380476997,-0.9942291441821736,-1.2993219082173664,1.5880028017696863,26,14,6,-0.9197178972902001,-1.0687403910741469,1.5880028017696863,0.12028370174164418,0.35516627038558524,0.8487455436720144
22,probe_matched,0.6451923076923077,0.47227191413237923,0.6142857142857143,0.49667774086378735,0.6753246753246753,0.4494949494949495,0.6153846153846154,0.5153846153846153,0.5897435897435898,0.723996723996724,0.8812448812448812,-0.15724815724815722,-0.41719063079166996,-0.1020977377739147,0.36632211538461534,0.7702403846153846,0.31927549194991056,0.6959078711985689,0.3195535714285714,0.7785714285714286,0.3073089700996678,0.7508305647840532,0.3333333333333333,0.8614718614718615,0.18674242424242427,0.7929292929292929,0.230668016194332,0.7813765182186235,0.3153846153846154,0.7615384615384615,0.11090277777777778,0.9629629629629629,0.5277573529411765,0.8526208026208025,0.7154490131578948,0.9656096437346438,-0.3169699306796081,-0.02202430910329388,-8.753337724133104,8.420893780108408,0.5918604651162791,0.26276416096383926,-0.31392275344758447,-1.4365055940607903,1.8446893162733164,26,14,3,-0.24808023451548344,-0.37976527237968555,1.8446893162733164,-0.6902966961523764,0.12902149992974327,0.812
22,dom_regular,0.9903846153846154,0.7862254025044723,0.9928571428571429,0.7275747508305648,0.9956709956709957,0.7474747474747475,1.0,0.8,0.0641025641025641,0.9975429975429976,0.9983619983619983,-0.0008190008190007703,0.36664260739792603,-0.08004456265500631,0.8787980769230769,1.0,0.5134168157423972,0.960644007155635,0.8963839285714286,1.0,0.43849667774086376,0.9502906976744185,0.8483766233766235,1.0,0.41919191919191917,0.9748737373737372,0.8461538461538461,1.0,0.4806730769230769,0.9769230769230769,0.0,0.5,0.955879643011996,1.0,0.9536302071584329,1.0,-0.024508333190298895,0.023026315789473673,0.23457455599667112,0.535410972909169,1.0,0.27144202159750674,-0.49268017519969,0.30635548110867367,-0.03103233822292612,26,14,11,-0.3757928851283843,-0.6095674652709956,-0.03103233822292612,0.36412514290524783,0.3716775363832822,
22,dom_regular_verberase,0.9884615384615385,0.5796064400715564,0.9910714285714286,0.5033222591362126,0.9956709956709957,0.5707070707070707,0.9919028340080972,0.573076923076923,0.08974358974358974,0.9254709254709255,0.5307125307125307,0.3947583947583948,0.49202519472605755,-0.022820100326144198,0.9009134615384615,1.0,0.3613595706618962,0.7970930232558138,0.8927678571428572,1.0,0.2491279069767442,0.7874169435215947,0.9003246753246754,1.0,0.26755050505050504,0.8484848484848485,0.8743927125506074,1.0,0.3152884615384615,0.8000961538461538,0.0,0.5185185185185185,0.7623973689598689,0.9747829987756246,0.3609811715256278,0.7084497946987434,0.2124979575163399,0.5314311454311453,0.3301393077150097,0.6987252977652977,0.9976744186046511,0.06212617191876556,-0.7218873816816678,0.11732308023394161,-0.23686836228207234,26,14,11,-0.5157106909664774,-0.9280640723968582,-0.23686836228207234,0.528408347537048,0.4192588891040767,
22,dom_regular_rank2,0.9846153846153847,0.370304114490161,0.9892857142857143,0.33222591362126247,1.0,0.35353535353535354,0.979757085020243,0.36538461538461536,0.24358974358974358,0.8452088452088452,0.601965601965602,0.2432432432432432,0.6315292340809057,-0.06466372379720547,0.8787259615384615,0.9980769230769231,0.2235912343470483,0.6055456171735242,0.8767410714285714,1.0,0.16769102990033222,0.5914036544850498,0.921969696969697,1.0,0.14633838383838385,0.6818181818181818,0.8055668016194333,1.0,0.15365384615384617,0.619326923076923,0.0,0.869867149758454,0.6420761670761671,0.9194366203823441,0.4176592224979322,0.7557584978070176,0.08697783855229163,0.36724818959842004,0.4043222915308694,0.924061632415485,0.9773255813953489,-0.21797569932729832,-0.7567857950761396,-0.0654148043699974,-0.19764304074700667,26,14,11,-0.605496006694254,-0.9080755834580252,-0.19764304074700667,0.6477272162391104,0.5991332697644959,
23,adom_matched,0.760576923076923,0.37656529516994636,0.7517857142857143,0.3770764119601329,0.8701298701298701,0.3939393939393939,0.6356275303643725,0.3769230769230769,0.038461538461538464,0.8116298116298116,0.9287469287469288,-0.11711711711711714,0.2519253078535622,-0.2670121082816601,0.526875,0.8701923076923077,0.22889087656529516,0.6664579606440071,0.5050892857142857,0.889330357142857,0.2208887043189369,0.7176910299003322,0.5324675324675324,0.9784632034632034,0.1414141414141414,0.7481060606060601,0.3481781376518219,0.8623481781376519,0.18076923076923077,0.7077884615384615,0.0,0.6795512820512821,0.542421568627451,0.9022377651718582,0.701738570120923,0.9718775847808105,-0.2583922697368422,-0.010775085034013688,-0.7742577279908711,1.9870138492098053,0.6790697674418604,-0.40377212144479985,-3.9391112715357797,-1.07128307783044,-2.476508885842121,26,14,3,-3.334186931776829,-4.54403561129473,-2.476508885842121,0.0308171330081572,0.6941416575443722,0.682
23,dom_matched,0.5528846153846154,0.6225402504472272,0.5125,0.6694352159468439,0.6060606060606061,0.6666666666666666,0.4777327935222672,0.5884615384615385,0.7692307692307693,0.7567567567567568,0.8566748566748567,-0.09991809991809986,-0.04860326628973412,-0.3581704897832024,0.34326923076923077,0.7971394230769231,0.35778175313059035,0.768381037567084,0.28745535714285714,0.7839732142857142,0.37039036544850495,0.8289036544850499,0.2812770562770563,0.9221861471861471,0.2676767676767677,0.8838383838383839,0.22672064777327935,0.7773279352226721,0.3192307692307692,0.8,0.05611111111111112,0.9829629629629628,0.5767918653948065,0.879538309889173,0.6641045918367346,0.9503999098047538,-0.20231665454879746,0.005062958068004224,-1.2575285571742842,1.0524933260908513,0.6732558139534883,0.8880207649578103,1.4609560707502585,-0.01153387764669711,2.6922542590577563,26,14,3,1.8683703539747274,1.0535417875257895,2.6922542590577563,-0.24934387900658903,0.3528779591439758,0.82
23,probe_strat,0.8182692307692307,0.4141323792486583,0.8303571428571429,0.41362126245847175,0.8008658008658008,0.42424242424242425,0.854251012145749,0.4423076923076923,0.48717948717948717,0.6142506142506142,0.6838656838656839,-0.06961506961506969,0.17881158283102486,-0.03500553376077402,0.5807692307692308,0.9212259615384614,0.23971377459749552,0.5894677996422183,0.5426785714285713,0.9358035714285714,0.22080564784053158,0.6461794019933554,0.5194805194805194,0.9696969696969697,0.11616161616161616,0.6717171717171717,0.4939271255060729,0.9554655870445344,0.18836538461538463,0.6924038461538461,0.1111111111111111,1.0,0.4566858003924867,0.7733367786391042,0.4937455336352395,0.8453192640692639,-0.22784053040075683,0.12247108843537416,-0.8926888237042948,0.8749292452231057,0.7645348837209303,-0.14875500728947416,-1.0575186246092918,-0.9328397968838283,2.241481686755343,26,14,6,-1.0739043792518361,-1.0411328699667475,2.241481686755343,0.22696739644652314,0.08249995560002825,0.8397120650061826
23,probe_strat_noinit,0.823076923076923,0.38998211091234347,0.8339285714285715,0.38870431893687707,0.8614718614718615,0.3484848484848485,0.8016194331983806,0.4230769230769231,0.5256410256410257,0.6756756756756757,0.6986076986076986,-0.0229320229320229,0.24950241618260127,-0.048220115973972674,0.56625,0.8991346153846154,0.26205277280858674,0.6091457960644008,0.5533928571428571,0.9178571428571428,0.2491279069767442,0.6412375415282392,0.5411255411255411,0.9696969696969697,0.11616161616161616,0.6617424242424241,0.4251012145748988,0.9230769230769231,0.2191346153846154,0.7308653846153845,0.11538461538461539,0.9642857142857143,0.5107602419247929,0.8120111858704795,0.5298515570485969,0.8608312858312858,-0.22612540121178826,0.11678483582266475,-0.7632419773369992,0.8940324770571579,0.7505813953488372,-0.14364631343635473,-0.938180195825995,-1.130933105974995,1.518103069012925,26,14,6,-0.71052636358256,-1.16583402806943,1.518103069012925,0.23631033561299292,0.2758865773218179,0.8489119132501486
23,probe_matched,0.6548076923076923,0.47227191413237923,0.6107142857142858,0.5116279069767442,0.6883116883116883,0.46464646464646464,0.6437246963562753,0.48846153846153845,0.47435897435897434,0.7010647010647011,0.8476658476658476,-0.14660114660114654,-0.22607435798205375,-0.09639190786658698,0.3682692307692308,0.7953605769230767,0.3228756708407871,0.6985912343470483,0.3088839285714286,0.7857142857142857,0.33048172757475086,0.7608388704318937,0.3116883116883117,0.8746753246753245,0.19696969696969696,0.7930555555555554,0.24686234817813765,0.805668016194332,0.29980769230769233,0.7653846153846153,0.07407407407407407,0.9571304347826085,0.48974201474201473,0.8258448455139631,0.6767886513157895,0.9491858565131479,-0.3159876777584418,-0.008589259347149807,-8.289513369054136,4.065911653117122,0.6127906976744186,0.26625876447699803,-0.5316322654891619,-1.1081679610081732,1.0490154129490374,26,14,3,-0.19878257235111862,-0.8644819586272052,1.0490154129490374,-0.38269136500266693,0.08715965605917228,0.7899999999999999
23,dom_regular,0.9903846153846154,0.7960644007155635,0.9928571428571429,0.7358803986710963,0.9956709956709957,0.7626262626262627,1.0,0.8076923076923077,0.05128205128205128,0.9975429975429976,0.9991809991809992,-0.0016380016380016515,0.3555178071176312,-0.07695196073651016,0.8682211538461538,1.0,0.5303890876565295,0.9696109123434705,0.8857142857142857,1.0,0.4485049833887043,0.9601328903654485,0.8267316017316018,1.0,0.4039141414141414,0.98989898989899,0.8581983805668016,1.0,0.5114423076923077,0.9808653846153845,0.0,0.3458333333333336,0.9444603042970652,1.0,0.9542703546453547,1.0,-0.028603640587748756,0.023704656862745112,0.21674887498557407,0.5303129808516369,1.0,0.29997782248041654,-0.5714799945126776,0.3080312929557083,-0.11773181540136189,26,14,11,-0.5014550886340549,-0.6415049003913004,-0.11773181540136189,0.34568086081515925,0.37519169972257516,
23,dom_regular_verberase,0.9855769230769231,0.5805008944543828,0.9892857142857143,0.5033222591362126,0.9956709956709957,0.5757575757575758,0.9878542510121457,0.5692307692307692,0.0641025641025641,0.9074529074529074,0.5692055692055692,0.3382473382473382,0.49476644998083097,-0.02351034246382187,0.8720913461538462,0.9990625,0.36404293381037567,0.7916368515205724,0.8803571428571428,1.0,0.26411960132890366,0.7757890365448505,0.883008658008658,1.0,0.27765151515151515,0.8688131313131312,0.8461538461538461,1.0,0.3152884615384615,0.8115384615384615,0.0,0.4444444444444444,0.7329191771052236,0.9671106381148951,0.3864875102375102,0.7182809815162756,0.17433404282765735,0.47667602040816326,0.33406494082040195,0.7207483179894261,0.9936046511627907,0.0649118076452307,-0.8057274854241696,0.11045310426240984,-0.3572462061902542,26,14,11,-0.6334473847594956,-0.9780075860888435,-0.3572462061902542,0.5171491328507132,0.4500010842410663,
23,dom_regular_rank2,0.975,0.3595706618962433,0.9821428571428571,0.31727574750830567,1.0,0.3434343434343434,0.97165991902834,0.3384615384615385,0.1794871794871795,0.8149058149058149,0.6175266175266175,0.1973791973791974,0.6284165049838892,-0.0660841017581977,0.8548076923076923,0.9961538461538462,0.22180232558139537,0.6046735241502683,0.8588839285714285,1.0,0.16777408637873753,0.579734219269103,0.9047619047619048,1.0,0.14646464646464646,0.7070707070707071,0.7691295546558705,1.0,0.14221153846153847,0.6077884615384614,0.0,0.7692307692307693,0.6093056058172338,0.9124411302982731,0.4258626669340955,0.7526589569160999,0.056318904775254676,0.32129982780715266,0.39017606112983544,0.9412900913188221,0.9674418604651163,-0.25302428784116426,-0.900690235730728,-0.08799063165071165,-0.40916957956063094,26,14,11,-0.7921855933453664,-1.0091948781160895,-0.40916957956063094,0.6252993123612962,0.6346508902290746,
24,adom_matched,0.7826923076923077,0.38372093023255816,0.7678571428571429,0.39700996677740863,0.9004329004329005,0.4090909090909091,0.6720647773279352,0.3769230769230769,0.038461538461538464,0.8042588042588042,0.9221949221949222,-0.11793611793611791,0.24155351060197658,-0.27568383432605564,0.5336298076923077,0.8865384615384615,0.21377459749552774,0.6592352415026834,0.5231696428571428,0.8839732142857142,0.23916112956810634,0.702782392026578,0.5625541125541126,0.987012987012987,0.1414141414141414,0.7828282828282829,0.3804655870445344,0.8786437246963561,0.16538461538461538,0.7038461538461539,0.0,0.7407407407407407,0.5487289086126296,0.9108108108108107,0.6927518427518428,0.9728646203769559,-0.24252083333333338,0.007137414965986328,-0.6865858614853759,1.5688193824548282,0.7023255813953488,-0.3883958135023032,-3.524582268975524,-0.8983543583928547,-2.252604378626028,26,14,3,-2.890767425864809,-4.158397112086239,-2.252604378626028,0.02880854509471168,0.6670434416165063,0.7
24,dom_matched,0.5807692307692308,0.6064400715563506,0.5303571428571429,0.6661129568106312,0.6233766233766234,0.6616161616161617,0.5141700404858299,0.573076923076923,0.7435897435897436,0.7714987714987716,0.855036855036855,-0.08353808353808345,-0.038602068172347265,-0.35913464933333,0.3663461538461538,0.8009855769230769,0.3657200357781753,0.7791144901610018,0.30174107142857143,0.7983035714285714,0.4035714285714286,0.8355897009966777,0.29415584415584417,0.9307359307359307,0.2928030303030303,0.8787878787878788,0.2388663967611336,0.8099190283400808,0.29615384615384616,0.8077884615384615,0.07367724867724867,1.0,0.5683295454545455,0.8758828285614,0.6421473856209151,0.9471124257215618,-0.19261595680855562,0.024847143158338476,-1.092353328175579,0.8914062710672942,0.6877906976744186,0.7512482666929271,1.3159782011132164,-0.08329205462955065,2.440342983959432,26,14,3,1.7638363896430358,0.8681200125833971,2.440342983959432,-0.20098137041557712,0.2861565363141125,0.788
24,probe_strat,0.8673076923076923,0.44633273703041143,0.8732142857142857,0.4601328903654485,0.8787878787878788,0.4393939393939394,0.8825910931174089,0.5,0.48717948717948717,0.6715806715806716,0.7346437346437347,-0.06306306306306309,0.23515529469953855,-0.04123903580926343,0.6211057692307692,0.9365384615384615,0.2575805008944544,0.6270125223613596,0.5695535714285714,0.9429017857142856,0.25249169435215946,0.6926910299003323,0.5627705627705628,0.9783549783549783,0.14633838383838385,0.6919191919191919,0.5221659919028341,0.9676113360323887,0.20384615384615384,0.7384615384615385,0.10714285714285714,1.0,0.5076047085500868,0.8186367851809028,0.5409606488965041,0.8866134008427932,-0.20658938641245975,0.10685098653844415,-0.5875738674614684,0.7227284082961071,0.8377906976744186,-0.07410636929751935,-0.7825660920242121,-0.5774249930943788,1.9468531512747742,26,14,6,-0.7088353367014001,-0.856296847347024,1.9468531512747742,0.2106435997733646,0.28417868455188666,0.8785488429606076
24,probe_strat_noinit,0.8567307692307692,0.4221824686940966,0.8625,0.42857142857142855,0.9004329004329005,0.3484848484848485,0.8218623481781376,0.4846153846153846,0.5512820512820513,0.719082719082719,0.769041769041769,-0.049959049959049984,0.3050040244224195,-0.052697892321974894,0.6124759615384616,0.9182932692307691,0.2834749552772809,0.6297853309481216,0.5553125,0.9358035714285714,0.2690614617940199,0.6627906976744186,0.6102813852813853,0.9826839826839827,0.16666666666666666,0.6565656565656566,0.4898785425101215,0.9473684210526315,0.24615384615384617,0.7538461538461538,0.10714285714285714,1.0,0.5649906462585034,0.8526259848840494,0.5962973536198043,0.8971280178738161,-0.19907877562071644,0.1056671409349981,-0.482040092869153,0.7952959107412336,0.8122093023255814,-0.06130806811914173,-0.7265870398333258,-0.8071584371706617,1.4771347848414305,26,14,6,-0.4849320219052748,-0.968242057761377,1.4771347848414305,0.26538166146855185,0.3842487503301547,0.8716904337492573
24,probe_matched,0.6846153846153846,0.501788908765653,0.6214285714285714,0.5764119601328903,0.7229437229437229,0.494949494949495,0.6842105263157895,0.5076923076923077,0.5128205128205128,0.7723177723177723,0.8681408681408681,-0.09582309582309578,-0.16380864750433363,-0.10380150658596068,0.3959615384615385,0.8182932692307692,0.32553667262969593,0.7075134168157424,0.3428125,0.8,0.36212624584717606,0.770764119601329,0.3246753246753247,0.8918831168831168,0.21212121212121213,0.8181818181818182,0.29554655870445345,0.8582995951417004,0.28451923076923075,0.7461538461538462,0.10714285714285714,0.9629629629629629,0.5774403239556691,0.864127764127764,0.7018837018837019,0.9537220843672456,-0.25566293614219876,0.022211348684210486,-4.444303846939988,0.9917174514223842,0.6662790697674419,0.1941336888087632,-0.3027105142094202,-0.6846203254326021,1.187093264080695,26,14,3,0.199876879611173,-0.8052979080300134,1.187093264080695,-0.30871699380562456,0.12600804509824798,0.794
24,dom_regular,0.9951923076923077,0.7826475849731663,0.9964285714285714,0.7209302325581395,0.9956709956709957,0.7676767676767676,1.0,0.7884615384615384,0.05128205128205128,0.9975429975429976,0.9959049959049959,0.0016380016380016515,0.3649321692748119,-0.07934495809841471,0.9096153846153846,1.0,0.5150715563506262,0.9553220035778175,0.9089285714285714,1.0,0.43347176079734223,0.9501661129568106,0.8831168831168831,1.0,0.4342171717171717,0.9848484848484849,0.8785425101214575,1.0,0.47692307692307695,0.9769230769230769,0.0,0.30822649572649524,0.9452318756449948,1.0,0.9345987851662404,1.0,-0.02070761899390929,0.032282032483645445,0.22544825394026763,0.532404178350903,1.0,0.2662732774581852,-0.5800749464569578,0.28518958028235447,-0.1430220773402141,26,14,11,-0.5294431065845197,-0.6307067863293959,-0.1430220773402141,0.34997999264345214,0.3948365225375314,
24,dom_regular_verberase,0.9903846153846154,0.5805008944543828,0.9910714285714286,0.5149501661129569,1.0,0.5808080808080808,0.9919028340080972,0.573076923076923,0.0641025641025641,0.8951678951678952,0.5995085995085995,0.2956592956592957,0.5073895652113217,-0.02164313680837531,0.8942307692307693,1.0,0.3603756708407871,0.7773032200357782,0.9071428571428571,1.0,0.2856312292358804,0.7658637873754152,0.9176406926406927,1.0,0.2926767676767677,0.8585858585858586,0.8623481781376519,1.0,0.2923076923076923,0.8077884615384615,0.0,0.41,0.7288828620037502,0.9681418752123928,0.4053826745164003,0.7346858045429474,0.15913704507857734,0.43834313725490204,0.33759664888520297,0.7480175953659453,0.997093023255814,0.05746952742850755,-0.77402005958659,0.10143179954546006,-0.3449676837987454,26,14,11,-0.6024593590919123,-0.9455807600812677,-0.3449676837987454,0.512341628552192,0.49748543852958116,
24,dom_regular_rank2,0.9798076923076923,0.3631484794275492,0.9839285714285714,0.31893687707641194,1.0,0.3383838383838384,0.979757085020243,0.36538461538461536,0.1794871794871795,0.8386568386568387,0.61998361998362,0.21867321867321876,0.620442273165982,-0.06119381361304442,0.8720913461538462,0.9980769230769231,0.21012969588550984,0.6163237924865831,0.875,1.0,0.16935215946843854,0.5980481727574751,0.935064935064935,1.0,0.12626262626262627,0.6869949494949493,0.8097165991902834,1.0,0.14605769230769233,0.6192307692307693,0.0,0.7167582417582414,0.6343859721307878,0.9158700980392156,0.44999574829931976,0.7524876644736842,0.05465768250304791,0.3213285583925119,0.3809101721714281,0.9441370644535442,0.9715116279069768,-0.23540964740053782,-0.8275504320420078,-0.08389309431222514,-0.36656039834025483,26,14,11,-0.7250722468054526,-0.9300286172785631,-0.36656039834025483,0.6069176174767905,0.647491584544365,
25,adom_matched,0.7826923076923077,0.36404293381037567,0.7732142857142857,0.3803986710963455,0.8961038961038961,0.3686868686868687,0.6882591093117408,0.38076923076923075,0.02564102564102564,0.773955773955774,0.9090909090909091,-0.1351351351351351,0.1793869955698419,-0.28501541883568654,0.5461298076923077,0.8884855769230768,0.2101520572450805,0.6377459749552773,0.5266517857142857,0.8982142857142857,0.20764119601328904,0.6627906976744186,0.579978354978355,0.9826839826839827,0.13636363636363635,0.7121212121212122,0.3480769230769231,0.8744939271255061,0.16923076923076924,0.6848076923076921,0.0,0.7037037037037037,0.5210456791101953,0.9046304377013963,0.6551674836601308,0.9697242924083005,-0.27334621710526313,0.0041365434663131456,-1.110707260295694,1.728518087419754,0.6761627906976744,-0.5531774326340464,-4.001424358958171,-1.142123821925357,-2.7919128009615917,26,14,3,-3.3087521172243477,-4.694096600691994,-2.7919128009615917,-0.06826400416080629,0.6746889950311383,0.71
25,dom_matched,0.5807692307692308,0.5966010733452594,0.5285714285714286,0.6461794019933554,0.6493506493506493,0.6313131313131313,0.5020242914979757,0.573076923076923,0.6923076923076923,0.7641277641277642,0.846027846027846,-0.0819000819000818,-0.1868092100616023,-0.37212600761503967,0.3624759615384615,0.7990384615384616,0.34521466905187836,0.774597495527728,0.2926339285714286,0.7982142857142858,0.34717607973421927,0.8322674418604651,0.2856060606060606,0.935064935064935,0.25757575757575757,0.8688131313131312,0.20242914979757085,0.805668016194332,0.28846153846153844,0.8038461538461539,0.036970899470899474,0.9743910256410256,0.5691890548702996,0.8716223989595838,0.6624800971877585,0.9438988095238094,-0.20508328331332537,0.022979069753263227,-1.6302480912986752,0.8630291767358221,0.675,0.7286473453688214,0.8684912882199869,-0.23999366687184312,1.992323722312339,26,14,3,1.3080632916134276,0.42891928482654607,1.992323722312339,-0.4075143142128244,0.2546009982408419,0.7999999999999999
25,probe_strat,0.8586538461538461,0.4516994633273703,0.8785714285714286,0.45182724252491696,0.8441558441558441,0.4797979797979798,0.8906882591093117,0.4846153846153846,0.47435897435897434,0.6273546273546273,0.6502866502866503,-0.02293202293202301,0.23276909439826568,-0.04267237011316483,0.6125,0.9365384615384615,0.27457513416815743,0.6145125223613596,0.5802678571428572,0.9553571428571429,0.2707641196013289,0.6760797342192691,0.5452380952380952,0.9696969696969697,0.1717171717171717,0.7323232323232324,0.5545546558704454,0.9757085020242915,0.19615384615384615,0.7539423076923076,0.07407407407407407,1.0,0.48946384202685844,0.7973310115327319,0.4962722253044834,0.8555391156462585,-0.1892113518059691,0.12501785714285713,-0.6182266276395582,0.7992583975299409,0.8575581395348837,-0.014224568370967212,-0.819481195216198,-0.591120824070729,1.886962891642944,26,14,6,-0.552131106871807,-1.086831283560589,1.886962891642944,0.19477811495363753,0.30875105328752206,0.8633126575773634
25,probe_strat_noinit,0.8384615384615385,0.4481216457960644,0.8517857142857143,0.4700996677740864,0.8701298701298701,0.40404040404040403,0.8178137651821862,0.48846153846153845,0.5,0.674037674037674,0.6855036855036855,-0.01146601146601145,0.34567850538580563,-0.05045205392098007,0.6230288461538461,0.9183173076923076,0.2834525939177102,0.635979427549195,0.5623214285714285,0.9357589285714285,0.27234219269102994,0.6761212624584718,0.5757575757575758,0.9783549783549783,0.15643939393939396,0.6767676767676768,0.5019230769230769,0.951417004048583,0.23846153846153847,0.75,0.07142857142857142,1.0,0.511437908496732,0.83750446804037,0.5204158536879125,0.8825505376344086,-0.18997392432305957,0.1373419415976982,-0.4114927603761641,0.8137371240729329,0.8273255813953488,0.028117110666864842,-0.7465956805678876,-0.7378492912495537,1.4870193876155968,26,14,6,-0.36249795655050865,-1.1306934045852666,1.4870193876155968,0.27743960330620454,0.4821563095450082,0.8673707664884136
25,probe_matched,0.6913461538461538,0.5035778175313059,0.6446428571428572,0.5681063122923588,0.7272727272727273,0.48484848484848486,0.6680161943319838,0.5076923076923077,0.5128205128205128,0.7567567567567568,0.7944307944307945,-0.03767403767403765,-0.19007078307772945,-0.10934727269420647,0.4076201923076923,0.8077163461538461,0.32019230769230766,0.6869409660107334,0.34812499999999996,0.8054017857142857,0.35527408637873753,0.7657807308970099,0.354978354978355,0.9090909090909091,0.2018939393939394,0.7777777777777778,0.2711538461538462,0.854251012145749,0.29990384615384613,0.7539423076923076,0.08755128205128207,0.9313269230769232,0.5341292907361456,0.843267006802721,0.6217083036984353,0.9164720746116094,-0.21705647840531567,0.06940816326530616,-3.968414913317682,0.9716767913655788,0.6784883720930233,0.24912962909404385,-0.41566082671376625,-0.8490494564534464,1.0800334819855995,26,14,3,0.07842739100074009,-0.9097490444282726,1.0800334819855995,-0.34811107802847546,0.12600980682376275,0.812
25,dom_regular,0.9961538461538462,0.7620751341681574,0.9964285714285714,0.686046511627907,1.0,0.7373737373737373,1.0,0.7846153846153846,0.01282051282051282,0.9967239967239967,0.9983619983619983,-0.0016380016380016515,0.35329086733501613,-0.09102966555658386,0.9,1.0,0.4597048300536673,0.9472719141323792,0.9142857142857143,1.0,0.3787375415282392,0.9401993355481728,0.8743506493506494,1.0,0.37373737373737376,0.9748737373737372,0.8784412955465587,1.0,0.4768269230769231,0.9732692307692306,0.0,0.3,0.9374859234234234,1.0,0.9442816601739299,1.0,-0.030163598191214464,0.02622629494058063,0.20995393330301199,0.5157369668393565,1.0,0.24042572144404847,-0.5836857887975349,0.26758710859315477,-0.16313063747848844,26,14,11,-0.5497295339637442,-0.6176420436313254,-0.16313063747848844,0.34380956695053266,0.3722534681039832,
25,dom_regular_verberase,0.9913461538461539,0.5617173524150268,0.9910714285714286,0.4950166112956811,1.0,0.5707070707070707,0.9919028340080972,0.5384615384615384,0.07692307692307693,0.9025389025389026,0.5814905814905815,0.32104832104832104,0.5035330032195169,-0.02186883756155705,0.8999759615384616,1.0,0.3371645796064401,0.7791368515205724,0.8928571428571429,1.0,0.2574750830564784,0.749252491694352,0.9393939393939394,1.0,0.25252525252525254,0.8435606060606059,0.8461538461538461,1.0,0.29990384615384613,0.7769230769230769,0.0,0.465428571428571,0.7174156718770206,0.9613692434210527,0.415,0.7236419350618659,0.15136234805984103,0.4491875,0.31239712972878453,0.7307064371769325,0.997093023255814,0.029339852775586567,-0.7099769748775409,0.11554219631973339,-0.30430656152214214,26,14,11,-0.5749185993616064,-0.8450353503934753,-0.30430656152214214,0.5174738454210538,0.47565131881644274,
25,dom_regular_rank2,0.9826923076923076,0.34615384615384615,0.9857142857142858,0.313953488372093,1.0,0.3383838383838384,0.979757085020243,0.3230769230769231,0.21794871794871795,0.8149058149058149,0.6052416052416052,0.20966420966420973,0.6240096830137466,-0.0643401492022143,0.8653846153846154,0.9971153846153846,0.20033542039355995,0.6350626118067979,0.8875,1.0,0.1527823920265781,0.6047342192691029,0.922077922077922,1.0,0.12626262626262627,0.7373737373737373,0.805668016194332,1.0,0.14615384615384616,0.6154807692307692,0.0,0.8284999999999993,0.6035628556187768,0.9073898376554923,0.42234477124183006,0.767408085956473,0.042544583353406794,0.30837499999999995,0.37585662337783243,0.9818182502852453,0.9744186046511628,-0.24671857006623538,-0.7574148855586686,-0.09415914784264699,-0.3552365850863318,26,14,11,-0.7011598163708083,-0.813669954746529,-0.3552365850863318,0.6260213620058288,0.6199863250295821,
26,adom_matched,0.8375,0.37924865831842575,0.8339285714285715,0.39368770764119604,0.9567099567099567,0.3838383838383838,0.728744939271255,0.38076923076923075,0.05128205128205128,0.8296478296478297,0.9320229320229321,-0.10237510237510239,0.2648643012448983,-0.27891593975384676,0.6326923076923077,0.9240384615384616,0.23881932021466906,0.6467352415026832,0.625,0.9375,0.24082225913621264,0.6528654485049834,0.7012987012987013,1.0,0.15151515151515152,0.7425505050505049,0.4452429149797571,0.9070850202429148,0.18846153846153846,0.676923076923077,0.0,0.6702380952380946,0.5776025910364145,0.9375116315136476,0.7142827380952381,0.977796052631579,-0.24247108843537415,0.031148445500992647,-0.3229028265834778,1.068043592022259,0.7802325581395348,-0.26042720298930905,-2.202520926322383,-0.522636930388688,-1.3606746885789778,26,14,3,-1.7248081339017776,-2.6802337187429885,-1.3606746885789778,0.06863115793647431,0.6573305878617461,0.716
26,dom_matched,0.6846153846153846,0.6064400715563506,0.6410714285714286,0.6478405315614618,0.7619047619047619,0.6363636363636364,0.6275303643724697,0.5846153846153846,0.6410256410256411,0.8394758394758395,0.8968058968058968,-0.05733005733005736,0.0487371918157817,-0.3471838509889444,0.4354807692307692,0.8730769230769231,0.34702593917710195,0.7808586762075134,0.3837053571428572,0.8678571428571429,0.3786960132890365,0.8305647840531561,0.3593073593073593,0.9783549783549783,0.26262626262626265,0.8789141414141413,0.31568825910931175,0.8705465587044533,0.29615384615384616,0.7923076923076923,0.03229166666666666,1.0,0.6413383135809607,0.9158649792840969,0.698748932906496,0.9644385345925297,-0.18522222222222215,0.04262899262899261,-0.504007263238871,0.657730825240313,0.7610465116279069,0.4531847807128441,0.44913634283092174,-0.12540593909092412,1.2714574655173867,26,14,3,0.7453326325770782,0.15294005308476538,1.2714574655173867,-0.12066186077897349,0.3875352970052921,0.8300000000000001
26,probe_strat,0.9932692307692308,0.4785330948121646,0.9946428571428572,0.45182724252491696,1.0,0.5959595959595959,0.9959514170040485,0.4346153846153846,0.6282051282051282,0.8132678132678133,0.7338247338247338,0.07944307944307949,0.3855936583210703,-0.0264707991777183,0.8701682692307693,1.0,0.29154740608228985,0.6744856887298747,0.8766964285714286,1.0,0.2690199335548173,0.7441860465116279,0.8701298701298701,1.0,0.21212121212121213,0.8334595959595958,0.8380566801619433,1.0,0.17673076923076925,0.7846153846153846,0.17857142857142858,1.0,0.697657362945178,0.9393997371675944,0.5871888308763309,0.9216457098810039,-0.06636948707131433,0.20264681555004138,0.09073907025606782,0.6323473943427254,0.9976744186046511,0.01759117584867758,-0.15968721794338447,-0.22162248235909532,1.3126725455648758,26,14,6,-0.11052874646019954,-0.20884568942656942,1.3126725455648758,0.3571620673916442,0.4424568401799225,0.9577621806298277
26,probe_strat_noinit,0.9769230769230769,0.4892665474060823,0.9892857142857143,0.4883720930232558,0.987012987012987,0.5050505050505051,0.9838056680161943,0.4461538461538462,0.6410256410256411,0.8468468468468469,0.7837837837837838,0.06306306306306309,0.4427573008325243,-0.034882496513202556,0.8730528846153847,0.9961538461538462,0.31303667262969587,0.6985912343470483,0.8749553571428571,1.0,0.27400332225913626,0.7275747508305648,0.8874458874458875,1.0,0.23737373737373738,0.7981060606060605,0.8096153846153846,1.0,0.20759615384615387,0.7770192307692307,0.16574074074074077,1.0,0.7295199272904853,0.9424605788503815,0.6400254477316578,0.9402899719721934,-0.06541299019607842,0.18431506665316588,0.1632764826037147,0.6397232431205258,0.9906976744186047,0.06263392274310067,-0.030694531670829736,-0.26597878681281034,1.0308378271923209,26,14,6,0.14541943145688746,-0.20680849479854693,1.0308378271923209,0.388208472504151,0.5518549574892705,0.9468174390968509
26,probe_matched,0.8980769230769231,0.5590339892665475,0.9107142857142857,0.6229235880398671,0.961038961038961,0.5959595959595959,0.8906882591093117,0.5230769230769231,0.6794871794871795,0.9033579033579033,0.9271089271089271,-0.02375102375102378,0.2851507884354812,-0.09695999953266925,0.6365144230769231,0.9471153846153846,0.38101520572450803,0.7567307692307692,0.6035267857142856,0.9571875,0.38035714285714284,0.7891196013289036,0.592965367965368,1.0,0.2777777777777778,0.8890151515151513,0.5465587044534413,0.9758097165991901,0.3038461538461538,0.7847115384615384,0.14722222222222223,1.0,0.7391530108754029,0.9619636833227915,0.7572386824880243,0.9872576530612245,-0.14722026391156406,0.07777205357850524,-0.250788766121756,0.5253952572701814,0.9290697674418604,0.2025972322341269,0.1471010066214357,-0.21333845293273976,1.08691446418762,26,14,3,0.3346289241177014,-0.04042691087483002,1.08691446418762,0.19958224934424956,0.4562878666179445,0.8699999999999999
26,dom_regular,1.0,0.8899821109123435,1.0,0.8322259136212624,1.0,0.8383838383838383,1.0,0.926923076923077,0.08974358974358974,0.9991809991809992,0.9991809991809992,0.0,0.3595858706064769,-0.06595532901081248,0.9605769230769231,1.0,0.6010733452593918,0.9883720930232558,0.9732142857142857,1.0,0.5332225913621262,0.9817275747508306,0.948051948051948,1.0,0.5252525252525253,1.0,0.9595141700404858,1.0,0.6229807692307693,1.0,0.0,0.4642857142857143,0.9820261437908496,1.0,0.9769575053705692,1.0,-0.006635286372613513,0.016008496732026152,0.24129327709061565,0.48805842103656993,1.0,0.2973047820103417,-0.2712028734208261,0.32305179329942363,0.13887020952998244,26,14,11,-0.2002391048376009,-0.3421666420040513,0.13887020952998244,0.3381316154079926,0.4024943810034455,
26,dom_regular_verberase,0.9951923076923077,0.5957066189624329,0.9946428571428572,0.5249169435215947,1.0,0.6161616161616161,0.9919028340080972,0.5576923076923077,0.16666666666666666,0.9344799344799345,0.6076986076986077,0.32678132678132676,0.513567965383676,-0.02574512893182221,0.9470913461538462,1.0,0.3782871198568873,0.8193202146690519,0.9428571428571428,1.0,0.2724252491694352,0.7890365448504983,0.9826839826839827,1.0,0.27765151515151515,0.9040404040404041,0.9149797570850202,1.0,0.3076923076923077,0.8116346153846153,0.0,0.715139751552795,0.7900025013440347,0.9893098135964913,0.4415103384430369,0.7477655913978494,0.17240629251700687,0.4583559782608696,0.36565427656386107,0.6954525195415753,1.0,0.06221218301559377,-0.37769701382059273,0.16280859745612877,0.0396239286407862,26,14,11,-0.26093589397515676,-0.49445813366602864,0.0396239286407862,0.4957368433271264,0.5492302094967751,
26,dom_regular_rank2,0.9942307692307693,0.37835420393559926,0.9946428571428572,0.3239202657807309,1.0,0.3939393939393939,0.9919028340080972,0.35384615384615387,0.47435897435897434,0.8968058968058968,0.6748566748566749,0.22194922194922195,0.6061276480321854,-0.0526318346115104,0.9413461538461538,1.0,0.22180232558139537,0.6144901610017889,0.9428571428571428,1.0,0.1611295681063123,0.5997093023255814,0.9826839826839827,1.0,0.15151515151515152,0.7373737373737373,0.902834008097166,1.0,0.16923076923076924,0.6307692307692307,0.08976282051282052,0.949903846153846,0.7395344701796315,0.9639661720544074,0.5012494524122432,0.8071208333333333,0.07996560196560193,0.3505366182785537,0.42515406778279313,0.8337773095861764,0.9912790697674418,-0.14770408116658096,-0.2884395232365067,-0.006692968147775776,0.1586030905763501,26,14,11,-0.2578728814487195,-0.3190061650242938,0.1586030905763501,0.5878434866790856,0.642695970738385,
27,adom_matched,0.8682692307692308,0.3738819320214669,0.8589285714285714,0.39368770764119604,0.9783549783549783,0.3787878787878788,0.7854251012145749,0.38461538461538464,0.14102564102564102,0.8812448812448812,0.95004095004095,-0.06879606879606881,0.44860442460723177,-0.2587060290990596,0.6990384615384615,0.95,0.22269677996422182,0.6511851520572451,0.6803125,0.9571875,0.21262458471760798,0.6496677740863785,0.7531385281385282,1.0,0.1513888888888889,0.7272727272727273,0.5262145748987854,0.9635627530364372,0.1768269230769231,0.7308653846153845,0.0,0.7600644122383253,0.6360154569892473,0.9771446078431372,0.7799922194922195,0.9925986842105263,-0.21571181822604973,0.016387182637182654,-0.004186614152138551,1.1109072777483284,0.8180232558139535,-0.24191559218970435,-1.7580861618354484,-0.5267715953963289,-0.9817240089060991,26,14,3,-1.2128831545493672,-2.3032891691215296,-0.9817240089060991,0.29052633588407006,0.7647606020535554,0.756
27,dom_matched,0.7538461538461538,0.590339892665474,0.7196428571428571,0.6445182724252492,0.7965367965367965,0.601010101010101,0.7449392712550608,0.5769230769230769,0.6794871794871795,0.8992628992628993,0.9377559377559378,-0.038493038493038534,0.24402039045634924,-0.31877254770752717,0.49704326923076925,0.9125,0.34338103756708405,0.7549418604651162,0.4463839285714286,0.9108035714285714,0.36540697674418604,0.8289036544850499,0.42413419913419914,0.9826839826839827,0.24229797979797982,0.8585858585858586,0.3926113360323887,0.9392712550607287,0.2960576923076923,0.8,0.055128205128205134,1.0,0.7132083333333333,0.9607928282975722,0.7572421307028427,0.9806640134511211,-0.1568627450980392,0.0490226188755601,-0.23407455331446553,0.7665788770324623,0.8122093023255814,0.3686349961669042,0.4047746415850889,-0.18560094106547806,1.1363398493247632,26,14,3,0.7512993801881043,0.05824990298207355,1.1363398493247632,0.1210512063177132,0.4899587587336212,0.8859999999999999
27,probe_strat,1.0,0.37924865831842575,1.0,0.3504983388704319,1.0,0.4444444444444444,1.0,0.38076923076923075,0.7948717948717948,0.9221949221949222,0.8894348894348895,0.0327600327600327,0.57466940311444,-0.008881611828572335,0.9326923076923077,1.0,0.21641323792486583,0.6189847942754919,0.9321428571428572,1.0,0.19601328903654486,0.6146594684385382,0.922077922077922,1.0,0.16161616161616163,0.752651515151515,0.9148785425101215,1.0,0.1268269230769231,0.7,0.2973240740740741,1.0,0.8293328319042604,0.9867699768079274,0.7747310633001422,0.9828553921568627,-0.05383798442964008,0.11168729427254766,0.3017577354440316,0.8450278998162363,0.9988372093023256,-0.06661195993549913,0.06584618004554643,-0.3270647456945743,1.241848066478772,26,14,6,0.22894408829655094,-0.09725172820545809,1.241848066478772,0.572136449517143,0.5797353103090345,0.9596791443850268
27,probe_strat_noinit,0.9942307692307693,0.4230769230769231,0.9964285714285714,0.3853820598006645,1.0,0.41919191919191917,0.9959514170040485,0.41923076923076924,0.7435897435897436,0.9287469287469288,0.8927108927108927,0.03603603603603611,0.6379669968562985,-0.023077215605789254,0.9346153846153846,1.0,0.27627459749552774,0.6619186046511628,0.9374553571428571,1.0,0.21926910299003322,0.6727574750830565,0.9307359307359307,1.0,0.20707070707070707,0.7272727272727273,0.902834008097166,1.0,0.2153846153846154,0.7769230769230769,0.2222222222222222,1.0,0.8419123669123669,0.9926487941290573,0.7993197278911565,0.9899116591918892,-0.042598610340545844,0.10508635930912558,0.3116051801925599,0.820073900943249,0.9959302325581395,-0.0018385374110364186,0.0767947375174512,-0.3477779647729237,1.0214867977680229,26,14,6,0.37632612823968714,-0.22273665320478475,1.0214867977680229,0.6115590955908686,0.6907827993871583,0.9531372549019608
27,probe_matched,0.9644230769230769,0.5035778175313059,0.9607142857142857,0.5614617940199336,1.0,0.5303030303030303,0.9473684210526315,0.5038461538461538,0.7564102564102564,0.9672399672399672,0.9696969696969697,-0.002457002457002533,0.48376514472056564,-0.08227041981364762,0.7403125,0.9903846153846154,0.3389087656529517,0.7272137745974956,0.7303124999999999,0.9964285714285714,0.35863787375415285,0.7774086378737541,0.683874458874459,1.0,0.24242424242424243,0.8284090909090908,0.6800607287449393,1.0,0.2846153846153846,0.7693269230769231,0.1931623931623932,1.0,0.860999177631579,0.9925576602995958,0.8790907453990369,1.0,-0.07125745875745873,0.03701891447368425,0.00784814051423377,0.7333404201739133,0.963953488372093,0.09321941457877422,0.17955181036339868,-0.267910821781558,0.9089923176132929,26,14,3,0.47351775612919944,-0.1144141354024021,0.9089923176132929,0.427513525734148,0.596268382693401,0.916
27,dom_regular,1.0,0.8747763864042933,1.0,0.813953488372093,1.0,0.8484848484848485,1.0,0.8692307692307693,0.11538461538461539,0.9991809991809992,0.9991809991809992,0.0,0.47523387837298736,-0.0524495470824844,0.9673076923076923,1.0,0.5787119856887298,0.9776386404293381,0.9803571428571428,1.0,0.4832641196013289,0.9667774086378738,0.9653679653679653,1.0,0.4695707070707071,1.0,0.9595141700404858,1.0,0.5846153846153846,0.9961538461538462,0.0,0.6316239316239312,0.9861910990568155,1.0,0.9768360215053763,1.0,-0.004914004914004955,0.01894918173987936,0.3335812452159237,0.6200329566097901,1.0,0.24625923452729256,-0.196959774907264,0.24568299960251364,0.17457789833110285,26,14,11,-0.08358425592015321,-0.31033529389437475,0.17457789833110285,0.45826013892838746,0.5091813572621872,
27,dom_regular_verberase,0.9980769230769231,0.5599284436493739,0.9982142857142857,0.4850498338870432,1.0,0.5656565656565656,0.9959514170040485,0.5576923076923077,0.2564102564102564,0.9508599508599509,0.7223587223587223,0.22850122850122856,0.6340306565650116,-0.026375786972527064,0.9663221153846154,1.0,0.33535330948121644,0.7970706618962431,0.9660267857142857,1.0,0.264078073089701,0.7708887043189369,0.987012987012987,1.0,0.23232323232323232,0.8838383838383839,0.9271255060728745,1.0,0.2997115384615385,0.7961538461538461,0.0,0.8214285714285714,0.8379281064108366,0.9959151160464186,0.5686163101604278,0.8503482993197279,0.10069007844743139,0.3607964015151516,0.4685433948844922,0.8208938073319658,1.0,0.037810020152426536,-0.2924468479823061,0.09878188167172806,0.07559963392855612,26,14,11,-0.14033721998066684,-0.4445564759839453,0.07559963392855612,0.620449398076896,0.6611931735412424,
27,dom_regular_rank2,0.9971153846153846,0.3747763864042934,0.9982142857142857,0.3089700996677741,1.0,0.3838383838383838,0.9959514170040485,0.38846153846153847,0.5512820512820513,0.9377559377559378,0.7469287469287469,0.1908271908271909,0.694736765753703,-0.04912463609387877,0.9518749999999999,1.0,0.2209078711985689,0.6360241502683363,0.9535714285714286,1.0,0.16108803986710965,0.6013704318936878,0.9913419913419913,1.0,0.13636363636363635,0.7172979797979796,0.902834008097166,1.0,0.18461538461538463,0.6502884615384613,0.08,1.0,0.7870483047902402,0.9836757407677711,0.5824187091503268,0.8634868421052632,0.05975071662571662,0.31168749999999995,0.5043836383087957,0.9338994420068367,0.9959302325581395,-0.12929222396669657,-0.19422340837360486,-0.028238058071857853,0.1854138945357455,26,14,11,-0.09762850960849875,-0.290818307138711,0.1854138945357455,0.6851974976935454,0.7138153018740179,
28,adom_matched,0.8259615384615384,0.3819320214669052,0.8142857142857143,0.4069767441860465,0.9393939393939394,0.40404040404040403,0.7327935222672065,0.38076923076923075,0.07692307692307693,0.819000819000819,0.9352989352989353,-0.11629811629811626,0.45192672151364544,-0.24930696979244565,0.6489903846153846,0.9279326923076923,0.23881932021466906,0.6637075134168158,0.5980803571428571,0.9303571428571429,0.24086378737541528,0.6994186046511627,0.6577922077922078,1.0,0.16654040404040404,0.7425505050505049,0.4574898785425101,0.9190283400809717,0.18461538461538463,0.7000961538461538,0.0,0.6742624223602481,0.5649991776315789,0.954138764432882,0.7298464052287582,0.984439937932585,-0.22996443555333285,0.01961392497445621,-0.10498914748052643,1.3474225735325063,0.7656976744186047,-0.2732686722849444,-2.4461876851745328,-0.6875802328702004,-1.5445283219858479,26,14,3,-1.7367466666247149,-3.155628703724351,-1.5445283219858479,0.28089906368788936,0.7939820371651574,0.7260000000000001
28,dom_matched,0.698076923076923,0.5885509838998211,0.6410714285714286,0.6478405315614618,0.7619047619047619,0.601010101010101,0.6437246963562753,0.573076923076923,0.6153846153846154,0.8509418509418509,0.9221949221949222,-0.07125307125307123,0.18893850967141085,-0.31493047016908954,0.46057692307692305,0.8626201923076923,0.345237030411449,0.7782647584973166,0.3945535714285714,0.8625892857142857,0.38197674418604655,0.8339285714285715,0.3807359307359307,0.9696969696969697,0.25744949494949493,0.8686868686868687,0.3481781376518219,0.8866396761133604,0.3035576923076923,0.8038461538461539,0.04918478260869565,1.0,0.6384736632748338,0.9342377365403681,0.7215192465192466,0.9704199819618432,-0.18100226269869127,0.034554254815961444,-0.41036609553519415,0.832058106448626,0.7563953488372093,0.4278132385219157,0.19601093235662415,-0.24416314814419238,1.2425475532559977,26,14,3,0.6502054983152638,-0.25818363360201546,1.2425475532559977,0.06268258812190142,0.4414503527704297,0.8960000000000001
28,probe_strat,0.9903846153846154,0.3738819320214669,0.9928571428571429,0.34219269102990035,0.987012987012987,0.4898989898989899,1.0,0.2923076923076923,0.6410256410256411,0.8517608517608518,0.8509418509418509,0.0008190008190008813,0.7306878771525132,-0.012365016252179699,0.8634615384615385,1.0,0.23166368515205724,0.6037790697674419,0.8464285714285714,1.0,0.2059800664451827,0.627906976744186,0.8008658008658008,1.0,0.1919191919191919,0.7828282828282829,0.8581983805668016,1.0,0.10384615384615385,0.6730769230769231,0.17857142857142858,1.0,0.7599597719522592,0.969810335067688,0.6981496710526316,0.9619636833227915,-0.07497944078947369,0.14634297645705988,0.37434986099039713,1.0761267528763587,0.9680232558139535,-0.1076608629446932,-0.25903418567088055,-0.5363941658360803,1.5168307499810205,26,14,6,-0.17976693008387118,-0.33830144125788997,1.5168307499810205,0.7607060251527533,0.6706515811520324,0.955651366607249
28,probe_strat_noinit,0.9817307692307692,0.4212880143112701,0.9910714285714286,0.41029900332225916,0.974025974025974,0.4797979797979798,1.0,0.3730769230769231,0.6025641025641025,0.9107289107289107,0.8697788697788698,0.040950040950040956,0.7977587254827592,-0.020582295784125373,0.8557211538461538,0.9980769230769231,0.2699463327370304,0.644901610017889,0.8428571428571429,1.0,0.2307308970099668,0.6727574750830565,0.817965367965368,1.0,0.23737373737373738,0.7575757575757576,0.8340080971659919,1.0,0.15759615384615386,0.7269230769230769,0.04839743589743592,1.0,0.8173628173628174,0.9800164003364171,0.7582564129520605,0.9747750337032908,-0.061691792345575217,0.11480029666953628,0.38409939709040675,1.0032517332545674,0.9773255813953489,0.02251932538476935,-0.19282061727951252,-0.47996877816979105,1.0491925690322716,26,14,6,0.11720049078219734,-0.5028417253412224,1.0491925690322716,0.81946402119906,0.7543481340501571,0.9511928104575164
28,probe_matched,0.8817307692307692,0.4883720930232558,0.8928571428571429,0.553156146179402,0.9177489177489178,0.5303030303030303,0.902834008097166,0.45384615384615384,0.717948717948718,0.8968058968058968,0.9434889434889435,-0.04668304668304668,0.4252840271216074,-0.09692944562785129,0.6336298076923077,0.9403846153846154,0.3184257602862254,0.6788908765652951,0.5892857142857143,0.9536160714285714,0.3454734219269103,0.7641196013289037,0.6060606060606061,0.9826839826839827,0.23232323232323232,0.8131313131313131,0.5546558704453441,0.979757085020243,0.25769230769230766,0.7269230769230769,0.25,1.0,0.745168092043092,0.9550927784265071,0.8142599267968057,0.9860211680729773,-0.14646401985111657,0.03431372549019607,-0.14448749325759117,0.7598147292047989,0.8982558139534884,0.11335564903214515,0.13389425861147014,-0.4048081904459974,1.2127311882772154,26,14,3,0.4916004008063033,-0.223811883583363,1.2127311882772154,0.37908987089113666,0.5176723395825489,0.916
28,dom_regular,1.0,0.8354203935599285,1.0,0.7691029900332226,1.0,0.797979797979798,1.0,0.8615384615384616,0.01282051282051282,0.9983619983619983,0.9975429975429976,0.0008190008190007703,0.47972470461958333,-0.09383845487926622,0.9451682692307692,1.0,0.5597942754919499,0.973211091234347,0.9517857142857142,1.0,0.4383720930232558,0.9601328903654485,0.948051948051948,1.0,0.45454545454545453,0.9949494949494949,0.9190283400809717,1.0,0.56125,0.9923076923076923,0.0,0.4083796296296296,0.9652191894127378,1.0,0.9621601436627283,1.0,-0.015845996732026177,0.02043504901960787,0.3199531844027145,0.6360528113222151,1.0,0.26835433643084605,-0.35639399424529367,0.2701407751119154,-0.048473606992327646,26,14,11,-0.2168007067472935,-0.4959872817432939,-0.048473606992327646,0.46744099407568623,0.5042921257073778,
28,dom_regular_verberase,0.9923076923076923,0.5438282647584973,0.9946428571428572,0.4717607973421927,1.0,0.5505050505050505,0.9919028340080972,0.5384615384615384,0.15384615384615385,0.9271089271089271,0.7043407043407044,0.22276822276822272,0.6745344377691194,-0.05482691142950139,0.927860576923077,1.0,0.33987030411449015,0.7710867620751342,0.9303571428571429,1.0,0.2639950166112957,0.7443106312292358,0.974025974025974,1.0,0.23737373737373738,0.8839646464646463,0.8865384615384616,1.0,0.28451923076923075,0.8038461538461539,0.0,0.6538461538461539,0.7722202380952381,0.9835599042248478,0.5467175773535221,0.8264233150262562,0.08496677056020045,0.3491799633936261,0.47737269368688595,0.8990917173119463,0.9953488372093023,0.03433789191169691,-0.4324887971859138,0.082047866969086,-0.10591736564568024,26,14,11,-0.267464552419194,-0.5975130419526337,-0.10591736564568024,0.6630855372610303,0.6974322387852976,
28,dom_regular_rank2,0.9913461538461539,0.37298747763864043,0.9928571428571429,0.292358803986711,1.0,0.35353535353535354,0.9878542510121457,0.36923076923076925,0.3717948717948718,0.904995904995905,0.7616707616707616,0.14332514332514334,0.741114905020937,-0.08129671620850414,0.9230528846153847,1.0,0.22808586762075134,0.6064624329159213,0.9178124999999999,1.0,0.1643687707641196,0.5730897009966778,0.974025974025974,1.0,0.14633838383838385,0.7223484848484847,0.8662955465587044,1.0,0.17692307692307693,0.6385576923076922,0.04,0.880230769230769,0.7475120724468447,0.9747791479797231,0.5761930867332218,0.8690905516234131,0.035699696545284876,0.2737926267281106,0.5020140200533386,1.0098451107633735,0.9848837209302326,-0.13644055890628112,-0.3351414591307693,-0.09001909476926512,-0.07667698244392936,26,14,11,-0.26133741986771547,-0.4089454983938231,-0.07667698244392936,0.7269212862615246,0.7695021425397617,
29,adom_matched,0.8442307692307692,0.3881932021466905,0.8339285714285715,0.4152823920265781,0.9523809523809523,0.41414141414141414,0.7611336032388664,0.38461538461538464,0.08974358974358974,0.828009828009828,0.9336609336609336,-0.10565110565110558,0.5772868288261772,-0.22181928007916224,0.6625,0.9404086538461538,0.2298747763864043,0.6556574239713775,0.6320982142857142,0.9517857142857142,0.21096345514950166,0.6794435215946844,0.7186147186147186,1.0,0.15656565656565657,0.7223484848484847,0.47327935222672063,0.9433198380566802,0.18846153846153846,0.7115384615384616,0.0,0.6481481481481481,0.5969036435914317,0.959204081632653,0.7269980196025779,0.982524291831357,-0.2168952380952381,0.029454521366286037,0.017875296658021424,1.6740092101615716,0.7965116279069767,-0.23864874696394195,-2.1727686196277887,-0.6228533208141273,-1.343415415166605,26,14,3,-1.4886812305779016,-2.856856008677676,-1.343415415166605,0.42436354741579796,0.883133391646935,0.764
29,dom_matched,0.7346153846153847,0.5813953488372093,0.6839285714285714,0.6411960132890365,0.7792207792207793,0.5606060606060606,0.7004048582995951,0.5653846153846154,0.6153846153846154,0.8705978705978706,0.9271089271089271,-0.05651105651105648,0.3291732581230639,-0.284683693155164,0.47401442307692304,0.8884855769230768,0.32732558139534884,0.7629919499105545,0.4195982142857143,0.8946428571428572,0.35544019933554816,0.8289867109634551,0.4199134199134199,0.974025974025974,0.25252525252525254,0.8636363636363636,0.3603238866396761,0.8987854251012146,0.3114423076923077,0.8039423076923077,0.02564102564102564,0.9691428571428573,0.6930123858754028,0.9449598794063079,0.73728525189281,0.9705159705159705,-0.16340801829416637,0.05919770408163266,-0.24783329010879623,1.0375219496451842,0.7837209302325582,0.3832148067842861,0.1363957887753647,-0.2767672247748559,1.0258123179975125,26,14,3,0.582928506609998,-0.31013692905926854,1.0258123179975125,0.21546296674528764,0.5565938408786163,0.8879999999999999
29,probe_strat,0.9961538461538462,0.3542039355992844,0.9982142857142857,0.292358803986711,0.9956709956709957,0.41414141414141414,1.0,0.27692307692307694,0.6025641025641025,0.877968877968878,0.782964782964783,0.09500409500409501,0.8781104739396738,-0.013304028211135929,0.8740144230769231,1.0,0.20746869409660107,0.5814624329159213,0.8749553571428571,1.0,0.16943521594684385,0.5897009966777409,0.8396103896103896,1.0,0.18181818181818182,0.7425505050505049,0.854251012145749,1.0,0.10384615384615385,0.6270192307692307,0.14814814814814814,1.0,0.7755056189142323,0.9737800099395978,0.6582479838709677,0.9393952137013534,-0.02256196167097337,0.1958394607843137,0.5050012270140153,1.221993903433586,0.9854651162790697,-0.10546623802302775,-0.33479929737060776,-0.5431494215252436,1.2799028378783477,26,14,6,-0.34538690509564124,-0.3242116896455743,1.2799028378783477,0.9103405454705895,0.8136503308778421,0.9470789974466445
29,probe_strat_noinit,0.9807692307692307,0.4016100178890877,0.9875,0.3654485049833887,0.974025974025974,0.4494949494949495,0.9878542510121457,0.36153846153846153,0.6282051282051282,0.9066339066339066,0.8206388206388207,0.08599508599508598,0.9446986165500791,-0.02354082711333853,0.8547355769230769,0.9971153846153846,0.2654964221824687,0.6332960644007156,0.8463839285714285,1.0,0.2175249169435216,0.6329318936877076,0.8310606060606062,1.0,0.20707070707070707,0.7424242424242424,0.8339068825910931,1.0,0.15384615384615385,0.6924038461538461,0.10243589743589744,1.0,0.7964576492541169,0.9778931255592315,0.6940739124597207,0.9411803921568628,-0.023777595551789127,0.16822797452314256,0.5167632908584798,1.1633978617931373,0.9872093023255814,-0.021783265943482417,-0.20014239250356983,-0.4720124789934616,0.9269339361183552,26,14,6,0.019141518112602385,-0.41942630311974205,0.9269339361183552,0.9691823836182506,0.8957310824137361,0.9436786987522282
29,probe_matched,0.9067307692307692,0.45706618962432916,0.9232142857142858,0.4883720930232558,0.9437229437229437,0.48484848484848486,0.9190283400809717,0.4307692307692308,0.7435897435897436,0.8910728910728911,0.9148239148239148,-0.02375102375102367,0.6698245743775495,-0.09869481037952112,0.6748798076923077,0.9538701923076923,0.30675313059033993,0.6646466905187834,0.6428571428571429,0.975,0.29721760797342195,0.7127906976744184,0.6622294372294373,0.9957792207792208,0.20202020202020202,0.7626262626262627,0.5991902834008097,0.9838056680161943,0.25384615384615383,0.7269230769230769,0.2823260073260073,1.0,0.7372174148815854,0.9557766657031362,0.7818364411521432,0.9771587301587301,-0.136553596110313,0.05461124896608762,0.10640927675917754,1.1001564300805722,0.9017441860465116,0.05273564988610939,0.10972603762263367,-0.48221150034825805,0.9728506138872834,26,14,3,0.329607652113548,-0.11015557686828066,0.9728506138872834,0.6318888986453235,0.7456959258420015,0.914
29,dom_regular,1.0,0.8756708407871199,1.0,0.792358803986711,1.0,0.8484848484848485,1.0,0.9076923076923077,0.02564102564102564,0.9983619983619983,0.9918099918099919,0.006552006552006495,0.566198815917419,-0.0886373976393282,0.9547836538461539,1.0,0.548144007155635,0.9785778175313058,0.9660714285714286,1.0,0.42358803986710963,0.9700996677740864,0.9567099567099567,1.0,0.46464646464646464,1.0,0.9352226720647774,1.0,0.55,0.9923076923076923,0.0,0.48,0.9531924839960554,1.0,0.9358453194874441,1.0,-0.019240196078431304,0.03571726190476189,0.41316118641189326,0.7265936547609525,1.0,0.25046996246618497,-0.24231559223685128,0.25320765104679094,0.0073815071959076805,26,14,11,-0.1296243391935341,-0.35500684528016846,0.0073815071959076805,0.5477495523419247,0.6030973430684077,
29,dom_regular_verberase,0.9913461538461539,0.556350626118068,0.9946428571428572,0.4634551495016611,1.0,0.5909090909090909,0.9878542510121457,0.5230769230769231,0.038461538461538464,0.9197379197379197,0.7698607698607699,0.14987714987714984,0.7405396343908703,-0.06335820434636397,0.9336538461538462,1.0,0.3405858676207514,0.8184481216457961,0.9375,1.0,0.2506644518272425,0.7973837209302326,0.9826839826839827,1.0,0.27765151515151515,0.9041666666666666,0.8744939271255061,1.0,0.24615384615384617,0.7924038461538461,0.0,0.5714285714285714,0.7882340777502068,0.9892538912700203,0.5945785859388801,0.8738814678165007,0.053100368559334435,0.29406224406224396,0.5480090737594265,0.945918013093396,0.9953488372093023,0.05540643588156409,-0.3808961891505731,0.07332295286150256,-0.2279764366150292,26,14,11,-0.27229125017388023,-0.48950112812726604,-0.2279764366150292,0.7164493563367103,0.7887201904991907,
29,dom_regular_rank2,0.9951923076923077,0.41771019677996424,0.9964285714285714,0.3289036544850498,1.0,0.46464646464646464,0.9959514170040485,0.36923076923076925,0.23076923076923078,0.9099099099099099,0.8075348075348076,0.10237510237510239,0.8050942037808699,-0.07994788536760868,0.9317307692307693,1.0,0.2512969588550984,0.6815742397137746,0.9374553571428571,1.0,0.1693936877076412,0.6595514950166113,0.9913419913419913,1.0,0.1717171717171717,0.8080808080808081,0.8785425101214575,1.0,0.1691346153846154,0.6692307692307692,0.0,0.8461538461538461,0.7670751633986929,0.9714170376587359,0.6332210213691293,0.8994784322820037,0.013048151906847561,0.22944749201892062,0.5944875112295012,1.0876741311545974,0.9947674418604651,-0.06931583292316117,-0.3177645283462679,-0.034913917660861694,-0.1902996236046044,26,14,11,-0.2469198440413445,-0.38860921265119125,-0.1902996236046044,0.7801124446890751,0.8550577219644593,
30,adom_matched,0.8067307692307693,0.37119856887298747,0.7946428571428571,0.3920265780730897,0.9134199134199135,0.3838383838383838,0.7004048582995951,0.38076923076923075,0.11538461538461539,0.782964782964783,0.9041769041769042,-0.12121212121212122,0.40344027549371153,-0.2439266920956783,0.6182211538461538,0.9134855769230769,0.2307021466905188,0.626185152057245,0.5749107142857143,0.9339732142857142,0.22259136212624583,0.6545265780730897,0.6320346320346321,1.0,0.15656565656565657,0.7122474747474746,0.4089068825910931,0.9271255060728745,0.1922115384615385,0.6923076923076923,0.0,0.5896730769230772,0.538828668240433,0.924170493197279,0.6732036825786826,0.9625069789081886,-0.23217055122297053,0.02481389578163762,-0.2517444547807044,1.8157199792322214,0.7151162790697675,-0.38944977878492376,-2.877714686420047,-0.8838079834657463,-1.7040578624103178,26,14,3,-2.0606258790568948,-3.6948034937831995,-1.7040578624103178,0.2196166729338974,0.7710874806133396,0.72
30,dom_matched,0.6875,0.5402504472271914,0.6196428571428572,0.5897009966777409,0.7705627705627706,0.5303030303030303,0.6234817813765182,0.5269230769230769,0.5512820512820513,0.800982800982801,0.8591318591318591,-0.05814905814905813,0.10935993447803495,-0.3134663093921168,0.4508173076923077,0.8557932692307691,0.30945885509838994,0.7307915921288014,0.38392857142857145,0.85,0.3371262458471761,0.8006644518272426,0.3895021645021645,0.9568181818181818,0.21704545454545457,0.8131313131313131,0.30759109311740895,0.8704453441295547,0.2846153846153846,0.7769230769230769,0.037037037037037035,0.9745352564102564,0.5874571078431373,0.9030016447368421,0.6760178571428571,0.9371017156862745,-0.17733942164089214,0.04413757363987771,-0.740571994032598,0.9805180009867517,0.7191860465116279,0.3452147646704996,-0.0941367057142958,-0.4931983243531793,1.1683498889137989,26,14,3,0.3592600933059646,-0.5475335047345562,1.1683498889137989,-0.021653678361501335,0.3713871601571075,0.85
30,probe_strat,0.9509615384615384,0.3443649373881932,0.975,0.2840531561461794,0.9393939393939394,0.398989898989899,0.9676113360323887,0.3,0.6538461538461539,0.8058968058968059,0.696969696969697,0.10892710892710888,0.9615690296316854,-0.024582592631223206,0.7884615384615384,0.9846153846153847,0.21464669051878354,0.5394677996422181,0.7928571428571428,0.9946428571428572,0.1643687707641196,0.574750830564784,0.7359307359307359,1.0,0.13636363636363635,0.6819444444444442,0.7489878542510121,1.0,0.10375000000000001,0.6539423076923077,0.14285714285714285,1.0,0.6968812024809924,0.9449037828947369,0.5651648657079877,0.8891985557663925,-0.020500779371747116,0.23821724818959844,0.4734205908211163,1.4259689565617075,0.9174418604651163,-0.160140899204468,-0.46440948621943196,-0.7365254102784422,1.4914986466913975,26,14,6,-0.4461032193032296,-0.4827157531356343,1.4914986466913975,1.0149867544549094,0.854733579985238,0.9313309566250745
30,probe_strat_noinit,0.9432692307692307,0.39177101967799643,0.9482142857142857,0.38205980066445183,0.9437229437229437,0.42424242424242425,0.9595141700404858,0.4,0.6923076923076923,0.8787878787878788,0.7346437346437347,0.14414414414414412,1.0664115151847213,-0.03278810937100226,0.7759375000000001,0.9778846153846154,0.24322450805008947,0.6180903398926655,0.7695089285714286,0.9892857142857143,0.20427740863787378,0.6362956810631228,0.7619047619047619,1.0,0.20707070707070707,0.7323232323232324,0.748582995951417,1.0,0.15759615384615386,0.7076923076923077,0.14285714285714285,1.0,0.739358660130719,0.9572416094584287,0.5883376100650521,0.8982345403585806,-0.013962693676979339,0.23449754901960787,0.4672463797275914,1.4206825923390578,0.9325581395348838,-0.054522406712785035,-0.19185752216733726,-0.6301094778047172,1.244542310882017,26,14,6,0.06423935281649579,-0.4479543971511703,1.244542310882017,1.1031858955777882,0.9928627543985866,0.935719696969697
30,probe_matched,0.8317307692307693,0.4329159212880143,0.825,0.46179401993355484,0.8831168831168831,0.41414141414141414,0.8259109311740891,0.45384615384615384,0.7564102564102564,0.8165438165438166,0.8673218673218673,-0.050778050778050754,0.5681096172191537,-0.12232040830768874,0.5874519230769231,0.9077163461538461,0.27902504472271916,0.6440295169946333,0.5553125,0.9196428571428571,0.292358803986711,0.6911544850498338,0.6103896103896104,0.9653679653679653,0.1816919191919192,0.7425505050505049,0.47763157894736846,0.9474696356275302,0.24615384615384617,0.6808653846153846,0.3333333333333333,1.0,0.6331595448353038,0.902073743502315,0.6854352970884889,0.9387254901960784,-0.16332653061224486,0.05796393053535913,-0.21797105782776666,1.2519380426930737,0.7767441860465116,0.011701297443351804,0.040732326710398045,-0.8252372464203965,1.463783107879435,26,14,3,0.25947147110295665,-0.17800681768216056,1.463783107879435,0.5035218218098665,0.6972852080377278,0.8719999999999999
30,dom_regular,1.0,0.9400715563506261,1.0,0.9003322259136213,1.0,0.8939393939393939,1.0,0.9769230769230769,0.0,1.0,0.9991809991809992,0.0008190008190007703,0.46203958504961923,-0.1414801384136125,0.9297836538461539,1.0,0.6538014311270125,0.9946332737030411,0.9499107142857143,1.0,0.5431478405315614,0.9933554817275747,0.9393939393939394,1.0,0.5199494949494949,1.0,0.9026315789473685,1.0,0.680673076923077,1.0,0.0,0.0,0.9679124473254214,1.0,0.977796052631579,1.0,-0.022981421186895806,0.010860119047619049,0.310385075007639,0.6057984135925704,1.0,0.363978596460417,-0.5573521713219414,0.3609416645784662,-0.5673924700125531,26,14,11,-0.4122767380094952,-0.7024276046343876,-0.5673924700125531,0.44222403905221563,0.5016706770444264,
30,dom_regular_verberase,0.9923076923076923,0.6627906976744186,0.9964285714285714,0.5598006644518272,1.0,0.6717171717171717,0.9919028340080972,0.6576923076923077,0.0,0.9148239148239148,0.7313677313677314,0.18345618345618342,0.6842060007282836,-0.08793641403232522,0.8961538461538462,1.0,0.4024821109123435,0.8595706618962433,0.9232142857142858,1.0,0.29892026578073094,0.8355481727574751,0.9307359307359307,1.0,0.32803030303030306,0.9444444444444444,0.854251012145749,1.0,0.3460576923076923,0.8653846153846154,0.0,0.32142857142857145,0.769000819000819,0.9831181235431236,0.5592094298245615,0.8404949315252417,0.06219639625863346,0.3308333333333333,0.47867094068612726,0.9242193478484976,0.9976744186046511,0.13010403282309058,-0.4552422977887637,0.13492209824417198,-0.5228399010810821,26,14,11,-0.3651742300983834,-0.545310365479144,-0.5228399010810821,0.6581846563931136,0.7362486893986235,
30,dom_regular_rank2,0.9951923076923077,0.49821109123434704,0.9982142857142857,0.38704318936877075,1.0,0.5555555555555556,0.9959514170040485,0.47307692307692306,0.08974358974358974,0.8976248976248976,0.7583947583947583,0.13923013923013927,0.7543476326126841,-0.100552672163207,0.9067067307692308,1.0,0.28166368515205725,0.7423971377459749,0.9160267857142856,1.0,0.19759136212624584,0.6928156146179402,0.961038961038961,1.0,0.21704545454545457,0.8484848484848485,0.8379554655870446,1.0,0.2268269230769231,0.74625,0.0,0.768233618233618,0.7367871459976723,0.9707232897968081,0.5816383505598622,0.8668527708850289,0.029139492753623198,0.2791186274509805,0.5304839074534086,1.0530650012511367,0.9965116279069768,0.0010799679073251994,-0.28326226720800507,0.013917955590758624,-0.38645204500449676,26,14,11,-0.23550373696141014,-0.33102079745459995,-0.38645204500449676,0.7292237727086498,0.8045953524207526,
31,adom_matched,0.8528846153846154,0.3953488372093023,0.8446428571428571,0.4119601328903654,0.961038961038961,0.42424242424242425,0.7611336032388664,0.4076923076923077,0.14102564102564102,0.7977067977067978,0.8804258804258804,-0.08271908271908268,0.48432411865866065,-0.21523719871490646,0.6576682692307693,0.9356009615384615,0.24503577817531305,0.6486806797853307,0.6232142857142857,0.9429017857142856,0.22919435215946846,0.6760797342192691,0.7186147186147186,1.0,0.15151515151515152,0.7172979797979796,0.4534412955465587,0.935323886639676,0.18461538461538463,0.7153846153846154,0.0,0.6541666666666667,0.5649661699806278,0.9334564023503168,0.6611144894649776,0.9441611842105262,-0.1989667378579338,0.0782223486535069,-0.09493886743927206,1.3097524794213407,0.7982558139534883,-0.2303204021671963,-1.8978983269039913,-0.5306936675430302,-0.9239945491828405,26,14,3,-1.2571511728448326,-2.53864548096315,-0.9239945491828405,0.337931956624557,0.777108442726868,0.782
31,dom_matched,0.7548076923076923,0.554561717352415,0.7089285714285715,0.6129568106312292,0.8441558441558441,0.5656565656565656,0.7125506072874493,0.5423076923076923,0.5769230769230769,0.8124488124488124,0.8353808353808354,-0.02293202293202301,0.27142575727551754,-0.29021528355819054,0.5556971153846154,0.8827403846153845,0.3371422182468694,0.726319320214669,0.48566964285714287,0.8839732142857142,0.35714285714285715,0.7973837209302326,0.4805194805194805,0.9741341991341991,0.2523989898989899,0.853661616161616,0.3724696356275304,0.9191295546558703,0.2768269230769231,0.7692307692307693,0.040282051282051305,0.969857142857143,0.6194325848619017,0.9052434118610589,0.6445345746816334,0.9233662981162981,-0.13104984204984202,0.09258227144256558,-0.29859751433707193,0.8609186333857487,0.7802325581395348,0.2720099619504892,-0.025015817965179044,-0.31743682349256175,0.9384972196014396,26,14,3,0.3203693223532153,-0.3704009582835734,0.9384972196014396,0.18027198130980568,0.4537333092069411,0.8799999999999999
31,probe_strat,0.9788461538461538,0.40518783542039355,0.9910714285714286,0.33056478405315615,0.9783549783549783,0.5454545454545454,0.9878542510121457,0.35,0.6794871794871795,0.8738738738738738,0.6904176904176904,0.18345618345618342,0.8748926160258257,-0.024615954427218943,0.8691586538461539,0.9961538461538462,0.2351967799642218,0.59662343470483,0.8695982142857143,1.0,0.18596345514950166,0.594767441860465,0.8441558441558441,1.0,0.17664141414141415,0.7727272727272727,0.8137651821862348,1.0,0.13826923076923078,0.7154807692307692,0.1485754985754986,1.0,0.7418609455002649,0.9583333333333334,0.53656164861522,0.8648667404946473,0.037581699346405206,0.3105702560629514,0.5001253176619357,1.2274168513976358,0.9697674418604652,-0.0319206947247488,-0.1888212354977512,-0.43146234026406693,0.9799945182589536,26,14,6,-0.2460118843090395,-0.13163058668646288,0.9799945182589536,0.9154936858095505,0.7936904764583761,0.9657620320855613
31,probe_strat_noinit,0.9653846153846154,0.4409660107334526,0.9678571428571429,0.420265780730897,0.974025974025974,0.4797979797979798,0.9757085020242915,0.4576923076923077,0.6794871794871795,0.9033579033579033,0.7035217035217035,0.19983619983619982,0.995042640974775,-0.03178536919577666,0.8643990384615385,0.9932692307692308,0.27549194991055453,0.652974060822898,0.8428125,0.9982142857142857,0.22425249169435216,0.6694767441860465,0.857034632034632,1.0,0.20694444444444446,0.7424242424242424,0.8177125506072874,1.0,0.19230769230769232,0.7847115384615384,0.2,1.0,0.7674942434210525,0.9705293326261067,0.5519931529122706,0.8602170303605313,0.06060234699940588,0.3075016447368421,0.5745994965605197,1.2675949321067714,0.9732558139534884,-0.005545194501777362,-0.07243146692375096,-0.3909315539719425,0.7985860727223185,26,14,6,0.022480185160602115,-0.16734311900810406,0.7985860727223185,1.0119193839875016,0.9612891549493217,0.9625118835412951
31,probe_matched,0.8807692307692307,0.43738819320214667,0.8892857142857142,0.4684385382059801,0.9523809523809523,0.43434343434343436,0.8906882591093117,0.4461538461538462,0.7692307692307693,0.8509418509418509,0.8255528255528255,0.025389025389025432,0.6441216637864926,-0.1339051560757138,0.7045913461538462,0.9413701923076923,0.2897808586762075,0.631484794275492,0.6589285714285714,0.9536160714285714,0.28903654485049834,0.6893687707641196,0.7272727272727273,1.0,0.20202020202020202,0.7325757575757574,0.5546558704453441,0.9677125506072873,0.23846153846153847,0.7038461538461539,0.35714285714285715,1.0,0.6642155357228886,0.9221996896629249,0.6408442721791558,0.9107402932238459,-0.0943973422702414,0.12241856419987343,0.14047388315205261,1.1312059564377304,0.85,-0.0025374624312195808,0.126486329023435,-0.5394992550064486,0.9402338332167351,26,14,3,0.24056068633046432,0.012411971716405708,0.9402338332167351,0.5845081779116306,0.7633486355362162,0.932
31,dom_regular,1.0,0.9919499105545617,1.0,0.9850498338870431,1.0,0.9848484848484849,1.0,1.0,0.0,1.0,1.0,0.0,0.49283744289344955,-0.08185744913203151,0.9326682692307693,1.0,0.811247763864043,1.0,0.9553571428571429,1.0,0.7191860465116279,1.0,0.857034632034632,1.0,0.7373737373737373,1.0,0.97165991902834,1.0,0.8423076923076923,1.0,0.0,0.04,0.9934188596491228,1.0,0.9884416666666667,1.0,-0.0032760032760031947,0.008444612653023017,0.3674066151098662,0.6163418271620275,1.0,0.3931699141504664,-0.22185676168122687,0.3824826427224592,-0.15728673851719552,26,14,11,-0.12449639602026043,-0.3192171273421933,-0.15728673851719552,0.469809967351104,0.5388923939781409,
31,dom_regular_verberase,0.9971153846153846,0.7030411449016101,0.9982142857142857,0.5697674418604651,1.0,0.7474747474747475,0.9959514170040485,0.6653846153846154,0.01282051282051282,0.9279279279279279,0.819000819000819,0.10892710892710888,0.7209265236034005,-0.06906761973731634,0.9576923076923077,1.0,0.41127012522361356,0.8694096601073346,0.9696428571428571,1.0,0.2857142857142857,0.8338870431893688,0.9913419913419913,1.0,0.3686868686868687,0.9545454545454546,0.9190283400809717,1.0,0.34221153846153846,0.84625,0.0,0.5112179487179487,0.8006168467386955,0.9827330850103199,0.6616278665028664,0.9100182227682228,0.01562340038902539,0.23382169600899425,0.5334505169086333,0.9233793349105582,1.0,0.11792346177961847,-0.22857333650924408,0.14997130534865966,-0.1797726952570698,26,14,11,-0.12203242053889081,-0.33511425247959736,-0.1797726952570698,0.6869023217507132,0.7889749273087747,
31,dom_regular_rank2,0.9980769230769231,0.5348837209302325,1.0,0.4119601328903654,1.0,0.6161616161616161,0.9959514170040485,0.46153846153846156,0.3076923076923077,0.9180999180999181,0.8402948402948403,0.07780507780507784,0.7672201981640066,-0.0793338087424067,0.9595913461538462,1.0,0.3103309481216458,0.7719364937388193,0.9678125,1.0,0.21262458471760798,0.7110049833887043,0.987012987012987,1.0,0.24229797979797982,0.8940656565656564,0.9271255060728745,1.0,0.2268269230769231,0.7423076923076923,0.0,0.8651616499442583,0.7908309036393715,0.9819138906348208,0.6816318027210884,0.9205955334987593,0.0015516287160025513,0.21226228083370938,0.5830020049569166,0.9908619449612563,1.0,0.027406529342869697,-0.08630171576939485,0.060017595929971086,-0.0677747124645433,26,14,11,-0.02259867912579601,-0.15000475241299369,-0.0677747124645433,0.7356318266546571,0.8303969411827058,
32,adom_matched,0.8057692307692308,0.3998211091234347,0.7928571428571428,0.4269102990033223,0.922077922077922,0.41414141414141414,0.708502024291498,0.4153846153846154,0.14102564102564102,0.7674037674037674,0.8665028665028665,-0.09909909909909909,0.33111957881173415,-0.2374678860725548,0.6143990384615385,0.9173317307692307,0.24329159212880144,0.632468694096601,0.5928571428571429,0.9196874999999999,0.24410299003322258,0.6810631229235881,0.6796536796536796,1.0,0.14633838383838385,0.6919191919191919,0.4008097165991903,0.9190283400809717,0.19615384615384615,0.7,0.0,0.6428571428571429,0.5656755952380953,0.9025448744198744,0.6354560196560197,0.9330478498217468,-0.20559936145510832,0.06894748751350925,-0.3646218319377658,1.5898007947585826,0.7302325581395349,-0.277458653384693,-2.353373635551843,-0.6686019718023061,-1.0249385939214999,26,14,3,-1.570204723913861,-3.136542547189825,-1.0249385939214999,0.15889155818790096,0.6755756200594007,0.798
32,dom_matched,0.7201923076923077,0.5313059033989267,0.6553571428571429,0.5963455149501661,0.8181818181818182,0.5404040404040404,0.6477732793522267,0.5269230769230769,0.5128205128205128,0.7788697788697788,0.8181818181818182,-0.039312039312039415,0.10883290600799134,-0.31051941160778823,0.5115384615384615,0.8750480769230768,0.3300536672629696,0.707602862254025,0.42857142857142855,0.8625446428571428,0.3687707641196013,0.7791943521594684,0.4758658008658009,0.9654761904761904,0.2321969696969697,0.8284090909090908,0.340080971659919,0.9068825910931174,0.28846153846153844,0.7653846153846153,0.03571428571428571,0.9642857142857143,0.5872164669307527,0.8792024368958109,0.6125927598012889,0.9022155791597036,-0.14067411083540116,0.06867245657568234,-0.4892878308092705,0.8493456150568865,0.7343023255813953,0.2521731129280294,-0.24314238356884962,-0.4391790137172453,1.005225028397223,26,14,3,0.07376749292299763,-0.5600522600606969,1.005225028397223,0.012961242013518193,0.30057623399693767,0.8799999999999999
32,probe_strat,0.9442307692307692,0.41771019677996424,0.9589285714285715,0.36710963455149503,0.948051948051948,0.5252525252525253,0.97165991902834,0.36153846153846153,0.6282051282051282,0.8533988533988534,0.7199017199017199,0.13349713349713344,0.8085422607055057,-0.03189448189890798,0.7960817307692307,0.9865384615384616,0.23870751341681576,0.6100402504472272,0.7749107142857143,0.9946428571428572,0.1893687707641196,0.6230066445182724,0.7922077922077922,1.0,0.1917929292929293,0.7424242424242424,0.7732793522267206,1.0,0.13076923076923078,0.6846153846153846,0.1282051282051282,1.0,0.733333956339713,0.9574558251433251,0.5582524671052632,0.8648758963044678,0.013230023192072544,0.2784673405641147,0.38581718794167347,1.2976900282598878,0.9436046511627907,-0.030261964349384895,-0.2887059850645426,-0.46606023398500734,0.9887914009123118,26,14,6,-0.3018695731982856,-0.2755423969307996,0.9887914009123118,0.8431420279549569,0.7393427262066035,0.9561920677361855
32,probe_strat_noinit,0.9365384615384615,0.4445438282647585,0.9375,0.42857142857142855,0.948051948051948,0.45454545454545453,0.9554655870445344,0.4423076923076923,0.6538461538461539,0.9025389025389026,0.7272727272727273,0.17526617526617527,1.0136635211247838,-0.03733139304231777,0.8038461538461539,0.9817307692307692,0.27549194991055453,0.6565742397137745,0.7856696428571428,0.9875446428571428,0.2491279069767442,0.6727574750830565,0.8095238095238095,1.0,0.22727272727272727,0.7374999999999998,0.7449392712550608,1.0,0.18067307692307694,0.75,0.17861721611721612,0.9642857142857143,0.7551038353363935,0.9728944627192982,0.5567432028732545,0.8624162932986462,0.04028780097565345,0.2980468611357587,0.5319132820692467,1.302981582565946,0.938953488372093,0.01003009728284231,-0.15159790976387139,-0.43187729466202757,0.7564296223913508,26,14,6,0.06033707315365473,-0.3635328926813975,0.7564296223913508,1.017740346869497,1.0055098696353577,0.9516919191919191
32,probe_matched,0.8326923076923077,0.4347048300536673,0.825,0.4833887043189369,0.9004329004329005,0.41919191919191917,0.8340080971659919,0.4423076923076923,0.6794871794871795,0.8198198198198198,0.7837837837837838,0.036036036036036,0.5591378089835966,-0.14831031021011748,0.627860576923077,0.9134615384615384,0.2924865831842576,0.6145796064400715,0.5946428571428571,0.9214732142857142,0.28903654485049834,0.6927325581395349,0.696969696969697,0.9826839826839827,0.2018939393939394,0.7373737373737373,0.4897773279352227,0.9473684210526315,0.2268269230769231,0.7,0.2549679487179487,1.0,0.6475766129032258,0.8947057279914422,0.6132982026143791,0.8871555555555555,-0.08768370649405777,0.13325193564267812,-0.07391945197676572,1.0963356215370872,0.7872093023255814,0.0006483395810972625,-0.09189792056647174,-0.6379009080609132,0.9700710825608363,26,14,3,0.025608391447396073,-0.20940423258033955,0.9700710825608363,0.4699246720097622,0.7375640829312656,0.916
32,dom_regular,1.0,0.9856887298747764,1.0,0.973421926910299,1.0,0.9696969696969697,1.0,0.9961538461538462,0.0,1.0,1.0,0.0,0.4689239597067688,-0.10198113244939999,0.9317307692307693,1.0,0.7807692307692308,1.0,0.9535267857142857,1.0,0.6860049833887043,1.0,0.870021645021645,1.0,0.6666666666666666,1.0,0.959412955465587,1.0,0.7846153846153846,1.0,0.0,0.02564102564102564,0.9851798373113015,1.0,0.9842479066985645,1.0,-0.009364795918367327,0.010105507972743379,0.3260773713990915,0.5992772132991802,1.0,0.39292810234290776,-0.33410153024792993,0.3969419958961122,-0.24099505867651821,26,14,11,-0.21915441699262247,-0.4490486435032374,-0.24099505867651821,0.44872511579761987,0.5093216475250666,
32,dom_regular_verberase,0.9980769230769231,0.7271914132379249,0.9982142857142857,0.6029900332225914,1.0,0.7171717171717171,1.0,0.7076923076923077,0.0,0.9254709254709255,0.8402948402948403,0.08517608517608521,0.7000649599212411,-0.06946066674854647,0.9451201923076923,1.0,0.43823792486583185,0.8908765652951699,0.9571428571428572,1.0,0.3371262458471761,0.8589285714285714,0.9567099567099567,1.0,0.37866161616161614,0.9545454545454546,0.9068825910931174,1.0,0.38846153846153847,0.8885576923076922,0.0,0.4798260869565217,0.7898047249907715,0.9853003701480593,0.667734744226638,0.9226385178405536,0.008203125000000012,0.22058823529411764,0.5098241429265682,0.9001258455365915,1.0,0.1427342862210286,-0.28442088047357433,0.17300614869176742,-0.17855440058771416,26,14,11,-0.17007279867003786,-0.3987689622771108,-0.17855440058771416,0.6721843692199816,0.7558261413237605,
32,dom_regular_rank2,0.9990384615384615,0.5697674418604651,1.0,0.44518272425249167,1.0,0.6161616161616161,1.0,0.5269230769230769,0.20512820512820512,0.9205569205569205,0.85995085995086,0.06060606060606055,0.7452706261724583,-0.07701804852107996,0.9451682692307692,1.0,0.3416592128801431,0.7934033989266548,0.9607142857142857,1.0,0.22425249169435216,0.7392441860465117,0.9653679653679653,1.0,0.25757575757575757,0.8787878787878788,0.9190283400809717,1.0,0.28451923076923075,0.7653846153846153,0.0,0.8412307692307688,0.7808010133701189,0.9810886169160646,0.6940387401143215,0.9322638375449435,-0.020352942286998067,0.1812598071169499,0.5225620634718914,0.9841640393623976,1.0,0.05083257275658613,-0.11731441694712597,0.09635875857641134,-0.04135589262381901,26,14,11,-0.05247519508060948,-0.18215363881364247,-0.04135589262381901,0.725081708108623,0.7856484623001284,
33,adom_matched,0.7980769230769231,0.3953488372093023,0.7910714285714285,0.42524916943521596,0.8831168831168831,0.41414141414141414,0.7165991902834008,0.4230769230769231,0.1794871794871795,0.7502047502047502,0.8509418509418509,-0.10073710073710074,0.2563937452852507,-0.23442875029602522,0.5989663461538461,0.9077163461538461,0.23253577817531307,0.6422406082289803,0.5677232142857143,0.9142857142857143,0.25577242524916943,0.6694767441860465,0.6277056277056277,1.0,0.15151515151515152,0.7222222222222222,0.40475708502024293,0.9149797570850202,0.1845192307692308,0.7115384615384616,0.0,0.6429894179894179,0.5589076425143702,0.884633497133497,0.6186411764705882,0.914850709720348,-0.19366444715619688,0.08172203947368416,-0.5155183445323696,1.415159872045059,0.7197674418604652,-0.3171652058523061,-2.5055162315241777,-0.7390242525866122,-1.0052163613564624,26,14,3,-1.6966071242204157,-3.31442533882794,-1.0052163613564624,0.0976926714782812,0.5737958928991898,0.772
33,dom_matched,0.7076923076923077,0.5295169946332737,0.6428571428571429,0.5897009966777409,0.7878787878787878,0.5404040404040404,0.6477732793522267,0.5269230769230769,0.5128205128205128,0.7608517608517609,0.800982800982801,-0.040131040131040074,0.03889182916883458,-0.310781867564037,0.4855528846153846,0.8625,0.32647584973166366,0.7236359570661897,0.4410267857142857,0.8411160714285714,0.35045681063122924,0.7907392026578073,0.4501082251082251,0.974025974025974,0.21212121212121213,0.8385101010101008,0.3196356275303644,0.9068825910931174,0.2846153846153846,0.7653846153846153,0.03571428571428571,0.9287500000000001,0.5756969696969697,0.8583390198511166,0.602766667301551,0.887500258478081,-0.1507128660354467,0.06981793207891511,-0.6935318048466781,0.8752654845306493,0.7261627906976744,0.2753895788001785,-0.34068806128705004,-0.5389931593724886,0.9789312388283073,26,14,3,0.0012348789518155509,-0.6826110015259156,0.9789312388283073,-0.03661297598249315,0.18990143947149002,0.8619999999999999
33,probe_strat,0.95,0.39177101967799643,0.9553571428571429,0.3504983388704319,0.961038961038961,0.4444444444444444,0.9635627530364372,0.38076923076923075,0.46153846153846156,0.8263718263718264,0.7714987714987716,0.05487305487305483,0.7873271368094541,-0.029770712359147248,0.8085817307692308,0.9855769230769231,0.2334525939177102,0.6055456171735242,0.7964285714285714,0.9893303571428571,0.1777408637873754,0.6146179401993356,0.7920995670995672,1.0,0.14646464646464646,0.7474747474747475,0.7530364372469636,1.0,0.16144230769230772,0.6885576923076923,0.03796296296296297,1.0,0.6911843923768266,0.9433271252579979,0.5787577519379845,0.8900833333333332,-0.04742463834168904,0.2368025696150695,0.3201481686952293,1.29047785982836,0.9325581395348838,-0.0746055885747213,-0.5899434402640789,-0.5145060454559467,1.104722887027556,26,14,6,-0.6003825146867854,-0.5795043658413724,1.104722887027556,0.8537518865544783,0.6544776373194058,0.9466362150920974
33,probe_strat_noinit,0.9298076923076923,0.4481216457960644,0.9321428571428572,0.43521594684385384,0.9393939393939394,0.4595959595959596,0.9352226720647774,0.47307692307692306,0.5641025641025641,0.8984438984438985,0.7461097461097461,0.15233415233415237,0.9629655214643242,-0.04148328171412887,0.7980528846153847,0.9759615384615384,0.2557915921288014,0.6431350626118069,0.7803125,0.9821428571428571,0.2241279069767442,0.6943521594684385,0.7965367965367965,1.0,0.1919191919191919,0.7121212121212122,0.7245951417004048,1.0,0.20759615384615387,0.7847115384615384,0.10056980056980057,0.9629629629629629,0.7450619068266128,0.9629675129675129,0.5831132770471006,0.8789108494533221,0.01157815152801358,0.2575581395348837,0.4775887734634929,1.3007809837965787,0.9412790697674419,0.003724451905121784,-0.37431414920545225,-0.512605864614503,0.6977382322981118,26,14,6,-0.17605290537174983,-0.5725753930391546,0.6977382322981118,0.9906615975360011,0.9075733693209708,0.9450111408199644
33,probe_matched,0.8076923076923077,0.4543828264758497,0.7910714285714285,0.5083056478405316,0.8831168831168831,0.43434343434343436,0.7651821862348178,0.47692307692307695,0.6153846153846154,0.7977067977067978,0.819000819000819,-0.021294021294021248,0.46646642489875684,-0.16134160321829719,0.6104807692307693,0.884639423076923,0.3112477638640429,0.6387745974955276,0.5570089285714286,0.8946875,0.3088039867109635,0.7009966777408638,0.645021645021645,0.9826839826839827,0.16666666666666666,0.7626262626262627,0.4291497975708502,0.9271255060728745,0.2614423076923077,0.7423076923076923,0.2226111111111111,0.9615384615384616,0.6241623129514964,0.8865964619098259,0.6410114660114661,0.9058508581472291,-0.132525139965547,0.08245868791775485,-0.19449454704155572,1.1047660835421729,0.7686046511627908,0.0747535489752545,-0.1995439377899399,-0.7220931126877579,0.9788963778168507,26,14,3,-0.08554149632035893,-0.3135463792595209,0.9788963778168507,0.40555915597017445,0.5882809627559219,0.9039999999999999
33,dom_regular,1.0,0.9767441860465116,1.0,0.9568106312292359,1.0,0.9444444444444444,1.0,0.9923076923076923,0.0,1.0,1.0,0.0,0.4670386603469245,-0.11782779801708174,0.8951201923076924,1.0,0.7459078711985688,0.998211091234347,0.9089285714285714,1.0,0.6743770764119601,0.9950581395348838,0.8050865800865802,1.0,0.6361111111111111,1.0,0.9189271255060729,1.0,0.7691346153846155,1.0,0.0,0.0,0.9660813172043011,1.0,0.974092927631579,1.0,-0.020000000000000018,0.017275493421052675,0.3143691854492651,0.6294836327021669,1.0,0.40109505923295696,-0.4144019825011618,0.43077956108729804,-0.3601789831323152,26,14,11,-0.26447888962352367,-0.5643250753788,-0.3601789831323152,0.44806524577086415,0.5049854894990451,
33,dom_regular_verberase,0.9990384615384615,0.8202146690518783,1.0,0.729235880398671,1.0,0.7676767676767676,1.0,0.8384615384615385,0.0,0.9393939393939394,0.8927108927108927,0.04668304668304679,0.6779922385206818,-0.07224212640328058,0.9451923076923077,1.0,0.5106216457960644,0.9203935599284436,0.9571428571428572,1.0,0.43513289036544855,0.9003322259136213,0.9478354978354978,1.0,0.41906565656565653,0.9797979797979798,0.8864372469635629,1.0,0.5,0.9538461538461539,0.0,0.39285714285714285,0.8014595829091231,0.9918099918099919,0.7590092952551835,0.9608903673131783,-0.030306145334928314,0.14171977124183008,0.464696963689527,0.8944965619360347,1.0,0.19627866511841432,-0.2976758218272862,0.23527538344951535,-0.18835449816787223,26,14,11,-0.1805997843872317,-0.4147518592673407,-0.18835449816787223,0.6645499657754386,0.7048767840111686,
33,dom_regular_rank2,0.9990384615384615,0.6645796064400715,1.0,0.5631229235880398,1.0,0.6666666666666666,1.0,0.6653846153846154,0.11538461538461539,0.9344799344799345,0.8910728910728911,0.04340704340704338,0.7226271417809043,-0.08221220954596858,0.9345913461538462,1.0,0.3890652951699463,0.8461985688729874,0.9535267857142857,1.0,0.28235049833887044,0.8272425249169435,0.948051948051948,1.0,0.27752525252525256,0.9142676767676766,0.902834008097166,1.0,0.3614423076923077,0.8770192307692307,0.0,0.8081481481481475,0.7837044953116382,0.9901333915145006,0.7386234613752122,0.9597921785421786,-0.041973791973791884,0.15562992106923104,0.4995339672160801,0.9639131070804835,1.0,0.09292905076310495,-0.1267512268341121,0.17059951953413313,-0.023841015137532177,26,14,11,-0.06309250398722856,-0.19040994968099564,-0.023841015137532177,0.7190306623211966,0.7298201007003192,
34,adom_matched,0.7778846153846154,0.39713774597495527,0.7660714285714286,0.43521594684385384,0.8787878787878788,0.40404040404040403,0.6761133603238867,0.4269230769230769,0.1794871794871795,0.7346437346437347,0.8533988533988534,-0.11875511875511868,0.24191685179539962,-0.25045112860052504,0.5989663461538461,0.8980769230769231,0.24774150268336317,0.6020125223613595,0.5589285714285714,0.9089732142857142,0.2590531561461794,0.6478820598006645,0.6277056277056277,1.0,0.15643939393939396,0.6868686868686869,0.3967611336032389,0.9149797570850202,0.20759615384615387,0.6961538461538461,0.0,0.6181577681577685,0.5425765095119934,0.858662189035821,0.6118857493857494,0.9068786764705882,-0.20651221833376432,0.07955845216874631,-0.5947348087205461,1.5541465599650888,0.6947674418604651,-0.33587490815715715,-2.6474095036973155,-0.8448753994799963,-1.0450320243766982,26,14,3,-1.870760711989203,-3.424058295405428,-1.0450320243766982,0.08892234348070718,0.5479058684247845,0.778
34,dom_matched,0.6923076923076923,0.5044722719141324,0.6339285714285714,0.5647840531561462,0.7922077922077922,0.5151515151515151,0.6072874493927125,0.5115384615384615,0.4230769230769231,0.7354627354627354,0.8026208026208026,-0.06715806715806716,-0.017883319110771033,-0.3266370240713922,0.4845673076923077,0.8509855769230769,0.31393112701252235,0.7085420393559927,0.4410267857142857,0.8428571428571429,0.34053156146179403,0.7657807308970099,0.4675324675324675,0.9567099567099567,0.21212121212121213,0.8181818181818182,0.3197368421052632,0.858400809716599,0.2846153846153846,0.7578846153846152,0.059333333333333335,0.893543956043956,0.5575452302631578,0.8450052211302211,0.6052336197636949,0.8918918918918919,-0.16654129798772654,0.056528053016698894,-0.8567762807672495,0.8776475755312009,0.7046511627906977,0.22965267627159655,-0.6413442918865147,-0.7183100276865098,0.7016748236176015,26,14,3,-0.355456609435123,-0.9272319743379063,0.7016748236176015,-0.09899284709865454,0.14433573686499587,0.8800000000000001
34,probe_strat,0.926923076923077,0.4141323792486583,0.9357142857142857,0.3770764119601329,0.935064935064935,0.51010101010101,0.9473684210526315,0.38076923076923075,0.44871794871794873,0.7837837837837838,0.7461097461097461,0.03767403767403765,0.7492486353947789,-0.032803673346632006,0.7990144230769232,0.9846394230769231,0.2208855098389982,0.5975178890876566,0.7803571428571429,0.9893303571428571,0.19098837209302327,0.6330149501661129,0.7705627705627706,1.0,0.18181818181818182,0.7323232323232324,0.7368421052631579,1.0,0.1423076923076923,0.6654807692307692,0.037037037037037035,1.0,0.65287580749354,0.9230462284289029,0.5771287001287002,0.8742087585034013,-0.07599754901960791,0.2161569046598174,0.2676951951674599,1.2570705312597332,0.9308139534883721,-0.00963219882850765,-0.7020886350692455,-0.58986025215072,1.0538051513270539,26,14,6,-0.6840032501196511,-0.7201740200188397,1.0538051513270539,0.81745338008321,0.6128391460179168,0.9271776589423648
34,probe_strat_noinit,0.9298076923076923,0.4516994633273703,0.9303571428571429,0.446843853820598,0.948051948051948,0.5050505050505051,0.9433198380566802,0.46923076923076923,0.48717948717948717,0.8632268632268633,0.7305487305487306,0.13267813267813267,0.904008660018183,-0.042442026383306033,0.7817307692307692,0.9673076923076923,0.2700805008944544,0.6467352415026832,0.7445982142857143,0.9785714285714285,0.2424418604651163,0.6993355481727574,0.7575757575757576,1.0,0.19684343434343435,0.7626262626262627,0.7246963562753036,0.9959514170040485,0.1576923076923077,0.7807692307692308,0.038461538461538464,0.8928571428571429,0.7124087572373863,0.9434889434889435,0.5775735294117647,0.8809104414261459,-0.013092036814725951,0.23289838969986018,0.3693406025189701,1.2762421017957803,0.9406976744186046,0.05635792155878233,-0.4436807535886845,-0.5954722730679213,0.6104455682350022,26,14,6,-0.2649895112008287,-0.6223719959765402,0.6104455682350022,0.9471169038783274,0.8177921722978949,0.9394971776589424
34,probe_matched,0.8,0.44275491949910556,0.7857142857142857,0.4883720930232558,0.8744588744588745,0.4292929292929293,0.7732793522267206,0.46923076923076923,0.5256410256410257,0.7624897624897625,0.773955773955774,-0.01146601146601145,0.4479862816580603,-0.16669419099047478,0.5970673076923076,0.8903846153846153,0.29514758497316634,0.6243515205724508,0.5533035714285715,0.8911160714285714,0.30892857142857144,0.6877906976744185,0.6190476190476191,0.961038961038961,0.19696969696969696,0.7425505050505049,0.4128542510121458,0.9190283400809717,0.24990384615384617,0.7230769230769231,0.17517857142857143,0.9285714285714286,0.5863358004385965,0.8591584968640888,0.6096806972789116,0.8786354047482837,-0.1389578163771712,0.08775853083168748,-0.33622130905080044,1.1570327203891124,0.7488372093023256,0.0577419538732407,-0.4027354134763393,-0.907951587551607,0.8645297898792889,26,14,3,-0.39336559583112446,-0.4121052311215541,0.8645297898792889,0.41334275573017676,0.5172733335138273,0.914
34,dom_regular,1.0,0.9713774597495528,1.0,0.9485049833887044,1.0,0.9393939393939394,1.0,0.9923076923076923,0.0,1.0,0.9967239967239967,0.003276003276003303,0.47431799096812194,-0.11081854196842995,0.9009375000000001,1.0,0.7092128801431128,0.998211091234347,0.9088839285714285,1.0,0.6511212624584718,0.9966777408637874,0.7834415584415585,1.0,0.6059343434343435,1.0,0.9351214574898786,1.0,0.7346153846153847,1.0,0.0,0.03333333333333333,0.9608826530612246,1.0,0.9534237132352942,1.0,-0.014498081841432286,0.03603707778083353,0.3196483663948082,0.6559954061720915,1.0,0.37230892006406224,-0.39355392696570324,0.437843159305217,-0.30960196967483244,26,14,11,-0.24375997919387413,-0.5433478747375323,-0.30960196967483244,0.45540531193881284,0.5121433490267402,
34,dom_regular_verberase,0.9990384615384615,0.8237924865831843,1.0,0.7259136212624585,1.0,0.7727272727272727,1.0,0.8576923076923076,0.0,0.9451269451269452,0.9017199017199017,0.04340704340704349,0.6678483442374088,-0.07730202342443503,0.9365144230769231,1.0,0.5024821109123434,0.9347271914132379,0.9571428571428572,1.0,0.4053156146179402,0.915282392026578,0.922077922077922,1.0,0.3888888888888889,0.9797979797979798,0.9109311740890689,1.0,0.4883653846153846,0.9615384615384616,0.0,0.4402916666666666,0.8130033733923677,0.9950021498771499,0.7482855304283876,0.9625196678321678,-0.027183454106280203,0.1773167408410733,0.4771568758972434,0.8858325677160238,1.0,0.18222867568140594,-0.2811837038431349,0.26603733613660757,-0.10007503707646528,26,14,11,-0.1481142304450289,-0.41425317724124094,-0.10007503707646528,0.6476672480597797,0.7082105365926668,
34,dom_regular_rank2,1.0,0.6636851520572451,1.0,0.5481727574750831,1.0,0.6464646464646465,1.0,0.6615384615384615,0.23076923076923078,0.9361179361179361,0.9009009009009009,0.03521703521703523,0.7088528112552943,-0.0834019045145707,0.9442307692307692,1.0,0.395304114490161,0.8354427549194992,0.9570982142857143,1.0,0.30394518272425247,0.8040282392026579,0.9567099567099567,1.0,0.24242424242424243,0.9090909090909091,0.9190283400809717,1.0,0.3269230769230769,0.85,0.0,0.8076923076923077,0.7829372320181144,0.9926494676494676,0.7381508358252544,0.9624273220454435,-0.05219795078792438,0.1714320728291317,0.4925718881815564,0.965725451870787,1.0,0.08071669843992266,-0.11522308275951648,0.19359525295639876,0.07279114461363069,26,14,11,-0.05514994443491902,-0.17529622108411394,0.07279114461363069,0.695491490768544,0.7355754522287954,
35,adom_matched,0.7855769230769231,0.43559928443649376,0.7821428571428571,0.45348837209302323,0.8874458874458875,0.42424242424242425,0.6761133603238867,0.46923076923076923,0.19230769230769232,0.7747747747747747,0.85995085995086,-0.08517608517608521,0.3782357269827349,-0.2433198991928343,0.6009375,0.9029086538461538,0.25398032200357784,0.6440742397137745,0.5820982142857143,0.9214285714285714,0.2558139534883721,0.6694767441860465,0.6363636363636364,1.0,0.14633838383838385,0.7374999999999998,0.3603238866396761,0.9191295546558703,0.2230769230769231,0.7384615384615385,0.0,0.5925925925925926,0.5937575066607325,0.8970881981892841,0.6401680549660442,0.9294751133786847,-0.17611161811161818,0.0852776927784578,-0.2864748635148538,1.7462917467992323,0.7267441860465116,-0.17697605632470323,-1.9333275697606807,-0.6679751386837905,-0.7174392726396194,26,14,3,-1.2498388923509436,-2.6168162471704175,-0.7174392726396194,0.2388978241567214,0.6569115326347619,0.796
35,dom_matched,0.7125,0.5277280858676208,0.6696428571428571,0.5614617940199336,0.8181818181818182,0.5050505050505051,0.6234817813765182,0.573076923076923,0.46153846153846156,0.7714987714987716,0.8042588042588042,-0.0327600327600327,0.16961632008162553,-0.3185259674339726,0.5067067307692308,0.8684134615384614,0.3345035778175313,0.7263416815742396,0.4732142857142857,0.8660714285714286,0.3521594684385382,0.770764119601329,0.5108225108225108,0.961038961038961,0.21212121212121213,0.8484848484848485,0.327834008097166,0.8785425101214575,0.31153846153846154,0.7846153846153846,0.0638974358974359,0.9002898550724635,0.5829769736842105,0.8800883256528418,0.6176458494582043,0.8923621933354222,-0.14212877618152528,0.0817594699780668,-0.4827975062378083,1.0627190815246177,0.7220930232558139,0.2782798379400401,-0.33516596839324436,-0.6059540498585585,0.662573574799078,26,14,3,-0.0805012556110619,-0.5898306811754268,0.662573574799078,0.11740823070094338,0.27403249884298997,0.9039999999999999
35,probe_strat,0.9605769230769231,0.5125223613595706,0.9660714285714286,0.45514950166112955,0.9523809523809523,0.6414141414141414,0.9838056680161943,0.46153846153846156,0.48717948717948717,0.8927108927108927,0.80999180999181,0.08271908271908268,0.8239992505426682,-0.019205258634233526,0.8317067307692309,0.9913701923076923,0.2880143112701252,0.6771690518783542,0.8285714285714286,0.9964285714285714,0.21926910299003322,0.6710963455149501,0.8050865800865802,1.0,0.2474747474747475,0.8031565656565655,0.7692307692307693,1.0,0.1768269230769231,0.7423076923076923,0.07621082621082621,1.0,0.7673423423423423,0.9672399672399672,0.6393666886109283,0.923552372791682,-0.023856633771929835,0.21379891304347828,0.4289879595248338,1.1835658447943427,0.975,0.09918964817192677,-0.3347431417177249,-0.35233292676115174,1.0084268476022624,26,14,6,-0.2964542506791628,-0.373032032756287,1.0084268476022624,0.9093406195871168,0.6533165124537708,0.9593590314913844
35,probe_strat_noinit,0.9490384615384615,0.556350626118068,0.9553571428571429,0.5348837209302325,0.948051948051948,0.5909090909090909,0.9595141700404858,0.55,0.5641025641025641,0.9459459459459459,0.823914823914824,0.12203112203112199,0.9297175595274806,-0.032120095851619054,0.8211538461538461,0.9826923076923076,0.3495974955277281,0.7048747763864042,0.7945982142857142,0.9892857142857143,0.2972591362126246,0.7409883720930232,0.8095238095238095,1.0,0.29797979797979796,0.8383838383838383,0.7773279352226721,1.0,0.24615384615384617,0.819326923076923,0.09025641025641026,0.9285714285714286,0.8138391323875195,0.986671052631579,0.6603953177625272,0.9262944428385604,0.0155225590236095,0.2212151231863175,0.5003101960102418,1.2385186136804807,0.9715116279069768,0.1815618651366449,-0.14768126726830308,-0.3410689803608564,0.6670975542052473,26,14,6,0.04539192397129725,-0.3407544585079034,0.6670975542052473,0.9869034614422898,0.8153457556978614,0.9513309566250744
35,probe_matched,0.8576923076923076,0.4660107334525939,0.8517857142857143,0.4950166112956811,0.9177489177489178,0.46464646464646464,0.8663967611336032,0.4846153846153846,0.7051282051282052,0.8435708435708436,0.8214578214578214,0.02211302211302213,0.6898322204594035,-0.15606130792193423,0.6470432692307693,0.9336538461538462,0.31303667262969587,0.6681574239713775,0.6267410714285714,0.9411160714285713,0.3171926910299004,0.704360465116279,0.7185064935064935,0.987012987012987,0.2222222222222222,0.7829545454545453,0.5505060728744939,0.9596153846153844,0.25384615384615383,0.7538461538461538,0.25,1.0,0.6819586864229722,0.924035415763357,0.6519122499122498,0.9017279245850675,-0.0715592031175912,0.12536918393940064,0.16595404019677293,1.252216160895491,0.8372093023255814,0.09455328872605791,-0.015596600807232318,-0.5636440201288515,0.9248973635072271,26,14,3,0.06553652716292992,-0.09672972877739455,0.9248973635072271,0.7029310337423794,0.6636345938934524,0.9400000000000001
35,dom_regular,1.0,0.9838998211091234,1.0,0.9700996677740864,1.0,0.9595959595959596,1.0,0.9923076923076923,0.0,1.0,0.9942669942669943,0.005733005733005725,0.5630145835232557,-0.09276842398702088,0.9067067307692308,1.0,0.7352191413237925,0.998211091234347,0.9338392857142858,1.0,0.6875830564784052,0.9966777408637874,0.7922077922077922,1.0,0.6666666666666666,1.0,0.9392712550607287,1.0,0.7769230769230769,1.0,0.0,0.1111111111111111,0.9641638071895424,1.0,0.9459159567175871,1.0,-0.01388888888888884,0.04496616581415167,0.4080185113254316,0.7499032271406497,1.0,0.36921530696707006,-0.17579232593598165,0.43500351276618215,-0.23452399816270986,26,14,11,-0.06206833104726721,-0.2895163208246961,-0.23452399816270986,0.5537273161834972,0.581589118202773,
35,dom_regular_verberase,0.9980769230769231,0.851520572450805,1.0,0.7757475083056479,1.0,0.8686868686868687,1.0,0.8153846153846154,0.1282051282051282,0.9705159705159705,0.9696969696969697,0.0008190008190007703,0.7476947593129828,-0.043337102634087694,0.9519230769230769,1.0,0.5410778175313059,0.9230992844364938,0.9714285714285714,1.0,0.45008305647840535,0.9086378737541528,0.922077922077922,1.0,0.47474747474747475,0.98989898989899,0.9392712550607287,1.0,0.4576923076923077,0.926923076923077,0.0,0.7086309523809522,0.8754914004914005,1.0,0.8653033713485395,0.9942115135663522,-0.047193232131562304,0.08825571895424837,0.5538939050670691,0.9683197797343868,1.0,0.1983328718993883,-0.07103100491855316,0.2462402323224914,0.1156679298051602,26,14,11,0.047249059561595266,-0.1893110693987016,0.1156679298051602,0.7341649761347249,0.7747543256694984,
35,dom_regular_rank2,1.0,0.7209302325581395,1.0,0.6362126245847176,1.0,0.7575757575757576,1.0,0.6538461538461539,0.4358974358974359,0.9721539721539721,0.9688779688779688,0.003276003276003303,0.7759606589061019,-0.042645489182521944,0.9614663461538462,1.0,0.4266100178890877,0.8470706618962434,0.9821428571428571,1.0,0.32387873754152824,0.8056893687707641,0.9134199134199135,1.0,0.3534090909090909,0.9395202020202019,0.97165991902834,1.0,0.3576923076923077,0.8346153846153846,0.0,0.8915277777777776,0.8909996011762202,1.0,0.8584611532785157,0.9941169083977858,-0.04635372453310695,0.10115131578947367,0.5529723822209743,1.0154798800143223,1.0,0.1192042816323535,0.034701714898026995,0.20960558371332974,0.2580807429289017,26,14,11,0.09659835244465871,-0.027194922648604715,0.2580807429289017,0.766474372092347,0.7949332325336111,
36,adom_matched,0.7903846153846154,0.40429338103756707,0.775,0.43023255813953487,0.9134199134199135,0.3686868686868687,0.659919028340081,0.4576923076923077,0.19230769230769232,0.7567567567567568,0.8288288288288288,-0.072072072072072,0.45782186036680383,-0.2681935590110904,0.5971153846153846,0.9106009615384615,0.259391771019678,0.6262298747763863,0.5785267857142857,0.9179017857142856,0.2491279069767442,0.6428986710963456,0.6232683982683983,1.0,0.1513888888888889,0.7323232323232324,0.3845141700404859,0.9068825910931174,0.22692307692307692,0.7,0.0,0.6931114718614716,0.5687395410252554,0.8784541639236338,0.6158872338247338,0.9156534833954189,-0.19934640522875813,0.08834948979591839,-0.27807777890027974,1.6823088078135655,0.7133720930232558,-0.3221116167581255,-2.093235111451091,-0.6545655846286698,-0.7739427794735718,26,14,3,-1.4000857697020566,-2.786384453200125,-0.7739427794735718,0.32673869393658916,0.719988193227233,0.794
36,dom_matched,0.7173076923076923,0.49821109123434704,0.6714285714285714,0.5465116279069767,0.8268398268398268,0.4595959595959596,0.6275303643724697,0.5461538461538461,0.4358974358974359,0.7403767403767404,0.7911547911547911,-0.050778050778050754,0.3057303585355773,-0.33135155387945864,0.5076682692307692,0.8711538461538462,0.32558139534883723,0.7039803220035777,0.46066964285714285,0.8678571428571429,0.3372093023255814,0.7558554817275748,0.5107142857142858,0.9654761904761904,0.1919191919191919,0.8383838383838383,0.33593117408906886,0.8786437246963561,0.30374999999999996,0.7692307692307693,0.07142857142857142,0.9052248677248681,0.5607062487250102,0.85335,0.5969827678878569,0.8908486842105263,-0.17239341460268323,0.07693256578947362,-0.31084584938630927,1.370363518568976,0.711046511627907,0.15872644991059065,-0.5412420314710431,-0.6163308870975548,0.5881073360852006,26,14,3,-0.2745857212147224,-0.8078983417273637,0.5881073360852006,0.25749269999113295,0.4022056756244661,0.942
36,probe_strat,0.9625,0.5116279069767442,0.9625,0.45514950166112955,0.948051948051948,0.6212121212121212,1.0,0.4653846153846154,0.5,0.9295659295659295,0.8607698607698607,0.06879606879606881,0.9346795837459895,-0.028930249828810876,0.8432451923076923,0.9942307692307693,0.3049865831842576,0.6619186046511628,0.8391964285714286,0.9946428571428572,0.24248338870431896,0.6661129568106312,0.8094155844155845,1.0,0.24242424242424243,0.803030303030303,0.793421052631579,1.0,0.20384615384615384,0.74625,0.07142857142857142,1.0,0.8033157894736842,0.978137895991029,0.6904324229691877,0.9371123326480468,-0.020445261437908535,0.18383210784313725,0.5699781838187253,1.3573400725570015,0.9703488372093023,0.09847228052744013,-0.3259347726448836,-0.3558347617086299,1.0404117519468756,26,14,6,-0.38622887710822884,-0.2656406681815383,1.0404117519468756,1.029344698448635,0.7453493543406982,0.962567587641117
36,probe_strat_noinit,0.9519230769230769,0.5304114490161002,0.9607142857142857,0.5099667774086378,0.9437229437229437,0.5656565656565656,0.9838056680161943,0.5538461538461539,0.5128205128205128,0.9721539721539721,0.8984438984438985,0.07371007371007365,1.0334273126586258,-0.037687797985680144,0.8336057692307692,0.989423076923077,0.34610912343470485,0.6923747763864042,0.8195982142857142,0.9946428571428572,0.26245847176079734,0.7376245847176078,0.8138528138528138,1.0,0.2625,0.8080808080808081,0.8097165991902834,1.0,0.24605769230769234,0.7885576923076922,0.09510073260073261,1.0,0.8566107882865662,0.9934217261519893,0.7162300402226389,0.9541687091503268,0.004961258697027243,0.19258465653814477,0.6177902316702664,1.3680638331156336,0.9767441860465116,0.16069752552803834,-0.1717474609629897,-0.34114125578407895,0.6363440053192815,26,14,6,-0.08879221317709432,-0.2547027087488851,0.6363440053192815,1.098965619956884,0.9023506980621094,0.9557479203802733
36,probe_matched,0.8653846153846154,0.4516994633273703,0.8607142857142858,0.48172757475083056,0.9264069264069265,0.41919191919191917,0.8623481781376519,0.5153846153846153,0.6538461538461539,0.8468468468468469,0.819000819000819,0.027846027846027854,0.8528971299646971,-0.16066601596427926,0.6509615384615385,0.9375961538461538,0.3013416815742397,0.6520572450805009,0.6356696428571428,0.9482142857142857,0.2939784053156146,0.6827242524916943,0.7141774891774892,0.9913419913419913,0.1715909090909091,0.7171717171717171,0.5222672064777328,0.9676113360323887,0.27278846153846154,0.7500961538461538,0.18,1.0,0.6616849831330381,0.9167503576670945,0.6416524621212122,0.897072975381799,-0.07666467899026035,0.11521413565426161,0.32683821613760566,1.5258204903200785,0.8273255813953488,0.04370289180288188,-0.1573931287827533,-0.5261331618684778,0.9456436249253715,26,14,3,-0.06316218983234503,-0.2516240677331616,0.9456436249253715,0.8910225142793416,0.7766463613354079,0.95
36,dom_regular,0.9990384615384615,0.983005366726297,0.9982142857142857,0.96843853820598,0.9956709956709957,0.9545454545454546,1.0,0.9961538461538462,0.0,1.0,0.9983619983619983,0.0016380016380016515,0.5971354622168995,-0.09028759757447788,0.8874759615384615,1.0,0.7387745974955277,0.9964221824686941,0.8963392857142858,1.0,0.6677740863787376,0.9950166112956811,0.7575757575757576,1.0,0.6362373737373738,1.0,0.9433198380566802,1.0,0.7730769230769231,1.0,0.0,0.1111111111111111,0.9632352941176471,1.0,0.9499805487305487,1.0,-0.018337573591253133,0.04168750000000005,0.4175959581199128,0.7731006805008529,1.0,0.3958406111562548,-0.19065527318091724,0.4497483405584108,-0.2035289605175021,26,14,11,-0.07981146546438386,-0.3014990808974506,-0.2035289605175021,0.599326446989489,0.5927534926717206,
36,dom_regular_verberase,0.9971153846153846,0.8121645796064401,0.9982142857142857,0.7475083056478405,1.0,0.7727272727272727,1.0,0.823076923076923,0.20512820512820512,0.9606879606879607,0.9787059787059788,-0.018018018018018056,0.8516123737852281,-0.07546230524249264,0.9422836538461539,1.0,0.5071332737030412,0.915943649373882,0.9553571428571429,1.0,0.4318521594684385,0.9120016611295682,0.9348484848484848,1.0,0.3686868686868687,0.9848484848484849,0.9107287449392714,1.0,0.4960576923076923,0.9347115384615384,0.0,0.7302307692307691,0.853551506799862,1.0,0.8847822255479146,0.9983552631578947,-0.08889880952380944,0.07361694539113896,0.6337507661653167,1.0797525977870854,1.0,0.16936833500159829,-0.12016622647160759,0.26840963034206844,0.15449429701923814,26,14,11,0.0471859943728584,-0.28751844731607357,0.15449429701923814,0.8522886195684464,0.8502598822187917,
36,dom_regular_rank2,0.9990384615384615,0.6851520572450805,1.0,0.6013289036544851,1.0,0.6717171717171717,1.0,0.6615384615384615,0.48717948717948717,0.9672399672399672,0.9836199836199836,-0.016380016380016404,0.8929277342347034,-0.07165655758332867,0.9596153846153846,1.0,0.39979874776386404,0.8443649373881932,0.9588839285714286,1.0,0.3421511627906977,0.8239617940199335,0.9567099567099567,1.0,0.24242424242424243,0.9242424242424242,0.9310728744939272,1.0,0.38048076923076923,0.8577884615384614,0.0,0.9074074074074074,0.8416297350981736,0.9983660464185674,0.8916048387096774,1.0,-0.10295242786941076,0.0542841721627269,0.6540394453539292,1.134771813080394,1.0,0.09126659874303747,0.022764592628007486,0.2505082666774658,0.2903643360224763,26,14,11,0.15068058573206555,-0.10515140047605058,0.2903643360224763,0.8991723834936977,0.8804384357167148,
37,adom_matched,0.7740384615384616,0.4087656529516995,0.7678571428571429,0.42358803986710963,0.8831168831168831,0.3686868686868687,0.6396761133603239,0.45,0.20512820512820512,0.7633087633087633,0.8091728091728092,-0.04586404586404591,0.47107247290773313,-0.29252687729500076,0.5836057692307692,0.8932692307692308,0.2629695885509839,0.6109347048300536,0.5820535714285715,0.9,0.25078903654485046,0.6279485049833887,0.6363636363636364,1.0,0.13131313131313133,0.7070707070707071,0.3480769230769231,0.8866396761133604,0.23076923076923078,0.7192307692307692,0.0,0.6789285714285714,0.5815934707216219,0.8811891192370461,0.6162409479921,0.9107523546273546,-0.19527786114445775,0.1200849780701755,-0.33935005117390327,2.3685296046552047,0.6906976744186046,-0.41427646873746315,-2.231342635454222,-0.7270444359037963,-0.9606761498921278,26,14,3,-1.376235481631012,-3.0864497892774314,-0.9606761498921278,0.30182336231578233,0.8095706940916347,0.762
37,dom_matched,0.7057692307692308,0.47942754919499103,0.675,0.5166112956810631,0.8311688311688312,0.42424242424242425,0.5870445344129555,0.5346153846153846,0.3974358974358974,0.7403767403767404,0.7886977886977887,-0.04832104832104833,0.2999724635025299,-0.3422204028076999,0.48360576923076926,0.8596634615384615,0.31753130590339895,0.7084525939177101,0.47852678571428575,0.8589732142857142,0.3272425249169435,0.7425664451827243,0.462987012987013,0.974025974025974,0.1717171717171717,0.8232323232323232,0.29554655870445345,0.8785425101214575,0.3,0.7846153846153846,0.07142857142857142,0.9171666666666666,0.5775970965309201,0.866811839867526,0.6232933006535948,0.8939350328947369,-0.16490132719754566,0.08605464121132324,-0.38722410802005064,1.876582613383714,0.6918604651162791,0.12968007385809124,-0.6168999258560782,-0.6705157682797727,0.4229391764684961,26,14,3,-0.2635356048306363,-0.9702642468815201,0.4229391764684961,0.23468694550913516,0.43054349948931925,0.924
37,probe_strat,0.9653846153846154,0.4669051878354204,0.9678571428571429,0.4269102990033223,0.9653679653679653,0.5353535353535354,0.9838056680161943,0.41923076923076924,0.48717948717948717,0.9246519246519247,0.8615888615888616,0.06306306306306309,0.9057405676468958,-0.028818575873968872,0.8538461538461538,0.9951923076923077,0.2549194991055456,0.6217128801431127,0.8499553571428571,0.9964285714285714,0.21424418604651163,0.6495431893687708,0.8310606060606062,1.0,0.19684343434343435,0.752651515151515,0.8097165991902834,1.0,0.16144230769230772,0.7153846153846154,0.0386923076923077,1.0,0.7929449797160244,0.9828690476190476,0.6915912828947368,0.9453087051197651,-0.022080653514477074,0.1783191171970624,0.4877211267918195,1.371185530792613,0.952906976744186,0.04061525934878687,-0.4062842468510104,-0.4184076558330893,0.9806331875274427,26,14,6,-0.35001651345538504,-0.46255198024663574,0.9806331875274427,1.0403573354640234,0.6365070320126401,0.9474702911467616
37,probe_strat_noinit,0.9451923076923077,0.49821109123434704,0.9553571428571429,0.47674418604651164,0.9437229437229437,0.5353535353535354,0.9757085020242915,0.49615384615384617,0.5384615384615384,0.9582309582309583,0.8738738738738738,0.08435708435708444,1.039862034849799,-0.036159432493939096,0.8365144230769231,0.989423076923077,0.313953488372093,0.663752236135957,0.8338839285714286,0.9928571428571429,0.2724252491694352,0.6961794019933553,0.8224025974025975,1.0,0.22714646464646465,0.8080808080808081,0.7973684210526316,1.0,0.21528846153846157,0.7655769230769228,0.09123397435897436,1.0,0.8468185328185328,0.9901747360931035,0.7214900752116901,0.9481943530701754,0.002582458061950274,0.18101778700051724,0.5661685064330535,1.34335939943114,0.9616279069767442,0.1178151731977823,-0.26806428266002796,-0.4316091673519333,0.5826381767862977,26,14,6,-0.08799373723178015,-0.4481348280882758,0.5826381767862977,1.122151030092253,0.8752840443648917,0.9412893642305405
37,probe_matched,0.8692307692307693,0.44633273703041143,0.8732142857142857,0.46179401993355484,0.9264069264069265,0.3787878787878788,0.8744939271255061,0.5,0.7051282051282052,0.8542178542178542,0.8296478296478297,0.02457002457002455,0.8453646907883134,-0.15261083157595454,0.6471153846153846,0.9375,0.3067084078711986,0.6538461538461539,0.6320089285714285,0.9429017857142856,0.290656146179402,0.6977159468438539,0.6883116883116883,0.9956709956709957,0.17664141414141415,0.7425505050505049,0.4939271255060729,0.9554655870445344,0.2846153846153846,0.7500961538461538,0.2222222222222222,1.0,0.6597640452291615,0.9164825439018986,0.641217320261438,0.9022250566893424,-0.07971902529127595,0.1133367346938775,0.26554228477425823,1.707093823544124,0.825,0.012661884373408153,-0.06993152296779638,-0.516019926364929,1.0042744108087618,26,14,3,0.10825707805728335,-0.2481201239928761,1.0042744108087618,0.8907438366018312,0.7546063991612784,0.95
37,dom_regular,1.0,0.9525939177101967,1.0,0.9119601328903655,1.0,0.9393939393939394,1.0,0.9461538461538461,0.0,0.9983619983619983,0.9967239967239967,0.0016380016380016515,0.6630417800703252,-0.07128358722439891,0.8721153846153846,1.0,0.6680456171735242,0.9856887298747764,0.8963392857142858,1.0,0.5863372093023256,0.9784468438538206,0.7316017316017316,1.0,0.5705808080808081,1.0,0.9392712550607287,1.0,0.6767307692307692,1.0,0.0,0.24358974358974358,0.9333204134366925,1.0,0.9325627558479532,1.0,-0.040897510319917514,0.056528018660371555,0.4630200901453557,0.8826267524429914,1.0,0.3462851048291403,-0.1523903340412286,0.4439966869545368,-0.15405563149467258,26,14,11,-0.049359435056610806,-0.2554212330258464,-0.15405563149467258,0.6612083260979635,0.6667086880150487,
37,dom_regular_verberase,0.9971153846153846,0.8094812164579607,0.9964285714285714,0.7059800664451827,1.0,0.8131313131313131,1.0,0.7730769230769231,0.14102564102564102,0.9737919737919738,0.9819819819819819,-0.008190008190008147,0.8246637659852395,-0.06222701648388302,0.9423076923076923,1.0,0.5322003577817531,0.9150491949910555,0.9517857142857142,1.0,0.4468023255813953,0.8754152823920266,0.9307359307359307,1.0,0.39886363636363636,0.9848484848484849,0.9148785425101215,1.0,0.47307692307692306,0.9153846153846154,0.0,0.7037037037037037,0.8725384777566941,1.0,0.897203947368421,0.9983552631578947,-0.08444799277447312,0.06996299342105267,0.5890145315372489,1.054234119546699,1.0,0.17002410427285652,-0.12573045180791345,0.2867911191481443,0.12207230104471643,26,14,11,-0.0035964946392217857,-0.24786440897660514,0.12207230104471643,0.8231710944684556,0.8276491090188074,
37,dom_regular_rank2,0.9980769230769231,0.6949910554561717,0.9964285714285714,0.5880398671096345,1.0,0.7424242424242424,1.0,0.6153846153846154,0.46153846153846156,0.972972972972973,0.9860769860769861,-0.013104013104013101,0.8708617214160786,-0.05987785888685994,0.9480528846153846,1.0,0.40966010733452596,0.8345483005366726,0.9535714285714286,1.0,0.3122093023255814,0.8089700996677741,0.9392857142857144,1.0,0.2928030303030303,0.9444444444444444,0.9352226720647774,1.0,0.35,0.8423076923076923,0.03571428571428571,0.8888888888888888,0.8604132785818832,1.0,0.8983550506595948,1.0,-0.08916927723177728,0.07500255102040823,0.6398258578977897,1.1810061720361313,1.0,0.08319577038620495,-0.018313144228422604,0.26932789029127885,0.2679286046134038,26,14,11,0.08517907990282611,-0.12180536835967132,0.2679286046134038,0.8724762198487566,0.8676327245507229,
38,adom_matched,0.8096153846153846,0.3926654740608229,0.8071428571428572,0.4169435215946844,0.922077922077922,0.36363636363636365,0.7165991902834008,0.4307692307692308,0.20512820512820512,0.7911547911547911,0.8247338247338247,-0.03357903357903358,0.5654688972428494,-0.3036745955671924,0.635576923076923,0.9182692307692307,0.2504472271914132,0.5994186046511627,0.6284821428571429,0.9339732142857142,0.2457641196013289,0.6329318936877076,0.7096320346320347,1.0,0.13623737373737374,0.7021464646464645,0.4493927125506073,0.9190283400809717,0.20375000000000001,0.6770192307692308,0.0,0.6298115079365078,0.6191031941031941,0.9092083333333333,0.6467328370554177,0.9240978714066271,-0.1669851239546963,0.11796974113150578,-0.11521772157521476,1.7719417606042478,0.7319767441860465,-0.34575236276772126,-1.6680625177143262,-0.5405927022458977,-0.7464411336340331,26,14,3,-1.0665553741698188,-2.2695696612588336,-0.7464411336340331,0.4794911688372766,0.7374243540539952,0.8000000000000002
38,dom_matched,0.7528846153846154,0.4874776386404293,0.7267857142857143,0.5249169435215947,0.8614718614718615,0.43434343434343436,0.6396761133603239,0.5384615384615384,0.4230769230769231,0.7911547911547911,0.8181818181818182,-0.027027027027027084,0.5294330715185794,-0.35218788723599825,0.5317067307692308,0.9029326923076922,0.3121422182468694,0.7075357781753131,0.5160714285714286,0.8804464285714285,0.3238372093023256,0.7509551495016611,0.566991341991342,0.987012987012987,0.16161616161616163,0.8282828282828283,0.3480769230769231,0.8988866396761133,0.3153846153846154,0.7962499999999999,0.0684981684981685,0.8928571428571429,0.6104188219066429,0.8940609819121447,0.6479546901528014,0.914235294117647,-0.14827466613180895,0.09085570229320238,-0.06644425175088492,1.6895304059916025,0.7372093023255814,0.1138488156256849,-0.4790989304698031,-0.5322075250613304,0.2701920466112269,26,14,3,-0.30929918446585963,-0.6488986764737467,0.2701920466112269,0.5095537605549658,0.5691916934458068,0.924
38,probe_strat,0.9875,0.4552772808586762,0.9892857142857143,0.42857142857142855,0.9826839826839827,0.494949494949495,0.9959514170040485,0.4461538461538462,0.5128205128205128,0.9475839475839476,0.8820638820638821,0.0655200655200655,1.0215278151948246,-0.026437330826502698,0.9037980769230769,1.0,0.2691860465116279,0.6431350626118069,0.9,1.0,0.23588039867109634,0.6712624584717606,0.8961038961038961,1.0,0.21704545454545457,0.7575757575757576,0.854251012145749,1.0,0.17307692307692307,0.7307692307692307,0.07142857142857142,1.0,0.8254637096774193,0.993421052631579,0.7126200266707179,0.9534789629251205,-0.011469387755101956,0.19200525726261017,0.5996339173629924,1.4318858461337356,0.9720930232558139,0.018669706757247953,-0.21637948344387772,-0.26409700730666824,0.761247241266801,26,14,6,-0.22167520856500936,-0.2110837583227461,0.761247241266801,1.1670141029790464,0.7305552396263816,0.9522066250742721
38,probe_strat_noinit,0.9788461538461538,0.501788908765653,0.9875,0.473421926910299,0.974025974025974,0.5404040404040404,0.9919028340080972,0.49230769230769234,0.5641025641025641,0.9623259623259623,0.9107289107289107,0.051597051597051635,1.1135436923238224,-0.03500285788819871,0.8961057692307692,1.0,0.3148032200357782,0.6976744186046512,0.8821428571428571,1.0,0.26411960132890366,0.7210963455149499,0.9047619047619048,1.0,0.25744949494949493,0.7929292929292929,0.8541497975708502,1.0,0.23076923076923078,0.7654807692307691,0.07407407407407407,1.0,0.8566143790849673,0.9959151160464186,0.7434814709455411,0.9668494897959183,0.0008064516129032346,0.1729039426523297,0.7230296639340581,1.4380144316403156,0.9848837209302326,0.07836504151984809,-0.12158066515703055,-0.27587402401579425,0.5276607552241336,26,14,6,0.001007311822407941,-0.24416864213646902,0.5276607552241336,1.2036500057285573,0.9333310655143526,0.9422341057635174
38,probe_matched,0.9298076923076923,0.4445438282647585,0.9303571428571429,0.4601328903654485,0.9913419913419913,0.3787878787878788,0.9311740890688259,0.4846153846153846,0.6923076923076923,0.8951678951678952,0.8394758394758395,0.05569205569205571,1.0014070040845837,-0.14970506494338195,0.7172596153846154,0.9625240384615384,0.3184257602862254,0.6512298747763864,0.6982142857142857,0.975,0.3088870431893688,0.6943936877076412,0.7619047619047619,1.0,0.18674242424242427,0.75770202020202,0.6032388663967612,0.9838056680161943,0.25769230769230766,0.7423076923076923,0.21428571428571427,1.0,0.7239557739557739,0.9459459459459459,0.6606996965452848,0.9260397854317165,-0.059014690827190755,0.13980339447607007,0.524429547110594,1.6778381166589005,0.8843023255813953,0.010367104299449622,-0.03400086262225967,-0.35697207566323375,0.8230340876650829,26,14,3,0.06778174754474406,-0.1357834727892634,0.8230340876650829,1.0690722210235641,0.866076570206624,0.96
38,dom_regular,1.0,0.9257602862254025,1.0,0.8621262458471761,1.0,0.9090909090909091,1.0,0.926923076923077,0.02564102564102564,1.0,0.9967239967239967,0.003276003276003303,0.8027905475833739,-0.06419351712742544,0.9537500000000001,1.0,0.6368067978533094,0.9776386404293381,0.9570982142857143,1.0,0.5647425249169435,0.9651993355481727,0.883008658008658,1.0,0.5099747474747475,1.0,0.9757085020242915,1.0,0.6038461538461538,1.0,0.0,0.4443333333333334,0.9493284186677193,1.0,0.9427805228483319,1.0,-0.03183934212505646,0.04442105766834027,0.5907524195100817,1.0176703695134945,1.0,0.26346194014105684,-0.04848498237772893,0.3515816084415437,-0.011144464301121492,26,14,11,0.053659136149123876,-0.15062910090458173,-0.011144464301121492,0.8083580064530873,0.7916556298439469,
38,dom_regular_verberase,0.9971153846153846,0.8291592128801432,0.9964285714285714,0.7142857142857143,1.0,0.8535353535353535,1.0,0.7807692307692308,0.23076923076923078,0.9934479934479934,0.9934479934479934,0.0,0.8952965685181838,-0.0554823052574445,0.9682211538461538,1.0,0.5543381037567084,0.9221824686940966,0.9731696428571428,1.0,0.43853820598006643,0.8837209302325582,0.9652597402597403,1.0,0.47474747474747475,0.9949494949494949,0.951417004048583,1.0,0.46923076923076923,0.9192307692307692,0.0,0.7053240740740742,0.9304708121474813,1.0,0.9272125723738627,1.0,-0.04469498824337532,0.05859695622435015,0.6827508847692259,1.147321161760854,1.0,0.16881175534831036,-0.06826115611220712,0.25447297249640866,0.18172440422187233,26,14,11,0.079930224387134,-0.21645253661154826,0.18172440422187233,0.9097762376573145,0.8663372302399228,
38,dom_regular_rank2,0.9971153846153846,0.721824686940966,0.9964285714285714,0.574750830564784,1.0,0.7929292929292929,1.0,0.6384615384615384,0.5512820512820513,0.990990990990991,0.9934479934479934,-0.002457002457002422,0.9475550879046818,-0.055264973145600804,0.9711538461538461,1.0,0.4398926654740608,0.8560375670840786,0.9695982142857142,1.0,0.3537375415282392,0.813953488372093,0.974025974025974,1.0,0.398989898989899,0.9545454545454546,0.9595141700404858,1.0,0.3730769230769231,0.8269230769230769,0.037037037037037035,0.9361025641025639,0.9152894683092535,1.0,0.9493259803921569,1.0,-0.07046488533988536,0.047155241935483865,0.7121825784802821,1.2012095312225903,1.0,0.09232635747097503,0.02807370842805538,0.264224162027836,0.3085152290810684,26,14,11,0.1774180674213932,-0.12127065056528245,0.3085152290810684,0.9553368127261805,0.9319916382616846,
39,adom_matched,0.7586538461538461,0.3926654740608229,0.7517857142857143,0.42524916943521596,0.8961038961038961,0.37373737373737376,0.6275303643724697,0.4115384615384615,0.1794871794871795,0.7395577395577395,0.8533988533988534,-0.11384111384111384,0.07201270139216191,-0.3480719696631619,0.5441826923076922,0.8884615384615384,0.2584973166368515,0.6136180679785331,0.5553571428571429,0.8946428571428572,0.25078903654485046,0.6412375415282392,0.6190476190476191,0.9914502164502164,0.1513888888888889,0.656691919191919,0.376417004048583,0.8786437246963561,0.21923076923076923,0.7192307692307692,0.00032051282051284783,0.6151785714285717,0.5401141952154705,0.8791340460526316,0.6505370144693706,0.9281102941176471,-0.26195350348576163,0.0832905923738556,-1.2142029669170662,1.9346910160937576,0.663953488372093,-0.5257774689462462,-2.3807828443654637,-0.5427328068914933,-1.332590285635163,26,14,3,-1.6708249141451157,-3.0907407745858118,-1.332590285635163,-0.1465987334192953,0.5092355710150763,0.744
39,dom_matched,0.6951923076923077,0.48300536672629696,0.6678571428571428,0.521594684385382,0.8225108225108225,0.40404040404040403,0.5506072874493927,0.5769230769230769,0.32051282051282054,0.7608517608517609,0.8132678132678133,-0.052416052416052406,0.12113957417018324,-0.3670526966033974,0.46242788461538464,0.8509855769230769,0.3041144901610018,0.6879025044722719,0.4428125,0.8375446428571428,0.3122093023255814,0.7325996677740864,0.45865800865800865,0.9783549783549783,0.15643939393939396,0.7829545454545453,0.2671052631578948,0.8260121457489877,0.30374999999999996,0.8461538461538461,0.06958333333333334,0.8760416666666666,0.5641342556759547,0.8658705466830466,0.6323979987014526,0.9107698607698607,-0.20584720515970514,0.06404473684210528,-1.1081802888312156,1.7498302421011682,0.6761627906976744,0.09866427255341469,-0.8896489673170429,-0.6989123190609975,0.08551271378271383,26,14,3,-0.7430714378393157,-1.03622649679477,0.08551271378271383,0.0102947019332242,0.3428293186441013,0.85
39,probe_strat,0.9788461538461538,0.4418604651162791,0.9785714285714285,0.44019933554817275,0.9783549783549783,0.4898989898989899,0.9878542510121457,0.45384615384615384,0.48717948717948717,0.9312039312039312,0.8771498771498771,0.05405405405405406,0.9625518385266303,-0.04375652036591045,0.8394230769230769,0.9971153846153846,0.273613595706619,0.6279293381037567,0.8267410714285713,0.9964732142857142,0.2674003322259136,0.6727574750830565,0.8571428571428571,1.0,0.1917929292929293,0.7474747474747475,0.7935222672064778,1.0,0.17307692307692307,0.7538461538461538,0.037037037037037035,1.0,0.7799422043010753,0.9835543153799733,0.6899429069533324,0.9495564516129031,-0.04342603398853396,0.18504278805719093,0.4110824345965643,1.4309880363782417,0.9505813953488372,0.011621924065800256,-0.30574722777576047,-0.3241667481362211,0.6156161960470544,26,14,6,-0.328869576456736,-0.2826248790947849,0.6156161960470544,1.0944440071479138,0.6987675012840625,0.9438034759358288
39,probe_strat_noinit,0.9625,0.47942754919499103,0.9678571428571429,0.48006644518272423,0.974025974025974,0.4696969696969697,0.97165991902834,0.5,0.5512820512820513,0.9516789516789517,0.8853398853398854,0.06633906633906628,1.0930301438830818,-0.051827771201123064,0.8345913461538462,0.9932692307692308,0.2853085867620751,0.6726296958855098,0.8339285714285715,0.9964285714285714,0.26735880398671097,0.7275747508305648,0.8441558441558441,1.0,0.21717171717171718,0.7678030303030301,0.7854251012145749,1.0,0.18076923076923077,0.7730769230769231,0.07407407407407407,0.9642857142857143,0.8306032768676637,0.9885346911082206,0.7092331311478407,0.9575367647058823,-0.013176169590643208,0.18421214276477435,0.5324386018165569,1.4072488977252724,0.9587209302325581,0.06084098514116467,-0.1904553948450154,-0.3821579169481453,0.4681617342277858,26,14,6,-0.05839055185648497,-0.32252023783354583,0.4681617342277858,1.1566369373182686,0.965816557012708,0.9282196969696971
39,probe_matched,0.8625,0.4561717352415027,0.8625,0.48172757475083056,0.9307359307359307,0.3888888888888889,0.854251012145749,0.49615384615384617,0.5512820512820513,0.8378378378378378,0.8058968058968059,0.03194103194103193,0.8017677637839996,-0.173111747920028,0.6191586538461539,0.9318028846153845,0.3184257602862254,0.6520796064400716,0.5946428571428571,0.9339285714285714,0.313953488372093,0.7010382059800665,0.670887445887446,0.9913419913419913,0.18686868686868688,0.7474747474747475,0.4291497975708502,0.951417004048583,0.28076923076923077,0.7846153846153846,0.11538461538461539,0.9629960317460317,0.6535377966976265,0.9194078947368421,0.6325410753982182,0.9077648229746444,-0.09992865082150801,0.130803771278163,0.16036043646677484,1.5559068209023337,0.8180232558139535,0.0209502146578772,-0.303453063132756,-0.4562838739744987,0.7107276809786013,26,14,3,-0.2431352390095455,-0.3637708872559665,0.7107276809786013,0.8387034452988227,0.7278964007543534,0.95
39,dom_regular,0.9961538461538462,0.8264758497316637,0.9928571428571429,0.7259136212624585,1.0,0.7575757575757576,1.0,0.8538461538461538,0.02564102564102564,0.9934479934479934,0.9926289926289926,0.0008190008190007703,0.7542162612964193,-0.08988206461322293,0.8903125,1.0,0.47942754919499103,0.9311270125223614,0.8820982142857142,1.0,0.43023255813953487,0.9036960132890366,0.8051948051948052,1.0,0.363510101010101,0.9797979797979798,0.9148785425101215,1.0,0.4653846153846154,0.9539423076923077,0.0,0.4992500000000007,0.8294893839712919,1.0,0.8937322626418989,1.0,-0.11659065915913085,0.07781307585995088,0.44644460503160716,1.1001962542610928,1.0,0.1949327620559304,-0.17502318068559414,0.3681883064086839,-0.07156419701564729,26,14,11,-0.1284137399661902,-0.22163262140499804,-0.07156419701564729,0.7382486266519614,0.7861515305853353,
39,dom_regular_verberase,0.9923076923076923,0.7531305903398927,0.9910714285714286,0.6478405315614618,1.0,0.7777777777777778,1.0,0.7,0.15384615384615385,0.9787059787059788,0.9770679770679771,0.0016380016380016515,0.8146216057538608,-0.09450013637671326,0.9192307692307692,1.0,0.44631037567084075,0.8953488372093024,0.9142857142857143,1.0,0.36540697674418604,0.8787790697674419,0.8787878787878788,1.0,0.40404040404040403,0.9797979797979798,0.902834008097166,1.0,0.36538461538461536,0.8807692307692307,0.0,0.6428571428571429,0.8409958418368847,1.0,0.8682596153846154,0.999181049364873,-0.10417474489795915,0.10303127203262259,0.5570048135914668,1.1250211351766177,0.9994186046511628,0.12644907988931103,-0.19515183008714823,0.28615264448214633,0.058393752294159204,26,14,11,-0.061993862585533015,-0.32830979758876344,0.058393752294159204,0.8021010660699645,0.8396626851216533,
39,dom_regular_rank2,0.9932692307692308,0.6431127012522362,0.9910714285714286,0.49667774086378735,1.0,0.7171717171717171,0.9959514170040485,0.5923076923076923,0.34615384615384615,0.9713349713349714,0.9860769860769861,-0.014742014742014753,0.8692977426460375,-0.09530052585488706,0.9249278846153847,1.0,0.3765429338103757,0.8372316636851521,0.9053125,1.0,0.2922757475083057,0.7907392026578073,0.8961038961038961,1.0,0.32815656565656565,0.9494949494949495,0.9149797570850202,1.0,0.3,0.8115384615384615,0.0,0.8525132275132276,0.8165396504106182,1.0,0.862031462585034,1.0,-0.14216597130810765,0.10379579463364287,0.5615699972760981,1.2053233465069584,0.9988372093023256,0.06656221347188118,-0.10997250480797469,0.28928153103236015,0.19559034642796505,26,14,11,0.049537676535767,-0.2694826861517164,0.19559034642796505,0.845651958965173,0.9165893100077664,
40,adom_matched,0.6201923076923077,0.45348837209302323,0.5357142857142857,0.5348837209302325,0.658008658008658,0.5404040404040404,0.5789473684210527,0.3730769230769231,0.48717948717948717,0.3906633906633907,0.5126945126945127,-0.12203112203112204,1.9914651479224437,-0.39067029750240456,0.34610576923076924,0.7442307692307693,0.3031976744186046,0.6252459749552773,0.3195982142857143,0.7428571428571429,0.287375415282392,0.7076827242524917,0.2597402597402597,0.8484848484848485,0.2222222222222222,0.7425505050505049,0.31163967611336035,0.7855263157894735,0.2,0.7154807692307692,0.12962962962962962,0.7782777777777778,0.26100722789115643,0.739568796068796,0.3281044407894737,0.7827056727296181,-0.2767858988990333,0.10376876180447601,-33.76431280035685,34.752557510540655,0.5674418604651162,-1.3329380423528772,-1.2081220437468212,2.0133200312656725,-2.6970177841814023,26,14,3,0.9169386133872443,-3.3331827008808865,-2.6970177841814023,1.8072181358313735,2.3599591721045847,0.5720000000000001
40,dom_matched,0.4971153846153846,0.5304114490161002,0.4446428571428571,0.5714285714285714,0.5757575757575758,0.42424242424242425,0.3805668016194332,0.6730769230769231,0.47435897435897434,0.6527436527436528,0.7059787059787059,-0.053235053235053176,-2.6820061785816756,-0.3493614138754954,0.31341346153846156,0.7010096153846153,0.3470483005366726,0.6574239713774598,0.29642857142857143,0.6875892857142857,0.30066445182724255,0.7242940199335548,0.2510822510822511,0.8138528138528138,0.20202020202020202,0.7323232323232324,0.24686234817813765,0.7247975708502022,0.25769230769230766,0.8077884615384615,0.179235347985348,0.7673717948717949,0.30106472696605524,0.7720879415475189,0.3399483449293696,0.784928037592208,-0.215519471312098,0.13025449085449073,-32.06352384104064,42.269350675503475,0.525,1.2283475729748328,-4.323895311198641,-3.2443371649227384,7.623546559606063,26,14,3,-5.957637737607465,-2.6901528847898173,7.623546559606063,-2.8739498602688265,-2.2981188152073737,0.512
40,probe_strat,0.9336538461538462,0.5152057245080501,0.9428571428571428,0.5016611295681063,0.9393939393939394,0.4898989898989899,0.9230769230769231,0.5423076923076923,0.3974358974358974,0.8312858312858313,0.7927927927927928,0.038493038493038534,0.5982197706341398,-0.026136478405322894,0.7268990384615385,0.9740624999999999,0.2593694096601073,0.6565518783542039,0.6963839285714285,0.975,0.27238372093023255,0.7026578073089701,0.7272727272727273,1.0,0.20202020202020202,0.7172979797979796,0.6436234817813765,1.0,0.16153846153846155,0.7693269230769231,0.0,1.0,0.6552799959049959,0.9194375857058901,0.6019374539933751,0.9081845238095237,-0.08850229939868104,0.17326145851777255,-0.24785397972528805,1.1858032888330152,0.9156976744186046,0.09519452669140258,-0.5808755754299078,-0.2205673466096383,0.8466582959677558,26,14,6,-0.8188387716074492,-0.34291237925236634,0.8466582959677558,0.7144540908464624,0.3657511302094943,0.9319147355912062
40,probe_strat_noinit,0.9451923076923077,0.46958855098389984,0.9517857142857142,0.46511627906976744,0.961038961038961,0.4898989898989899,0.97165991902834,0.4269230769230769,0.46153846153846156,0.8665028665028665,0.8222768222768223,0.04422604422604415,0.841617808997774,-0.0372437934572578,0.7365144230769232,0.9682932692307692,0.29425313059033986,0.6341681574239714,0.7303571428571428,0.9803571428571428,0.25577242524916943,0.6844269102990034,0.7619047619047619,1.0,0.21717171717171718,0.7373737373737373,0.6477732793522267,1.0,0.17298076923076924,0.7347115384615385,0.037250712250712255,0.9285714285714286,0.6838331865058839,0.9411802220888356,0.5982013027295285,0.907081881896849,-0.09018894009216585,0.20148407290547804,0.06342712732280255,1.18883186593131,0.9331395348837209,0.0662149896510847,-0.44544925466467433,-0.4281141920840687,0.6172609104334764,26,14,6,-0.36694490756033066,-0.5239536017690181,0.6172609104334764,0.8793611261967176,0.7661311745998874,0.9271925133689839
40,probe_matched,0.7548076923076923,0.4203935599284436,0.7410714285714286,0.4435215946843854,0.8181818181818182,0.3939393939393939,0.708502024291498,0.46153846153846156,0.4230769230769231,0.7067977067977068,0.7542997542997543,-0.04750204750204745,0.4674126676982511,-0.15508520403633347,0.5172596153846154,0.8308173076923077,0.29425313059033986,0.6216681574239714,0.4570982142857143,0.8375,0.30390365448504986,0.6943521594684385,0.5322510822510822,0.9264069264069265,0.14646464646464646,0.6919191919191919,0.3157894736842105,0.8623481781376519,0.2614423076923077,0.7576923076923077,0.1111111111111111,0.8928571428571429,0.5081290849673202,0.8233455334987593,0.5822292743777477,0.8691666666666666,-0.18371355986563354,0.05878992726122701,-1.2000621113753251,3.0404389122409494,0.6831395348837209,-0.15755831847091964,-0.8727606984755136,-0.8443388332169053,0.9212402240035168,26,14,3,-0.9358902753447743,-0.809631121606253,0.9212402240035168,0.45308804738773906,0.4960619083192753,0.8699999999999999
40,dom_regular,0.6201923076923077,0.6583184257602862,0.6767857142857143,0.5664451827242525,0.5670995670995671,0.6111111111111112,0.6680161943319838,0.7538461538461538,0.21794871794871795,0.8566748566748567,0.8558558558558559,0.0008190008190007703,-0.21776960312182753,-0.07707673200633602,0.3624759615384615,0.8904326923076922,0.3998211091234347,0.8247316636851519,0.3820535714285714,0.9232589285714285,0.31561461794019935,0.8006644518272426,0.26396103896103895,0.9048701298701298,0.3130050505050505,0.8688131313131312,0.34402834008097166,0.9433198380566802,0.32298076923076924,0.9000961538461538,0.0,0.6785714285714286,0.3963355630468852,0.9509803921568627,0.40078383497133496,0.9260087500276658,-0.14501251051303612,0.18007516339869278,-19.296381672868193,17.968652434876656,0.7569767441860465,0.6239052608251421,-0.7958522207811671,0.0927340084675567,0.35568964443661083,26,14,11,-1.057265806916469,-0.534438634645865,0.35568964443661083,-0.2785345382145789,-0.09623973293632473,
40,dom_regular_verberase,0.5346153846153846,0.5581395348837209,0.6160714285714286,0.4568106312292359,0.47186147186147187,0.5505050505050505,0.5910931174089069,0.5807692307692308,0.3333333333333333,0.7305487305487306,0.6928746928746928,0.037674037674037764,-1.9045008404176234,-0.04652273890361677,0.3682692307692308,0.8278846153846153,0.3881932021466905,0.7003801431127012,0.39638392857142857,0.8982142857142857,0.2823920265780731,0.6811046511627907,0.2553030303030303,0.8658008658008658,0.30808080808080807,0.8484848484848485,0.3562753036437247,0.9069838056680161,0.2423076923076923,0.7807692307692308,0.07142857142857142,0.7037037037037037,0.3643158213859604,0.8701803974277883,0.3832688972394855,0.8445268026565464,-0.14453608760577397,0.1960978932515935,-17.239972907517625,21.292055959950744,0.5895348837209302,1.0414897827128804,-1.6477545932020337,-1.3528807568908838,0.7376816723484607,26,14,11,-2.1323545571217704,-1.1631546292822972,0.7376816723484607,-2.137431772184912,-1.4386389768830459,
40,dom_regular_rank2,0.5298076923076923,0.5465116279069767,0.6142857142857143,0.4485049833887043,0.47619047619047616,0.5303030303030303,0.5708502024291497,0.5807692307692308,0.38461538461538464,0.7215397215397216,0.6961506961506961,0.025389025389025432,-2.287102114571301,-0.06759639003003448,0.3701442307692308,0.8366105769230768,0.3631484794275492,0.6869409660107334,0.39098214285714283,0.9054464285714285,0.2574750830564784,0.6661960132890364,0.22067099567099566,0.8787878787878788,0.3029040404040404,0.8131313131313131,0.33997975708502026,0.9069838056680161,0.23451923076923079,0.7730769230769231,0.11538461538461539,0.7101071428571427,0.37298714485794315,0.8648840701166283,0.39330978705978703,0.8424502551020409,-0.15296534198672354,0.17751701325329672,-20.879562718494316,21.720638982646047,0.5720930232558139,1.1251602923233395,-1.7505366412322392,-1.7651309556327508,0.9933928634215127,26,14,11,-2.3683293940290286,-1.1327438884354497,0.9933928634215127,-2.565604425238502,-1.7300974932368984,
