layer,direction,A_f,A_m,A_f_noen,A_m_noen,A_f_abs,A_m_abs,A_f_con,A_m_con,exc_auc,homo_auc_noun,homo_auc_verb,homo_auc_diff,multi_p_diff,cos_concreteness,A_f_lo,A_f_hi,A_m_lo,A_m_hi,A_f_noen_lo,A_f_noen_hi,A_m_noen_lo,A_m_noen_hi,A_f_abs_lo,A_f_abs_hi,A_m_abs_lo,A_m_abs_hi,A_f_con_lo,A_f_con_hi,A_m_con_lo,A_m_con_hi,exc_auc_lo,exc_auc_hi,homo_auc_noun_lo,homo_auc_noun_hi,homo_auc_verb_lo,homo_auc_verb_hi,homo_auc_diff_lo,homo_auc_diff_hi,multi_p_diff_lo,multi_p_diff_hi,regular_test_auc,p_ma_m,p_clipping_f,p_true_m,p_true_f,n_excm,n_excm_noen,n_conc_imputed_train,p_item_foto,p_item_moto,p_item_mano,multi_p_diff_lean_m,multi_p_diff_lean_f,matched_cv_auc
0,adom_matched,0.4068047337278107,0.5403377110694184,0.3974358974358974,0.5522648083623694,0.41363636363636364,0.6203208556149733,0.3967611336032389,0.4939271255060729,0.5641025641025641,0.4954954954954955,0.4954954954954955,0.0,-0.0,-0.003911952976003368,0.24106262327416175,0.6449950690335305,0.32828330206378986,0.7551594746716698,0.19869505494505493,0.6776556776556777,0.290897212543554,0.8171167247386759,0.13636363636363635,0.7545454545454545,0.2620320855614973,0.893048128342246,0.2063765182186235,0.7024797570850202,0.24281376518218623,0.7936234817813764,0.03824786324786325,0.9631613756613756,0.31272288779390794,0.6650287653964124,0.31272288779390794,0.6650287653964124,0.0,0.0,0.0,0.0,0.4534083802376485,-9.00347074484883,-2.9720979509994647,7.125333185411967,-4.456083294289332,26,14,3,3.3433623517240423,-9.287558253722972,-4.456083294289332,0.0,0.0,0.49300000000000005
0,dom_matched,0.4556213017751479,0.5290806754221389,0.37637362637362637,0.6132404181184669,0.55,0.5614973262032086,0.3623481781376518,0.47368421052631576,0.8589743589743589,0.5036855036855037,0.5036855036855037,0.0,0.0,-0.04094866738323608,0.2790680473372781,0.6775394477317555,0.3161116322701688,0.726078799249531,0.19775641025641025,0.6529990842490841,0.3257404181184669,0.8084494773519163,0.25,0.8092045454545453,0.21911764705882353,0.8183155080213903,0.1902834008097166,0.7165991902834008,0.19433198380566802,0.7773279352226721,0.2580448717948718,1.0,0.33039004914004916,0.6833265306122448,0.33039004914004916,0.6833265306122448,0.0,0.0,0.0,0.0,0.5034396497811132,3.063642277654894,21.777462999573473,6.0461031390364965,30.76637730475771,26,14,3,19.141823505447892,24.413102493699057,30.76637730475771,0.0,0.0,0.6370000000000001
0,probe_strat,0.48520710059171596,0.43808630393996245,0.3965201465201465,0.5487804878048781,0.44545454545454544,0.3850267379679144,0.5688259109311741,0.46558704453441296,0.7948717948717948,0.3415233415233415,0.3415233415233415,0.0,-0.0,0.025700022929903872,0.25438856015779093,0.6474975345167653,0.249484052532833,0.6877110694183863,0.18315018315018314,0.6300595238095238,0.2560540069686411,0.7910278745644599,0.15454545454545454,0.75,0.13903743315508021,0.7967914438502673,0.2104251012145749,0.7247975708502022,0.19008097165991902,0.7694331983805667,0.18800322061191627,1.0,0.22191394927536232,0.6165008503401361,0.22191394927536232,0.6165008503401361,0.0,0.0,0.0,0.0,0.41901188242651655,0.90629452327798,-1.0643353554739616,0.2648513726211686,-3.282203978433388,26,14,5,-1.145960872463435,-0.9827098384844883,-3.282203978433388,0.0,0.0,0.5321765873015873
0,probe_strat_noinit,0.48619329388560156,0.39587242026266417,0.41117216117216115,0.4808362369337979,0.42272727272727273,0.3850267379679144,0.5566801619433198,0.42105263157894735,0.9230769230769231,0.37346437346437344,0.37346437346437344,0.0,-0.0,0.021252642831703094,0.26619822485207106,0.6429980276134122,0.2579737335834897,0.685811444652908,0.18855311355311355,0.6209706959706959,0.2682926829268293,0.7874564459930313,0.16806818181818184,0.7454545454545455,0.12820855614973264,0.7647058823529411,0.21862348178137653,0.7370445344129553,0.19838056680161945,0.7773279352226721,0.23096153846153847,1.0,0.22022103174603175,0.6126405561889432,0.22022103174603175,0.6126405561889432,0.0,0.0,-0.0,0.0,0.4208880550343965,0.9930044196301575,-1.8227289809365157,0.6803033457576203,-3.3694498355996365,26,14,5,-1.4303160980252692,-2.2151418638477622,-3.3694498355996365,0.0,0.0,0.577220238095238
0,probe_matched,0.47830374753451677,0.5084427767354597,0.3873626373626374,0.5923344947735192,0.55,0.5935828877005348,0.4676113360323887,0.38461538461538464,0.7692307692307693,0.5167895167895168,0.5167895167895168,0.0,-0.0,-0.015116292307282123,0.2968318540433925,0.6755793885601578,0.3103658536585366,0.7101313320825516,0.2216117216117216,0.6529990842490841,0.31010452961672474,0.7979094076655052,0.23625000000000002,0.8045454545454546,0.24064171122994651,0.8397058823529411,0.22869433198380568,0.7045546558704452,0.19433198380566802,0.7328947368421052,0.35746336996336997,1.0,0.33161612659952316,0.6753574432296047,0.33161612659952316,0.6753574432296047,0.0,0.0,0.0,0.0,0.4721701063164478,0.5396123879424206,-21.226745835695496,-8.782163233685731,-23.739006396110614,26,14,3,-18.737938514073953,-23.715553157317036,-23.739006396110614,0.0,0.0,0.541
0,dom_regular,0.821992110453649,1.0,0.7802197802197802,1.0,0.8727272727272727,1.0,0.8360323886639676,1.0,0.0,1.0,1.0,0.0,0.0,-0.19892580427645226,0.6745069033530572,0.9206484220907297,0.9662288930581614,1.0,0.5841117216117216,0.9194597069597069,0.9721254355400697,1.0,0.6817045454545454,0.9819318181818181,0.946524064171123,1.0,0.6616902834008097,0.9554655870445344,0.9433198380566802,1.0,0.0,0.07753846153846133,0.9983660130718954,1.0,0.9983660130718954,1.0,0.0,0.0,0.0,0.0,1.0,0.5116332935322105,0.23470631163402067,0.8806655111347724,0.1941863040450178,26,14,10,0.2701241035430375,0.19928851972500386,0.1941863040450178,0.0,0.0,
0,dom_regular_verberase,0.7371794871794872,0.9230769230769231,0.6538461538461539,0.9372822299651568,0.8,0.893048128342246,0.7327935222672065,0.9352226720647774,0.038461538461538464,0.7747747747747747,0.7747747747747747,0.0,0.0,-0.1768168587131972,0.5950320512820513,0.8511587771203155,0.8142589118198874,0.9813086303939962,0.4760989010989011,0.8241758241758241,0.8361498257839721,1.0,0.5771590909090909,0.9454545454545454,0.732620320855615,1.0,0.5546558704453441,0.9069331983805667,0.7488866396761134,1.0,0.0,0.13768115942028986,0.6003194103194104,0.9062604166666667,0.6003194103194104,0.9062604166666667,0.0,0.0,0.0,0.0,0.9111944965603502,0.4958282492428901,0.13289327562582937,0.939461341446218,0.09592297512242288,26,14,10,0.18219367126753377,0.08359287998412498,0.09592297512242288,0.0,0.0,
0,dom_regular_rank2,0.7115384615384616,0.9015009380863039,0.6318681318681318,0.921602787456446,0.7772727272727272,0.8716577540106952,0.6882591093117408,0.9068825910931174,0.0641025641025641,0.737919737919738,0.737919737919738,0.0,0.0,-0.18870091564180044,0.5631163708086785,0.8323841222879684,0.7879924953095685,0.9765478424015009,0.4193681318681319,0.791231684981685,0.8222996515679443,0.9843205574912892,0.5544318181818182,0.9318181818181818,0.679144385026738,1.0,0.4716093117408907,0.8582995951417004,0.7004048582995951,1.0,0.0,0.19173076923076926,0.5947463506287035,0.8939832785087718,0.5947463506287035,0.8939832785087718,0.0,0.0,0.0,0.0,0.9011882426516573,0.4821264340007552,0.14648477517981479,0.9651042032910745,0.013673828833972822,26,14,10,0.16802757063696808,0.12494197972266148,0.013673828833972822,0.0,0.0,
1,adom_matched,0.5581854043392505,0.49437148217636023,0.45787545787545786,0.5714285714285714,0.7045454545454546,0.37967914438502676,0.44129554655870445,0.5222672064777328,0.10256410256410256,0.7051597051597052,0.6936936936936937,0.01146601146601145,-0.6466410617400244,0.006737691924277587,0.3027120315581854,0.7366863905325444,0.2720215759849906,0.7626876172607879,0.2195970695970696,0.7252747252747253,0.28397212543554007,0.8101480836236934,0.22727272727272727,0.8772727272727273,0.11229946524064172,0.8021390374331551,0.17388663967611337,0.7449392712550608,0.2509109311740891,0.8219635627530363,0.0,0.9285714285714286,0.4116830065359477,0.7895076754385965,0.417903752123221,0.7989995324465495,-0.08580316742081451,0.07289107289107288,-5.391979831070403,4.779854611026049,0.5534709193245778,0.3103638698651013,-20.312242439379435,-5.412921602215616,-7.961912923923033,26,14,3,-14.16520308885474,-26.45928178990413,-7.961912923923033,-0.34356299938348106,-1.1012581552748395,0.554
1,dom_matched,0.4280078895463511,0.6904315196998124,0.33882783882783885,0.789198606271777,0.5590909090909091,0.5401069518716578,0.2793522267206478,0.7935222672064778,0.8846153846153846,0.6609336609336609,0.6609336609336609,0.0,-0.19867686656900305,-0.09891018807663485,0.27909270216962523,0.6578155818540434,0.3892120075046904,0.8133442776735459,0.17573260073260075,0.63003663003663,0.4198170731707317,0.890287456445993,0.23625000000000002,0.8409090909090909,0.21377005347593583,0.8128342245989305,0.12945344129554656,0.6682186234817812,0.3926113360323887,0.902834008097166,0.061750000000000006,1.0,0.44050463821892394,0.7818984758915973,0.45131868638928435,0.8023137254901961,-0.07524509803921564,0.06204208350006677,-2.6326708382551827,2.4346595012783436,0.631019387116948,1.4947925957105617,4.930091905745044,2.4470638531218225,7.926568667097659,26,14,3,7.013804078094641,2.8463797333954473,7.926568667097659,-0.16416270525447396,-0.25044810854079674,0.6220000000000001
1,probe_strat,0.6863905325443787,0.5844277673545967,0.6648351648351648,0.5975609756097561,0.5818181818181818,0.6737967914438503,0.7732793522267206,0.5020242914979757,0.48717948717948717,0.7248157248157249,0.7624897624897625,-0.03767403767403765,0.026678363358248847,-0.03202528596289003,0.34023668639053256,0.7712031558185405,0.38834427767354596,0.7842870544090056,0.2728021978021978,0.7729395604395605,0.38493031358885016,0.8397648083623693,0.23636363636363636,0.772840909090909,0.38489304812834224,0.8717914438502673,0.26305668016194333,0.8582995951417004,0.291497975708502,0.8341093117408905,0.10714285714285714,1.0,0.49179885099002746,0.8270208616780045,0.5582778526326914,0.86896870929129,-0.15359947432920532,0.03359670059670058,-1.3919582246518463,1.153745456100405,0.7292057535959975,0.3193826086639723,-0.5832272030688723,0.46346883161581776,4.648931947851835,26,14,5,0.3425357028599873,-1.508990108997732,4.648931947851835,0.07777159129836812,-0.04996147855193006,0.5267396825396824
1,probe_strat_noinit,0.6035502958579881,0.6228893058161351,0.5567765567765568,0.6794425087108014,0.509090909090909,0.6737967914438503,0.6639676113360324,0.5425101214574899,0.5128205128205128,0.7272727272727273,0.7870597870597871,-0.05978705978705978,-0.14047310943983943,-0.01947716627397573,0.34607988165680476,0.7288214990138067,0.41461069418386487,0.7776969981238273,0.2820054945054945,0.7418040293040293,0.42848432055749125,0.8520034843205574,0.2453409090909091,0.7910227272727272,0.3633689839572193,0.8770053475935828,0.28329959514170044,0.8219635627530363,0.3197368421052632,0.8340080971659919,0.036970899470899474,1.0,0.5195066293969228,0.8455294243222088,0.5731625320334998,0.8830969102667701,-0.1408826215569636,0.0402670454545454,-1.5579532815541088,0.4689997811749007,0.7129455909943715,0.6591140239208081,-0.726247595905914,0.21851352396767262,5.4300117074088226,26,14,5,0.7234640465198479,-2.175959238331676,5.4300117074088226,0.010536872395251945,-0.3669880821924764,0.5372444444444445
1,probe_matched,0.4812623274161736,0.6932457786116323,0.37362637362637363,0.7787456445993032,0.6090909090909091,0.5614973262032086,0.3522267206477733,0.8380566801619433,0.782051282051282,0.7371007371007371,0.7305487305487306,0.006552006552006495,0.004507222283487652,-0.06160366176829809,0.2978303747534517,0.66180966469428,0.48590525328330203,0.809591932457786,0.1995879120879121,0.6173534798534798,0.5330139372822299,0.8782229965156793,0.3,0.8501136363636362,0.2887700534759358,0.7862299465240641,0.12955465587044535,0.6234817813765182,0.47368421052631576,0.9596153846153844,0.20159722222222226,1.0,0.5383145424836602,0.8337463023729471,0.5293549245356037,0.8343308692975367,-0.07320138367398031,0.09255059210416357,-0.6710576150083646,0.6149276003194889,0.6866791744840526,1.2756120669393636,2.57943868899231,1.0768616993414404,4.246435590976253,26,14,3,3.848098519893664,1.310778858090956,4.246435590976253,0.06888616742144411,-0.09206119542344705,0.6120000000000001
1,dom_regular,0.9013806706114399,1.0,0.8736263736263736,1.0,0.9409090909090909,1.0,0.9149797570850202,1.0,0.0,1.0,1.0,0.0,0.011508513027383501,-0.10300584249867324,0.7958333333333333,0.9743589743589743,0.975609756097561,1.0,0.7216117216117216,0.985393772893773,0.9634146341463414,1.0,0.8135227272727272,1.0,0.9786096256684492,1.0,0.7813765182186235,1.0,0.951417004048583,1.0,0.0,0.0,1.0,1.0,1.0,1.0,0.0,0.0,-0.003668489230860981,0.02979528213657438,1.0,0.5902034356274881,-0.11185182660892597,0.7481572390808319,-0.0027002929205208396,26,14,10,0.0614742532492766,-0.28517790646712854,-0.0027002929205208396,0.015408631412653175,0.005658335449478993,
1,dom_regular_verberase,0.8708086785009862,0.5712945590994372,0.836996336996337,0.6184668989547039,0.9545454545454546,0.6203208556149733,0.8421052631578947,0.5263157894736842,0.08974358974358974,0.8026208026208026,0.8206388206388207,-0.018018018018018056,0.027485863239121795,-0.10062756958068268,0.7543885601577909,0.9615384615384616,0.3807926829268293,0.747701688555347,0.6703296703296703,0.9633699633699634,0.37282229965156793,0.8015679442508709,0.7954545454545454,1.0,0.31016042780748665,0.8609625668449198,0.6314777327935223,0.951417004048583,0.28319838056680163,0.7894736842105263,0.0,0.37002777777777773,0.664992338379435,0.8856907894736842,0.6808329081632652,0.8966512767897856,-0.05511877584780811,0.02385213625331941,-0.010404456911932697,0.07658123658569142,0.941213258286429,-0.016013106737446114,-0.7602073676961675,0.5952815317463778,-0.45551176339837784,26,14,10,-0.5064760805399708,-1.0139386548523641,-0.45551176339837784,0.031323532785268594,0.02172935891990159,
1,dom_regular_rank2,0.8708086785009862,0.5121951219512195,0.8406593406593407,0.5435540069686411,0.9545454545454546,0.5508021390374331,0.8299595141700404,0.46963562753036436,0.10256410256410256,0.7674037674037674,0.8067158067158067,-0.039312039312039304,0.020515568648125496,-0.11638161600153966,0.7465236686390533,0.9506903353057199,0.3170731707317073,0.7054643527204503,0.6465201465201466,0.9524267399267399,0.31515679442508715,0.7526132404181185,0.7998863636363637,1.0,0.25655080213903747,0.8131016042780747,0.6031376518218624,0.9433198380566802,0.21852226720647774,0.7045546558704452,0.0,0.3921428571428571,0.6125138005652712,0.863115617694106,0.6488436833214793,0.8925082290980908,-0.0873507653061225,0.005714285714285672,-0.018334132470533383,0.07560255016607825,0.9212007504690432,-0.09479760807497264,-0.7682154292266912,0.5704881087171682,-0.5109755113091441,26,14,10,-0.5552067252632734,-0.9812241331901089,-0.5109755113091441,0.019705635929221074,0.021730467726482117,
2,adom_matched,0.596646942800789,0.5159474671669794,0.5732600732600732,0.5383275261324042,0.6863636363636364,0.49732620320855614,0.5425101214574899,0.46963562753036436,0.0641025641025641,0.8091728091728092,0.8271908271908271,-0.018018018018017945,-0.033176379722411595,0.01953423381200139,0.2938609467455621,0.7781065088757396,0.26641651031894936,0.7899390243902438,0.254532967032967,0.7893772893772893,0.26480836236933797,0.8066637630662021,0.20909090909090908,0.9136363636363637,0.18168449197860964,0.8771390374331549,0.21842105263157896,0.7776315789473681,0.22661943319838057,0.7854251012145749,0.0,0.8989316239316237,0.5067693225313675,0.8530054021608643,0.5084552900107411,0.8734693627450979,-0.0825259520884521,0.061441722471134226,-4.409852693879338,3.528758164632897,0.6416510318949343,-0.5424720335360498,-12.322580271364899,-2.526881315327754,-8.856359454285249,26,14,3,-10.01814135469545,-14.627019188034346,-8.856359454285249,0.012410782581382241,-0.1015571231781024,0.538
2,dom_matched,0.40039447731755423,0.6979362101313321,0.32967032967032966,0.759581881533101,0.4772727272727273,0.6203208556149733,0.29554655870445345,0.680161943319838,0.8846153846153846,0.7199017199017199,0.769041769041769,-0.0491400491400491,0.2504939055283219,-0.11813334634812188,0.24260355029585798,0.6963017751479289,0.40895872420262663,0.8461538461538461,0.16666666666666666,0.6685897435897434,0.4598867595818815,0.8989547038327527,0.19090909090909092,0.8363636363636363,0.28342245989304815,0.8877005347593583,0.13360323886639677,0.6640688259109311,0.36831983805668017,0.8866396761133604,0.029673076923076924,1.0,0.4772058043293718,0.8180422168867546,0.5132628259041211,0.8566873464373465,-0.1066703111858705,0.028677569615069672,-1.1694592685011571,2.566480395286628,0.6566604127579737,1.7979392858798302,7.491989202733914,3.385450664846072,6.9914408336029545,26,14,3,9.011884367515016,5.972094037952813,6.9914408336029545,0.10635853906435043,0.466696955224279,0.6860000000000002
2,probe_strat,0.6242603550295858,0.575046904315197,0.5641025641025641,0.6132404181184669,0.41818181818181815,0.7914438502673797,0.6963562753036437,0.44129554655870445,0.7435897435897436,0.6511056511056511,0.7207207207207207,-0.06961506961506958,0.09785985170367328,-0.007133048068279355,0.34418145956607493,0.7278353057199212,0.3986163227016885,0.748639774859287,0.25274725274725274,0.73992673992674,0.37282229965156793,0.8327961672473868,0.1544318181818182,0.7138636363636361,0.4385026737967914,0.9252673796791443,0.3360323886639676,0.8260121457489877,0.25900809716599194,0.7652834008097165,0.4284391534391534,1.0,0.4282515356265356,0.7920190789473684,0.49229063395383993,0.8392074829931973,-0.13490953947368417,0.015874999999999886,-2.468144595898591,2.32596253220571,0.6985616010006254,0.2262964477580673,1.122726506712043,1.014532136919507,4.650163050836502,26,14,5,2.3152264900109585,-0.06977347658687223,4.650163050836502,0.12860467014057073,0.05174262404832705,0.6894293650793651
2,probe_strat_noinit,0.596646942800789,0.6060037523452158,0.5274725274725275,0.6655052264808362,0.4318181818181818,0.8074866310160428,0.6761133603238867,0.4817813765182186,0.6666666666666666,0.6445536445536445,0.7436527436527437,-0.0990990990990992,0.2857847753129083,-0.003736680853229923,0.36388067061143986,0.7347140039447732,0.42305347091932455,0.7814493433395873,0.2837912087912088,0.734478021978022,0.447691637630662,0.8432055749128919,0.15,0.7272727272727273,0.44371657754010696,0.946524064171123,0.3480769230769231,0.8178137651821862,0.2874493927125506,0.7733805668016193,0.25,1.0,0.4810787963211601,0.8032238298545225,0.5624987076095948,0.8570290616246498,-0.1416234354413703,0.0008578431372548617,-0.34363401470649096,1.722019152403347,0.7041901188242652,0.4521183047366512,0.5375441083585282,0.7512818748366229,4.251970198268329,26,14,5,1.9049724392601879,-0.8298842225431314,4.251970198268329,0.3818496552731947,0.14168745537247865,0.6690563492063493
2,probe_matched,0.4447731755424063,0.6819887429643527,0.3772893772893773,0.7578397212543554,0.5363636363636364,0.6256684491978609,0.30364372469635625,0.7327935222672065,0.8076923076923077,0.7289107289107289,0.7633087633087633,-0.03439803439803435,0.6339590563654495,-0.07712786023000803,0.2790680473372781,0.6529092702169624,0.4652439024390244,0.8123827392120075,0.1813186813186813,0.6117216117216118,0.5138066202090592,0.8902439024390244,0.2453409090909091,0.8273863636363635,0.33141711229946524,0.8342245989304813,0.12945344129554656,0.5911943319838056,0.4452429149797571,0.9069838056680161,0.2293269230769231,1.0,0.5125979236366116,0.8170231729055258,0.5576099277389678,0.8500722789115646,-0.11275980392156867,0.04181747306747298,-1.3947728418304823,3.9944649884479313,0.6710444027517198,1.2349109766428281,3.874212012255434,1.8525951956588196,3.863981356239783,26,14,3,6.24128362904945,1.5071403954614178,3.863981356239783,0.42141996435851664,0.9527676943758489,0.744
2,dom_regular,0.9171597633136095,0.9943714821763602,0.9102564102564102,0.9912891986062717,0.95,1.0,0.9190283400809717,0.9878542510121457,0.0,1.0,1.0,0.0,0.05199254628373987,-0.009211506781019908,0.7987919132149901,0.9733727810650887,0.8057457786116322,1.0,0.7838369963369963,0.9853479853479854,0.735191637630662,1.0,0.8090909090909091,1.0,0.8287433155080214,1.0,0.757085020242915,0.9919028340080972,0.7367408906882591,1.0,0.0,0.0,1.0,1.0,1.0,1.0,0.0,0.0,0.017418378796636734,0.08297678773687127,1.0,0.5813306688449548,-0.30411176716616994,0.6765068932812075,-0.14208800125800214,26,14,10,-0.15396319470195202,-0.45426033963038787,-0.14208800125800214,0.06131504741846064,0.03800879458165874,
2,dom_regular_verberase,0.8757396449704142,0.6153846153846154,0.8571428571428571,0.6585365853658537,0.9454545454545454,0.6524064171122995,0.8502024291497976,0.5910931174089069,0.05128205128205128,0.8075348075348076,0.8050778050778051,0.002457002457002422,0.0968153566172148,-0.0032355443264357017,0.7534270216962524,0.9556213017751479,0.4192542213883677,0.7890712945590993,0.6996336996336996,0.9634157509157509,0.3745209059233449,0.8381533101045294,0.8136363636363636,1.0,0.3048128342245989,0.893048128342246,0.6233805668016195,0.9554655870445344,0.33188259109311746,0.8259109311740891,0.0,0.2222222222222222,0.66071875,0.8925148026315789,0.6485326977174803,0.8938863814756671,-0.0491400491400491,0.05654725969011677,0.040704307510908116,0.16361634073624856,0.9368355222013759,-0.007366072451520866,-1.276274364712421,0.31494205968467265,-0.8532428115113797,26,14,10,-1.1024792924760416,-1.4500694369488003,-0.8532428115113797,0.10287677459573527,0.08772322964943402,
2,dom_regular_rank2,0.8698224852071006,0.5328330206378987,0.8571428571428571,0.5749128919860628,0.9454545454545454,0.5828877005347594,0.8218623481781376,0.4939271255060729,0.07692307692307693,0.7510237510237511,0.764946764946765,-0.013923013923013872,0.08765399511593358,-0.012398559920094173,0.7366617357001972,0.9438362919132149,0.3422373358348968,0.7280722326454032,0.6776556776556777,0.9560897435897436,0.3170731707317073,0.799738675958188,0.8227272727272728,1.0,0.24064171122994651,0.8343582887700534,0.5910931174089069,0.951417004048583,0.2671052631578948,0.7732793522267206,0.0,0.2857142857142857,0.5759604113384483,0.8577923829230333,0.586625850340136,0.8640565277244278,-0.05946474953617815,0.03973995496350949,0.027470702721605598,0.16608481616699247,0.9180737961225766,-0.11967956279593654,-1.326374514778367,0.24563340919808194,-0.9658206771702045,26,14,10,-1.1868268785333196,-1.4659221510234146,-0.9658206771702045,0.09102175177985954,0.08260236012004468,
3,adom_matched,0.5650887573964497,0.5121951219512195,0.5402930402930403,0.5435540069686411,0.7136363636363636,0.47058823529411764,0.46153846153846156,0.5020242914979757,0.01282051282051282,0.7641277641277642,0.7796887796887797,-0.015561015561015523,-0.14001523897702392,-0.034345144421035874,0.2799802761341223,0.7554240631163708,0.27483583489681046,0.7926829268292683,0.23809523809523808,0.7894230769230769,0.2872386759581882,0.8189024390243902,0.23170454545454547,0.922840909090909,0.17098930481283423,0.8878342245989304,0.14969635627530364,0.7368421052631579,0.24271255060728744,0.809817813765182,0.0,0.8079807692307692,0.4574151617883996,0.8395093516522087,0.4862942854878339,0.854657378090008,-0.10507241606319946,0.045865403901118124,-4.085253191756459,3.2289860732487403,0.5828642901813633,0.1783788578424293,-13.837231125299208,-1.2724369408942067,-8.347900806793845,26,14,3,-11.083323997050906,-16.591138253547513,-8.347900806793845,-0.39900175628934803,0.2484645369914622,0.6140000000000001
3,dom_matched,0.33530571992110453,0.7317073170731707,0.2509157509157509,0.7839721254355401,0.45454545454545453,0.6577540106951871,0.19838056680161945,0.7530364372469636,0.8333333333333334,0.687960687960688,0.7280917280917281,-0.040131040131040074,-0.01609394666995282,-0.16646820006856755,0.1854043392504931,0.5878205128205127,0.46897279549718573,0.8527204502814258,0.10984432234432234,0.5312728937728937,0.5278745644599303,0.9129355400696865,0.19090909090909092,0.8,0.31537433155080213,0.8877005347593583,0.048582995951417005,0.5142712550607286,0.42105263157894735,0.9029352226720646,0.024625000000000005,0.9807305194805194,0.47863978924903294,0.8089520264681554,0.5134930384930385,0.8437911184210526,-0.11910669975186106,0.02369572829131655,-2.3460111529860637,2.0359188060852533,0.5928705440900562,2.9212778468737355,7.2648303353016015,4.513889355991398,7.517006692725086,26,14,3,9.065933921071435,5.463726749531767,7.517006692725086,-0.395039844706463,0.5523249003848125,0.724
3,probe_strat,0.631163708086785,0.5787992495309568,0.6428571428571429,0.5522648083623694,0.5318181818181819,0.7593582887700535,0.6477732793522267,0.46153846153846156,0.6410256410256411,0.6494676494676495,0.7542997542997543,-0.10483210483210481,0.19672631681082098,-0.014004956507438063,0.3520216962524655,0.7505670611439841,0.3920966228893058,0.7560975609756098,0.3039377289377289,0.8059065934065934,0.3379355400696864,0.7927700348432055,0.21795454545454546,0.8182954545454545,0.37967914438502676,0.9037433155080213,0.2752024291497976,0.8016194331983806,0.25495951417004054,0.7531376518218622,0.25,1.0,0.45126491488068093,0.8366045918367346,0.561755675317492,0.8856530112044817,-0.17688548085340106,-0.007985032894736862,-0.8175409264081005,2.05875275613591,0.7304565353345841,0.21250861085313635,0.18513701562728402,0.8922011249378371,5.060929165232381,26,14,5,1.7706854693989684,-1.4004114381444004,5.060929165232381,0.22212443033328644,0.15862914652712273,0.7546468253968254
3,probe_strat_noinit,0.6666666666666666,0.5984990619136961,0.6227106227106227,0.6411149825783972,0.6772727272727272,0.7486631016042781,0.6396761133603239,0.47368421052631576,0.5641025641025641,0.7182637182637183,0.8165438165438166,-0.09828009828009832,0.1809096951616077,-0.014770597826461276,0.3678500986193294,0.7476084812623274,0.4437148217636023,0.7767823639774859,0.3113095238095238,0.7710622710622711,0.43532229965156793,0.8153310104529616,0.2771590909090909,0.8592045454545454,0.42767379679144385,0.9358288770053476,0.25900809716599194,0.7571862348178137,0.29959514170040485,0.7774291497975707,0.07407407407407407,1.0,0.5271885069817401,0.8607903357903357,0.6235197980912267,0.9202474657626207,-0.1665442511156797,-0.01629336734693878,-0.32390074705807836,0.8508818097202736,0.7417135709818636,0.28072431715027146,-0.4980874629018993,0.7061655123627147,3.989944183951847,26,14,5,0.8853587531236893,-1.881533678927488,3.989944183951847,0.17101929909267613,0.19574528926500512,0.7534349206349207
3,probe_matched,0.3796844181459566,0.6801125703564728,0.304029304029304,0.7526132404181185,0.509090909090909,0.6096256684491979,0.23481781376518218,0.708502024291498,0.7051282051282052,0.7469287469287469,0.7805077805077805,-0.03357903357903358,0.2702073590647782,-0.08856559053629126,0.22485207100591717,0.5838510848126233,0.5035647279549719,0.8152439024390243,0.14826007326007326,0.5165293040293041,0.5417682926829268,0.9024390243902439,0.2636363636363636,0.7772727272727272,0.34759358288770054,0.8397058823529411,0.08097165991902834,0.4536437246963561,0.45738866396761135,0.8947368421052632,0.14944444444444444,0.9615384615384616,0.5233218954248365,0.8513071895424836,0.5520031569138713,0.8816481866085375,-0.11564167939651397,0.03669185094185088,-2.890719710212232,3.586324180488531,0.5866166353971232,2.1236713587442555,3.2437312162783427,2.898325366025429,5.97711460430731,26,14,3,5.373025801654802,1.1144366309018834,5.97711460430731,-0.16600859569035362,0.9245312911974759,0.8240000000000001
3,dom_regular,0.9151873767258383,0.99812382739212,0.9175824175824175,0.9965156794425087,0.95,1.0,0.8987854251012146,0.9959514170040485,0.0,1.0,1.0,0.0,0.05261038633334293,-0.07219245347743068,0.7760355029585798,0.9644970414201184,0.9183630393996248,1.0,0.76007326007326,0.9762362637362637,0.8641114982578397,1.0,0.7680681818181818,1.0,0.9037433155080213,1.0,0.6881578947368421,0.9878542510121457,0.8866396761133604,1.0,0.0,0.0,1.0,1.0,1.0,1.0,0.0,0.0,0.024707128943664933,0.08061580345002842,1.0,0.6493030942482565,-0.34009177603717233,0.7167463828062344,-0.24222778039613735,26,14,10,-0.18539595322375874,-0.494787598850586,-0.24222778039613735,0.06063600399389721,0.04057195984251153,
3,dom_regular_verberase,0.8570019723865878,0.600375234521576,0.8443223443223443,0.5923344947735192,0.9318181818181818,0.6470588235294118,0.8016194331983806,0.5870445344129555,0.038461538461538464,0.7821457821457821,0.7583947583947583,0.02375102375102378,0.09143700507364265,-0.06604167841955995,0.703155818540434,0.9398668639053255,0.3920497185741088,0.787077861163227,0.6776098901098901,0.9487179487179487,0.35187282229965156,0.8032229965156793,0.7954545454545454,1.0,0.299331550802139,0.8983957219251337,0.5303643724696356,0.9474696356275302,0.291497975708502,0.8097165991902834,0.0,0.17857142857142858,0.6241698292220114,0.890970663265306,0.6029223148468806,0.8643618334430547,-0.024517406218070376,0.0765410496619879,0.0417658927630285,0.16096175277529481,0.9174484052532833,0.023725538221891163,-1.33737329590495,0.2691816786789603,-1.0366333001033092,26,14,10,-1.2522506629105967,-1.4224959288993033,-1.0366333001033092,0.08788351487894272,0.09676724036569251,
3,dom_regular_rank2,0.8589743589743589,0.551594746716698,0.8498168498168498,0.5609756097560976,0.9545454545454546,0.6096256684491979,0.7894736842105263,0.5222672064777328,0.05128205128205128,0.7542997542997543,0.7469287469287469,0.0073710073710073765,0.09272919759301736,-0.07475321841261615,0.6990877712031558,0.9437869822485208,0.35365853658536583,0.734545028142589,0.6684981684981685,0.9542124542124543,0.30313588850174217,0.756184668989547,0.8090909090909091,1.0,0.2727272727272727,0.8504010695187164,0.5181174089068826,0.9433198380566802,0.26720647773279355,0.7489878542510121,0.0,0.21428571428571427,0.5901899335392051,0.8651315789473685,0.5905327588024457,0.8619032522258329,-0.03639371381306866,0.05313185588920884,0.04261339368242089,0.1661969503907454,0.8943089430894309,-0.06895009336818328,-1.3040497342197106,0.20976288940398566,-1.0733513668147232,26,14,10,-1.2163723050708557,-1.3917271633685655,-1.0733513668147232,0.08259388261674425,0.10793217005742704,
4,adom_matched,0.5946745562130178,0.5666041275797373,0.575091575091575,0.5940766550522648,0.740909090909091,0.5668449197860963,0.4291497975708502,0.5384615384615384,0.02564102564102564,0.8018018018018018,0.8247338247338247,-0.0229320229320229,0.17086914432386716,-0.020447316235119306,0.3115877712031558,0.7781311637080868,0.32830675422138833,0.8274155722326454,0.29120879120879123,0.8004578754578754,0.323911149825784,0.8536585365853658,0.3089772727272727,0.9363636363636364,0.25655080213903747,0.9090909090909091,0.12540485829959513,0.7773279352226721,0.2509109311740891,0.8340080971659919,0.0,0.83,0.5305909863945578,0.8716454081632653,0.5391761543327008,0.8848039215686274,-0.08500882270485993,0.0542799521124239,-1.3408547193042468,1.490658207659576,0.6691682301438399,0.4764598467171903,-4.052133772334984,0.16929435247280375,-2.5119851734232452,26,14,3,-2.867000022886324,-5.237267521783644,-2.5119851734232452,-0.06854767037343991,0.5299943663698277,0.558
4,dom_matched,0.3214990138067061,0.7879924953095685,0.24725274725274726,0.8466898954703833,0.42727272727272725,0.7486631016042781,0.1862348178137652,0.7773279352226721,0.7564102564102564,0.7559377559377559,0.7616707616707616,-0.005733005733005725,0.17104860027721466,-0.15099914164413653,0.17453155818540433,0.6194526627218935,0.5140478424015009,0.9015009380863039,0.11717032967032967,0.560485347985348,0.5800087108013937,0.9390243902439024,0.16818181818181818,0.8272727272727273,0.37433155080213903,0.93048128342246,0.05263157894736842,0.5546558704453441,0.45334008097165995,0.9352226720647774,0.0,1.0,0.5184275184275184,0.8503551789266074,0.523828125,0.870938075230092,-0.08090196078431378,0.06338398692810444,-0.8522735071389758,1.831223824195003,0.6447779862414009,1.9923664308944908,3.57494427389695,2.6012841725118494,4.411734345590846,26,14,3,4.833038481970476,2.316850065823424,4.411734345590846,-0.05795887809578559,0.5145598178367153,0.708
4,probe_strat,0.5660749506903353,0.7166979362101313,0.5457875457875457,0.7229965156794426,0.4590909090909091,0.8288770053475936,0.611336032388664,0.6194331983805668,0.6794871794871795,0.7362817362817363,0.7608517608517609,-0.02457002457002455,0.13665771888446238,-0.024343245277289642,0.32736686390532543,0.7150147928994083,0.45766885553470915,0.8095684803001876,0.29294871794871796,0.7472985347985348,0.44246515679442505,0.8449912891986063,0.22727272727272727,0.7911363636363634,0.48663101604278075,0.946524064171123,0.2265182186234818,0.7651821862348178,0.36831983805668017,0.8179149797570848,0.2857142857142857,1.0,0.5305567091177557,0.8440220588235293,0.5620533044258373,0.8709783496732025,-0.0887821636638256,0.025314495028780706,-0.7944193687833366,0.9761867584849923,0.7435897435897436,0.7112741927943804,0.7498881170078366,0.9272359114213299,3.5379595116416924,26,14,5,1.8516904052191858,-0.3519141712035125,3.5379595116416924,0.08665095050238696,0.21166787145757548,0.7821793650793651
4,probe_strat_noinit,0.5946745562130178,0.700750469043152,0.5476190476190477,0.735191637630662,0.5318181818181819,0.7914438502673797,0.5910931174089069,0.5951417004048583,0.5897435897435898,0.7764127764127764,0.8083538083538083,-0.03194103194103193,0.19901794591902916,-0.021041675115765556,0.32938856015779094,0.7357248520710059,0.5093105065666041,0.8452157598499062,0.2710164835164835,0.7307692307692307,0.5243466898954704,0.8711236933797909,0.2545454545454545,0.8318181818181818,0.5077540106951872,0.9411764705882353,0.2347165991902834,0.7086032388663966,0.3845141700404859,0.8461538461538461,0.07407407407407407,1.0,0.5659146601146601,0.8709349200206399,0.6231961897458731,0.9007779646761985,-0.09749395777967215,0.014742146858743524,-0.3027016389763717,0.7795622128478077,0.7623514696685428,0.6769135306315415,0.18311491978365912,0.7477901282520807,2.6931531546044725,26,14,5,1.2536879397769234,-0.8874581002096051,2.6931531546044725,0.07389518389384996,0.38670208895679803,0.7804095238095238
4,probe_matched,0.3816568047337278,0.7664165103189493,0.304029304029304,0.8292682926829268,0.5,0.7058823529411765,0.242914979757085,0.7732793522267206,0.6923076923076923,0.8214578214578214,0.8378378378378378,-0.016380016380016404,0.263935942488776,-0.07705805168872534,0.20710059171597633,0.5868836291913214,0.5721857410881801,0.8743198874296435,0.14464285714285716,0.5330128205128205,0.6219076655052265,0.9320557491289199,0.23636363636363636,0.8093181818181816,0.40093582887700535,0.9037433155080213,0.06477732793522267,0.5021255060728743,0.5060728744939271,0.9352226720647774,0.07142857142857142,1.0,0.6142327044153498,0.8772378419215012,0.6357863751051304,0.889778399122807,-0.08498041601190737,0.036230804601453885,-0.36758958418455207,2.006741685090271,0.6647904940587868,1.6289972388685654,2.108724666878722,1.6950254122427104,3.3593537017178807,26,14,3,3.6161531860393086,0.6012961477181358,3.3593537017178807,0.002797704398092238,0.6556432996248017,0.79
4,dom_regular,0.9289940828402367,1.0,0.9340659340659341,1.0,0.9727272727272728,1.0,0.9190283400809717,1.0,0.0,1.0,1.0,0.0,0.09367994980809055,-0.08407322440470044,0.8067061143984221,0.9792899408284024,0.9399624765478424,1.0,0.8003205128205129,0.9908424908424909,0.9320121951219512,1.0,0.8681818181818182,1.0,0.946524064171123,1.0,0.7004048582995951,0.9919028340080972,0.9027327935222672,1.0,0.0,0.0,1.0,1.0,1.0,1.0,0.0,0.0,0.06573588989946813,0.12631136867780002,1.0,0.6287752802851949,-0.31994288252854186,0.7095408230986077,-0.29864747715032164,26,14,10,-0.17029829238457797,-0.4695874726725057,-0.29864747715032164,0.08425896881393834,0.10781142129931882,
4,dom_regular_verberase,0.8777120315581854,0.6651031894934334,0.8717948717948718,0.6428571428571429,0.9681818181818181,0.6844919786096256,0.8259109311740891,0.659919028340081,0.0,0.80999180999181,0.7665847665847666,0.04340704340704338,0.1739013514784844,-0.06530431034387091,0.7248520710059172,0.9566074950690335,0.4652673545966229,0.8292917448405253,0.6867673992673993,0.9706959706959707,0.3883710801393728,0.8623693379790941,0.8318181818181818,1.0,0.32072192513368986,0.9251336898395722,0.5263157894736842,0.9595141700404858,0.4008097165991903,0.8582995951417004,0.0,0.14285714285714285,0.6576182854897968,0.9208423913043478,0.6076680467099874,0.8862084463850654,0.0008189506351271664,0.10050106985603321,0.11470332444483154,0.25572520542975774,0.9543464665415885,0.13235150918647515,-0.9913409695667998,0.406781395158529,-0.8322428951387815,26,14,10,-0.866678948749735,-1.1160029903838649,-0.8322428951387815,0.14098621560461874,0.22327405528928304,
4,dom_regular_rank2,0.873767258382643,0.5590994371482176,0.8663003663003663,0.5574912891986062,0.9727272727272728,0.5240641711229946,0.7975708502024291,0.5910931174089069,0.038461538461538464,0.7846027846027847,0.7567567567567568,0.027846027846027854,0.187322554612607,-0.08122390335987344,0.7021203155818541,0.9586291913214989,0.3348733583489681,0.7608348968105065,0.6574175824175824,0.967032967032967,0.3045731707317073,0.7804878048780488,0.8363636363636363,1.0,0.22967914438502676,0.8128342245989305,0.43724696356275305,0.9474696356275302,0.31163967611336035,0.809817813765182,0.0,0.2689743589743589,0.5988029568429558,0.8966493936352045,0.5566479591836735,0.8741670751633986,-0.01683739935422025,0.09090909090909083,0.11934041919766927,0.2902182985443048,0.9218261413383365,-0.014354236506180906,-0.9484103566020624,0.3334781463519341,-0.8383721008846523,26,14,10,-0.795248935908498,-1.1015717772956268,-0.8383721008846523,0.13558485523844827,0.26492910367384503,
5,adom_matched,0.5857988165680473,0.5928705440900562,0.5952380952380952,0.5940766550522648,0.7727272727272727,0.5561497326203209,0.4089068825910931,0.5668016194331984,0.05128205128205128,0.9271089271089271,0.9254709254709255,0.0016380016380016515,0.49575931709183174,-0.02376242162915422,0.3153599605522683,0.7732001972386587,0.3452157598499062,0.8274390243902439,0.2948717948717949,0.8095238095238095,0.32221254355400697,0.8293118466898954,0.38181818181818183,0.9318181818181818,0.25668449197860965,0.9038770053475934,0.1214574898785425,0.7489878542510121,0.3034412955465587,0.8582995951417004,0.0,0.9102564102564102,0.6396262541611379,0.9571170506329809,0.6177359666808149,0.9566747311827957,-0.05551341156892044,0.06716497074227337,-1.5307214390521742,3.571680165728324,0.6810506566604128,0.6047300085359626,-3.12678624291185,-0.026111650558565694,-1.947393069957215,26,14,3,-2.1832877115211207,-4.070284774302579,-1.947393069957215,0.43019496764649184,0.594105841259842,0.5720000000000001
5,dom_matched,0.3145956607495069,0.798311444652908,0.25274725274725274,0.8327526132404182,0.44545454545454544,0.7647058823529411,0.17813765182186234,0.7813765182186235,0.7692307692307693,0.8255528255528255,0.8345618345618345,-0.009009009009009028,0.3765334648059562,-0.13482852501402537,0.1548076923076923,0.6025641025641025,0.5356238273921201,0.9033771106941839,0.11904761904761904,0.5715659340659339,0.560932055749129,0.9320557491289199,0.16806818181818184,0.831931818181818,0.4117647058823529,0.9358288770053476,0.040384615384615394,0.5101214574898786,0.43309716599190284,0.9392712550607287,0.024592391304347826,1.0,0.5795354568626457,0.9012473314983889,0.5649792204995693,0.905345038015206,-0.06980892902593955,0.07022675736961445,-0.96530648083105,3.187355038753498,0.6472795497185742,2.050101631245204,3.2722356511871515,2.198120783736527,4.14511833011255,26,14,3,4.272193790323265,2.2722775120510375,4.14511833011255,0.33120695846802106,0.44452322431285857,0.6980000000000001
5,probe_strat,0.6775147928994083,0.651031894934334,0.6886446886446886,0.6358885017421603,0.7045454545454546,0.7700534759358288,0.631578947368421,0.5910931174089069,0.7692307692307693,0.8394758394758395,0.85995085995086,-0.020475020475020478,0.5561731443903454,-0.018778519533153352,0.31947731755424064,0.7792159763313609,0.45114915572232644,0.8067542213883677,0.32051282051282054,0.8168956043956044,0.3988675958188153,0.8101045296167247,0.2818181818181818,0.8590909090909091,0.48114973262032085,0.9466577540106951,0.2104251012145749,0.809817813765182,0.33188259109311746,0.8623481781376519,0.3841346153846154,1.0,0.6109655518226946,0.9085750704887218,0.6416043660287081,0.9285342653508771,-0.0901553803339518,0.04356002242781049,-0.10576877271537692,2.6959479189270477,0.7892432770481551,0.3829985586082777,0.757566582680563,0.5051856897340071,3.018277565482902,26,14,5,1.0557240670921029,0.4594090982690231,3.018277565482902,0.7270730584538039,0.2998232732951572,0.7851769841269841
5,probe_strat_noinit,0.636094674556213,0.7120075046904315,0.6245421245421245,0.7090592334494773,0.6772727272727272,0.7647058823529411,0.5303643724696356,0.6963562753036437,0.6025641025641025,0.8370188370188371,0.8820638820638821,-0.04504504504504503,0.3270394249122854,-0.02324634234749184,0.32344674556213016,0.7199457593688363,0.5506332082551595,0.8536585365853658,0.31684981684981683,0.7601190476190476,0.5017421602787456,0.8693815331010453,0.3090909090909091,0.85,0.4651069518716578,0.9518716577540107,0.15779352226720647,0.7127530364372467,0.4411943319838057,0.8987854251012146,0.21428571428571427,1.0,0.6701683841299677,0.9189456831119545,0.6974867424242425,0.9449103188424492,-0.09525935374149659,0.03677075270897841,-0.20599648298750317,0.9863577405849876,0.7986241400875547,0.6012987052836996,0.5666143920679001,0.5651621888216983,2.4181606276876138,26,14,5,0.7866885065738216,0.3465402775619787,2.4181606276876138,0.4115550491622296,0.20026598853736885,0.7946857142857142
5,probe_matched,0.38362919132149903,0.7664165103189493,0.326007326007326,0.818815331010453,0.5818181818181818,0.7272727272727273,0.19838056680161945,0.7813765182186235,0.6410256410256411,0.8468468468468469,0.8632268632268633,-0.016380016380016404,0.6955166927738228,-0.08394708420951066,0.18833826429980274,0.594723865877712,0.5619136960600375,0.8883911819887429,0.14285714285714285,0.5476648351648352,0.614939024390244,0.9251306620209059,0.2409090909090909,0.845681818181818,0.43315508021390375,0.9090909090909091,0.04048582995951417,0.4574898785425101,0.48582995951417,0.9352226720647774,0.07394179894179895,1.0,0.6351443123938879,0.9164670352170352,0.6461836461558308,0.9258371710526315,-0.08109572072072067,0.05866683673469386,-1.483374064437566,4.9374605168213614,0.6622889305816135,1.8023459110490887,1.8851204327525772,1.5774528549691593,3.397508700734088,26,14,3,2.6959456384557035,1.074295227049451,3.397508700734088,0.644830346820677,0.7715462117035412,0.7360000000000001
5,dom_regular,0.960552268244576,0.99812382739212,0.9706959706959707,0.9982578397212544,0.9772727272727273,1.0,0.951417004048583,1.0,0.0,1.0,1.0,0.0,0.3978579329424848,-0.055156599080498726,0.8519970414201183,0.9901380670611439,0.8789634146341464,1.0,0.8717948717948718,1.0,0.8449477351916377,1.0,0.85,1.0,0.839572192513369,1.0,0.8136639676113361,1.0,0.8420040485829959,1.0,0.0,0.0,1.0,1.0,1.0,1.0,0.0,0.0,0.27518409964130064,0.5470199425616292,1.0,0.5633935246655845,-0.21402464968800888,0.6169425725489152,-0.3337622276651189,26,14,10,-0.1471371644749098,-0.28091213490110795,-0.3337622276651189,0.4543928654906998,0.31305553412016235,
5,dom_regular_verberase,0.9270216962524654,0.6810506566604128,0.924908424908425,0.6289198606271778,0.9727272727272728,0.7272727272727273,0.902834008097166,0.6234817813765182,0.0,0.6273546273546273,0.7018837018837019,-0.07452907452907453,0.479745280897314,-0.013825151978862861,0.8046844181459566,0.9783037475345168,0.43803939962476546,0.864000938086304,0.765521978021978,0.989010989010989,0.37273519163763064,0.8537020905923345,0.85,1.0,0.3850267379679144,0.9413101604278074,0.7165991902834008,0.9919028340080972,0.376417004048583,0.8663967611336032,0.0,0.07692307692307693,0.4635489352989353,0.7616335034013606,0.5227200073974269,0.8180515510872653,-0.13715408915408914,0.003277436527436552,0.3012660221564176,0.6946384077753738,0.9768605378361476,0.1591051842477414,-0.8270096526037295,0.31169364191003157,-0.8932666115344184,26,14,10,-0.7816954032768124,-0.8723239019306466,-0.8932666115344184,0.5426648458466653,0.3853659334732871,
5,dom_regular_rank2,0.9132149901380671,0.5684803001876173,0.9065934065934066,0.5400696864111498,0.9727272727272728,0.6363636363636364,0.8825910931174089,0.5303643724696356,0.038461538461538464,0.6609336609336609,0.7313677313677314,-0.07043407043407046,0.5445504742713041,-0.02735008527359483,0.7672583826429981,0.9704388560157791,0.35454971857410883,0.7851782363977486,0.7435439560439561,0.9816849816849816,0.2960365853658537,0.8084059233449478,0.8454545454545455,1.0,0.2887700534759358,0.8663101604278075,0.6437246963562753,0.9838056680161943,0.2834008097165992,0.7936234817813764,0.0,0.23076923076923078,0.48725489385708054,0.7889310227199209,0.5476579954350161,0.8388294149218715,-0.12859634642118195,0.006536349183407985,0.33210832810370755,0.8210368181522849,0.9499687304565353,0.038344502245452994,-0.8081572096820743,0.18761688949271227,-0.9429485697448635,26,14,10,-0.756151491574557,-0.8601629277895916,-0.9429485697448635,0.603917850392813,0.45549941008904077,
6,adom_matched,0.5187376725838264,0.6369606003752345,0.47802197802197804,0.6672473867595818,0.6772727272727272,0.6684491978609626,0.3319838056680162,0.5384615384615384,0.038461538461538464,0.868959868959869,0.8665028665028665,0.002457002457002533,0.13422453221722438,-0.07372802183823672,0.2612919132149901,0.7949704142011833,0.36770637898686676,0.8265478424015008,0.23255494505494506,0.7967948717948716,0.369294425087108,0.8606271777003485,0.32272727272727275,0.9001136363636363,0.3528074866310161,0.9251336898395722,0.0931174089068826,0.7936234817813764,0.24696356275303644,0.8139676113360322,0.0,0.949903846153846,0.6219916666666667,0.9287499263305715,0.6140997545582048,0.9301319313909774,-0.07926140028379779,0.07454954954954954,-2.168763077324813,2.1632996240554623,0.6116322701688556,1.110246008715347,-2.3411712824216075,0.5042980726910967,-1.1665055989322775,26,14,3,-0.8826689894238353,-3.7996735754193796,-1.1665055989322775,0.2252961733223357,-0.0023829294404426513,0.8300000000000001
6,dom_matched,0.3155818540433925,0.7514071294559099,0.25274725274725274,0.7961672473867596,0.42727272727272725,0.7754010695187166,0.18218623481781376,0.6639676113360324,0.5769230769230769,0.7878787878787878,0.7805077805077805,0.0073710073710073765,0.24945702819706161,-0.2093260820140521,0.17255917159763312,0.5315828402366864,0.5693714821763601,0.875234521575985,0.12632783882783882,0.47989926739926736,0.6044860627177701,0.921602787456446,0.16363636363636364,0.7273863636363636,0.5187165775401069,0.946524064171123,0.048582995951417005,0.44554655870445325,0.4331983805668016,0.8663967611336032,0.0,1.0,0.602937548374613,0.8947848639455781,0.6110275979031762,0.8963265306122449,-0.06834490171990175,0.07648162916094911,-2.5227061112795264,2.852925392728119,0.592245153220763,2.9442099138639692,3.037317853073117,2.489417718826981,4.109103863273891,26,14,3,4.742140982429593,1.3324947237166407,4.109103863273891,0.2525249872460532,0.2448550896235743,0.818
6,probe_strat,0.757396449704142,0.599437148217636,0.6996336996336996,0.6445993031358885,0.85,0.7647058823529411,0.7004048582995951,0.46963562753036436,0.8974358974358975,0.877968877968878,0.8746928746928747,0.003276003276003303,0.5307998771878376,-0.04354442459632365,0.446646942800789,0.8313856015779093,0.42964352720450283,0.8049015009380863,0.4028846153846154,0.8406593406593407,0.43192508710801397,0.8414634146341463,0.43624999999999997,0.95,0.46524064171123,0.946524064171123,0.30364372469635625,0.8341093117408905,0.26720647773279355,0.8137651821862348,0.5555555555555556,1.0,0.7005789909015715,0.9483555487305487,0.6845905938833571,0.9444615069615069,-0.0698738961312026,0.08190008190008191,0.08151379859026563,1.2271184594914135,0.8411507191994997,0.24147444318404115,0.7973865171941178,0.3516840833760339,2.4827832218083645,26,14,5,0.7502986734102476,0.844474360977988,2.4827832218083645,0.7113464074014124,0.25998008186747545,0.8865579365079366
6,probe_strat_noinit,0.7297830374753451,0.7054409005628518,0.6758241758241759,0.7508710801393729,0.8818181818181818,0.8128342245989305,0.5789473684210527,0.6437246963562753,0.8333333333333334,0.8935298935298935,0.8894348894348895,0.004095004095004073,0.20396164424155536,-0.04808492713013118,0.46449704142011833,0.804758382642998,0.5373592870544089,0.849906191369606,0.3956043956043956,0.8003663003663004,0.5121515679442509,0.9006968641114983,0.5089772727272727,0.9454545454545454,0.5508021390374331,0.9572192513368984,0.25080971659919027,0.7814777327935222,0.36427125506072877,0.8826923076923076,0.39839285714285716,1.0,0.746938775510204,0.9525295181968569,0.7426833443054641,0.957483826864079,-0.06586042311661505,0.06618735487616108,-0.12402132361997101,0.6244807160883097,0.8505315822388994,0.4640212776340788,0.7414499817827396,0.30529408523789986,2.0364668600040647,26,14,5,0.8114382412962575,0.6714617222692215,2.0364668600040647,0.34412994047511436,-0.006290800108783227,0.8753079365079366
6,probe_matched,0.4526627218934911,0.7288930581613509,0.3534798534798535,0.8118466898954704,0.6,0.7433155080213903,0.24696356275303644,0.680161943319838,0.6923076923076923,0.8386568386568387,0.7927927927927928,0.04586404586404591,0.427629598399388,-0.08434671918048466,0.2641025641025641,0.6331854043392504,0.5196060037523452,0.8602720450281426,0.1702838827838828,0.5826007326007324,0.609712543554007,0.9251306620209059,0.29545454545454547,0.8455681818181817,0.48649732620320857,0.9251336898395722,0.08097165991902834,0.5465587044534413,0.42105263157894735,0.8825910931174089,0.11474358974358975,1.0,0.6476220016542598,0.9131575479654227,0.5962247405104548,0.8863264427217915,-0.033591830466830466,0.12620765133380776,-0.23626143914937595,2.6580552434932145,0.6735459662288931,1.2615512079161404,1.4902921815336778,1.000598989539432,3.170983409534988,26,14,3,2.161986858118196,0.8185975049491598,3.170983409534988,0.47208981844440473,0.36093926833186313,0.8540000000000001
6,dom_regular,0.9842209072978304,0.99906191369606,0.989010989010989,1.0,1.0,1.0,0.97165991902834,1.0,0.0,1.0,1.0,0.0,0.4042344818791793,-0.05109507397295437,0.8550049309664695,0.9970414201183432,0.8930347091932458,1.0,0.8662545787545788,1.0,0.8397212543554007,1.0,0.8909090909090909,1.0,0.8447860962566845,1.0,0.7689271255060729,1.0,0.8581983805668016,1.0,0.0,0.0,1.0,1.0,1.0,1.0,0.0,0.0,0.27535802271150717,0.558631806943554,1.0,0.521734881684352,-0.10833566180303209,0.5810634282393223,-0.2914916231655958,26,14,10,0.008559979347638634,-0.2252313029537028,-0.2914916231655958,0.4443273419049285,0.34409519184055565,
6,dom_regular_verberase,0.9723865877712031,0.7213883677298312,0.9725274725274725,0.6498257839721254,1.0,0.7486631016042781,0.9635627530364372,0.7165991902834008,0.0,0.8918918918918919,0.8067158067158067,0.08517608517608521,0.43471796499440596,0.01250123112590583,0.8540187376725838,0.9921104536489151,0.4737101313320825,0.9155956848030018,0.8461080586080586,1.0,0.3832317073170732,0.9164198606271777,0.8863636363636364,1.0,0.41163101604278074,0.9518716577540107,0.7975708502024291,1.0,0.41295546558704455,0.9393724696356274,0.0,0.23015384615384613,0.7042393446212233,0.9360843338597004,0.6199448391308856,0.8827084452201933,0.004147534013605429,0.16941220785793157,0.26690452367648515,0.63217835969807,0.9949968730456535,0.19141834479306688,-0.42241540640941627,0.3668577496636945,-0.46536364973038746,26,14,10,-0.33270979137759304,-0.5121210214412395,-0.46536364973038746,0.47902714991085854,0.3682541876197268,
6,dom_regular_rank2,0.965483234714004,0.6303939962476548,0.9688644688644689,0.5505226480836237,1.0,0.6684491978609626,0.9554655870445344,0.6437246963562753,0.02564102564102564,0.8812448812448812,0.8361998361998362,0.04504504504504503,0.5099936753819067,-0.0024068650703388014,0.7927021696252466,0.9911489151873767,0.38367729831144465,0.864000938086304,0.8039835164835165,1.0,0.3083623693379791,0.8241289198606271,0.8818181818181818,1.0,0.35294117647058826,0.9037433155080213,0.7084008097165992,1.0,0.36022267206477737,0.8868421052631578,0.0,0.42857142857142855,0.6898051349572086,0.9404784976005907,0.6356148462674543,0.902139976056212,-0.022362961664329113,0.12408333333333338,0.32554754192903124,0.7438703530663826,0.9856160100062539,0.10524794430152988,-0.3725312549360744,0.28297759912547044,-0.5328472590528515,26,14,10,-0.3248196319320728,-0.420242877940076,-0.5328472590528515,0.5456620844831007,0.4564910617301157,
7,adom_matched,0.47633136094674555,0.649155722326454,0.46886446886446886,0.6655052264808362,0.5863636363636363,0.7219251336898396,0.3319838056680162,0.5263157894736842,0.038461538461538464,0.8058968058968059,0.8124488124488124,-0.006552006552006495,0.5912356079725942,-0.12074474534471198,0.2642751479289941,0.8274408284023669,0.39863977485928703,0.8256332082551593,0.24537545787545786,0.7912087912087912,0.4006533101045296,0.8484756097560976,0.2997727272727273,0.8727272727272727,0.39572192513368987,0.9251336898395722,0.10931174089068826,0.8380566801619433,0.25900809716599194,0.7733805668016193,0.0,0.8537499999999998,0.6076781326781328,0.918167046901528,0.6029399259703881,0.9110612244897959,-0.0931429758635641,0.09994098075348078,-2.174398439966239,4.571412001170641,0.6053783614759225,1.4812753918130528,-1.7836922132546524,0.31953813123697544,-1.030506313625937,26,14,3,-0.48021259553662143,-3.087171830972683,-1.030506313625937,0.41957721639522894,0.8487231953386424,0.8559999999999999
7,dom_matched,0.35601577909270216,0.7457786116322702,0.315018315018315,0.7874564459930313,0.4409090909090909,0.839572192513369,0.2388663967611336,0.6275303643724697,0.44871794871794873,0.7526617526617526,0.742014742014742,0.010647010647010569,0.6324414796630654,-0.2540781646316488,0.1902613412228797,0.5601824457593688,0.5947232645403377,0.8790103189493433,0.1446886446886447,0.5257326007326006,0.6062282229965157,0.9285714285714286,0.19988636363636367,0.7137499999999999,0.5828877005347594,0.9625668449197861,0.07277327935222672,0.4899797570850202,0.4048582995951417,0.8461538461538461,0.0,1.0,0.5769482057751611,0.8791693698541454,0.5624829163162322,0.8643567378387911,-0.0833559782608696,0.11888868274582556,-2.9277104986866136,5.309922341235077,0.5997498436522827,2.5090631387900553,1.9808073882455715,1.5487293812771796,2.4196504206794494,26,14,3,3.2789272758882775,0.6826875006028655,2.4196504206794494,0.45686584193715896,0.8958049362519253,0.8459999999999999
7,probe_strat,0.8175542406311637,0.5703564727954972,0.7783882783882784,0.6341463414634146,0.8363636363636363,0.7967914438502673,0.8218623481781376,0.38461538461538464,0.8205128205128205,0.877968877968878,0.8452088452088452,0.03276003276003281,0.6130732317590647,-0.03659991685208017,0.5177268244575937,0.8994575936883629,0.4165103189493433,0.7777204502814258,0.4706043956043956,0.9084249084249084,0.39198606271777003,0.8223432055749129,0.47261363636363635,0.9454545454545454,0.49732620320855614,0.9518716577540107,0.4331983805668016,0.9311740890688259,0.23076923076923078,0.7165991902834008,0.5357142857142857,1.0,0.6939598420013167,0.9428775510204082,0.6543372494985399,0.9320683255186132,-0.03618944810848453,0.12951951941738768,0.2373405859365973,1.1828913544379442,0.8736710444027517,0.25859211621094563,0.5732849446157555,-0.1651013519050951,1.7444702373404628,26,14,5,0.8437924589872988,0.3027774302442122,1.7444702373404628,0.6741851628167428,0.5214053351725478,0.9225666666666665
7,probe_strat_noinit,0.8254437869822485,0.6397748592870544,0.7728937728937729,0.710801393728223,0.9045454545454545,0.8288770053475936,0.7651821862348178,0.48582995951417,0.7051282051282052,0.8820638820638821,0.8583128583128583,0.02375102375102378,0.46402633138099647,-0.041106861831976725,0.5492603550295858,0.8836538461538461,0.4952157598499062,0.8199577861163226,0.48534798534798534,0.8718406593406594,0.5226480836236934,0.8763501742160279,0.55,0.9637499999999999,0.5987967914438502,0.9732620320855615,0.4089068825910931,0.8866396761133604,0.291497975708502,0.7935222672064778,0.24903846153846154,1.0,0.7406683120837142,0.9520075657894737,0.6976938502673796,0.9354575163398693,-0.048346015310301034,0.09829020108625375,0.1535541951125432,0.9502740050577321,0.8767979987492183,0.38197165072535466,0.39494106064422047,-0.08732776915038261,1.5132032019429489,26,14,5,0.7661907514418509,0.02369136984659009,1.5132032019429489,0.5137367733986361,0.3894606683545369,0.9296444444444443
7,probe_matched,0.5453648915187377,0.6904315196998124,0.4523809523809524,0.7874564459930313,0.5772727272727273,0.7433155080213903,0.4574898785425101,0.5991902834008097,0.7051282051282052,0.8271908271908271,0.7911547911547911,0.036036036036036,0.6297414824086116,-0.07164460626268841,0.336267258382643,0.7189595660749507,0.49615384615384617,0.8302532833020637,0.21245421245421245,0.6667582417582416,0.581794425087108,0.9128919860627178,0.30454545454545456,0.8368181818181814,0.4919786096256685,0.9252673796791443,0.1862348178137652,0.7289473684210525,0.36022267206477737,0.8260121457489877,0.11800000000000001,1.0,0.6183190628224975,0.8955510204081631,0.551717799188641,0.8602402896642528,-0.04386530149694283,0.16592128559040326,0.08385300679667224,2.1249438261167333,0.7292057535959975,0.9553934718412886,1.0877157524958716,0.18585356236507775,2.0755064226868583,26,14,3,1.8534296483988824,0.3220018565928608,2.0755064226868583,0.6019311867324166,0.6714569259229038,0.9039999999999999
7,dom_regular,0.9891518737672583,0.9737335834896811,0.989010989010989,0.9721254355400697,1.0,0.9518716577540107,0.9919028340080972,0.979757085020243,0.0,1.0,1.0,0.0,0.4005352194010826,-0.05557759950021138,0.8017011834319526,1.0,0.7878986866791745,0.9971857410881801,0.8369047619047619,1.0,0.7299216027874564,1.0,0.8726136363636363,1.0,0.7379679144385026,1.0,0.708502024291498,1.0,0.6963562753036437,1.0,0.0,0.05561594202898545,0.993469254368414,1.0,1.0,1.0,-0.00493492474206611,0.0,0.2745272655519006,0.5412983558933038,1.0,0.4721679543470579,-0.11974790540836189,0.46629070172579024,-0.3019781704517465,26,14,10,-0.028163597832826907,-0.21133221298389687,-0.3019781704517465,0.4066206844771034,0.3914070217870516,
7,dom_regular_verberase,0.9773175542406312,0.6538461538461539,0.978021978021978,0.5627177700348432,1.0,0.7005347593582888,0.9676113360323887,0.6396761133603239,0.02564102564102564,0.8730548730548731,0.8173628173628174,0.05569205569205571,0.47334286059475955,0.0010004466360992907,0.8076676528599606,0.9960798816568047,0.39948405253283303,0.8874296435272045,0.8406593406593407,1.0,0.3083623693379791,0.865897212543554,0.9180681818181818,1.0,0.35294117647058826,0.8983957219251337,0.7165991902834008,1.0,0.3319838056680162,0.8987854251012146,0.0,0.42857142857142855,0.6731821895424838,0.9346440750213129,0.6079960784313725,0.8858725063667233,-0.02448398375817731,0.1396174159183194,0.2952666387252037,0.6911129787360136,0.9924953095684803,0.13325417626311714,-0.35446625142411825,0.22134311421453323,-0.3947344678368465,26,14,10,-0.2825411849490431,-0.42639131789919343,-0.3947344678368465,0.48049164174445624,0.46261968887021426,
7,dom_regular_rank2,0.97534516765286,0.5431519699812383,0.9725274725274725,0.44773519163763065,1.0,0.5828877005347594,0.979757085020243,0.5384615384615384,0.08974358974358974,0.8583128583128583,0.8206388206388207,0.03767403767403765,0.5403523547461998,-0.010849962006148914,0.7455374753451677,0.9960798816568047,0.3273686679174484,0.8114446529080676,0.793040293040293,1.0,0.25609756097560976,0.7945121951219511,0.8772727272727273,1.0,0.27794117647058825,0.8716577540106952,0.5869433198380567,1.0,0.26720647773279355,0.8300607287449391,0.0,0.6794871794871795,0.6445167686239115,0.9191935921221636,0.605703007518797,0.8886533780178738,-0.03351926458544105,0.12167577805077796,0.345456633878396,0.8003661321745491,0.9793621013133208,0.03481564089579625,-0.3189641626560739,0.11755402099017326,-0.44262961646473997,26,14,10,-0.28148800467220625,-0.3564403206399416,-0.44262961646473997,0.5358083419478534,0.5471683739437191,
8,adom_matched,0.4990138067061144,0.6416510318949343,0.4835164835164835,0.6567944250871081,0.6409090909090909,0.7112299465240641,0.31983805668016196,0.5344129554655871,0.20512820512820512,0.7755937755937756,0.8361998361998362,-0.06060606060606055,0.9739632317708639,-0.10781604224023959,0.2988165680473373,0.7810897435897436,0.3892354596622889,0.809591932457786,0.2783882783882784,0.7692765567765568,0.40936411149825785,0.8293118466898954,0.3680681818181818,0.8727272727272727,0.39037433155080214,0.9197860962566845,0.10111336032388664,0.7813765182186235,0.26720647773279355,0.7894736842105263,0.0,0.8928571428571429,0.5534356258950949,0.9109614472339804,0.598843987595038,0.9225144230769231,-0.14802361836572084,0.0678354467317488,-3.580837447142105,5.302488255436631,0.6235146966854284,1.2648639167689548,-1.2353330417207513,-0.009022188675458722,0.0069176410370291016,26,14,3,0.1273526694051919,-2.5980187528466945,0.0069176410370291016,0.8371475400810706,1.179186769305553,0.8939999999999999
8,dom_matched,0.388560157790927,0.7326454033771107,0.3608058608058608,0.7717770034843205,0.5272727272727272,0.8128342245989305,0.21052631578947367,0.611336032388664,0.5641025641025641,0.7092547092547092,0.7493857493857494,-0.040131040131040185,0.8198489262941338,-0.2714183830516255,0.21198224852071007,0.575,0.5543855534709193,0.8686913696060037,0.17032967032967034,0.5477106227106227,0.5783536585365854,0.9163763066202091,0.2636363636363636,0.7593181818181816,0.5508021390374331,0.9679144385026738,0.06072874493927125,0.5263157894736842,0.3926113360323887,0.8461538461538461,0.07407407407407407,1.0,0.5323453947368421,0.8587189771013299,0.547576530612245,0.8797424313553344,-0.14009808161593876,0.0811558913698146,-2.990810949067141,7.7839337822387344,0.6116322701688556,2.3757762361665735,2.2179384190830147,0.9267562014969934,2.7799772149893807,26,14,3,3.619275533673682,0.8166013044923469,2.7799772149893807,0.6174823084196635,1.123398853105839,0.8879999999999999
8,probe_strat,0.7357001972386588,0.5956848030018762,0.7014652014652014,0.6445993031358885,0.7909090909090909,0.7486631016042781,0.7449392712550608,0.4777327935222672,0.7307692307692307,0.8116298116298116,0.7862407862407862,0.025389025389025432,1.0137039851699798,-0.03263689985918587,0.4782297830374754,0.8530818540433925,0.42401500938086306,0.7776735459662288,0.39555860805860804,0.8681776556776557,0.42504355400696864,0.8258275261324042,0.37727272727272726,0.9136363636363637,0.48663101604278075,0.9251336898395722,0.3481781376518219,0.8907894736842104,0.27125506072874495,0.7652834008097165,0.33145833333333335,1.0,0.6232922149122807,0.9019812091503268,0.583896345589894,0.8807806752263724,-0.06549648268398267,0.12837148469809753,0.503072212930865,1.9868575422098222,0.8055034396497811,0.4020731707687141,0.49150541852650953,-0.19771499146907678,2.1040861872014722,26,14,5,0.8952603538213066,0.08775048323171238,2.1040861872014722,1.1536292373090606,0.8038161069613589,0.9513833333333332
8,probe_strat_noinit,0.7988165680473372,0.6360225140712945,0.7692307692307693,0.6724738675958188,0.8818181818181818,0.7807486631016043,0.7368421052631579,0.5384615384615384,0.6538461538461539,0.8337428337428338,0.8173628173628174,0.016380016380016404,0.7506559447041162,-0.03715571793022303,0.4960552268244576,0.8629437869822485,0.47084896810506566,0.821810506566604,0.45045787545787547,0.853525641025641,0.4860191637630662,0.8780487804878049,0.4909090909090909,0.9590909090909091,0.5080213903743316,0.9358288770053476,0.3522267206477733,0.8663967611336032,0.32793522267206476,0.8178137651821862,0.1844074074074074,1.0,0.6539310756207263,0.9052424836601307,0.6257761437908497,0.8933016580194,-0.07251726973684211,0.11225740296118447,0.3625411184358611,1.341795940322636,0.851782363977486,0.45054659423417964,0.2756333479633078,-0.1808662190690514,1.7483852214347466,26,14,5,0.6706393314622648,-0.11937263553564924,1.7483852214347466,0.8441004493839408,0.610489187684379,0.93435
8,probe_matched,0.519723865877712,0.6547842401500938,0.4597069597069597,0.7247386759581882,0.5909090909090909,0.7165775401069518,0.38866396761133604,0.5991902834008097,0.7564102564102564,0.7108927108927109,0.696969696969697,0.013923013923013872,1.0899470150213943,-0.10692453985008508,0.31259861932938854,0.7022189349112425,0.45016416510318946,0.8021106941838648,0.2233974358974359,0.6374084249084249,0.5121515679442509,0.865897212543554,0.2727272727272727,0.8409090909090909,0.42245989304812837,0.8983957219251337,0.15384615384615385,0.6277327935222671,0.3643724696356275,0.8178137651821862,0.14814814814814814,1.0,0.5298935298935299,0.8396931223147153,0.48844133771929826,0.8223321466178609,-0.09733414082687342,0.14887423713110293,-4.056737796921938,5.632107163329558,0.6479049405878674,1.2236160762581532,1.6174377772351627,-0.24749406671864235,3.125084363457787,26,14,3,2.552349824981105,0.6825257294892204,3.125084363457787,1.0311027744115326,1.1782133759361864,0.898
8,dom_regular,0.9792899408284024,0.9540337711069419,0.989010989010989,0.9372822299651568,1.0,0.9251336898395722,0.97165991902834,0.97165991902834,0.0,0.9991809991809992,1.0,-0.0008190008190007703,0.43883931942405535,-0.041682825648747486,0.6961538461538461,0.9970660749506903,0.7175891181988743,0.9924953095684803,0.7691391941391942,1.0,0.6445557491289199,0.9930313588850174,0.8498863636363636,1.0,0.6629679144385027,1.0,0.5869433198380567,1.0,0.6518218623481782,1.0,0.0,0.11757692307692319,0.9621481561048744,1.0,0.9901911764705883,1.0,-0.031885177289589055,0.0,0.3109201185246894,0.5791468223641925,1.0,0.4480699608011028,-0.11330851306641276,0.45231002219697664,-0.1547880529184195,26,14,10,-0.023293141027661543,-0.203323885105164,-0.1547880529184195,0.4415840596671759,0.43472220905937436,
8,dom_regular_verberase,0.9714003944773175,0.699812382739212,0.9798534798534798,0.6167247386759582,1.0,0.7112299465240641,0.9473684210526315,0.7165991902834008,0.05128205128205128,0.8968058968058968,0.8165438165438166,0.08026208026208026,0.5612349520792481,0.005243040614004769,0.7701429980276134,0.9941074950690335,0.43616322701688554,0.8968105065666041,0.8277930402930402,1.0,0.35518292682926833,0.8815766550522648,0.8818181818181818,1.0,0.40093582887700535,0.9197860962566845,0.5987854251012146,1.0,0.36831983805668017,0.9273279352226719,0.0,0.48,0.7133308823529412,0.9518119747899159,0.6128618693134822,0.8975093954248365,0.003992628992628977,0.17313916037879162,0.40615059478020366,0.7639716979580672,0.9937460913070669,0.19842339078602816,-0.3045429865957233,0.27192543283748877,-0.16719042994907388,26,14,10,-0.22852947836161172,-0.3805564948298349,-0.16719042994907388,0.5770051086535998,0.5375797172177206,
8,dom_regular_rank2,0.9714003944773175,0.5975609756097561,0.978021978021978,0.5087108013937283,1.0,0.6470588235294118,0.9635627530364372,0.6032388663967612,0.14102564102564102,0.8714168714168714,0.8181818181818182,0.053235053235053176,0.5999218063286402,-0.01208484689427312,0.7435404339250493,0.995069033530572,0.3517589118198874,0.8330675422138836,0.776510989010989,1.0,0.26480836236933797,0.8205574912891986,0.8863636363636364,1.0,0.29398395721925136,0.893048128342246,0.6153846153846154,1.0,0.2631578947368421,0.854251012145749,0.0,0.7092261904761904,0.6724358974358975,0.9354220499569337,0.5970301535087719,0.8900287571892973,-0.02177131006864987,0.14288048552754437,0.4129924211935339,0.837779013077591,0.9787367104440275,0.08902146659133046,-0.29268695118066607,0.14999820338997433,-0.1895193962824243,26,14,10,-0.2448980629546683,-0.3404758394066638,-0.1895193962824243,0.5983756552481724,0.6022410329493418,
9,adom_matched,0.5571992110453649,0.6688555347091932,0.5494505494505495,0.6846689895470384,0.7272727272727273,0.7433155080213903,0.3562753036437247,0.5587044534412956,0.3076923076923077,0.8116298116298116,0.8214578214578214,-0.009828009828009798,0.6984610237596864,-0.09640143779780407,0.30073964497041417,0.8057938856015778,0.42012195121951224,0.8349906191369605,0.2875457875457875,0.8186813186813187,0.4285278745644599,0.8432491289198606,0.41352272727272726,0.9092045454545453,0.43836898395721924,0.9358288770053476,0.08896761133603238,0.7854251012145749,0.26305668016194333,0.7935222672064778,0.0,0.9478230103230103,0.6062448304383787,0.9208480665839536,0.6024489795918367,0.9178125269408164,-0.11831193363451428,0.10630531605407012,-0.07623619447576496,3.6928097415014185,0.6810506566604128,1.0135392029026709,-0.5454066626803471,-0.03454031835029281,0.1867955836978382,26,14,3,0.6989169522101156,-1.78973027757081,0.1867955836978382,0.6432592502557473,0.7812636840155956,0.892
9,dom_matched,0.4230769230769231,0.7439024390243902,0.3772893772893773,0.7926829268292683,0.5590909090909091,0.8449197860962567,0.242914979757085,0.6194331983805668,0.6538461538461539,0.7526617526617526,0.764946764946765,-0.012285012285012331,0.5448411055517406,-0.2601865694941615,0.24553747534516765,0.6282051282051282,0.5693714821763601,0.8668386491557223,0.19230769230769232,0.6117673992673993,0.5800522648083624,0.9146777003484321,0.2863636363636364,0.8001136363636363,0.5989304812834224,0.9625668449197861,0.05668016194331984,0.5385627530364371,0.4089068825910931,0.8624493927125505,0.0912820512820513,1.0,0.555202806122449,0.8776261373035565,0.5547093837535014,0.875,-0.10446457365841082,0.08571603641456585,-0.0997758141560596,3.4662415904485258,0.6535334584115072,1.6968859689891567,1.8849141843248027,0.535625777492665,2.228126101553994,26,14,3,2.9257964271218726,0.8440319415277331,2.228126101553994,0.4434668686609954,0.6969024608878582,0.9359999999999999
9,probe_strat,0.7593688362919132,0.5675422138836773,0.717948717948718,0.6289198606271778,0.7136363636363636,0.7807486631016043,0.7813765182186235,0.42105263157894735,0.6923076923076923,0.8484848484848485,0.7657657657657657,0.08271908271908279,0.9098359868615006,-0.029408204088035586,0.4940335305719921,0.8560404339250494,0.4098968105065666,0.775797373358349,0.3974358974358974,0.8809981684981685,0.4268292682926829,0.8397212543554007,0.3953409090909091,0.922840909090909,0.4758021390374332,0.9358288770053476,0.4169028340080972,0.8948380566801618,0.23481781376518218,0.7571862348178137,0.35714285714285715,1.0,0.6519562229358244,0.9047928571428571,0.5527286902286902,0.866784788466646,-0.037028873560678126,0.18102341570083502,0.44100582258747484,1.8268379153369039,0.7954971857410882,0.33939691133485544,0.3472523853010872,-0.18599086024721126,1.8994786468986768,26,14,5,0.7857584975191777,-0.09125372691700329,1.8994786468986768,0.978867314627537,0.806288995212446,0.9532555555555555
9,probe_strat_noinit,0.8076923076923077,0.6454033771106942,0.7673992673992674,0.6846689895470384,0.8954545454545455,0.7807486631016043,0.7489878542510121,0.5789473684210527,0.6794871794871795,0.8304668304668305,0.7633087633087633,0.06715806715806716,0.6457461633908241,-0.02988315664388014,0.5187130177514793,0.8738165680473372,0.5074343339587242,0.823733583489681,0.44134615384615383,0.86996336996337,0.5139372822299652,0.8693379790940766,0.48170454545454544,0.9727272727272728,0.550668449197861,0.9518716577540107,0.3360323886639676,0.8422064777327933,0.3480769230769231,0.838157894736842,0.21428571428571427,1.0,0.6666052416052416,0.9102172023600595,0.5954275503907857,0.8717218001637821,-0.0462855656700583,0.16742238788007793,0.24487888906740693,1.1202322223477272,0.8542839274546592,0.46272861358212547,0.32285682560041656,-0.09063133498191706,1.7591906241490565,26,14,5,0.6853893113483982,-0.039675660147565066,1.7591906241490565,0.6834392268982536,0.5892065681296793,0.9435777777777778
9,probe_matched,0.514792899408284,0.6594746716697936,0.4468864468864469,0.7282229965156795,0.6409090909090909,0.6844919786096256,0.3441295546558704,0.5991902834008097,0.782051282051282,0.7755937755937756,0.7207207207207207,0.05487305487305494,0.8190109572010404,-0.10676222500540758,0.3076923076923077,0.6834812623274161,0.4905722326454034,0.8142823639774859,0.21611721611721613,0.6612637362637361,0.5104094076655052,0.8763937282229964,0.3226136363636364,0.8454545454545455,0.45989304812834225,0.8983957219251337,0.12550607287449392,0.631578947368421,0.3479757085020243,0.8341093117408905,0.21428571428571427,1.0,0.5913185913185913,0.8680160984848485,0.5028254525397383,0.8317016482791603,-0.053505353786251306,0.17691740366158973,-0.4279677826552761,4.918182695970929,0.6666666666666666,1.240871857083071,1.7680861776855827,-0.11907413730234657,3.126214696554353,26,14,3,2.7369514469054983,0.7992209084656672,3.126214696554353,0.6573434758301754,1.061512179257338,0.952
9,dom_regular,0.980276134122288,0.9568480300187617,0.989010989010989,0.9425087108013938,1.0,0.9251336898395722,0.9595141700404858,0.9757085020242915,0.01282051282051282,0.9967239967239967,1.0,-0.003276003276003303,0.4382215646522512,-0.024551749557034677,0.7662721893491125,1.0,0.7711069418386491,0.9924953095684803,0.8241758241758241,1.0,0.7020470383275261,0.9930313588850174,0.8817045454545455,1.0,0.6844919786096256,1.0,0.6396761133603239,1.0,0.7246963562753036,1.0,0.0,0.2584490740740741,0.9594706368899917,1.0,0.9770391380236305,1.0,-0.028962907188713582,0.0017489898989899216,0.32581521398156854,0.575166002292051,1.0,0.44135728599703417,-0.015723488746718778,0.44967194163344265,-0.016151884706935377,26,14,10,0.07762273239228744,-0.109069709885725,-0.016151884706935377,0.4447107624716582,0.42848776792314064,
9,dom_regular_verberase,0.980276134122288,0.8133208255159474,0.9871794871794872,0.7682926829268293,1.0,0.7914438502673797,0.9554655870445344,0.8421052631578947,0.10256410256410256,0.8755118755118755,0.7051597051597052,0.17035217035217032,0.560893920476614,0.023962267251499338,0.811612426035503,1.0,0.5365853658536586,0.9306519699812382,0.8589285714285714,1.0,0.4407229965156794,0.9337979094076655,0.9317045454545454,1.0,0.4919786096256685,0.9572192513368984,0.651417004048583,1.0,0.4777327935222672,0.9635627530364372,0.0,0.5513986013986014,0.7233215460526317,0.9520082942597328,0.5503393618406234,0.8130778311324529,0.07607526881720435,0.27808643806359745,0.42393565425304847,0.7259928077375744,0.9974984365228268,0.27594711620487433,-0.13331094792708037,0.31924931139059365,0.08319548077729327,26,14,10,-0.04110661027159174,-0.22551528558256898,0.08319548077729327,0.5718806137573911,0.5444138805554486,
9,dom_regular_rank2,0.9743589743589743,0.6632270168855535,0.9798534798534798,0.5958188153310104,1.0,0.6684491978609626,0.951417004048583,0.6680161943319838,0.2564102564102564,0.8714168714168714,0.7067977067977068,0.1646191646191646,0.588143328232511,0.0019897078415563175,0.7790927021696252,1.0,0.39854596622889304,0.84812382739212,0.8204670329670329,1.0,0.3204703832752613,0.8362369337979094,0.8953409090909091,1.0,0.3582887700534759,0.9037433155080213,0.6152834008097167,1.0,0.3643724696356275,0.8826923076923076,0.01795634920634921,0.7934981684981687,0.6715489344379167,0.9397136479158167,0.5197162828947368,0.8155233561483561,0.04807023526339302,0.2516494435612083,0.4177898582282219,0.8037104749028006,0.9849906191369606,0.15126165490539192,-0.08284762275720697,0.1744726636242964,0.08025125198867976,26,14,10,-0.027574422720966704,-0.13812082279344723,0.08025125198867976,0.57911647611439,0.6016836064096923,
10,adom_matched,0.5473372781065089,0.6097560975609756,0.5457875457875457,0.6167247386759582,0.6954545454545454,0.7058823529411765,0.3643724696356275,0.4777327935222672,0.3076923076923077,0.7633087633087633,0.7796887796887797,-0.016380016380016404,0.9539900367611003,-0.10031863301239276,0.31752958579881657,0.7623520710059172,0.4145403377110694,0.7965056285178236,0.3168040293040293,0.793040293040293,0.36755226480836234,0.8171167247386759,0.38181818181818183,0.8772727272727273,0.41711229946524064,0.9251336898395722,0.1214574898785425,0.7651821862348178,0.26305668016194333,0.7531376518218622,0.0,0.8393518518518506,0.5786090727502102,0.8837607493857493,0.5330804264192422,0.8725669314904501,-0.11911441885964917,0.1413485510911982,-1.2217811156768825,4.630435776876829,0.6547842401500938,0.9853793126094563,-1.2495877769193533,-0.12467921337892858,-0.01413527865138878,26,14,3,0.050705492692194785,-2.5498810465309014,-0.01413527865138878,0.9496069091808186,0.9605647281315228,0.882
10,dom_matched,0.4428007889546351,0.723264540337711,0.3956043956043956,0.7770034843205574,0.5636363636363636,0.8342245989304813,0.27530364372469635,0.582995951417004,0.5,0.7108927108927109,0.7125307125307125,-0.0016380016380016515,0.7379164350822279,-0.26525414958739396,0.26920611439842207,0.6351824457593688,0.5318949343339587,0.8527204502814258,0.2216117216117216,0.6300824175824176,0.5469947735191637,0.8937282229965157,0.2680681818181818,0.8090909090909091,0.5560160427807487,0.9679144385026738,0.09301619433198381,0.6033400809716598,0.3562753036437247,0.8178137651821862,0.037037037037037035,0.9642857142857143,0.522906037414966,0.8461583270117691,0.5223689180832038,0.8351648610065955,-0.09440577861579422,0.12326782379618506,-0.0372588267531284,3.7033344464701026,0.6472795497185742,1.5479675968945084,1.2464808301640797,0.2839436486072089,2.049005109436512,26,14,3,2.1339980532939347,0.3589636070342248,2.049005109436512,0.6660581111958749,0.8457039209117573,0.942
10,probe_strat,0.849112426035503,0.5206378986866792,0.8296703296703297,0.5592334494773519,0.8045454545454546,0.7433155080213903,0.9068825910931174,0.3562753036437247,0.6666666666666666,0.8124488124488124,0.7805077805077805,0.03194103194103193,1.104301490595487,-0.009680357717202274,0.5473126232741617,0.9152613412228796,0.3742260787992495,0.7410881801125704,0.483470695970696,0.9231227106227107,0.369294425087108,0.7962108013937282,0.42261363636363636,0.9409090909090909,0.47058823529411764,0.9252673796791443,0.5182186234817814,0.97165991902834,0.16993927125506073,0.7370445344129553,0.21428571428571427,1.0,0.5974899622892634,0.8741530612244898,0.5212316176470588,0.8725369661416172,-0.10868745524525608,0.18606365350551396,0.5665263514847863,2.1179753637069796,0.8217636022514071,0.1778582161565938,0.06531681909604298,-0.6616215261079135,1.7160371112061061,26,14,5,0.6258329371554971,-0.4951992989634112,1.7160371112061061,1.3103240464279564,0.795267656846783,0.9536111111111112
10,probe_strat_noinit,0.8599605522682445,0.5956848030018762,0.836996336996337,0.6149825783972126,0.9181818181818182,0.8074866310160428,0.8461538461538461,0.46963562753036436,0.5897435897435898,0.823914823914824,0.7886977886977887,0.03521703521703523,0.8679393692052614,-0.018672409561491587,0.5551528599605522,0.9043392504930966,0.45581613508442775,0.8011491557223265,0.4981684981684982,0.9029304029304029,0.4494337979094077,0.8432491289198606,0.5135227272727273,0.9682954545454544,0.5668449197860963,0.9625668449197861,0.44534412955465585,0.902834008097166,0.27125506072874495,0.7975708502024291,0.12930402930402934,1.0,0.6371435941288883,0.9049960073710074,0.577297165200391,0.8859180107526882,-0.0906918449197861,0.1649276081061796,0.3677904108512692,1.6025244958877374,0.8624140087554721,0.313488577101464,-0.06748486173879681,-0.4588897674492069,1.4165546461931011,26,14,5,0.423222279843686,-0.5581920033212796,1.4165546461931011,1.0311583487160172,0.6231108999391269,0.9295222222222221
10,probe_matched,0.52465483234714,0.6566604127579737,0.45787545787545786,0.7177700348432056,0.6227272727272727,0.7005347593582888,0.39271255060728744,0.582995951417004,0.7307692307692307,0.7354627354627354,0.6625716625716626,0.07289107289107288,1.3439496191058977,-0.09398440358826013,0.31952662721893493,0.6864151873767258,0.4726782363977486,0.8124296435272045,0.2509157509157509,0.6667124542124542,0.5069686411149826,0.8677264808362368,0.30454545454545456,0.831931818181818,0.45454545454545453,0.9040106951871655,0.14979757085020243,0.631578947368421,0.3441295546558704,0.8259109311740891,0.19230769230769232,1.0,0.5577942176870748,0.8538555514666123,0.4672326496388029,0.8034740687906806,-0.06394348894348892,0.21061654661864743,-1.6218289161956791,7.06122613670231,0.6541588492808005,1.136805593681972,1.445268372158077,-0.39733191718981836,2.9835607353956055,26,14,3,2.670075626866844,0.22046111744931005,2.9835607353956055,1.2316483355926053,1.5124015443758358,0.954
10,dom_regular,0.97534516765286,0.9577861163227017,0.9926739926739927,0.9529616724738676,0.9954545454545455,0.9251336898395722,0.9595141700404858,0.979757085020243,0.038461538461538464,0.9942669942669943,0.9975429975429976,-0.003276003276003303,0.4982321451159569,-0.005894199177119918,0.7613412228796844,1.0,0.7457786116322702,0.9887664165103189,0.8534340659340659,1.0,0.6776567944250871,0.9930313588850174,0.8454545454545455,1.0,0.657620320855615,1.0,0.6558704453441295,1.0,0.7084008097165992,1.0,0.0,0.3333333333333333,0.9256164215686274,1.0,0.9534840866236215,1.0,-0.037220843672456594,0.010342825502293915,0.37536069375438036,0.6477202214181482,1.0,0.44134474221163356,0.021169546601834524,0.45399374829592104,0.037158143552033084,26,14,10,0.13724502816993542,-0.09490593496626637,0.037158143552033084,0.5090252246498446,0.4820425258151257,
10,dom_regular_verberase,0.9763313609467456,0.8405253283302064,0.9871794871794872,0.7961672473867596,1.0,0.8021390374331551,0.9473684210526315,0.8947368421052632,0.16666666666666666,0.9180999180999181,0.6273546273546273,0.29074529074529076,0.6169694489363488,0.042293127663173724,0.7977810650887573,1.0,0.6069418386491557,0.9437382739212007,0.884569597069597,1.0,0.4878048780487805,0.926829268292683,0.8909090909090909,1.0,0.5240641711229946,0.9680481283422459,0.6760121457489879,1.0,0.5668016194331984,0.9757085020242915,0.0,0.6687499999999994,0.7845823095823097,0.986014129784689,0.45543344980672174,0.7536776822410731,0.1768163652024117,0.4326283602150537,0.4759659490542595,0.7961075010293223,0.9987492182614134,0.31174509094908975,-0.07345137482514298,0.37405604400381876,0.2008232450621405,26,14,10,0.10227784405600018,-0.24918059370628615,0.2008232450621405,0.6342823203269323,0.5910001418504737,
10,dom_regular_rank2,0.9625246548323472,0.6735459662288931,0.9816849816849816,0.5871080139372822,0.9954545454545455,0.6951871657754011,0.9311740890688259,0.6720647773279352,0.38461538461538464,0.9033579033579033,0.6248976248976249,0.27846027846027843,0.6850385200594943,0.015255378609396185,0.7543885601577909,0.9980276134122288,0.4071060037523452,0.8395872420262664,0.8369505494505495,1.0,0.30831881533101047,0.8257839721254355,0.8363636363636363,1.0,0.37433155080213903,0.9090909090909091,0.631578947368421,1.0,0.32793522267206476,0.8623481781376519,0.037037037037037035,0.8928571428571429,0.7261200716845878,0.9616461130504833,0.4424264430751274,0.7535744322960471,0.12039312039312033,0.3979771188872571,0.5000588128060512,0.9157476601939496,0.9868667917448405,0.17217283768257735,0.012622953470176529,0.20471705345099514,0.24614125510031315,26,14,10,0.17013961525129911,-0.14489370831094606,0.24614125510031315,0.6883762049539924,0.6800319927177471,
11,adom_matched,0.6252465483234714,0.6013133208255159,0.608058608058608,0.6254355400696864,0.75,0.7058823529411765,0.4777327935222672,0.4493927125506073,0.32051282051282054,0.8288288288288288,0.8345618345618345,-0.005733005733005725,0.9131091511412347,-0.08785447213201947,0.3767258382642998,0.8116370808678501,0.36674484052532835,0.7992729831144465,0.3479395604395604,0.8278388278388278,0.34843205574912894,0.8328397212543553,0.41352272727272726,0.9046590909090908,0.39572192513368987,0.9252673796791443,0.17398785425101215,0.7975708502024291,0.2347165991902834,0.7449392712550608,0.0,0.9259259259259259,0.6116399285113541,0.9138701342002167,0.5840674019607843,0.9134190661125677,-0.12337595674234612,0.13514902649359892,0.25258361405941626,4.416739433993255,0.7104440275171983,0.6705520378447566,-0.6898331896933202,-0.21949104394466687,0.2760421835364541,26,14,3,0.3593724386325809,-1.7390388180192213,0.2760421835364541,0.852798886299252,1.003574548404209,0.9039999999999999
11,dom_matched,0.47337278106508873,0.7307692307692307,0.4084249084249084,0.794425087108014,0.5863636363636363,0.8181818181818182,0.29554655870445345,0.6153846153846154,0.6794871794871795,0.7559377559377559,0.7346437346437347,0.021294021294021248,0.6775653935513221,-0.25844430641032734,0.3007642998027613,0.6913214990138067,0.5008911819887429,0.8481472795497185,0.2216117216117216,0.6612179487179487,0.5452526132404181,0.9146777003484321,0.31363636363636366,0.8545454545454545,0.5346256684491979,0.9572192513368984,0.11336032388663968,0.6072874493927125,0.3562753036437247,0.8380566801619433,0.0826923076923077,1.0,0.5612211416824795,0.8587049342105263,0.530182822118306,0.8513094748388865,-0.08107790836598038,0.12416707516339867,0.14598154048145404,2.387300684818545,0.6823014383989994,1.326630901499589,1.5138417243582625,0.17802816966696336,2.173522987579926,26,14,3,2.325619568361389,0.7020638803551356,2.173522987579926,0.570871325928923,0.8376064949849208,0.9400000000000001
11,probe_strat,0.8471400394477318,0.5347091932457786,0.8333333333333334,0.5383275261324042,0.8363636363636363,0.7486631016042781,0.9392712550607287,0.3643724696356275,0.5384615384615384,0.8329238329238329,0.800982800982801,0.03194103194103193,1.201024757696897,0.003910822649999208,0.5492603550295858,0.9053254437869822,0.36104596622889307,0.7383208255159474,0.4908424908424908,0.9304029304029304,0.3344076655052265,0.8066202090592335,0.5181818181818182,0.9590909090909091,0.4651069518716578,0.93048128342246,0.473582995951417,0.97165991902834,0.19838056680161945,0.7651821862348178,0.21974358974358973,1.0,0.6267253787878788,0.9075344419094418,0.5356916169416169,0.8771513236609957,-0.10445590704039874,0.22197363945578233,0.5557690680115728,2.587658759882475,0.817385866166354,0.13634375968379703,-0.20526583748779662,-0.6244745117625757,1.9113112351457497,26,14,5,-0.36982299907904354,-0.04070867589654971,1.9113112351457497,1.482510747389904,0.7787957731573867,0.8786579365079366
11,probe_strat_noinit,0.8392504930966469,0.5834896810506567,0.815018315018315,0.5923344947735192,0.9181818181818182,0.786096256684492,0.7975708502024291,0.46153846153846156,0.48717948717948717,0.8435708435708436,0.7862407862407862,0.05733005733005736,1.087785496750019,-0.003255289722080593,0.5295611439842209,0.8925295857988166,0.41367260787992494,0.7758208255159474,0.47619047619047616,0.9048534798534797,0.3849738675958188,0.8154181184668988,0.5406818181818182,0.972840909090909,0.5133689839572193,0.9411764705882353,0.376417004048583,0.8988866396761133,0.2550607287449393,0.7692307692307693,0.17395833333333333,1.0,0.6404176904176904,0.9074733824733824,0.5449851973684211,0.8657152384295241,-0.0756964320511957,0.21009522775984155,0.5437362384847252,2.0167077269689067,0.8236397748592871,0.2975498277433793,-0.24590142601567527,-0.6588896678677792,1.563498087113678,26,14,5,-0.2743214691004482,-0.21748138293090236,1.563498087113678,1.2352910148054042,0.8665272196669408,0.915611111111111
11,probe_matched,0.5,0.6632270168855535,0.4542124542124542,0.7317073170731707,0.6363636363636364,0.7593582887700535,0.29959514170040485,0.562753036437247,0.7051282051282052,0.7772317772317773,0.6691236691236692,0.10810810810810811,1.3507397790499545,-0.07995840964215764,0.29681952662721894,0.6716469428007888,0.47553939962476544,0.8048780487804879,0.22889194139194138,0.6484432234432234,0.506925087108014,0.8763501742160279,0.32727272727272727,0.8364772727272726,0.47045454545454546,0.9197860962566845,0.08491902834008097,0.5628542510121456,0.3603238866396761,0.8299595141700404,0.17857142857142858,1.0,0.597147770398482,0.869373408319185,0.47964961522243305,0.8083338452088452,-0.03522577393545137,0.23755102040816323,-1.9399711502644659,6.844916266508937,0.6454033771106942,1.2989582824904657,1.7983962051271618,-0.3506755452654511,2.5191510726386492,26,14,3,3.2646555083461264,0.3321369019081973,2.5191510726386492,1.2455296373503462,1.5085549915993661,0.95
11,dom_regular,0.9881656804733728,0.950281425891182,0.9945054945054945,0.945993031358885,1.0,0.9251336898395722,0.9838056680161943,0.9838056680161943,0.02564102564102564,0.995085995085995,0.9983619983619983,-0.003276003276003303,0.4857030120295,-0.020757423418096135,0.8372287968441814,1.0,0.7598499061913696,0.9906191369606003,0.8771520146520146,1.0,0.6863675958188153,0.9947735191637631,0.8909090909090909,1.0,0.657620320855615,1.0,0.7651821862348178,1.0,0.757085020242915,1.0,0.0,0.3330833333333332,0.9519949346405229,1.0,0.9721254851689635,1.0,-0.031498388829215844,0.0032655735512878755,0.3776957064145532,0.6255049760743501,1.0,0.4150910407565145,-0.04226921890033097,0.4441100874235953,0.03521836847189175,26,14,10,0.06409715079547008,-0.14863558859613202,0.03521836847189175,0.49567480842306594,0.470745317439151,
11,dom_regular_verberase,0.9812623274161736,0.7589118198874296,0.989010989010989,0.6777003484320557,1.0,0.7272727272727273,0.9635627530364372,0.8340080971659919,0.19230769230769232,0.9205569205569205,0.6912366912366913,0.22932022932022922,0.6243624318290227,0.023644095865392144,0.8648668639053254,1.0,0.5102954971857411,0.897842401500938,0.9102106227106227,1.0,0.3779616724738676,0.8780487804878049,0.9045454545454545,1.0,0.42767379679144385,0.9197860962566845,0.7650809716599191,1.0,0.48582995951417,0.9554655870445344,0.0,0.6666666666666666,0.8006110311257371,0.9844738431613431,0.5096347584700119,0.7977099995700034,0.1332074860446571,0.36755568404821976,0.4885462452370198,0.7843980264092417,0.99812382739212,0.2256141076453216,-0.18135486818265528,0.3078956198438055,0.17385010898015785,26,14,10,-0.09090915936276642,-0.2718005770025441,0.17385010898015785,0.643126048757466,0.5962170064363579,
11,dom_regular_rank2,0.9743589743589743,0.5844277673545967,0.9853479853479854,0.47038327526132406,1.0,0.6149732620320856,0.9635627530364372,0.5748987854251012,0.3717948717948718,0.918918918918919,0.6912366912366913,0.22768222768222768,0.7002918430265072,-0.006124845895619531,0.8214250493096646,0.9970660749506903,0.36583020637898683,0.7796435272045027,0.8772893772893773,1.0,0.2508710801393728,0.7370644599303136,0.8545454545454545,1.0,0.32620320855614976,0.8556149732620321,0.7082995951417005,1.0,0.3117408906882591,0.8299595141700404,0.039884615384615386,0.8333333333333334,0.7319662563667233,0.9722687696110429,0.4990355861244019,0.8000222222222222,0.10284816045281163,0.3446995290745291,0.5200722087717821,0.9443323037289673,0.9881175734834271,0.09034116267653973,-0.0864284293125918,0.10765299345957158,0.1311384743717967,26,14,10,-0.023569605128047736,-0.14928725349713587,0.1311384743717967,0.7010348046077043,0.6991774006547121,
12,adom_matched,0.6992110453648915,0.5834896810506567,0.6868131868131868,0.6219512195121951,0.8,0.7058823529411765,0.582995951417004,0.4251012145748988,0.2948717948717949,0.8771498771498771,0.8345618345618345,0.04258804258804261,0.6835091250135408,-0.10017257491399076,0.42998027613412226,0.8471400394477318,0.35834896810506567,0.7833489681050656,0.3936355311355311,0.8626373626373627,0.34316202090592335,0.8222996515679443,0.46352272727272725,0.9318181818181818,0.38489304812834224,0.93048128342246,0.23866396761133604,0.870647773279352,0.22661943319838057,0.7651821862348178,0.0,0.9285714285714286,0.6289745126142184,0.9328460479195774,0.5532139177300468,0.9044255244149805,-0.07235102374283046,0.17440098039215665,0.14480550499816988,2.5741691139718053,0.7535959974984365,0.4978731916422293,-0.8359112194492967,-0.24033034667477615,0.2980531349154513,26,14,3,-0.17078218670307654,-1.5010402521955168,0.2980531349154513,0.6136528364149629,0.7882935579114073,0.916
12,dom_matched,0.4940828402366864,0.7335834896810507,0.43223443223443225,0.8031358885017421,0.6090909090909091,0.8235294117647058,0.32793522267206476,0.6275303643724697,0.7051282051282052,0.8042588042588042,0.7289107289107289,0.0753480753480753,0.4724710758656936,-0.27886472772453347,0.3027613412228797,0.7021942800788955,0.5149859287054409,0.8546435272045028,0.22156593406593406,0.6942765567765566,0.5435104529616724,0.9129355400696865,0.3181818181818182,0.8545454545454545,0.5454545454545454,0.9518716577540107,0.1214574898785425,0.6559716599190282,0.34402834008097166,0.8462550607287448,0.10714285714285714,0.9698369565217386,0.5978102921332525,0.9007444168734491,0.5110256925767723,0.8517662417368053,-0.03515501088772976,0.16782483552631572,-0.054365112583891526,1.8818968562004048,0.7029393370856786,1.1649524296209235,1.2856671107046083,0.19687995748951584,2.122264879781061,26,14,3,1.6421000628145073,0.9292341585947091,2.122264879781061,0.3649503372026646,0.6337521838602368,0.9400000000000001
12,probe_strat,0.8323471400394478,0.549718574108818,0.8205128205128205,0.578397212543554,0.7318181818181818,0.7433155080213903,0.951417004048583,0.43724696356275305,0.5512820512820513,0.85995085995086,0.8034398034398035,0.05651105651105648,0.8591523008590533,-0.0010484588831579864,0.5196992110453649,0.8757642998027614,0.38175422138836773,0.7551594746716698,0.45233516483516484,0.9085164835164834,0.35000000000000003,0.8118466898954704,0.41818181818181815,0.9,0.46524064171123,0.930614973262032,0.4574898785425101,0.97165991902834,0.23076923076923078,0.7530364372469636,0.20937037037037037,1.0,0.6465922254775168,0.9085097066121733,0.49834519402775984,0.8550457375825022,-0.05376502346780972,0.26879084967320255,0.23680908243499088,1.9967553152925075,0.8323952470293934,0.2380522723723923,-0.26538122385935414,-0.6485516720625523,1.9044205794855689,26,14,5,-0.6250720114691186,0.0943095637504103,1.9044205794855689,1.0508196038470483,0.5716513463770606,0.8577301587301587
12,probe_strat_noinit,0.8155818540433925,0.5956848030018762,0.7765567765567766,0.6114982578397212,0.7909090909090909,0.7807486631016043,0.8421052631578947,0.4898785425101215,0.5769230769230769,0.8525798525798526,0.7297297297297297,0.12285012285012287,0.7389935229940944,-0.006985495399294209,0.506854043392505,0.8668885601577909,0.4303939962476548,0.773921200750469,0.4358058608058608,0.8772893772893773,0.425,0.8258275261324042,0.43636363636363634,0.9272727272727272,0.5080213903743316,0.9625668449197861,0.3967611336032389,0.9190283400809717,0.25900809716599194,0.7813765182186235,0.19423076923076926,1.0,0.6742935444415707,0.9168251618871415,0.4868241224381391,0.8379019048373887,-0.01157303921568637,0.2834460087651546,0.22204702649611602,1.6476268508966878,0.8530331457160726,0.3434003132129183,-0.029774384025150626,-0.5954429843378977,1.7132862966821716,26,14,5,-0.13259451591220925,0.073045747861908,1.7132862966821716,0.8090702933237558,0.6338783674996026,0.9204166666666665
12,probe_matched,0.4940828402366864,0.6791744840525328,0.44871794871794873,0.7299651567944251,0.5954545454545455,0.7540106951871658,0.29959514170040485,0.5910931174089069,0.6538461538461539,0.8034398034398035,0.6085176085176085,0.19492219492219498,0.9322322796976183,-0.09190329272681526,0.32246055226824455,0.6696499013806706,0.4793386491557223,0.801172607879925,0.22889194139194138,0.652197802197802,0.49464285714285716,0.8711236933797909,0.2998863636363636,0.8181818181818182,0.45454545454545453,0.9197860962566845,0.10526315789473684,0.562753036437247,0.32793522267206476,0.8300607287449391,0.2407037037037037,0.9642857142857143,0.6134184037409844,0.8760300652086098,0.40648962954747114,0.744984660530879,0.03446016549464821,0.3134242032730404,-1.2861205486782297,9.405525200523938,0.6641651031894934,1.326234490876377,1.3387115715771116,-0.3212641614318212,2.7295484456253702,26,14,3,2.0809479038294834,0.5964752393247399,2.7295484456253702,0.7466940080783808,1.210539687126474,0.96
12,dom_regular,0.9881656804733728,0.9596622889305816,0.9945054945054945,0.9581881533101045,1.0,0.93048128342246,0.9878542510121457,0.9878542510121457,0.02564102564102564,0.9967239967239967,0.9983619983619983,-0.0016380016380016515,0.4949911514803745,-0.02263245062781265,0.8539694280078896,1.0,0.773780487804878,0.9925187617260788,0.8992673992673993,1.0,0.6654616724738676,0.9947735191637631,0.8998863636363637,1.0,0.6951871657754011,1.0,0.8095141700404859,1.0,0.7327935222672065,1.0,0.0,0.3333333333333333,0.9541133375954804,1.0,0.9673793918797425,1.0,-0.024688334286804,0.00900900900900892,0.38666071139368124,0.613716385472175,1.0,0.40980721849206214,-0.05139997364017407,0.45056107515579336,0.048853061891196585,26,14,10,0.02521885334236748,-0.12801880062271562,0.048853061891196585,0.5039890425992084,0.48149431480212385,
12,dom_regular_verberase,0.9832347140039448,0.7354596622889306,0.989010989010989,0.6567944250871081,1.0,0.732620320855615,0.9676113360323887,0.7732793522267206,0.21794871794871795,0.9295659295659295,0.6748566748566749,0.25470925470925465,0.6448016418262651,0.029355043956074047,0.8588510848126232,1.0,0.5037054409005628,0.8827626641651032,0.9010531135531136,1.0,0.37630662020905925,0.8867595818815331,0.9045454545454545,1.0,0.4117647058823529,0.93048128342246,0.7973684210526316,1.0,0.48572874493927126,0.951417004048583,0.0,0.6785714285714286,0.8270738351254481,0.9876088607938359,0.49249301943084456,0.7853737750736106,0.15766661193013184,0.39867535744322957,0.4952338411289792,0.8080855220128085,0.9968730456535334,0.21465609247436643,-0.16618810537651907,0.3090657003819017,0.17068945974367083,26,14,10,-0.07946758734884993,-0.25290862340418824,0.17068945974367083,0.6662694448477026,0.612599937294109,
12,dom_regular_rank2,0.9792899408284024,0.5684803001876173,0.989010989010989,0.47038327526132406,1.0,0.6203208556149733,0.979757085020243,0.5546558704453441,0.4358974358974359,0.9213759213759214,0.6814086814086814,0.23996723996724,0.6789171095541383,-2.6509137745196935e-05,0.8353057199211046,0.9980276134122288,0.3649155722326454,0.7711303939962476,0.8772435897435897,1.0,0.24908536585365854,0.7509146341463415,0.8818181818181818,1.0,0.32072192513368986,0.839572192513369,0.7609311740890689,1.0,0.30364372469635625,0.8057692307692307,0.07142857142857142,0.8883333333333332,0.7590972556275054,0.9762504315813139,0.4891415816326531,0.7900531045751633,0.13171609406036316,0.359522484131859,0.48669164842649143,0.8932470830834942,0.9881175734834271,0.07396843781205627,-0.07418505018241306,0.1315856473385291,0.19229365053524697,26,14,10,-0.035266424670126584,-0.11310367569469952,0.19229365053524697,0.6689654830375874,0.6938445493289649,
13,adom_matched,0.6646942800788954,0.6135084427767354,0.6135531135531136,0.6585365853658537,0.7363636363636363,0.7272727272727273,0.562753036437247,0.43724696356275305,0.41025641025641024,0.8452088452088452,0.8525798525798526,-0.0073710073710073765,0.33647142572162797,-0.08194816470626323,0.34112426035502963,0.8363412228796844,0.3592636022514071,0.8039399624765479,0.2966117216117216,0.836996336996337,0.36398083623693384,0.8571428571428571,0.3,0.9363636363636364,0.3795454545454546,0.9144385026737968,0.23481781376518218,0.8421052631578947,0.2145748987854251,0.7732793522267206,0.0,0.9642857142857143,0.5980270108043217,0.9239355634550084,0.5356141402097284,0.9133911586081025,-0.09417142691951903,0.15225187340410218,-0.5676871856504269,1.6976860630983879,0.7535959974984365,0.622434664125241,-0.15564042406046646,-0.07803981895837875,0.7823494317476575,26,14,3,-0.47976421135107944,0.16848336323014654,0.7823494317476575,0.19877531507321203,0.543015591694252,0.8640000000000001
13,dom_matched,0.4635108481262327,0.725140712945591,0.38278388278388276,0.789198606271777,0.5681818181818182,0.8021390374331551,0.3481781376518219,0.6194331983805668,0.8076923076923077,0.7682227682227682,0.7207207207207207,0.04750204750204756,0.13139638185205568,-0.26048138400787413,0.2761094674556213,0.6992603550295857,0.5065196998123827,0.8302298311444652,0.18681318681318682,0.6794871794871795,0.5557491289198606,0.9042247386759582,0.22715909090909092,0.8681818181818182,0.5025401069518717,0.9413101604278074,0.15384615384615385,0.659919028340081,0.3723684210526316,0.8138663967611335,0.18942857142857147,1.0,0.5449591836734694,0.8627571421689069,0.4938495578030462,0.8529801365457873,-0.06491972789115656,0.15732964711939362,-0.8217206598569445,0.9121557556789023,0.7041901188242652,1.327449705970642,2.3815791269354625,0.5174161138611959,2.999252084209308,26,14,3,1.6717132334463818,3.091445020424543,2.999252084209308,-0.019319453523208185,0.35747013491495155,0.8859999999999999
13,probe_strat,0.76232741617357,0.5056285178236398,0.76007326007326,0.5087108013937283,0.7,0.6631016042780749,0.8137651821862348,0.4331983805668016,0.6282051282051282,0.778050778050778,0.8288288288288288,-0.050778050778050754,0.4926375053562183,-0.009119933979232739,0.44768244575936883,0.8422583826429979,0.3404315196998124,0.7363977485928705,0.3479395604395604,0.84253663003663,0.3170731707317073,0.8101480836236934,0.34545454545454546,0.9046590909090908,0.36885026737967913,0.8877005347593583,0.3522267206477733,0.8987854251012146,0.2347165991902834,0.7651821862348178,0.19740740740740745,1.0,0.5486486486486486,0.8528375168761896,0.48791837971747837,0.8914523339210308,-0.1716952293202293,0.1952806463776577,-0.3326095164671983,2.0177268618479047,0.7898686679174484,0.21911659108671527,-0.22009006373664017,-0.758897427680416,2.217145419677388,26,14,5,-0.9358603516211922,0.49568022414791185,2.217145419677388,0.6806690589827069,0.21059017491648557,0.823820634920635
13,probe_strat_noinit,0.7879684418145957,0.5534709193245778,0.73992673992674,0.5836236933797909,0.7909090909090909,0.6470588235294118,0.7854251012145749,0.5141700404858299,0.6538461538461539,0.7755937755937756,0.7035217035217035,0.07207207207207211,0.4959194090337441,-0.00942553960907793,0.4506656804733728,0.8136834319526627,0.4164868667917448,0.7692542213883677,0.36076007326007326,0.8150641025641026,0.4354965156794425,0.8240853658536585,0.38181818181818183,0.9,0.42245989304812837,0.893048128342246,0.3522267206477733,0.838157894736842,0.30364372469635625,0.7773279352226721,0.18518518518518517,1.0,0.5741654893529894,0.8632556687703746,0.4843296888141295,0.833839040529363,-0.10056192050463604,0.20973510442260432,-0.33625188841541953,1.461421542793741,0.8211382113821138,0.3363622906518585,0.10783997573241055,-0.6642143618343052,1.814989606416315,26,14,5,-0.6081803234957998,0.8238602749606209,1.814989606416315,0.517442000859889,0.4636355212945265,0.8770055555555555
13,probe_matched,0.4940828402366864,0.6454033771106942,0.42124542124542125,0.710801393728223,0.5727272727272728,0.6898395721925134,0.3562753036437247,0.5506072874493927,0.7692307692307693,0.7117117117117117,0.647010647010647,0.06470106470106463,0.4334528595665367,-0.09793307496758089,0.30470907297830374,0.6528599605522682,0.4465056285178236,0.7871247654784239,0.21611721611721613,0.619139194139194,0.4895470383275261,0.8658536585365854,0.2680681818181818,0.7818181818181819,0.4117647058823529,0.8824866310160426,0.13765182186234817,0.5748987854251012,0.32388663967611336,0.7855263157894735,0.26692307692307693,1.0,0.5155135918003565,0.8056478743319135,0.4340642614539673,0.7967459150326797,-0.09596505376344076,0.20314192491611835,-5.493694023901556,8.201475933934418,0.6391494684177611,1.567599637769459,2.290786907369386,-0.4413538455387583,4.364830736699969,26,14,3,1.0119183768974653,3.569655437841307,4.364830736699969,0.14675779500303307,0.8634954564117923,0.9259999999999999
13,dom_regular,0.985207100591716,0.9371482176360225,0.989010989010989,0.9355400696864111,1.0,0.9090909090909091,0.9757085020242915,0.951417004048583,0.0,0.9967239967239967,0.9975429975429976,-0.0008190008190008813,0.4709048876703703,-0.012925966879504276,0.8638806706114398,0.9990384615384615,0.673499061913696,0.9896810506566605,0.8901098901098901,1.0,0.5765679442508711,0.9930313588850174,0.8817045454545455,1.0,0.6256684491978609,1.0,0.8217611336032389,1.0,0.6477732793522267,1.0,0.0,0.34780219780219757,0.9591624149659863,1.0,0.96322848583878,1.0,-0.021509408602150518,0.014807565789473657,0.34082705482401887,0.6171908983605929,1.0,0.3955006722737782,-0.10424766253379496,0.40983066446542454,-0.020672136916115986,26,14,10,-0.05965156197824525,-0.14884376308934466,-0.020672136916115986,0.47114633986171195,0.47054270938335757,
13,dom_regular_verberase,0.965483234714004,0.6707317073170732,0.978021978021978,0.5940766550522648,1.0,0.6844919786096256,0.9392712550607287,0.7206477732793523,0.15384615384615385,0.9312039312039312,0.7027027027027027,0.22850122850122845,0.6663952775686627,0.030451353540566876,0.8608727810650887,0.9930966469428008,0.4623827392120075,0.8396106941838649,0.8900641025641025,1.0,0.344904181184669,0.8293118466898954,0.8998863636363637,1.0,0.38489304812834224,0.8985294117647058,0.793421052631579,1.0,0.44129554655870445,0.9068825910931174,0.0,0.5107051282051283,0.8225356613253065,0.9883371710526315,0.5266306865177832,0.8188870967741935,0.1341623759305212,0.37502365433137086,0.4989975748523145,0.8606326985396549,0.9931207004377736,0.16556798204698894,-0.389375839934338,0.2504377683845136,-0.0838761950996407,26,14,10,-0.10897969094821194,-0.6697719889204641,-0.0838761950996407,0.7094497981151159,0.6018134967489827,
13,dom_regular_rank2,0.960552268244576,0.5168855534709194,0.9725274725274725,0.4355400696864111,1.0,0.5561497326203209,0.9271255060728745,0.5060728744939271,0.24358974358974358,0.9279279279279279,0.6912366912366913,0.2366912366912366,0.6925384176819636,0.005994876036806255,0.8362426035502959,0.9911489151873767,0.33299718574108816,0.7317073170731707,0.8772893772893773,1.0,0.236890243902439,0.6935540069686409,0.8636363636363636,1.0,0.2727272727272727,0.8342245989304813,0.7446356275303644,1.0,0.291497975708502,0.7651821862348178,0.019851851851851857,0.76,0.781999467399112,0.9761641995614034,0.5126451228517723,0.8089795918367347,0.11110882675438591,0.3617066326530612,0.4689163599056931,0.9956519412982804,0.9793621013133208,0.014468031388753966,-0.38262042333584073,0.09370142112754865,-0.14715888228523166,26,14,10,-0.17731494887673002,-0.5879258977949514,-0.14715888228523166,0.7048109009606431,0.6741296927639441,
14,adom_matched,0.7248520710059172,0.5675422138836773,0.6794871794871795,0.6184668989547039,0.8045454545454546,0.6844919786096256,0.6234817813765182,0.4048582995951417,0.358974358974359,0.8173628173628174,0.8296478296478297,-0.012285012285012331,0.293647646583212,-0.10298404939606068,0.40032051282051284,0.857026627218935,0.3198874296435272,0.7664399624765478,0.31684981684981683,0.8663919413919413,0.31010452961672474,0.8240853658536585,0.3409090909090909,0.95,0.31016042780748665,0.8770053475935828,0.2751012145748988,0.858400809716599,0.21052631578947367,0.757085020242915,0.0,0.9814814814814815,0.5549804308644769,0.8914833438089252,0.5383701883701884,0.9011544847467523,-0.12910784313725487,0.13595413595413597,-0.9112873323794349,1.6010532504564148,0.7579737335834896,0.405785317328866,-0.42178956691070857,-0.19720776861854838,0.5454163351575589,26,14,3,-0.9793503569663166,0.13577122314489937,0.5454163351575589,0.14520612940657854,0.5163099223481623,0.8460000000000001
14,dom_matched,0.4832347140039448,0.7101313320825516,0.39194139194139194,0.7822299651567944,0.5863636363636363,0.7807486631016043,0.3765182186234818,0.5910931174089069,0.8205128205128205,0.7469287469287469,0.714987714987715,0.03194103194103193,0.10987950037963065,-0.2664035660974519,0.28296351084812627,0.756533530571992,0.4746482176360225,0.821810506566604,0.20512820512820512,0.7052197802197802,0.5331010452961672,0.8956010452961671,0.2409090909090909,0.8910227272727271,0.46524064171123,0.9197860962566845,0.1700404858299595,0.7044534412955465,0.340080971659919,0.8299595141700404,0.17857142857142858,1.0,0.5147044610316792,0.8478774172647527,0.4835115131578947,0.8428636022386021,-0.08742922556619549,0.13703152714632313,-1.1189136432986964,0.8828503800308478,0.7029393370856786,1.1970571214816288,2.4381091518156164,0.5732188738447362,3.1979925381373486,26,14,3,1.6420941037771304,3.2341241998541026,3.1979925381373486,-0.04133235329900515,0.3366972808975843,0.8940000000000001
14,probe_strat,0.7751479289940828,0.47842401500938087,0.7527472527472527,0.4912891986062718,0.7681818181818182,0.6417112299465241,0.7408906882591093,0.4048582995951417,0.7564102564102564,0.7092547092547092,0.7182637182637183,-0.009009009009009028,0.5053979128450277,0.0039697285407109964,0.4624753451676528,0.871844181459566,0.30196998123827395,0.7167448405253283,0.39368131868131867,0.864606227106227,0.3153310104529617,0.7752613240418118,0.38636363636363635,0.9454545454545454,0.28342245989304815,0.8556149732620321,0.3765182186234818,0.8907894736842104,0.22267206477732793,0.7489878542510121,0.35661375661375666,1.0,0.4912463103520978,0.8130951734990097,0.43136997082309586,0.8334694907399461,-0.16001785714285718,0.20982580404866574,-0.5451130011934723,1.85386132817244,0.8292682926829268,0.17993870769473055,0.5885114187725191,-0.6407242065789739,2.1156793235438824,26,14,5,-0.22329926083470564,1.400322098379744,2.1156793235438824,0.6477190251122278,0.2919162444442272,0.8406333333333332
14,probe_strat_noinit,0.7928994082840237,0.49437148217636023,0.7344322344322345,0.5470383275261324,0.8272727272727273,0.5401069518716578,0.7125506072874493,0.4898785425101215,0.7435897435897436,0.7608517608517609,0.6633906633906634,0.09746109746109743,0.5040192275264944,-0.001653653658320286,0.47919132149901383,0.8314102564102563,0.3705440900562852,0.7420966228893058,0.37362637362637363,0.8040293040293041,0.40587979094076654,0.8084059233449478,0.42261363636363636,0.9363636363636364,0.31537433155080213,0.8288770053475936,0.3319838056680162,0.8219635627530363,0.2874493927125506,0.7935222672064778,0.21428571428571427,1.0,0.5273958333333333,0.855554893947751,0.4352779096134578,0.83171977124183,-0.12330017006802715,0.23920095668629104,-0.4311373900177926,1.3875574200194003,0.815509693558474,0.21522892075698596,0.4639993188671925,-0.6196155257079816,1.671617203566805,26,14,5,-0.3968307461449627,1.3248293838793477,1.671617203566805,0.5228330006188486,0.475798567887963,0.8556722222222222
14,probe_matched,0.5138067061143984,0.600375234521576,0.4542124542124542,0.6515679442508711,0.5909090909090909,0.6363636363636364,0.3684210526315789,0.4979757085020243,0.7948717948717948,0.628992628992629,0.6257166257166257,0.003276003276003303,0.24402967053315383,-0.10630609019710287,0.3204881656804734,0.644033530571992,0.42865853658536585,0.7570590994371482,0.23617216117216117,0.6282051282051282,0.4425087108013937,0.8276132404181183,0.2863636363636364,0.8272727272727273,0.4062834224598931,0.8663101604278075,0.15789473684210525,0.6114372469635626,0.27925101214574904,0.7490890688259108,0.2955128205128205,1.0,0.45008169934640524,0.7648471849540928,0.4264480161282343,0.7575428439803439,-0.129902376910017,0.16328906562625056,-8.353484055108634,10.370149283760286,0.6122576610381488,1.6232150695335392,3.3820453684593508,-0.5711035144649524,5.696034454323097,26,14,3,1.0891873409087958,5.674903396009906,5.696034454323097,-0.2641433951972194,1.0062892691287137,0.9179999999999999
14,dom_regular,0.9832347140039448,0.9427767354596623,0.989010989010989,0.945993031358885,1.0,0.9251336898395722,0.97165991902834,0.9595141700404858,0.01282051282051282,0.995085995085995,0.9975429975429976,-0.002457002457002533,0.46262641835075297,-0.001336573805809037,0.8451183431952662,0.9990138067061144,0.6810272045028143,0.9868667917448405,0.8751831501831502,1.0,0.5818815331010453,0.9895470383275261,0.8407954545454546,1.0,0.6521390374331552,1.0,0.7812753036437248,1.0,0.6356275303643725,1.0,0.0,0.5,0.9532230501536191,1.0,0.9642776705276705,1.0,-0.024679276315789398,0.016524538386783284,0.33416023331426137,0.6057921614469252,1.0,0.39958954204439523,-0.08785672474740039,0.43845679888003647,0.04090063268713721,26,14,10,-0.07384308916952945,-0.10187036032527132,0.04090063268713721,0.4637907939013853,0.4608798550248045,
14,dom_regular_verberase,0.9595660749506904,0.6585365853658537,0.9725274725274725,0.5905923344947736,1.0,0.6844919786096256,0.9311740890688259,0.6761133603238867,0.14102564102564102,0.9344799344799345,0.7166257166257166,0.21785421785421788,0.6687334182503705,0.036361419729975177,0.8500986193293886,0.9921104536489151,0.43323170731707317,0.8434333958724202,0.8735347985347985,1.0,0.34494773519163763,0.8188588850174217,0.8818181818181818,1.0,0.3850267379679144,0.9037433155080213,0.7732793522267206,1.0,0.4087044534412955,0.9109311740890689,0.0,0.5641025641025641,0.8247158080628475,0.9872536018129336,0.5347915131040132,0.8202750068558892,0.12524425373458173,0.3768038102541269,0.4811295328683622,0.862499852949409,0.9874921826141339,0.16322872232733251,-0.47948192741320306,0.22514810109178762,-0.08123076650222451,26,14,10,-0.18751425090168083,-0.7714496039247253,-0.08123076650222451,0.7079846514851468,0.6098565683982065,
14,dom_regular_rank2,0.9556213017751479,0.5150093808630394,0.9761904761904762,0.44076655052264807,0.9954545454545455,0.5775401069518716,0.9149797570850202,0.4939271255060729,0.28205128205128205,0.9352989352989353,0.6887796887796888,0.2465192465192465,0.7552343776287774,0.020211886237372485,0.820438856015779,0.9891518737672583,0.34146341463414637,0.7251641651031895,0.8626373626373627,1.0,0.2456445993031359,0.7161149825783971,0.8544318181818181,1.0,0.28863636363636364,0.8076203208556149,0.7489878542510121,0.9959514170040485,0.2874493927125506,0.7894736842105263,0.02596794871794873,0.8196111111111108,0.793700123342584,0.9776707077674024,0.5284880188105995,0.8124474692599167,0.11928104575163401,0.3495101732149429,0.5234030733187383,1.037778917990204,0.9749843652282677,0.025458752765987847,-0.39184173213921436,0.09113854463292677,0.01534806203207694,26,14,10,-0.16576982963405398,-0.6179136346443748,0.01534806203207694,0.7575399221913603,0.7517760607849029,
15,adom_matched,0.7445759368836292,0.5628517823639775,0.7032967032967034,0.632404181184669,0.8,0.7486631016042781,0.6842105263157895,0.3643724696356275,0.3076923076923077,0.8468468468468469,0.8533988533988534,-0.006552006552006495,0.44374516252088453,-0.09962686476702357,0.4339250493096647,0.8619822485207099,0.3451923076923077,0.7589587242026266,0.3515567765567766,0.8736721611721612,0.3483885017421603,0.8084494773519163,0.3,0.9682954545454544,0.3315508021390374,0.9037433155080213,0.3438259109311741,0.8826923076923076,0.1902834008097166,0.7086032388663966,0.0,0.9641534391534391,0.5730525043350674,0.9101866237895649,0.5416478251507321,0.9106919235951494,-0.11334090909090905,0.14145336275270487,-0.49708414666917816,1.6271427225413235,0.7873671044402751,0.38628915811692277,-0.5045839666720043,-0.2623745374198733,0.3877625228312502,26,14,3,-0.6827946377606761,-0.32637329558333267,0.3877625228312502,0.24351787549773066,0.744086093055615,0.826
15,dom_matched,0.5059171597633136,0.723264540337711,0.41025641025641024,0.8031358885017421,0.5863636363636363,0.8074866310160428,0.4089068825910931,0.6194331983805668,0.8333333333333334,0.7755937755937756,0.7477477477477478,0.027846027846027854,0.23941308888940296,-0.2720055652640086,0.3115138067061144,0.7327909270216961,0.4990384615384615,0.8480300187617261,0.22522893772893773,0.7052655677655677,0.552177700348432,0.9059668989547038,0.25443181818181815,0.8818181818181818,0.48128342245989303,0.946524064171123,0.1862348178137652,0.6963562753036437,0.3561740890688259,0.8299595141700404,0.14843304843304844,1.0,0.5601882008858753,0.8744218430854258,0.5174651924651925,0.8632342809762165,-0.08989527629233512,0.1332264254385965,-0.5062394060647553,1.2314228651935133,0.7292057535959975,1.0978533689704582,2.05249864505833,0.45987668415215466,2.817855987500122,26,14,3,1.6620656386781607,2.442931651438499,2.817855987500122,0.05812443770552549,0.5113460656652191,0.8960000000000001
15,probe_strat,0.8274161735700197,0.43902439024390244,0.8076923076923077,0.47735191637630664,0.8318181818181818,0.5668449197860963,0.8218623481781376,0.3765182186234818,0.717948717948718,0.719082719082719,0.6109746109746109,0.10810810810810811,0.6208539571578556,0.002181603102383532,0.5295364891518738,0.881706114398422,0.27295966228893054,0.6641651031894934,0.461492673992674,0.8793040293040291,0.292595818815331,0.7474738675958187,0.4680681818181818,0.9636363636363636,0.26737967914438504,0.8074866310160428,0.3967611336032389,0.9110323886639675,0.1659919028340081,0.7004048582995951,0.2222222222222222,1.0,0.49873971130221134,0.8161968954248365,0.36763702379214713,0.7770401086791304,-0.09215725893357478,0.2583886476426799,-0.39633929898960535,2.139453661395689,0.7967479674796748,0.09215087009361972,0.07341486820568127,-0.8817276013248887,1.121760058811464,26,14,5,-0.6848108938472958,0.8316406302586583,1.121760058811464,0.6060268712385652,0.6430945860367911,0.85875
15,probe_strat_noinit,0.8570019723865878,0.4474671669793621,0.8095238095238095,0.5156794425087108,0.9181818181818182,0.45989304812834225,0.7651821862348178,0.4574898785425101,0.6538461538461539,0.7428337428337428,0.6117936117936118,0.131040131040131,0.6354286411353626,0.0002872262817383724,0.5404092702169625,0.8688856015779092,0.3189258911819887,0.6923076923076923,0.46886446886446886,0.8553113553113553,0.36058362369337976,0.7560975609756098,0.5180681818181818,0.9727272727272728,0.24064171122994651,0.8076203208556149,0.3967611336032389,0.8462550607287448,0.24686234817813765,0.7328947368421052,0.19884615384615387,1.0,0.53643879849237,0.8461122113319012,0.4400208201560194,0.7808534429280397,-0.08752042483660133,0.23951515788668853,-0.1563466540686241,1.7065669911113617,0.8086303939962477,0.06951640450186099,-0.026142150373826667,-0.7637382162195353,0.861888046791328,26,14,5,-0.6595428955992998,0.6072585948516465,0.861888046791328,0.5054210042345295,0.8304400964866123,0.8545444444444443
15,probe_matched,0.5877712031558185,0.549718574108818,0.5128205128205128,0.6376306620209059,0.6772727272727272,0.6256684491978609,0.4574898785425101,0.46153846153846156,0.8076923076923077,0.6552006552006552,0.6224406224406225,0.0327600327600327,0.6983945016180092,-0.10999784888652961,0.3500739644970414,0.7190088757396449,0.38740619136960597,0.7326688555347092,0.2581959706959707,0.6667582417582416,0.445993031358885,0.8223432055749129,0.3317045454545455,0.8909090909090909,0.32620320855614976,0.839572192513369,0.21052631578947367,0.6437246963562753,0.2631578947368421,0.7489878542510121,0.33866666666666667,1.0,0.4522494364188443,0.7592693629458335,0.3977926606958865,0.7228630834802577,-0.09419016070801779,0.17667260442260443,-9.583113090802497,6.856558128097141,0.6291432145090682,0.9578474679022093,2.5463797685733462,-1.1063302043005614,3.9370802203060182,26,14,3,0.8204719805030795,4.272287556643613,3.9370802203060182,0.05202372968976462,1.6679506595103757,0.8720000000000001
15,dom_regular,0.9832347140039448,0.9324577861163227,0.9871794871794872,0.9390243902439024,1.0,0.9197860962566845,0.97165991902834,0.9392712550607287,0.02564102564102564,0.9942669942669943,0.9975429975429976,-0.003276003276003303,0.4709943402483818,0.012152851579748965,0.8678254437869822,0.9990138067061144,0.6848030018761726,0.9849906191369606,0.8772435897435897,1.0,0.6184233449477352,0.9912891986062717,0.8727272727272727,1.0,0.6629679144385027,1.0,0.8178137651821862,1.0,0.6233805668016195,1.0,0.0,0.359,0.9509651875638593,1.0,0.9596271340286244,1.0,-0.023039387919968114,0.013336417157274993,0.3445233262299278,0.6216899767555434,1.0,0.38656770152608866,-0.09257561810307455,0.4278218608275844,-0.017970029237641186,26,14,10,-0.014020941930687057,-0.17113029427546203,-0.017970029237641186,0.4712108538999426,0.4706695697710406,
15,dom_regular_verberase,0.9566074950690335,0.6529080675422139,0.9725274725274725,0.5940766550522648,1.0,0.6951871657754011,0.9190283400809717,0.6396761133603239,0.19230769230769232,0.9352989352989353,0.696969696969697,0.23832923832923825,0.695374782931579,0.04085961420149342,0.8392258382642998,0.9911489151873767,0.44090056285178236,0.8256097560975608,0.8754120879120879,1.0,0.3501742160278746,0.8293118466898954,0.8953409090909091,1.0,0.39572192513368987,0.8983957219251337,0.7610323886639676,1.0,0.3804655870445344,0.8744939271255061,0.0,0.5714285714285714,0.8104263415892673,0.9851162239089184,0.5213815789473685,0.8092214345618568,0.13484658645683684,0.3702044942669942,0.5185556398413452,0.9192738699539456,0.9868667917448405,0.16153234432149127,-0.366307840870875,0.21673873548756725,-0.08479557269084148,26,14,10,-0.05464205882913127,-0.6779736229126186,-0.08479557269084148,0.7282392682655008,0.646078054930696,
15,dom_regular_rank2,0.9556213017751479,0.50093808630394,0.9761904761904762,0.42857142857142855,1.0,0.5775401069518716,0.9109311740890689,0.4817813765182186,0.358974358974359,0.9336609336609336,0.6773136773136773,0.2563472563472563,0.8005717276737752,0.02564867776693201,0.8293639053254438,0.9891765285996055,0.33860225140712946,0.7091932457786116,0.8717490842490843,1.0,0.25435540069686413,0.6934233449477352,0.8680681818181818,1.0,0.29411764705882354,0.8342245989304813,0.7165991902834008,1.0,0.25101214574898784,0.7692307692307693,0.03,0.8396493506493506,0.7799922194922195,0.9746895962332301,0.49783361747647464,0.7965171696624744,0.14056965346027847,0.37063690476190464,0.5680411341882335,1.1114946541265578,0.9737335834896811,0.009018822423156872,-0.26347498300244876,0.07441400076995032,0.0037740777254113723,26,14,10,0.02303668012923291,-0.5499866461341304,0.0037740777254113723,0.7942992143648209,0.8099804976372064,
16,adom_matched,0.7998027613412229,0.5206378986866792,0.76007326007326,0.5975609756097561,0.8545454545454545,0.6684491978609626,0.728744939271255,0.3805668016194332,0.24358974358974358,0.8566748566748567,0.8722358722358723,-0.015561015561015634,0.625547473332136,-0.11105606575261598,0.4968688362919132,0.8856262327416173,0.3123358348968105,0.7543386491557221,0.4230311355311355,0.8809981684981685,0.3554006968641115,0.8344947735191638,0.40443181818181817,0.9772727272727273,0.28342245989304815,0.9038770053475934,0.3643724696356275,0.8987854251012146,0.19817813765182188,0.7368421052631579,0.0,0.96,0.5913136098843776,0.9251949979049671,0.5734178100520605,0.9243408465359828,-0.12926485260770978,0.1361001674486605,-0.03765423406318909,2.0484624151460036,0.8192620387742339,0.23199225188354688,-0.6833480279022776,-0.348082909619047,0.06568743789703597,26,14,3,-0.6244583626025403,-0.7422376932020148,0.06568743789703597,0.4424496008898261,0.9001942819956009,0.8280000000000001
16,dom_matched,0.5542406311637081,0.7035647279549718,0.4542124542124542,0.7979094076655052,0.65,0.7647058823529411,0.44129554655870445,0.6356275303643725,0.8076923076923077,0.7977067977067978,0.7755937755937756,0.02211302211302213,0.37121845993835795,-0.2853413042569775,0.3618836291913215,0.7889546351084813,0.4605534709193246,0.8302532833020637,0.24171245421245421,0.7309981684981682,0.5225609756097561,0.9111933797909407,0.29545454545454547,0.931931818181818,0.45989304812834225,0.9358288770053476,0.20232793522267206,0.7408906882591093,0.3319838056680162,0.8299595141700404,0.14285714285714285,1.0,0.5665533417668143,0.8951678951678952,0.5197111081274615,0.8913778011204482,-0.10053731873584812,0.1372569175696594,-0.20247212852831492,1.3860657112903614,0.7554721701063164,0.8815497545442218,1.6323813906709495,0.3579345697576764,2.2390398990886706,26,14,3,1.5469477788897685,1.7178150024521304,2.2390398990886706,0.21527469034961466,0.6051341143214729,0.876
16,probe_strat,0.8698224852071006,0.46153846153846156,0.847985347985348,0.5296167247386759,0.8818181818181818,0.5240641711229946,0.8421052631578947,0.46153846153846156,0.6923076923076923,0.687960687960688,0.6625716625716626,0.025389025389025432,0.5597407049600184,0.00084521242473606,0.5423816568047337,0.9043392504930966,0.2814024390243902,0.6857645403377111,0.4669871794871795,0.8993131868131868,0.313588850174216,0.7840156794425087,0.46340909090909094,0.9864772727272726,0.22459893048128343,0.8074866310160428,0.3845141700404859,0.9150809716599189,0.2347165991902834,0.7369433198380565,0.20357142857142857,1.0,0.4819529347354113,0.8282338435374149,0.4516653225806452,0.826126559737522,-0.1766066023308549,0.21895955882352935,-0.31639177763034637,1.9482419444063197,0.8323952470293934,0.12613340962506323,0.09623544763384084,-0.7289460734114512,0.7359359905870545,26,14,5,-0.5732829009698264,0.765753796237508,0.7359359905870545,0.652477373801232,0.42063570169819836,0.8354611111111112
16,probe_strat_noinit,0.8510848126232742,0.4831144465290807,0.8021978021978022,0.5749128919860628,0.8909090909090909,0.5026737967914439,0.7813765182186235,0.5101214574898786,0.6410256410256411,0.7256347256347256,0.6797706797706797,0.04586404586404591,0.6631742487790128,-0.0036380440117231077,0.5502465483234714,0.8875739644970414,0.32267823639774856,0.7092401500938086,0.4724358974358974,0.8736263736263736,0.3536149825783972,0.8014808362369337,0.5315909090909091,0.9864772727272726,0.22459893048128343,0.8074866310160428,0.40070850202429154,0.8623481781376519,0.27530364372469635,0.757085020242915,0.2135989010989011,1.0,0.5361584307387576,0.8431936919504643,0.45747831632653063,0.8233478705978706,-0.13112203112203108,0.1999136739967304,-0.131826894488378,1.669273022760345,0.8386491557223265,0.15050730195896503,0.13543745520539355,-0.6333144702980046,0.6274605780603011,26,14,5,-0.47060936862231023,0.7414842790330973,0.6274605780603011,0.6107657963987763,0.7417869273493672,0.8203555555555555
16,probe_matched,0.5857988165680473,0.5393996247654784,0.4981684981684982,0.6393728222996515,0.6409090909090909,0.5935828877005348,0.4777327935222672,0.46558704453441296,0.7692307692307693,0.6445536445536445,0.6363636363636364,0.008190008190008147,0.8787961179921937,-0.11155029570968886,0.3658037475345168,0.7367110453648915,0.35546435272045024,0.7130393996247654,0.2801739926739927,0.6941849816849817,0.40409407665505226,0.8136759581881532,0.33181818181818185,0.8864772727272726,0.27807486631016043,0.8183155080213903,0.21447368421052632,0.6762145748987853,0.2631578947368421,0.7449392712550608,0.3076923076923077,1.0,0.4466501240694789,0.764815899122807,0.4322622473195434,0.76619382053354,-0.15643469330541296,0.17287531017369734,-8.368194158294822,8.888126393060567,0.626641651031895,0.9445736727818584,2.214804540456323,-1.3036319909172531,2.5011190614883243,26,14,3,0.8329871975496956,3.5966218833629497,2.5011190614883243,0.2332440084481031,1.8471242823083298,0.8880000000000001
16,dom_regular,0.9861932938856016,0.9296435272045028,0.9926739926739927,0.9407665505226481,1.0,0.9144385026737968,0.9757085020242915,0.9473684210526315,0.02564102564102564,0.995085995085995,0.9959049959049959,-0.0008190008190008813,0.47303192125237714,0.0022605929359844727,0.8934664694280079,1.0,0.6913461538461538,0.9887664165103189,0.9047161172161172,1.0,0.6445121951219512,0.9930313588850174,0.9,1.0,0.6736631016042781,1.0,0.8460526315789474,1.0,0.6518218623481782,1.0,0.0,0.3,0.9608862745098039,1.0,0.9634303721488595,1.0,-0.016666666666666607,0.014182565789473663,0.35681952755250046,0.6032093117856383,1.0,0.3912677195489625,-0.1297412507619991,0.4148376382899535,-0.03741194862091853,26,14,10,-0.017817815330551125,-0.2416646861934471,-0.03741194862091853,0.4693418097908632,0.47856708844464785,
16,dom_regular_verberase,0.9635108481262328,0.6613508442776735,0.9743589743589743,0.6097560975609756,1.0,0.7058823529411765,0.9352226720647774,0.6558704453441295,0.16666666666666666,0.9303849303849304,0.6953316953316954,0.23505323505323505,0.6861027404014731,0.03833523034601238,0.873767258382643,0.9960552268244576,0.45590994371482174,0.8217636022514071,0.9047619047619048,1.0,0.3587979094076655,0.8327526132404182,0.8954545454545455,1.0,0.4062834224598931,0.9037433155080213,0.7853238866396761,1.0,0.39665991902834014,0.8825910931174089,0.0,0.6,0.8281016456797706,0.9865532002540293,0.5202514855687607,0.8034656378998968,0.12914473684210526,0.3808950884197594,0.5177338420380199,0.9228825577439715,0.9868667917448405,0.16257371970918447,-0.3685645372624349,0.18894894986537025,-0.08752515040397417,26,14,10,-0.046708388864949935,-0.6904206856599199,-0.08752515040397417,0.7055523695150905,0.6569282967310471,
16,dom_regular_rank2,0.9674556213017751,0.5403377110694184,0.9798534798534798,0.49825783972125437,1.0,0.6256684491978609,0.9271255060728745,0.5141700404858299,0.3076923076923077,0.9287469287469288,0.6576576576576577,0.27108927108927106,0.7697322103431004,0.023739641985974214,0.8392504930966469,0.9940828402366864,0.33862570356472793,0.7205440900562851,0.8827380952380952,1.0,0.2873693379790941,0.7090592334494773,0.8545454545454545,1.0,0.3155080213903743,0.8288770053475936,0.7449392712550608,1.0,0.2631578947368421,0.7775303643724695,0.03571428571428571,0.850324074074074,0.7878693181818182,0.9758487699747687,0.48459578804347825,0.7900493530745631,0.13965854106500478,0.38044188689968744,0.542933587664421,1.0815394353678192,0.9731081926203877,0.036612731891744174,-0.2697599794022687,0.02453806292324399,-0.011251853577032449,26,14,10,0.021988348951182447,-0.5615083077557198,-0.011251853577032449,0.745090307530536,0.806695064561947,
17,adom_matched,0.8007889546351085,0.48686679174484054,0.7472527472527473,0.5749128919860628,0.85,0.6417112299465241,0.728744939271255,0.3805668016194332,0.2692307692307692,0.8353808353808354,0.8574938574938575,-0.02211302211302213,0.7543018724392992,-0.1237037179340908,0.5078648915187377,0.8865877712031558,0.3076688555347092,0.7335834896810507,0.433974358974359,0.8644688644688645,0.3518292682926829,0.8031794425087108,0.45443181818181816,0.9863636363636363,0.2620320855614973,0.8770053475935828,0.39271255060728744,0.9068825910931174,0.19433198380566802,0.7167004048582994,0.0,0.9643452380952381,0.594655848184074,0.9118533163265307,0.552587785997494,0.9254838579691397,-0.13729714618854647,0.12655321519524615,0.0670486758989842,2.1004289035390564,0.801125703564728,0.2066724487173906,-0.6161328148632912,-0.5160176737474874,-0.020813317908924468,26,14,3,-0.3913196245467295,-0.8409460051798527,-0.020813317908924468,0.5267482195949426,1.0956323517058344,0.8640000000000001
17,dom_matched,0.5601577909270217,0.6923076923076923,0.4652014652014652,0.7822299651567944,0.6454545454545455,0.7379679144385026,0.46558704453441296,0.6356275303643725,0.8205128205128205,0.7805077805077805,0.778050778050778,0.002457002457002422,0.41686756900415617,-0.2896490810700006,0.35793885601577907,0.7771449704142012,0.4633677298311445,0.8255393996247654,0.24716117216117217,0.73992673992674,0.508623693379791,0.9059668989547038,0.33181818181818185,0.9181818181818182,0.4223262032085562,0.9144385026737968,0.2063765182186235,0.7611336032388664,0.3319838056680162,0.8422064777327933,0.14150641025641025,1.0,0.5624819444444444,0.8772553402073835,0.5184251638001638,0.8865498532465972,-0.1102125850340136,0.13729575163398686,-0.21280998591407935,1.6513217040407941,0.7435897435897436,0.8869013195546595,1.7030364525609305,0.3006238268058054,2.242572878478027,26,14,3,1.7490809476835372,1.6569919574383236,2.242572878478027,0.23495178508716894,0.6897412448796368,0.8960000000000001
17,probe_strat,0.8412228796844181,0.4643527204502814,0.8131868131868132,0.5209059233449478,0.8409090909090909,0.5668449197860963,0.8380566801619433,0.4331983805668016,0.6538461538461539,0.6805896805896806,0.687960687960688,-0.0073710073710073765,0.7381931938182145,-0.010106076596322587,0.5255424063116371,0.901405325443787,0.2832082551594747,0.7091932457786116,0.4413919413919414,0.8919871794871795,0.31010452961672474,0.8206445993031358,0.38636363636363635,0.9681818181818181,0.23529411764705882,0.8502673796791443,0.4451417004048583,0.9230769230769231,0.2063765182186235,0.7044534412955465,0.25925925925925924,1.0,0.48363970588235294,0.7958333333333333,0.46580923202614377,0.8503239247311828,-0.1922414772727273,0.1524960218508604,-0.17712642411703566,1.6453763127470993,0.8505315822388994,0.1402501717855161,0.0177484859788139,-0.4133534802949592,0.8421776113536099,26,14,5,-0.5035228252790382,0.539019797236666,0.8421776113536099,0.7535247409618608,0.7151958731027449,0.8299666666666667
17,probe_strat_noinit,0.8402366863905325,0.5075046904315197,0.7967032967032966,0.5958188153310104,0.8590909090909091,0.5882352941176471,0.8137651821862348,0.46153846153846156,0.5769230769230769,0.6912366912366913,0.7305487305487306,-0.039312039312039304,0.4985509868180813,-0.019593255460002117,0.53732741617357,0.8836538461538461,0.33677298311444653,0.7403611632270167,0.43772893772893773,0.8717948717948718,0.3780487804878049,0.8327526132404182,0.4318181818181818,0.9592045454545454,0.28342245989304815,0.8716577540106952,0.43299595141700403,0.8866396761133604,0.25101214574898784,0.7368421052631579,0.21428571428571427,1.0,0.5172697368421053,0.8088527364262659,0.5289036447912498,0.8486407600674678,-0.1748570261437909,0.12330712365591397,-0.2900550264394199,1.1569854170220952,0.8549093183239524,0.201787215840301,-0.057660540372012015,-0.5337456996391113,0.7873558752665063,26,14,5,-0.5261057213949567,0.4107846406509327,0.7873558752665063,0.39670727590789323,0.6513165531833632,0.8546777777777776
17,probe_matched,0.5887573964497042,0.5028142589118199,0.489010989010989,0.6062717770034843,0.6409090909090909,0.5347593582887701,0.5263157894736842,0.44129554655870445,0.6923076923076923,0.6355446355446356,0.6863226863226863,-0.050778050778050754,0.8318086393786355,-0.12898722815894748,0.377638067061144,0.7337524654832347,0.350844277673546,0.6960834896810506,0.2691391941391941,0.6758241758241759,0.41633275261324043,0.7962108013937282,0.3226136363636364,0.8636363636363636,0.26724598930481286,0.786096256684492,0.26720647773279355,0.7449392712550608,0.23481781376518218,0.7165991902834008,0.31974358974358974,0.9642857142857143,0.4226954104010025,0.7458524659863945,0.46399429410115606,0.7886729526326566,-0.17893255889579415,0.1135895420821891,-10.06488746238989,9.744552026715494,0.5991244527829893,0.7285386572606363,1.625923466990141,-1.7815184155782646,2.270170184827642,26,14,3,1.2652422702036739,1.9866046637766082,2.270170184827642,0.11395010733263128,1.9085964374476418,0.9039999999999999
17,dom_regular,0.9832347140039448,0.9193245778611632,0.9853479853479854,0.9250871080139372,1.0,0.9251336898395722,0.97165991902834,0.8987854251012146,0.02564102564102564,0.990990990990991,0.9918099918099919,-0.0008190008190008813,0.4622361168397294,0.009387127162634023,0.8835552268244575,1.0,0.702532833020638,0.9859521575984991,0.8809065934065934,1.0,0.6463414634146342,0.9895470383275261,0.8680681818181818,1.0,0.679144385026738,1.0,0.8581983805668016,1.0,0.631578947368421,1.0,0.0,0.4074074074074074,0.951743074998889,1.0,0.9510926385442514,1.0,-0.018018018018018056,0.02355279124545802,0.3215648701554628,0.617540672134632,1.0,0.40588523784379743,-0.08912920276797662,0.38793834730576554,0.008378138301293107,26,14,10,0.02389905801289237,-0.2021574635488456,0.008378138301293107,0.4756591625931849,0.4421015482095462,
17,dom_regular_verberase,0.9684418145956607,0.6866791744840526,0.9725274725274725,0.6445993031358885,1.0,0.7700534759358288,0.9392712550607287,0.659919028340081,0.15384615384615385,0.9246519246519247,0.6805896805896806,0.24406224406224408,0.6643092972968627,0.04169980101534254,0.8589497041420118,0.995069033530572,0.47835365853658535,0.8311913696060037,0.8552655677655677,1.0,0.40409407665505226,0.8537020905923345,0.9,1.0,0.45441176470588235,0.9251336898395722,0.7813765182186235,1.0,0.3926113360323887,0.8705465587044533,0.0,0.6038628038628039,0.820374932867884,0.9812260230179027,0.502037164169517,0.8000378469301934,0.13059529403866812,0.3970711284513806,0.4837111152682215,0.8774539163148445,0.983739837398374,0.19984975633967203,-0.3273468655353866,0.19081447522772313,-0.03432919511094368,26,14,10,-0.051141016578696706,-0.6035527144920765,-0.03432919511094368,0.6891481654118814,0.6270509951243347,
17,dom_regular_rank2,0.9714003944773175,0.5581613508442776,0.9761904761904762,0.5121951219512195,1.0,0.6684491978609626,0.9392712550607287,0.5141700404858299,0.3076923076923077,0.9180999180999181,0.6461916461916462,0.27190827190827194,0.7275790522692154,0.02924063390664247,0.8500986193293886,0.9950936883629191,0.35647279549718575,0.7467166979362101,0.8570970695970695,1.0,0.2926393728222996,0.738719512195122,0.8635227272727273,1.0,0.3850267379679144,0.8877005347593583,0.757085020242915,1.0,0.2671052631578948,0.7854251012145749,0.036243386243386244,0.8846153846153846,0.7865604838709678,0.9722291666666667,0.4722690016866962,0.7804698979591836,0.13729474035175468,0.391022021592489,0.5082186489653363,1.0311062697203368,0.9718574108818011,0.06095861576222461,-0.1884908372100235,0.024109261649231984,0.05438860042141235,26,14,10,0.10411460359423304,-0.48109627801428,0.05438860042141235,0.7200165846922538,0.7389227536346575,
18,adom_matched,0.7948717948717948,0.49530956848030017,0.7380952380952381,0.5871080139372822,0.85,0.5989304812834224,0.7246963562753036,0.4008097165991903,0.28205128205128205,0.8443898443898444,0.8705978705978706,-0.026208026208026203,0.7623328395850457,-0.1257803640818325,0.5049063116370809,0.8797090729783038,0.30107879924953096,0.7280253283302063,0.43040293040293043,0.8681776556776557,0.3447735191637631,0.8119337979094076,0.4772727272727273,0.9773863636363636,0.26724598930481286,0.8397058823529411,0.3845141700404859,0.8866396761133604,0.21447368421052632,0.6963562753036437,0.0,0.9604230769230768,0.5955833978328173,0.914876836690159,0.5677867688286417,0.9231004901960784,-0.13011746365212748,0.12910784313725487,0.021323939968641906,2.305631191762987,0.8073796122576611,0.22173660427110597,-0.5576143091818568,-0.5063588326003,-0.04230827740107544,26,14,3,-0.3072743663730016,-0.8079542519907121,-0.04230827740107544,0.5067819157844763,1.1456592252858995,0.8560000000000001
18,dom_matched,0.5641025641025641,0.6951219512195121,0.45787545787545786,0.7857142857142857,0.6454545454545455,0.7219251336898396,0.4534412955465587,0.631578947368421,0.8076923076923077,0.7927927927927928,0.7936117936117936,-0.0008190008190007703,0.48005597543040024,-0.2813782487351647,0.3777120315581854,0.797904339250493,0.4464587242026266,0.8199343339587242,0.25457875457875456,0.7619963369963368,0.5173344947735191,0.8954703832752613,0.3135227272727273,0.9272727272727272,0.4117647058823529,0.9144385026737968,0.21862348178137653,0.7732793522267206,0.340080971659919,0.8502024291497976,0.15384615384615385,1.0,0.5561151693928191,0.8869135154061624,0.5195874183006537,0.8946949516648764,-0.11584319291171474,0.1396444957841089,-0.09330317706136868,1.6958656756070103,0.7504690431519699,0.8778319530772544,1.717534846006574,0.30345841360052356,2.236787094646221,26,14,3,1.8190279254174537,1.6160417665956943,2.236787094646221,0.3032808274391582,0.7452186974172638,0.9059999999999999
18,probe_strat,0.8372781065088757,0.4624765478424015,0.8278388278388278,0.5156794425087108,0.8318181818181818,0.5080213903743316,0.8421052631578947,0.48582995951417,0.6666666666666666,0.6748566748566749,0.678951678951679,-0.004095004095004073,0.5180678767423446,-0.011286441260783832,0.535404339250493,0.8895956607495068,0.30107879924953096,0.7120075046904315,0.4303571428571429,0.875595238095238,0.3170731707317073,0.8380226480836237,0.42272727272727273,0.9818181818181818,0.24585561497326205,0.8449197860962567,0.4452429149797571,0.9109311740890689,0.24696356275303644,0.7408906882591093,0.25814102564102565,1.0,0.472723505316486,0.7821134868421052,0.41082780612244896,0.8267992856057151,-0.1969294282230065,0.19682143608074013,-0.43984394521219955,1.2774059635983928,0.8342714196372732,0.13355566183915027,-0.007715428405346253,-0.5090674399292056,1.1444092269895372,26,14,5,-0.45097912695957526,0.43554827014888275,1.1444092269895372,0.5978671358041149,0.3983689881496891,0.7857555555555555
18,probe_strat_noinit,0.8372781065088757,0.5065666041275797,0.7948717948717948,0.5871080139372822,0.8636363636363636,0.5454545454545454,0.8137651821862348,0.46558704453441296,0.6153846153846154,0.6961506961506961,0.7108927108927109,-0.014742014742014753,0.28699785559774266,-0.02141226477677104,0.5413461538461538,0.8856262327416173,0.35072701688555347,0.7308161350844277,0.4432234432234432,0.8498626373626373,0.39372822299651566,0.8362804878048781,0.4727272727272727,0.9772727272727273,0.26724598930481286,0.8504010695187164,0.4291497975708502,0.8744939271255061,0.25900809716599194,0.7368421052631579,0.3076923076923077,1.0,0.5227088819398727,0.812173202614379,0.4761230447702487,0.8195662360034454,-0.13566622778143522,0.17158905228758173,-0.5191138279495018,0.7921872868407636,0.8474046278924328,0.2198997420884289,-0.040911378324176434,-0.5891744082743088,1.067694907293601,26,14,5,-0.35318264921114895,0.2713598925627961,1.067694907293601,0.2209028700097631,0.38614033397971204,0.7938412698412698
18,probe_matched,0.6015779092702169,0.5412757973733584,0.4835164835164835,0.6498257839721254,0.6681818181818182,0.5508021390374331,0.5344129554655871,0.4898785425101215,0.782051282051282,0.6044226044226044,0.5855855855855856,0.018837018837018826,0.8004917991989258,-0.13627669505561582,0.3826183431952663,0.7515285996055225,0.363015947467167,0.7045497185741088,0.26373626373626374,0.6813186813186813,0.4354529616724738,0.8222996515679443,0.3453409090909091,0.8682954545454544,0.2727272727272727,0.7914438502673797,0.25495951417004054,0.728744939271255,0.2671052631578948,0.7490890688259108,0.37037037037037035,1.0,0.4196511290708095,0.7373436690400975,0.38639867131062955,0.7528199078755196,-0.1529211956521739,0.18114143920595538,-5.086252435075127,7.146250689252526,0.642901813633521,0.7921680395063421,1.7696742676460677,-1.1610562286920258,2.5324575908796163,26,14,3,1.1933959501563771,2.3459525851357586,2.5324575908796163,0.34278202124068685,1.4870564661362842,0.874
18,dom_regular,0.9891518737672583,0.9427767354596623,0.9908424908424909,0.9529616724738676,1.0,0.93048128342246,0.9838056680161943,0.9554655870445344,0.02564102564102564,0.990990990990991,0.9934479934479934,-0.002457002457002422,0.44464594496816834,0.00907077307462208,0.895414201183432,1.0,0.702626641651032,0.9943714821763602,0.8956043956043956,1.0,0.660191637630662,0.9965156794425087,0.8863636363636364,1.0,0.6631016042780749,1.0,0.8662955465587044,1.0,0.6680161943319838,1.0,0.0,0.2899963768115942,0.9489795918367347,1.0,0.9598629844004107,1.0,-0.02620841995841995,0.012337311855165223,0.32113159689164644,0.5906522063442022,1.0,0.41476727781365386,-0.11417209419898933,0.38826937864742955,-0.016657759729498355,26,14,10,-0.014081369054802837,-0.21426281934317581,-0.016657759729498355,0.45737293573315196,0.42555545882069296,
18,dom_regular_verberase,0.9684418145956607,0.698874296435272,0.9725274725274725,0.6672473867595818,0.9954545454545455,0.7754010695187166,0.9311740890688259,0.6720647773279352,0.14102564102564102,0.9254709254709255,0.6887796887796888,0.2366912366912367,0.6302328834834487,0.04803174320877254,0.8717702169625247,0.9940828402366864,0.49054878048780487,0.8405253283302064,0.8717948717948718,1.0,0.4215156794425087,0.8677264808362368,0.88625,1.0,0.4651069518716578,0.9411764705882353,0.7651821862348178,1.0,0.3967611336032389,0.8744939271255061,0.0,0.5697500000000002,0.8124285130718955,0.984439937932585,0.5073122805680945,0.8074045182119194,0.12666584967320266,0.3804915514592934,0.4487022057765176,0.8494155719622205,0.9856160100062539,0.21880767014495744,-0.37193337230604206,0.18714458741197107,-0.07544988626713338,26,14,10,-0.12491711750020683,-0.6189496271118773,-0.07544988626713338,0.6531876117990496,0.5958007910100475,
18,dom_regular_rank2,0.9733727810650887,0.551594746716698,0.978021978021978,0.519163763066202,0.9954545454545455,0.679144385026738,0.9433198380566802,0.4939271255060729,0.2948717948717949,0.9246519246519247,0.665028665028665,0.2596232596232597,0.7071208425246149,0.038359134328503346,0.860922090729783,0.9960552268244576,0.35834896810506567,0.7337476547842401,0.8717948717948718,1.0,0.28915505226480837,0.7491724738675958,0.85,1.0,0.36363636363636365,0.8931818181818181,0.7651821862348178,1.0,0.27125506072874495,0.7692307692307693,0.03571428571428571,0.8333333333333334,0.7820314625850341,0.9771241830065359,0.4884345349982098,0.7880657284640797,0.1416584967320261,0.385784693877551,0.47020903870792796,0.9910947962357115,0.9712320200125079,0.0641988683433519,-0.21502509106556328,0.00807844427645991,0.01730095511123682,26,14,10,0.0998049346183021,-0.5298551167494286,0.01730095511123682,0.7190741128613252,0.6891909370195499,
19,adom_matched,0.8047337278106509,0.4709193245778612,0.7527472527472527,0.5627177700348432,0.8818181818181818,0.5347593582887701,0.7327935222672065,0.39271255060728744,0.23076923076923078,0.8402948402948403,0.9041769041769042,-0.06388206388206397,0.731751859804041,-0.13081207884278037,0.5325197238658778,0.8836538461538461,0.2776735459662289,0.7176594746716698,0.43956043956043955,0.8883241758241758,0.31354529616724736,0.7909407665505227,0.4997727272727273,0.9727272727272728,0.25668449197860965,0.8236631016042779,0.3926113360323887,0.902834008097166,0.1861336032388664,0.6964574898785424,0.0,0.947192307692307,0.558202614379085,0.9319610693114455,0.596701194951665,0.9483541666666667,-0.1620413817939456,0.08002083333333328,-0.048327139419988056,2.587451604263317,0.7979987492182614,0.1620988494022721,-0.9299477150220248,-0.6462838343207536,-0.28575752127000303,26,14,3,-0.6055053134850039,-1.2543901165590456,-0.28575752127000303,0.4574572182954932,1.143193822066863,0.8560000000000001
19,dom_matched,0.5660749506903353,0.6801125703564728,0.4523809523809524,0.7787456445993032,0.6545454545454545,0.6951871657754011,0.4493927125506073,0.6356275303643725,0.8076923076923077,0.7993447993447993,0.8394758394758395,-0.040131040131040185,0.4260226941354814,-0.27874367521782706,0.3727810650887574,0.7899408284023669,0.42115384615384616,0.8180347091932457,0.2600732600732601,0.7527472527472527,0.4878048780487805,0.9024390243902439,0.32727272727272727,0.9363636363636364,0.37967914438502676,0.9090909090909091,0.21862348178137653,0.7611336032388664,0.3197368421052632,0.8299595141700404,0.09832621082621085,1.0,0.5624986541774333,0.8848451955424727,0.5575510204081633,0.9120380471267454,-0.13379550346376876,0.08938844086021495,-0.256533423297028,1.4623347227922472,0.742338961851157,0.8789168364017981,1.619773744254182,0.2196987840505129,2.2115485661373744,26,14,3,1.7954667217715246,1.4440807667368394,2.2115485661373744,0.23550190748897132,0.7118038741052463,0.9059999999999999
19,probe_strat,0.863905325443787,0.48405253283302063,0.8663003663003663,0.5034843205574913,0.8545454545454545,0.48128342245989303,0.8461538461538461,0.582995951417004,0.6282051282051282,0.714987714987715,0.8116298116298116,-0.09664209664209666,0.26554021184080856,-0.010922722273848207,0.516740631163708,0.9004437869822485,0.31050656660412757,0.7476782363977486,0.4248168498168498,0.9084249084249084,0.3204703832752613,0.8362804878048781,0.44534090909090907,0.9818181818181818,0.23529411764705882,0.8502673796791443,0.43309716599190284,0.9149797570850202,0.2752024291497976,0.7814777327935222,0.17857142857142858,1.0,0.5020569787054606,0.8108852124183006,0.5164461926209553,0.8951831852994644,-0.23724489795918358,0.12059146759478988,-0.6422586083850492,0.8916833398022432,0.874296435272045,0.14634099814006513,-0.02989415781796871,-0.3257348141449987,0.9637635071417486,26,14,5,-0.2739042326994833,0.21411591706354585,0.9637635071417486,0.3401725890925191,0.1535916459632428,0.7773611111111112
19,probe_strat_noinit,0.8520710059171598,0.49343339587242024,0.826007326007326,0.5470383275261324,0.8863636363636364,0.44919786096256686,0.8016194331983806,0.5506072874493927,0.5384615384615384,0.6945126945126945,0.7977067977067978,-0.10319410319410327,0.08534425419013629,-0.02288776505060021,0.551232741617357,0.8826429980276134,0.32734521575984993,0.7298545966228893,0.44505494505494503,0.8717948717948718,0.3641114982578397,0.834581881533101,0.5181818181818182,0.972840909090909,0.24585561497326205,0.8022727272727271,0.4331983805668016,0.8624493927125505,0.3360323886639676,0.789574898785425,0.20305555555555557,1.0,0.532338460870841,0.8222448979591837,0.5558516395557764,0.8822820123255567,-0.1991711601307189,0.09420619314660708,-0.6702630668410635,0.6359173759149531,0.8486554096310194,0.2113817985955976,-0.13675568799059268,-0.5888768659864089,0.6440194285105812,26,14,5,-0.33285072004774513,0.05933934406655978,0.6440194285105812,0.026849859268206808,0.17308584657303053,0.8025555555555556
19,probe_matched,0.5956607495069034,0.5637898686679175,0.47985347985347987,0.6689895470383276,0.6909090909090909,0.5508021390374331,0.5101214574898786,0.5384615384615384,0.7051282051282052,0.6568386568386568,0.737919737919738,-0.08108108108108114,0.5697022827714331,-0.12732545471417087,0.3836045364891519,0.7416666666666666,0.3789868667917448,0.7185975609756097,0.2563186813186813,0.674084249084249,0.4442508710801394,0.8293118466898954,0.3498863636363636,0.872840909090909,0.2727272727272727,0.7754010695187166,0.242914979757085,0.7329959514170039,0.2834008097165992,0.7651821862348178,0.2672364672364672,0.9615384615384616,0.4654073464912281,0.7824491033160387,0.5069519429716799,0.8517661725720936,-0.21999999999999997,0.09812990196078422,-3.8923861448324404,5.836329104063397,0.6610381488430269,0.8306433015922312,1.2822489153714982,-0.876902031914239,2.2125146055432876,26,14,3,1.2279096164791257,1.336588214263871,2.2125146055432876,0.17357391257993252,1.163894838058684,0.89
19,dom_regular,0.9822485207100592,0.9727954971857411,0.989010989010989,0.9773519163763066,1.0,0.9625668449197861,0.9635627530364372,0.9919028340080972,0.0,0.9967239967239967,0.9983619983619983,-0.0016380016380016515,0.3687978924327806,0.02780199479336378,0.8737426035502959,0.9980276134122288,0.7832786116322702,1.0,0.8791208791208791,1.0,0.7420731707317073,1.0,0.9045454545454545,1.0,0.7219251336898396,1.0,0.8298582995951417,1.0,0.7692307692307693,1.0,0.0,0.16,0.9698054259315926,1.0,0.9784905913978494,1.0,-0.018018018018018056,0.006672265288544394,0.25531594395007956,0.49104102280514195,1.0,0.47473273643223407,-0.17533572176293521,0.5236481091838566,-0.004687791898649047,26,14,10,-0.09039632342539206,-0.2602751201004784,-0.004687791898649047,0.3729924727668299,0.36250602193170667,
19,dom_regular_verberase,0.9506903353057199,0.6791744840525328,0.9597069597069597,0.6515679442508711,0.9954545454545455,0.7379679144385026,0.9109311740890689,0.6558704453441295,0.1282051282051282,0.914004914004914,0.6601146601146601,0.2538902538902539,0.6355831912172226,0.04674480061066898,0.8372781065088757,0.9901380670611439,0.47373358348968103,0.8405722326454034,0.826007326007326,0.9963369963369964,0.40762195121951217,0.8658536585365854,0.8817045454545455,1.0,0.4385026737967914,0.9197860962566845,0.7244939271255061,0.9919028340080972,0.4048582995951417,0.8744939271255061,0.0,0.5357142857142857,0.7927434237467132,0.9746109746109746,0.4925962171052632,0.7891025641025641,0.1348273026315789,0.3945688775510204,0.4474665730220392,0.8804534196187942,0.9831144465290806,0.20776954552985308,-0.3784337857072531,0.27020496085402274,-0.06274728763151123,26,14,10,-0.18350877309815253,-0.5733587983163537,-0.06274728763151123,0.6343262855390451,0.637468549734489,
19,dom_regular_rank2,0.9684418145956607,0.5525328330206379,0.9798534798534798,0.5174216027874564,1.0,0.7112299465240641,0.9271255060728745,0.48582995951417,0.2692307692307692,0.918918918918919,0.6535626535626535,0.26535626535626544,0.7512847507875317,0.03826445481202956,0.8569773175542407,0.9960798816568047,0.3536350844277673,0.7439727954971856,0.8625457875457876,1.0,0.30483449477351915,0.7700348432055749,0.8452272727272727,1.0,0.33689839572192515,0.8983957219251337,0.7569838056680163,1.0,0.2509109311740891,0.757085020242915,0.03803418803418804,0.8571428571428571,0.7772113022113023,0.9733382961124897,0.4791324013157895,0.786203074650913,0.12615567628183275,0.3978049242424242,0.5136862446343645,1.042368899549342,0.9668542839274546,0.05334037317032146,-0.19828361720292265,0.07802745243721575,-0.023740728340891658,26,14,10,0.06771356609379695,-0.4642808004996422,-0.023740728340891658,0.7347024740266532,0.7761581659288495,
20,adom_matched,0.7889546351084813,0.41932457786116323,0.7289377289377289,0.5,0.8454545454545455,0.42780748663101603,0.708502024291498,0.38461538461538464,0.14102564102564102,0.8165438165438166,0.904995904995905,-0.0884520884520884,0.6580137690948348,-0.12086347653563458,0.4900641025641026,0.8619575936883629,0.2654315196998124,0.6848264540337711,0.40837912087912087,0.8553571428571428,0.2979094076655052,0.7752613240418118,0.4180681818181818,0.9818181818181818,0.19237967914438503,0.7701871657754009,0.33997975708502026,0.8785425101214575,0.18218623481781376,0.7330971659919026,0.0,0.9630621693121691,0.5552776991380861,0.9194462465694303,0.5937296309924306,0.9537683182738701,-0.17156546156546162,0.07446434704499222,-0.9782138126433874,2.61110761364624,0.7442151344590369,0.0017499148359037431,-1.6705821578769782,-0.9936867579554218,-0.9337742053499464,26,14,3,-1.294349477512683,-2.0468148382412736,-0.9337742053499464,0.29754249052537063,1.198720686949031,0.756
20,dom_matched,0.5295857988165681,0.6772983114446529,0.4358974358974359,0.7630662020905923,0.6181818181818182,0.6898395721925134,0.42105263157894735,0.6558704453441295,0.8589743589743589,0.7608517608517609,0.8173628173628174,-0.05651105651105648,0.3506828318626097,-0.2679864552626363,0.33925049309664695,0.777120315581854,0.4248827392120075,0.8123827392120075,0.2343864468864469,0.7290293040293039,0.48066202090592336,0.8816202090592333,0.3043181818181819,0.9272727272727272,0.3260695187165776,0.8823529411764706,0.1902834008097166,0.7328947368421052,0.3360323886639676,0.8462550607287448,0.07407407407407407,1.0,0.5114753289473685,0.8614013605442177,0.5141425368597051,0.9038196746509362,-0.15234416797884293,0.081501560821697,-0.592785902993808,1.7176025795323233,0.7217010631644778,1.049296668834236,2.319697897933456,0.3425542516473381,3.0193471837960084,26,14,3,2.5517535760945482,2.087642219772364,3.0193471837960084,0.14977281128760514,0.6520478627251165,0.852
20,probe_strat,0.7958579881656804,0.46622889305816134,0.8003663003663004,0.47735191637630664,0.759090909090909,0.5721925133689839,0.7935222672064778,0.4939271255060729,0.7051282051282052,0.7616707616707616,0.8583128583128583,-0.09664209664209666,0.04145272075166016,-0.017667835069963642,0.49405818540433927,0.8639299802761341,0.32825984990619134,0.7261491557223264,0.41378205128205126,0.8718406593406594,0.31528745644599304,0.8293118466898954,0.3635227272727273,0.95,0.31016042780748665,0.8770053475935828,0.4008097165991903,0.8785425101214575,0.24696356275303644,0.757085020242915,0.25925925925925924,1.0,0.5245126096491228,0.8351655920007476,0.5271263706140351,0.9070828857600175,-0.22025297619047618,0.11611759868421045,-1.3785953791408179,0.9310502358366689,0.7936210131332082,0.07864927292572813,0.040825617146752854,-0.42176380334010494,1.2029518278010076,26,14,5,-0.05783519085118391,0.13948642514468962,1.2029518278010076,0.16307934010537217,-0.1409872082789078,0.7826912698412698
20,probe_strat_noinit,0.7909270216962525,0.4849906191369606,0.7545787545787546,0.5435540069686411,0.8545454545454545,0.45989304812834225,0.7408906882591093,0.5020242914979757,0.4230769230769231,0.7289107289107289,0.7968877968877969,-0.06797706797706793,-0.24452522992652448,-0.02626757389169061,0.5049063116370809,0.8481262327416174,0.3451219512195122,0.7157598499061913,0.3918956043956044,0.8406593406593407,0.3849738675958188,0.8206010452961673,0.43170454545454545,0.9545454545454546,0.2727272727272727,0.8502673796791443,0.38866396761133604,0.8179149797570848,0.31953441295546564,0.7530364372469636,0.12720178372352284,1.0,0.514562908496732,0.8270054347826087,0.5172260653164775,0.873375822368421,-0.1903916449872332,0.11083995767655122,-1.654162030218477,0.5043068009877426,0.7817385866166354,0.20724505384701392,-0.5160657291671825,-0.7840316482485554,0.8485862998247332,26,14,5,-0.49106183866934666,-0.5410696196650184,0.8485862998247332,-0.28002661823060826,-0.19127314747039872,0.7982412698412699
20,probe_matched,0.5631163708086785,0.5712945590994372,0.4652014652014652,0.6881533101045296,0.6181818181818182,0.5347593582887701,0.46963562753036436,0.5546558704453441,0.6282051282051282,0.6437346437346437,0.7698607698607699,-0.12612612612612617,0.4106274018537946,-0.11946635739245687,0.3717455621301775,0.7052021696252465,0.40335365853658534,0.723311444652908,0.2271062271062271,0.6684981684981685,0.4668554006968641,0.8397648083623693,0.3090909090909091,0.8772727272727273,0.2727272727272727,0.8021390374331551,0.21447368421052632,0.6802631578947367,0.30759109311740895,0.7733805668016193,0.2503205128205128,0.9285714285714286,0.43937734039052084,0.7754959299161601,0.5176446838425293,0.8717927631578947,-0.2621183915826773,0.06473717776584303,-3.5237611182516155,5.959406029315584,0.6479049405878674,1.0386902375809908,0.9392699769388474,-1.1418796102264546,2.956985821880843,26,14,3,0.8910668375109758,0.987473116366719,2.956985821880843,0.05969263601998769,0.937029550604505,0.8520000000000001
20,dom_regular,0.9812623274161736,0.9155722326454033,0.9871794871794872,0.9111498257839721,0.9954545454545455,0.9037433155080213,0.9676113360323887,0.902834008097166,0.0,0.9975429975429976,0.9991809991809992,-0.0016380016380016515,0.34845883895871904,0.011375841264458626,0.880645956607495,0.9980276134122288,0.7232410881801126,0.9962476547842402,0.8918956043956044,1.0,0.6723867595818815,0.9982578397212544,0.85,1.0,0.6417112299465241,1.0,0.8299595141700404,1.0,0.6922064777327935,1.0,0.0,0.10714285714285714,0.9664692028985508,1.0,0.979991211840888,1.0,-0.023561625669795368,0.006670068027210923,0.23175827747143013,0.4725419141116698,1.0,0.44019601585488566,-0.2957601837904132,0.4363525778846277,-0.19555884368752394,26,14,10,-0.21618542510773406,-0.3753349424730923,-0.19555884368752394,0.3510778951561606,0.34453025466255643,
20,dom_regular_verberase,0.9526627218934911,0.650093808630394,0.9578754578754579,0.6167247386759582,0.9954545454545455,0.7005347593582888,0.9190283400809717,0.631578947368421,0.1282051282051282,0.895986895986896,0.6658476658476659,0.2301392301392301,0.6269701914720197,0.046122329289587136,0.8342948717948718,0.9881656804733728,0.4446294559099437,0.8161585365853659,0.8276556776556776,0.9926739926739927,0.3885017421602787,0.8344947735191638,0.85,1.0,0.40106951871657753,0.9251336898395722,0.7408906882591093,0.9960526315789472,0.3804655870445344,0.8503036437246962,0.0,0.5185185185185185,0.747462626156434,0.9688780549798212,0.4821383143914365,0.7908610197368421,0.10607761892712553,0.38353907594979014,0.4163879321493936,0.8563622554149912,0.9762351469668543,0.16075921824069345,-0.5447115316961908,0.1927860130559401,-0.25744755789602214,26,14,10,-0.28030280268762287,-0.8091202607047586,-0.25744755789602214,0.6267503124581655,0.6273000099928014,
20,dom_regular_rank2,0.9644970414201184,0.5262664165103189,0.967032967032967,0.4843205574912892,1.0,0.6310160427807486,0.9271255060728745,0.4534412955465587,0.20512820512820512,0.8894348894348895,0.665028665028665,0.22440622440622449,0.7502255374472244,0.04209925896443144,0.851060157790927,0.9931213017751479,0.3254924953095685,0.7223733583489681,0.8571428571428571,1.0,0.2578397212543554,0.7074477351916375,0.8545454545454545,1.0,0.31002673796791447,0.8717914438502673,0.7408906882591093,1.0,0.23876518218623483,0.7368421052631579,0.03571428571428571,0.8394999999999997,0.7188553921568628,0.9582619501974341,0.4794905462184874,0.7936322686322685,0.07569386038687975,0.3511944980694981,0.5046281541754204,1.0747014785404168,0.9637273295809882,-0.008393580131509547,-0.34431185387833857,0.026949597682834846,-0.24868667891482568,26,14,10,-0.057445181123296156,-0.631178526633381,-0.24868667891482568,0.7317583102128834,0.7779263782987363,
21,adom_matched,0.7642998027613412,0.4080675422138837,0.7032967032967034,0.5017421602787456,0.8545454545454545,0.43315508021390375,0.659919028340081,0.3724696356275304,0.23076923076923078,0.7944307944307945,0.9148239148239148,-0.12039312039312033,0.6169002562859437,-0.14852432438638835,0.5177268244575937,0.8599605522682445,0.2532598499061913,0.6652204502814257,0.41932234432234433,0.8517399267399266,0.2961672473867596,0.7613240418118467,0.4636363636363636,0.9863636363636363,0.19237967914438503,0.7647058823529411,0.32793522267206476,0.8582995951417004,0.19838056680161945,0.7004048582995951,0.0,0.9283902691511386,0.5624366728701407,0.9087320207688337,0.6085176085176085,0.9589103898138203,-0.20185581015351883,0.04971797310506982,-0.9603039098720539,3.4100446782436507,0.726078799249531,-0.013413493654088216,-1.516854399021922,-1.151856287010313,-0.7116699299278791,26,14,3,-1.1567618324211753,-1.876946965622669,-0.7116699299278791,0.1881870565967848,1.2599700558196822,0.79
21,dom_matched,0.5285996055226825,0.6594746716697936,0.4413919413919414,0.7526132404181185,0.6272727272727273,0.6631016042780749,0.4008097165991903,0.6234817813765182,0.8589743589743589,0.7633087633087633,0.8558558558558559,-0.09254709254709259,0.3960493014882564,-0.2859766637824792,0.358974358974359,0.7564595660749506,0.4005393996247655,0.7879924953095685,0.25274725274725274,0.7162087912087911,0.45993031358885017,0.8937282229965157,0.3089772727272727,0.9364772727272727,0.32085561497326204,0.8556149732620321,0.1901821862348178,0.7246963562753036,0.3237854251012146,0.8341093117408905,0.11495726495726497,1.0,0.5285882352941177,0.8684689364876386,0.5595238095238095,0.9257732795187772,-0.19165487345634397,0.08110997510668556,-0.6884539905952487,2.1136341860568417,0.707942464040025,1.0589986754490064,2.6082417652609093,0.2316870386650135,3.4198968875567024,26,14,3,2.6853350745735276,2.5311484559482906,3.4198968875567024,0.17464075342555008,0.7281621235823158,0.8879999999999999
21,probe_strat,0.8372781065088757,0.48686679174484054,0.847985347985348,0.5087108013937283,0.8590909090909091,0.5775401069518716,0.8178137651821862,0.47368421052631576,0.8589743589743589,0.7952497952497952,0.8845208845208845,-0.08927108927108929,0.02254569551053224,-0.027238247025041705,0.49405818540433927,0.8867603550295856,0.3413696060037524,0.7420262664165104,0.42486263736263735,0.8937728937728938,0.3204703832752613,0.7962543554006968,0.4271590909090909,0.9772727272727273,0.33128342245989306,0.8449197860962567,0.3765182186234818,0.9068825910931174,0.29139676113360324,0.7611336032388664,0.35681818181818187,1.0,0.5376332337017821,0.8575407964782965,0.5908249897624898,0.9416324013157895,-0.25326851135190925,0.0847989210580731,-1.2086716386838778,0.7756305524489495,0.8311444652908068,0.05388920931001068,0.7140138373234497,-0.23008158905180576,1.0452863616682475,26,14,5,0.3564049195500598,1.0716227550968396,1.0452863616682475,0.19399373422190183,-0.23462636255652222,0.8177968253968253
21,probe_strat_noinit,0.8254437869822485,0.47373358348968103,0.8058608058608059,0.5261324041811847,0.9272727272727272,0.44385026737967914,0.757085020242915,0.4939271255060729,0.5128205128205128,0.7477477477477478,0.8697788697788698,-0.12203112203112199,-0.16261119225066217,-0.03931321069965588,0.504733727810651,0.8737919132149902,0.335764540337711,0.7082551594746717,0.43040293040293043,0.8571886446886446,0.3570993031358885,0.8066637630662021,0.5045454545454545,0.990909090909091,0.24064171122994651,0.8236631016042779,0.36022267206477737,0.8259109311740891,0.3157894736842105,0.7935222672064778,0.19230769230769232,1.0,0.5483333333333333,0.8487709460818371,0.6461826883701883,0.9346573769367887,-0.2657783766155748,0.04933673469387753,-1.3045479262404767,0.43550359897948315,0.8111319574734209,0.1288959900642577,-0.2652833784077734,-0.6543774902105763,0.6093635713079206,26,14,5,-0.5812021154388639,0.0506353586233171,0.6093635713079206,-0.1991404276432488,-0.10781733916178216,0.7887111111111111
21,probe_matched,0.5571992110453649,0.5694183864915572,0.4706959706959707,0.6724738675958188,0.6772727272727272,0.5508021390374331,0.4251012145748988,0.5668016194331984,0.7307692307692307,0.6936936936936937,0.7985257985257985,-0.10483210483210481,0.7234193664999088,-0.13559894725498994,0.34516765285996054,0.7051528599605523,0.3808630393996248,0.7317073170731707,0.23804945054945054,0.6648351648351648,0.4547038327526132,0.8310104529616724,0.32727272727272727,0.8727272727272727,0.26737967914438504,0.7700534759358288,0.20242914979757085,0.6396761133603239,0.3237854251012146,0.7692307692307693,0.2431438127090301,0.9671014492753625,0.461708440314146,0.7850076530612246,0.5460145485089221,0.897398570295963,-0.2862485409592529,0.05646405766253864,-6.020731816608752,7.9276990324083485,0.6335209505941213,1.0523048898813079,1.5207439055883014,-1.047498751396912,3.595075852602923,26,14,3,0.7610739273891903,2.2804138837874124,3.595075852602923,0.523941814731978,1.0226356941518053,0.892
21,dom_regular,0.9763313609467456,0.9080675422138836,0.9853479853479854,0.9059233449477352,0.990909090909091,0.8823529411764706,0.9595141700404858,0.8987854251012146,0.0,0.9975429975429976,0.9983619983619983,-0.0008190008190007703,0.34678475915440427,0.024089111437117297,0.8697978303747534,0.9980276134122288,0.6913696060037523,0.9906191369606003,0.9028846153846154,1.0,0.653266550522648,0.9965156794425087,0.8545454545454545,1.0,0.6308823529411764,1.0,0.8380566801619433,1.0,0.6680161943319838,1.0,0.0,0.1253205128205129,0.9600298872620301,1.0,0.9760031471282454,1.0,-0.028470434070434116,0.00822487457011004,0.22112559866602202,0.47447294594083256,1.0,0.4216112348681393,-0.34737762773996983,0.41143768084980153,-0.22426343671032578,26,14,10,-0.2853945102219902,-0.4093607452579494,-0.22426343671032578,0.33376100596680347,0.3663203889358057,
21,dom_regular_verberase,0.9615384615384616,0.6332082551594747,0.9688644688644689,0.5923344947735192,1.0,0.6844919786096256,0.9271255060728745,0.6356275303643725,0.11538461538461539,0.8886158886158886,0.6511056511056511,0.23751023751023748,0.640076552006487,0.05571901091184402,0.8283777120315582,0.9881656804733728,0.4165103189493433,0.8058395872420262,0.826007326007326,0.9927197802197802,0.35535714285714287,0.804965156794425,0.8409090909090909,1.0,0.3850267379679144,0.8983957219251337,0.7449392712550608,0.9960526315789472,0.36831983805668017,0.8341093117408905,0.0,0.4289285714285711,0.7257916666666666,0.9625183823529412,0.457906037414966,0.7800416940969936,0.11027145858343332,0.40462247235644944,0.4260902567226461,0.9260412657233665,0.9799874921826142,0.12797444671487068,-0.6644201230823441,0.16839151305315922,-0.4617952949081843,26,14,10,-0.3893364602415067,-0.9395037859231815,-0.4617952949081843,0.6110646427811361,0.6835944158445136,
21,dom_regular_rank2,0.9664694280078896,0.5131332082551595,0.9725274725274725,0.4564459930313589,1.0,0.5828877005347594,0.9230769230769231,0.4574898785425101,0.14102564102564102,0.8705978705978706,0.6511056511056511,0.21949221949221953,0.7287357912359982,0.05306210363963224,0.841198224852071,0.9930966469428008,0.31231238273921197,0.7214118198874296,0.8589743589743589,1.0,0.2594947735191637,0.7038763066202091,0.8860227272727272,1.0,0.299331550802139,0.8502673796791443,0.7408906882591093,1.0,0.2631578947368421,0.7652834008097165,0.0,0.731153846153846,0.6964342188488298,0.9445229320229319,0.446875,0.7863190810114954,0.06779414775738303,0.3783725490196079,0.483970418426795,1.0573111677140528,0.9681050656660413,-0.04173418821439927,-0.5720708762322229,0.006719216480683595,-0.5195176333880247,26,14,10,-0.358028308690997,-0.7861134437734487,-0.5195176333880247,0.680456456863503,0.8011547927947413,
22,adom_matched,0.7347140039447732,0.3827392120075047,0.673992673992674,0.4564459930313589,0.8363636363636363,0.40106951871657753,0.5910931174089069,0.3643724696356275,0.19230769230769232,0.7510237510237511,0.8927108927108927,-0.14168714168714158,0.46469719094840567,-0.16101837519562862,0.4625246548323471,0.8372781065088757,0.21951219512195122,0.6669793621013134,0.3918956043956044,0.8278388278388278,0.28567073170731705,0.7509146341463415,0.44545454545454544,0.9772727272727273,0.16550802139037435,0.7379679144385026,0.2993927125506073,0.8340080971659919,0.1659919028340081,0.6882591093117408,0.0,0.9285714285714286,0.5057489767311466,0.8717709100110416,0.5915032679738562,0.952672519007603,-0.25801029973824086,0.03788322368421055,-4.97936137725362,6.196675133335942,0.6435272045028143,-0.1984239439878845,-2.5755009463142455,-1.6565620849516354,-1.2512459308348995,26,14,3,-2.102956307130025,-3.048045585498466,-1.2512459308348995,-0.302550980606452,1.6155694482806924,0.776
22,dom_matched,0.4881656804733728,0.6463414634146342,0.40293040293040294,0.735191637630662,0.6,0.6310160427807486,0.3724696356275304,0.6275303643724697,0.8717948717948718,0.7280917280917281,0.8714168714168714,-0.14332514332514334,0.21528905724398695,-0.29681825283208263,0.3175049309664694,0.7249260355029585,0.398686679174484,0.7936210131332082,0.2087912087912088,0.674084249084249,0.47208188153310104,0.8763066202090593,0.2772727272727273,0.9090909090909091,0.30467914438502675,0.8716577540106952,0.17813765182186234,0.680161943319838,0.3360323886639676,0.8137651821862348,0.11538461538461539,1.0,0.46545382478770636,0.8404236347784735,0.5593637086284146,0.9267997606019152,-0.25571989486584107,0.042639966833515085,-2.368519432771208,3.1008306220759834,0.6522826766729206,1.3702117512933558,3.811383155208004,0.4591439156985748,4.93103069388732,26,14,3,3.735540630662883,3.887225679753125,4.93103069388732,-0.16760960335968023,0.7896370481494878,0.8460000000000001
22,probe_strat,0.7948717948717948,0.5234521575984991,0.8168498168498168,0.5296167247386759,0.8409090909090909,0.6684491978609626,0.728744939271255,0.5020242914979757,0.8205128205128205,0.828009828009828,0.8681408681408681,-0.040131040131040074,-0.00011118961220690414,-0.017772173694962295,0.4634122287968442,0.837352071005917,0.36397748592870544,0.7457786116322702,0.4102106227106227,0.8572344322344321,0.34316202090592335,0.8223432055749129,0.38170454545454546,0.9592045454545454,0.3422459893048128,0.8823529411764706,0.3561740890688259,0.838157894736842,0.2874493927125506,0.7815789473684209,0.25,1.0,0.5797706797706798,0.8701787634408602,0.6097721088435374,0.9302625887311446,-0.23509357084357085,0.12667673658610723,-1.6331137919631895,1.0147338884922057,0.799249530956848,0.17400986160706755,0.7986101487720929,-0.20205717678090637,0.9491493390125059,26,14,5,0.3373472993810104,1.2598729981631753,0.9491493390125059,0.058161639896854536,-0.08752043387579911,0.8163111111111112
22,probe_strat_noinit,0.7800788954635108,0.4793621013133208,0.7637362637362637,0.524390243902439,0.9045454545454545,0.45989304812834225,0.6639676113360324,0.5182186234817814,0.44871794871794873,0.800982800982801,0.877968877968878,-0.07698607698607707,-0.23609829273176738,-0.04051396507964847,0.4940828402366864,0.8412721893491123,0.3469746716697936,0.7139540337711069,0.42124542124542125,0.8424908424908425,0.3536149825783972,0.7892857142857141,0.4636363636363636,0.9864772727272726,0.23529411764705882,0.8128342245989305,0.3360323886639676,0.8016194331983806,0.2874493927125506,0.7854251012145749,0.1289814814814815,1.0,0.5682010780472896,0.8807525774437539,0.6907821422247797,0.9470954301075268,-0.23980102040816326,0.053082733093237244,-1.9570274213775782,0.6613871690202738,0.7661038148843027,0.1537689703491832,-0.391867971886261,-0.8466514428033055,0.44936777338324724,26,14,5,-0.8334549753500112,0.049719031577489234,0.44936777338324724,-0.3643451401800941,-0.04372802155927724,0.832918253968254
22,probe_matched,0.5473372781065089,0.5590994371482176,0.47619047619047616,0.6637630662020906,0.6727272727272727,0.5187165775401069,0.41295546558704455,0.5587044534412956,0.6282051282051282,0.76003276003276,0.8665028665028665,-0.10647010647010646,0.504460258415175,-0.1304453434797333,0.33032544378698225,0.6953648915187376,0.3611163227016886,0.7139540337711069,0.2123168498168498,0.6684981684981685,0.4146341463414634,0.8275261324041812,0.33636363636363636,0.9045454545454545,0.24598930481283424,0.7755347593582886,0.17813765182186234,0.6558704453441295,0.31163967611336035,0.7489878542510121,0.15769230769230771,1.0,0.4856432509658316,0.8351359410430838,0.6232488522811104,0.9293869509043928,-0.2889454094292804,0.03278395957261081,-11.678110965634641,8.729282214678387,0.5959974984365228,1.1602625818381136,1.642710722212036,-1.3451071496192688,3.7694143841408105,26,14,3,0.30053972637496185,2.9848817180491105,3.7694143841408105,0.13197488379367892,1.0631883203474188,0.8240000000000001
22,dom_regular,0.9644970414201184,0.950281425891182,0.9798534798534798,0.9668989547038328,0.9818181818181818,0.93048128342246,0.951417004048583,0.9433198380566802,0.0,1.0,1.0,0.0,0.2576255921800134,0.008318937814591353,0.8451676528599605,0.9901627218934911,0.7569652908067542,0.99906191369606,0.8661630036630037,1.0,0.7334494773519163,1.0,0.795340909090909,1.0,0.6843582887700534,1.0,0.7813765182186235,1.0,0.7124493927125506,1.0,0.0,0.037037037037037035,0.9771241830065359,1.0,0.9958685049677766,1.0,-0.022108948001805115,0.0008271298593879317,0.1506345071761066,0.37983122634176286,1.0,0.4807755931525781,-0.3586113027752743,0.5334834942035126,-0.2516120754368015,26,14,10,-0.29492131062398813,-0.4223012949265605,-0.2516120754368015,0.25361145875262164,0.26364679232110116,
22,dom_regular_verberase,0.9467455621301775,0.6397748592870544,0.9542124542124543,0.5923344947735192,0.990909090909091,0.6951871657754011,0.9109311740890689,0.6356275303643725,0.07692307692307693,0.8632268632268633,0.6298116298116299,0.2334152334152334,0.586494392431226,0.07003856096411187,0.7958579881656804,0.9763313609467456,0.42870544090056284,0.7964587242026266,0.7929487179487179,0.985393772893773,0.3727787456445993,0.8327961672473868,0.7589772727272727,1.0,0.37406417112299467,0.8931818181818181,0.708502024291498,0.9878542510121457,0.3722672064777328,0.8502024291497976,0.0,0.3464285714285712,0.6938620267185822,0.9525136286855037,0.43320261437908497,0.756750150060024,0.08576470588235297,0.4256566993464052,0.3762119287396862,0.8395824160229116,0.9743589743589743,0.14365789201289933,-0.7983060471733717,0.19866692801170757,-0.6832738806184729,26,14,10,-0.5540616678012709,-1.0425504265454726,-0.6832738806184729,0.5710522378957624,0.6096576242344215,
22,dom_regular_rank2,0.9566074950690335,0.524390243902439,0.9597069597069597,0.47909407665505227,1.0,0.5935828877005348,0.9230769230769231,0.5020242914979757,0.14102564102564102,0.85995085995086,0.61998361998362,0.23996723996724,0.7224431763929213,0.06877297300400731,0.8096153846153846,0.9822731755424063,0.32171669793621016,0.7064493433395872,0.8186813186813187,0.9927197802197802,0.2682926829268293,0.695252613240418,0.7909090909090909,1.0,0.25655080213903747,0.8236631016042779,0.7246963562753036,0.9919028340080972,0.2671052631578948,0.7692307692307693,0.0,0.6795256410256411,0.6545966245483436,0.9266672882921284,0.41820996732026144,0.7624928616864101,0.05650702694436922,0.40131845760417195,0.4429015447981692,1.0735753282072495,0.9505941213258287,-0.05692158312510438,-0.7769865122094921,0.022155787464164273,-0.7732175231300988,26,14,10,-0.746533097615675,-0.8074399268033091,-0.7732175231300988,0.7184381990151849,0.7284506424595266,
23,adom_matched,0.7396449704142012,0.4343339587242026,0.7014652014652014,0.5226480836236934,0.85,0.40641711229946526,0.611336032388664,0.3684210526315789,0.19230769230769232,0.7805077805077805,0.8714168714168714,-0.09090909090909094,1.100056697407866,-0.18729377137070502,0.4634861932938856,0.8471646942800789,0.25607410881801124,0.6784709193245777,0.3809065934065934,0.8223443223443223,0.2978658536585366,0.759581881533101,0.43624999999999997,0.9727272727272728,0.21390374331550802,0.7486631016042781,0.2834008097165992,0.8421052631578947,0.1862348178137652,0.708502024291498,0.0,0.9358974358974359,0.5337171052631579,0.9058153665028665,0.5979654635881192,0.9335730130084968,-0.23451554572878108,0.11203149994228132,-3.633296714485573,8.693883829202488,0.6754221388367729,-0.08612456570029088,-2.1239391830142558,-0.9022147104896145,-0.6642211912285878,26,14,3,-1.9860892263810594,-2.261789139647452,-0.6642211912285878,0.5047427964089785,1.9930275489061973,0.76
23,dom_matched,0.5305719921104537,0.6125703564727955,0.4468864468864469,0.7003484320557491,0.6318181818181818,0.5882352941176471,0.42105263157894735,0.5748987854251012,0.8205128205128205,0.7223587223587223,0.8468468468468469,-0.12448812448812452,0.8475546490567646,-0.3348493285213448,0.365853057199211,0.7397928994082839,0.4089352720450281,0.7542448405253283,0.25636446886446884,0.7237637362637359,0.46676829268292686,0.8501742160278746,0.3090909090909091,0.9136363636363637,0.3260695187165776,0.8450534759358288,0.20647773279352227,0.7005060728744937,0.3319838056680162,0.7693319838056679,0.14276556776556776,1.0,0.4879859387923904,0.8652068111772059,0.6105680272108843,0.9150365479115479,-0.2596642096642098,0.07113634532760459,-1.0511672947909154,4.798595564562184,0.6616635397123202,1.0163353777952406,2.812211485696562,0.6728284745983784,4.324757281540168,26,14,3,2.5917748493296386,3.0326481220634856,4.324757281540168,0.46120936237930427,1.4270725790729548,0.836
23,probe_strat,0.8471400394477318,0.6697936210131332,0.8644688644688645,0.6445993031358885,0.9227272727272727,0.7700534759358288,0.7975708502024291,0.6275303643724697,0.7564102564102564,0.8370188370188371,0.8869778869778869,-0.04995904995904987,0.5864946612373839,-0.005159707492991932,0.49307199211045366,0.878698224852071,0.4237804878048781,0.8049015009380863,0.4725274725274725,0.8809523809523809,0.3988240418118467,0.8205574912891986,0.4771590909090909,1.0,0.38489304812834224,0.9090909090909091,0.3684210526315789,0.8582995951417004,0.3603238866396761,0.8340080971659919,0.30959615384615385,1.0,0.6445376652819087,0.9106714485746744,0.6401998299319728,0.9375116315136476,-0.1976840363937138,0.13180874641698564,0.04251096204615012,1.5118472832900292,0.8955597248280175,0.34768512889855707,0.5984612041777004,0.13419163008132953,1.0974060515974373,26,14,5,0.16095880248037597,1.035963605875025,1.0974060515974373,0.6517933367719292,0.4885466479355663,0.8712500000000001
23,probe_strat_noinit,0.8205128205128205,0.5966228893058161,0.8040293040293041,0.6236933797909407,0.9636363636363636,0.6149732620320856,0.7125506072874493,0.5708502024291497,0.6282051282051282,0.846027846027846,0.8877968877968878,-0.04176904176904184,0.4854847748758421,-0.031424957010855764,0.5749260355029586,0.8600345167652859,0.43151969981238275,0.7879924953095685,0.5182234432234433,0.8736721611721612,0.426698606271777,0.8397648083623693,0.6181818181818182,1.0,0.40106951871657753,0.893048128342246,0.3561740890688259,0.8259109311740891,0.327834008097166,0.8299595141700404,0.11538461538461539,1.0,0.6533897610432514,0.9260193605951152,0.7261257406188282,0.9458418313708998,-0.17445334202477064,0.08244982993197278,0.07130246371191395,1.2241417667594103,0.8599124452782989,0.29961817300468363,0.06843543581115835,-0.20284991774836258,0.9558579323013157,26,14,5,-0.4031680087117312,0.5400388803340479,0.9558579323013157,0.41848206123683046,0.5859888453343595,0.8812999999999999
23,probe_matched,0.6489151873767258,0.5797373358348968,0.5824175824175825,0.6846689895470384,0.8181818181818182,0.6149732620320856,0.4979757085020243,0.5263157894736842,0.5897435897435898,0.9000819000819,0.8804258804258804,0.019656019656019597,1.099541979308487,-0.13042265316133198,0.40236686390532544,0.7682692307692308,0.37143527204502813,0.7430112570356472,0.3315018315018315,0.7454212454212454,0.4353658536585366,0.8362804878048781,0.43636363636363634,0.9454545454545454,0.2727272727272727,0.8128342245989305,0.22267206477732793,0.7167004048582994,0.30364372469635625,0.7652834008097165,0.14282738095238096,0.9615384615384616,0.6301737953166525,0.9396195202646815,0.6414772727272727,0.9377818490721717,-0.1608488546783478,0.12663565426170467,-0.38143355912335575,5.338603589284278,0.7235772357723578,0.5125056438756077,0.4307168366060997,-0.22904146486251417,1.658524527270688,26,14,3,0.03291545324938604,0.8285182199628134,1.658524527270688,0.9387260407977595,1.3407658870745784,0.868
23,dom_regular,0.9763313609467456,0.9371482176360225,0.9871794871794872,0.9425087108013938,1.0,0.9251336898395722,0.9595141700404858,0.9473684210526315,0.0,1.0,1.0,0.0,0.310139307091697,0.008232883924921556,0.8292899408284023,0.9921351084812623,0.7204502814258912,0.9934568480300188,0.8681318681318682,1.0,0.634102787456446,0.993074912891986,0.7863636363636364,1.0,0.6736631016042781,1.0,0.7893724696356276,1.0,0.6638663967611337,1.0,0.0,0.0917948717948711,0.9778887788668099,1.0,0.9918287216202271,1.0,-0.01836640049140047,0.004086234369678378,0.20544848793137926,0.4358312007403723,1.0,0.4426236554367368,-0.3237684549040522,0.5352052385404799,-0.25303700738860596,26,14,10,-0.25835167308689655,-0.38918523672120786,-0.25303700738860596,0.30987796298819303,0.31053132324695304,
23,dom_regular_verberase,0.9428007889546351,0.6782363977485929,0.9487179487179487,0.5993031358885017,0.9818181818181818,0.7165775401069518,0.9109311740890689,0.6680161943319838,0.10256410256410256,0.9009009009009009,0.6060606060606061,0.29484029484029484,0.5481768208205415,0.08086959596916722,0.7780818540433925,0.9773175542406312,0.4924249530956848,0.8339587242026266,0.7765567765567766,0.989010989010989,0.37961672473867597,0.8101480836236934,0.7727272727272727,1.0,0.45975935828877007,0.9197860962566845,0.696255060728745,0.9838056680161943,0.4089068825910931,0.8744939271255061,0.0,0.401481481481481,0.7550801470481875,0.9730601740696279,0.42516036184210526,0.7427224425954592,0.15808997153180473,0.44407304807961867,0.3503076756565158,0.7874822989557297,0.9849906191369606,0.19383165710073347,-0.5079289571285424,0.30171235074634223,-0.5450479283999722,26,14,10,-0.18122118652927197,-0.8346367277278127,-0.5450479283999722,0.5585416334612001,0.5326296018595541,
23,dom_regular_rank2,0.9635108481262328,0.6106941838649156,0.9706959706959707,0.524390243902439,0.9954545454545455,0.6951871657754011,0.9352226720647774,0.562753036437247,0.16666666666666666,0.9017199017199017,0.601965601965602,0.2997542997542997,0.679682126843154,0.07847489577715142,0.8027366863905325,0.985207100591716,0.4088883677298311,0.7692776735459662,0.798489010989011,0.9945054945054945,0.2979094076655052,0.7474738675958187,0.8045454545454546,1.0,0.3794117647058824,0.8877005347593583,0.7286437246963563,0.9919028340080972,0.3157894736842105,0.7814777327935222,0.0,0.64,0.765716852390181,0.9672589680589679,0.4424298663196689,0.763265306122449,0.12574315245478038,0.43260340558860294,0.4590375735572088,0.9836285590375438,0.9668542839274546,0.0905007279188486,-0.3676385755592152,0.16005917866955144,-0.4861511289530632,26,14,10,-0.24625635373492158,-0.4890207973835088,-0.4861511289530632,0.7193010002838915,0.6202538166820474,
24,adom_matched,0.7859960552268245,0.40337711069418386,0.7545787545787546,0.4738675958188153,0.8772727272727273,0.41711229946524064,0.6639676113360324,0.3319838056680162,0.1794871794871795,0.823914823914824,0.8935298935298935,-0.06961506961506958,1.3795065958956614,-0.14272466726575986,0.5029092702169625,0.8589990138067061,0.25417448405253285,0.6641651031894934,0.4248168498168498,0.8572802197802196,0.29085365853658535,0.7422909407665504,0.49988636363636363,0.9818181818181818,0.22446524064171125,0.7540106951871658,0.3360323886639676,0.8705465587044533,0.15789473684210525,0.6802631578947367,0.0,0.8974358974358975,0.5977123708010336,0.9199362745098039,0.6052283955509763,0.9408623366013071,-0.18673123423044574,0.1310557944307944,-1.6622750884895579,7.588974304985876,0.7191994996873046,-0.26312224473321066,-2.049064388859719,-0.5124865509000932,-0.8775112125823571,26,14,3,-1.6112200264462055,-2.486908751273233,-0.8775112125823571,0.9426228406742376,2.034832228727797,0.8039999999999999
24,dom_matched,0.571992110453649,0.5806754221388368,0.5073260073260073,0.662020905923345,0.6863636363636364,0.5828877005347594,0.46153846153846156,0.5425101214574899,0.8076923076923077,0.7960687960687961,0.846027846027846,-0.04995904995904987,1.1447151825714468,-0.2892119836107421,0.38357988165680473,0.7741617357001972,0.3733348968105065,0.7561210131332082,0.3021978021978022,0.7418956043956043,0.4145470383275261,0.8362369337979094,0.3589772727272727,0.9273863636363635,0.29919786096256684,0.8502673796791443,0.230668016194332,0.7328947368421052,0.291497975708502,0.7693319838056679,0.1055357142857143,1.0,0.5374018869393133,0.9046328114796918,0.5780018998138958,0.9164650537634409,-0.19578879284514272,0.14743153915948032,0.23367698767861098,6.350971211608474,0.6729205753595997,0.6566103258481162,2.234008259824912,0.5436388986770688,3.3913775614531323,26,14,3,2.328632890815643,2.1393836288341808,3.3913775614531323,0.8763901943323269,1.5472026649301274,0.8539999999999999
24,probe_strat,0.8165680473372781,0.6153846153846154,0.836996336996337,0.5627177700348432,0.9636363636363636,0.7112299465240641,0.7125506072874493,0.5425101214574899,0.7435897435897436,0.895986895986896,0.9180999180999181,-0.02211302211302213,1.0989183388313817,-0.005002357475608403,0.5118343195266272,0.8688609467455621,0.4268058161350844,0.7927532833020637,0.49633699633699635,0.8828296703296703,0.37103658536585366,0.8049216027874565,0.5726136363636364,1.0,0.37433155080213903,0.8983957219251337,0.33997975708502026,0.8219635627530363,0.30759109311740895,0.8178137651821862,0.3512962962962963,1.0,0.7120880335531757,0.9487126340583892,0.677367807048482,0.9508599508599509,-0.12261540570175442,0.1437996820349761,0.4673605428015692,2.525355012282106,0.8436522826766729,0.2362917419644702,0.4790697788629499,0.0816091542603428,0.8602536643584763,26,14,5,0.03102736290287346,0.9271121948230263,0.8602536643584763,1.1915393660619615,0.9599867979855113,0.8926333333333334
24,probe_strat_noinit,0.8333333333333334,0.5534709193245778,0.8333333333333334,0.5609756097560976,0.9863636363636363,0.5721925133689839,0.7125506072874493,0.5101214574898786,0.6410256410256411,0.8918918918918919,0.9009009009009009,-0.009009009009009028,0.9269699624751261,-0.02459200517964099,0.5739644970414202,0.891543392504931,0.3827157598499062,0.7551829268292682,0.5604395604395604,0.8956501831501832,0.367595818815331,0.8101045296167247,0.6227272727272727,1.0,0.32072192513368986,0.8716577540106952,0.36831983805668017,0.8380566801619433,0.29554655870445345,0.8016194331983806,0.25,1.0,0.7485388043423757,0.9629934210526315,0.7238943488943489,0.9570024246257643,-0.09943785279263226,0.10587438526298242,0.5048823087150838,1.8921913749847994,0.8455284552845529,0.16657931200238735,0.09900159556461177,-0.2437170161224277,0.7486351867665284,26,14,5,-0.2748839410372976,0.4728871321665211,0.7486351867665284,0.9115721316086112,0.9500667087748984,0.9031722222222222
24,probe_matched,0.7366863905325444,0.525328330206379,0.7032967032967034,0.5958188153310104,0.9318181818181818,0.5561497326203209,0.5748987854251012,0.5020242914979757,0.6923076923076923,0.9271089271089271,0.9271089271089271,0.0,1.3384439815986846,-0.11842850011059947,0.5078648915187377,0.8392504930966469,0.3432926829268293,0.6913930581613508,0.43763736263736264,0.8187271062271062,0.3849738675958188,0.7806184668989546,0.55,0.9863636363636363,0.26737967914438504,0.8235294117647058,0.3035425101214575,0.7652834008097165,0.2509109311740891,0.728744939271255,0.20324074074074075,0.9642857142857143,0.7410855471220746,0.96599569180069,0.7028532818532819,0.9564171553203661,-0.09995282715870955,0.14643883090870757,0.5483568125910431,4.046547837962418,0.756722951844903,0.2076996866218544,0.6303138762883861,-0.21672483909513152,1.0276196947344611,26,14,3,0.7052874405705721,0.5553403120062,1.0276196947344611,1.3098626752751197,1.3813159410840334,0.914
24,dom_regular,0.9832347140039448,0.9549718574108818,0.9871794871794872,0.9494773519163763,0.990909090909091,0.93048128342246,0.9838056680161943,0.979757085020243,0.0,1.0,1.0,0.0,0.34752287443520896,0.0001253793616835912,0.834319526627219,0.9960552268244576,0.7701454033771107,0.99812382739212,0.8772893772893773,1.0,0.7299651567944251,1.0,0.7771590909090909,1.0,0.732620320855615,1.0,0.8178137651821862,1.0,0.7327935222672065,1.0,0.0,0.04,0.9868946398551661,1.0,0.996734693877551,1.0,-0.012258615567439042,0.0,0.2573412864552549,0.45292730414070054,1.0,0.4914497634742139,-0.2940512056868625,0.5261039011703965,-0.2349187403460963,26,14,10,-0.2123537144233527,-0.3757486969503722,-0.2349187403460963,0.3576467560143131,0.3323370520665527,
24,dom_regular_verberase,0.9615384615384616,0.6857410881801126,0.9706959706959707,0.6010452961672473,0.990909090909091,0.7219251336898396,0.9352226720647774,0.6842105263157895,0.1282051282051282,0.9099099099099099,0.5864045864045864,0.32350532350532357,0.6767081474847078,0.05769824298255242,0.8046351084812623,0.9842209072978304,0.4774859287054409,0.8283302063789869,0.7984432234432235,0.9945054945054945,0.3693379790940767,0.8031358885017421,0.8,1.0,0.45441176470588235,0.9037433155080213,0.7449392712550608,0.9919028340080972,0.4046558704453441,0.8744939271255061,0.0,0.5635265700483085,0.7769122816620445,0.977140522875817,0.4117414215686274,0.7287619839090427,0.18523573200992555,0.4676656584944628,0.47117102932942995,0.8925806428073005,0.9893683552220137,0.20856603353541994,-0.3726307137288789,0.24108560160057668,-0.2839695835757874,26,14,10,-0.07850877672281967,-0.6667526507349382,-0.2839695835757874,0.6973082920602077,0.645807930621458,
24,dom_regular_rank2,0.9694280078895463,0.6013133208255159,0.9853479853479854,0.5069686411149826,0.9954545454545455,0.6951871657754011,0.9595141700404858,0.5465587044534413,0.20512820512820512,0.9279279279279279,0.6576576576576577,0.2702702702702702,0.8258285452411627,0.06316773976804729,0.8353057199211046,0.9891518737672583,0.41181988742964354,0.7618667917448404,0.8516025641025641,1.0,0.3030923344947735,0.7074041811846689,0.8135227272727272,1.0,0.4117647058823529,0.8878342245989304,0.7853238866396761,1.0,0.2834008097165992,0.7733805668016193,0.028985507246376812,0.7567948717948716,0.7842881817739502,0.9787059787059788,0.4608050986842105,0.7925323384882208,0.12736848530887976,0.42600714623873576,0.6133367488741911,1.1422709735345835,0.9843652282676673,0.11741667947477455,-0.24500937354690516,0.07077989766468983,-0.1560263995225037,26,14,10,-0.10049733854777652,-0.3895214085460338,-0.1560263995225037,0.8742537241996625,0.7531907768034128,
25,adom_matched,0.7761341222879684,0.44090056285178236,0.7509157509157509,0.4634146341463415,0.8772727272727273,0.49732620320855614,0.6558704453441295,0.38461538461538464,0.14102564102564102,0.8370188370188371,0.8853398853398854,-0.04832104832104833,0.9269087276170644,-0.09457025190411618,0.49307199211045366,0.8471400394477318,0.27392120075046905,0.7158067542213883,0.45966117216117214,0.8608058608058609,0.26128048780487806,0.7718205574912892,0.48625,0.9727272727272728,0.23516042780748664,0.8181818181818182,0.2994939271255061,0.8624493927125505,0.17813765182186234,0.7208502024291497,0.0,0.9401948051948051,0.5832454507857734,0.9166684188393608,0.5633005168201211,0.9321989486584107,-0.1373604714912281,0.14673774509803922,-0.6338210493071897,5.38434562553929,0.756722951844903,-0.06766925948450138,-1.9559048353049064,-0.5791036473523622,-0.7560190412853748,26,14,3,-1.3461564787654487,-2.565653191844364,-0.7560190412853748,0.7322475028016815,1.2189005648401385,0.7859999999999999
25,dom_matched,0.5956607495069034,0.6360225140712945,0.5238095238095238,0.7212543554006968,0.7318181818181818,0.6310160427807486,0.4291497975708502,0.611336032388664,0.8076923076923077,0.800982800982801,0.8108108108108109,-0.00982800982800991,0.8080285273797655,-0.2502412406537207,0.36577909270216963,0.770241617357002,0.4052063789868668,0.7945590994371482,0.304029304029304,0.7527472527472527,0.44764808362369335,0.8606707317073171,0.38636363636363635,0.9273863636363635,0.3528074866310161,0.8717914438502673,0.2063765182186235,0.7086032388663966,0.33582995951417005,0.8178137651821862,0.07288359788359788,1.0,0.537571816360953,0.8882042494629431,0.524499099639856,0.8946371880017516,-0.14815042315042315,0.14673774509803922,-0.11164479698709046,3.8039565698649827,0.707942464040025,0.7488615398095984,1.4907509089985584,0.28643190588995987,2.3054592481252882,26,14,3,1.6867795843375606,1.2947222336595563,2.3054592481252882,0.6913845306338475,0.982994522498643,0.8859999999999999
25,probe_strat,0.7830374753451677,0.6707317073170732,0.8131868131868132,0.6027874564459931,0.9136363636363637,0.7647058823529411,0.659919028340081,0.6194331983805668,0.7307692307692307,0.8992628992628993,0.9451269451269452,-0.04586404586404591,0.7542699106037265,-0.019507386589255837,0.5117850098619329,0.8530571992110454,0.4595215759849906,0.8264774859287054,0.49633699633699635,0.891941391941392,0.3885017421602787,0.8344947735191638,0.5272727272727272,1.0,0.42780748663101603,0.93048128342246,0.32793522267206476,0.8016194331983806,0.36831983805668017,0.854251012145749,0.25876068376068373,1.0,0.7104945256261046,0.9452632072593545,0.7652819736473226,0.9725322993447993,-0.16176470588235292,0.06285726101855131,0.4216437225700098,1.6540193314085871,0.8755472170106317,0.3675635762230016,0.6224189586638038,0.301271829193112,1.0949559367660324,26,14,5,0.005503902087400152,1.2393340152402075,1.0949559367660324,0.8439051928935548,0.6198169871689843,0.8564833333333333
25,probe_strat_noinit,0.8126232741617357,0.6641651031894934,0.8131868131868132,0.6689895470383276,0.9636363636363636,0.7540106951871658,0.6882591093117408,0.6234817813765182,0.6666666666666666,0.9066339066339066,0.9352989352989353,-0.028665028665028625,0.6709356450011109,-0.0354528365870024,0.5600838264299802,0.876750493096647,0.46810506566604126,0.8246013133208255,0.5512820512820513,0.8827838827838828,0.4198170731707317,0.8571864111498257,0.6226136363636363,1.0,0.45975935828877007,0.9411764705882353,0.3805668016194332,0.8179149797570848,0.3805668016194332,0.8582995951417004,0.26,1.0,0.7476681724158596,0.9639688858438858,0.7968652434088807,0.9801488833746899,-0.12078360215053767,0.043847586589522036,0.37133148588230247,1.4276834293884462,0.868042526579112,0.3089522292983677,0.31258726734091397,-0.12302691827240764,0.818552585280083,26,14,5,0.02296365737795981,0.6022108773038681,0.818552585280083,0.6452142542766461,0.7095177310878081,0.8946055555555557
25,probe_matched,0.6686390532544378,0.6116322701688556,0.6391941391941391,0.6672473867595818,0.8636363636363636,0.6577540106951871,0.47368421052631576,0.5789473684210527,0.717948717948718,0.9271089271089271,0.9312039312039312,-0.004095004095004073,1.0854819088379195,-0.12002770386523613,0.47332347140039444,0.7988165680473372,0.41726078799249533,0.7767589118198874,0.4157051282051282,0.7894230769230769,0.423301393728223,0.8293118466898954,0.5136363636363637,0.9727272727272728,0.34211229946524063,0.8770053475935828,0.23076923076923078,0.7125506072874493,0.3319838056680162,0.7894736842105263,0.2222222222222222,0.9814814814814815,0.6999166666666666,0.9558354591836734,0.7115333139834882,0.9627845302368485,-0.13810085151996923,0.10758689839572184,0.4255307797397299,3.526812855426578,0.7485928705440901,0.5322022157348587,0.7561217174078543,-0.042297347919758,1.445864340345319,26,14,3,0.9818119208162966,0.5304315139994118,1.445864340345319,1.1795493454576809,0.9443807539082775,0.9299999999999999
25,dom_regular,0.9497041420118343,0.9906191369606003,0.9816849816849816,0.9912891986062717,0.9409090909090909,0.983957219251337,0.9473684210526315,0.9919028340080972,0.0,1.0,1.0,0.0,0.2164033441928039,-0.01815411364960452,0.8027366863905325,0.9901380670611439,0.8855534709193246,1.0,0.8772435897435897,1.0,0.8622822299651568,1.0,0.6863636363636364,1.0,0.8288770053475936,1.0,0.7894736842105263,1.0,0.8704453441295547,1.0,0.0,0.0,0.9950362903225806,1.0,0.998365912704148,1.0,-0.004901960784313708,0.0,0.13159568707463376,0.30004340785205325,1.0,0.5582128909492612,-0.2000790614270549,0.5792133905560469,-0.21048640801393584,26,14,10,-0.09799390111226074,-0.30216422174184904,-0.21048640801393584,0.22654523158461584,0.20119051310508596,
25,dom_regular_verberase,0.965483234714004,0.6697936210131332,0.9743589743589743,0.5871080139372822,1.0,0.7058823529411765,0.9392712550607287,0.631578947368421,0.1282051282051282,0.8927108927108927,0.5954135954135954,0.29729729729729726,0.5858797190575897,0.013609641780223336,0.8333333333333334,0.9911242603550295,0.46151500938086304,0.812406191369606,0.8589743589743589,1.0,0.3587543554006969,0.7979965156794424,0.8681818181818182,1.0,0.4117647058823529,0.9037433155080213,0.732591093117409,1.0,0.3643724696356275,0.8582995951417004,0.0,0.620205128205128,0.7336534176607705,0.9666935483870968,0.4078485122119023,0.7350143195521103,0.17594070434070438,0.4375606714713857,0.4261406111482328,0.8204744032340809,0.9899937460913071,0.17185505003379112,-0.3077985909015977,0.22243318797433434,-0.377989186022413,26,14,10,-0.030223412726255103,-0.5853737690769404,-0.377989186022413,0.5860902831102623,0.5855638729785809,
25,dom_regular_rank2,0.9684418145956607,0.5881801125703565,0.9835164835164835,0.47735191637630664,1.0,0.6363636363636364,0.9433198380566802,0.5425101214574899,0.24358974358974358,0.9000819000819,0.6601146601146601,0.2399672399672399,0.7440197556306064,0.017130870250957993,0.8204881656804733,0.9911242603550295,0.3855065666041276,0.7514305816135084,0.8680860805860806,1.0,0.27177700348432055,0.7125435540069687,0.8454545454545455,1.0,0.3582887700534759,0.8556149732620321,0.7246963562753036,0.9959514170040485,0.2874493927125506,0.7692307692307693,0.02564102564102564,0.8015384615384611,0.745295918367347,0.9624356060606061,0.4623967094196804,0.7816637676576007,0.12364720213753011,0.3782707339692634,0.531115368573435,1.0537730825126457,0.9806128830519074,0.09446658166312165,-0.18311742253882274,0.0914672869613163,-0.21780228452809164,26,14,10,-0.03885126210335444,-0.32738358297429104,-0.21780228452809164,0.7442378742487857,0.7436925777033371,
26,adom_matched,0.7810650887573964,0.4821763602251407,0.7472527472527473,0.524390243902439,0.8909090909090909,0.5294117647058824,0.6558704453441295,0.4291497975708502,0.14102564102564102,0.8697788697788698,0.8845208845208845,-0.014742014742014753,1.0640084156597636,-0.0984436553277922,0.5177268244575937,0.868836291913215,0.3151031894934334,0.7261257035647279,0.4816849816849817,0.8828296703296703,0.2978222996515679,0.7840156794425087,0.5045454545454545,0.9773863636363636,0.2620320855614973,0.8235294117647058,0.3643724696356275,0.8785425101214575,0.22661943319838057,0.7368421052631579,0.0,0.9285714285714286,0.6307376644736843,0.9224551893125671,0.5904382898610067,0.9243326497265573,-0.12360976013234086,0.16835416666666664,0.3328180713116271,3.604106801245085,0.7967479674796748,0.07059965518644835,-1.2072150962618307,-0.2907223033495543,-0.33472349352644915,26,14,3,-0.9390924985732961,-1.475337693950365,-0.33472349352644915,1.0029793499881676,1.1555520141671574,0.8219999999999998
26,dom_matched,0.6124260355029586,0.6660412757973734,0.554945054945055,0.7317073170731707,0.740909090909091,0.7165775401069518,0.46153846153846156,0.6275303643724697,0.8076923076923077,0.823914823914824,0.8394758394758395,-0.015561015561015523,0.9450020297695478,-0.2508249561674473,0.40828402366863903,0.7948717948717948,0.42748592870544094,0.8011491557223265,0.31868131868131866,0.7710622710622711,0.4648954703832753,0.885060975609756,0.38170454545454546,0.9454545454545454,0.38489304812834224,0.9037433155080213,0.23076923076923078,0.7288461538461537,0.3724696356275304,0.8462550607287448,0.08,1.0,0.5921385577372604,0.9001398194946582,0.5612119654063176,0.9044965986394558,-0.14395223275713792,0.14920490376740372,0.3713184848703996,2.978328514585554,0.7398373983739838,0.7112378347400206,1.3070839635897797,0.3066070933400251,1.9608217168395163,26,14,3,1.3017009251768372,1.3124670020027223,1.9608217168395163,0.8862224723910164,1.0331713658373447,0.8779999999999999
26,probe_strat,0.873767258382643,0.7335834896810507,0.9175824175824175,0.6445993031358885,0.9772727272727273,0.7647058823529411,0.8340080971659919,0.7165991902834008,0.7435897435897436,0.9279279279279279,0.9336609336609336,-0.005733005733005725,0.8920148392970979,-0.022661437185665167,0.6340976331360947,0.9250986193293884,0.4924484052532833,0.864000938086304,0.6629578754578754,0.9487637362637362,0.4076655052264808,0.8571428571428571,0.6315909090909091,1.0,0.48649732620320857,0.946524064171123,0.4897773279352227,0.9068825910931174,0.3724696356275304,0.8826923076923076,0.3195436507936508,1.0,0.7652972222222222,0.9661154670501099,0.7376838235294119,0.9697769607843137,-0.1018166451335056,0.10774585686844287,0.6354013471722874,1.4709455162846925,0.9474671669793621,0.3036404447846888,0.5334481736318553,0.2596430643153917,0.9547240343790425,26,14,5,0.14341482691062407,0.9234815203530864,0.9547240343790425,0.9696513248924096,0.77556011090413,0.8864888888888889
26,probe_strat_noinit,0.8727810650887574,0.6744840525328331,0.8864468864468864,0.6567944250871081,0.990909090909091,0.8181818181818182,0.8137651821862348,0.5951417004048583,0.782051282051282,0.9565929565929566,0.9385749385749386,0.018018018018018056,0.8912906602966237,-0.03299776466634946,0.6784516765285996,0.9290187376725838,0.5008911819887429,0.8508911819887429,0.6886446886446886,0.9505494505494505,0.4337979094076655,0.8798344947735192,0.6998863636363636,1.0,0.5292780748663102,0.9786096256684492,0.517914979757085,0.9190283400809717,0.3765182186234818,0.8704453441295547,0.33095238095238094,1.0,0.7962529708853239,0.9844997732426304,0.7857441018731341,0.980776270456503,-0.07833333333333337,0.08930697278911565,0.6309498911630914,1.4406241899523413,0.933083176985616,0.2887824868111135,0.4285523902813395,-0.055084131869031765,0.8385562852781393,26,14,5,0.2121982737411427,0.6449065068215364,0.8385562852781393,0.8922159981226316,0.8899026535576118,0.9153055555555556
26,probe_matched,0.76232741617357,0.6801125703564728,0.7637362637362637,0.7177700348432056,0.95,0.7593582887700535,0.6356275303643725,0.6396761133603239,0.782051282051282,0.9402129402129402,0.9516789516789517,-0.01146601146601145,1.0375865751743636,-0.118156181880367,0.5591715976331361,0.8698224852071006,0.43621013133208253,0.7965056285178236,0.5586080586080586,0.8828296703296703,0.4094076655052265,0.8449912891986063,0.65,1.0,0.42245989304812837,0.9090909090909091,0.3441295546558704,0.850404858299595,0.3603238866396761,0.8218623481781376,0.2555952380952381,1.0,0.7524427565180823,0.9722449734750515,0.7260789601183191,0.9715993217054264,-0.0991195741195741,0.11755342136854738,0.6232515089928359,1.8885096834844912,0.8436522826766729,0.4296036105250228,0.6272265468860694,0.035633412208462646,0.9332859289863372,26,14,3,0.5923293108655145,0.6621237829066241,0.9332859289863372,1.0987721719944683,0.945808179944207,0.96
26,dom_regular,0.9644970414201184,0.9821763602251408,0.989010989010989,0.975609756097561,0.9545454545454546,0.9786096256684492,0.9595141700404858,0.9757085020242915,0.0,1.0,1.0,0.0,0.37066497590326275,-0.02704799741937825,0.8372041420118342,0.9901627218934911,0.8573874296435272,1.0,0.9120879120879121,1.0,0.7979094076655052,1.0,0.7272727272727273,1.0,0.8233957219251337,1.0,0.8177125506072874,1.0,0.8582995951417004,1.0,0.0,0.08333333333333333,0.9934132610272451,1.0,0.9967320261437909,1.0,-0.006535947712418277,0.0008340331610680617,0.28615671674909254,0.4556320616336525,1.0,0.5255257380964482,-0.06449682984448224,0.541307095393947,-0.1525998102136847,26,14,10,0.016431466264303928,-0.1454251259532684,-0.1525998102136847,0.37481927998674935,0.36443351977803284,
26,dom_regular_verberase,0.9644970414201184,0.6838649155722326,0.9798534798534798,0.5871080139372822,1.0,0.7379679144385026,0.9392712550607287,0.6518218623481782,0.19230769230769232,0.9025389025389026,0.6248976248976249,0.27764127764127766,0.7702286621666599,-0.00877172136762377,0.8402366863905325,0.9911242603550295,0.49530956848030017,0.8283771106941838,0.8735805860805861,1.0,0.3622822299651568,0.8014372822299651,0.8543181818181818,1.0,0.4385026737967914,0.9144385026737968,0.7773279352226721,1.0,0.41295546558704455,0.8664979757085018,0.0,0.641437728937729,0.753858850019812,0.9745110544217687,0.42176161957411956,0.7617983080328905,0.15804904554904559,0.4321091751918158,0.6009317980351522,0.9712989428410778,0.9943714821763602,0.20314657437978734,-0.15441439973294468,0.21324069169112003,-0.272252574192704,26,14,10,0.11918528202089498,-0.4280140814867844,-0.272252574192704,0.7600870144090146,0.7854411338031276,
26,dom_regular_rank2,0.9625246548323472,0.6228893058161351,0.9816849816849816,0.4930313588850174,1.0,0.6524064171122995,0.9392712550607287,0.5870445344129555,0.28205128205128205,0.9148239148239148,0.7010647010647011,0.2137592137592137,0.8968889852058038,-0.00221325217995238,0.8401380670611439,0.9921104536489151,0.43327861163227016,0.7786585365853658,0.8772435897435897,1.0,0.2787456445993031,0.7369773519163764,0.8590909090909091,1.0,0.37967914438502676,0.8823529411764706,0.7449392712550608,1.0,0.3157894736842105,0.7936234817813764,0.037037037037037035,0.7910714285714284,0.7598463837289301,0.9721744471744471,0.506954135954136,0.8132199716595815,0.10701224285783105,0.35458175205566095,0.6947186098286763,1.17561297325788,0.9874921826141339,0.14554644947765577,-0.03311665246205378,0.13200585731466635,-0.15718483980754946,26,14,10,0.12926608103144055,-0.1954993859555481,-0.15718483980754946,0.8733994490244767,0.9321232894777944,
27,adom_matched,0.7909270216962525,0.46716697936210133,0.7673992673992674,0.5104529616724739,0.9,0.5454545454545454,0.6842105263157895,0.4251012145748988,0.16666666666666666,0.9107289107289107,0.8738738738738738,0.03685503685503688,1.3736752742802976,-0.10135556710780214,0.5384368836291913,0.8787228796844182,0.2926829268292683,0.7101547842401501,0.47802197802197804,0.8846153846153846,0.2839285714285714,0.7770470383275261,0.5227272727272727,0.9910227272727272,0.24037433155080215,0.8128342245989305,0.3522267206477733,0.8663967611336032,0.19433198380566802,0.7004048582995951,0.0,0.8719155844155844,0.6463240802900108,0.9396498655913978,0.5690268102855177,0.9150160728910729,-0.07156899551868806,0.2049058718525257,0.4997653934863463,4.4551746241293655,0.7879924953095685,0.005758449850985459,-1.4997567931619256,-0.486766725480464,-0.394823699925733,26,14,3,-1.1105190967235743,-1.888994489600277,-0.394823699925733,1.4151995213870947,1.3113889036201016,0.8219999999999998
27,dom_matched,0.6489151873767258,0.6135084427767354,0.6007326007326007,0.6829268292682927,0.7818181818181819,0.6417112299465241,0.5060728744939271,0.5991902834008097,0.717948717948718,0.8353808353808354,0.7813267813267813,0.05405405405405406,1.2301215626325621,-0.25118067981762243,0.44871794871794873,0.7978550295857988,0.3985694183864915,0.7607879924953096,0.3552655677655678,0.7967032967032966,0.42504355400696864,0.8397212543554007,0.4271590909090909,0.9501136363636362,0.3155080213903743,0.8449197860962567,0.2591093117408907,0.7732793522267206,0.327834008097166,0.8097165991902834,0.08974358974358974,0.9752051282051281,0.6051397689555584,0.9117707527089783,0.49643734643734644,0.869366066946712,-0.08061683164755883,0.21091666666666659,0.47447482844978317,4.14806980036939,0.7235772357723578,0.5445665161663501,0.8812229016858197,0.004900298217628829,1.5565678170106725,26,14,3,0.9739092042749093,0.7885365990967302,1.5565678170106725,1.2298793928434117,1.230484817316288,0.8960000000000001
27,probe_strat,0.8727810650887574,0.5375234521575984,0.8974358974358975,0.4895470383275261,0.9727272727272728,0.6042780748663101,0.8461538461538461,0.4817813765182186,0.6666666666666666,0.8968058968058968,0.8796068796068796,0.017199017199017286,1.2675712167507132,-0.02228588498844703,0.6340729783037475,0.9319773175542406,0.3526735459662289,0.7561444652908067,0.6574175824175824,0.9542582417582418,0.2943815331010453,0.7596254355400697,0.6544318181818182,1.0,0.33689839572192515,0.8823529411764706,0.4938259109311741,0.9271255060728745,0.2711538461538462,0.7773279352226721,0.22103174603174602,1.0,0.6966537674037674,0.9446401275563989,0.6372313865239079,0.9291673951048951,-0.07992243131483034,0.16545517182852712,0.9259007898226638,2.263873641356532,0.892432770481551,0.1329579679035792,0.09005868242346551,-0.04346004283930177,1.0168859931105967,26,14,5,-0.2961901438631966,0.4763075087101276,1.0168859931105967,1.378191895888572,1.1016401980439243,0.8848944444444443
27,probe_strat_noinit,0.8747534516765286,0.5309568480300187,0.8901098901098901,0.5121951219512195,0.9954545454545455,0.6203208556149733,0.8137651821862348,0.48582995951417,0.6794871794871795,0.9361179361179361,0.877968877968878,0.05814905814905813,1.196943263092663,-0.02809954087434444,0.6833086785009862,0.9339250493096647,0.3695590994371482,0.7683630393996247,0.6940934065934066,0.9523809523809523,0.30662020905923343,0.7631097560975609,0.7363636363636363,1.0,0.36363636363636365,0.8931818181818181,0.5100202429149798,0.9352226720647774,0.2591093117408907,0.7651821862348178,0.29079166666666667,1.0,0.7642196784804753,0.9706708333333334,0.6973219656283566,0.9443252457002457,-0.04373183972615832,0.14733128183361627,0.8891684694056083,1.9680558352813289,0.884302689180738,0.1572157390623914,0.09779714290544009,-0.36887415716827876,0.9434983920816976,26,14,5,-0.21120153425146004,0.4067958200623402,0.9434983920816976,1.2422324620592962,1.129009464642714,0.907938888888889
27,probe_matched,0.7712031558185405,0.5431519699812383,0.7673992673992674,0.5801393728222997,0.9681818181818181,0.6096256684491979,0.6194331983805668,0.5060728744939271,0.6923076923076923,0.9156429156429157,0.8394758394758395,0.07616707616707619,1.4339876896821195,-0.12355677850680358,0.5798570019723865,0.8649654832347139,0.3526969981238274,0.7177063789868667,0.5531135531135531,0.8809981684981685,0.3606271777003484,0.7736062717770034,0.6863636363636364,1.0,0.28342245989304815,0.8290106951871656,0.33188259109311746,0.8219635627530363,0.2752024291497976,0.7611336032388664,0.25,1.0,0.7224726307189543,0.9583333333333334,0.6216849407971767,0.9108541666666667,-0.04500112612612617,0.20932684295772,0.8519531636239691,3.1675029561064334,0.8017510944340213,0.2926417673629816,0.27090472283926736,-0.29223407841486093,1.090445094315402,26,14,3,0.31018318801684286,0.23162625766169187,1.090445094315402,1.5262933866321733,1.2955291442570385,0.9400000000000001
27,dom_regular,0.9812623274161736,0.9943714821763602,0.9945054945054945,0.9965156794425087,0.990909090909091,0.9946524064171123,0.97165991902834,0.9959514170040485,0.0,1.0,1.0,0.0,0.3133355604145207,-0.10185085685517237,0.8510848126232742,0.9970660749506903,0.9212007504690432,1.0,0.9340659340659341,1.0,0.8953397212543553,1.0,0.7817045454545455,1.0,0.839572192513369,1.0,0.8502024291497976,1.0,0.9190283400809717,1.0,0.0,0.0,0.9940330298786182,1.0,1.0,1.0,-0.005053434258480538,0.0,0.23207529434769752,0.39405484703355087,1.0,0.5822993711714988,-0.20221413212119205,0.606311054519194,-0.3090343043928746,26,14,10,-0.06700097490587845,-0.3374272893365056,-0.3090343043928746,0.3227077838709598,0.2992772252298622,
27,dom_regular_verberase,0.9773175542406312,0.6848030018761726,0.989010989010989,0.5923344947735192,1.0,0.7433155080213903,0.97165991902834,0.6437246963562753,0.11538461538461539,0.904995904995905,0.6363636363636364,0.26863226863226863,0.8056578908737476,-0.018099543327892074,0.8747534516765286,0.9970414201183432,0.4905722326454034,0.8358348968105066,0.8900641025641025,1.0,0.3656794425087108,0.8223867595818815,0.8727272727272727,1.0,0.46524064171123,0.9145721925133689,0.8137651821862348,1.0,0.3684210526315789,0.8663967611336032,0.0,0.5703416149068319,0.7422931672669068,0.9720600328947369,0.42830718954248365,0.7766351100636812,0.14447340053957705,0.427721858976098,0.6265591825070477,0.9900597862414934,0.99812382739212,0.19830252172007942,-0.21919438881748124,0.20911020672508554,-0.315138589191642,26,14,10,0.00043102935927656925,-0.43881980699423906,-0.315138589191642,0.7985600805459053,0.8163046063655118,
27,dom_regular_rank2,0.97534516765286,0.5787992495309568,0.9926739926739927,0.445993031358885,1.0,0.6470588235294118,0.9595141700404858,0.5222672064777328,0.2564102564102564,0.9025389025389026,0.733005733005733,0.16953316953316955,0.938095754343725,-0.00946058534194312,0.854043392504931,0.995069033530572,0.3798780487804878,0.748686679174484,0.9065934065934066,1.0,0.2525696864111498,0.7039198606271776,0.8818181818181818,1.0,0.3528074866310161,0.8609625668449198,0.7610323886639676,1.0,0.2711538461538462,0.7813765182186235,0.0,0.7592592592592593,0.7427212572373862,0.970717861757106,0.5220104489164087,0.8431506349438038,0.07819608814930512,0.32000653594771244,0.742080173082624,1.1872213067809352,0.9943714821763602,0.1011681546612663,-0.12529386044084007,0.10385495070900623,-0.25569543451671556,26,14,10,0.01448630195843182,-0.26507402284011194,-0.25569543451671556,0.9048481425535451,0.9879671720289952,
28,adom_matched,0.7712031558185405,0.45121951219512196,0.73992673992674,0.5,0.8636363636363636,0.5347593582887701,0.6558704453441295,0.38461538461538464,0.1794871794871795,0.8976248976248976,0.8452088452088452,0.052416052416052406,1.2709598642630668,-0.09042757411494783,0.5294871794871795,0.8550295857988166,0.2814024390243902,0.6801829268292682,0.4413919413919414,0.8736721611721612,0.2943815331010453,0.7700783972125436,0.4909090909090909,0.9772727272727273,0.25120320855614975,0.8022727272727271,0.3360323886639676,0.8664979757085018,0.19423076923076923,0.6762145748987853,0.0,0.8564814814814814,0.6332685844733184,0.9369510135135135,0.5367777601648569,0.9134191176470587,-0.07367659222497924,0.2143167204753247,0.24393242809565618,4.642454085104422,0.7535959974984365,-0.07241632589883543,-1.7468910583783845,-0.5121576201286758,-0.5703267595822327,26,14,3,-1.4090315344846351,-2.084750582272134,-0.5703267595822327,1.3792157116460488,1.1085760931885942,0.8119999999999999
28,dom_matched,0.6380670611439843,0.5769230769230769,0.5842490842490843,0.6411149825783972,0.7227272727272728,0.6310160427807486,0.5222672064777328,0.5506072874493927,0.6794871794871795,0.8247338247338247,0.7723177723177723,0.052416052416052406,1.193221713306183,-0.25782014164991524,0.4210798816568047,0.7821005917159762,0.37424953095684804,0.7523921200750469,0.33507326007326005,0.7876373626373625,0.39716898954703833,0.8449912891986063,0.40454545454545454,0.9318181818181818,0.33141711229946524,0.8609625668449198,0.2347165991902834,0.7571862348178137,0.2834008097165992,0.7854251012145749,0.10660714285714286,0.9616452991452991,0.6023822278911565,0.8999316903650255,0.5231428571428571,0.8640524477078754,-0.09502457002457003,0.19143802332535878,0.1341540864175524,4.929159427506004,0.7004377736085053,0.5448956820103062,0.8212860717555145,-0.04828712068615726,1.330567079468001,26,14,3,0.8481379478663618,0.7944341956446672,1.330567079468001,1.2520108056324843,1.1050380748167317,0.858
28,probe_strat,0.8648915187376726,0.46716697936210133,0.8846153846153846,0.42334494773519166,0.9636363636363636,0.5401069518716578,0.8461538461538461,0.3643724696356275,0.6410256410256411,0.8894348894348895,0.8763308763308764,0.013104013104013101,1.2951373919404874,-0.023432605867422046,0.5887573964497042,0.906336291913215,0.3198405253283302,0.736468105065666,0.5951465201465201,0.9322802197802198,0.2508710801393728,0.7300087108013937,0.5727272727272728,1.0,0.27245989304812834,0.8556149732620321,0.44929149797570855,0.9149797570850202,0.19433198380566802,0.7327935222672065,0.24,1.0,0.6674935431161712,0.9328372549677765,0.5919568745636746,0.9027823464912281,-0.09004458041958038,0.19757057823129254,0.8597526458896031,2.7118378371995338,0.8455284552845529,0.014199860893402288,-0.07324064605117778,-0.10669336260806102,1.0659753088286805,26,14,5,-0.4047301573724487,0.25824886527009316,1.0659753088286805,1.448305242284946,1.0653856164237996,0.8593944444444445
28,probe_strat_noinit,0.863905325443787,0.47560975609756095,0.8644688644688645,0.4721254355400697,0.990909090909091,0.5561497326203209,0.8016194331983806,0.4291497975708502,0.6923076923076923,0.9172809172809173,0.8705978705978706,0.04668304668304668,1.2521656910091241,-0.02716437050632681,0.6320759368836292,0.9201676528599605,0.32070825515947465,0.7355065666041275,0.6336538461538461,0.9359432234432234,0.2717334494773519,0.7439024390243902,0.6318181818181818,1.0,0.33689839572192515,0.8878342245989304,0.4777327935222672,0.9109311740890689,0.19433198380566802,0.712651821862348,0.25,1.0,0.7457378685503686,0.9646792763157894,0.6355162347097831,0.9397216191488298,-0.04450603070175442,0.17006249999999998,0.8260829920821541,2.3905912679686594,0.8574108818011257,0.041967616964838486,-0.0047650350577265466,-0.42958679912324865,1.0624542163365893,26,14,5,-0.32698819813603164,0.31745812802057854,1.0624542163365893,1.3258792279036669,1.1415953856673093,0.8759888888888888
28,probe_matched,0.7307692307692307,0.5215759849906192,0.7161172161172161,0.5836236933797909,0.9181818181818182,0.5935828877005348,0.5587044534412956,0.4817813765182186,0.7051282051282052,0.9025389025389026,0.8214578214578214,0.08108108108108114,1.5070425064501107,-0.11860590359860795,0.5424063116370809,0.8422337278106509,0.3432223264540338,0.7054878048780487,0.489010989010989,0.8443223443223443,0.34655923344947737,0.7665940766550523,0.6179545454545454,0.9954545454545455,0.27807486631016043,0.839572192513369,0.2874493927125506,0.7815789473684209,0.24686234817813765,0.7327935222672065,0.23746153846153847,0.9649404761904762,0.6981207378528808,0.9432623880609079,0.5581211785789585,0.8866986353400798,-0.045907012195121895,0.2353699956641133,0.7977404567726362,4.315938613659241,0.7611006879299562,0.2827059171232026,0.306335488534746,-0.40414253472773254,1.1199014300277905,26,14,3,0.4241464972455191,0.18852447982397286,1.1199014300277905,1.663279504371842,1.2726870095675145,0.93
28,dom_regular,0.9812623274161736,0.9887429643527205,0.9926739926739927,0.9895470383275261,0.9954545454545455,0.983957219251337,0.9757085020242915,0.9959514170040485,0.0,1.0,1.0,0.0,0.3151167749027983,-0.10572166137489233,0.8382642998027613,0.995069033530572,0.8893058161350844,1.0,0.9102106227106227,1.0,0.8675087108013937,1.0,0.7635227272727273,1.0,0.8288770053475936,1.0,0.805668016194332,1.0,0.8704453441295547,1.0,0.0,0.0,0.9884851756018458,1.0,0.9966908602150537,1.0,-0.010204081632653073,0.0009427589722290442,0.23217760532086512,0.3991639951340828,1.0,0.5846353250197683,-0.22774055294692208,0.5835204586812143,-0.3417955634350819,26,14,10,-0.09746377440882406,-0.3580173314850201,-0.3417955634350819,0.3232094044442533,0.30297783059061584,
28,dom_regular_verberase,0.9694280078895463,0.7054409005628518,0.9853479853479854,0.6219512195121951,1.0,0.7379679144385026,0.9595141700404858,0.6761133603238867,0.0641025641025641,0.8787878787878788,0.6699426699426699,0.20884520884520885,0.7578671748220452,-0.03209386418683753,0.8333333333333334,0.9911242603550295,0.49059568480300186,0.8405487804878049,0.8571428571428571,1.0,0.37282229965156793,0.8328397212543553,0.8363636363636363,1.0,0.4490641711229947,0.9252673796791443,0.7651821862348178,1.0,0.3765182186234818,0.8826923076923076,0.0,0.5,0.7299932432432432,0.9600224135706914,0.462307713177243,0.7927117346938775,0.10854766607896911,0.3653869505869504,0.5812366416920184,0.9867111080056217,0.9943714821763602,0.22817994190529967,-0.3004773643052414,0.20906167908892007,-0.38744124614787545,26,14,10,-0.08723076658550705,-0.5137239620249757,-0.38744124614787545,0.7476818142643631,0.7731452156585684,
28,dom_regular_rank2,0.9694280078895463,0.5919324577861164,0.989010989010989,0.47038327526132406,1.0,0.6524064171122995,0.9676113360323887,0.5384615384615384,0.19230769230769232,0.8853398853398854,0.7747747747747747,0.11056511056511065,0.8899899921359193,-0.029879254840294318,0.8313609467455622,0.9930966469428008,0.38553001876172605,0.7579971857410881,0.8699175824175824,1.0,0.24904181184668991,0.7021341463414634,0.8452272727272727,1.0,0.36350267379679146,0.8449197860962567,0.7611336032388664,1.0,0.2752024291497976,0.8016194331983806,0.0,0.6919515669515665,0.7379116099048816,0.9632996274167561,0.564592089937712,0.8726220016542597,0.04111421155006687,0.26398055555555555,0.6941669096212557,1.1747191216145507,0.9924953095684803,0.11605951950948093,-0.23482138029542227,0.07323123854115449,-0.3405576247503771,26,14,10,-0.10736823910241537,-0.36227452148842915,-0.3405576247503771,0.8495135356268401,0.9507046768995383,
29,adom_matched,0.7534516765285996,0.4230769230769231,0.7326007326007326,0.45993031358885017,0.8272727272727273,0.5401069518716578,0.6639676113360324,0.340080971659919,0.20512820512820512,0.8935298935298935,0.8452088452088452,0.04832104832104833,1.2814258606586615,-0.09802314689566423,0.4939842209072979,0.8501232741617357,0.2598499061913696,0.6773217636022514,0.433974358974359,0.8772893772893773,0.2507404181184669,0.7317073170731707,0.4497727272727273,0.9590909090909091,0.23516042780748664,0.8074866310160428,0.3522267206477733,0.8866396761133604,0.15789473684210525,0.6558704453441295,0.0,0.8813188405797099,0.6422697368421053,0.9311487715433567,0.5610100231067974,0.9050319767940818,-0.08836892305282082,0.2107984229876161,-0.29498508635663634,6.1504627510374945,0.724202626641651,-0.22892892461316636,-1.9349868589937325,-0.6081301649466062,-0.7830452124320878,26,14,3,-1.3302709603038225,-2.5397027576836426,-0.7830452124320878,1.3971259260800337,1.1078757625266025,0.7959999999999999
29,dom_matched,0.6341222879684418,0.5590994371482176,0.5860805860805861,0.627177700348432,0.7,0.6256684491978609,0.5222672064777328,0.5587044534412956,0.6794871794871795,0.8230958230958231,0.7821457821457821,0.040950040950040956,1.2563731250331125,-0.2639596025230457,0.4210798816568047,0.7879684418145957,0.3442542213883677,0.7382739212007504,0.32774725274725275,0.8021978021978022,0.343205574912892,0.8240418118466899,0.38625,0.9092045454545453,0.29411764705882354,0.8450534759358288,0.22672064777327935,0.7692307692307693,0.2671052631578948,0.7613360323886638,0.11538461538461539,0.9457264957264955,0.5806207289176171,0.894365171990172,0.5339558141028728,0.8751220649550143,-0.09168795592248681,0.19936683006535952,-0.10522283971448254,7.497470402922296,0.6779237023139462,0.46435734867414685,0.9250666501420581,-0.0651116813856328,1.4297836947389593,26,14,3,1.2316558110992852,0.618477489184831,1.4297836947389593,1.2964264126585998,1.196293193594881,0.8480000000000001
29,probe_strat,0.8175542406311637,0.45778611632270166,0.8516483516483516,0.38153310104529614,0.9272727272727272,0.5668449197860963,0.7692307692307693,0.3765182186234818,0.6666666666666666,0.8304668304668305,0.8230958230958231,0.0073710073710073765,1.429264769176935,-0.03435690227798502,0.5787721893491123,0.9083086785009862,0.27295966228893054,0.7309333958724201,0.6080128205128205,0.9286172161172161,0.20884146341463417,0.7230836236933798,0.5681818181818182,1.0,0.2727272727272727,0.8770053475935828,0.4451417004048583,0.9149797570850202,0.15374493927125507,0.7247975708502022,0.29395604395604397,1.0,0.6332434994393048,0.9281734693877551,0.6052010256368808,0.90076862738367,-0.09670098039215687,0.18423099907042628,0.8820460744181351,3.0713739806005167,0.8048780487804879,-0.034235857143278224,-0.05432577341982242,-0.17536972365561798,1.0757443934778843,26,14,5,-0.3994371141971852,0.29078556735754035,1.0757443934778843,1.4859960978648998,1.344167776144987,0.8679888888888889
29,probe_strat_noinit,0.8441814595660749,0.4521575984990619,0.8498168498168498,0.4094076655052265,0.9772727272727273,0.5454545454545454,0.7854251012145749,0.3643724696356275,0.7307692307692307,0.9131859131859131,0.8591318591318591,0.05405405405405406,1.3368483289647457,-0.040136802670523844,0.6321005917159763,0.9132149901380671,0.28236397748592873,0.702626641651032,0.6501373626373627,0.9359432234432234,0.21598432055749128,0.6952961672473865,0.5954545454545455,1.0,0.31002673796791447,0.8716577540106952,0.4574898785425101,0.9110323886639675,0.14979757085020243,0.6923076923076923,0.3206428571428572,1.0,0.7340982142857143,0.960841856060606,0.6743406954887218,0.9322165559772296,-0.05707489985241407,0.16458978328173365,0.9028243842580641,2.6820341338992915,0.8311444652908068,0.0053435854449016,0.10150132668188129,-0.35495942402490566,1.0620452722627145,26,14,5,-0.16966832762460424,0.3726709809883668,1.0620452722627145,1.3747431346920738,1.280006120373755,0.8746555555555556
29,probe_matched,0.7396449704142012,0.4878048780487805,0.7271062271062271,0.5505226480836237,0.8863636363636364,0.5775401069518716,0.6032388663967612,0.43724696356275305,0.782051282051282,0.904995904995905,0.8050778050778051,0.09991809991809986,1.4786246121166597,-0.12012610937197181,0.5374506903353057,0.8550542406311638,0.2954971857410882,0.6698874296435271,0.4871336996336996,0.8571428571428571,0.30313588850174217,0.7508710801393729,0.5863636363636363,0.990909090909091,0.2727272727272727,0.8342245989304813,0.30364372469635625,0.805668016194332,0.22672064777327935,0.6882591093117408,0.35714285714285715,0.9843333333333332,0.6833786173460612,0.9404541666666666,0.5733975909442725,0.8849331329430996,-0.04205543161361273,0.23266095672920137,0.7149333154654494,5.050965333433588,0.7629768605378362,0.16258056633037604,0.528022758990789,-0.3940959830571786,1.2312247196955688,26,14,3,0.669096280130212,0.3869492378513659,1.2312247196955688,1.5631496088342516,1.3518371170402723,0.9019999999999999
29,dom_regular,0.9418145956607495,0.99906191369606,0.9743589743589743,0.9982578397212544,0.9,1.0,0.9635627530364372,1.0,0.0,1.0,1.0,0.0,0.3083968906935752,-0.07417190517573664,0.7889546351084813,0.985207100591716,0.9324343339587242,1.0,0.8772893772893773,1.0,0.9127177700348432,1.0,0.6498863636363637,1.0,0.9037433155080213,1.0,0.8258097165991903,1.0,0.9230769230769231,1.0,0.0,0.0,0.9983174493514816,1.0,1.0,1.0,-0.001682085786375076,0.0,0.22914133494832647,0.3942534050138257,1.0,0.6371446265526368,-0.14622874426474716,0.5937632311187842,-0.27641264861501563,26,14,10,-0.0379532585053422,-0.2545042300241521,-0.27641264861501563,0.311170966470293,0.30423577702849847,
29,dom_regular_verberase,0.9733727810650887,0.7204502814258912,0.9871794871794872,0.6393728222996515,1.0,0.7486631016042781,0.9757085020242915,0.7206477732793523,0.07692307692307693,0.8615888615888616,0.7027027027027027,0.15888615888615887,0.7941668387170292,-0.05592458947899912,0.8402120315581854,0.9940828402366864,0.49432457786116324,0.8564727954971857,0.8681318681318682,1.0,0.37974738675958186,0.8624128919860627,0.8590909090909091,1.0,0.4594919786096257,0.930614973262032,0.7812753036437248,1.0,0.4452429149797571,0.9068825910931174,0.0,0.5712454212454214,0.7088815789473685,0.9533275955058966,0.5111543665110357,0.8200065359477123,0.05768473539711684,0.31017445687952605,0.6123801098341535,1.000899622688738,0.9949968730456535,0.23353070029625256,-0.23272024527900592,0.20110868197148488,-0.28555421600396275,26,14,10,-0.040116918925610215,-0.42532357163240164,-0.28555421600396275,0.7570592521474185,0.8498282185714455,
29,dom_regular_rank2,0.9714003944773175,0.6219512195121951,0.9945054945054945,0.4895470383275261,1.0,0.6684491978609626,0.9757085020242915,0.5910931174089069,0.20512820512820512,0.8730548730548731,0.7952497952497952,0.07780507780507784,0.9051793062619925,-0.052238354108716314,0.8323224852071006,0.9970414201183432,0.40895872420262663,0.7833958724202625,0.8918956043956044,1.0,0.28397212543554007,0.7457317073170731,0.8498863636363636,1.0,0.37419786096256685,0.8716577540106952,0.7772267206477733,1.0,0.29554655870445345,0.809817813765182,0.0,0.7520833333333329,0.7149723587223586,0.9554289111261122,0.5907808080808081,0.8818092501128215,-0.00432181653111884,0.2294645736584108,0.6989598017919225,1.1826135891910825,0.9956222639149468,0.14584239201488508,-0.13089146465133478,0.1042360752540027,-0.16409069448250008,26,14,10,-0.028950175159256374,-0.23283275414341317,-0.16409069448250008,0.8410374982093389,1.0013920183409732,
30,adom_matched,0.7218934911242604,0.43151969981238275,0.7051282051282052,0.47735191637630664,0.7772727272727272,0.5828877005347594,0.6437246963562753,0.3441295546558704,0.20512820512820512,0.846027846027846,0.8091728091728092,0.03685503685503677,1.619427669395183,-0.09058648880184877,0.47130177514792904,0.817628205128205,0.26733114446529077,0.6810741088180112,0.41208791208791207,0.8461996336996337,0.2560540069686411,0.7370209059233449,0.3771590909090909,0.9182954545454545,0.2620320855614973,0.8235294117647058,0.32388663967611336,0.8623481781376519,0.16194331983805668,0.6478744939271254,0.0,0.8571428571428571,0.5761029696560578,0.8995730792316926,0.5036855036855037,0.8855062448812449,-0.1143384581501357,0.22555220317317087,-4.767178512461158,8.883786182737424,0.6979362101313321,-0.23532063695123862,-2.502750076092279,-0.7204903805820657,-0.9545361385391662,26,14,3,-1.8384521011315011,-3.1670480510530568,-0.9545361385391662,1.7294674443266846,1.45436800699793,0.8240000000000001
30,dom_matched,0.6084812623274162,0.5450281425891182,0.5604395604395604,0.6149825783972126,0.6590909090909091,0.6149732620320856,0.48582995951417,0.5384615384615384,0.6153846153846154,0.7813267813267813,0.7567567567567568,0.02457002457002455,1.590095016111075,-0.25751522392566706,0.3905078895463511,0.7672583826429981,0.3469746716697936,0.7392354596622889,0.3222527472527473,0.7839285714285714,0.36232578397212545,0.8223432055749129,0.3407954545454545,0.9,0.32085561497326204,0.8504010695187164,0.23876518218623483,0.7571862348178137,0.2671052631578948,0.7408906882591093,0.10714285714285714,0.9298928571428571,0.5454223484848485,0.8755424459710174,0.4999591503267974,0.860484100616991,-0.12337311855165203,0.1941025046382189,-4.637136412925309,16.47655320133581,0.6622889305816135,0.5374227659406045,0.5050731879925515,-0.15720008816993072,1.3446490599534793,26,14,3,0.8930287712371655,0.11711760474793745,1.3446490599534793,1.6506537165079733,1.499256965515728,0.86
30,probe_strat,0.8027613412228797,0.5272045028142589,0.8534798534798534,0.45121951219512196,0.8590909090909091,0.6737967914438503,0.7813765182186235,0.44534412955465585,0.5256410256410257,0.8525798525798526,0.8484848484848485,0.004095004095004073,1.2797115919447635,-0.047878158317185254,0.5729289940828403,0.8816814595660749,0.34331613508442776,0.7457786116322702,0.585989010989011,0.9322344322344323,0.2578397212543554,0.7369337979094077,0.5044318181818181,0.9727272727272728,0.36350267379679146,0.8717914438502673,0.4251012145748988,0.9190283400809717,0.23461538461538461,0.7530364372469636,0.1111111111111111,1.0,0.6391719675254459,0.9346555022345355,0.6175559325024785,0.9192397680266388,-0.10370989169427235,0.16300163800163806,0.8463558324729016,2.792771235562422,0.8424015009380863,0.21481327852415572,-0.2092394239200036,-0.08384931931616997,1.0868631352273406,26,14,5,-0.8033558475292121,0.38487699968920486,1.0868631352273406,1.3358248324196724,1.1955417312323993,0.8547277777777778
30,probe_strat_noinit,0.8274161735700197,0.4812382739212008,0.8443223443223443,0.4529616724738676,0.9454545454545454,0.6203208556149733,0.7692307692307693,0.3805668016194332,0.6538461538461539,0.8927108927108927,0.8583128583128583,0.03439803439803435,1.2730176756607403,-0.04246155349564123,0.6084812623274162,0.8905325443786982,0.31798780487804873,0.7148686679174483,0.6190476190476191,0.9249542124542125,0.22295296167247386,0.6795296167247385,0.5409090909090909,1.0,0.36350267379679146,0.8663101604278075,0.44534412955465585,0.8987854251012146,0.19423076923076923,0.6923076923076923,0.21428571428571427,1.0,0.6991688675470188,0.9461825747808862,0.6581535947712418,0.9346409283316305,-0.08552631578947367,0.1266142209572001,0.863981183454899,2.8496856439857683,0.8361475922451532,0.14639520543897613,-0.037996142320462195,-0.44246085902035426,1.0302645424313261,26,14,5,-0.4056684619396872,0.3296761772987628,1.0302645424313261,1.3718044146954087,1.124837567108738,0.8651277777777778
30,probe_matched,0.7100591715976331,0.5121951219512195,0.6923076923076923,0.5714285714285714,0.8727272727272727,0.6149732620320856,0.5546558704453441,0.46558704453441296,0.6666666666666666,0.8484848484848485,0.7936117936117936,0.05487305487305494,1.708110366575408,-0.1334938544617339,0.5037475345167653,0.8264546351084813,0.33956378986866786,0.6904549718574109,0.45045787545787547,0.8297161172161173,0.3100609756097561,0.7561411149825784,0.5409090909090909,0.9727272727272728,0.29398395721925136,0.8557486631016041,0.2954453441295547,0.7732793522267206,0.2509109311740891,0.7125506072874493,0.2857142857142857,0.9285714285714286,0.6215132639472947,0.9181150774900775,0.5641577367381061,0.8812930075797722,-0.08964945619962067,0.186235544217687,0.8651774348810918,6.943237053102111,0.740462789243277,0.28319286832821444,0.2467726770297683,-0.5210011618101597,1.1177807063291836,26,14,3,0.3832135971546843,0.11033175690485231,1.1177807063291836,1.7813415559861712,1.5982635824592644,0.8780000000000001
30,dom_regular,0.9428007889546351,0.99906191369606,0.9706959706959707,0.9982578397212544,0.8909090909090909,1.0,0.9635627530364372,1.0,0.0,1.0,1.0,0.0,0.34825996335498116,-0.06910870257149603,0.7968195266272189,0.9822485207100592,0.9352485928705441,1.0,0.8424908424908425,1.0,0.9041811846689896,1.0,0.6544318181818182,1.0,0.893048128342246,1.0,0.8178137651821862,1.0,0.9271255060728745,1.0,0.0,0.0,0.9957774669161188,1.0,1.0,1.0,-0.003277436527436553,0.0,0.2672092402713017,0.42890071430602456,1.0,0.6241704017548014,-0.14148497685603928,0.5813757054927536,-0.22562025660813337,26,14,10,-0.0986484554529523,-0.18432149825912625,-0.22562025660813337,0.35586069900248735,0.33685885988372194,
30,dom_regular_verberase,0.9516765285996055,0.7654784240150094,0.9725274725274725,0.7177700348432056,1.0,0.786096256684492,0.9352226720647774,0.7651821862348178,0.0641025641025641,0.8665028665028665,0.7305487305487306,0.13595413595413586,0.797765026253245,-0.05515895713819936,0.7908777120315582,0.9881656804733728,0.5421669793621012,0.8912054409005629,0.8149267399267399,1.0,0.45805749128919865,0.8798344947735192,0.8271590909090909,1.0,0.5026737967914439,0.9518716577540107,0.716497975708502,1.0,0.4654858299595142,0.9191295546558703,0.0,0.44871794871794873,0.7148656049187267,0.9591325163398693,0.5367450919573785,0.8495515942122464,0.033613172834314524,0.2669455597456374,0.6112886196664,1.0401531167231055,0.9962476547842402,0.2931346225157129,-0.24378730957015818,0.24056929548812175,-0.37527048512835975,26,14,10,-0.08084052504751814,-0.4067340940927982,-0.37527048512835975,0.7540841027990415,0.8632864114345503,
30,dom_regular_rank2,0.9635108481262328,0.6960600375234521,0.9926739926739927,0.6062717770034843,1.0,0.7005347593582888,0.97165991902834,0.708502024291498,0.11538461538461539,0.8632268632268633,0.8222768222768223,0.040950040950040956,0.8844340754278983,-0.054205603441933786,0.8204881656804733,0.9921104536489151,0.4652439024390244,0.8330675422138836,0.8589285714285714,1.0,0.35701219512195126,0.792726480836237,0.8,1.0,0.4117647058823529,0.8877005347593583,0.7245951417004048,1.0,0.3765182186234818,0.8785425101214575,0.0,0.6539583333333332,0.7181209466990931,0.9556002618152524,0.6170306465505265,0.8969666666666666,-0.03044499156752444,0.2010597338516746,0.6803767183941876,1.1359599345810005,0.9968730456535334,0.22142147465776496,-0.16111748708718449,0.15188793949443047,-0.26735531454012335,26,14,10,-0.05503702119400343,-0.2671979529803655,-0.26735531454012335,0.8223898056426934,0.9775004801057056,
31,adom_matched,0.7130177514792899,0.43902439024390244,0.6868131868131868,0.49477351916376305,0.759090909090909,0.5935828877005348,0.6437246963562753,0.340080971659919,0.19230769230769232,0.8476658476658476,0.7821457821457821,0.0655200655200655,1.323676223624542,-0.09918590993806159,0.48619329388560156,0.8462031558185403,0.27483583489681046,0.6716932457786116,0.40476190476190477,0.8553113553113553,0.2612369337979094,0.7352351916376306,0.4,0.9364772727272727,0.2725935828877005,0.8449197860962567,0.3481781376518219,0.8866396761133604,0.16589068825910933,0.6275303643724697,0.01282051282051282,0.8033333333333337,0.6024204348406029,0.9103902236787689,0.45876533186866,0.8828896151586368,-0.10423370584660906,0.2629179966560265,-4.420008295482808,7.511240856000347,0.6848030018761726,-0.3078603897380874,-2.607280496931369,-0.5687748199536858,-1.47692877962592,26,14,3,-2.0565497479135217,-3.158011245949217,-1.47692877962592,1.2857557384162779,1.3805569514369391,0.786
31,dom_matched,0.6331360946745562,0.5262664165103189,0.608058608058608,0.6167247386759582,0.6863636363636364,0.5989304812834224,0.5222672064777328,0.4979757085020243,0.5769230769230769,0.800982800982801,0.737919737919738,0.06306306306306297,1.3382589208263875,-0.26178990140150393,0.3905325443786982,0.777120315581854,0.33114446529080677,0.7354596622889306,0.3076007326007326,0.767445054945055,0.3483885017421603,0.8136324041811847,0.34545454545454546,0.8819318181818181,0.31002673796791447,0.8343582887700534,0.2104251012145749,0.7733805668016193,0.23481781376518218,0.7288461538461537,0.07976923076923077,0.9230769230769231,0.5740138965945418,0.8791735197368421,0.48586363636363633,0.8437139784946236,-0.09551802637516915,0.2220986424522608,-3.3425120723907216,9.006866876393675,0.6641651031894934,0.35350897709736995,-0.12392837726844397,-0.15777441898227332,0.4701102445188178,26,14,3,0.3002056612781394,-0.5480624158150273,0.4701102445188178,1.31724048897002,1.3697865686109398,0.858
31,probe_strat,0.8195266272189349,0.5028142589118199,0.8498168498168498,0.45121951219512196,0.9,0.6203208556149733,0.7975708502024291,0.4251012145748988,0.5384615384615384,0.8673218673218673,0.8271908271908271,0.040131040131040185,1.0998786452327238,-0.05144153382949473,0.5610207100591715,0.8895710059171598,0.32077861163227017,0.7326454033771107,0.5640567765567766,0.9230769230769231,0.2646341463414634,0.7560975609756098,0.5317045454545455,0.990909090909091,0.34211229946524063,0.8717914438502673,0.473582995951417,0.9149797570850202,0.20242914979757085,0.7004048582995951,0.17857142857142858,1.0,0.6699293005625242,0.9311280932968721,0.6007836333550619,0.9003492396958783,-0.07916870915032685,0.19337351111544657,0.6922806734764319,2.508865194458636,0.8248905565978737,0.10369529173998049,-0.25592695783227815,-0.17549663474180202,0.8924267365509666,26,14,5,-0.9020689773067266,0.39021506164217035,0.8924267365509666,1.0590294619725473,1.1611524201229888,0.8631944444444445
31,probe_strat_noinit,0.8422090729783037,0.49906191369606,0.8516483516483516,0.48606271777003485,0.9363636363636364,0.6631016042780749,0.8178137651821862,0.3603238866396761,0.6153846153846154,0.9025389025389026,0.8427518427518428,0.05978705978705978,1.0155533643685382,-0.03586795950850316,0.6074457593688363,0.9013806706114399,0.31796435272045026,0.7073405253283301,0.5952380952380952,0.9267399267399268,0.26306620209059234,0.7178571428571427,0.5545454545454546,0.9954545454545455,0.38489304812834224,0.8824866310160426,0.4897773279352227,0.9191295546558703,0.18218623481781376,0.6882591093117408,0.23444444444444446,1.0,0.703496160933661,0.9474970996150398,0.621518581081081,0.9248979591836735,-0.05273834518389528,0.17837152302781564,0.6936143392109776,2.3974479585870068,0.8330206378986866,0.10370639003497813,-0.11328922442353172,-0.3601040279063085,0.9713770960266792,26,14,5,-0.45988638037751983,0.2333079315304564,0.9713770960266792,1.0502860377612249,0.9634543542795075,0.8647777777777778
31,probe_matched,0.6952662721893491,0.5112570356472795,0.6758241758241759,0.5696864111498258,0.8227272727272728,0.6203208556149733,0.582995951417004,0.44129554655870445,0.6794871794871795,0.8484848484848485,0.7665847665847666,0.08190008190008191,1.497762938434971,-0.12530385168206926,0.5019477317554241,0.8284023668639053,0.3264305816135084,0.6924718574108817,0.43223443223443225,0.826007326007326,0.3344947735191638,0.7596254355400697,0.5181818181818182,0.9636363636363636,0.30467914438502675,0.8449197860962567,0.2834008097165992,0.8137651821862348,0.21052631578947367,0.6963562753036437,0.2585470085470085,0.9615384615384616,0.6307708333333334,0.9125816993464052,0.5323223791973791,0.8649074935400517,-0.055564692982456164,0.20927715602369987,0.6456740347093062,5.583856893848518,0.7360850531582239,0.2669228552777194,0.25260661613236174,-0.28344322176637643,0.9903571478540746,26,14,3,0.23338282678109049,0.27183040548363296,0.9903571478540746,1.546644593942759,1.4244404551732899,0.8859999999999999
31,dom_regular,0.9447731755424064,0.9971857410881801,0.9615384615384616,0.9947735191637631,0.9227272727272727,1.0,0.9635627530364372,0.9919028340080972,0.0,1.0,1.0,0.0,0.380048134400587,-0.07132351204945124,0.798767258382643,0.9812623274161736,0.9192307692307692,1.0,0.826007326007326,1.0,0.8849738675958188,1.0,0.6454545454545455,1.0,0.893048128342246,1.0,0.8137651821862348,1.0,0.8987854251012146,1.0,0.0,0.02564102564102564,0.9942732874803668,1.0,0.9950977381124441,1.0,-0.004901960784313708,0.002448979591836653,0.2899716797270146,0.4752709810826537,1.0,0.6185463983561729,-0.1030145201139227,0.5828551360080778,-0.1943367203624471,26,14,10,-0.07717594136120635,-0.12885309886663907,-0.1943367203624471,0.387059324877605,0.36953134868506,
31,dom_regular_verberase,0.9516765285996055,0.775797373358349,0.9688644688644689,0.740418118466899,1.0,0.8288770053475936,0.9433198380566802,0.7611336032388664,0.0641025641025641,0.8419328419328419,0.7264537264537264,0.11547911547911549,0.8311740730536514,-0.06316404841447804,0.798767258382643,0.9881656804733728,0.5419793621013133,0.8808630393996247,0.7967032967032966,1.0,0.4564459930313589,0.885060975609756,0.8089772727272727,1.0,0.49719251336898396,0.9518716577540107,0.6759109311740892,1.0,0.43309716599190284,0.9149797570850202,0.0,0.4870833333333337,0.6957055921052632,0.9550662765106043,0.5261261812773214,0.8377059564729831,0.044064767921910865,0.2909722222222221,0.6310773610359197,1.1117730367751746,0.9956222639149468,0.2985735531262361,-0.2147071719925554,0.27029391683833043,-0.35827669750957386,26,14,10,-0.012899157098928398,-0.4165151868861824,-0.35827669750957386,0.7828908428794791,0.90359891831491,
31,dom_regular_rank2,0.9556213017751479,0.6932457786116323,0.9908424908424909,0.60801393728223,1.0,0.7379679144385026,0.951417004048583,0.680161943319838,0.11538461538461539,0.8533988533988534,0.8018018018018018,0.051597051597051524,0.9047745484874242,-0.05952641910982132,0.7908777120315582,0.9871794871794872,0.46810506566604126,0.8396106941838649,0.823992673992674,1.0,0.34834494773519165,0.8067944250871079,0.7635227272727273,1.0,0.42245989304812837,0.9197860962566845,0.7004048582995951,1.0,0.3521255060728745,0.8663967611336032,0.0,0.6666666666666666,0.6770337710537383,0.9492174834574029,0.5748153412182753,0.8831903594771241,-0.024137096774193543,0.22002208141321053,0.6744689177259193,1.1827269539744856,0.9962476547842402,0.22359850658788746,-0.1270336903164699,0.2040191899360345,-0.2955150099645565,26,14,10,0.0012128561292015217,-0.25528023676214134,-0.2955150099645565,0.8351669905127651,1.0091858854494131,
32,adom_matched,0.7110453648915187,0.4343339587242026,0.6684981684981685,0.5121951219512195,0.7454545454545455,0.6042780748663101,0.6639676113360324,0.3117408906882591,0.16666666666666666,0.8288288288288288,0.7256347256347256,0.10319410319410316,1.2916799068278122,-0.11366809590163868,0.4496794871794872,0.8362919132149902,0.2926360225140713,0.6942542213883677,0.3809065934065934,0.8205128205128205,0.30483449477351915,0.7510888501742159,0.39545454545454545,0.9272727272727272,0.26724598930481286,0.8236631016042779,0.31568825910931175,0.8704453441295547,0.145748987854251,0.6357287449392711,0.02564102564102564,0.8151455026455023,0.5795757250268528,0.8923376677502709,0.443064957002457,0.8413240131578947,-0.08109516656124814,0.29521365922315096,-4.6316156110946,7.016804059737717,0.6747967479674797,-0.4379252379106887,-3.2372423362424785,-0.7371330301656375,-1.7851867864495277,26,14,3,-2.5615834109244067,-3.9129012615605503,-1.7851867864495277,1.2206719498253005,1.3981918423315796,0.778
32,dom_matched,0.6479289940828402,0.4981238273921201,0.6025641025641025,0.5975609756097561,0.6818181818181818,0.6149732620320856,0.5506072874493927,0.4493927125506073,0.358974358974359,0.7805077805077805,0.6715806715806716,0.10892710892710888,1.2431445983929001,-0.27367223863790324,0.42403846153846153,0.7910009861932938,0.3001172607879925,0.7176594746716698,0.3553113553113553,0.7747252747252747,0.3587543554006969,0.8084494773519163,0.37272727272727274,0.8864772727272726,0.31016042780748665,0.8397058823529411,0.2550607287449393,0.801821862348178,0.21842105263157896,0.7165991902834008,0.06583333333333333,0.8589743589743589,0.5565041118421052,0.8569949820788529,0.43581122288521695,0.8050778050778051,-0.07239293002392733,0.28433118947824826,-2.0180877356795857,9.423781662355735,0.6616635397123202,0.1506863041505403,-1.062649431518758,-0.33651232261400893,-0.3225436923793609,26,14,3,-0.5224092300566909,-1.6028896329808253,-0.3225436923793609,1.198911427913135,1.3094943541125474,0.7979999999999999
32,probe_strat,0.8264299802761341,0.49343339587242024,0.8461538461538461,0.47038327526132406,0.8954545454545455,0.5828877005347594,0.8016194331983806,0.41700404858299595,0.48717948717948717,0.864045864045864,0.7993447993447993,0.06470106470106474,1.0783333309664436,-0.060797175202766555,0.580818540433925,0.9013806706114399,0.33951688555347087,0.7092166979362101,0.5438644688644688,0.9140109890109889,0.2769163763066202,0.7473867595818815,0.509090909090909,0.9863636363636363,0.3422459893048128,0.8504010695187164,0.45334008097165995,0.9149797570850202,0.19817813765182188,0.6963562753036437,0.07628205128205129,0.9900641025641029,0.6631094202898551,0.937999980440863,0.575084122866381,0.9017871982945511,-0.072072072072072,0.1880494939911447,0.7184525531486888,2.4135997287303153,0.8373983739837398,0.12196613702865208,-0.48921784797830997,-0.14480259998516995,0.7561937230109326,26,14,5,-1.0178258043483237,0.039390108391703794,0.7561937230109326,1.0549991761834088,1.1133345631409954,0.8465833333333332
32,probe_strat_noinit,0.8303747534516766,0.48405253283302063,0.8315018315018315,0.5139372822299652,0.9227272727272727,0.6310160427807486,0.7935222672064778,0.3643724696356275,0.5128205128205128,0.8976248976248976,0.814086814086814,0.08353808353808356,1.0406407480657989,-0.04319113412585459,0.6222633136094674,0.8974358974358975,0.30386960600375235,0.6772983114446529,0.5952380952380952,0.9121336996336996,0.28222996515679444,0.7212543554006968,0.6044318181818181,0.9818181818181818,0.36363636363636365,0.8502673796791443,0.5060728744939271,0.9068825910931174,0.17813765182186234,0.6640688259109311,0.14285714285714285,0.9641203703703703,0.7131847216038083,0.9469095163905354,0.6012560406945957,0.9066676384839649,-0.0362474628778976,0.19987790346401715,0.7281861568848728,2.277663548781897,0.8348968105065666,0.08702547147082589,-0.3258895998993282,-0.3455665705967046,0.8839350213344238,26,14,5,-0.5183073677548972,-0.13347183204375926,0.8839350213344238,1.0925436595901838,0.9627863807792224,0.8549055555555555
32,probe_matched,0.7051282051282052,0.5168855534709194,0.6666666666666666,0.5888501742160279,0.8363636363636363,0.6310160427807486,0.6072874493927125,0.4493927125506073,0.5897435897435898,0.8402948402948403,0.719082719082719,0.12121212121212122,1.3697595656969697,-0.14122874366574145,0.49208579881656805,0.8274408284023669,0.3404784240150094,0.6943480300187617,0.4211996336996337,0.8131868131868132,0.3570993031358885,0.7753048780487805,0.4954545454545455,0.95,0.3155080213903743,0.8556149732620321,0.2954453441295547,0.8218623481781376,0.22661943319838057,0.6964574898785424,0.19134259259259262,0.8932142857142854,0.6195280126939113,0.9126700680272108,0.48776856503056343,0.8350459419680403,-0.017973856209150266,0.2639322916666666,0.6280670829533657,4.690010327876595,0.742338961851157,0.25741981073214953,0.008945229692378626,-0.2787776589978385,0.6772570491202802,26,14,3,0.12997051508402746,-0.11208005569927021,0.6772570491202802,1.4101244433845745,1.3092122491655627,0.882
32,dom_regular,0.9299802761341223,0.9971857410881801,0.9560439560439561,0.9947735191637631,0.8727272727272727,1.0,0.9635627530364372,0.9959514170040485,0.0,1.0,1.0,0.0,0.3197327867560249,-0.09775959827570792,0.7357001972386588,0.9792899408284024,0.9333724202626642,1.0,0.8167582417582417,1.0,0.9076655052264808,1.0,0.55,1.0,0.9251336898395722,1.0,0.7894736842105263,1.0,0.902834008097166,1.0,0.0,0.02,0.9934473199275831,1.0,0.9942425878009229,1.0,-0.003335034013605409,0.0025012755102040278,0.22709363445491162,0.40660688418177454,1.0,0.6627123663875614,-0.11386055660201583,0.6238965164700429,-0.15208683801034886,26,14,10,-0.13659177496029465,-0.09112933824373701,-0.15208683801034886,0.331622185520248,0.30189868860969016,
32,dom_regular_verberase,0.9497041420118343,0.7692307692307693,0.9688644688644689,0.7421602787456446,1.0,0.8181818181818182,0.9473684210526315,0.7246963562753036,0.10256410256410256,0.8665028665028665,0.7452907452907452,0.12121212121212122,0.7957022921358295,-0.052702824936846936,0.7544378698224852,0.9812869822485207,0.5196529080675422,0.8818480300187617,0.7911630036630036,0.9981684981684982,0.45113240418118467,0.89198606271777,0.65,1.0,0.4919786096256685,0.9572192513368984,0.6882591093117408,1.0,0.3845141700404859,0.902834008097166,0.0,0.5925925925925926,0.7125195911698012,0.9586536683310878,0.4916624149659864,0.8460907679368571,0.039307129485700906,0.3049125,0.5854844804818026,1.06400704394934,0.9899937460913071,0.31270532772121407,-0.11817248117487941,0.2719407992538901,-0.2013815100877742,26,14,10,-0.0015343802641124503,-0.23481058208564637,-0.2013815100877742,0.7427561406308997,0.8751215193932241,
32,dom_regular_rank2,0.9487179487179487,0.6894934333958724,0.9835164835164835,0.6097560975609756,0.990909090909091,0.7272727272727273,0.9433198380566802,0.6761133603238867,0.1794871794871795,0.8746928746928747,0.8402948402948403,0.03439803439803446,0.8747010727233964,-0.035918757543612435,0.7366370808678501,0.9812623274161736,0.44090056285178236,0.8311444652908068,0.8057692307692308,1.0,0.3641114982578397,0.8101045296167247,0.6226136363636363,1.0,0.44385026737967914,0.9090909090909091,0.708502024291498,1.0,0.3157894736842105,0.8785425101214575,0.0,0.7411342592592592,0.7046825585072739,0.9562838564981867,0.6045441176470588,0.9041827756901286,-0.04008316636158245,0.1894049535709995,0.6570777088703298,1.1770637934313937,0.9931207004377736,0.23862059699735888,-0.011219251515721035,0.20967549514205497,-0.12139136055688964,26,14,10,0.008964558776024876,-0.031403061807466943,-0.12139136055688964,0.7952263814020983,0.993913109705343,
33,adom_matched,0.7258382642998028,0.4202626641651032,0.6813186813186813,0.4965156794425087,0.7909090909090909,0.5935828877005348,0.6680161943319838,0.2874493927125506,0.15384615384615385,0.814086814086814,0.7624897624897625,0.051597051597051524,1.6594871648060932,-0.17580739826117725,0.4841962524654832,0.8451676528599605,0.24856941838649155,0.6679643527204502,0.4358974358974359,0.8315018315018315,0.2996080139372822,0.705574912891986,0.4090909090909091,0.9409090909090909,0.2727272727272727,0.8343582887700534,0.3845141700404859,0.8866396761133604,0.12135627530364372,0.5952429149797569,0.03584656084656085,0.7958333333333332,0.6204286268855369,0.9052696078431373,0.5171476790962085,0.8758426588837289,-0.08253506402561028,0.21531646300235827,-4.588288021637825,9.990604291499475,0.6716697936210131,-0.7069639097455938,-3.5364483820475936,-0.7260380927716055,-2.382217330874564,26,14,3,-2.8629739011298527,-4.2099228629653345,-2.382217330874564,1.4337586740504038,1.998079900939626,0.786
33,dom_matched,0.7011834319526628,0.4634146341463415,0.6538461538461539,0.573170731707317,0.7454545454545455,0.6042780748663101,0.6153846153846154,0.38461538461538464,0.24358974358974358,0.7821457821457821,0.7027027027027027,0.07944307944307938,1.4247277318143738,-0.31831053217348304,0.4664447731755424,0.8205128205128205,0.2973733583489681,0.6970215759849906,0.38635531135531137,0.8003663003663004,0.3622822299651568,0.7979965156794424,0.39988636363636365,0.931931818181818,0.26189839572192514,0.8449197860962567,0.31163967611336035,0.8299595141700404,0.1700404858299595,0.6802631578947367,0.04370471014492755,0.8412916666666667,0.5876600665079929,0.8913398692810458,0.47774238494052734,0.8297771274079808,-0.06005102040816321,0.226155905538394,-1.3519436468056016,7.539798073391713,0.6660412757973734,-0.2572451932745822,-1.8459525221365523,-0.3044325664044463,-1.1597410459082513,26,14,3,-1.2544031803207178,-2.4375018639523867,-1.1597410459082513,1.2385010378497616,1.7040677727612923,0.7859999999999999
33,probe_strat,0.8520710059171598,0.4924953095684803,0.8791208791208791,0.47560975609756095,0.8863636363636364,0.5508021390374331,0.8744939271255061,0.4493927125506073,0.5,0.8927108927108927,0.8411138411138411,0.051597051597051524,1.3635446077128461,-0.06888800414733892,0.6321499013806706,0.9112426035502958,0.33771106941838647,0.7177767354596621,0.6060897435897435,0.9395604395604396,0.2926829268292683,0.7439024390243902,0.5544318181818182,0.9772727272727273,0.3260695187165776,0.8609625668449198,0.5384615384615384,0.9434210526315788,0.1861336032388664,0.6843117408906881,0.0828525641025641,0.9629629629629629,0.7113404773093448,0.9478885006037978,0.6232678571428572,0.9273863045218087,-0.06070315398886832,0.17833855446355448,0.9497036189140324,2.531886796785607,0.8767979987492183,0.12357722526232184,-0.4332634541588091,-0.10046866272812621,0.6049045065167024,26,14,5,-0.9880633383042257,0.12153642998660742,0.6049045065167024,1.3465826611067993,1.3889875276219168,0.8515277777777778
33,probe_strat_noinit,0.8362919132149902,0.4803001876172608,0.8388278388278388,0.5052264808362369,0.8909090909090909,0.6096256684491979,0.8097165991902834,0.3603238866396761,0.5128205128205128,0.9148239148239148,0.8484848484848485,0.06633906633906628,1.4076269584175343,-0.05775700058930694,0.6479043392504931,0.9053500986193294,0.3330206378986867,0.6989212007504689,0.6372710622710622,0.9322344322344323,0.31528745644599304,0.7248257839721254,0.5954545454545455,0.9818181818181818,0.34759358288770054,0.8556149732620321,0.5465587044534413,0.9434210526315788,0.15384615384615385,0.6478744939271254,0.16,0.9254273504273502,0.7444893446322018,0.9539507250268529,0.6397918503221453,0.9262993447993447,-0.035361842105263164,0.1870072421477079,1.032864087625007,2.7546825384777187,0.8530331457160726,0.09034901766617366,-0.3248005865369999,-0.22609479084206727,0.7776528252885342,26,14,5,-0.5614185269772913,-0.08818264609670848,0.7776528252885342,1.4432360112766718,1.3542133791288278,0.8713333333333333
33,probe_matched,0.7495069033530573,0.5206378986866792,0.7142857142857143,0.5975609756097561,0.85,0.6417112299465241,0.6963562753036437,0.44129554655870445,0.5256410256410257,0.8746928746928747,0.7657657657657657,0.108927108927109,1.5971482766900966,-0.1642050137197475,0.5335305719921104,0.8629437869822485,0.3517354596622889,0.6998358348968104,0.45416666666666666,0.8589743589743589,0.40222125435540074,0.789198606271777,0.5636363636363636,0.9636363636363636,0.34759358288770054,0.8610962566844919,0.3603238866396761,0.8704453441295547,0.2063765182186235,0.6842105263157895,0.14285714285714285,0.8148148148148148,0.696928746928747,0.9309317318575595,0.5637770632683424,0.8643503289473684,-0.013094604618163117,0.2304656862745098,0.9396207662658206,3.7648757265583757,0.7836147592245153,0.17300500191954077,-0.15159745071290393,-0.1742675857939713,0.38541614464092994,26,14,3,-0.11261962851033011,-0.19057527291547777,0.38541614464092994,1.5871700197335505,1.6121156621249157,0.9119999999999999
33,dom_regular,0.9388560157790927,0.9878048780487805,0.9597069597069597,0.9773519163763066,0.8863636363636364,0.9893048128342246,0.97165991902834,0.9757085020242915,0.0,1.0,1.0,0.0,0.5106395776636264,-0.0892046924665149,0.727810650887574,0.980276134122288,0.8855300187617261,1.0,0.8148809523809524,1.0,0.8361498257839721,1.0,0.4909090909090909,1.0,0.839572192513369,1.0,0.805668016194332,1.0,0.8218623481781376,1.0,0.0,0.18378205128205086,0.9933317914213624,1.0,0.992646607168666,1.0,-0.004154807084124009,0.004934210526315819,0.4055147593884683,0.6301091690060012,1.0,0.6154114417413246,-0.042730701047221,0.5238450687246137,-0.047132580885199254,26,14,10,-0.11249378566127671,0.02703238356683471,-0.047132580885199254,0.5090865039497248,0.5129691882344788,
33,dom_regular_verberase,0.960552268244576,0.7420262664165104,0.978021978021978,0.6689895470383276,0.9772727272727273,0.7914438502673797,0.951417004048583,0.6639676113360324,0.24358974358974358,0.9009009009009009,0.7927927927927928,0.10810810810810811,0.9641436544641325,-0.0413309707588069,0.7494329388560158,0.9871794871794872,0.5149624765478423,0.863062851782364,0.8259615384615384,1.0,0.4059233449477352,0.8293989547038326,0.5498863636363637,1.0,0.48128342245989303,0.9358288770053476,0.7611336032388664,1.0,0.32793522267206476,0.8624493927125505,0.0,0.7592592592592593,0.7422727424303054,0.9694129296455424,0.5689752160332593,0.8671248423044575,0.026960784313725502,0.2850041743970315,0.7205656262262923,1.2334946143083392,0.9824890556597874,0.30430336316177686,0.053186239116045586,0.16967430661977015,0.00715213951774172,26,14,10,0.0968126740309544,0.00955980420113678,0.00715213951774172,0.908055727494319,1.0482755449188523,
33,dom_regular_rank2,0.9546351084812623,0.6435272045028143,0.9798534798534798,0.5331010452961672,0.9772727272727273,0.6951871657754011,0.9635627530364372,0.5425101214574899,0.48717948717948717,0.9025389025389026,0.8427518427518428,0.05978705978705978,1.0619949368891721,-0.029584893966834256,0.7228303747534517,0.9881656804733728,0.38740619136960597,0.7973968105065665,0.8277930402930402,1.0,0.3117160278745645,0.7439024390243902,0.5954545454545455,1.0,0.41711229946524064,0.8931818181818181,0.7610323886639676,1.0,0.23076923076923078,0.8137651821862348,0.038461538461538464,0.8571428571428571,0.7327122547179051,0.9583802027389903,0.6154185016111708,0.9007544012228547,-0.028920902986517578,0.2170310064479955,0.8127869206790463,1.429421278818874,0.9849906191369606,0.21863830057511321,0.1891910334284278,0.09817237241163833,0.07474325595511606,26,14,10,0.12349457021366363,0.254887496643192,0.07474325595511606,0.9804141599304977,1.184366102327184,
34,adom_matched,0.7169625246548323,0.4371482176360225,0.6593406593406593,0.5313588850174216,0.7954545454545454,0.6149732620320856,0.659919028340081,0.30364372469635625,0.15384615384615385,0.8034398034398035,0.7452907452907452,0.05814905814905824,1.2739242226239544,-0.1860385098638878,0.4989644970414201,0.8461538461538461,0.2598499061913696,0.646482176360225,0.4027930402930403,0.8205128205128205,0.31354529616724736,0.7369337979094077,0.44522727272727275,0.9364772727272727,0.27807486631016043,0.8181818181818182,0.3481781376518219,0.8906882591093117,0.1214574898785425,0.6073886639676112,0.03571428571428571,0.7857142857142857,0.5971692176870749,0.8938002450980392,0.5114438604158998,0.8635273206056616,-0.08389372061512336,0.22031547619047612,-1.7117154480427768,7.613719334618262,0.66541588492808,-0.5203604286137604,-3.3737960322753313,-0.7534206965138658,-2.4258512656279927,26,14,3,-2.685617539812175,-4.0619745247384875,-2.4258512656279927,1.1390208952185512,1.4762792137320595,0.7600000000000001
34,dom_matched,0.685404339250493,0.4699812382739212,0.6263736263736264,0.5888501742160279,0.7227272727272728,0.5828877005347594,0.5951417004048583,0.3967611336032389,0.23076923076923078,0.7526617526617526,0.6486486486486487,0.10401310401310393,1.0855594442007916,-0.3255546560037365,0.4398175542406312,0.8244575936883629,0.2898686679174484,0.7007739212007504,0.3899725274725275,0.7784340659340659,0.3762630662020906,0.7962108013937282,0.42272727272727273,0.9182954545454545,0.2887700534759358,0.8235294117647058,0.29139676113360324,0.8178137651821862,0.19423076923076923,0.6964574898785424,0.03835470085470086,0.8333333333333334,0.5645330882352941,0.8632342809762165,0.43835301577237057,0.7982230392156863,-0.04910121025154253,0.23505683838743044,-0.90407991300215,6.31966174592748,0.6647904940587868,-0.15890219429015104,-1.8651884976752622,-0.3513908819570988,-1.3392712127245483,26,14,3,-1.3111396071002275,-2.4192373882502967,-1.3392712127245483,1.0174930231308252,1.187659075805741,0.786
34,probe_strat,0.8126232741617357,0.5347091932457786,0.8351648351648352,0.5034843205574913,0.8545454545454545,0.5775401069518716,0.7935222672064778,0.5222672064777328,0.5256410256410257,0.8648648648648649,0.7993447993447993,0.06552006552006562,1.2817973294304061,-0.0760587372723246,0.5512573964497042,0.8865877712031558,0.3602251407129456,0.734545028142589,0.5255952380952381,0.9157967032967033,0.31528745644599304,0.7630662020905923,0.5044318181818181,0.9637499999999999,0.3422459893048128,0.8556149732620321,0.4493927125506073,0.9191295546558703,0.20647773279352227,0.757085020242915,0.14,0.9629629629629629,0.6920132866824044,0.9286006069094305,0.5828434538434538,0.8914771962221325,-0.0707545995494318,0.19364787581699341,0.8131052259008056,2.5854959961182584,0.8636647904940588,0.2433242183071111,-0.17339433734554793,-0.16785784313105367,0.630705992387123,26,14,5,-0.686473258003351,0.33968458331225515,0.630705992387123,1.3062429447462602,1.245128906456625,0.8538912698412698
34,probe_strat_noinit,0.8116370808678501,0.49906191369606,0.8095238095238095,0.5278745644599303,0.8818181818181818,0.5935828877005348,0.7651821862348178,0.41295546558704455,0.5256410256410257,0.8910728910728911,0.7886977886977887,0.10237510237510239,1.3150756899556235,-0.06876095130214914,0.5996055226824457,0.8777366863905326,0.34146341463414637,0.6904315196998124,0.5805860805860806,0.9085164835164834,0.3501742160278746,0.7300958188153309,0.5363636363636364,0.9818181818181818,0.33689839572192515,0.8397058823529411,0.4979757085020243,0.9110323886639675,0.1862348178137652,0.6762145748987853,0.21428571428571427,0.9587916666666666,0.6932454259115928,0.9314345238095237,0.5892666319765649,0.8917083333333333,-0.028062754258030703,0.20584720515970512,0.8853365486238975,2.6988624674398585,0.8398999374609131,0.18799436820177057,-0.20408416416249398,-0.3662289810377836,0.844284592393487,26,14,5,-0.458675460216151,0.050507131891163064,0.844284592393487,1.4208114928856461,1.1564719855605903,0.8854158730158732
34,probe_matched,0.7041420118343196,0.5300187617260788,0.6538461538461539,0.6236933797909407,0.7954545454545454,0.6203208556149733,0.611336032388664,0.4534412955465587,0.47435897435897434,0.8509418509418509,0.7059787059787059,0.144963144963145,1.5206381882553996,-0.1791285636079919,0.49307199211045366,0.8215976331360946,0.35548780487804876,0.7129924953095684,0.40654761904761905,0.8040750915750916,0.43196864111498257,0.8137195121951218,0.49988636363636363,0.9318181818181818,0.32085561497326204,0.8557486631016041,0.2631578947368421,0.8218623481781376,0.23481781376518218,0.740991902834008,0.117,0.8069230769230767,0.6442072311823525,0.9156548032781585,0.5160973099481164,0.8404052936311001,0.004914246495581416,0.2456998025016459,0.7298558917810815,4.627867767571717,0.7317073170731707,0.31145565567854455,-0.13847965842569515,-0.23235339673913724,0.25151916386608253,26,14,3,-0.05679004405052707,-0.22016927280086324,0.25151916386608253,1.5868333648781168,1.4213454233213252,0.9039999999999999
34,dom_regular,0.9339250493096647,0.9868667917448405,0.9560439560439561,0.975609756097561,0.8954545454545455,0.9893048128342246,0.9554655870445344,0.9757085020242915,0.0,1.0,1.0,0.0,0.49427179374364866,-0.07391374075250176,0.7070266272189348,0.9773175542406312,0.8799249530956847,1.0,0.7838369963369963,1.0,0.8238675958188153,1.0,0.4953409090909091,1.0,0.8502673796791443,1.0,0.7894736842105263,1.0,0.805668016194332,1.0,0.0,0.18963888888888866,0.9839923913043478,1.0,0.986532508644052,1.0,-0.011428804855275362,0.00744556451612899,0.38329106136894814,0.6150068828294464,1.0,0.6110973354089386,-0.03334120532800606,0.5530951725296901,-0.028535662584100435,26,14,10,-0.10390889713744378,0.03722648648143166,-0.028535662584100435,0.4900415630093124,0.5006171398451529,
34,dom_regular_verberase,0.9428007889546351,0.7420262664165104,0.9615384615384616,0.6672473867595818,0.95,0.7807486631016043,0.951417004048583,0.6882591093117408,0.23076923076923078,0.9041769041769042,0.764946764946765,0.13923013923013927,0.8540339683141709,-0.04805051548160915,0.7149901380670611,0.9803254437869822,0.474624765478424,0.863062851782364,0.7819139194139194,1.0,0.39891114982578396,0.8502613240418118,0.5544318181818182,1.0,0.4490641711229947,0.9251336898395722,0.7529352226720648,1.0,0.33997975708502026,0.8786437246963561,0.0,0.7286153846153841,0.7407858598280288,0.969577340256278,0.5383001644736842,0.8464196224395465,0.04892487422600625,0.3071601603859668,0.6197438635247999,1.1407629435864928,0.9806128830519074,0.3252183990149756,0.06895342925535583,0.24141830960100075,0.031049417742609463,26,14,10,0.0615008839775876,0.07640597453312407,0.031049417742609463,0.7962861341405946,0.940655719574535,
34,dom_regular_rank2,0.9477317554240631,0.6801125703564728,0.9706959706959707,0.5888501742160279,0.9590909090909091,0.6951871657754011,0.9554655870445344,0.6234817813765182,0.38461538461538464,0.9033579033579033,0.8206388206388207,0.08271908271908268,0.9434213195141232,-0.04067618638940495,0.7089003944773176,0.9792899408284024,0.42492964352720447,0.8189727954971857,0.7893772893772893,1.0,0.3414198606271777,0.7841027874564459,0.5727272727272728,1.0,0.41697860962566846,0.9090909090909091,0.708502024291498,1.0,0.25101214574898784,0.8503036437246962,0.0,0.8214285714285714,0.7151118197278912,0.9616155508255934,0.5792212511555491,0.8829038340666248,0.0007959183673469495,0.23833418367346934,0.6713364052861427,1.3005688059765697,0.9799874921826142,0.25232015198694524,0.15446487552319402,0.17694628166860216,0.09631947308776777,26,14,10,0.025216073229725477,0.28371367781666257,0.09631947308776777,0.872292512956451,1.0501145293506318,
35,adom_matched,0.7149901380670611,0.43058161350844276,0.6410256410256411,0.5348432055749129,0.7909090909090909,0.6096256684491979,0.6680161943319838,0.30364372469635625,0.1794871794871795,0.7919737919737919,0.6928746928746928,0.09909909909909909,1.3323701948345978,-0.15609520147997694,0.4920364891518738,0.8353057199211046,0.2692073170731707,0.6511022514071294,0.41561355311355314,0.8114010989010989,0.3274825783972125,0.7282665505226481,0.4090909090909091,0.9501136363636362,0.2727272727272727,0.8184491978609624,0.3722672064777328,0.8785425101214575,0.12540485829959513,0.6194331983805668,0.03571428571428571,0.7407407407407407,0.574797418967587,0.8845413595413595,0.45828804347826085,0.817204081632653,-0.06334705159705162,0.263881277299981,-6.631785298127796,9.674095331223306,0.6616635397123202,-0.5868411027122307,-3.212557838505798,-0.8236977717613158,-2.202078889841814,26,14,3,-2.7087771350639165,-3.7163385419476795,-2.202078889841814,1.329235918072338,1.3370716099779871,0.754
35,dom_matched,0.6982248520710059,0.46153846153846156,0.6373626373626373,0.5853658536585366,0.75,0.5882352941176471,0.631578947368421,0.3684210526315789,0.2564102564102564,0.7657657657657657,0.6453726453726454,0.12039312039312033,1.1855669492248617,-0.30372685662902815,0.47830374753451677,0.8165680473372781,0.2804643527204503,0.6913696060037523,0.38461538461538464,0.8040293040293041,0.3622386759581882,0.7840592334494773,0.41818181818181815,0.9227272727272727,0.26737967914438504,0.8022727272727271,0.31568825910931175,0.8623481781376519,0.1659919028340081,0.7086032388663966,0.046704545454545464,0.84,0.5654429041353384,0.8710090984284532,0.4177220394736842,0.7813372932436221,-0.02633534228928963,0.2914524394524395,-2.0415637869767975,6.716191522915359,0.6647904940587868,-0.13863666511990788,-1.6586786423339543,-0.5265923083101702,-1.273405959995893,26,14,3,-1.2672627442591011,-2.0500945404088076,-1.273405959995893,1.2520895751508425,1.08578301033589,0.766
35,probe_strat,0.8106508875739645,0.5966228893058161,0.8186813186813187,0.573170731707317,0.8545454545454545,0.5935828877005348,0.7894736842105263,0.582995951417004,0.44871794871794873,0.8853398853398854,0.8091728091728092,0.07616707616707619,1.2177143085236932,-0.07386399880416498,0.5709072978303747,0.8905571992110454,0.3789634146341463,0.7429878048780487,0.5512820512820513,0.9029761904761905,0.35884146341463413,0.7770470383275261,0.5045454545454545,0.9636363636363636,0.3260695187165776,0.8504010695187164,0.4653846153846154,0.9311740890688259,0.24281376518218623,0.7611336032388664,0.037037037037037035,0.8984810479375697,0.6957191539219159,0.9410355542708484,0.5991544538410898,0.9003288315326131,-0.05431170928703822,0.19001398194946584,0.702967904137835,2.308632941688366,0.8711694809255784,0.2746813201036768,-0.3592840039627445,0.020919009105212032,0.4497643273830255,26,14,5,-0.9347642445159405,0.2161962365904515,0.4497643273830255,1.1836981420652717,1.268738558211325,0.8338682539682539
35,probe_strat_noinit,0.8096646942800789,0.5393996247654784,0.7948717948717948,0.5662020905923345,0.8681818181818182,0.5935828877005348,0.7692307692307693,0.4493927125506073,0.46153846153846156,0.8804258804258804,0.778050778050778,0.10237510237510239,1.2503964886279315,-0.061196635350630836,0.6163461538461539,0.8875739644970414,0.3564024390243902,0.6923311444652908,0.5586080586080586,0.8901556776556776,0.36232578397212545,0.757883275261324,0.53625,0.9818181818181818,0.3528074866310161,0.839572192513369,0.5060728744939271,0.9230769230769231,0.1902834008097166,0.6844129554655869,0.13732193732193732,0.93282738095238,0.696404790959253,0.9285172434457548,0.5795757250268528,0.8733782881132732,-0.027263945578231318,0.21294154314302338,0.8047904682488206,2.372566763592139,0.8367729831144465,0.19684495733714721,-0.348824660897315,-0.18391740421122016,0.6792234222166416,26,14,5,-0.7093570896598609,0.011707767865230893,0.6792234222166416,1.3040396666104357,1.169931721654175,0.8402357142857143
35,probe_matched,0.6893491124260355,0.549718574108818,0.6336996336996337,0.6411149825783972,0.8,0.6256684491978609,0.5910931174089069,0.4817813765182186,0.3717948717948718,0.8361998361998362,0.6936936936936937,0.14250614250614246,1.4716000441520118,-0.16605706810250642,0.49506903353057197,0.8087278106508875,0.37708724202626637,0.7298545966228893,0.4175824175824176,0.7784340659340659,0.41986062717770034,0.8188588850174217,0.4772727272727273,0.9409090909090909,0.34759358288770054,0.8502673796791443,0.29554655870445345,0.8017206477732792,0.242914979757085,0.7368421052631579,0.10714285714285714,0.7307692307692307,0.6381206841219955,0.909863523573201,0.5161241323541442,0.8275437091503268,0.012240196078431333,0.23252900326797377,0.6531645050520961,4.167658954068004,0.7310819262038775,0.3619920231672052,-0.2518022856569642,-0.19501130575930023,-0.04762855668709939,26,14,3,-0.2555179038352774,-0.24808666747865102,-0.04762855668709939,1.5381697382579391,1.371745502993121,0.842
35,dom_regular,0.9408284023668639,0.9896810506566605,0.9597069597069597,0.9843205574912892,0.9,0.9786096256684492,0.9635627530364372,0.9878542510121457,0.0,0.9991809991809992,0.9983619983619983,0.0008190008190008813,0.5558908674989844,-0.05330977701764852,0.7652366863905326,0.9793145956607495,0.8610459662288931,1.0,0.8204670329670329,1.0,0.8257839721254355,1.0,0.5590909090909091,1.0,0.839572192513369,1.0,0.8097165991902834,1.0,0.7853238866396761,1.0,0.0,0.1797720797720795,0.9739258837821644,1.0,0.9680927806362242,1.0,-0.011428804855275471,0.014807565789473657,0.4259123676759735,0.6922352029503038,1.0,0.5819408722195216,-0.07112096362052119,0.5347589121364519,-0.070077847605968,26,14,10,-0.17609541571338744,0.03385348847234506,-0.070077847605968,0.5601849279111168,0.5494497768807859,
35,dom_regular_verberase,0.9368836291913215,0.7485928705440901,0.9597069597069597,0.6742160278745645,0.9636363636363636,0.7914438502673797,0.9352226720647774,0.6923076923076923,0.14102564102564102,0.8951678951678952,0.7321867321867321,0.16298116298116305,0.9121763906198433,-0.03747668975697809,0.7465236686390533,0.9792899408284024,0.48867260787992495,0.8696529080675421,0.7984432234432235,0.9981684981684982,0.423301393728223,0.8310104529616724,0.6045454545454545,1.0,0.47593582887700536,0.9358288770053476,0.7488866396761134,1.0,0.3319838056680162,0.8987854251012146,0.0,0.7391304347826086,0.7375922518923465,0.9763443877551021,0.5065583881578947,0.8309011104441777,0.06292358754916359,0.32683793419087526,0.6711900329076329,1.2421160189492007,0.9812382739212008,0.29335240360751674,-0.033488609320916934,0.22633085162540292,0.01100612047688834,26,14,10,-0.07856933169078693,0.011592113048953067,0.01100612047688834,0.86121306375192,0.9886213809217278,
35,dom_regular_rank2,0.9319526627218935,0.651031894934334,0.9615384615384616,0.554006968641115,0.95,0.679144385026738,0.9554655870445344,0.6072874493927125,0.38461538461538464,0.8992628992628993,0.7895167895167895,0.10974610974610977,0.9973956357533175,-0.026176696198369497,0.7337031558185404,0.9783284023668639,0.41172607879924955,0.7956613508442776,0.7746794871794872,1.0,0.32578397212543553,0.756184668989547,0.5817045454545454,1.0,0.40641711229946526,0.8877005347593583,0.7245951417004048,1.0,0.22257085020242914,0.8341093117408905,0.0,0.8076923076923077,0.7161983080350427,0.9697825439108646,0.5399901960784314,0.8600686274509803,0.022054030821748415,0.28177728468426144,0.724590353427131,1.384083797074396,0.9806128830519074,0.21444516726647364,0.07708477541778407,0.1699365952115008,0.048025205914324444,26,14,10,-0.09185288258022586,0.246022433415794,0.048025205914324444,0.927481274916807,1.1022671770080832,
36,adom_matched,0.5118343195266272,0.4896810506566604,0.41208791208791207,0.5905923344947736,0.5954545454545455,0.5508021390374331,0.4331983805668016,0.38866396761133604,0.24358974358974358,0.5675675675675675,0.5667485667485668,0.0008190008190007703,-2.1020140659620887,-0.23183702468152556,0.3441568047337278,0.7100591715976331,0.2804643527204503,0.6829268292682927,0.24358974358974358,0.6612179487179487,0.32918118466898955,0.7909843205574913,0.2909090909090909,0.8365909090909088,0.23529411764705882,0.8128342245989305,0.2347165991902834,0.7327935222672065,0.1862348178137652,0.6358299595141699,0.0357473544973545,0.8214285714285714,0.29777576754385965,0.7855401551256892,0.3430703366873065,0.7519166403120388,-0.20194859482901661,0.20661576028617576,-21.216857537474326,27.1779780257533,0.5121951219512195,7.621343946672004,21.622834960696846,-9.533354352220814,18.033274074295853,26,14,3,4.292219238002695,38.953450683391,18.033274074295853,-0.4167451537628622,-4.629917434260928,0.63
36,dom_matched,0.5207100591715976,0.5103189493433395,0.4157509157509158,0.6550522648083623,0.5363636363636364,0.6363636363636364,0.43724696356275305,0.39271255060728744,0.19230769230769232,0.6404586404586404,0.5945945945945946,0.0458640458640458,1.4428588279362373,-0.3614127760807589,0.34911242603550297,0.6835059171597633,0.29078330206378983,0.6763836772983114,0.24157509157509158,0.6539377289377288,0.3501306620209059,0.7875871080139372,0.29545454545454547,0.8090909090909091,0.26189839572192514,0.8342245989304813,0.24696356275303644,0.708805668016194,0.21052631578947367,0.6640688259109311,0.038461538461538464,0.7901217948717948,0.3406776861341006,0.8064016054824878,0.37406812231471537,0.7518520908363345,-0.17080027734778117,0.22960470984020176,-15.041401672443794,17.80131482528119,0.5465916197623515,-2.4653953143885063,-25.23980729685606,1.6002607989697222,-21.282339743927253,26,14,3,-10.97003659100674,-39.50957800270538,-21.282339743927253,0.45953789284918084,2.9178402305668225,0.624
36,probe_strat,0.7504930966469427,0.5384615384615384,0.7637362637362637,0.5313588850174216,0.8181818181818182,0.5614973262032086,0.7004048582995951,0.4898785425101215,0.46153846153846156,0.8042588042588042,0.7158067158067158,0.0884520884520884,1.2304602221824328,-0.004802601585722567,0.4881656804733728,0.8482248520710058,0.3517823639774859,0.7213883677298312,0.4486721611721612,0.8626831501831502,0.34316202090592335,0.7544425087108013,0.5044318181818181,0.9363636363636364,0.31016042780748665,0.8288770053475936,0.3360323886639676,0.8785425101214575,0.20242914979757085,0.7045546558704452,0.03571428571428571,0.9181111111111114,0.5418959330143541,0.8676608143257303,0.4143515393298216,0.8018343711358418,-0.04163350340136049,0.2516641599821747,0.6026505331338602,4.646575969754513,0.7798624140087554,0.27402479654257633,-0.6367513525829728,-0.10860310311744702,0.3671661151910328,26,14,5,-1.6987562706555288,0.4252535654895833,0.3671661151910328,1.1531249311827798,1.3464631586819122,0.8086230158730159
36,probe_strat_noinit,0.7751479289940828,0.49530956848030017,0.7637362637362637,0.5139372822299652,0.8272727272727273,0.5721925133689839,0.728744939271255,0.38461538461538464,0.5,0.7674037674037674,0.6101556101556102,0.15724815724815722,1.3010443775944405,-0.0032767624272183192,0.5541913214990138,0.8432199211045365,0.32171669793621016,0.6604127579737336,0.5218864468864469,0.847985347985348,0.3118031358885017,0.7125871080139373,0.53625,0.9592045454545454,0.3422459893048128,0.8450534759358288,0.36831983805668017,0.8461538461538461,0.145748987854251,0.6276315789473683,0.08611111111111115,0.9264895330112722,0.5252977941176471,0.857078690245478,0.3942764332706767,0.7451388888888889,0.002446377672528947,0.2705334987593051,0.6801251159699087,5.260870533359402,0.7673545966228893,0.12167994509677642,-0.6409698232680215,-0.44917484213748976,0.7875154693130151,26,14,5,-1.2913236042923695,0.009383957756326432,0.7875154693130151,1.3074748884212188,1.2913986113542728,0.7713238095238095
36,probe_matched,0.6380670611439843,0.5403377110694184,0.5787545787545788,0.6254355400696864,0.740909090909091,0.6310160427807486,0.5263157894736842,0.5020242914979757,0.4358974358974359,0.7911547911547911,0.6388206388206388,0.15233415233415237,1.5119921738358173,-0.025409886802350838,0.4506656804733728,0.7672583826429981,0.3592870544090056,0.7074108818011255,0.3663003663003663,0.73992673992674,0.4041376306620209,0.7979529616724739,0.42261363636363636,0.8954545454545455,0.3473262032085562,0.8610962566844919,0.2591093117408907,0.7693319838056679,0.23076923076923078,0.7206477732793523,0.07692307692307693,0.7183076923076922,0.5765412471294824,0.8865344271703718,0.43024447278911565,0.7837271552990727,0.023919447306544092,0.26535239095638247,0.06847918052082547,6.6937305400050215,0.6829268292682927,0.4738190870694015,-0.34204823743771523,-0.4445145571551123,-0.26448219169891724,26,14,3,-0.1795655561994193,-0.5045309186760112,-0.26448219169891724,1.6261369118437072,1.3407750668239826,0.8160000000000001
36,dom_regular,0.5562130177514792,0.8161350844277674,0.6025641025641025,0.7334494773519163,0.4590909090909091,0.9090909090909091,0.611336032388664,0.7489878542510121,0.15384615384615385,0.8353808353808354,0.7862407862407862,0.04914004914004921,0.28076864838906557,-0.1477380879359678,0.38461538461538464,0.767455621301775,0.6210131332082551,0.9287288930581613,0.3845695970695971,0.8333791208791209,0.519163763066202,0.9216463414634146,0.24545454545454545,0.7818181818181819,0.6149732620320856,1.0,0.3603238866396761,0.8826923076923076,0.5019230769230769,0.9515182186234816,0.0,0.5714285714285714,0.6549727891156463,0.9545593692022264,0.6282479521413828,0.9478621883993295,-0.13268788600966694,0.16258746213564054,-0.401397248010986,0.935722117609095,0.8530331457160726,1.04110349761678,-0.4123247060821151,0.07100661519249635,0.09546376535958305,26,14,10,-1.4509844366736375,0.6263350245094074,0.09546376535958305,0.3083630329073671,0.23937707161161323,
36,dom_regular_verberase,0.5838264299802761,0.6529080675422139,0.6208791208791209,0.5871080139372822,0.5681818181818182,0.7005347593582888,0.5748987854251012,0.6477732793522267,0.3974358974358974,0.7117117117117117,0.6486486486486487,0.06306306306306297,0.20488249825684873,-0.03267916813551991,0.4072485207100592,0.7722140039447731,0.48778142589118195,0.7823639774859287,0.4193681318681319,0.8352106227106227,0.37974738675958186,0.7665940766550523,0.3044318181818182,0.8182954545454545,0.44371657754010696,0.9199197860962566,0.3521255060728745,0.8259109311740891,0.3643724696356275,0.8422064777327933,0.0,0.8413846153846155,0.5591970998925886,0.8496663282953606,0.49998966087675767,0.7697434210526316,-0.07796370902988553,0.23524978466838928,-0.7652562342403677,1.5110389634698391,0.7298311444652908,1.152571548589808,-0.1122501202777233,-1.1854810945121244,0.40995694497851637,26,14,10,-1.7126869774777098,1.4881867369222632,0.40995694497851637,0.2066064036580174,0.20229664015509566,
36,dom_regular_rank2,0.6390532544378699,0.5966228893058161,0.6758241758241759,0.5348432055749129,0.6590909090909091,0.6149732620320856,0.6234817813765182,0.6032388663967612,0.48717948717948717,0.6953316953316954,0.6707616707616708,0.02457002457002455,0.40302558141872036,-0.036611485256891056,0.42798323471400396,0.8284270216962525,0.4229362101313321,0.7457786116322702,0.4413919413919414,0.8846611721611721,0.33445121951219514,0.7317073170731707,0.3544318181818182,0.8818181818181818,0.37433155080213903,0.8716577540106952,0.3562753036437247,0.8745951417004048,0.3237854251012146,0.8057692307692307,0.013717948717948718,0.8846153846153846,0.4901573244941374,0.8571073445357957,0.49913631244881246,0.8124845309131022,-0.12885380601474364,0.196078431372549,-1.272996886594607,2.1465746430961596,0.7335834896810507,0.9131110494545197,-0.047059586614679016,-1.2257536720616364,0.47699749769996874,26,14,10,-1.7653504135643852,1.6712312403350271,0.47699749769996874,0.3786922775544248,0.43952553721516363,
