lang,lemma,gender,concept_en,set,source,en_overlap,sex_assoc,gloss,zipf,verb,verb_frame,ending,loan,override,ctx1_margin,ctx2_margin,meta_lp_m,meta_lp_f,meta_lp_other,meta_mass,meta_margin,meta_order_agree,n_tokens,tokens,ctx1_verdict,ctx2_verdict,status,passed,ctx_margin,ctx_pred,ctx_correct,frames_agree,meta_pred,meta_correct
es,lugar,m,place,stratum,wiktionary:kaikki@2026-10-03,False,,place,5.8,,,ar,native,,6.655642509460449,5.870716094970703,-0.0294467993080616,-5.904446840286255,,0.9737370124544598,5.875000040978193,True,1, lugar,right,right,known,True,6.263179302215576,m,True,True,m,True
es,ley,f,law,stratum,wiktionary:kaikki@2026-10-03,False,,law (a well-established characteristic of nature),5.6,,,ey,native,,-7.096155166625977,-10.155952453613281,-5.534298419952393,-0.03429833333939314,,0.9703591527056279,-5.500000086612999,True,1, ley,right,right,known,True,-8.626053810119629,f,True,True,f,True
es,muerte,f,death,stratum,wiktionary:kaikki@2026-10-03,False,,death (the cessation of life),5.43,,,te,native,,-6.85978889465332,-4.002418518066406,-5.523598670959473,-0.023598751984536648,,0.9807950567022221,-5.499999918974936,True,2, mu|erte,right,right,known,True,-5.431103706359863,f,True,True,f,True
es,nivel,m,level,stratum,wiktionary:kaikki@2026-10-03,False,,"level, tier, height (distance relative to a given reference elevation)",5.39,,,el,loan,,8.029560089111328,3.8981246948242188,-0.032841069623827934,-4.532841205596924,,0.9784427161780165,4.500000135973096,True,1, nivel,right,right,known,True,5.963842391967773,m,True,True,m,True
es,clase,f,lecture,stratum,wiktionary:kaikki@2026-10-03,False,,lecture,5.31,,,se,unknown,,-5.157505035400391,-4.639060020446777,-6.32650089263916,-0.014000897761434317,,0.9878885332765707,-6.312499994877726,True,1, clase,right,right,known,True,-4.898282527923584,f,True,True,f,True
es,diciembre,m,december,stratum,wiktionary:kaikki@2026-10-03,False,,December,5.2,,,re,native,,0.11380767822265625,0.21157073974609375,-0.028753090649843216,-6.153753042221069,,0.9737999995897844,6.124999951571226,True,2, dici|embre,unsure,unsure,unsure,False,0.162689208984375,m,True,True,m,True
es,octubre,m,october,stratum,wiktionary:kaikki@2026-10-03,False,,October,5.2,,,re,native,,1.9553165435791016,1.9555435180664062,-0.02683203388005495,-6.026832103729248,,0.9760135736770442,6.000000069849193,True,2, oct|ubre,right,right,known,True,1.955430030822754,m,True,True,m,True
es,voz,f,voice,stratum,wiktionary:kaikki@2026-10-03,False,,voice,5.2,,,oz,native,,-7.078889846801758,-5.687061309814453,-5.148459434509277,-0.023459400981664658,,0.9826711761477334,-5.125000033527613,True,1, voz,right,right,known,True,-6.3829755783081055,f,True,True,f,True
es,abril,m,april,stratum,wiktionary:kaikki@2026-10-03,False,,April,5.18,,,il,unknown,,0.8336753845214844,-0.3304443359375,-0.04318066127598286,-6.043180704116821,,0.9601777844227755,6.000000042840838,True,1, abril,unsure,unsure,unsure,False,0.2516155242919922,m,True,False,m,True
es,noviembre,m,november,stratum,wiktionary:kaikki@2026-10-03,False,,November,5.16,,,re,unknown,,2.1297073364257812,1.668710708618164,-0.025887908414006233,-6.900887966156006,,0.9754591125404146,6.875000057742,True,2, nov|iembre,right,right,known,True,1.8992090225219727,m,True,True,m,True
es,papel,m,paper,stratum,wiktionary:kaikki@2026-10-03,False,,paper,5.16,,,el,native,,7.009464263916016,8.494394302368164,-0.013316973112523556,-5.513316869735718,,0.9913187860877424,5.499999896623194,True,1, papel,right,right,known,True,7.75192928314209,m,True,True,m,True
es,septiembre,m,september,stratum,wiktionary:kaikki@2026-10-03,False,,September,5.13,,,re,loan,,0.8775196075439453,1.0764122009277344,-0.032072873786091805,-6.0320727825164795,,0.9709160868735691,5.999999908730388,True,2, sept|iembre,unsure,right,unsure,False,0.9769659042358398,m,True,True,m,True
es,fútbol,m,football,stratum,wiktionary:kaikki@2026-10-03,False,,football (soccer),5.06,,,ol,unknown,,5.576438903808594,2.9561843872070312,-0.024278149008750916,-6.149278163909912,,0.9781658824756705,6.125000014901161,True,4, f|ú|tb|ol,right,right,known,True,4.2663116455078125,m,True,True,m,True
es,cine,m,cinema,stratum,wiktionary:kaikki@2026-10-03,False,,"cinema, moviehouse",4.96,,,ne,loan,,8.772857666015625,4.739213943481445,-0.01532423123717308,-6.140324354171753,,0.9870997202495029,6.12500012293458,True,1, cine,right,right,known,True,6.756035804748535,m,True,True,m,True
es,origen,m,origin,stratum,wiktionary:kaikki@2026-10-03,False,,origin,4.96,,,en,unknown,,7.132518768310547,4.625797271728516,-0.07850530743598938,-3.078505277633667,,0.9705277772444796,2.9999999701976776,True,1, origen,right,right,known,True,5.879158020019531,m,True,True,m,True
es,viernes,m,friday,stratum,wiktionary:kaikki@2026-10-03,False,,Friday,4.9,,,es,unknown,,5.782539367675781,7.228450775146484,-0.015074926894158125,-6.702574968338013,,0.9862877939409391,6.687500041443855,True,2, vi|ernes,right,right,known,True,6.505495071411133,m,True,True,m,True
es,parque,m,park,stratum,wiktionary:kaikki@2026-10-03,False,,park,4.85,,,ue,unknown,,6.089275360107422,5.163012504577637,-0.015567731577903032,-7.203067779541016,,0.9853106505238626,7.187500047963113,True,2, par|que,right,right,known,True,5.626143932342529,m,True,True,m,True
es,hogar,m,home,stratum,wiktionary:kaikki@2026-10-03,False,,home,4.84,,,ar,native,,6.100523948669434,3.138927459716797,-0.03699803724884987,-3.7869980335235596,,0.9870370500373025,3.7499999962747097,True,2, hog|ar,right,right,known,True,4.619725704193115,m,True,True,m,True
es,carne,f,flesh,stratum,wiktionary:kaikki@2026-10-03,False,,"flesh, the soft part of a body which covers the bones",4.83,,,ne,native,,-4.563788414001465,-2.982891082763672,-3.0680233240127563,-0.06802335754036903,,0.9863941859339052,-2.9999999664723873,True,1, carne,right,right,known,True,-3.7733397483825684,f,True,True,f,True
es,golpe,m,hit,stratum,wiktionary:kaikki@2026-10-03,False,,"hit, blow, strike",4.82,,,pe,native,,4.7998504638671875,7.243572235107422,-0.042404552921652794,-4.042404651641846,,0.9765795073936157,4.000000098720193,True,2, gol|pe,right,right,known,True,6.021711349487305,m,True,True,m,True
es,lunes,m,monday,stratum,wiktionary:kaikki@2026-10-03,False,,Monday,4.81,,,es,native,,4.100334167480469,2.967782974243164,-0.023706727661192417,-6.461206674575806,,0.9781384011261449,6.437499946914613,True,2, l|unes,right,right,known,True,3.5340585708618164,m,True,True,m,True
es,piel,f,skin,stratum,wiktionary:kaikki@2026-10-03,False,,skin,4.8,,,el,native,,-5.652152061462402,-5.713216781616211,-4.895782232284546,-0.020782040432095528,,0.9869689203389884,-4.87500019185245,True,1, piel,right,right,known,True,-5.682684421539307,f,True,True,f,True
es,cárcel,f,prison,stratum,wiktionary:kaikki@2026-10-03,False,,prison,4.76,,,el,native,,-5.2115478515625,-4.367632865905762,-4.401262044906616,-0.026262163184583187,,0.9872079844510844,-4.374999881722033,True,3, cá|rc|el,right,right,known,True,-4.789590358734131,f,True,True,f,True
es,perfil,m,profile,stratum,wiktionary:kaikki@2026-10-03,False,,profile,4.73,,,il,loan,,7.980905532836914,6.292827606201172,-0.019343058113008738,-4.894343137741089,,0.9888610424772132,4.87500007962808,True,1, perfil,right,right,known,True,7.136866569519043,m,True,True,m,True
es,jueves,m,thursday,stratum,wiktionary:kaikki@2026-10-03,False,,Thursday,4.71,,,es,native,,5.84412956237793,5.027044296264648,-0.018572776578366756,-6.581072807312012,,0.98305418112941,6.562500030733645,True,2, jue|ves,right,right,known,True,5.435586929321289,m,True,True,m,True
es,tren,m,train,stratum,wiktionary:kaikki@2026-10-03,False,,train,4.71,,,en,unknown,,9.114494323730469,5.667783737182617,-0.010579129215329885,-6.6355791091918945,,0.9907998782728488,6.624999979976565,True,1, tren,right,right,known,True,7.391139030456543,m,True,True,m,True
es,frase,f,phrase,stratum,wiktionary:kaikki@2026-10-03,False,,phrase,4.68,,,se,loan,,-4.113264083862305,-7.116568565368652,-4.081339359283447,-0.08133932948112488,,0.9392928448207054,-4.000000029802322,True,1, frase,right,right,known,True,-5.6149163246154785,f,True,True,f,True
es,cumpleaños,m,birthday,stratum,wiktionary:kaikki@2026-10-03,False,,birthday,4.66,,,os,unknown,,1.896636962890625,0.8575572967529297,-0.0205880431458354,-5.145587921142578,,0.985497175209868,5.124999877996743,True,4, cum|ple|a|ños,right,unsure,unsure,False,1.3770971298217773,m,True,True,m,True
es,señal,f,sign,stratum,wiktionary:kaikki@2026-10-03,False,,sign,4.66,,,al,native,,-5.962642669677734,-5.827543258666992,-4.649863004684448,-0.024862960912287235,,0.9856799811728953,-4.625000043772161,True,1, señal,right,right,known,True,-5.895092964172363,f,True,True,f,True
es,martes,m,tuesday,stratum,wiktionary:kaikki@2026-10-03,False,,"Tuesday (the third day of the week in many religious traditions, and the second day of the week in systems that use the ISO 8601 norm; it follows Monday and precedes Wednesday)",4.66,,,es,native,,5.347811698913574,4.641794204711914,-0.019272501580417156,-6.581772565841675,,0.9823014164737527,6.562500064261258,True,2, mart|es,right,right,known,True,4.994802951812744,m,True,True,m,True
es,examen,m,exam,stratum,wiktionary:kaikki@2026-10-03,False,,"exam, examination, test",4.63,,,-men,loan,,5.586546897888184,4.093021392822266,-0.029538998380303383,-4.404538869857788,,0.9839778901877818,4.374999871477485,True,2, exam|en,right,right,known,True,4.839784145355225,m,True,True,m,True
es,oeste,m,west,stratum,wiktionary:kaikki@2026-10-03,False,,west,4.61,,,te,loan,,2.4012718200683594,1.9410724639892578,-0.02136075682938099,-6.333860635757446,,0.9806722390726014,6.312499878928065,True,2, o|este,right,right,known,True,2.1711721420288086,m,True,True,m,True
es,árbol,m,tree,stratum,wiktionary:kaikki@2026-10-03,False,,tree (perennial woody plant),4.58,,,ol,native,,6.649712562561035,6.203317642211914,-0.017344428226351738,-6.4548444747924805,,0.9843811729742384,6.437500046566129,True,3, á|rb|ol,right,right,known,True,6.426515102386475,m,True,True,m,True
es,bosque,m,forest,stratum,wiktionary:kaikki@2026-10-03,False,,forest,4.57,,,ue,loan,,5.579977989196777,7.461440086364746,-0.010765683371573687,-6.385765552520752,,0.9910974794885627,6.374999869149178,True,2, bos|que,right,right,known,True,6.520709037780762,m,True,True,m,True
es,desastre,m,disaster,stratum,wiktionary:kaikki@2026-10-03,False,,"disaster, catastrophe, calamity",4.56,,,re,unknown,,6.911163330078125,6.933938980102539,-0.025502492673695087,-5.275502443313599,,0.9799356042508427,5.2499999506399035,True,3, des|ast|re,right,right,known,True,6.922551155090332,m,True,True,m,True
es,pared,f,wall,stratum,wiktionary:kaikki@2026-10-03,False,,"wall, especially of a house or room",4.5,,,ed,native,,-5.14190673828125,-6.000075340270996,-6.016305446624756,-0.01630543963983655,,0.9865808218667286,-6.000000006984919,True,1, pared,right,right,known,True,-5.570991039276123,f,True,True,f,True
es,rol,m,role,stratum,wiktionary:kaikki@2026-10-03,False,,role,4.49,,,ol,loan,,5.202350616455078,3.390474319458008,-0.09365028142929077,-2.843650221824646,,0.9705313166197456,2.7499999403953552,True,1, rol,right,right,known,True,4.296412467956543,m,True,True,m,True
es,bienestar,m,well-being,stratum,wiktionary:kaikki@2026-10-03,False,,well-being; welfare,4.47,,,ar,unknown,,8.122596740722656,2.001007080078125,-0.027588381431996822,-5.652588367462158,,0.9763261448488827,5.624999986030161,True,2, bien|estar,right,right,known,True,5.061801910400391,m,True,True,m,True
es,raíz,f,root,stratum,wiktionary:kaikki@2026-10-03,False,,root; root vegetable,4.46,,,íz,native,,-4.087163925170898,-4.158200263977051,-4.896876573562622,-0.02187660150229931,,0.9863586846305575,-4.874999972060323,True,3, ra|í|z,right,right,known,True,-4.122682094573975,f,True,True,f,True
es,índice,m,index,stratum,wiktionary:kaikki@2026-10-03,False,,index,4.46,,,ce,loan,,4.595613479614258,5.012699127197266,-0.09539535827934742,-2.97039532661438,,0.9700577367981027,2.8749999683350325,True,1, índice,right,right,known,True,4.804156303405762,m,True,True,m,True
es,documental,m,documentary,stratum,wiktionary:kaikki@2026-10-03,False,,documentary,4.45,,,al,unknown,,2.584597587585449,3.5410070419311523,-0.02938976977020502,-4.6543896198272705,,0.9824587743191203,4.6249998500570655,True,2, document|al,right,right,known,True,3.062802314758301,m,True,True,m,True
es,paquete,m,parcel,stratum,wiktionary:kaikki@2026-10-03,False,,parcel,4.41,,,-ete,unknown,,5.303117752075195,4.928550720214844,-0.020924915559589863,-4.645924806594849,,0.9889696615693475,4.624999891035259,True,2, pa|quete,right,right,known,True,5.1158342361450195,m,True,True,m,True
es,arroz,m,rice,stratum,wiktionary:kaikki@2026-10-03,False,,"rice (cereal plants, Oryza sativa of the grass family whose seeds are used as food)",4.39,,,oz,unknown,,5.180177688598633,2.9231624603271484,-0.023785125464200974,-4.89878511428833,,0.9840096575334831,4.874999988824129,True,2, ar|roz,right,right,known,True,4.051670074462891,m,True,True,m,True
es,reloj,m,clock,stratum,wiktionary:kaikki@2026-10-03,False,,clock,4.38,,,oj,loan,,7.900958061218262,5.757236480712891,-0.03107486478984356,-4.2810750007629395,,0.9832355734624909,4.250000135973096,True,3, re|lo|j,right,right,known,True,6.829097270965576,m,True,True,m,True
es,gabinete,m,cabinet,stratum,wiktionary:kaikki@2026-10-03,False,,cabinet (all senses),4.34,,,-ete,loan,,4.607255935668945,5.572200775146484,-0.027357466518878937,-4.402357578277588,,0.9853565670682638,4.375000111758709,True,3, g|abin|ete,right,right,known,True,5.089728355407715,m,True,True,m,True
es,autobús,m,bus,stratum,wiktionary:kaikki@2026-10-03,False,,"bus, coach",4.31,,,ús,unknown,,3.479471206665039,2.3965444564819336,-0.009965267032384872,-7.072465181350708,,0.9909761618035375,7.062499914318323,True,2, autob|ús,right,right,known,True,2.9380078315734863,m,True,True,m,True
es,nariz,f,nose,stratum,wiktionary:kaikki@2026-10-03,False,,"nose (a protuberance on the face housing the nostrils, which are used to breathe or smell)",4.3,,,iz,native,,-4.070670127868652,-3.5001773834228516,-5.390649080276489,-0.01564927538856864,,0.9893543335024692,-5.374999804887921,True,2, nar|iz,right,right,known,True,-3.785423755645752,f,True,True,f,True
es,eje,m,axis,stratum,wiktionary:kaikki@2026-10-03,False,,axis,4.29,,,je,native,,4.147722244262695,3.5912132263183594,-0.03717849962413311,-4.1621785163879395,,0.9791997783246484,4.125000016763806,True,2, e|je,right,right,known,True,3.8694677352905273,m,True,True,m,True
es,té,m,tea,stratum,wiktionary:kaikki@2026-10-03,False,,tea,4.29,,,té,loan,,8.193964004516602,7.923314094543457,-0.01868228940293193,-5.268682241439819,,0.98729554437087,5.249999952036887,True,1, té,right,right,known,True,8.05863904953003,m,True,True,m,True
es,caos,m,chaos,stratum,wiktionary:kaikki@2026-10-03,False,,chaos,4.29,,,os,loan,,5.535736083984375,6.615678787231445,-0.037601849995553493,-4.787601947784424,,0.9716993296468058,4.75000009778887,True,2, ca|os,right,right,known,True,6.07570743560791,m,True,True,m,True
es,cristal,m,crystal,stratum,wiktionary:kaikki@2026-10-03,False,,crystal,4.28,,,al,native,,5.139942169189453,5.518056869506836,-0.016955628991127014,-5.016955614089966,,0.990019477305562,4.999999985098839,True,2, crist|al,right,right,known,True,5.3289995193481445,m,True,True,m,True
es,llave,f,key,stratum,wiktionary:kaikki@2026-10-03,False,,key (to open doors),4.26,,,ve,native,,-3.2791624069213867,-6.591371536254883,-5.771095037460327,-0.021095087751746178,,0.9823406435781201,-5.749999949708581,True,2, ll|ave,right,right,known,True,-4.935266971588135,f,True,True,f,True
es,carnaval,m,carnival,stratum,wiktionary:kaikki@2026-10-03,False,,carnival (festival held just before Lent),4.25,,,al,unknown,,8.390918731689453,3.7985458374023438,-0.015077076386660337,-5.765077114105225,,0.9881713492439894,5.750000037718564,True,3, car|nav|al,right,right,known,True,6.094732284545898,m,True,True,m,True
es,fiebre,f,fever,stratum,wiktionary:kaikki@2026-10-03,False,,fever,4.23,,,re,native,,-6.189216613769531,-3.2201175689697266,-4.283904314041138,-0.0339042954146862,,0.9844590809411151,-4.2500000186264515,True,2, fie|bre,right,right,known,True,-4.704667091369629,f,True,True,f,True
es,maíz,m,corn,stratum,wiktionary:kaikki@2026-10-03,False,,"corn, maize",4.21,,,íz,unknown,,4.086269378662109,2.7002811431884766,-0.030107890255749226,-4.280107855796814,,0.9859221477838933,4.249999965541065,True,3, ma|í|z,right,right,known,True,3.393275260925293,m,True,True,m,True
es,estrés,m,stress,stratum,wiktionary:kaikki@2026-10-03,False,,stress,4.19,,,és,unknown,,4.163313865661621,2.745025634765625,-0.030428020283579826,-4.655427932739258,,0.9796147836896758,4.624999912455678,True,2, estr|és,right,right,known,True,3.454169750213623,m,True,True,m,True
es,semestre,m,semester,stratum,wiktionary:kaikki@2026-10-03,False,,semester,4.19,,,re,native,,5.938006401062012,6.8065185546875,-0.020148683339357376,-5.520148754119873,,0.9841845605926993,5.500000070780516,True,2, sem|estre,right,right,known,True,6.372262477874756,m,True,True,m,True
es,pasaporte,m,passport,stratum,wiktionary:kaikki@2026-10-03,False,,passport,4.18,,,te,unknown,,5.741641998291016,3.356922149658203,-0.023564202710986137,-4.648564100265503,,0.9863701307327927,4.624999897554517,True,3, pas|ap|orte,right,right,known,True,4.549282073974609,m,True,True,m,True
es,historial,m,record,stratum,wiktionary:kaikki@2026-10-03,False,,"record, history (such as a person's criminal, work, or clinical record)",4.18,,,al,unknown,,5.968271255493164,5.029695510864258,-0.04776294156908989,-3.547762870788574,,0.9830273367401663,3.4999999292194843,True,2, histor|ial,right,right,known,True,5.498983383178711,m,True,True,m,True
es,azar,m,luck,stratum,wiktionary:kaikki@2026-10-03,False,,"luck, chance",4.15,,,ar,loan,,4.149868011474609,4.088268280029297,-0.03456466365605593,-5.909564733505249,,0.9691021511309306,5.875000069849193,True,2, az|ar,right,right,known,True,4.119068145751953,m,True,True,m,True
es,coste,m,cost,stratum,wiktionary:kaikki@2026-10-03,False,,cost,4.14,,,te,unknown,,7.4773969650268555,3.5073089599609375,-0.033050332218408585,-4.283050298690796,,0.9812907921337002,4.249999966472387,True,2, cost|e,right,right,known,True,5.4923529624938965,m,True,True,m,True
es,cuartel,m,quarters,stratum,wiktionary:kaikki@2026-10-03,False,,quarters (military lodging),4.12,,,el,unknown,,6.916629791259766,2.016389846801758,-0.02063542092218995,-5.145635366439819,,0.9877607511055715,5.124999945517629,True,3, cu|art|el,right,right,known,True,4.466509819030762,m,True,True,m,True
es,síndrome,m,syndrome,stratum,wiktionary:kaikki@2026-10-03,False,,syndrome,4.09,,,me,loan,,1.637441635131836,2.422239303588867,-0.016534867230802774,-5.266534805297852,,0.9887633492773188,5.249999938067049,True,3, sí|nd|rome,right,right,known,True,2.0298404693603516,m,True,True,m,True
es,nube,f,cloud,stratum,wiktionary:kaikki@2026-10-03,False,,cloud,4.08,,,be,unknown,,-4.560336112976074,-6.065773010253906,-6.520192384719849,-0.02019241452217102,,0.9816799976147947,-6.499999970197678,True,2, n|ube,right,right,known,True,-5.31305456161499,f,True,True,f,True
es,tanque,m,tank,stratum,wiktionary:kaikki@2026-10-03,False,,tank (military vehicle),4.07,,,ue,unknown,,3.052462577819824,4.438213348388672,-0.03952053189277649,-3.664520502090454,,0.9870625824849946,3.6249999701976776,True,2, tan|que,right,right,known,True,3.745337963104248,m,True,True,m,True
es,buque,m,ship,stratum,wiktionary:kaikki@2026-10-03,False,,"ship, vessel",4.06,,,ue,loan,,3.521198272705078,5.722365379333496,-0.026027334854006767,-4.151027202606201,,0.9901804024482559,4.124999867752194,True,2, bu|que,right,right,known,True,4.621781826019287,m,True,True,m,True
es,horizonte,m,horizon,stratum,wiktionary:kaikki@2026-10-03,False,,horizon,4.05,,,te,loan,,11.379557609558105,5.5641632080078125,-0.02251435536891222,-5.147514343261719,,0.9835973109884382,5.1249999878928065,True,3, hor|izont|e,right,right,known,True,8.471860408782959,m,True,True,m,True
es,billete,m,banknote,stratum,wiktionary:kaikki@2026-10-03,False,,"banknote, bill (paper currency)",4.04,,,-ete,unknown,,3.4557132720947266,4.749045372009277,-0.04193477891385555,-3.666934847831726,,0.984686440228432,3.6250000689178705,True,2, bil|lete,right,right,known,True,4.102379322052002,m,True,True,m,True
es,trámite,m,procedure,stratum,wiktionary:kaikki@2026-10-03,False,,"procedure, step",4.03,,,te,loan,,4.9837188720703125,2.145580291748047,-0.02275360468775034,-4.897753477096558,,0.9854944818576417,4.874999872408807,True,3, tr|ám|ite,right,right,known,True,3.5646495819091797,m,True,True,m,True
es,noroeste,m,northwest,stratum,wiktionary:kaikki@2026-10-03,False,,northwest,4.0,,,te,unknown,,3.7590980529785156,2.0250167846679688,-0.1505205873399973,-3.650520622730255,,0.9773043948783269,3.500000035390258,True,3, nor|o|este,right,right,known,True,2.892057418823242,m,True,True,m,True
es,higiene,f,hygiene,stratum,wiktionary:kaikki@2026-10-03,False,,hygiene,3.99,,,ne,loan,,-4.240035057067871,-3.8586292266845703,-4.52957558631897,-0.029575533233582973,,0.9847836977197344,-4.500000053085387,True,3, h|igi|ene,right,right,known,True,-4.049332141876221,f,True,True,f,True
es,almacén,m,warehouse,stratum,wiktionary:kaikki@2026-10-03,False,,warehouse,3.98,,,én,loan,,4.202409744262695,4.807823181152344,-0.02525672595947981,-4.900256633758545,,0.9825621305314535,4.874999907799065,True,3, al|mac|én,right,right,known,True,4.5051164627075195,m,True,True,m,True
es,auge,m,boom,stratum,wiktionary:kaikki@2026-10-03,False,,"boom, rise, growth",3.97,,,ge,loan,,5.673427581787109,3.603647232055664,-0.07004458829760551,-3.1950446367263794,,0.9736248896537449,3.125000048428774,True,2, a|uge,right,right,known,True,4.638537406921387,m,True,True,m,True
es,noreste,m,northeast,stratum,wiktionary:kaikki@2026-10-03,False,,northeast,3.97,,,te,unknown,,11.941959381103516,2.018686294555664,-0.018214305862784386,-6.393214464187622,,0.9836239412111909,6.375000158324838,True,3, n|ore|ste,right,right,known,True,6.98032283782959,m,True,True,m,True
es,desorden,m,disorder,stratum,wiktionary:kaikki@2026-10-03,False,,disorder,3.97,,,en,unknown,,7.337850570678711,7.239309310913086,-0.03281169384717941,-4.407811641693115,,0.9807663087770699,4.374999947845936,True,2, des|orden,right,right,known,True,7.288579940795898,m,True,True,m,True
es,trimestre,m,trimester,stratum,wiktionary:kaikki@2026-10-03,False,,trimester,3.97,,,re,native,,5.035901069641113,3.3077354431152344,-0.01843578927218914,-6.830935716629028,,0.9828329872830979,6.812499927356839,True,2, trimest|re,right,right,known,True,4.171818256378174,m,True,True,m,True
es,béisbol,m,baseball,stratum,wiktionary:kaikki@2026-10-03,False,,baseball (ballgame),3.95,,,ol,unknown,,4.866434097290039,1.0428791046142578,-0.010935994796454906,-5.8859357833862305,,0.9919235224042442,5.874999788589776,True,3, b|éis|bol,right,right,known,True,2.9546566009521484,m,True,True,m,True
es,vientre,m,abdomen,stratum,wiktionary:kaikki@2026-10-03,False,,abdomen,3.94,,,re,native,,4.792308807373047,5.786746978759766,-0.017685363069176674,-4.767685413360596,,0.9912348234136386,4.750000050291419,True,2, vient|re,right,right,known,True,5.289527893066406,m,True,True,m,True
es,sudeste,m,southeast,stratum,wiktionary:kaikki@2026-10-03,False,,southeast,3.92,,,te,unknown,,5.4088897705078125,2.7502670288085938,-0.013830674812197685,-6.888830661773682,,0.9873160258712237,6.874999986961484,True,3, s|ude|ste,right,right,known,True,4.079578399658203,m,True,True,m,True
es,sureste,m,southeast,stratum,wiktionary:kaikki@2026-10-03,False,,southeast,3.9,,,te,unknown,,5.295448303222656,3.5176162719726562,-0.016472994815558195,-6.641473054885864,,0.9850624106849433,6.625000060070306,True,2, sure|ste,right,right,known,True,4.406532287597656,m,True,True,m,True
es,juguete,m,toy,stratum,wiktionary:kaikki@2026-10-03,False,,toy (something to play with),3.9,,,-ete,native,,7.132209777832031,6.521636962890625,-0.02098441869020462,-5.395984411239624,,0.9838122017897002,5.374999992549419,True,3, jug|u|ete,right,right,known,True,6.826923370361328,m,True,True,m,True
es,plantel,m,schoolhouse,stratum,wiktionary:kaikki@2026-10-03,False,,schoolhouse (building where school is held),3.89,,,el,loan,,5.014803886413574,5.466531753540039,-0.02298725303262472,-4.647987365722656,,0.9869302769853836,4.6250001126900315,True,2, plant|el,right,right,known,True,5.240667819976807,m,True,True,m,True
es,medianoche,f,midnight,stratum,wiktionary:kaikki@2026-10-03,False,,midnight,3.88,,,he,unknown,,-4.67839241027832,-3.3861732482910156,-6.738742828369141,-0.05124267190694809,,0.9515306911887458,-6.6875001564621925,True,3, med|iano|che,right,right,known,True,-4.032282829284668,f,True,True,f,True
es,inmueble,m,property,stratum,wiktionary:kaikki@2026-10-03,False,,"property, estate",3.87,,,le,native,,4.450081825256348,5.715349197387695,-0.03758770599961281,-4.162587642669678,,0.9797664031686331,4.124999936670065,True,3, in|mue|ble,right,right,known,True,5.0827155113220215,m,True,True,m,True
es,clic,m,click,stratum,wiktionary:kaikki@2026-10-03,False,,click,3.87,,,ic,unknown,,7.283542633056641,4.739916801452637,-0.1746213436126709,-2.549621343612671,,0.9466203878736855,2.375,True,1, clic,right,right,known,True,6.011729717254639,m,True,True,m,True
es,merced,f,mercy,stratum,wiktionary:kaikki@2026-10-03,False,,mercy,3.86,,,ed,unknown,,-5.769214630126953,0.0333251953125,-4.602202415466309,-0.0397025216370821,,0.972717952383299,-4.5624998938292265,True,2, mer|ced,right,unsure,unsure,False,-2.8679447174072266,f,True,False,f,True
es,lote,m,lot,stratum,wiktionary:kaikki@2026-10-03,False,,lot (chance assignment),3.86,,,te,unknown,,6.206518173217773,5.034343719482422,-0.02917680237442255,-4.904176712036133,,0.9787181054115659,4.87499990966171,True,2, l|ote,right,right,known,True,5.620430946350098,m,True,True,m,True
es,carril,m,lane,stratum,wiktionary:kaikki@2026-10-03,False,,lane (a lengthwise division of roadway intended for a single line of vehicles),3.85,,,il,native,,5.499135971069336,3.4154720306396484,-0.035698045045137405,-3.6606979370117188,,0.9908420948021213,3.6249998919665813,True,2, carr|il,right,right,known,True,4.457304000854492,m,True,True,m,True
es,umbral,m,doorstep,stratum,wiktionary:kaikki@2026-10-03,False,,doorstep; stoop,3.84,,,al,native,,5.784665107727051,5.463443756103516,-0.030931116081774235,-4.280931234359741,,0.9833741195746848,4.250000118277967,True,2, um|bral,right,right,known,True,5.624054431915283,m,True,True,m,True
es,malestar,m,unease,stratum,wiktionary:kaikki@2026-10-03,False,,unease,3.83,,,ar,unknown,,6.217337608337402,4.942792892456055,-0.019736262038350105,-5.894736051559448,,0.983233410512188,5.874999789521098,True,2, male|star,right,right,known,True,5.5800652503967285,m,True,True,m,True
es,lápiz,m,pencil,stratum,wiktionary:kaikki@2026-10-03,False,,pencil,3.82,,,iz,loan,,7.383113861083984,5.525285720825195,-0.010008766548708081,-6.135008811950684,,0.9922266254132697,6.1250000454019755,True,3, lá|p|iz,right,right,known,True,6.45419979095459,m,True,True,m,True
es,certamen,m,contest,stratum,wiktionary:kaikki@2026-10-03,False,,"contest, competition, pageant",3.81,,,-men,unknown,,3.902881622314453,1.772348403930664,-0.02436240203678608,-4.774362325668335,,0.9846466961150919,4.749999923631549,True,2, cert|amen,right,right,known,True,2.8376150131225586,m,True,True,m,True
es,interfaz,f,interface,stratum,wiktionary:kaikki@2026-10-03,False,,interface (the point of interconnection between two entities),3.81,,,az,native,,-1.7101354598999023,-2.9446182250976562,-2.323389232158661,-0.3233892321586609,,0.976489546986486,-2.0,True,2, interf|az,right,right,known,True,-2.3273768424987793,f,True,True,f,True
es,mármol,m,marble,stratum,wiktionary:kaikki@2026-10-03,False,,marble (crystalline limestone),3.8,,,ol,native,,2.781855583190918,5.093372344970703,-0.00899747246876359,-6.133997440338135,,0.9932277101808109,6.124999967869371,True,3, má|rm|ol,right,right,known,True,3.9376139640808105,m,True,True,m,True
es,césped,m,lawn,stratum,wiktionary:kaikki@2026-10-03,False,,lawn,3.79,,,ed,native,,7.125251770019531,5.458461761474609,-0.01612516213208437,-4.891125202178955,,0.9920476750826979,4.875000040046871,True,3, cé|sp|ed,right,right,known,True,6.29185676574707,m,True,True,m,True
es,paraguas,m,umbrella,stratum,wiktionary:kaikki@2026-10-03,False,,"umbrella, brolly (UK)",3.78,,,as,unknown,,5.335971832275391,5.250875473022461,-0.020308395382016897,-5.145308494567871,,0.9880827861582975,5.125000099185854,True,3, par|agu|as,right,right,known,True,5.293423652648926,m,True,True,m,True
es,catástrofe,f,catastrophe,stratum,wiktionary:kaikki@2026-10-03,False,,"catastrophe, disaster",3.77,,,fe,unknown,,-4.856616973876953,-4.362232208251953,-5.404925107955933,-0.02992522157728672,,0.9759271595270631,-5.374999886378646,True,4, cat|ást|ro|fe,right,right,known,True,-4.609424591064453,f,True,True,f,True
es,pirámide,f,pyramid,stratum,wiktionary:kaikki@2026-10-03,False,,pyramid,3.76,,,de,native,,-8.384132385253906,-4.356666564941406,-5.524465084075928,-0.02446494810283184,,0.9803307077120731,-5.500000135973096,True,3, pir|ám|ide,right,right,known,True,-6.370399475097656,f,True,True,f,True
es,peste,f,plague,stratum,wiktionary:kaikki@2026-10-03,False,,plague,3.75,,,te,unknown,,-5.729488372802734,-4.973270416259766,-4.649080991744995,-0.02408114168792963,,0.9864540820790949,-4.6249998500570655,True,2, p|este,right,right,known,True,-5.35137939453125,f,True,True,f,True
es,marfil,m,ivory,stratum,wiktionary:kaikki@2026-10-03,False,,ivory,3.75,,,il,native,,1.6974639892578125,4.592477798461914,-0.04076731111854315,-3.790767192840576,,0.9891101879613905,3.749999881722033,True,2, mar|fil,right,right,known,True,3.1449708938598633,m,True,True,m,True
es,disfraz,m,disguise,stratum,wiktionary:kaikki@2026-10-03,False,,disguise,3.75,,,az,unknown,,3.3950681686401367,-0.8892364501953125,-0.015581117011606693,-5.640581130981445,,0.9881197672493904,5.625000013969839,True,3, dis|f|raz,right,unsure,unsure,False,1.252915859222412,m,True,False,m,True
es,videoclip,m,music video,stratum,wiktionary:kaikki@2026-10-03,False,,music video,3.71,,,ip,loan,,2.484708786010742,1.2777786254882812,-0.013661707285791636,-6.013661623001099,,0.9889529790322718,5.999999915715307,True,3, vide|oc|lip,right,right,known,True,1.8812437057495117,m,True,True,m,True
es,cohete,m,skyrocket,stratum,wiktionary:kaikki@2026-10-03,False,,skyrocket,3.71,,,-ete,loan,,1.736851692199707,3.041971206665039,-0.01618532184511423,-5.141185283660889,,0.9898434936105668,5.124999961815774,True,2, coh|ete,right,right,known,True,2.389411449432373,m,True,True,m,True
es,suroeste,m,southwest,stratum,wiktionary:kaikki@2026-10-03,False,,southwest,3.7,,,te,unknown,,4.507726669311523,3.5455379486083984,-0.019843372516334057,-5.644843339920044,,0.983915475544004,5.62499996740371,True,3, su|ro|este,right,right,known,True,4.026632308959961,m,True,True,m,True
es,máster,m,master's degree,stratum,wiktionary:kaikki@2026-10-03,False,,"master's degree, master",3.7,,,er,unknown,,3.5389060974121094,4.592840194702148,-0.036105431616306305,-4.161105513572693,,0.9812198804191327,4.125000081956387,True,2, má|ster,right,right,known,True,4.065873146057129,m,True,True,m,True
es,dictamen,m,ruling,stratum,wiktionary:kaikki@2026-10-03,False,,"ruling, verdict, sentence, dictamen",3.7,,,-men,unknown,,4.053702354431152,4.111618995666504,-0.025442175567150116,-4.650442123413086,,0.9845117378328767,4.624999947845936,True,2, dict|amen,right,right,known,True,4.082660675048828,m,True,True,m,True
es,hincapié,m,stomp,stratum,wiktionary:kaikki@2026-10-03,False,,stomp (with the foot),3.69,,,ié,unknown,,1.5614032745361328,3.491497039794922,-0.04273953288793564,-3.792739510536194,,0.98138616713095,3.749999977648258,True,4, h|inc|api|é,right,right,known,True,2.5264501571655273,m,True,True,m,True
es,barril,m,barrel,stratum,wiktionary:kaikki@2026-10-03,False,,barrel (large container made of wood staves bound with metal rings or an equivalent container),3.68,,,il,loan,,2.9764862060546875,2.2850189208984375,-0.028010278940200806,-4.153010368347168,,0.9882186444729786,4.125000089406967,True,2, barr|il,right,right,known,True,2.6307525634765625,m,True,True,m,True
es,misil,m,missile,stratum,wiktionary:kaikki@2026-10-03,False,,missile (a self-propelled projectile whose trajectory can be adjusted after it is launched),3.68,,,il,native,,3.869993209838867,5.0239410400390625,-0.015232226345688105,-6.14023232460022,,0.9870556594245836,6.125000098254532,True,2, mis|il,right,right,known,True,4.446967124938965,m,True,True,m,True
es,boliche,m,bowling,stratum,wiktionary:kaikki@2026-10-03,False,,bowling,3.64,,,he,unknown,,3.6968955993652344,2.777772903442383,-0.022434416227042675,-4.89743447303772,,0.9853396967028507,4.875000056810677,True,3, b|olic|he,right,right,known,True,3.2373342514038086,m,True,True,m,True
es,arce,m,maple tree,stratum,wiktionary:kaikki@2026-10-03,False,,maple tree,3.64,,,ce,native,,4.060749053955078,3.313304901123047,-0.028718856163322926,-4.778718948364258,,0.9800964365775253,4.750000092200935,True,2, ar|ce,right,right,known,True,3.6870269775390625,m,True,True,m,True
es,poste,m,post,stratum,wiktionary:kaikki@2026-10-03,False,,"post (of wood), pole",3.62,,,te,unknown,,2.314059257507324,6.04566764831543,-0.01561094494536519,-5.015610933303833,,0.9919846644828144,4.999999988358468,True,1, poste,right,right,known,True,4.179863452911377,m,True,True,m,True
es,pulgar,m,thumb,stratum,wiktionary:kaikki@2026-10-03,False,,"thumb, big toe",3.62,,,ar,native,,6.078195571899414,7.371372222900391,-0.025177347473800182,-4.150177240371704,,0.9910215981416541,4.124999892897904,True,2, pul|gar,right,right,known,True,6.724783897399902,m,True,True,m,True
es,esquí,m,ski,stratum,wiktionary:kaikki@2026-10-03,False,,ski,3.61,,,uí,loan,,5.733720779418945,3.0800743103027344,-0.03824861068278551,-4.288248658180237,,0.9779309673917558,4.250000047497451,True,2, es|quí,right,right,known,True,4.40689754486084,m,True,True,m,True
es,currículum,m,curriculum vitae,stratum,wiktionary:kaikki@2026-10-03,False,,curriculum vitae,3.61,,,um,unknown,,4.186516761779785,2.1165761947631836,-0.016551101580262184,-5.76655125617981,,0.9868136814951364,5.750000154599547,True,3, curr|ícul|um,right,right,known,True,3.1515464782714844,m,True,True,m,True
es,vinagre,m,vinegar,stratum,wiktionary:kaikki@2026-10-03,False,,vinegar (a sour liquid formed by the fermentation of alcohol used as a condiment or preservative),3.61,,,re,native,,7.317146301269531,6.670169830322266,-0.016517687123268843,-5.266517877578735,,0.9887799310478811,5.2500001904554665,True,3, vin|ag|re,right,right,known,True,6.993658065795898,m,True,True,m,True
es,fusil,m,rifle,stratum,wiktionary:kaikki@2026-10-03,False,,rifle,3.6,,,il,unknown,,7.581488609313965,6.016941070556641,-0.017480626702308655,-5.1424806118011475,,0.9885601791213025,5.124999985098839,True,2, fus|il,right,right,known,True,6.799214839935303,m,True,True,m,True
es,centenar,m,unit of one hundred objects,stratum,wiktionary:kaikki@2026-10-03,False,,a unit of one hundred objects,3.6,,,ar,unknown,,5.403289794921875,5.946142196655273,-0.2374679073691368,-2.6124680042266846,,0.9656821028738174,2.3750000968575478,True,3, cent|en|ar,right,right,known,True,5.674715995788574,m,True,True,m,True
es,bol,m,bowl,stratum,wiktionary:kaikki@2026-10-03,False,,bowl,3.58,,,ol,unknown,,5.361501693725586,4.491937637329102,-0.24081263691186905,-1.6158126592636108,,0.9859580594813047,1.3750000223517418,True,1, bol,right,right,known,True,4.926719665527344,m,True,True,m,True
es,mueble,m,piece of furniture,stratum,wiktionary:kaikki@2026-10-03,False,,a piece of furniture,3.58,,,le,native,,3.89395809173584,2.3223133087158203,-0.0168031957000494,-6.079303026199341,,0.9857474079356998,6.062499830499291,True,2, mue|ble,right,right,known,True,3.10813570022583,m,True,True,m,True
es,declive,m,decline,stratum,wiktionary:kaikki@2026-10-03,False,,decline (a downward slope),3.58,,,ve,loan,,4.494034767150879,3.7115001678466797,-0.03215958550572395,-4.157159805297852,,0.9841247222194263,4.125000219792128,True,2, decl|ive,right,right,known,True,4.102767467498779,m,True,True,m,True
es,chicle,m,chewing gum,stratum,wiktionary:kaikki@2026-10-03,False,,chewing gum,3.57,,,le,loan,,3.3087759017944336,0.18933868408203125,-0.026521806605160236,-5.026521682739258,,0.9804188933532907,4.999999876134098,True,2, ch|icle,right,unsure,unsure,False,1.7490572929382324,m,True,True,m,True
es,cauce,m,riverbed,stratum,wiktionary:kaikki@2026-10-03,False,,riverbed,3.56,,,ce,unknown,,3.173828125,6.22149658203125,-0.027531703002750874,-4.277531623840332,,0.9871505678448735,4.249999920837581,True,2, ca|uce,right,right,known,True,4.697662353515625,m,True,True,m,True
es,rompecabezas,m,jigsaw puzzle,stratum,wiktionary:kaikki@2026-10-03,False,,a jigsaw puzzle,3.55,,,as,unknown,,5.859577178955078,4.748574256896973,-0.023901096545159817,-5.398900985717773,,0.9812400796989703,5.374999889172614,True,4, rom|pec|abe|zas,right,right,known,True,5.304075717926025,m,True,True,m,True
es,confort,m,comfort,stratum,wiktionary:kaikki@2026-10-03,False,,"comfort, ease",3.55,,,rt,unknown,,6.136758804321289,3.7420825958251953,-0.04616670124232769,-4.296166658401489,,0.9702373700345818,4.249999957159162,True,1, confort,right,right,known,True,4.939420700073242,m,True,True,m,True
es,boicot,m,boycott,stratum,wiktionary:kaikki@2026-10-03,False,,boycott,3.54,,,ot,unknown,,7.021697044372559,4.690498352050781,-0.015874228440225124,-5.890874147415161,,0.9870372705844885,5.874999918974936,True,2, bo|icot,right,right,known,True,5.85609769821167,m,True,True,m,True
es,compás,m,pair of compasses,stratum,wiktionary:kaikki@2026-10-03,False,,pair of compasses (tool used to draw circles),3.52,,,ás,loan,,3.649874687194824,3.754889488220215,-0.011150840669870377,-5.88615083694458,,0.9917104850326574,5.87499999627471,True,2, comp|ás,right,right,known,True,3.7023820877075195,m,True,True,m,True
es,porvenir,m,future,stratum,wiktionary:kaikki@2026-10-03,False,,future (that which is yet to come),3.52,,,ir,unknown,,6.826262474060059,5.925985336303711,-0.018147985450923443,-5.830648183822632,,0.9850975056979419,5.812500198371708,True,2, por|venir,right,right,known,True,6.376123905181885,m,True,True,m,True
es,ataúd,m,coffin,stratum,wiktionary:kaikki@2026-10-03,False,,"coffin, casket",3.51,,,úd,loan,,2.8767642974853516,2.5893898010253906,-0.025069935247302055,-4.400069952011108,,0.9883806685950571,4.375000016763806,True,3, ata|ú|d,right,right,known,True,2.733077049255371,m,True,True,m,True
es,aval,m,endorsement,stratum,wiktionary:kaikki@2026-10-03,False,,endorsement,3.51,,,al,unknown,,7.46442985534668,6.742557525634766,-0.24101070314645767,-1.7410106658935547,,0.9656722232065884,1.499999962747097,True,1, aval,right,right,known,True,7.103493690490723,m,True,True,m,True
es,cicatriz,f,scar,stratum,wiktionary:kaikki@2026-10-03,False,,"scar, cicatrix",3.5,,,iz,unknown,,-4.17833137512207,-5.054466247558594,-6.01456618309021,-0.014566057827323675,,0.9880591708995179,-6.000000125262886,True,3, cic|at|riz,right,right,known,True,-4.616398811340332,f,True,True,f,True
es,ómnibus,m,public bus,stratum,wiktionary:kaikki@2026-10-03,False,,public bus,3.47,,,us,loan,,3.8669509887695312,4.344663619995117,-0.015444687101989985,-5.890444755554199,,0.9874616156298761,5.875000068452209,True,3, ó|mn|ibus,right,right,known,True,4.105807304382324,m,True,True,m,True
es,guion,m,script,stratum,wiktionary:kaikki@2026-10-03,False,,"script, scenario",3.46,,,on,unknown,,2.342374801635742,2.8413867950439453,-0.04909433797001839,-3.424094319343567,,0.986913343789656,3.3749999813735485,True,2, gu|ion,right,right,known,True,2.5918807983398438,m,True,True,m,True
es,paladar,m,palate,stratum,wiktionary:kaikki@2026-10-03,False,,"palate (roof of the mouth, and sense of taste)",3.46,,,ar,native,,7.1257219314575195,3.272470474243164,-0.030400740914046764,-4.15540087223053,,0.9868346182651377,4.125000131316483,True,2, pal|adar,right,right,known,True,5.199096202850342,m,True,True,m,True
es,ápice,m,apex,stratum,wiktionary:kaikki@2026-10-03,False,,"apex, tip",3.45,,,ce,unknown,,5.018377304077148,5.05592155456543,-0.14148633182048798,-2.266486406326294,,0.9783123412438399,2.125000074505806,True,2, áp|ice,right,right,known,True,5.037149429321289,m,True,True,m,True
es,pinar,m,pine grove,stratum,wiktionary:kaikki@2026-10-03,False,,pine grove,3.44,,,ar,unknown,,5.375392913818359,3.2149887084960938,-0.05104727856814861,-4.301047205924988,,0.9655183157723859,4.249999927356839,True,2, pin|ar,right,right,known,True,4.295190811157227,m,True,True,m,True
es,apéndice,m,appendix,stratum,wiktionary:kaikki@2026-10-03,False,,appendix (text added to the end of a book),3.44,,,ce,loan,,5.165750503540039,6.267629623413086,-0.042773397639393806,-3.917773485183716,,0.9781670309001125,3.875000087544322,True,4, ap|é|nd|ice,right,right,known,True,5.7166900634765625,m,True,True,m,True
es,contraparte,f,counterpart,stratum,wiktionary:kaikki@2026-10-03,False,,counterpart,3.42,,,te,unknown,,-5.391467094421387,-4.684574127197266,-2.7850728034973145,-0.16007283702492714,,0.9374873029161962,-2.6249999664723873,True,3, contr|ap|arte,right,right,known,True,-5.038020610809326,f,True,True,f,True
es,bambú,m,bamboo,stratum,wiktionary:kaikki@2026-10-03,False,,bamboo (plant),3.41,,,bú,loan,,4.131168365478516,5.732551574707031,-0.014965970069169998,-5.764965772628784,,0.9882816271616452,5.749999802559614,True,2, bamb|ú,right,right,known,True,4.931859970092773,m,True,True,m,True
es,jarabe,m,syrup,stratum,wiktionary:kaikki@2026-10-03,False,,syrup,3.4,,,be,native,,3.189481735229492,4.810939788818359,-1.1996975466609001,-1.949697520583868,,0.9871125123397003,0.7499999739229679,False,2, jar|abe,right,right,known,True,4.000210762023926,m,True,True,m,True
es,puré,m,puree,stratum,wiktionary:kaikki@2026-10-03,False,,puree,3.4,,,ré,unknown,,3.300914764404297,2.9435195922851562,-0.04041751101613045,-3.540417432785034,,0.989390041296925,3.4999999217689037,True,2, pur|é,right,right,known,True,3.1222171783447266,m,True,True,m,True
es,falange,f,phalanx,stratum,wiktionary:kaikki@2026-10-03,False,,phalanx (one of the bones of the finger or toe),3.4,,,ge,loan,,-2.5570154190063477,-1.2808303833007812,-4.5272626876831055,-0.027262779884040356,,0.9842521293201084,-4.499999907799065,True,2, fal|ange,right,right,known,True,-1.9189229011535645,f,True,True,f,True
es,estandarte,m,flag,stratum,wiktionary:kaikki@2026-10-03,False,,"flag, banner, standard, colors",3.4,,,te,loan,,5.619899749755859,5.242029190063477,-0.041377462446689606,-3.666377544403076,,0.9868061839045302,3.6250000819563866,True,3, est|and|arte,right,right,known,True,5.430964469909668,m,True,True,m,True
es,millar,m,unit or group of one thousand,stratum,wiktionary:kaikki@2026-10-03,False,,a unit or group of one thousand,3.39,,,ar,unknown,,6.296257019042969,5.022401809692383,-0.05061611160635948,-4.175616264343262,,0.9661287271686729,4.125000152736902,True,2, mill|ar,right,right,known,True,5.659329414367676,m,True,True,m,True
es,voleibol,m,volleyball,stratum,wiktionary:kaikki@2026-10-03,False,,volleyball (game),3.38,,,ol,unknown,,3.674867630004883,4.624567031860352,-0.021382203325629234,-4.7713823318481445,,0.9875774873646097,4.750000128522515,True,4, v|ole|ib|ol,right,right,known,True,4.149717330932617,m,True,True,m,True
es,cáliz,m,chalice,stratum,wiktionary:kaikki@2026-10-03,False,,"chalice, goblet",3.38,,,iz,loan,,3.6384124755859375,-0.12952041625976562,-0.027221023105084896,-4.027220964431763,,0.9909699473656806,3.999999941326678,True,3, c|ál|iz,right,unsure,unsure,False,1.754446029663086,m,True,False,m,True
es,mugre,f,dirt,stratum,wiktionary:kaikki@2026-10-03,False,,"dirt, filth, grease, muck",3.38,,,re,unknown,,-2.4199743270874023,-0.9078426361083984,-4.046855449676514,-0.04685536306351423,,0.9810145658189542,-4.000000086612999,True,2, mug|re,right,unsure,unsure,False,-1.6639084815979004,f,True,True,f,True
es,nordeste,m,northeast,stratum,wiktionary:kaikki@2026-10-03,False,,northeast,3.37,,,te,unknown,,8.346504211425781,2.6789817810058594,-0.020549442619085312,-5.708049535751343,,0.9837925220616699,5.6875000931322575,True,3, nor|dest|e,right,right,known,True,5.51274299621582,m,True,True,m,True
es,bucle,m,curl of hair,stratum,wiktionary:kaikki@2026-10-03,False,,curl of hair,3.37,,,le,loan,,4.286539077758789,5.9076080322265625,-0.09055367484688759,-2.715553641319275,,0.9839731044759794,2.6249999664723873,True,2, bu|cle,right,right,known,True,5.097073554992676,m,True,True,m,True
es,escondite,m,hiding place,stratum,wiktionary:kaikki@2026-10-03,False,,hiding place,3.36,,,te,loan,,4.699601173400879,3.466156005859375,-0.017738299909979105,-5.517738342285156,,0.9865595570579916,5.500000042375177,True,3, es|cond|ite,right,right,known,True,4.082878589630127,m,True,True,m,True
es,cóctel,m,cocktail,stratum,wiktionary:kaikki@2026-10-03,False,,cocktail,3.36,,,el,unknown,,4.872814178466797,6.058292388916016,-0.03551660105586052,-4.285516619682312,,0.9828668634299756,4.2500000186264515,True,3, có|ct|el,right,right,known,True,5.465553283691406,m,True,True,m,True
es,sudoeste,m,southwest,stratum,wiktionary:kaikki@2026-10-03,False,,southwest,3.36,,,te,unknown,,-2.1465320587158203,-0.37138938903808594,-0.020038777962327003,-5.707538604736328,,0.9834879751665777,5.687499826774001,True,2, sudo|este,wrong,unsure,wrong,False,-1.2589607238769531,f,False,True,m,True
es,yate,m,yacht,stratum,wiktionary:kaikki@2026-10-03,False,,yacht,3.35,,,te,loan,,2.9193458557128906,3.711780548095703,-0.019453076645731926,-5.769453048706055,,0.9842544232836151,5.749999972060323,True,2, y|ate,right,right,known,True,3.315563201904297,m,True,True,m,True
es,altavoz,m,loudspeaker,stratum,wiktionary:kaikki@2026-10-03,False,,"loudspeaker, speaker (an electromechanical transducer that converts an electrical signal into audible sound)",3.35,,,oz,unknown,,1.4583063125610352,0.7398834228515625,-0.07160510122776031,-3.3216052055358887,,0.9856839759410796,3.2500001043081284,True,3, alt|av|oz,right,unsure,unsure,False,1.0990948677062988,m,True,True,m,True
es,matiz,m,hue,stratum,wiktionary:kaikki@2026-10-03,False,,hue,3.35,,,iz,unknown,,5.331843376159668,2.9665565490722656,-0.07547002658247948,-3.075469970703125,,0.9748559914924193,2.9999999441206455,True,2, mat|iz,right,right,known,True,4.149199962615967,m,True,True,m,True
es,quehacer,m,work,stratum,wiktionary:kaikki@2026-10-03,False,,work,3.35,,,er,unknown,,2.785154342651367,5.302276611328125,-0.04223187826573849,-4.792231798171997,,0.9680237364511142,4.749999919906259,True,3, que|h|acer,right,right,known,True,4.043715476989746,m,True,True,m,True
es,paracaídas,m,parachute,stratum,wiktionary:kaikki@2026-10-03,False,,parachute,3.35,,,as,unknown,,2.4169235229492188,1.1538867950439453,-0.027135678566992283,-4.652135729789734,,0.9866166404207233,4.625000051222742,True,4, par|aca|í|das,right,right,known,True,1.785405158996582,m,True,True,m,True
es,sintaxis,f,syntax,stratum,wiktionary:kaikki@2026-10-03,False,,syntax,3.34,,,is,loan,,-4.88584041595459,-4.446254730224609,-4.976349592208862,-0.10134943574666977,,0.9114446142865296,-4.8750001564621925,True,2, sint|axis,right,right,known,True,-4.6660475730896,f,True,True,f,True
es,baúl,m,chest,stratum,wiktionary:kaikki@2026-10-03,False,,"chest, trunk, footlocker, steamer trunk",3.33,,,úl,unknown,,3.1663780212402344,2.901803970336914,-0.02314541768282652,-4.523145437240601,,0.9883155262618459,4.500000019557774,True,3, ba|ú|l,right,right,known,True,3.034090995788574,m,True,True,m,True
es,diésel,m,diesel fuel,stratum,wiktionary:kaikki@2026-10-03,False,,diesel fuel,3.33,,,el,unknown,,4.922323226928711,5.918426513671875,-0.02937327604740858,-4.154373407363892,,0.9868703831434082,4.125000131316483,True,3, di|és|el,right,right,known,True,5.420374870300293,m,True,True,m,True
es,ojete,m,eyelet,stratum,wiktionary:kaikki@2026-10-03,False,,"eyelet, grommet",3.31,,,-ete,unknown,,3.783933639526367,4.026096343994141,-0.18269678950309753,-2.05769681930542,,0.9616372836221747,1.8750000298023224,True,3, o|j|ete,right,right,known,True,3.905014991760254,m,True,True,m,True
es,vals,m,waltz,stratum,wiktionary:kaikki@2026-10-03,False,,waltz,3.31,,,ls,loan,,4.222564697265625,5.163948059082031,-0.04589476250112057,-4.170894622802734,,0.9706998519947843,4.124999860301614,True,1, vals,right,right,known,True,4.693256378173828,m,True,True,m,True
es,sobrenombre,m,nickname,stratum,wiktionary:kaikki@2026-10-03,False,,"nickname, sobriquet",3.31,,,re,native,,5.954845428466797,7.036937713623047,-0.04776034504175186,-4.547760486602783,,0.9643237484185496,4.500000141561031,True,3, sob|ren|ombre,right,right,known,True,6.495891571044922,m,True,True,m,True
es,pincel,m,paintbrush,stratum,wiktionary:kaikki@2026-10-03,False,,paintbrush (usually thinner than a brocha),3.31,,,el,loan,,8.081832885742188,8.25926399230957,-0.011956567410379648,-5.886956453323364,,0.9910887373404672,5.874999885912985,True,3, p|inc|el,right,right,known,True,8.170548439025879,m,True,True,m,True
es,cofre,m,chest,stratum,wiktionary:kaikki@2026-10-03,False,,"chest, coffer, trunk",3.3,,,re,loan,,3.820258140563965,5.081941604614258,-0.05265888385474682,-3.3026589155197144,,0.9866020381144875,3.2500000316649675,True,2, cof|re,right,right,known,True,4.451099872589111,m,True,True,m,True
es,carné,m,identity card,stratum,wiktionary:kaikki@2026-10-03,False,,identity card,3.3,,,né,loan,,5.8918609619140625,4.6098480224609375,-0.03614623285830021,-3.6611462831497192,,0.9919822864036879,3.625000050291419,True,2, carn|é,right,right,known,True,5.2508544921875,m,True,True,m,True
es,broche,m,clasp,stratum,wiktionary:kaikki@2026-10-03,False,,"clasp, brooch",3.3,,,he,unknown,,3.578044891357422,2.6391162872314453,-0.023558194749057293,-4.773558139801025,,0.9862384400446094,4.749999945051968,True,2, bro|che,right,right,known,True,3.1085805892944336,m,True,True,m,True
es,arrecife,m,reef,stratum,wiktionary:kaikki@2026-10-03,False,,reef,3.3,,,fe,native,,4.827793121337891,2.910186767578125,-0.02072739414870739,-5.1457273960113525,,0.985355836167938,5.125000001862645,True,3, ar|rec|ife,right,right,known,True,3.868989944458008,m,True,True,m,True
es,bufete,m,lawyer's office,stratum,wiktionary:kaikki@2026-10-03,False,,lawyer's office,3.29,,,-ete,unknown,,4.997834205627441,3.1901473999023438,-0.02809426560997963,-4.278094291687012,,0.9865988924489989,4.250000026077032,True,2, buf|ete,right,right,known,True,4.093990802764893,m,True,True,m,True
es,ovni,m,ufo,stratum,wiktionary:kaikki@2026-10-03,False,,UFO,3.29,,,ni,unknown,,7.632663726806641,5.859067916870117,-0.052426379173994064,-4.92742657661438,,0.9562376298119664,4.875000197440386,True,2, ov|ni,right,right,known,True,6.745865821838379,m,True,True,m,True
es,perejil,m,parsley,stratum,wiktionary:kaikki@2026-10-03,False,,parsley,3.29,,,il,native,,1.8290605545043945,2.3821372985839844,-0.040342675521969795,-3.665342688560486,,0.9862508271569392,3.625000013038516,True,4, p|ere|j|il,right,right,known,True,2.1055989265441895,m,True,True,m,True
es,superávit,m,surplus,stratum,wiktionary:kaikki@2026-10-03,False,,surplus,3.29,,,it,loan,,3.3359498977661133,3.4450130462646484,-0.02176174521446228,-4.771761655807495,,0.9869388388126925,4.749999910593033,True,3, super|á|vit,right,right,known,True,3.390481472015381,m,True,True,m,True
es,parabrisas,m,windscreen,stratum,wiktionary:kaikki@2026-10-03,False,,"windscreen, windshield",3.29,,,as,unknown,,6.15972900390625,5.696697235107422,-0.08027393370866776,-2.955273985862732,,0.9848225288500533,2.875000052154064,True,4, par|ab|ris|as,right,right,known,True,5.928213119506836,m,True,True,m,True
es,proyectil,m,projectile,stratum,wiktionary:kaikki@2026-10-03,False,,projectile,3.29,,,il,unknown,,2.643190383911133,5.793302536010742,-0.045266956090927124,-3.6702669858932495,,0.9814115164324493,3.6250000298023224,True,3, pro|yect|il,right,right,known,True,4.2182464599609375,m,True,True,m,True
es,girasol,m,sunflower,stratum,wiktionary:kaikki@2026-10-03,False,,sunflower,3.28,,,ol,unknown,,1.6063308715820312,4.137632369995117,-0.027763710357248783,-4.277763843536377,,0.9869214151363346,4.250000133179128,True,3, gir|as|ol,right,right,known,True,2.871981620788574,m,True,True,m,True
es,manjar,m,delicacy,stratum,wiktionary:kaikki@2026-10-03,False,,"delicacy, food, sustenance (especially delicious food, or one of the types of foods listed below)",3.28,,,ar,loan,,4.563503265380859,6.100679397583008,-0.025069563649594784,-5.02506947517395,,0.9820211833271932,4.999999911524355,True,2, man|jar,right,right,known,True,5.332091331481934,m,True,True,m,True
es,códice,m,codex,stratum,wiktionary:kaikki@2026-10-03,False,,codex,3.28,,,ce,native,,4.397500991821289,0.3755054473876953,-0.031621770933270454,-4.656621694564819,,0.9784454594705569,4.624999923631549,True,3, c|ód|ice,right,unsure,unsure,False,2.386503219604492,m,True,True,m,True
es,hoz,f,sickle,stratum,wiktionary:kaikki@2026-10-03,False,,sickle,3.28,,,oz,native,,-1.1192779541015625,-3.5897254943847656,-4.774483680725098,-0.024483797140419483,,0.9845194786066473,-4.749999883584678,True,2, h|oz,right,right,known,True,-2.354501724243164,f,True,True,f,True
es,arancel,m,tariff,stratum,wiktionary:kaikki@2026-10-03,False,,tariff,3.27,,,el,loan,,2.968860626220703,2.0560531616210938,-0.08398738875985146,-2.7089873552322388,,0.9865328937113834,2.6249999664723873,True,2, ar|ancel,right,right,known,True,2.5124568939208984,m,True,True,m,True
es,glaciar,m,glacier,stratum,wiktionary:kaikki@2026-10-03,False,,glacier,3.27,,,ar,unknown,,4.436058044433594,4.901634216308594,-0.023197428323328495,-5.148197412490845,,0.9829275666516539,5.124999984167516,True,2, glac|iar,right,right,known,True,4.668846130371094,m,True,True,m,True
es,bilis,f,bile,stratum,wiktionary:kaikki@2026-10-03,False,,bile,3.27,,,is,unknown,,-3.8296117782592773,-3.0296478271484375,-2.6076223850250244,-0.10762247070670128,,0.9803324523093218,-2.499999914318323,True,2, bil|is,right,right,known,True,-3.4296298027038574,f,True,True,f,True
es,desinterés,m,disinterest,stratum,wiktionary:kaikki@2026-10-03,False,,disinterest,3.27,,,és,unknown,,3.93398380279541,4.432500839233398,-0.01691601239144802,-6.204416036605835,,0.9852838443940701,6.187500024214387,True,3, des|inter|és,right,right,known,True,4.183242321014404,m,True,True,m,True
es,escorial,m,slag heap,stratum,wiktionary:kaikki@2026-10-03,False,,slag heap,3.27,,,al,unknown,,4.03306770324707,6.6576690673828125,-0.4407198801636696,-2.065719872713089,,0.9276285306242942,1.6249999925494194,False,2, esc|orial,right,right,known,True,5.345368385314941,m,True,True,m,True
es,vértice,m,vertex,stratum,wiktionary:kaikki@2026-10-03,False,,vertex,3.26,,,ce,native,,4.481224060058594,4.239812850952148,-0.02834471222013235,-4.2783448696136475,,0.9863481712701614,4.250000157393515,True,3, vé|rt|ice,right,right,known,True,4.360518455505371,m,True,True,m,True
es,ramal,m,exit,stratum,wiktionary:kaikki@2026-10-03,False,,exit (of a highway or road),3.25,,,al,unknown,,3.583280563354492,1.7124099731445312,-0.13256702199578285,-2.2575669288635254,,0.981180562346252,2.1249999068677425,True,2, ram|al,right,right,known,True,2.6478452682495117,m,True,True,m,True
es,billar,m,billiards,stratum,wiktionary:kaikki@2026-10-03,False,,billiards,3.25,,,ar,unknown,,3.563009262084961,6.175076484680176,-0.09873447008430958,-2.723734498023987,,0.9838829807993597,2.6250000279396772,True,2, bill|ar,right,right,known,True,4.869042873382568,m,True,True,m,True
es,arenal,m,sandy area or patch of ground,stratum,wiktionary:kaikki@2026-10-03,False,,sandy area or patch of ground; beach,3.24,,,al,unknown,,4.476009368896484,2.6594505310058594,-0.040962424129247665,-3.915962338447571,,0.9799465274478838,3.874999914318323,True,2, aren|al,right,right,known,True,3.567729949951172,m,True,True,m,True
es,canje,m,swap,stratum,wiktionary:kaikki@2026-10-03,False,,"swap, exchange",3.24,,,je,unknown,,2.6809425354003906,2.0607528686523438,-0.07210277765989304,-2.9471027851104736,,0.9833159378626011,2.8750000074505806,True,2, can|je,right,right,known,True,2.370847702026367,m,True,True,m,True
es,estuche,m,case,stratum,wiktionary:kaikki@2026-10-03,False,,case (to hold and protect something),3.23,,,he,loan,,3.9865570068359375,5.55845832824707,-0.019336547702550888,-4.769336462020874,,0.989335313781305,4.749999914318323,True,2, est|uche,right,right,known,True,4.772507667541504,m,True,True,m,True
es,jengibre,m,ginger,stratum,wiktionary:kaikki@2026-10-03,False,,ginger,3.23,,,re,native,,2.8956308364868164,2.857013702392578,-0.096681859344244,-2.596681833267212,,0.9845266124712688,2.499999973922968,True,3, j|eng|ibre,right,right,known,True,2.8763222694396973,m,True,True,m,True
es,andén,m,platform,stratum,wiktionary:kaikki@2026-10-03,False,,platform (at a train station),3.23,,,én,native,,5.257961273193359,3.048664093017578,-0.013449687510728836,-6.013449668884277,,0.9891641963832826,5.9999999813735485,True,2, and|én,right,right,known,True,4.153312683105469,m,True,True,m,True
es,porche,m,veranda,stratum,wiktionary:kaikki@2026-10-03,False,,"veranda, verandah; stoop; porch",3.23,,,he,loan,,3.363983154296875,4.322450637817383,-0.0185098210349679,-5.143509864807129,,0.9879112460039041,5.125000043772161,True,2, por|che,right,right,known,True,3.843216896057129,m,True,True,m,True
es,orbe,m,orb,stratum,wiktionary:kaikki@2026-10-03,False,,orb,3.22,,,be,unknown,,4.571856498718262,2.6050872802734375,-0.3038003295660019,-1.5538002848625183,,0.9702035029594297,1.2499999552965164,True,2, or|be,right,right,known,True,3.5884718894958496,m,True,True,m,True
es,cúspide,f,peak,stratum,wiktionary:kaikki@2026-10-03,False,,peak; zenith,3.21,,,de,native,,-6.097048759460449,-3.2172183990478516,-2.8447420597076416,-0.21974214632064104,,0.9794442715448537,-2.6249999133870006,True,3, cú|sp|ide,right,right,known,True,-4.65713357925415,f,True,True,f,True
es,penalti,m,penalty,stratum,wiktionary:kaikki@2026-10-03,False,,"penalty, penalty kick",3.21,,,ti,unknown,,3.7359352111816406,2.9797821044921875,-0.03061003051698208,-4.405610084533691,,0.9829226919665403,4.375000054016709,True,3, pen|alt|i,right,right,known,True,3.357858657836914,m,True,True,m,True
es,resorte,m,spring,stratum,wiktionary:kaikki@2026-10-03,False,,spring (device made of flexible material),3.21,,,te,unknown,,4.932683944702148,3.2861289978027344,-0.02013994101434946,-4.645139932632446,,0.989747018376677,4.624999991618097,True,2, res|orte,right,right,known,True,4.109406471252441,m,True,True,m,True
es,desnivel,m,difference of altitude,stratum,wiktionary:kaikki@2026-10-03,False,,difference of altitude,3.2,,,el,unknown,,5.953536033630371,5.238916397094727,-0.03987767733633518,-3.9148775339126587,,0.9810044050574953,3.8749998565763235,True,2, desn|ivel,right,right,known,True,5.596226215362549,m,True,True,m,True
es,palenque,m,palisade,stratum,wiktionary:kaikki@2026-10-03,False,,palisade; fence,3.2,,,ue,loan,,3.4474754333496094,1.7038097381591797,-0.04193117097020149,-3.79193115234375,,0.9814883125332914,3.7499999813735485,True,3, pal|en|que,right,right,known,True,2.5756425857543945,m,True,True,m,True
es,podre,f,rot,stratum,wiktionary:kaikki@2026-10-03,False,,rot; rotting,3.19,,,re,unknown,,4.714967727661133,1.843313217163086,-0.5611271560192108,-1.1861271858215332,,0.8777246066291859,0.6250000298023224,True,2, pod|re,wrong,wrong,wrong,False,3.2791404724121094,m,False,True,m,False
es,bulevar,m,boulevard,stratum,wiktionary:kaikki@2026-10-03,False,,boulevard,3.19,,,ar,loan,,3.065448760986328,5.613502502441406,-0.015273289289325476,-5.515273332595825,,0.9888677506770871,5.5000000433065,True,3, bu|le|var,right,right,known,True,4.339475631713867,m,True,True,m,True
es,burdel,m,brothel,stratum,wiktionary:kaikki@2026-10-03,False,,"brothel, whorehouse",3.19,,,el,loan,,8.513010025024414,3.9021129608154297,-0.0348760150372982,-5.409876108169556,,0.970237925717353,5.3750000931322575,True,2, bur|del,right,right,known,True,6.207561492919922,m,True,True,m,True
es,mote,m,nickname,stratum,wiktionary:kaikki@2026-10-03,False,,nickname,3.18,,,te,loan,,2.5725784301757812,2.945405960083008,-0.20816770195960999,-1.9581676721572876,,0.9684119134850011,1.7499999701976776,True,1, mote,right,right,known,True,2.7589921951293945,m,True,True,m,True
es,folclore,m,folklore,stratum,wiktionary:kaikki@2026-10-03,False,,folklore,3.18,,,re,unknown,,3.903013229370117,1.6259441375732422,-0.030029392801225185,-4.405029535293579,,0.9834921516762527,4.375000142492354,True,3, fol|c|lore,right,right,known,True,2.7644786834716797,m,True,True,m,True
es,mástil,m,mast,stratum,wiktionary:kaikki@2026-10-03,False,,"mast (a tall, slim post or tower used to support the sails on a ship)",3.18,,,il,loan,,3.954580307006836,5.88127326965332,-0.0154814044944942,-5.140481472015381,,0.990539245037559,5.125000067520887,True,3, má|st|il,right,right,known,True,4.917926788330078,m,True,True,m,True
es,escaparate,m,display cabinet,stratum,wiktionary:kaikki@2026-10-03,False,,display cabinet,3.18,,,te,loan,,3.3320884704589844,6.547107696533203,-0.023718679323792458,-4.773718595504761,,0.9850099794186762,4.749999916180968,True,3, escap|ar|ate,right,right,known,True,4.939598083496094,m,True,True,m,True
es,sífilis,f,syphilis,stratum,wiktionary:kaikki@2026-10-03,False,,syphilis,3.17,,,is,unknown,,-5.537693023681641,-3.5105838775634766,-1.0055764615535736,-0.5055764764547348,,0.9761198313458177,-0.4999999850988388,True,3, sí|fil|is,right,right,known,True,-4.524138450622559,f,True,True,f,True
es,carrusel,m,carousel,stratum,wiktionary:kaikki@2026-10-03,False,,"carousel, merry-go-round",3.17,,,el,unknown,,4.946634292602539,4.829212188720703,-0.013769065029919147,-5.638768911361694,,0.9899102888485443,5.624999846331775,True,3, carr|us|el,right,right,known,True,4.887923240661621,m,True,True,m,True
es,alarde,m,boast,stratum,wiktionary:kaikki@2026-10-03,False,,"boast, boasting, brag",3.17,,,de,loan,,4.22723388671875,2.432291030883789,-0.2118215635418892,-2.3368215560913086,,0.9645501064954451,2.1249999925494194,True,2, al|arde,right,right,known,True,3.3297624588012695,m,True,True,m,True
es,pronombre,m,pronoun,stratum,wiktionary:kaikki@2026-10-03,False,,pronoun,3.17,,,re,native,,5.489482879638672,2.970827102661133,-0.5284245908260345,-2.653424620628357,,0.660673397035343,2.1250000298023224,True,2, pron|ombre,right,right,known,True,4.230154991149902,m,True,True,m,True
es,autocontrol,m,self-control,stratum,wiktionary:kaikki@2026-10-03,False,,self-control,3.16,,,ol,unknown,,4.857644081115723,2.7621994018554688,-0.04026818089187145,-4.290268182754517,,0.9746621510373671,4.250000001862645,True,2, auto|control,right,right,known,True,3.8099217414855957,m,True,True,m,True
es,estiércol,m,manure,stratum,wiktionary:kaikki@2026-10-03,False,,manure,3.16,,,ol,native,,0.24055862426757812,2.2132797241210938,-0.021493815816938877,-5.021493911743164,,0.9853302718826622,5.000000095926225,True,4, est|i|érc|ol,unsure,right,unsure,False,1.226919174194336,m,True,True,m,True
es,fetiche,m,fetish,stratum,wiktionary:kaikki@2026-10-03,False,,fetish (something that is believed to possess magical powers),3.15,,,he,loan,,3.6810874938964844,3.256298065185547,-0.06500163860619068,-3.4400017261505127,,0.9713356144587868,3.375000087544322,True,3, f|etic|he,right,right,known,True,3.4686927795410156,m,True,True,m,True
es,jacuzzi,m,hot tub,stratum,wiktionary:kaikki@2026-10-03,False,,"hot tub, jacuzzi",3.14,,,zi,unknown,,3.714618682861328,0.05558967590332031,-0.21773292031139135,-2.842732846736908,,0.9814019284936547,2.6249999264255166,True,2, jac|uzzi,right,unsure,unsure,False,1.8851041793823242,m,True,True,m,True
es,carrete,m,bobbin,stratum,wiktionary:kaikki@2026-10-03,False,,bobbin,3.14,,,-ete,loan,,4.408977508544922,2.8286170959472656,-0.05692509189248085,-3.181925058364868,,0.9889949164588343,3.1249999664723873,True,2, car|rete,right,right,known,True,3.6187973022460938,m,True,True,m,True
es,éter,m,ether,stratum,wiktionary:kaikki@2026-10-03,False,,ether,3.14,,,er,native,,5.7114763259887695,2.2748889923095703,-0.025502923876047134,-5.275502920150757,,0.9800953749000934,5.24999999627471,True,2, é|ter,right,right,known,True,3.99318265914917,m,True,True,m,True
es,sien,f,temple,stratum,wiktionary:kaikki@2026-10-03,False,,temple (part of the skull on the side of the forehead),3.14,,,en,loan,,-1.371084213256836,-3.1717872619628906,-4.653048992156982,-0.028048903681337833,,0.9837775690315209,-4.625000088475645,True,2, s|ien,right,right,known,True,-2.2714357376098633,f,True,True,f,True
es,farol,m,lantern,stratum,wiktionary:kaikki@2026-10-03,False,,lantern,3.12,,,ol,native,,6.8842058181762695,7.406087875366211,-0.03413681872189045,-3.7841367721557617,,0.9919984232728212,3.7499999534338713,True,2, far|ol,right,right,known,True,7.14514684677124,m,True,True,m,True
es,bache,m,pothole,stratum,wiktionary:kaikki@2026-10-03,False,,pothole,3.11,,,he,unknown,,3.7227134704589844,3.162342071533203,-0.06990984082221985,-3.3199098110198975,,0.9873557814336558,3.2499999701976776,True,2, b|ache,right,right,known,True,3.4425277709960938,m,True,True,m,True
es,traste,m,fret,stratum,wiktionary:kaikki@2026-10-03,False,,fret,3.1,,,te,unknown,,4.075235366821289,5.018899917602539,-0.04921418987214565,-3.549214243888855,,0.9816074074212168,3.5000000540167093,True,2, tr|aste,right,right,known,True,4.547067642211914,m,True,True,m,True
es,derbi,m,derby,stratum,wiktionary:kaikki@2026-10-03,False,,"derby, local derby",3.1,,,bi,unknown,,5.307718276977539,4.314022064208984,-0.18172220513224602,-3.0567221641540527,,0.9133046716070512,2.8749999590218067,True,2, der|bi,right,right,known,True,4.810870170593262,m,True,True,m,True
es,trébol,m,clover,stratum,wiktionary:kaikki@2026-10-03,False,,clover,3.1,,,ol,native,,3.2526702880859375,2.568540573120117,-0.05215670354664326,-3.552156686782837,,0.9813873557456417,3.4999999832361937,True,3, tr|é|bol,right,right,known,True,2.9106054306030273,m,True,True,m,True
es,barniz,m,varnish,stratum,wiktionary:kaikki@2026-10-03,False,,"varnish, gloss",3.1,,,iz,native,,4.460402488708496,3.473529815673828,-0.016430367715656757,-4.766430377960205,,0.9924801734393821,4.750000010244548,True,2, barn|iz,right,right,known,True,3.966966152191162,m,True,True,m,True
es,brazalete,m,bracelet,stratum,wiktionary:kaikki@2026-10-03,False,,bracelet,3.1,,,-ete,unknown,,3.097566604614258,4.345417022705078,-0.042537255212664604,-3.6675370931625366,,0.9856624207865583,3.624999837949872,True,3, braz|ale|te,right,right,known,True,3.721491813659668,m,True,True,m,True
es,filete,m,fillet,stratum,wiktionary:kaikki@2026-10-03,False,,"fillet, steak",3.09,,,-ete,loan,,-0.2901496887207031,2.909078598022461,-0.07701567932963371,-2.8270156383514404,,0.9868112153760702,2.7499999590218067,True,2, file|te,unsure,right,unsure,False,1.309464454650879,m,True,False,m,True
es,mantel,m,tablecloth,stratum,wiktionary:kaikki@2026-10-03,False,,tablecloth,3.09,,,el,loan,,5.437832832336426,5.0445556640625,-0.015154458582401276,-5.265154600143433,,0.9901289731547571,5.250000141561031,True,2, mant|el,right,right,known,True,5.241194248199463,m,True,True,m,True
es,panal,m,honeycomb,stratum,wiktionary:kaikki@2026-10-03,False,,honeycomb,3.09,,,al,unknown,,5.331045150756836,0.5276050567626953,-0.029157008975744247,-4.404156923294067,,0.983586936314121,4.374999914318323,True,2, pan|al,right,unsure,unsure,False,2.9293251037597656,m,True,True,m,True
es,hostal,m,hostel,stratum,wiktionary:kaikki@2026-10-03,False,,hostel; cheap hotel,3.09,,,al,native,,4.411176681518555,3.497180938720703,-0.019814359955489635,-5.144814491271973,,0.9862565302217587,5.125000131316483,True,2, host|al,right,right,known,True,3.954178810119629,m,True,True,m,True
es,portaaviones,m,aircraft carrier,stratum,wiktionary:kaikki@2026-10-03,False,,aircraft carrier,3.09,,,es,unknown,,5.875556945800781,1.1169281005859375,-0.049578387290239334,-4.424578428268433,,0.9637575665427857,4.375000040978193,True,3, porta|av|iones,right,right,known,True,3.4962425231933594,m,True,True,m,True
es,jornal,m,day's pay,stratum,wiktionary:kaikki@2026-10-03,False,,a day's pay,3.07,,,al,unknown,,4.714372634887695,4.298168182373047,-0.0277439933270216,-4.2777440547943115,,0.98825588425263,4.25000006146729,True,2, jorn|al,right,right,known,True,4.506270408630371,m,True,True,m,True
es,hélice,f,helix,stratum,wiktionary:kaikki@2026-10-03,False,,helix,3.07,,,ce,loan,,-4.477458953857422,-6.173715591430664,-4.157791972160339,-0.03279207553714514,,0.9864828615080132,-4.124999896623194,True,2, hé|lice,right,right,known,True,-5.325587272644043,f,True,True,f,True
es,tapiz,m,tapestry,stratum,wiktionary:kaikki@2026-10-03,False,,tapestry,3.06,,,iz,loan,,4.221637725830078,4.052453994750977,-0.017444778233766556,-5.017444610595703,,0.9893294594161981,4.999999832361937,True,2, tap|iz,right,right,known,True,4.137045860290527,m,True,True,m,True
es,delantal,m,apron,stratum,wiktionary:kaikki@2026-10-03,False,,apron,3.06,,,al,unknown,,3.1472129821777344,5.485712051391602,-0.026797321625053883,-4.276797294616699,,0.9874467274633402,4.249999972991645,True,2, del|antal,right,right,known,True,4.316462516784668,m,True,True,m,True
es,crisol,m,crucible,stratum,wiktionary:kaikki@2026-10-03,False,,crucible,3.06,,,ol,unknown,,4.768320083618164,3.9973526000976562,-0.02517001796513796,-4.400169849395752,,0.9882819390726947,4.374999831430614,True,2, cris|ol,right,right,known,True,4.38283634185791,m,True,True,m,True
es,retrete,m,toilet,stratum,wiktionary:kaikki@2026-10-03,False,,toilet,3.05,,,-ete,loan,,3.5915088653564453,3.585081100463867,-0.037912143394351006,-3.7879122495651245,,0.9861350625423384,3.7500001061707735,True,2, ret|rete,right,right,known,True,3.5882949829101562,m,True,True,m,True
es,descontrol,m,lack of control or order,stratum,wiktionary:kaikki@2026-10-03,False,,a lack of control or order; unruliness,3.05,,,ol,native,,6.565395355224609,8.601728439331055,-0.017861192114651203,-5.8928611278533936,,0.9850780770014307,5.874999935738742,True,2, des|control,right,right,known,True,7.583561897277832,m,True,True,m,True
es,seccional,f,police subdivision in montevideo. there are 24 of them in montevideo,stratum,wiktionary:kaikki@2026-10-03,False,,a police subdivision in Montevideo. There are 24 of them in Montevideo,3.05,,,al,unknown,,-0.2300586700439453,-0.46756744384765625,-1.5624364614486694,-0.5624364465475082,,0.9646926630336848,-1.0000000149011612,False,3, se|cc|ional,unsure,unsure,unsure,False,-0.3488130569458008,f,True,True,f,True
es,rosal,m,rosebush,stratum,wiktionary:kaikki@2026-10-03,False,,rosebush,3.05,,,al,unknown,,5.010324478149414,4.521333694458008,-0.11210561357438564,-2.73710560798645,,0.9830330424575919,2.6249999944120646,True,2, ro|sal,right,right,known,True,4.765829086303711,m,True,True,m,True
es,anís,m,anise,stratum,wiktionary:kaikki@2026-10-03,False,,anise,3.04,,,ís,loan,,2.022854804992676,1.01361083984375,-0.026903346180915833,-4.401903390884399,,0.985804113161542,4.375000044703484,True,2, an|ís,right,right,known,True,1.518232822418213,m,True,True,m,True
es,arcoíris,m,rainbow,stratum,wiktionary:kaikki@2026-10-03,False,,rainbow,3.04,,,is,unknown,,2.933333396911621,4.478524208068848,-0.020317604765295982,-6.145317792892456,,0.9820335815197921,6.12500018812716,True,4, ar|co|í|ris,right,right,known,True,3.7059288024902344,m,True,True,m,True
es,granel,m,bulk,stratum,wiktionary:kaikki@2026-10-03,False,,bulk (unpackaged goods),3.02,,,el,unknown,,6.297700881958008,4.079719543457031,-0.05517757311463356,-3.4301775693893433,,0.9789573368794963,3.3749999962747097,True,2, gr|anel,right,right,known,True,5.1887102127075195,m,True,True,m,True
es,grial,m,grail,stratum,wiktionary:kaikki@2026-10-03,False,,grail,3.01,,,al,loan,,4.068122863769531,5.05982780456543,-0.08327824249863625,-3.0832782983779907,,0.97146359615405,3.0000000558793545,True,2, g|rial,right,right,known,True,4.5639753341674805,m,True,True,m,True
es,tun,m,pre-hispanic percussion instrument from guatemala,stratum,wiktionary:kaikki@2026-10-03,False,,"a Pre-Hispanic percussion instrument from Guatemala, consisting of a hollow wooden block with slits in the sides",3.01,,,un,unknown,,3.4686317443847656,3.149127960205078,-0.669278621673584,-0.794278621673584,,0.9658645930288723,0.125,False,1, tun,right,right,known,True,3.308879852294922,m,True,True,m,True
es,arrabal,m,suburb,stratum,wiktionary:kaikki@2026-10-03,False,,suburb,3.0,,,al,loan,,5.5482025146484375,3.851177215576172,-0.02329753153026104,-5.398297548294067,,0.9815312770806438,5.375000016763806,True,2, arr|abal,right,right,known,True,4.699689865112305,m,True,True,m,True
es,hule,m,natural rubber,stratum,wiktionary:kaikki@2026-10-03,False,,natural rubber,3.0,,,le,unknown,,4.716136932373047,1.4320354461669922,-0.01631990261375904,-5.266319990158081,,0.9889755286303523,5.250000087544322,True,2, h|ule,right,right,known,True,3.0740861892700195,m,True,True,m,True
es,póquer,m,poker,stratum,wiktionary:kaikki@2026-10-03,False,,poker (card game),2.99,,,er,unknown,,2.5170135498046875,4.809898376464844,-0.04113234020769596,-3.79113233089447,,0.9829646271371182,3.7499999906867743,True,2, pó|quer,right,right,known,True,3.6634559631347656,m,True,True,m,True
es,camarote,m,cabin,stratum,wiktionary:kaikki@2026-10-03,False,,"cabin, quarters",2.99,,,-ote,unknown,,3.851438522338867,3.516094207763672,-0.025623357854783535,-4.525623321533203,,0.9868961719366275,4.49999996367842,True,2, camar|ote,right,right,known,True,3.6837663650512695,m,True,True,m,True
es,bisturí,m,scalpel,stratum,wiktionary:kaikki@2026-10-03,False,,"scalpel, bistoury",2.99,,,rí,loan,,6.704936981201172,3.527820587158203,-0.013811420649290085,-5.388811349868774,,0.9908877831570486,5.374999929219484,True,3, bist|ur|í,right,right,known,True,5.1163787841796875,m,True,True,m,True
es,menester,m,something necessary,stratum,wiktionary:kaikki@2026-10-03,False,,"something necessary, requirement, must",2.98,,,er,native,,2.214214324951172,2.848552703857422,-0.024241783656179905,-6.71174168586731,,0.9773267336745406,6.68749990221113,True,2, men|ester,right,right,known,True,2.531383514404297,m,True,True,m,True
es,parral,m,vine arbour,stratum,wiktionary:kaikki@2026-10-03,False,,vine arbour,2.98,,,al,unknown,,5.183267593383789,4.017232894897461,-0.05168716609477997,-3.4266871213912964,,0.9823672779705191,3.3749999552965164,True,3, p|arr|al,right,right,known,True,4.600250244140625,m,True,True,m,True
es,tándem,m,tandem bicycle,stratum,wiktionary:kaikki@2026-10-03,False,,tandem bicycle,2.98,,,em,unknown,,3.099149703979492,3.060802459716797,-0.035408174619078636,-4.41040825843811,,0.9774567522208545,4.375000083819032,True,3, t|ánd|em,right,right,known,True,3.0799760818481445,m,True,True,m,True
es,desliz,m,slip,stratum,wiktionary:kaikki@2026-10-03,False,,"slip, lapse",2.97,,,iz,unknown,,8.25149917602539,7.477540969848633,-0.0761595256626606,-3.0761594772338867,,0.9741854246244471,2.999999951571226,True,3, des|l|iz,right,right,known,True,7.864520072937012,m,True,True,m,True
es,pesebre,m,nativity scene,stratum,wiktionary:kaikki@2026-10-03,False,,nativity scene,2.95,,,re,unknown,,2.561427116394043,3.087940216064453,-0.03747287392616272,-3.7874728441238403,,0.986568329415763,3.7499999701976776,True,3, p|ese|bre,right,right,known,True,2.824683666229248,m,True,True,m,True
es,vorágine,f,whirlpool,stratum,wiktionary:kaikki@2026-10-03,False,,"whirlpool, maelstrom",2.95,,,ne,loan,,-0.42880821228027344,-1.263925552368164,-4.5443644523620605,-0.04436454735696316,,0.9729492063093858,-4.499999905005097,True,3, vor|ág|ine,unsure,right,unsure,False,-0.8463668823242188,f,True,True,f,True
es,riel,m,rail,stratum,wiktionary:kaikki@2026-10-03,False,,"rail, track",2.95,,,el,loan,,2.8530807495117188,3.57745361328125,-0.057726776227355,-3.1827268600463867,,0.9856909602734583,3.1250000838190317,True,2, r|iel,right,right,known,True,3.2152671813964844,m,True,True,m,True
es,arnés,m,harness,stratum,wiktionary:kaikki@2026-10-03,False,,harness,2.95,,,és,unknown,,2.283517837524414,2.333087921142578,-0.021377267315983772,-4.646377086639404,,0.9885209278889419,4.6249998193234205,True,3, ar|n|és,right,right,known,True,2.308302879333496,m,True,True,m,True
es,cortafuegos,m,firebreak,stratum,wiktionary:kaikki@2026-10-03,False,,"firebreak, fire line, firetrail (Australia) (An area cleared of all flammable material in the woods to prevent a fire from spreading across it)",2.95,,,os,unknown,,2.372873306274414,1.0455322265625,-0.03347772732377052,-4.033477783203125,,0.9847898408387772,4.0000000558793545,True,3, cort|af|uegos,right,right,known,True,1.709202766418457,m,True,True,m,True
es,gravamen,m,tax,stratum,wiktionary:kaikki@2026-10-03,False,,tax,2.95,,,-men,unknown,,5.883249282836914,4.426719665527344,-0.039473384618759155,-3.789473295211792,,0.9839043476679659,3.749999910593033,True,2, grav|amen,right,right,known,True,5.154984474182129,m,True,True,m,True
es,bou,m,seine fishing,stratum,wiktionary:kaikki@2026-10-03,False,,seine fishing,2.95,,,ou,unknown,,2.4285717010498047,1.5981636047363281,-1.0559569001197815,-0.5559569299221039,,0.9213854157388164,-0.4999999701976776,True,1, bou,right,right,known,True,2.0133676528930664,m,True,True,f,False
es,yunque,m,anvil,stratum,wiktionary:kaikki@2026-10-03,False,,anvil,2.95,,,ue,native,,1.8675060272216797,2.2962303161621094,-0.02025766484439373,-5.020257472991943,,0.9865516756307893,4.99999980814755,True,2, y|unque,right,right,known,True,2.0818681716918945,m,True,True,m,True
es,argot,m,slang,stratum,wiktionary:kaikki@2026-10-03,False,,"slang, argot",2.93,,,ot,unknown,,4.108831405639648,4.272159576416016,-0.12319352850317955,-2.9981935024261475,,0.9375127746495399,2.874999973922968,True,2, arg|ot,right,right,known,True,4.190495491027832,m,True,True,m,True
es,yihad,f,jihad,stratum,wiktionary:kaikki@2026-10-03,False,,jihad,2.92,,,ad,unknown,,-3.0830297470092773,-1.6315345764160156,-2.45079505443573,-0.20079504698514938,,0.9457372283938081,-2.2500000074505806,True,2, y|ihad,right,right,known,True,-2.3572821617126465,f,True,True,f,True
es,telar,m,loom,stratum,wiktionary:kaikki@2026-10-03,False,,loom,2.92,,,ar,unknown,,4.143444061279297,4.66717529296875,-0.031900668516755104,-3.9069007635116577,,0.990105672288782,3.8750000949949026,True,2, tel|ar,right,right,known,True,4.405309677124023,m,True,True,m,True
es,hachís,m,hashish,stratum,wiktionary:kaikki@2026-10-03,False,,hashish,2.92,,,ís,unknown,,4.197470664978027,1.2928009033203125,-0.055631037801504135,-3.4306310415267944,,0.9785013261080977,3.3750000037252903,True,3, h|ach|ís,right,right,known,True,2.74513578414917,m,True,True,m,True
es,almanaque,m,almanac,stratum,wiktionary:kaikki@2026-10-03,False,,almanac,2.91,,,ue,loan,,3.3140506744384766,2.888895034790039,-0.024506188929080963,-4.899506330490112,,0.9833022974900956,4.875000141561031,True,3, al|man|aque,right,right,known,True,3.101472854614258,m,True,True,m,True
es,directriz,f,guideline,stratum,wiktionary:kaikki@2026-10-03,False,,"guideline, guidance, direction",2.91,,,iz,unknown,,-4.310001373291016,-5.084745407104492,-4.283015966415405,-0.03301600553095341,,0.9830595670205463,-4.249999960884452,True,2, direct|riz,right,right,known,True,-4.697373390197754,f,True,True,f,True
es,taburete,m,stool,stratum,wiktionary:kaikki@2026-10-03,False,,"stool, barstool",2.91,,,-ete,unknown,,4.249380111694336,2.2499141693115234,-0.015381327364593744,-5.265381336212158,,0.9899075781419333,5.2500000088475645,True,3, tab|ure|te,right,right,known,True,3.2496471405029297,m,True,True,m,True
es,percance,m,accident,stratum,wiktionary:kaikki@2026-10-03,False,,"accident, mishap",2.9,,,ce,unknown,,2.648540496826172,4.369714736938477,-0.03056731726974249,-5.155567407608032,,0.97571209557564,5.12500009033829,True,2, perc|ance,right,right,known,True,3.509127616882324,m,True,True,m,True
es,matorral,m,brush,stratum,wiktionary:kaikki@2026-10-03,False,,"brush, scrub (wild vegetation)",2.9,,,al,unknown,,3.6796436309814453,4.045085906982422,-0.022820389829576015,-4.647820472717285,,0.9870979946979921,4.625000082887709,True,3, m|ator|ral,right,right,known,True,3.8623647689819336,m,True,True,m,True
es,ingle,f,groin,stratum,wiktionary:kaikki@2026-10-03,False,,groin,2.89,,,le,native,,-1.2384262084960938,-1.5382881164550781,-1.530327059328556,-1.0303270518779755,,0.9568415269518032,-0.5000000074505806,False,2, |ingle,right,right,known,True,-1.388357162475586,f,True,True,f,True
es,lar,m,hearth,stratum,wiktionary:kaikki@2026-10-03,False,,"hearth, fireplace",2.89,,,ar,native,,4.730594635009766,0.49448204040527344,-1.8907667398452759,-0.2657667174935341,,0.9426825256271422,-1.6250000223517418,True,1, lar,right,unsure,unsure,False,2.6125383377075195,m,True,True,f,False
es,clavel,m,carnation,stratum,wiktionary:kaikki@2026-10-03,False,,carnation (plant),2.89,,,el,loan,,9.004093170166016,6.20294189453125,-0.1578880436718464,-2.1578880548477173,,0.9824207243053016,2.000000011175871,True,2, cl|avel,right,right,known,True,7.603517532348633,m,True,True,m,True
es,epígrafe,m,epigraph,stratum,wiktionary:kaikki@2026-10-03,False,,epigraph,2.88,,,fe,loan,,2.360555648803711,2.9028501510620117,-0.35764003172516823,-1.732640027999878,,0.9702297380049855,1.3749999962747097,True,4, ep|í|gr|afe,right,right,known,True,2.6317028999328613,m,True,True,m,True
es,lapsus,m,slip of the tongue,stratum,wiktionary:kaikki@2026-10-03,False,,slip of the tongue,2.88,,,us,unknown,,3.5502796173095703,4.627170562744141,-0.12665294110774994,-2.6266528367996216,,0.9554620614043274,2.4999998956918716,True,2, laps|us,right,right,known,True,4.0887250900268555,m,True,True,m,True
es,balompié,m,football,stratum,wiktionary:kaikki@2026-10-03,False,,football (soccer),2.87,,,ié,native,,5.842384338378906,4.811637878417969,-0.021827202290296555,-5.146827220916748,,0.9853937630721602,5.1250000186264515,True,4, bal|om|pi|é,right,right,known,True,5.3270111083984375,m,True,True,m,True
es,colmenar,m,apiary,stratum,wiktionary:kaikki@2026-10-03,False,,apiary (a place where beehives are kept),2.86,,,ar,unknown,,5.382602691650391,2.0073394775390625,-0.2518253028392792,-1.7518253326416016,,0.9687683422034163,1.5000000298023224,True,3, col|men|ar,right,right,known,True,3.6949710845947266,m,True,True,m,True
es,tui,m,tweet,stratum,wiktionary:kaikki@2026-10-03,False,,tweet (post of Twitter),2.86,,,ui,unknown,,-0.2776622772216797,-0.15364646911621094,-0.8135285377502441,-2.438528537750244,,0.5474970041057444,1.625,True,2, t|ui,unsure,unsure,unsure,False,-0.2156543731689453,f,False,True,m,True
es,mimbre,m,wicker,stratum,wiktionary:kaikki@2026-10-03,False,,wicker,2.86,,,re,native,,3.8881893157958984,2.48382568359375,-0.04829424899071455,-4.173294305801392,,0.9848452342067064,4.125000056810677,True,2, mim|bre,right,right,known,True,3.186007499694824,m,True,True,m,True
es,laúd,m,lute,stratum,wiktionary:kaikki@2026-10-03,False,,lute (a fretted stringed instrument),2.86,,,úd,loan,,3.2713146209716797,1.6481761932373047,-0.0597421545535326,-3.3097420930862427,,0.9830103571984807,3.24999993853271,True,3, la|ú|d,right,right,known,True,2.459745407104492,m,True,True,m,True
es,quiste,m,cyst,stratum,wiktionary:kaikki@2026-10-03,False,,cyst,2.86,,,te,unknown,,3.2450523376464844,3.4656620025634766,-0.07024054601788521,-3.0702404975891113,,0.9785852528928558,2.999999951571226,True,2, qu|iste,right,right,known,True,3.3553571701049805,m,True,True,m,True
es,cordel,m,string,stratum,wiktionary:kaikki@2026-10-03,False,,string (thin thread),2.85,,,el,loan,,5.570516586303711,2.7454452514648438,-0.03297725133597851,-3.907977342605591,,0.989040436237284,3.8750000912696123,True,2, cord|el,right,right,known,True,4.157980918884277,m,True,True,m,True
es,espantapájaros,m,scarecrow,stratum,wiktionary:kaikki@2026-10-03,False,,scarecrow,2.85,,,os,unknown,,5.984731674194336,3.0536136627197266,-0.06547389924526215,-5.065474033355713,,0.9431558125368911,5.000000134110451,True,6, esp|ant|ap|á|jar|os,right,right,known,True,4.519172668457031,m,True,True,m,True
es,vórtice,m,vortex,stratum,wiktionary:kaikki@2026-10-03,False,,vortex,2.85,,,ce,unknown,,4.206157684326172,4.130786895751953,-0.03043479099869728,-4.530434846878052,,0.9811346427848869,4.5000000558793545,True,4, v|ó|rt|ice,right,right,known,True,4.1684722900390625,m,True,True,m,True
es,lanzallamas,m,flamethrower,stratum,wiktionary:kaikki@2026-10-03,False,,flamethrower,2.84,,,as,unknown,,3.372152328491211,0.5131168365478516,-0.07050126045942307,-3.320501208305359,,0.969154774182306,3.249999947845936,True,3, lanz|all|amas,right,unsure,unsure,False,1.9426345825195312,m,True,True,m,True
es,tupper,m,synonym of tupperware,stratum,wiktionary:kaikki@2026-10-03,False,,synonym of Tupperware,2.84,,,er,loan,,3.4129467010498047,2.0014991760253906,-0.03498996142297983,-3.784990072250366,,0.9890212508132817,3.7500001108273864,True,2, t|upper,right,right,known,True,2.7072229385375977,m,True,True,m,True
es,cariz,m,aspect,stratum,wiktionary:kaikki@2026-10-03,False,,"aspect, condition",2.84,,,iz,unknown,,1.5214614868164062,-0.12305641174316406,-0.1334688663482666,-2.5084688663482666,,0.9713554277369217,2.375,True,2, car|iz,right,unsure,unsure,False,0.6992025375366211,m,True,False,m,True
es,peral,m,pear tree,stratum,wiktionary:kaikki@2026-10-03,False,,pear tree,2.84,,,al,unknown,,4.68327522277832,-1.1514129638671875,-0.4367577563971281,-2.9367578327655792,,0.9790733644794253,2.500000076368451,False,2, per|al,right,wrong,conflict,False,1.7659311294555664,m,True,False,m,True
es,parachoques,m,bumper,stratum,wiktionary:kaikki@2026-10-03,False,,bumper,2.84,,,es,unknown,,3.732248306274414,3.8643627166748047,-0.10851029306650162,-3.9835102558135986,,0.9196003988300699,3.874999962747097,True,3, par|acho|ques,right,right,known,True,3.7983055114746094,m,True,True,m,True
es,cañaveral,m,reed field,stratum,wiktionary:kaikki@2026-10-03,False,,reed field,2.83,,,al,native,,2.9034652709960938,2.608926773071289,-0.035106793977320194,-4.535106658935547,,0.9765624963854403,4.499999864958227,True,4, ca|ñ|av|eral,right,right,known,True,2.7561960220336914,m,True,True,m,True
es,dineral,m,mint,stratum,wiktionary:kaikki@2026-10-03,False,,"mint, bundle, (UK) packet, an arm and a leg (large amount of money)",2.83,,,al,unknown,,10.65770435333252,8.20265007019043,-0.10211025550961494,-3.227110266685486,,0.9428995660934065,3.125000011175871,True,2, din|eral,right,right,known,True,9.430177211761475,m,True,True,m,True
es,islote,m,islet,stratum,wiktionary:kaikki@2026-10-03,False,,islet,2.82,,,-ote,unknown,,3.6511707305908203,4.926923751831055,-0.031576753593981266,-4.656576871871948,,0.9790848048919463,4.625000118277967,True,2, isl|ote,right,right,known,True,4.2890472412109375,m,True,True,m,True
es,pendrive,m,flash drive,stratum,wiktionary:kaikki@2026-10-03,False,,"flash drive, pen drive, USB drive, memory stick, thumb drive",2.82,,,ve,unknown,,1.241048812866211,3.079507827758789,-0.02588801085948944,-4.400887966156006,,0.9875721171134937,4.374999955296516,True,2, pend|rive,right,right,known,True,2.1602783203125,m,True,True,m,True
es,gasoil,m,diesel fuel,stratum,wiktionary:kaikki@2026-10-03,False,,diesel fuel,2.82,,,il,unknown,,5.491349220275879,3.150970458984375,-0.059675922617316246,-3.184675931930542,,0.9837722518600114,3.1250000093132257,True,2, gas|oil,right,right,known,True,4.321159839630127,m,True,True,m,True
es,aquelarre,m,nocturnal group of witches and the devil,stratum,wiktionary:kaikki@2026-10-03,False,,a nocturnal group of witches and the devil,2.81,,,re,loan,,2.0687103271484375,2.889760971069336,-0.038588421419262886,-4.788588285446167,,0.9707302880244133,4.749999864026904,True,3, aquel|ar|re,right,right,known,True,2.4792356491088867,m,True,True,m,True
es,chagas,m,chagas disease,stratum,wiktionary:kaikki@2026-10-03,False,,Chagas disease,2.81,,,as,unknown,,2.9695472717285156,1.3872947692871094,-2.22985976934433,-1.1048597693443298,,0.4720675285655336,-1.125,True,2, ch|agas,right,right,known,True,2.1784210205078125,m,True,True,f,False
es,tifus,m,typhus,stratum,wiktionary:kaikki@2026-10-03,False,,typhus,2.81,,,us,loan,,2.6977920532226562,-1.5502071380615234,-0.07126788981258869,-3.32126784324646,,0.9684313437233125,3.2499999534338713,True,3, t|if|us,right,wrong,conflict,False,0.5737924575805664,m,True,False,m,True
es,laringe,f,larynx,stratum,wiktionary:kaikki@2026-10-03,False,,larynx,2.81,,,ge,loan,,-5.210382461547852,-6.680898666381836,-4.898847341537476,-0.023847443982958794,,0.9844179724400517,-4.874999897554517,True,3, l|aring|e,right,right,known,True,-5.945640563964844,f,True,True,f,True
es,palmarés,m,list of winners or champions,stratum,wiktionary:kaikki@2026-10-03,False,,"list of winners or champions, prize list",2.8,,,és,unknown,,5.270784378051758,2.6401824951171875,-0.029836341738700867,-4.529836416244507,,0.981721739377238,4.500000074505806,True,3, pal|mar|és,right,right,known,True,3.9554834365844727,m,True,True,m,True
es,dosel,m,canopy,stratum,wiktionary:kaikki@2026-10-03,False,,canopy,2.8,,,el,loan,,4.381730079650879,1.1005516052246094,-0.05017231963574886,-3.4251723289489746,,0.9858460892341139,3.3750000093132257,True,2, dos|el,right,right,known,True,2.741140842437744,m,True,True,m,True
es,bistec,m,steak,stratum,wiktionary:kaikki@2026-10-03,False,,"steak, beefsteak",2.8,,,ec,unknown,,7.038895606994629,2.552530288696289,-0.06631713174283504,-3.066317081451416,,0.9880784359526853,2.999999949708581,True,2, bist|ec,right,right,known,True,4.795712947845459,m,True,True,m,True
es,antifaz,m,domino mask,stratum,wiktionary:kaikki@2026-10-03,False,,"domino mask, eyemask",2.8,,,az,unknown,,2.4211854934692383,2.735361099243164,-0.10451866686344147,-2.8545186519622803,,0.9872975311964718,2.749999985098839,True,3, ant|if|az,right,right,known,True,2.578273296356201,m,True,True,m,True
es,ajuar,m,dowry,stratum,wiktionary:kaikki@2026-10-03,False,,"dowry, trousseau",2.8,,,ar,native,,5.375722885131836,5.4685211181640625,-0.038669904693961143,-4.16366982460022,,0.9777388141559178,4.124999919906259,True,3, a|ju|ar,right,right,known,True,5.422122001647949,m,True,True,m,True
es,croquis,m,sketch,stratum,wiktionary:kaikki@2026-10-03,False,,a sketch,2.8,,,is,unknown,,2.697103500366211,5.777790069580078,-0.024369300343096256,-4.774369239807129,,0.9846383698115833,4.749999939464033,True,2, cro|quis,right,right,known,True,4.2374467849731445,m,True,True,m,True
es,almíbar,m,sugar water,stratum,wiktionary:kaikki@2026-10-03,False,,sugar water,2.79,,,ar,loan,,1.7442646026611328,1.9523124694824219,-0.04135984741151333,-3.666359782218933,,0.9868233880725557,3.6249999348074198,True,3, alm|í|bar,right,right,known,True,1.8482885360717773,m,True,True,m,True
es,boquete,m,gap,stratum,wiktionary:kaikki@2026-10-03,False,,"gap, small opening",2.79,,,-ete,unknown,,6.730379104614258,6.1091766357421875,-0.04827024042606354,-3.423270344734192,,0.9857322314197399,3.3750001043081284,True,2, bo|quete,right,right,known,True,6.419777870178223,m,True,True,m,True
es,calambre,m,cramp,stratum,wiktionary:kaikki@2026-10-03,False,,cramp,2.79,,,re,unknown,,4.474576950073242,6.029521942138672,-0.02052103355526924,-5.395520925521851,,0.9842694191782271,5.374999891966581,True,2, cal|ambre,right,right,known,True,5.252049446105957,m,True,True,m,True
es,triplete,m,treble,stratum,wiktionary:kaikki@2026-10-03,False,,treble (a team that wins three competitions in the same season),2.78,,,-ete,unknown,,2.811319351196289,2.642873764038086,-0.18118633329868317,-2.431186318397522,,0.9453889597268827,2.249999985098839,True,2, tri|plete,right,right,known,True,2.7270965576171875,m,True,True,m,True
es,cenit,m,zenith,stratum,wiktionary:kaikki@2026-10-03,False,,zenith,2.78,,,it,loan,,2.252155303955078,5.264326095581055,-0.03318941965699196,-4.283189296722412,,0.9815816104300834,4.24999987706542,True,2, cen|it,right,right,known,True,3.7582406997680664,m,True,True,m,True
es,sirope,m,syrup,stratum,wiktionary:kaikki@2026-10-03,False,,syrup,2.78,,,pe,unknown,,0.9124317169189453,-0.6176948547363281,-0.025319546461105347,-4.400319576263428,,0.9873703564624379,4.375000029802322,True,3, si|ro|pe,unsure,unsure,unsure,False,0.1473684310913086,m,True,False,m,True
es,tul,m,tulle,stratum,wiktionary:kaikki@2026-10-03,False,,tulle (material),2.78,,,ul,unknown,,2.3242759704589844,1.0547409057617188,-0.11662041582167149,-2.616620361804962,,0.9826675863871033,2.4999999459832907,True,1, tul,right,right,known,True,1.6895084381103516,m,True,True,m,True
es,cachete,m,cheek,stratum,wiktionary:kaikki@2026-10-03,False,,cheek,2.77,,,-ete,unknown,,5.621665954589844,3.5528087615966797,-0.0927625373005867,-2.967762589454651,,0.9726701013046811,2.875000052154064,True,2, cach|ete,right,right,known,True,4.587237358093262,m,True,True,m,True
es,pastizal,m,grassland,stratum,wiktionary:kaikki@2026-10-03,False,,"grassland, pasture (land covered with grass)",2.77,,,al,unknown,,5.239728927612305,5.926673889160156,-0.01568461488932371,-5.640684604644775,,0.9880160690857585,5.624999989755452,True,3, past|iz|al,right,right,known,True,5.5832014083862305,m,True,True,m,True
es,puntal,m,prop,stratum,wiktionary:kaikki@2026-10-03,False,,"prop, support",2.77,,,al,unknown,,2.139169692993164,3.5825462341308594,-0.08213851973414421,-2.8321385383605957,,0.9870700076009244,2.7500000186264515,True,2, punt|al,right,right,known,True,2.8608579635620117,m,True,True,m,True
es,pasodoble,m,certain kind of march,stratum,wiktionary:kaikki@2026-10-03,False,,a certain kind of march (music),2.77,,,le,unknown,,4.595939636230469,4.147741317749023,-0.06486471183598042,-3.064864754676819,,0.9852496340267521,3.0000000428408384,True,3, pas|od|oble,right,right,known,True,4.371840476989746,m,True,True,m,True
es,morral,m,backpack,stratum,wiktionary:kaikki@2026-10-03,False,,"backpack, knapsack",2.76,,,al,unknown,,1.6466102600097656,3.7350196838378906,-0.01932061556726694,-4.769320726394653,,0.9896159971725531,4.750000110827386,True,2, mor|ral,right,right,known,True,2.690814971923828,m,True,True,m,True
es,envés,m,back,stratum,wiktionary:kaikki@2026-10-03,False,,"back (the reverse side of a leaf, fabric etc.)",2.76,,,és,native,,2.9914684295654297,1.6652565002441406,-0.05668279901146889,-3.306682825088501,,0.9826397255927262,3.250000026077032,True,2, env|és,right,right,known,True,2.328362464904785,m,True,True,m,True
es,monteverde,m,area of subtropical forest found in the canary islands,stratum,wiktionary:kaikki@2026-10-03,False,,an area of subtropical forest found in the Canary Islands,2.76,,,de,unknown,,1.8735904693603516,4.393213272094727,-0.17952072620391846,-2.4295206665992737,,0.9339491216536704,2.2499999403953552,True,3, mont|ever|de,right,right,known,True,3.133401870727539,m,True,True,m,True
es,fuste,m,wood,stratum,wiktionary:kaikki@2026-10-03,False,,wood,2.75,,,te,native,,3.1683425903320312,2.8089027404785156,-0.06016751006245613,-3.18516743183136,,0.9832887545471493,3.1249999217689037,True,2, f|uste,right,right,known,True,2.9886226654052734,m,True,True,m,True
es,caballete,m,easel,stratum,wiktionary:kaikki@2026-10-03,False,,easel,2.74,,,-ete,unknown,,4.0468597412109375,6.036285400390625,-0.023949972353875637,-4.398949861526489,,0.9887197802051653,4.374999889172614,True,3, cab|al|lete,right,right,known,True,5.041572570800781,m,True,True,m,True
es,descapotable,m,convertible,stratum,wiktionary:kaikki@2026-10-03,False,,convertible,2.74,,,le,unknown,,2.8684234619140625,3.8093338012695312,-0.07588030584156513,-3.075880289077759,,0.9786733560639038,2.9999999832361937,True,3, desc|apot|able,right,right,known,True,3.338878631591797,m,True,True,m,True
es,catre,m,cot,stratum,wiktionary:kaikki@2026-10-03,False,,cot (bed frame),2.74,,,re,loan,,2.4372386932373047,1.4858016967773438,-0.029599069617688656,-4.029599189758301,,0.9886172151080284,4.000000120140612,True,2, cat|re,right,right,known,True,1.9615201950073242,m,True,True,m,True
es,vendaval,m,windstorm,stratum,wiktionary:kaikki@2026-10-03,False,,windstorm,2.74,,,al,loan,,4.092563629150391,4.182842254638672,-0.016910136677324772,-5.766910076141357,,0.986759583654415,5.749999939464033,True,2, vend|aval,right,right,known,True,4.137702941894531,m,True,True,m,True
es,frac,m,tailcoat,stratum,wiktionary:kaikki@2026-10-03,False,,tailcoat,2.73,,,ac,loan,,-0.4985542297363281,0.66339111328125,-0.014628726057708263,-6.014628648757935,,0.9879970703267669,5.999999922700226,True,1, frac,unsure,unsure,unsure,False,0.08241844177246094,m,True,False,m,True
es,redil,m,fold,stratum,wiktionary:kaikki@2026-10-03,False,,"fold, pen, sheepfold (fenced off space to keep animals)",2.73,,,il,unknown,,2.0795440673828125,-0.09348678588867188,-0.03682487364858389,-3.9118248224258423,,0.9877950229352226,3.8749999487772584,True,2, red|il,right,unsure,unsure,False,0.9930286407470703,m,True,False,m,True
es,profilaxis,f,prophylaxis,stratum,wiktionary:kaikki@2026-10-03,False,,prophylaxis,2.72,,,is,unknown,,-3.456197738647461,-0.3411827087402344,-4.04873514175415,-0.04873506724834442,,0.9749151930414244,-4.000000074505806,True,2, profil|axis,right,unsure,unsure,False,-1.8986902236938477,f,True,True,f,True
es,tocadiscos,m,record player,stratum,wiktionary:kaikki@2026-10-03,False,,record player,2.72,,,os,unknown,,6.732473373413086,2.005342483520508,-0.04264160431921482,-3.667641520500183,,0.9839880881224703,3.6249999161809683,True,4, to|cad|isc|os,right,right,known,True,4.368907928466797,m,True,True,m,True
es,limpiaparabrisas,m,windshield wiper,stratum,wiktionary:kaikki@2026-10-03,False,,windshield wiper; windscreen wiper,2.72,,,as,unknown,,6.482866287231445,5.22590446472168,-0.0753423199057579,-3.0753424167633057,,0.9736012367034093,3.0000000968575478,True,7, lim|pi|ap|ar|ab|ris|as,right,right,known,True,5.8543853759765625,m,True,True,m,True
es,cogote,m,nape,stratum,wiktionary:kaikki@2026-10-03,False,,nape (of the neck),2.71,,,-ote,unknown,,6.113029479980469,1.8214645385742188,-0.02577894553542137,-4.150778889656067,,0.9914048301865752,4.1249999441206455,True,2, cog|ote,right,right,known,True,3.9672470092773438,m,True,True,m,True
es,terraplén,m,embankment,stratum,wiktionary:kaikki@2026-10-03,False,,"embankment; fill (on a hillside, etc.)",2.71,,,én,unknown,,4.865312576293945,8.182117462158203,-0.0310636842623353,-4.156063556671143,,0.9852039961906827,4.124999872408807,True,3, terr|apl|én,right,right,known,True,6.523715019226074,m,True,True,m,True
es,humedal,m,wetland,stratum,wiktionary:kaikki@2026-10-03,False,,wetland,2.71,,,al,unknown,,3.4626846313476562,1.5727119445800781,-0.02353607304394245,-5.273535966873169,,0.9820299211066674,5.2499998938292265,True,3, hum|ed|al,right,right,known,True,2.517698287963867,m,True,True,m,True
es,buche,m,crop,stratum,wiktionary:kaikki@2026-10-03,False,,crop (pouch-like part of the alimentary tract of some birds),2.71,,,he,native,,1.5904998779296875,3.70953369140625,-0.16966251283884048,-2.0446624755859375,,0.9813242819190658,1.874999962747097,True,2, bu|che,right,right,known,True,2.6500167846679688,m,True,True,m,True
es,lavavajillas,m,dish detergent,stratum,wiktionary:kaikki@2026-10-03,False,,dish detergent,2.71,,,as,unknown,,0.7425689697265625,3.1562461853027344,-0.059398042038083076,-3.309398055076599,,0.9833486788911894,3.250000013038516,True,4, lav|av|aj|illas,unsure,right,unsure,False,1.9494075775146484,m,True,True,m,True
es,harén,m,harem,stratum,wiktionary:kaikki@2026-10-03,False,,harem,2.71,,,én,loan,,3.646717071533203,0.4785900115966797,-0.07207117788493633,-3.1970711946487427,,0.9741284296187487,3.1250000167638063,True,2, har|én,right,unsure,unsure,False,2.0626535415649414,m,True,True,m,True
es,celuloide,m,celluloid,stratum,wiktionary:kaikki@2026-10-03,False,,celluloid (variety of thermoplastics),2.7,,,de,unknown,,4.501508712768555,1.110788345336914,-0.22434982657432556,-2.349349856376648,,0.9840891109700931,2.1250000298023224,True,3, cel|ulo|ide,right,right,known,True,2.8061485290527344,m,True,True,m,True
es,regaliz,m,liquorice,stratum,wiktionary:kaikki@2026-10-03,False,,liquorice,2.7,,,iz,native,,4.187084197998047,0.2774333953857422,-0.1053660474717617,-2.6053661108016968,,0.9825457902206065,2.500000063329935,True,3, reg|al|iz,right,unsure,unsure,False,2.2322587966918945,m,True,True,m,True
es,ferri,m,ferry,stratum,wiktionary:kaikki@2026-10-03,False,,ferry,2.7,,,ri,unknown,,2.322978973388672,-1.2061920166015625,-0.14571872539818287,-2.77071875333786,,0.9672352363979533,2.6250000279396772,True,2, fer|ri,right,wrong,conflict,False,0.5583934783935547,m,True,False,m,True
es,ábside,m,apse,stratum,wiktionary:kaikki@2026-10-03,False,,apse,2.69,,,de,unknown,,5.753578186035156,5.438241958618164,-0.1027488075196743,-2.60274875164032,,0.9785753774001156,2.4999999441206455,True,3, á|bs|ide,right,right,known,True,5.59591007232666,m,True,True,m,True
es,procés,m,process of catalan independence,stratum,wiktionary:kaikki@2026-10-03,False,,the process of Catalan independence,2.69,,,és,unknown,,7.61008358001709,2.0481033325195312,-0.057376421988010406,-6.119876384735107,,0.9468653340662152,6.062499962747097,True,2, proc|és,right,right,known,True,4.8290934562683105,m,True,True,m,True
es,carrizal,m,area of reeds,stratum,wiktionary:kaikki@2026-10-03,False,,"area of reeds, reed field",2.69,,,al,unknown,,3.6384525299072266,2.2330169677734375,-0.019956596195697784,-5.394956588745117,,0.9848168732824416,5.374999992549419,True,3, carr|iz|al,right,right,known,True,2.935734748840332,m,True,True,m,True
es,puntapié,m,kick,stratum,wiktionary:kaikki@2026-10-03,False,,kick (blow given with the foot),2.69,,,ié,unknown,,2.8354339599609375,4.280941009521484,-0.031270956620574,-4.0312711000442505,,0.9875140017054671,4.0000001434236765,True,3, punt|api|é,right,right,known,True,3.558187484741211,m,True,True,m,True
es,vergel,m,orchard,stratum,wiktionary:kaikki@2026-10-03,False,,orchard,2.68,,,el,loan,,4.575980186462402,4.832941055297852,-0.1166510321199894,-2.616650938987732,,0.9715243594059133,2.4999999068677425,True,2, verg|el,right,right,known,True,4.704460620880127,m,True,True,m,True
es,pajar,m,haystack,stratum,wiktionary:kaikki@2026-10-03,False,,haystack,2.68,,,ar,native,,5.942352294921875,4.52049446105957,-0.18887875229120255,-2.1888787746429443,,0.9524409367183024,2.000000022351742,True,2, p|ajar,right,right,known,True,5.231423377990723,m,True,True,m,True
es,basural,m,landfill,stratum,wiktionary:kaikki@2026-10-03,False,,"landfill, dump (place where waste or garbage is left)",2.68,,,al,unknown,,4.881404876708984,1.9609718322753906,-0.09754630364477634,-3.472546398639679,,0.9860223876368746,3.3750000949949026,True,2, bas|ural,right,right,known,True,3.4211883544921875,m,True,True,m,True
es,pasamontañas,m,balaclava,stratum,wiktionary:kaikki@2026-10-03,False,,balaclava,2.68,,,as,unknown,,1.8418197631835938,0.6552391052246094,-0.13925126567482948,-2.2642512917518616,,0.980498528179644,2.125000026077032,True,5, pas|am|ont|añ|as,right,unsure,unsure,False,1.2485294342041016,m,True,True,m,True
es,azahar,m,orange blossom,stratum,wiktionary:kaikki@2026-10-03,False,,orange blossom,2.67,,,ar,loan,,0.6646041870117188,1.0113086700439453,-0.027729973196983337,-4.6527299880981445,,0.984090038215062,4.625000014901161,True,3, az|ah|ar,unsure,right,unsure,False,0.837956428527832,m,True,True,m,True
es,torniquete,m,turnstile,stratum,wiktionary:kaikki@2026-10-03,False,,turnstile,2.67,,,-ete,unknown,,2.2689895629882812,0.4969825744628906,-0.020286625251173973,-5.395286798477173,,0.9844915031008784,5.375000173225999,True,3, torn|iqu|ete,right,unsure,unsure,False,1.382986068725586,m,True,True,m,True
es,abrazote,m,bear hug,stratum,wiktionary:kaikki@2026-10-03,False,,bear hug,2.66,,,-ote,unknown,,5.804988861083984,3.3605003356933594,-0.02021505869925022,-5.645215034484863,,0.9835522250401847,5.624999975785613,True,3, ab|raz|ote,right,right,known,True,4.582744598388672,m,True,True,m,True
es,desbalance,m,imbalance,stratum,wiktionary:kaikki@2026-10-03,False,,imbalance,2.66,,,ce,unknown,,7.121343612670898,8.970712661743164,-0.03060896322131157,-4.655608892440796,,0.9794409448241371,4.624999929219484,True,2, des|balance,right,right,known,True,8.046028137207031,m,True,True,m,True
es,palacete,m,small palace,stratum,wiktionary:kaikki@2026-10-03,False,,"small palace, mansion, villa",2.66,,,-ete,unknown,,5.290622711181641,6.093929290771484,-0.019743201322853565,-5.519743204116821,,0.9845836933115208,5.500000002793968,True,3, pal|ac|ete,right,right,known,True,5.6922760009765625,m,True,True,m,True
es,efeméride,f,event that is periodically commemorated on its anniversary,stratum,wiktionary:kaikki@2026-10-03,False,,event that is periodically commemorated on its anniversary,2.66,,,de,unknown,,-0.6403312683105469,-0.40837860107421875,-4.175137400627136,-0.05013733636587858,,0.9726284731679787,-4.125000064261258,True,4, ef|em|é|ride,unsure,unsure,unsure,False,-0.5243549346923828,f,True,True,f,True
es,ñame,m,yam,stratum,wiktionary:kaikki@2026-10-03,False,,yam,2.65,,,me,loan,,1.359170913696289,0.6173629760742188,-1.1054107304662466,-1.7304106950759888,,0.9773348676950098,0.6249999646097422,False,3, �|�|ame,right,unsure,unsure,False,0.9882669448852539,m,True,True,m,True
es,popurrí,m,potpourri,stratum,wiktionary:kaikki@2026-10-03,False,,potpourri (collection of various things),2.65,,,rí,loan,,2.213764190673828,4.05714225769043,-0.04329688474535942,-4.043296933174133,,0.975724802617181,4.000000048428774,True,3, pop|urr|í,right,right,known,True,3.135453224182129,m,True,True,m,True
es,soplete,m,blowtorch,stratum,wiktionary:kaikki@2026-10-03,False,,blowtorch,2.65,,,-ete,unknown,,2.7434329986572266,2.1134109497070312,-0.023352312855422497,-4.523352146148682,,0.9881082674931966,4.499999833293259,True,3, s|ople|te,right,right,known,True,2.428421974182129,m,True,True,m,True
es,tamiz,m,sieve,stratum,wiktionary:kaikki@2026-10-03,False,,sieve,2.64,,,iz,loan,,3.974273681640625,2.751230239868164,-0.2574082501232624,-2.632408320903778,,0.986800272998902,2.3750000707805157,True,2, tam|iz,right,right,known,True,3.3627519607543945,m,True,True,m,True
es,ictus,m,stroke,stratum,wiktionary:kaikki@2026-10-03,False,,"stroke, ictus",2.64,,,us,unknown,,3.9661598205566406,1.2845840454101562,-0.04959428124129772,-4.424594402313232,,0.9636991401181187,4.375000121071935,True,3, |ict|us,right,right,known,True,2.6253719329833984,m,True,True,m,True
es,sainete,m,playlet,stratum,wiktionary:kaikki@2026-10-03,False,,"playlet, skit (one-act comic play)",2.64,,,-ete,native,,1.6660480499267578,1.2456512451171875,-0.04572625644505024,-3.6707262992858887,,0.9825245942736012,3.6250000428408384,True,3, s|ain|ete,right,right,known,True,1.4558496475219727,m,True,True,m,True
es,espagueti,m,spaghetti,stratum,wiktionary:kaikki@2026-10-03,False,,spaghetti,2.64,,,ti,loan,,8.94555377960205,3.4682083129882812,-0.22502577304840088,-1.8500257730484009,,0.9650460904737793,1.625,True,4, esp|ag|uet|i,right,right,known,True,6.206881046295166,m,True,True,m,True
es,caqui,m,persimmon,stratum,wiktionary:kaikki@2026-10-03,False,,persimmon (fruit),2.64,,,ui,loan,,-1.0757827758789062,0.23646926879882812,-0.08589643612504005,-3.085896372795105,,0.9761251358613872,2.999999936670065,True,2, ca|qui,wrong,unsure,wrong,False,-0.41965675354003906,f,False,False,m,True
es,tétanos,m,tetanus,stratum,wiktionary:kaikki@2026-10-03,False,,tetanus,2.64,,,os,unknown,,0.6168804168701172,1.5207290649414062,-0.12621460855007172,-2.751214623451233,,0.9496506487905177,2.625000014901161,True,3, t|ét|anos,unsure,right,unsure,False,1.0688047409057617,m,True,True,m,True
es,picaporte,m,doorknob,stratum,wiktionary:kaikki@2026-10-03,False,,"doorknob, door handle",2.63,,,te,unknown,,3.6146373748779297,7.343624114990234,-0.05268477834761143,-3.5526846647262573,,0.9854875425774592,3.499999886378646,True,3, pic|ap|orte,right,right,known,True,5.479130744934082,m,True,True,m,True
es,aeroparque,m,airfield,stratum,wiktionary:kaikki@2026-10-03,False,,airfield,2.63,,,ue,unknown,,4.579751968383789,1.5007438659667969,-0.04617602378129959,-5.421176195144653,,0.9594031267856615,5.375000171363354,True,4, aer|op|ar|que,right,right,known,True,3.040247917175293,m,True,True,m,True
es,maillot,m,jersey,stratum,wiktionary:kaikki@2026-10-03,False,,jersey,2.63,,,ot,unknown,,1.6691932678222656,2.6219749450683594,-0.027142921462655067,-4.2771430015563965,,0.9875345688174226,4.250000080093741,True,3, ma|ill|ot,right,right,known,True,2.1455841064453125,m,True,True,m,True
es,aljibe,m,well,stratum,wiktionary:kaikki@2026-10-03,False,,"well (for water), cistern, tank, reservoir",2.63,,,be,loan,,4.084758758544922,1.6601943969726562,-0.031590438447892666,-4.281590461730957,,0.9844619071027207,4.250000023283064,True,3, al|j|ibe,right,right,known,True,2.872476577758789,m,True,True,m,True
es,hecatombe,f,slaughter,stratum,wiktionary:kaikki@2026-10-03,False,,slaughter; bloodbath,2.63,,,be,unknown,,-2.111644744873047,-2.5407142639160156,-4.849265098571777,-0.0367650305852294,,0.9744438618249271,-4.812500067986548,True,4, he|cat|om|be,right,right,known,True,-2.3261795043945312,f,True,True,f,True
es,lavamanos,m,sink,stratum,wiktionary:kaikki@2026-10-03,False,,sink,2.61,,,os,unknown,,1.3815555572509766,3.947032928466797,-0.3354172483086586,-2.335417151451111,,0.8271966076621258,1.9999999031424522,True,3, lav|aman|os,right,right,known,True,2.6642942428588867,m,True,True,m,True
es,ramillete,m,small bunch,stratum,wiktionary:kaikki@2026-10-03,False,,"Small bunch (of flowers, plants etc.)",2.61,,,-ete,unknown,,5.216236114501953,4.688821792602539,-0.6794201992452145,-2.4294202625751495,,0.9828860528844184,1.750000063329935,False,3, ram|il|lete,right,right,known,True,4.952528953552246,m,True,True,m,True
es,cuentagotas,m,dropper,stratum,wiktionary:kaikki@2026-10-03,False,,dropper,2.61,,,as,unknown,,-1.7836418151855469,-1.6165180206298828,-0.14829662442207336,-2.273296594619751,,0.965913885314851,2.1249999701976776,True,3, cuent|ag|otas,wrong,wrong,wrong,False,-1.7000799179077148,f,False,True,m,True
es,pupitre,m,student desk,stratum,wiktionary:kaikki@2026-10-03,False,,a student desk,2.61,,,re,unknown,,4.318288803100586,3.4360084533691406,-0.016083329916000366,-5.016083478927612,,0.9906759298783483,5.000000149011612,True,2, pup|itre,right,right,known,True,3.8771486282348633,m,True,True,m,True
es,vóley,m,volleyball,stratum,wiktionary:kaikki@2026-10-03,False,,volleyball,2.6,,,ey,unknown,,7.3214569091796875,4.026128768920898,-0.024821100756525993,-4.274821043014526,,0.98983023756397,4.249999942258,True,3, v|ó|ley,right,right,known,True,5.673792839050293,m,True,True,m,True
es,esfínter,m,sphincter,stratum,wiktionary:kaikki@2026-10-03,False,,sphincter,2.6,,,er,loan,,3.220060348510742,1.770111083984375,-0.04027419351041317,-3.9152742624282837,,0.9818514271741619,3.8750000689178705,True,5, es|f|í|nt|er,right,right,known,True,2.4950857162475586,m,True,True,m,True
es,cañar,m,group of reeds,stratum,wiktionary:kaikki@2026-10-03,False,,a group of reeds,2.59,,,ar,unknown,,3.2349491119384766,2.4330825805664062,-0.18640843033790588,-2.1864084601402283,,0.9709774714730031,2.0000000298023224,True,3, ca|ñ|ar,right,right,known,True,2.8340158462524414,m,True,True,m,True
es,peroné,m,calf bone,stratum,wiktionary:kaikki@2026-10-03,False,,"calf bone, fibula",2.59,,,né,unknown,,-1.5294685363769531,1.0753822326660156,-0.06312034279108047,-3.3131203651428223,,0.9796959282153811,3.250000022351742,True,3, per|on|é,wrong,right,conflict,False,-0.22704315185546875,f,False,False,m,True
es,ojal,m,buttonhole,stratum,wiktionary:kaikki@2026-10-03,False,,"buttonhole, eyelet",2.59,,,al,unknown,,4.840843200683594,5.822652816772461,-0.019629712216556072,-5.519629716873169,,0.9850790950190531,5.500000004656613,True,2, o|jal,right,right,known,True,5.331748008728027,m,True,True,m,True
es,casete,m,cassette,stratum,wiktionary:kaikki@2026-10-03,False,,cassette,2.58,,,-ete,unknown,,1.3542461395263672,5.239017486572266,-0.11689566727727652,-3.2418957352638245,,0.9881903826941159,3.125000067986548,True,2, cas|ete,right,right,known,True,3.2966318130493164,m,True,True,m,True
es,babi,m,smock,stratum,wiktionary:kaikki@2026-10-03,False,,smock,2.58,,,bi,loan,,2.7731189727783203,0.33629798889160156,-2.3691384494304657,-0.369138490408659,,0.9330830167545351,-1.9999999590218067,True,2, bab|i,right,unsure,unsure,False,1.554708480834961,m,True,True,f,False
es,templete,m,small temple,stratum,wiktionary:kaikki@2026-10-03,False,,small temple; shrine,2.58,,,-ete,unknown,,6.302862167358398,2.8348426818847656,-0.05824480205774307,-3.433244824409485,,0.9759481044351834,3.375000022351742,True,2, tem|plete,right,right,known,True,4.568852424621582,m,True,True,m,True
es,abedul,m,birch,stratum,wiktionary:kaikki@2026-10-03,False,,birch,2.58,,,ul,native,,1.7024555206298828,-0.1926403045654297,-0.016225625295192003,-6.766225814819336,,0.9852056571215866,6.750000189524144,True,3, ab|ed|ul,right,unsure,unsure,False,0.7549076080322266,m,True,False,m,True
es,autogol,m,own goal,stratum,wiktionary:kaikki@2026-10-03,False,,own goal,2.57,,,ol,unknown,,6.899295806884766,4.718545913696289,-0.032781390473246574,-5.782781362533569,,0.9709457717173082,5.749999972060323,True,3, aut|og|ol,right,right,known,True,5.808920860290527,m,True,True,m,True
es,añil,m,indigo,stratum,wiktionary:kaikki@2026-10-03,False,,indigo (colour),2.57,,,il,loan,,1.8213005065917969,-0.4485588073730469,-0.0398985892534256,-3.664898633956909,,0.9866906365576356,3.6250000447034836,True,2, añ|il,right,unsure,unsure,False,0.686370849609375,m,True,False,m,True
es,microbús,m,minibus,stratum,wiktionary:kaikki@2026-10-03,False,,minibus,2.56,,,ús,unknown,,4.783138275146484,3.6364307403564453,-0.014125889167189598,-6.014125823974609,,0.9884189144803206,5.99999993480742,True,3, micro|b|ús,right,right,known,True,4.209784507751465,m,True,True,m,True
es,cincel,m,chisel,stratum,wiktionary:kaikki@2026-10-03,False,,"chisel, cold chisel",2.56,,,el,loan,,3.8498458862304688,3.797027587890625,-0.014784910250455141,-5.139785051345825,,0.9915970878133538,5.12500014109537,True,3, c|inc|el,right,right,known,True,3.823436737060547,m,True,True,m,True
es,estay,m,stay,stratum,wiktionary:kaikki@2026-10-03,False,,stay,2.56,,,ay,loan,,0.5248641967773438,-1.270721435546875,-1.1160804629325867,-0.7410804629325867,,0.8428039964204207,-0.375,False,2, est|ay,unsure,wrong,wrong,False,-0.3729286193847656,f,False,False,f,False
es,gamonal,m,white asphodel plantation or wood,stratum,wiktionary:kaikki@2026-10-03,False,,white asphodel plantation or wood,2.55,,,al,unknown,,1.2889900207519531,3.452341079711914,-0.11097224801778793,-2.9859721660614014,,0.964751975465251,2.8749999180436134,True,2, gam|onal,right,right,known,True,2.3706655502319336,m,True,True,m,True
es,dúplex,m,duplex flat,stratum,wiktionary:kaikki@2026-10-03,False,,"duplex flat, duplex apartment",2.55,,,ex,unknown,,5.557452201843262,4.160467147827148,-0.05908651277422905,-3.559086561203003,,0.9710936821305788,3.500000048428774,True,2, dú|plex,right,right,known,True,4.858959674835205,m,True,True,m,True
es,trapiche,m,press,stratum,wiktionary:kaikki@2026-10-03,False,,"press, crusher (machine)",2.55,,,he,loan,,2.0594844818115234,1.0431365966796875,-0.08279025182127953,-2.83279025554657,,0.981129637109297,2.7500000037252903,True,2, trap|iche,right,right,known,True,1.5513105392456055,m,True,True,m,True
es,cafetal,m,piece of land cultivating coffee,stratum,wiktionary:kaikki@2026-10-03,False,,piece of land cultivating coffee,2.55,,,al,unknown,,4.068208694458008,7.9836578369140625,-0.03340807370841503,-4.158408045768738,,0.9858761634897808,4.124999972060323,True,2, caf|etal,right,right,known,True,6.025933265686035,m,True,True,m,True
es,tonel,m,barrel,stratum,wiktionary:kaikki@2026-10-03,False,,barrel,2.55,,,el,native,,5.063758850097656,7.86953067779541,-0.05763221252709627,-3.307632088661194,,0.9909290567625431,3.2499998761340976,True,2, ton|el,right,right,known,True,6.466644763946533,m,True,True,m,True
es,santoral,m,saint-day calendar,stratum,wiktionary:kaikki@2026-10-03,False,,saint-day calendar,2.55,,,al,unknown,,1.0754985809326172,0.5815162658691406,-0.030942325480282307,-4.15594220161438,,0.9862990369577681,4.124999876134098,True,2, sant|oral,right,unsure,unsure,False,0.8285074234008789,m,True,True,m,True
es,tupé,m,toupee,stratum,wiktionary:kaikki@2026-10-03,False,,toupee,2.55,,,pé,unknown,,3.3883838653564453,9.255191802978516,-0.07058748975396156,-3.0705875158309937,,0.9796292489217713,3.000000026077032,True,2, tup|é,right,right,known,True,6.3217878341674805,m,True,True,m,True
es,albaricoque,m,apricot,stratum,wiktionary:kaikki@2026-10-03,False,,apricot,2.54,,,ue,unknown,,6.065916061401367,3.158374786376953,-0.021210774779319763,-5.271210670471191,,0.9848022978759123,5.249999895691872,True,4, al|bar|ico|que,right,right,known,True,4.61214542388916,m,True,True,m,True
es,lanzacohetes,m,bazooka,stratum,wiktionary:kaikki@2026-10-03,False,,"bazooka, rocket-propelled grenade",2.54,,,es,unknown,,3.7336273193359375,2.0893917083740234,-1.2270379960536957,-3.977038025856018,,0.3393404254494202,2.7500000298023224,True,4, lanz|ac|oh|etes,right,right,known,True,2.9115095138549805,m,True,True,m,True
es,candil,m,type of oil lamp with a restricted shape and a wick spout on one of its sides,stratum,wiktionary:kaikki@2026-10-03,False,,a type of oil lamp with a restricted (jar or pitcher-like) shape and a wick spout on one of its sides,2.53,,,il,loan,,2.988994598388672,0.23537635803222656,-0.021950094029307365,-4.271950006484985,,0.9926760288647312,4.249999912455678,True,2, cand|il,right,unsure,unsure,False,1.6121854782104492,m,True,True,m,True
es,autocar,m,motorcoach,stratum,wiktionary:kaikki@2026-10-03,False,,"motorcoach, bus, coach (vehicle)",2.53,,,ar,loan,,6.4513092041015625,4.651224136352539,-0.015766998287290335,-5.515766859054565,,0.9885060807772575,5.499999860767275,True,2, autoc|ar,right,right,known,True,5.551266670227051,m,True,True,m,True
es,videoclub,m,video rental shop,stratum,wiktionary:kaikki@2026-10-03,False,,video rental shop (business where one can rent and sometimes buy recorded home videos),2.53,,,ub,loan,,1.255258560180664,2.6854896545410156,-0.016215555369853973,-6.141215562820435,,0.9860843159039975,6.125000007450581,True,3, vide|ocl|ub,right,right,known,True,1.9703741073608398,m,True,True,m,True
es,naranjal,m,orange grove,stratum,wiktionary:kaikki@2026-10-03,False,,orange grove,2.53,,,al,unknown,,3.8756237030029297,3.8405838012695312,-0.022605719976127148,-5.272605657577515,,0.9834305126044829,5.2499999376013875,True,3, n|aran|jal,right,right,known,True,3.8581037521362305,m,True,True,m,True
es,estilete,m,stiletto,stratum,wiktionary:kaikki@2026-10-03,False,,stiletto,2.52,,,-ete,unknown,,3.6432552337646484,4.0015869140625,-0.01597409090027213,-5.640974044799805,,0.9877309084650918,5.624999953899533,True,3, est|ile|te,right,right,known,True,3.822421073913574,m,True,True,m,True
es,jur,m,right,stratum,wiktionary:kaikki@2026-10-03,False,,"right, power",2.52,,,ur,unknown,,2.6711292266845703,-1.7873001098632812,-0.5679051578044891,-1.1929051280021667,,0.8716049378830062,0.6249999701976776,True,1, jur,right,wrong,conflict,False,0.44191455841064453,m,True,False,m,True
es,bonete,m,biretta,stratum,wiktionary:kaikki@2026-10-03,False,,biretta (square cap),2.52,,,-ete,unknown,,4.911275863647461,7.5033721923828125,-0.036784298717975616,-3.661784291267395,,0.9897667729291388,3.6249999925494194,True,2, bon|ete,right,right,known,True,6.207324028015137,m,True,True,m,True
es,zapote,m,mamey sapote,stratum,wiktionary:kaikki@2026-10-03,False,,mamey sapote,2.52,,,-ote,loan,,5.878141403198242,2.7176132202148438,-0.017198235727846622,-5.892198085784912,,0.9859056734508125,5.8749998500570655,True,2, zap|ote,right,right,known,True,4.297877311706543,m,True,True,m,True
es,berrocal,m,outcrop of rocks that have undergone spheroidal weathering,stratum,wiktionary:kaikki@2026-10-03,False,,an outcrop of rocks that have undergone spheroidal weathering,2.51,,,al,unknown,,2.0551376342773438,-2.7757911682128906,-0.058625608682632446,-3.6836256980895996,,0.969932004661062,3.625000089406967,True,3, ber|ro|cal,right,wrong,conflict,False,-0.36032676696777344,f,False,False,m,True
es,guardabarros,m,fender,stratum,wiktionary:kaikki@2026-10-03,False,,"fender, mudguard (shield to protect a vehicle from mud)",2.51,,,os,unknown,,5.757854461669922,6.132963180541992,-0.8177212178707123,-4.192721128463745,,0.49054792500367794,3.374999910593033,True,3, guard|abar|ros,right,right,known,True,5.945408821105957,m,True,True,m,True
es,nácar,m,nacre,stratum,wiktionary:kaikki@2026-10-03,False,,"nacre, mother of pearl",2.51,,,ar,loan,,1.2671241760253906,-0.19119644165039062,-0.025265651755034924,-4.275265693664551,,0.9893903361815153,4.250000041909516,True,3, n|á|car,right,unsure,unsure,False,0.5379638671875,m,True,False,m,True
es,cárter,m,crankcase,stratum,wiktionary:kaikki@2026-10-03,False,,crankcase; sump; oil pan,2.5,,,er,unknown,,2.684967041015625,0.11632728576660156,-0.16959458589553833,-2.1695945858955383,,0.9874362769945881,2.0,True,3, c|ár|ter,right,unsure,unsure,False,1.4006471633911133,m,True,True,m,True
es,faringe,f,pharynx,stratum,wiktionary:kaikki@2026-10-03,False,,pharynx,2.5,,,ge,loan,,-4.758272171020508,-4.605031967163086,-4.651474714279175,-0.0264747878536582,,0.9840945591821051,-4.624999926425517,True,2, far|inge,right,right,known,True,-4.681652069091797,f,True,True,f,True
es,relé,m,relay,stratum,wiktionary:kaikki@2026-10-03,False,,relay,2.49,,,lé,unknown,,0.9098682403564453,-0.06476593017578125,-0.04171585012227297,-4.041715741157532,,0.9789120519343939,3.9999998910352588,True,2, rel|é,unsure,unsure,unsure,False,0.42255115509033203,m,True,False,m,True
es,mapamundi,m,world map,stratum,wiktionary:kaikki@2026-10-03,False,,world map,2.48,,,di,native,,2.0513763427734375,4.6721086502075195,-0.01687102485448122,-5.766870975494385,,0.9865011488188684,5.7499999506399035,True,3, map|am|undi,right,right,known,True,3.3617424964904785,m,True,True,m,True
es,parchís,m,ludo,stratum,wiktionary:kaikki@2026-10-03,False,,Ludo (board game),2.48,,,ís,loan,,4.8881072998046875,1.7712535858154297,-0.016728883143514395,-6.01672887802124,,0.9859252937386405,5.999999994877726,True,2, parch|ís,right,right,known,True,3.3296804428100586,m,True,True,m,True
es,váter,m,toilet,stratum,wiktionary:kaikki@2026-10-03,False,,"toilet, WC",2.48,,,er,loan,,5.118902206420898,3.654796600341797,-0.024308044463396072,-4.2743079662323,,0.9903383248147517,4.249999921768904,True,2, vá|ter,right,right,known,True,4.386849403381348,m,True,True,m,True
es,esmoquin,m,tuxedo,stratum,wiktionary:kaikki@2026-10-03,False,,"tuxedo, dinner jacket",2.48,,,in,loan,,4.051239013671875,1.7555427551269531,-0.01955319195985794,-5.519553184509277,,0.9847701919257876,5.499999992549419,True,3, es|mo|quin,right,right,known,True,2.903390884399414,m,True,True,m,True
es,ínterin,m,interim,stratum,wiktionary:kaikki@2026-10-03,False,,interim,2.48,,,in,unknown,,5.275733947753906,3.1885108947753906,-0.7911065965890884,-1.7286065816879272,,0.8039894127376058,0.9374999850988388,False,3, í|nt|erin,right,right,known,True,4.232122421264648,m,True,True,m,True
es,perol,m,cauldron,stratum,wiktionary:kaikki@2026-10-03,False,,cauldron,2.48,,,ol,unknown,,5.580181121826172,1.5504989624023438,-0.10064698569476604,-2.60064697265625,,0.9871938349221911,2.499999986961484,True,2, per|ol,right,right,known,True,3.565340042114258,m,True,True,m,True
es,trinquete,m,foremast,stratum,wiktionary:kaikki@2026-10-03,False,,foremast,2.48,,,-ete,unknown,,5.275747299194336,5.126617431640625,-0.08606965839862823,-2.8360695838928223,,0.9761860810899112,2.749999925494194,True,3, tr|inqu|ete,right,right,known,True,5.2011823654174805,m,True,True,m,True
es,rodete,m,roll from the hair of the head,stratum,wiktionary:kaikki@2026-10-03,False,,"a roll from the hair of the head, bun",2.47,,,-ete,unknown,,1.7614574432373047,5.824129104614258,-0.22358262538909912,-1.7235826253890991,,0.9780747680862105,1.5,True,2, rod|ete,right,right,known,True,3.7927932739257812,m,True,True,m,True
es,tentempié,m,snack,stratum,wiktionary:kaikki@2026-10-03,False,,"snack, refreshment (small portion of food)",2.47,,,ié,unknown,,2.621166229248047,3.8734359741210938,-0.046141576021909714,-4.796141624450684,,0.9632198659301714,4.750000048428774,True,4, tent|em|pi|é,right,right,known,True,3.2473011016845703,m,True,True,m,True
es,cuscús,m,couscous,stratum,wiktionary:kaikki@2026-10-03,False,,couscous,2.47,,,ús,loan,,3.323354721069336,2.9016189575195312,-0.02485090307891369,-4.899850845336914,,0.982961113977521,4.874999942258,True,3, c|usc|ús,right,right,known,True,3.1124868392944336,m,True,True,m,True
es,híper,m,hypermarket,stratum,wiktionary:kaikki@2026-10-03,False,,hypermarket,2.47,,,er,unknown,,1.1075668334960938,0.80999755859375,-0.12719954177737236,-2.7521995306015015,,0.9563236509404935,2.624999988824129,True,3, h|í|per,right,unsure,unsure,False,0.9587821960449219,m,True,True,m,True
es,moscatel,m,muscatel,stratum,wiktionary:kaikki@2026-10-03,False,,muscatel,2.47,,,el,unknown,,0.5160579681396484,0.6716976165771484,-0.023435652256011963,-4.773435831069946,,0.986356917742935,4.750000178813934,True,3, mos|cat|el,unsure,unsure,unsure,False,0.5938777923583984,m,True,True,m,True
es,charol,m,patent leather,stratum,wiktionary:kaikki@2026-10-03,False,,patent leather,2.46,,,ol,loan,,0.9361419677734375,-0.3116188049316406,-0.05715355649590492,-3.182153582572937,,0.9887690542692613,3.125000026077032,True,2, char|ol,unsure,unsure,unsure,False,0.31226158142089844,m,True,False,m,True
es,ajonjolí,m,sesame,stratum,wiktionary:kaikki@2026-10-03,False,,sesame (tropical Asian plant Sesamum indicum),2.46,,,lí,native,,0.7726821899414062,-0.21468353271484375,-0.04283015988767147,-3.7928301095962524,,0.98129790758607,3.749999949708581,True,5, aj|on|j|ol|í,unsure,unsure,unsure,False,0.27899932861328125,m,True,False,m,True
es,portaviones,m,aircraft carrier,stratum,wiktionary:kaikki@2026-10-03,False,,aircraft carrier,2.45,,,es,unknown,,5.272233963012695,2.5972824096679688,-0.09419069811701775,-4.59419059753418,,0.9209638701393712,4.499999899417162,True,3, port|av|iones,right,right,known,True,3.934758186340332,m,True,True,m,True
es,molinete,m,pinwheel,stratum,wiktionary:kaikki@2026-10-03,False,,pinwheel,2.45,,,-ete,unknown,,3.004908561706543,2.9420948028564453,-0.035294001922011375,-3.9102940559387207,,0.9855099280543649,3.8750000540167093,True,3, mol|in|ete,right,right,known,True,2.973501682281494,m,True,True,m,True
es,raquis,m,rachis,stratum,wiktionary:kaikki@2026-10-03,False,,rachis,2.45,,,is,unknown,,3.221467971801758,1.5448684692382812,-0.05754231475293636,-3.307542324066162,,0.9817957071482359,3.2500000093132257,True,2, ra|quis,right,right,known,True,2.3831682205200195,m,True,True,m,True
es,sitial,m,seat,stratum,wiktionary:kaikki@2026-10-03,False,,seat (of honour),2.44,,,al,unknown,,3.736299514770508,4.2967376708984375,-0.042266517877578735,-3.917266368865967,,0.9786627991134386,3.874999850988388,True,2, s|itial,right,right,known,True,4.016518592834473,m,True,True,m,True
es,subclase,f,subclass,stratum,wiktionary:kaikki@2026-10-03,False,,subclass,2.43,,,se,unknown,,-4.401531219482422,-1.6304645538330078,-4.197561621665955,-0.0725614670664072,,0.9510747144450509,-4.125000154599547,True,3, sub|cl|ase,right,right,known,True,-3.015997886657715,f,True,True,f,True
es,cigüeñal,m,crankshaft,stratum,wiktionary:kaikki@2026-10-03,False,,crankshaft,2.43,,,al,unknown,,4.735828399658203,2.140941619873047,-0.0582125224173069,-3.433212637901306,,0.982012789888699,3.3750001154839993,True,5, cig|ü|e|ñ|al,right,right,known,True,3.438385009765625,m,True,True,m,True
es,mandil,m,apron,stratum,wiktionary:kaikki@2026-10-03,False,,apron,2.43,,,il,loan,,0.5430583953857422,-1.4381847381591797,-0.09769841469824314,-2.597698450088501,,0.9901085082763876,2.500000035390258,True,2, mand|il,unsure,wrong,wrong,False,-0.44756317138671875,f,False,False,m,True
es,lingote,m,ingot,stratum,wiktionary:kaikki@2026-10-03,False,,ingot,2.43,,,-ote,loan,,6.891101837158203,5.127109527587891,-0.0372171588242054,-4.037217140197754,,0.9811143015519636,3.9999999813735485,True,2, ling|ote,right,right,known,True,6.009105682373047,m,True,True,m,True
es,hiel,f,bile,stratum,wiktionary:kaikki@2026-10-03,False,,bile,2.43,,,el,native,,-2.9934558868408203,0.28672218322753906,-0.11035406589508057,-2.9853540658950806,,0.9494431781801476,2.875,True,2, h|iel,right,unsure,unsure,False,-1.3533668518066406,f,True,False,m,False
es,naipe,m,playing card,stratum,wiktionary:kaikki@2026-10-03,False,,playing card,2.42,,,pe,loan,,1.9869365692138672,3.1241817474365234,-0.2131516933441162,-1.8381516337394714,,0.9765630463751536,1.6249999403953552,True,3, n|ai|pe,right,right,known,True,2.5555591583251953,m,True,True,m,True
es,boj,m,box,stratum,wiktionary:kaikki@2026-10-03,False,,"box (tree), boxwood",2.42,,,oj,loan,,5.033910751342773,1.2155380249023438,-0.12700823694467545,-2.752008318901062,,0.9449935043202773,2.6250000819563866,True,2, bo|j,right,right,known,True,3.1247243881225586,m,True,True,m,True
es,softbol,m,softball,stratum,wiktionary:kaikki@2026-10-03,False,,softball,2.42,,,ol,unknown,,5.664348602294922,0.9475059509277344,-0.025941493920981884,-4.400941610336304,,0.9867528371479817,4.375000116415322,True,2, soft|bol,right,unsure,unsure,False,3.305927276611328,m,True,True,m,True
es,mosquete,m,musket,stratum,wiktionary:kaikki@2026-10-03,False,,musket,2.42,,,-ete,loan,,5.059537887573242,4.155483245849609,-0.04493071511387825,-3.5449308156967163,,0.9858157167995373,3.500000100582838,True,2, mos|quete,right,right,known,True,4.607510566711426,m,True,True,m,True
es,lanzagranadas,m,grenade launcher,stratum,wiktionary:kaikki@2026-10-03,False,,grenade launcher,2.42,,,as,unknown,,2.8181800842285156,-0.5727462768554688,-0.9384067952632904,-1.563406765460968,,0.6332917422665575,0.6249999701976776,False,4, lanz|ag|ran|adas,right,unsure,unsure,False,1.1227169036865234,m,True,False,m,True
es,lodazal,m,muddy place,stratum,wiktionary:kaikki@2026-10-03,False,,"a muddy place; morass, mire, mudhole",2.42,,,al,unknown,,2.293668746948242,4.542871475219727,-0.058607012033462524,-3.93360698223114,,0.9704397301210042,3.8749999701976776,True,3, lod|az|al,right,right,known,True,3.4182701110839844,m,True,True,m,True
es,obús,m,howitzer,stratum,wiktionary:kaikki@2026-10-03,False,,howitzer,2.42,,,ús,unknown,,3.5218639373779297,3.805744171142578,-0.018535306677222252,-5.393535375595093,,0.9862192132809429,5.3750000689178705,True,2, ob|ús,right,right,known,True,3.663804054260254,m,True,True,m,True
es,culmen,m,height,stratum,wiktionary:kaikki@2026-10-03,False,,"height, high point",2.41,,,-men,unknown,,0.6533832550048828,2.2435340881347656,-0.1635603904724121,-2.1635603308677673,,0.9768633988066461,1.9999999403953552,True,2, cul|men,unsure,right,unsure,False,1.4484586715698242,m,True,True,m,True
es,accésit,m,second-place prize,stratum,wiktionary:kaikki@2026-10-03,False,,second-place prize,2.41,,,it,unknown,,3.9182815551757812,4.019336700439453,-0.02628372237086296,-4.7762837409973145,,0.9824859509021091,4.7500000186264515,True,3, acc|és|it,right,right,known,True,3.968809127807617,m,True,True,m,True
es,alcornoque,m,cork oak,stratum,wiktionary:kaikki@2026-10-03,False,,cork oak,2.41,,,ue,loan,,5.541223526000977,0.5862751007080078,-0.028852113522589207,-5.341352224349976,,0.976586582791384,5.312500110827386,True,3, alc|orno|que,right,unsure,unsure,False,3.063749313354492,m,True,True,m,True
es,encinar,m,live oak grove,stratum,wiktionary:kaikki@2026-10-03,False,,live oak grove,2.41,,,ar,unknown,,5.309137344360352,2.347858428955078,-0.3706747889518738,-1.4956747889518738,,0.9160440287464756,1.125,True,2, enc|inar,right,right,known,True,3.828497886657715,m,True,True,m,True
es,ñoqui,m,dumpling,stratum,wiktionary:kaikki@2026-10-03,False,,"dumpling, gnocchi",2.41,,,ui,unknown,,1.4246158599853516,0.7420368194580078,-0.15779826417565346,-2.4077982902526855,,0.9543715960304041,2.250000026077032,True,4, �|�|o|qui,right,unsure,unsure,False,1.0833263397216797,m,True,True,m,True
es,iglú,m,igloo,stratum,wiktionary:kaikki@2026-10-03,False,,igloo (inuit snow house),2.41,,,lú,loan,,2.1482067108154297,1.4140987396240234,-0.03789311274886131,-4.287893056869507,,0.9765543520668403,4.2499999441206455,True,3, ig|l|ú,right,right,known,True,1.7811527252197266,m,True,True,m,True
es,liquen,m,lichen,stratum,wiktionary:kaikki@2026-10-03,False,,lichen,2.41,,,en,unknown,,7.940971374511719,1.2161998748779297,-0.10123545676469803,-3.101235508918762,,0.9500613939748075,3.000000052154064,True,2, liqu|en,right,right,known,True,4.578585624694824,m,True,True,m,True
es,mamey,m,mamey or mammee apple,stratum,wiktionary:kaikki@2026-10-03,False,,"the mamey or mammee apple, Mammea americana",2.4,,,ey,loan,,4.3672637939453125,3.101978302001953,-0.03739301115274429,-4.037392973899841,,0.9860339390326658,3.999999962747097,True,3, m|ame|y,right,right,known,True,3.734621047973633,m,True,True,m,True
es,síncope,m,syncope,stratum,wiktionary:kaikki@2026-10-03,False,,syncope,2.4,,,pe,unknown,,0.2646522521972656,-1.537130355834961,-2.1947315596044064,-1.4447315316647291,,0.9688347871822007,-0.7500000279396772,False,3, s|ín|cope,unsure,wrong,wrong,False,-0.6362390518188477,f,False,False,f,False
es,santiamén,m,jiffy,stratum,wiktionary:kaikki@2026-10-03,False,,"jiffy, jiff, flash, short time, moment, lickety-split",2.39,,,én,native,,4.626588821411133,0.7753334045410156,-0.1524384394288063,-3.0274384021759033,,0.9076027338291817,2.874999962747097,True,3, sant|iam|én,right,unsure,unsure,False,2.700961112976074,m,True,True,m,True
es,oxímoron,m,oxymoron,stratum,wiktionary:kaikki@2026-10-03,False,,oxymoron (figure of speech),2.39,,,on,unknown,,3.3052024841308594,2.032136917114258,-0.20336060225963593,-2.7033605575561523,,0.882965089322104,2.4999999552965164,True,3, ox|ím|oron,right,right,known,True,2.6686697006225586,m,True,True,m,True
es,espinel,m,trotline,stratum,wiktionary:kaikki@2026-10-03,False,,trotline (long fishing line),2.39,,,el,unknown,,1.6966323852539062,-3.080484390258789,-0.15946033596992493,-2.1594603061676025,,0.9711793998647744,1.9999999701976776,True,3, es|pin|el,right,wrong,conflict,False,-0.6919260025024414,f,False,False,m,True
es,vodevil,m,vaudeville,stratum,wiktionary:kaikki@2026-10-03,False,,vaudeville,2.38,,,il,unknown,,2.1272640228271484,4.107736587524414,-0.035709135234355927,-4.4107091426849365,,0.9771681030759523,4.375000007450581,True,3, v|ode|vil,right,right,known,True,3.1175003051757812,m,True,True,m,True
es,raigambre,f,roots,stratum,wiktionary:kaikki@2026-10-03,False,,"roots, root system",2.38,,,re,unknown,,-0.4751720428466797,-1.5233917236328125,-1.6759664118289948,-0.550966415554285,,0.967606049179407,-1.1249999962747097,False,3, ra|ig|ambre,unsure,right,unsure,False,-0.9992818832397461,f,True,True,f,True
es,trigal,m,wheatfield,stratum,wiktionary:kaikki@2026-10-03,False,,wheatfield,2.38,,,al,unknown,,5.788322448730469,-0.5225315093994141,-0.03209258150309324,-4.2820926904678345,,0.983967817580867,4.250000108964741,True,2, trig|al,right,unsure,unsure,False,2.6328954696655273,m,True,False,m,True
es,tragaluz,m,skylight,stratum,wiktionary:kaikki@2026-10-03,False,,skylight,2.38,,,uz,unknown,,3.7898311614990234,4.107553482055664,-0.02472359500825405,-4.399723768234253,,0.9887229068431946,4.375000173225999,True,3, tr|agal|uz,right,right,known,True,3.9486923217773438,m,True,True,m,True
es,sirte,f,sandbar,stratum,wiktionary:kaikki@2026-10-03,False,,"sandbar, sandy reef that hinders the floating of ships",2.37,,,te,loan,,-1.2716598510742188,2.013134002685547,-2.4424635767936707,-0.19246361404657364,,0.9348104426571499,-2.249999962747097,True,2, sir|te,right,wrong,conflict,False,0.37073707580566406,m,False,False,f,True
es,rompehielos,m,icebreaker,stratum,wiktionary:kaikki@2026-10-03,False,,icebreaker,2.37,,,os,unknown,,6.349296569824219,4.027118682861328,-0.04932595416903496,-4.924325942993164,,0.959266636096018,4.874999988824129,True,5, rom|pe|hi|el|os,right,right,known,True,5.188207626342773,m,True,True,m,True
es,manillar,m,handlebar,stratum,wiktionary:kaikki@2026-10-03,False,,handlebar (bar for steering),2.37,,,ar,unknown,,4.164176940917969,5.817506790161133,-0.09093161672353745,-2.8409316539764404,,0.9874871971206723,2.750000037252903,True,3, man|ill|ar,right,right,known,True,4.990841865539551,m,True,True,m,True
es,sacapuntas,m,pencil sharpener,stratum,wiktionary:kaikki@2026-10-03,False,,"pencil sharpener, sharpener",2.37,,,as,unknown,,1.226602554321289,2.407625198364258,-0.043607018887996674,-3.5436071157455444,,0.9862396695678934,3.5000000968575478,True,3, sac|ap|untas,right,right,known,True,1.8171138763427734,m,True,True,m,True
es,ampli,m,amp,stratum,wiktionary:kaikki@2026-10-03,False,,amp,2.37,,,li,unknown,,1.2008132934570312,1.6555709838867188,-1.0557821094989777,-0.6807820498943329,,0.9345779609818432,-0.3750000596046448,False,2, ampl|i,right,right,known,True,1.428192138671875,m,True,True,f,False
es,sedal,m,thin line,stratum,wiktionary:kaikki@2026-10-03,False,,"thin line, string",2.37,,,al,unknown,,1.8447856903076172,2.131694793701172,-0.9040617682039738,-1.4040617868304253,,0.986188480237858,0.5000000186264515,False,2, sed|al,right,right,known,True,1.9882402420043945,m,True,True,m,True
es,rompeolas,m,breakwater,stratum,wiktionary:kaikki@2026-10-03,False,,breakwater (construction in or around a harbour),2.37,,,as,unknown,,3.7826786041259766,-0.12122154235839844,-0.933998167514801,-2.558998227119446,,0.4709123672291021,1.6250000596046448,True,3, rom|pe|olas,right,unsure,unsure,False,1.830728530883789,m,True,False,m,True
es,costillar,m,rib,stratum,wiktionary:kaikki@2026-10-03,False,,rib (cut of meat enclosing rib bones),2.36,,,ar,unknown,,5.207220077514648,3.8914241790771484,-0.30705998837947845,-1.5570600032806396,,0.9514945439624146,1.2500000149011612,True,3, cost|ill|ar,right,right,known,True,4.549322128295898,m,True,True,m,True
es,trolebús,m,trolley bus,stratum,wiktionary:kaikki@2026-10-03,False,,trolley bus,2.36,,,ús,loan,,1.8779144287109375,-0.3128776550292969,-0.010868965648114681,-6.885869026184082,,0.9902207394063522,6.875000060535967,True,4, t|role|b|ús,right,unsure,unsure,False,0.7825183868408203,m,True,False,m,True
es,bajamar,f,low tide,stratum,wiktionary:kaikki@2026-10-03,False,,low tide,2.36,,,ar,unknown,,-1.3155136108398438,-1.6940040588378906,-2.9738786220550537,-0.09887869283556938,,0.9764892184680092,-2.8749999292194843,True,2, baj|amar,right,right,known,True,-1.5047588348388672,f,True,True,f,True
es,entremés,m,appetizer,stratum,wiktionary:kaikki@2026-10-03,False,,"appetizer, entrée",2.36,,,és,unknown,,3.5357666015625,2.2706031799316406,-0.04798789508640766,-3.672987937927246,,0.9803044446949215,3.6250000428408384,True,3, ent|rem|és,right,right,known,True,2.9031848907470703,m,True,True,m,True
es,solaz,m,solace,stratum,wiktionary:kaikki@2026-10-03,False,,solace,2.35,,,az,native,,3.881786346435547,2.4145774841308594,-0.03606770001351833,-4.661067724227905,,0.9746988629533198,4.625000024214387,True,2, sol|az,right,right,known,True,3.148181915283203,m,True,True,m,True
es,urdimbre,f,warp,stratum,wiktionary:kaikki@2026-10-03,False,,warp (of the weave),2.35,,,re,unknown,,-3.0973682403564453,-2.2394561767578125,-3.676861882209778,-0.051861923187971115,,0.9847633588570468,-3.6249999590218067,True,3, ur|dim|bre,right,right,known,True,-2.668412208557129,f,True,True,f,True
es,bisel,m,bevel,stratum,wiktionary:kaikki@2026-10-03,False,,bevel,2.35,,,el,loan,,7.237636566162109,3.4698963165283203,-0.1282920241355896,-2.253291964530945,,0.9853834081227093,2.1249999403953552,True,2, bis|el,right,right,known,True,5.353766441345215,m,True,True,m,True
es,mezquital,m,mesquite grove,stratum,wiktionary:kaikki@2026-10-03,False,,mesquite grove,2.35,,,al,unknown,,-1.5854549407958984,4.034215927124023,-1.5552434027194977,-2.1802434735000134,,0.9764154040939494,0.6250000707805157,False,3, mez|qu|ital,wrong,right,conflict,False,1.2243804931640625,m,True,False,m,True
es,estambre,m,stamen,stratum,wiktionary:kaikki@2026-10-03,False,,stamen,2.34,,,re,unknown,,3.351926803588867,3.0424346923828125,-0.03497620765119791,-3.784976363182068,,0.9890346563237224,3.75000015553087,True,2, est|ambre,right,right,known,True,3.19718074798584,m,True,True,m,True
es,tiple,m,treble guitar,stratum,wiktionary:kaikki@2026-10-03,False,,"treble guitar, a small plucked stringed instrument of the guitar family, used in the traditional musics of Spain and various Latin American nations",2.34,,,le,native,,0.6369152069091797,-1.1867218017578125,-0.12309838831424713,-2.373098373413086,,0.9800136321858267,2.249999985098839,True,2, t|iple,unsure,wrong,wrong,False,-0.2749032974243164,f,False,False,m,True
es,leitmotiv,m,leitmotif,stratum,wiktionary:kaikki@2026-10-03,False,,leitmotif (a recurring melodic theme in an opera),2.34,,,iv,unknown,,1.7210254669189453,1.8828754425048828,-0.04807896539568901,-4.923079013824463,,0.9603918648510185,4.875000048428774,True,4, le|it|mot|iv,right,right,known,True,1.801950454711914,m,True,True,m,True
es,penique,m,penny,stratum,wiktionary:kaikki@2026-10-03,False,,penny,2.33,,,ue,loan,,2.464273452758789,4.294837951660156,-0.17075466737151146,-2.170754611492157,,0.9698686404779051,1.9999999441206455,True,2, pen|ique,right,right,known,True,3.3795557022094727,m,True,True,m,True
es,donaire,m,gracefulness,stratum,wiktionary:kaikki@2026-10-03,False,,"gracefulness, elegance",2.33,,,re,native,,2.1404380798339844,1.5517616271972656,-0.21011468023061752,-2.2101146578788757,,0.9482411589915275,1.9999999776482582,True,2, don|aire,right,right,known,True,1.846099853515625,m,True,True,m,True
es,acicate,m,spur,stratum,wiktionary:kaikki@2026-10-03,False,,spur (implement for prodding a horse),2.33,,,te,loan,,5.336345672607422,2.554615020751953,-0.029508751817047596,-4.279508829116821,,0.9847763677546303,4.250000077299774,True,2, ac|icate,right,right,known,True,3.9454803466796875,m,True,True,m,True
es,brete,m,unavoidable and inescapable predicament,stratum,wiktionary:kaikki@2026-10-03,False,,an unavoidable and inescapable predicament,2.33,,,-ete,unknown,,1.6099586486816406,5.195514678955078,-0.461286336183548,-1.2112863659858704,,0.9537537001694542,0.7500000298023224,True,2, bre|te,right,right,known,True,3.4027366638183594,m,True,True,m,True
es,ántrax,m,carbuncle,stratum,wiktionary:kaikki@2026-10-03,False,,carbuncle,2.33,,,ax,loan,,4.173799514770508,1.1900920867919922,-0.03543446213006973,-4.5354344844818115,,0.9762413471723586,4.500000022351742,True,3, án|tr|ax,right,right,known,True,2.68194580078125,m,True,True,m,True
es,timbal,m,kettledrum,stratum,wiktionary:kaikki@2026-10-03,False,,kettledrum,2.32,,,al,unknown,,5.1799163818359375,4.596706390380859,-0.06237189844250679,-3.062371850013733,,0.9863114746026954,2.999999951571226,True,2, tim|bal,right,right,known,True,4.888311386108398,m,True,True,m,True
es,vitral,m,stained glass,stratum,wiktionary:kaikki@2026-10-03,False,,stained glass,2.32,,,al,unknown,,5.351232528686523,5.126100540161133,-0.03958912007510662,-3.664589047431946,,0.986997912217177,3.624999927356839,True,2, vit|ral,right,right,known,True,5.238666534423828,m,True,True,m,True
es,tornasol,m,litmus,stratum,wiktionary:kaikki@2026-10-03,False,,litmus,2.32,,,ol,unknown,,3.9246864318847656,0.7268104553222656,-0.05163405276834965,-3.4266340732574463,,0.9844053483587046,3.3750000204890966,True,3, torn|as|ol,right,unsure,unsure,False,2.3257484436035156,m,True,True,m,True
es,mobbing,m,workplace bullying,stratum,wiktionary:kaikki@2026-10-03,False,,workplace bullying,2.32,,,ng,unknown,,4.409963607788086,4.970170974731445,-0.05074110068380833,-4.175740957260132,,0.9660072242360825,4.1249998565763235,True,2, mob|bing,right,right,known,True,4.690067291259766,m,True,True,m,True
es,premundial,m,world cup qualifying round,stratum,wiktionary:kaikki@2026-10-03,False,,World Cup qualifying round,2.32,,,al,unknown,,1.4667739868164062,5.722148895263672,-1.3507275581359863,-0.47572755813598633,,0.9521898214256256,-0.875,True,3, prem|und|ial,right,right,known,True,3.594461441040039,m,True,True,f,False
es,florete,m,foil,stratum,wiktionary:kaikki@2026-10-03,False,,foil,2.32,,,-ete,unknown,,5.428277969360352,2.5850887298583984,-0.0966055653989315,-2.5966055393218994,,0.9824402613435592,2.499999973922968,True,2, flo|rete,right,right,known,True,4.006683349609375,m,True,True,m,True
es,arcén,m,edge,stratum,wiktionary:kaikki@2026-10-03,False,,edge,2.31,,,én,unknown,,3.9612159729003906,5.744226455688477,-0.04521963745355606,-3.420219659805298,,0.9887410825676295,3.375000022351742,True,2, arc|én,right,right,known,True,4.852721214294434,m,True,True,m,True
es,dedal,m,thimble,stratum,wiktionary:kaikki@2026-10-03,False,,thimble,2.31,,,al,native,,7.500347137451172,6.455121994018555,-0.01540672266855836,-5.265406608581543,,0.9900404884986247,5.249999885912985,True,2, ded|al,right,right,known,True,6.977734565734863,m,True,True,m,True
es,sacacorchos,m,corkscrew,stratum,wiktionary:kaikki@2026-10-03,False,,corkscrew,2.31,,,os,unknown,,0.39000892639160156,3.149320602416992,-0.021851089783012867,-5.521851062774658,,0.9825108984397802,5.499999972991645,True,4, sac|ac|orch|os,unsure,right,unsure,False,1.7696647644042969,m,True,True,m,True
es,metil,m,methyl,stratum,wiktionary:kaikki@2026-10-03,False,,methyl,2.31,,,il,unknown,,7.047294616699219,4.081203460693359,-0.25495611131191254,-1.8799561262130737,,0.9285573601997186,1.6250000149011612,True,2, met|il,right,right,known,True,5.564249038696289,m,True,True,m,True
es,guiñol,m,puppet theater,stratum,wiktionary:kaikki@2026-10-03,False,,"puppet theater, puppet",2.31,,,ol,unknown,,8.135856628417969,8.564027786254883,-0.015361861325800419,-6.015361785888672,,0.9872758320712441,5.9999999245628715,True,3, gui|ñ|ol,right,right,known,True,8.349942207336426,m,True,True,m,True
es,grillete,m,shackle,stratum,wiktionary:kaikki@2026-10-03,False,,shackle,2.3,,,-ete,unknown,,3.4874267578125,1.040872573852539,-0.1329046841710806,-2.7579046487808228,,0.9796383015872144,2.624999964609742,True,3, gr|il|lete,right,right,known,True,2.2641496658325195,m,True,True,m,True
es,orinal,m,chamber pot,stratum,wiktionary:kaikki@2026-10-03,False,,chamber pot,2.3,,,al,unknown,,4.626976013183594,7.304887771606445,-0.0412416011095047,-3.666241765022278,,0.9869401158783779,3.625000163912773,True,2, or|inal,right,right,known,True,5.9659318923950195,m,True,True,m,True
es,envite,m,bet,stratum,wiktionary:kaikki@2026-10-03,False,,bet; wager,2.3,,,te,unknown,,4.938936233520508,3.5014209747314453,-0.11076244711875916,-2.6107624769210815,,0.9686312660456795,2.5000000298023224,True,2, env|ite,right,right,known,True,4.220178604125977,m,True,True,m,True
es,patinete,m,kick scooter,stratum,wiktionary:kaikki@2026-10-03,False,,kick scooter; push scooter; scooter,2.3,,,-ete,unknown,,-1.0839309692382812,2.6474876403808594,-0.030216599814593792,-4.030216693878174,,0.9880060472470305,4.00000009406358,True,3, pat|in|ete,wrong,right,conflict,False,0.7817783355712891,m,True,False,m,True
es,pisapapeles,m,paperweight,stratum,wiktionary:kaikki@2026-10-03,False,,paperweight,2.3,,,es,unknown,,0.5990409851074219,1.9970207214355469,-0.022906691767275333,-5.27290678024292,,0.9824832157678514,5.250000088475645,True,4, pis|ap|ape|les,unsure,right,unsure,False,1.2980308532714844,m,True,True,m,True
es,pernil,m,ham leg of pork,stratum,wiktionary:kaikki@2026-10-03,False,,ham leg of pork,2.29,,,il,native,,4.296625137329102,0.3065338134765625,-0.015596500597894192,-4.765596628189087,,0.9933076025794447,4.750000127591193,True,2, per|nil,right,unsure,unsure,False,2.301579475402832,m,True,True,m,True
es,retamar,m,any area of spanish bloom trees,stratum,wiktionary:kaikki@2026-10-03,False,,any area of Spanish bloom trees,2.29,,,ar,unknown,,1.1316661834716797,2.644542694091797,-0.041465748101472855,-4.916465759277344,,0.9681728400868924,4.875000011175871,True,2, ret|amar,right,right,known,True,1.8881044387817383,m,True,True,m,True
es,traspié,m,trip,stratum,wiktionary:kaikki@2026-10-03,False,,"trip, stumble",2.29,,,ié,unknown,,6.875858306884766,5.834224700927734,-0.024715510196983814,-5.587215423583984,,0.9795176504835975,5.562499913387001,True,3, tras|pi|é,right,right,known,True,6.35504150390625,m,True,True,m,True
es,ristre,m,lance rest,stratum,wiktionary:kaikki@2026-10-03,False,,lance rest,2.29,,,re,unknown,,2.783794403076172,3.5599594116210938,-0.2690802738070488,-1.6440802812576294,,0.9585018965784766,1.3750000074505806,True,3, r|ist|re,right,right,known,True,3.171876907348633,m,True,True,m,True
es,troquel,m,die,stratum,wiktionary:kaikki@2026-10-03,False,,die (mold),2.28,,,el,loan,,2.750417709350586,1.9347686767578125,-0.04253656417131424,-3.5425366163253784,,0.9881785681216845,3.500000052154064,True,2, tro|quel,right,right,known,True,2.342593193054199,m,True,True,m,True
es,buril,m,burin,stratum,wiktionary:kaikki@2026-10-03,False,,burin,2.28,,,il,unknown,,6.898885726928711,5.092565536499023,-0.016981812193989754,-4.891981840133667,,0.99072869292801,4.875000027939677,True,2, bur|il,right,right,known,True,5.995725631713867,m,True,True,m,True
es,frotis,m,swab,stratum,wiktionary:kaikki@2026-10-03,False,,swab; smear,2.28,,,is,unknown,,3.0821151733398438,1.9221458435058594,-0.07373103871941566,-3.0737310647964478,,0.9751758264339059,3.000000026077032,True,3, f|rot|is,right,right,known,True,2.5021305084228516,m,True,True,m,True
es,roel,m,roundel,stratum,wiktionary:kaikki@2026-10-03,False,,roundel,2.28,,,el,unknown,,3.1348953247070312,4.677408218383789,-0.2891470268368721,-2.0391470193862915,,0.8825720111292865,1.7499999925494194,True,2, ro|el,right,right,known,True,3.90615177154541,m,True,True,m,True
es,pleamar,f,high tide,stratum,wiktionary:kaikki@2026-10-03,False,,high tide,2.27,,,ar,native,,-4.389217376708984,-0.9294834136962891,-2.5024377703666687,-0.25243776105344296,,0.953772522920806,-2.2500000093132257,True,2, ple|amar,right,unsure,unsure,False,-2.6593503952026367,f,True,True,f,True
es,mosén,m,title of nobility used in the crown of aragon,stratum,wiktionary:kaikki@2026-10-03,False,,a title of nobility used in the Crown of Aragon,2.27,,,én,unknown,,3.899139404296875,4.229831695556641,-0.029616638086736202,-6.279616594314575,,0.972824815415932,6.249999956227839,True,2, mos|én,right,right,known,True,4.064485549926758,m,True,True,m,True
es,estoque,m,rapier,stratum,wiktionary:kaikki@2026-10-03,False,,rapier,2.27,,,ue,loan,,4.2666425704956055,2.9824581146240234,-0.11196155101060867,-2.611961603164673,,0.9674742608676985,2.500000052154064,True,2, esto|que,right,right,known,True,3.6245503425598145,m,True,True,m,True
es,ribete,m,edging,stratum,wiktionary:kaikki@2026-10-03,False,,"edging, rim, trim",2.27,,,-ete,unknown,,1.3560523986816406,3.196533203125,-0.07741587050259113,-2.8274158239364624,,0.9864157851713742,2.7499999534338713,True,2, rib|ete,right,right,known,True,2.2762928009033203,m,True,True,m,True
es,nidal,m,nesting area,stratum,wiktionary:kaikki@2026-10-03,False,,nesting area,2.27,,,al,unknown,,0.5791606903076172,4.198263168334961,-0.185971911996603,-2.3109719157218933,,0.9471831241780373,2.1250000037252903,True,2, n|idal,unsure,right,unsure,False,2.388711929321289,m,True,True,m,True
es,empeine,m,instep,stratum,wiktionary:kaikki@2026-10-03,False,,instep,2.27,,,ne,native,,5.081823348999023,5.283014297485352,-0.04620612785220146,-3.4212061166763306,,0.9877655483366496,3.374999988824129,True,3, em|pe|ine,right,right,known,True,5.1824188232421875,m,True,True,m,True
es,suajili,m,swahili,stratum,wiktionary:kaikki@2026-10-03,False,,Swahili (language),2.27,,,li,unknown,,2.336650848388672,1.896728515625,-0.3360905647277832,-1.5860905647277832,,0.9242856643101263,1.25,True,3, su|aj|ili,right,right,known,True,2.116689682006836,m,True,True,m,True
es,pegote,m,goop,stratum,wiktionary:kaikki@2026-10-03,False,,"goop, gloop, glob, glop, sticky mess",2.26,,,-ote,unknown,,3.382596969604492,7.516807556152344,-0.07784424908459187,-3.3278441429138184,,0.971101651999223,3.2499998938292265,True,2, peg|ote,right,right,known,True,5.449702262878418,m,True,True,m,True
es,rebollar,m,portuguese oak grove,stratum,wiktionary:kaikki@2026-10-03,False,,Portuguese oak grove,2.26,,,ar,unknown,,5.399692535400391,6.354730606079102,-0.40581396222114563,-3.0933139324188232,,0.7177719581930797,2.6874999701976776,True,2, reb|ollar,right,right,known,True,5.877211570739746,m,True,True,m,True
es,óbice,m,obstacle,stratum,wiktionary:kaikki@2026-10-03,False,,obstacle,2.26,,,ce,unknown,,-0.6143722534179688,3.469755172729492,-0.12145848572254181,-2.621458411216736,,0.9583309373164102,2.499999925494194,True,3, ó|b|ice,unsure,right,unsure,False,1.4276914596557617,m,True,False,m,True
es,tamboril,m,tabor,stratum,wiktionary:kaikki@2026-10-03,False,,tabor (small drum),2.26,,,il,unknown,,-0.8270645141601562,-2.662324905395508,-0.06622296199202538,-3.066222906112671,,0.9825196102705687,2.9999999441206455,True,3, tamb|or|il,unsure,wrong,wrong,False,-1.744694709777832,f,False,True,m,True
es,brocal,m,parapet,stratum,wiktionary:kaikki@2026-10-03,False,,parapet (of well); a puteal,2.26,,,al,native,,4.049741744995117,3.811920166015625,-0.18195358663797379,-1.9319535493850708,,0.982374722677168,1.749999962747097,True,2, bro|cal,right,right,known,True,3.930830955505371,m,True,True,m,True
es,lanzamisiles,m,rocket launcher,stratum,wiktionary:kaikki@2026-10-03,False,,rocket launcher,2.25,,,es,unknown,,4.80908203125,1.2078857421875,-0.08379935100674629,-4.208799362182617,,0.9346932400695964,4.125000011175871,True,4, lanz|am|is|iles,right,right,known,True,3.00848388671875,m,True,True,m,True
es,sillar,m,stone block,stratum,wiktionary:kaikki@2026-10-03,False,,stone block,2.25,,,ar,unknown,,1.73345947265625,-2.6174449920654297,-0.17466864734888077,-2.049668610095978,,0.9764236662144878,1.874999962747097,True,2, sill|ar,right,wrong,conflict,False,-0.44199275970458984,f,False,False,m,True
es,cuchitril,m,hovel,stratum,wiktionary:kaikki@2026-10-03,False,,"hovel, shack",2.25,,,il,unknown,,1.7429580688476562,0.7553863525390625,-0.026320191100239754,-5.088820219039917,,0.9823233305773453,5.062500027939677,True,4, c|uch|itr|il,right,unsure,unsure,False,1.2491722106933594,m,True,True,m,True
es,espray,m,aerosol,stratum,wiktionary:kaikki@2026-10-03,False,,"aerosol, spray (fine particles suspended in a gaseous medium)",2.25,,,ay,unknown,,4.552459716796875,2.643217086791992,-0.03467896860092878,-4.159678816795349,,0.9846229446377542,4.12499984819442,True,2, es|pray,right,right,known,True,3.5978384017944336,m,True,True,m,True
es,parteaguas,m,watershed,stratum,wiktionary:kaikki@2026-10-03,False,,watershed,2.25,,,as,unknown,,5.56439208984375,6.43589973449707,-0.3841460794210434,-1.2591460943222046,,0.9665187408501017,0.8750000149011612,True,3, parte|agu|as,right,right,known,True,6.00014591217041,m,True,True,m,True
es,barandal,m,handrail,stratum,wiktionary:kaikki@2026-10-03,False,,"handrail, guardrail",2.25,,,al,unknown,,2.5732669830322266,3.556669235229492,-0.2201554886996746,-3.0951554775238037,,0.9769588122049552,2.874999988824129,True,2, bar|andal,right,right,known,True,3.0649681091308594,m,True,True,m,True
es,maizal,m,piece of land cultivating corn,stratum,wiktionary:kaikki@2026-10-03,False,,piece of land cultivating corn; cornfield,2.24,,,al,unknown,,-1.0971622467041016,3.6046180725097656,-0.02101476863026619,-5.39601469039917,,0.9840616224396461,5.374999921768904,True,3, ma|iz|al,wrong,right,conflict,False,1.253727912902832,m,True,False,m,True
es,autocine,m,drive-in,stratum,wiktionary:kaikki@2026-10-03,False,,drive-in (outdoor cinema),2.24,,,ne,unknown,,4.016139984130859,-0.12383460998535156,-0.01818316988646984,-5.518182992935181,,0.9859943736877839,5.499999823048711,True,2, autoc|ine,right,unsure,unsure,False,1.946152687072754,m,True,False,m,True
es,falsete,m,falsetto,stratum,wiktionary:kaikki@2026-10-03,False,,falsetto (vocal register occupying the frequency range just above the modal voice),2.24,,,-ete,unknown,,1.624094009399414,3.453828811645508,-0.07461291737854481,-3.074612855911255,,0.9756919354447193,2.99999993853271,True,3, fal|set|e,right,right,known,True,2.538961410522461,m,True,True,m,True
es,matraz,m,any kind of flask,stratum,wiktionary:kaikki@2026-10-03,False,,"any kind of flask, or glass container used in a chemical laboratory",2.23,,,az,unknown,,1.091719627380371,2.794536590576172,-0.017687520943582058,-5.017687559127808,,0.9890883661863525,5.000000038184226,True,2, mat|raz,right,right,known,True,1.9431281089782715,m,True,True,m,True
es,piedemonte,m,foothill,stratum,wiktionary:kaikki@2026-10-03,False,,foothill,2.23,,,te,unknown,,4.597766876220703,3.012929916381836,-0.12859782949090004,-2.628597855567932,,0.9536002636762068,2.500000026077032,True,3, pied|em|onte,right,right,known,True,3.8053483963012695,m,True,True,m,True
es,alfar,m,clay,stratum,wiktionary:kaikki@2026-10-03,False,,clay,2.23,,,ar,loan,,3.1730003356933594,2.732624053955078,-1.1810611486434937,-0.43106114864349365,,0.9632990273283156,-0.75,True,2, al|far,right,right,known,True,2.9528121948242188,m,True,True,f,False
es,contrapoder,m,anti-establishment movement,stratum,wiktionary:kaikki@2026-10-03,False,,an anti-establishment movement; a rebellion,2.23,,,er,unknown,,2.4201221466064453,1.3412361145019531,-0.15494435280561447,-2.9049443006515503,,0.9558557976040654,2.749999947845936,True,3, contr|ap|oder,right,right,known,True,1.8806791305541992,m,True,True,m,True
es,rocanrol,m,rock and roll,stratum,wiktionary:kaikki@2026-10-03,False,,rock and roll,2.23,,,ol,unknown,,1.06964111328125,2.2567176818847656,-0.030890454538166523,-4.780890464782715,,0.9782316907901626,4.750000010244548,True,3, ro|can|rol,right,right,known,True,1.6631793975830078,m,True,True,m,True
es,overol,m,overalls plural,stratum,wiktionary:kaikki@2026-10-03,False,,"overalls plural (not US), coveralls plural (US only)",2.22,,,ol,unknown,,1.1268253326416016,3.473217010498047,-0.054113637655973434,-3.4291136264801025,,0.981967347785852,3.374999988824129,True,2, over|ol,right,right,known,True,2.300021171569824,m,True,True,m,True
es,alféizar,m,windowsill,stratum,wiktionary:kaikki@2026-10-03,False,,"windowsill, ledge",2.22,,,ar,loan,,3.404298782348633,2.3130874633789062,-0.10156528931111097,-2.9765653014183044,,0.9876983961229513,2.8750000121071935,True,3, al|fé|izar,right,right,known,True,2.8586931228637695,m,True,True,m,True
es,coxis,m,coccyx,stratum,wiktionary:kaikki@2026-10-03,False,,"coccyx, tailbone",2.22,,,is,unknown,,2.2268314361572266,2.564149856567383,-0.8191918432712555,-0.9441917836666107,,0.9640767196948352,0.12499994039535522,False,2, co|xis,right,right,known,True,2.3954906463623047,m,True,True,m,True
es,mezquite,m,mesquite,stratum,wiktionary:kaikki@2026-10-03,False,,mesquite (tree),2.22,,,te,unknown,,1.3586082458496094,5.029293060302734,-0.07562157791107893,-3.4506216049194336,,0.9802067567722135,3.3750000270083547,True,2, mez|quite,right,right,known,True,3.193950653076172,m,True,True,m,True
es,pantanal,m,swamp,stratum,wiktionary:kaikki@2026-10-03,False,,"swamp, marshland, wetland",2.22,,,al,unknown,,7.103126525878906,5.9899749755859375,-0.018038587644696236,-5.518038511276245,,0.9861370004727408,5.499999923631549,True,2, pant|anal,right,right,known,True,6.546550750732422,m,True,True,m,True
es,periné,m,perineum,stratum,wiktionary:kaikki@2026-10-03,False,,perineum,2.21,,,né,unknown,,1.8751602172851562,-1.7065353393554688,-0.08334372565150261,-2.833343744277954,,0.9805858394185261,2.7500000186264515,True,3, per|in|é,right,wrong,conflict,False,0.08431243896484375,m,True,False,m,True
es,nixtamal,m,hominy,stratum,wiktionary:kaikki@2026-10-03,False,,"hominy, nixtamal",2.21,,,al,loan,,2.268413543701172,-1.581136703491211,-0.14525866508483887,-2.395258665084839,,0.9559477174569909,2.25,True,4, n|ix|tam|al,right,wrong,conflict,False,0.34363842010498047,m,True,False,m,True
es,saudade,f,feeling of missing something or someone,stratum,wiktionary:kaikki@2026-10-03,False,,the feeling of missing something or someone,2.21,,,de,loan,,-4.401895523071289,2.123615264892578,-2.398413300514221,-0.14841333776712418,,0.9555171386862253,-2.249999962747097,True,3, sa|ud|ade,right,wrong,conflict,False,-1.1391401290893555,f,True,False,f,True
es,cibercrimen,m,cybercrime,stratum,wiktionary:kaikki@2026-10-03,False,,cybercrime,2.21,,,-men,unknown,,1.1280956268310547,3.4950599670410156,-0.041439879685640335,-5.291440010070801,,0.9644459123037405,5.2500001303851604,True,5, c|ib|erc|rim|en,right,right,known,True,2.311577796936035,m,True,True,m,True
es,albar,m,wild cherry,stratum,wiktionary:kaikki@2026-10-03,False,,"wild cherry, Prunus avium",2.21,,,ar,unknown,,5.228221893310547,5.660837173461914,-0.4281802177429199,-1.17818021774292,,0.9660779482056897,0.75,True,2, al|bar,right,right,known,True,5.4445295333862305,m,True,True,m,True
es,fagot,m,bassoon,stratum,wiktionary:kaikki@2026-10-03,False,,bassoon (musical instrument in the woodwind family),2.21,,,ot,loan,,4.165439605712891,-0.576202392578125,-0.03170016594231129,-4.281700134277344,,0.9826164463564467,4.2499999683350325,True,3, f|ag|ot,right,unsure,unsure,False,1.7946186065673828,m,True,False,m,True
es,fenobarbital,m,phenobarbital,stratum,wiktionary:kaikki@2026-10-03,False,,phenobarbital,2.21,,,al,unknown,,1.7712554931640625,5.209978103637695,-0.2066538855433464,-1.9566539525985718,,0.9698774215446402,1.7500000670552254,True,4, fen|obar|b|ital,right,right,known,True,3.490616798400879,m,True,True,m,True
es,tapial,m,rammed earth,stratum,wiktionary:kaikki@2026-10-03,False,,rammed earth,2.21,,,al,unknown,,2.4347381591796875,2.6430301666259766,-0.3472147211432457,-1.472214698791504,,0.9703834530094307,1.1249999776482582,True,2, tap|ial,right,right,known,True,2.538884162902832,m,True,True,m,True
es,oropel,m,tinsel,stratum,wiktionary:kaikki@2026-10-03,False,,tinsel,2.21,,,el,loan,,3.826038360595703,4.3735198974609375,-0.03050327207893133,-4.155503273010254,,0.9857558967624315,4.125000000931323,True,3, or|op|el,right,right,known,True,4.09977912902832,m,True,True,m,True
es,castañar,m,chestnut grove or plantation,stratum,wiktionary:kaikki@2026-10-03,False,,chestnut grove or plantation,2.21,,,ar,unknown,,5.243707656860352,4.376367568969727,-0.025961119681596756,-6.77596116065979,,0.9755961392419428,6.750000040978193,True,3, cast|añ|ar,right,right,known,True,4.810037612915039,m,True,True,m,True
es,antidoping,m,drug test,stratum,wiktionary:kaikki@2026-10-03,False,,drug test,2.2,,,ng,unknown,,3.886913299560547,3.308530807495117,-0.061305366456508636,-3.3113054037094116,,0.9781067842632498,3.250000037252903,True,2, antid|oping,right,right,known,True,3.597722053527832,m,True,True,m,True
es,birrete,m,biretta,stratum,wiktionary:kaikki@2026-10-03,False,,biretta,2.2,,,-ete,loan,,1.74383544921875,3.971029281616211,-0.04369808267802,-3.543697953224182,,0.9897249510823594,3.499999870546162,True,2, bir|rete,right,right,known,True,2.8574323654174805,m,True,True,m,True
es,redondel,m,circle,stratum,wiktionary:kaikki@2026-10-03,False,,circle,2.2,,,el,unknown,,3.221466064453125,1.8282337188720703,-0.10793160274624825,-2.607931613922119,,0.9800288854252176,2.500000011175871,True,3, red|ond|el,right,right,known,True,2.5248498916625977,m,True,True,m,True
es,rictus,m,sneer,stratum,wiktionary:kaikki@2026-10-03,False,,sneer; wince,2.19,,,us,unknown,,2.713634490966797,10.974851608276367,-0.038731276988983154,-4.163731336593628,,0.9776863570011306,4.125000059604645,True,3, r|ict|us,right,right,known,True,6.844243049621582,m,True,True,m,True
es,cojinete,m,pincushion,stratum,wiktionary:kaikki@2026-10-03,False,,pincushion,2.19,,,-ete,unknown,,3.3829994201660156,3.9767837524414062,-0.024372301064431667,-4.899372339248657,,0.9834318491276206,4.875000038184226,True,3, co|jin|ete,right,right,known,True,3.679891586303711,m,True,True,m,True
es,chucrut,m,sauerkraut,stratum,wiktionary:kaikki@2026-10-03,False,,sauerkraut,2.18,,,ut,unknown,,2.9943161010742188,-0.7536544799804688,-0.026798389852046967,-4.651798486709595,,0.9837741159174658,4.625000096857548,True,3, ch|uc|rut,right,unsure,unsure,False,1.120330810546875,m,True,False,m,True
es,sauzal,m,grove of willows,stratum,wiktionary:kaikki@2026-10-03,False,,a grove of willows,2.18,,,al,unknown,,-0.4565162658691406,-0.8804416656494141,-0.031392913311719894,-4.656392812728882,,0.9792653693938447,4.624999899417162,True,3, sa|uz|al,unsure,unsure,unsure,False,-0.6684789657592773,f,False,True,m,True
es,anaquel,m,shelf,stratum,wiktionary:kaikki@2026-10-03,False,,shelf,2.18,,,el,loan,,2.9567623138427734,1.0694580078125,-0.5707562491297722,-1.3207562267780304,,0.9799506593980013,0.7499999776482582,False,2, ana|quel,right,right,known,True,2.0131101608276367,m,True,True,m,True
es,vermú,m,vermouth,stratum,wiktionary:kaikki@2026-10-03,False,,vermouth,2.18,,,mú,unknown,,6.111330032348633,3.6865158081054688,-0.023876392282545567,-4.898876428604126,,0.9839208068820111,4.87500003632158,True,2, verm|ú,right,right,known,True,4.898922920227051,m,True,True,m,True
es,toril,m,bullpen,stratum,wiktionary:kaikki@2026-10-03,False,,bullpen,2.18,,,il,unknown,,-1.4420452117919922,-3.2048301696777344,-1.0731004029512405,-0.6981003880500793,,0.9714571141875383,-0.3750000149011612,False,2, tor|il,wrong,wrong,wrong,False,-2.3234376907348633,f,False,True,f,False
es,cuplé,m,type of risqué,stratum,wiktionary:kaikki@2026-10-03,False,,"a type of risqué, bawdy song style popular in Spain around the turn of the 20th century",2.17,,,lé,unknown,,2.2012672424316406,3.453798294067383,-0.22193360701203346,-2.096933603286743,,0.9662753668720538,1.8749999962747097,True,2, cup|lé,right,right,known,True,2.8275327682495117,m,True,True,m,True
es,chañar,m,geoffroea decorticans,stratum,wiktionary:kaikki@2026-10-03,False,,"Geoffroea decorticans, a small deciduous tree",2.17,,,ar,unknown,,1.741891860961914,6.390176773071289,-0.5221315994858742,-1.5221315622329712,,0.8939757189593345,0.999999962747097,False,3, cha|ñ|ar,right,right,known,True,4.066034317016602,m,True,True,m,True
es,cubilete,m,small cube,stratum,wiktionary:kaikki@2026-10-03,False,,small cube (e.g. a stock cube),2.17,,,-ete,loan,,3.7782058715820312,2.887765884399414,-0.027098296210169792,-4.1520984172821045,,0.9891181126601715,4.125000121071935,True,3, cub|ile|te,right,right,known,True,3.3329858779907227,m,True,True,m,True
es,volquete,m,dump truck,stratum,wiktionary:kaikki@2026-10-03,False,,dump truck,2.17,,,-ete,unknown,,6.041378021240234,4.496635437011719,-0.030215046368539333,-4.03021502494812,,0.988555467226627,3.999999978579581,True,2, vol|quete,right,right,known,True,5.269006729125977,m,True,True,m,True
es,grupete,m,group,stratum,wiktionary:kaikki@2026-10-03,False,,group; bunch; batch,2.16,,,-ete,unknown,,0.7589282989501953,0.2734851837158203,-0.06231267377734184,-3.812312602996826,,0.9644389403889688,3.7499999292194843,True,2, grup|ete,unsure,unsure,unsure,False,0.5162067413330078,m,True,True,m,True
es,mondadientes,m,toothpick,stratum,wiktionary:kaikki@2026-10-03,False,,toothpick,2.16,,,es,unknown,,12.092967987060547,2.057147979736328,-0.044710906222462654,-3.6697109937667847,,0.9819523815486442,3.625000087544322,True,3, mon|dad|ientes,right,right,known,True,7.0750579833984375,m,True,True,m,True
es,cúter,m,utility knife,stratum,wiktionary:kaikki@2026-10-03,False,,"utility knife, box cutter, Stanley knife (tool used to cut)",2.15,,,er,unknown,,-0.9477081298828125,1.2776546478271484,-0.01080118166282773,-6.010801315307617,,0.991785936720798,6.0000001336447895,True,2, cú|ter,unsure,right,unsure,False,0.16497325897216797,m,True,False,m,True
es,corchete,m,square bracket,stratum,wiktionary:kaikki@2026-10-03,False,,square bracket,2.15,,,-ete,loan,,4.669189453125,3.7559547424316406,-0.048687754198908806,-3.673687696456909,,0.9796186378714755,3.6249999422580004,True,3, cor|ch|ete,right,right,known,True,4.21257209777832,m,True,True,m,True
es,cartoné,m,hardback,stratum,wiktionary:kaikki@2026-10-03,False,,hardback; hardcover,2.15,,,né,unknown,,0.09410858154296875,0.16308212280273438,-0.01996079459786415,-4.894960880279541,,0.9877801251706149,4.875000085681677,True,3, cart|on|é,unsure,unsure,unsure,False,0.12859535217285156,m,True,True,m,True
es,vivac,m,bivouac,stratum,wiktionary:kaikki@2026-10-03,False,,bivouac,2.15,,,ac,unknown,,-0.2485065460205078,0.5851631164550781,-1.3885762989521027,-0.5135763213038445,,0.9635391502590325,-0.8749999776482582,False,2, viv|ac,unsure,unsure,unsure,False,0.16832828521728516,m,True,False,f,False
es,cuete,m,firecracker,stratum,wiktionary:kaikki@2026-10-03,False,,firecracker,2.15,,,-ete,unknown,,2.7637901306152344,2.907886505126953,-0.4926377162337303,-1.242637723684311,,0.9556558168447438,0.7500000074505806,False,2, cu|ete,right,right,known,True,2.8358383178710938,m,True,True,m,True
es,rosedal,m,rose garden,stratum,wiktionary:kaikki@2026-10-03,False,,rose garden,2.15,,,al,unknown,,5.0257720947265625,5.200084686279297,-0.030647221952676773,-4.530647277832031,,0.9819539131837874,4.5000000558793545,True,3, ros|ed|al,right,right,known,True,5.11292839050293,m,True,True,m,True
es,cibercafé,m,cybercafe,stratum,wiktionary:kaikki@2026-10-03,False,,"cybercafe, Internet cafe",2.14,,,fé,unknown,,4.52165412902832,1.7665882110595703,-0.024510559625923634,-5.524510622024536,,0.9797752054418317,5.5000000623986125,True,4, c|iber|ca|fé,right,right,known,True,3.1441211700439453,m,True,True,m,True
es,matasellos,m,postmark,stratum,wiktionary:kaikki@2026-10-03,False,,postmark,2.14,,,os,unknown,,3.3734054565429688,4.329296112060547,-0.09381500259041786,-2.843814969062805,,0.9756363474457228,2.7499999664723873,True,3, mat|asel|los,right,right,known,True,3.851350784301758,m,True,True,m,True
es,guantelete,m,gauntlet,stratum,wiktionary:kaikki@2026-10-03,False,,gauntlet (hand armour),2.14,,,-ete,unknown,,1.2974281311035156,5.553117752075195,-0.06684176623821259,-3.4418418407440186,,0.9695515493429185,3.375000074505806,True,3, gu|ante|lete,right,right,known,True,3.4252729415893555,m,True,True,m,True
es,bidé,m,bidet,stratum,wiktionary:kaikki@2026-10-03,False,,bidet,2.14,,,dé,unknown,,5.230396270751953,2.014894485473633,-0.03289859462529421,-3.907898426055908,,0.989118012269985,3.874999831430614,True,2, bid|é,right,right,known,True,3.622645378112793,m,True,True,m,True
es,acabose,m,be all and end all,stratum,wiktionary:kaikki@2026-10-03,False,,be all and end all,2.14,,,se,unknown,,-1.499969482421875,2.1331043243408203,-0.4815562516450882,-1.9815561771392822,,0.7607976222748971,1.499999925494194,True,2, acab|ose,wrong,right,conflict,False,0.31656742095947266,m,True,False,m,True
es,tiquete,m,ticket,stratum,wiktionary:kaikki@2026-10-03,False,,ticket,2.13,,,-ete,unknown,,5.389537811279297,3.4658660888671875,-0.028002475388348103,-4.403002500534058,,0.9854964496120011,4.3750000251457095,True,3, t|iqu|ete,right,right,known,True,4.427701950073242,m,True,True,m,True
es,contrafuerte,m,buttress,stratum,wiktionary:kaikki@2026-10-03,False,,buttress,2.13,,,te,unknown,,2.616708755493164,-0.8132648468017578,-0.07280391082167625,-3.0728038549423218,,0.9760747471237963,2.9999999441206455,True,3, contra|fu|erte,right,unsure,unsure,False,0.9017219543457031,m,True,False,m,True
es,sobrecoste,m,extra charge,stratum,wiktionary:kaikki@2026-10-03,False,,extra charge,2.13,,,te,unknown,,5.589080810546875,2.279867172241211,-0.05196443386375904,-3.8019644021987915,,0.9716904996562501,3.7499999683350325,True,3, sob|rec|oste,right,right,known,True,3.934473991394043,m,True,True,m,True
es,henar,m,hayfield,stratum,wiktionary:kaikki@2026-10-03,False,,hayfield,2.13,,,ar,unknown,,5.328340530395508,2.4691085815429688,-0.6966380178928375,-1.0716380178928375,,0.9198107997763727,0.375,False,2, hen|ar,right,right,known,True,3.8987245559692383,m,True,True,m,True
es,mirasol,m,sunflower,stratum,wiktionary:kaikki@2026-10-03,False,,sunflower,2.13,,,ol,unknown,,13.125358581542969,8.271551132202148,-0.7916847169399261,-1.9166847616434097,,0.9744947470710104,1.1250000447034836,False,3, mir|as|ol,right,right,known,True,10.698454856872559,m,True,True,m,True
es,bajorrelieve,m,bas relief,stratum,wiktionary:kaikki@2026-10-03,False,,bas relief,2.13,,,ve,unknown,,1.533285140991211,3.2937355041503906,-0.02746905665844679,-4.402469158172607,,0.9852465167539499,4.375000101514161,True,4, b|ajor|rel|ieve,right,right,known,True,2.413510322570801,m,True,True,m,True
es,palmeral,m,palm tree wood or plantation,stratum,wiktionary:kaikki@2026-10-03,False,,palm tree wood or plantation,2.13,,,al,unknown,,2.518383026123047,3.5176429748535156,-0.32732791267335415,-2.4523280262947083,,0.970196350684539,2.125000113621354,True,3, pal|mer|al,right,right,known,True,3.0180130004882812,m,True,True,m,True
es,sotobosque,m,undergrowth,stratum,wiktionary:kaikki@2026-10-03,False,,undergrowth,2.12,,,ue,unknown,,3.9714622497558594,3.514585494995117,-0.05905376933515072,-3.5590537786483765,,0.9792321089986586,3.5000000093132257,True,5, s|ot|ob|os|que,right,right,known,True,3.7430238723754883,m,True,True,m,True
es,chut,m,shot,stratum,wiktionary:kaikki@2026-10-03,False,,shot,2.12,,,ut,unknown,,4.455259323120117,0.33850669860839844,-0.23776399344205856,-1.8627640008926392,,0.9446459025602838,1.6250000074505806,True,2, ch|ut,right,unsure,unsure,False,2.396883010864258,m,True,True,m,True
es,pretil,m,parapet,stratum,wiktionary:kaikki@2026-10-03,False,,parapet (low wall),2.12,,,il,native,,7.084892272949219,3.087371826171875,-0.06239442713558674,-3.187394380569458,,0.9836039766657523,3.1249999534338713,True,2, pre|til,right,right,known,True,5.086132049560547,m,True,True,m,True
es,sabogal,m,type of fishing net,stratum,wiktionary:kaikki@2026-10-03,False,,A type of fishing net.,2.12,,,al,unknown,,1.7824478149414062,-0.04742240905761719,-0.18597391620278358,-2.4359739422798157,,0.9598505511265596,2.250000026077032,True,3, sab|og|al,right,unsure,unsure,False,0.8675127029418945,m,True,False,m,True
es,buje,m,axle box,stratum,wiktionary:kaikki@2026-10-03,False,,axle box; bushing,2.12,,,je,native,,-1.3482666015625,1.1382198333740234,-0.3234946131706238,-1.573494553565979,,0.9772725982960713,1.2499999403953552,True,2, bu|je,wrong,right,conflict,False,-0.10502338409423828,f,False,False,m,True
es,habar,m,bean patch,stratum,wiktionary:kaikki@2026-10-03,False,,bean patch,2.11,,,ar,unknown,,2.8909664154052734,1.692596435546875,-0.5083393752574921,-1.3833393454551697,,0.8538801830317955,0.8749999701976776,True,2, hab|ar,right,right,known,True,2.291781425476074,m,True,True,m,True
es,greve,m,gravy,stratum,wiktionary:kaikki@2026-10-03,False,,gravy,2.11,,,ve,unknown,,-2.6114559173583984,-1.5591354370117188,-4.045255064964294,-0.04525501374155283,,0.978329611479046,-4.000000051222742,True,2, gre|ve,wrong,wrong,wrong,False,-2.0852956771850586,f,False,True,f,False
es,hach,m,hajj,stratum,wiktionary:kaikki@2026-10-03,False,,hajj,2.11,,,ch,unknown,,5.44788932800293,1.109354019165039,-0.5837190598249435,-0.9587190449237823,,0.9572366949808953,0.3749999850988388,False,2, h|ach,right,right,known,True,3.2786216735839844,m,True,True,m,True
es,cordal,m,tailpiece,stratum,wiktionary:kaikki@2026-10-03,False,,"tailpiece (of a violin, etc.)",2.11,,,al,unknown,,2.8843231201171875,0.5023307800292969,-0.27630786411464214,-2.1513078212738037,,0.9799552519554838,1.8749999571591616,True,2, cord|al,right,unsure,unsure,False,1.6933269500732422,m,True,True,m,True
es,cané,m,type of card game,stratum,wiktionary:kaikki@2026-10-03,False,,"a type of card game, similar to monte",2.1,,,né,unknown,,-0.05889892578125,-3.535980224609375,-0.3773506134748459,-1.6273505985736847,,0.961485668754188,1.2499999850988388,True,2, can|é,unsure,wrong,wrong,False,-1.7974395751953125,f,False,True,m,True
es,glicerol,m,glycerol,stratum,wiktionary:kaikki@2026-10-03,False,,glycerol,2.1,,,ol,unknown,,3.3437767028808594,2.9312057495117188,-0.17243682593107224,-2.047436833381653,,0.9715584766282037,1.8750000074505806,True,3, g|licer|ol,right,right,known,True,3.137491226196289,m,True,True,m,True
es,sombrerete,m,cap,stratum,wiktionary:kaikki@2026-10-03,False,,cap (of mushroom),2.1,,,-ete,unknown,,5.042787551879883,2.529634475708008,-0.03143197577446699,-4.4064319133758545,,0.9813497697603399,4.3749999376013875,True,4, som|br|er|ete,right,right,known,True,3.7862110137939453,m,True,True,m,True
es,portapapeles,m,clipboard,stratum,wiktionary:kaikki@2026-10-03,False,,clipboard,2.1,,,es,unknown,,5.245347023010254,5.385921478271484,-0.048401324078440666,-3.548401355743408,,0.9815271694563894,3.5000000316649675,True,4, port|ap|ape|les,right,right,known,True,5.315634250640869,m,True,True,m,True
es,quitanieves,m,snow plow,stratum,wiktionary:kaikki@2026-10-03,False,,"snow plow (US), snow plough (UK)",2.1,,,es,unknown,,1.2980289459228516,-3.342205047607422,-0.06771325506269932,-3.4427132606506348,,0.972743068633888,3.3750000055879354,True,3, qu|itan|ieves,right,wrong,conflict,False,-1.0220880508422852,f,False,False,m,True
es,armatoste,m,hulky thing,stratum,wiktionary:kaikki@2026-10-03,False,,"hulky thing, big eyesore",2.09,,,te,unknown,,5.152719497680664,3.5039196014404297,-0.18605418503284454,-2.1860541701316833,,0.9551378761949199,1.9999999850988388,True,3, arm|at|oste,right,right,known,True,4.328319549560547,m,True,True,m,True
es,suborden,m,suborder,stratum,wiktionary:kaikki@2026-10-03,False,,suborder,2.09,,,en,unknown,,2.8344459533691406,4.521001815795898,-0.5753717422485352,-1.5753717422485352,,0.84761072613896,1.0,False,2, sub|orden,right,right,known,True,3.6777238845825195,m,True,True,m,True
es,cachivache,m,junk,stratum,wiktionary:kaikki@2026-10-03,False,,"junk, piece of junk",2.09,,,he,unknown,,2.4870376586914062,0.33399200439453125,-0.058134596794843674,-4.43313455581665,,0.9577722877878347,4.374999959021807,True,3, cach|iv|ache,right,unsure,unsure,False,1.4105148315429688,m,True,True,m,True
es,zumaque,m,sumac,stratum,wiktionary:kaikki@2026-10-03,False,,sumac,2.09,,,ue,loan,,4.347867965698242,3.6567821502685547,-0.06015487387776375,-3.5601547956466675,,0.9709197574512295,3.4999999217689037,True,3, z|uma|que,right,right,known,True,4.002325057983398,m,True,True,m,True
es,arcabuz,m,harquebus,stratum,wiktionary:kaikki@2026-10-03,False,,"harquebus, musket",2.08,,,uz,loan,,5.073635101318359,4.635662078857422,-0.06861009076237679,-3.068610191345215,,0.9858119606299983,3.000000100582838,True,3, arc|ab|uz,right,right,known,True,4.854648590087891,m,True,True,m,True
es,clac,m,crush hat,stratum,wiktionary:kaikki@2026-10-03,False,,"crush hat, opera hat",2.08,,,ac,unknown,,3.043943405151367,4.145204544067383,-1.3122689127922058,-0.562268927693367,,0.9331821550875228,-0.7499999850988388,False,2, cl|ac,right,right,known,True,3.594573974609375,m,True,True,f,False
es,gafete,m,identification badge,stratum,wiktionary:kaikki@2026-10-03,False,,identification badge,2.08,,,-ete,unknown,,3.5350303649902344,5.908254623413086,-0.033786067739129066,-4.033786058425903,,0.9850315715402937,3.9999999906867743,True,3, g|af|ete,right,right,known,True,4.72164249420166,m,True,True,m,True
es,molcajete,m,small mortar,stratum,wiktionary:kaikki@2026-10-03,False,,"a small mortar, typically carved from vesicular basalt and used in traditional Mexican cuisine",2.07,,,-ete,unknown,,0.5167884826660156,0.37036705017089844,-0.21598747093230486,-2.59098744392395,,0.9866136295235595,2.3749999729916453,True,4, mol|ca|j|ete,unsure,unsure,unsure,False,0.44357776641845703,m,True,True,m,True
es,elipsoide,m,ellipsoid,stratum,wiktionary:kaikki@2026-10-03,False,,ellipsoid,2.07,,,de,unknown,,-0.6520614624023438,-2.874574661254883,-0.1394181326031685,-2.514418125152588,,0.9655956265038548,2.3749999925494194,True,4, el|ip|so|ide,unsure,wrong,wrong,False,-1.7633180618286133,f,False,True,m,True
es,parterre,m,flowerbed,stratum,wiktionary:kaikki@2026-10-03,False,,flowerbed,2.07,,,re,unknown,,5.71099853515625,1.0356292724609375,-0.059946537017822266,-3.1849465370178223,,0.983506345563566,3.125,True,3, par|ter|re,right,right,known,True,3.3733139038085938,m,True,True,m,True
es,guamúchil,m,pithecellobium dulce,stratum,wiktionary:kaikki@2026-10-03,False,,Pithecellobium dulce,2.07,,,il,unknown,,0.3375358581542969,0.4134559631347656,-0.08045394718647003,-3.3304539918899536,,0.9685740465846426,3.2500000447034836,True,5, gu|am|ú|ch|il,unsure,unsure,unsure,False,0.37549591064453125,m,True,True,m,True
es,juanete,m,bunion,stratum,wiktionary:kaikki@2026-10-03,False,,bunion,2.07,,,-ete,unknown,,1.3523139953613281,-2.2584705352783203,-0.036848921328783035,-3.9118489027023315,,0.9877710612487867,3.8749999813735485,True,3, ju|an|ete,right,wrong,conflict,False,-0.4530782699584961,f,False,False,m,True
es,cubil,m,lair,stratum,wiktionary:kaikki@2026-10-03,False,,"lair, den",2.07,,,il,unknown,,2.450777053833008,0.6644496917724609,-0.04597683250904083,-3.545976758003235,,0.9847837942473467,3.499999925494194,True,2, cub|il,right,unsure,unsure,False,1.5576133728027344,m,True,True,m,True
es,videoarte,m,video art,stratum,wiktionary:kaikki@2026-10-03,False,,video art,2.07,,,te,unknown,,0.030517578125,-1.7826805114746094,-0.030538680963218212,-4.280538558959961,,0.9841865743260476,4.249999877996743,True,2, video|arte,unsure,wrong,wrong,False,-0.8760814666748047,f,False,False,m,True
es,zarzal,m,bramble,stratum,wiktionary:kaikki@2026-10-03,False,,bramble,2.06,,,al,unknown,,6.129877090454102,3.5522079467773438,-0.06078984588384628,-3.6857898235321045,,0.9831108848200154,3.624999977648258,True,3, zar|z|al,right,right,known,True,4.841042518615723,m,True,True,m,True
es,tirachinas,m,slingshot,stratum,wiktionary:kaikki@2026-10-03,False,,slingshot,2.06,,,as,unknown,,0.7832679748535156,4.370552062988281,-3.9422755241394043,-2.9422755241394043,,0.07399104341387071,-1.0,True,3, tir|ach|inas,unsure,right,unsure,False,2.5769100189208984,m,True,True,f,False
es,limpiavidrios,m,window-cleaning liquid,stratum,wiktionary:kaikki@2026-10-03,False,,window-cleaning liquid,2.06,,,os,unknown,,6.5430755615234375,4.06266975402832,-0.07937455177307129,-2.8293745517730713,,0.9827465085802058,2.75,True,4, lim|pi|avid|rios,right,right,known,True,5.302872657775879,m,True,True,m,True
es,yerbal,m,maté field,stratum,wiktionary:kaikki@2026-10-03,False,,maté field,2.05,,,al,unknown,,2.122905731201172,-0.49385643005371094,-0.1344284899532795,-2.384428560733795,,0.9769400528654619,2.2500000707805157,True,2, yer|bal,right,unsure,unsure,False,0.8145246505737305,m,True,False,m,True
es,pozol,m,drink made from purple maize and sugar,stratum,wiktionary:kaikki@2026-10-03,False,,"a drink made from purple maize and sugar, popular among indigenous communities in southern Mexico and parts of Central America",2.05,,,ol,loan,,4.39451789855957,3.0029563903808594,-0.15391192585229874,-2.1539118885993958,,0.9765857837353729,1.999999962747097,True,2, poz|ol,right,right,known,True,3.698737144470215,m,True,True,m,True
es,géiser,m,geyser,stratum,wiktionary:kaikki@2026-10-03,False,,geyser,2.05,,,er,loan,,3.9113597869873047,4.885629653930664,-0.030494784004986286,-4.780494689941406,,0.9783630341179914,4.74999990593642,True,2, gé|iser,right,right,known,True,4.398494720458984,m,True,True,m,True
es,matamoscas,m,flyswatter,stratum,wiktionary:kaikki@2026-10-03,False,,flyswatter,2.04,,,as,unknown,,3.9436073303222656,2.656116485595703,-0.06542150862514973,-3.5654213428497314,,0.9730390814330826,3.4999998342245817,True,3, mat|amos|cas,right,right,known,True,3.2998619079589844,m,True,True,m,True
es,apoyabrazos,m,vehicle seat armrest,stratum,wiktionary:kaikki@2026-10-03,False,,vehicle seat armrest,2.04,,,os,unknown,,2.8931331634521484,1.9945907592773438,-0.04168935492634773,-4.041689157485962,,0.9767387362872388,3.999999802559614,True,5, ap|oy|ab|raz|os,right,right,known,True,2.443861961364746,m,True,True,m,True
es,claqué,m,tap dance,stratum,wiktionary:kaikki@2026-10-03,False,,"tap dance, tap",2.04,,,ué,unknown,,0.2167491912841797,2.983335494995117,-0.14155279844999313,-2.3915528059005737,,0.9700039715584285,2.2500000074505806,True,2, cla|qué,unsure,right,unsure,False,1.6000423431396484,m,True,True,m,True
es,jaral,m,thicket,stratum,wiktionary:kaikki@2026-10-03,False,,thicket; clump,2.04,,,al,unknown,,1.990884780883789,-0.5200786590576172,-0.43133390694856644,-1.3063339293003082,,0.9582458667878443,0.8750000223517418,True,2, jar|al,right,unsure,unsure,False,0.7354030609130859,m,True,False,m,True
es,pañol,m,store,stratum,wiktionary:kaikki@2026-10-03,False,,"store, storeroom, locker",2.04,,,ol,unknown,,3.503559112548828,-0.4154243469238281,-0.04895101860165596,-3.798951029777527,,0.9810520510657343,3.750000011175871,True,3, pa|ñ|ol,right,unsure,unsure,False,1.5440673828125,m,True,False,m,True
es,chapitel,m,spire,stratum,wiktionary:kaikki@2026-10-03,False,,spire,2.04,,,el,unknown,,6.827762603759766,5.250862121582031,-0.04165423475205898,-3.7916542291641235,,0.9845735429767922,3.7499999944120646,True,2, chap|itel,right,right,known,True,6.039312362670898,m,True,True,m,True
es,jaraíz,m,synonym of lagar,stratum,wiktionary:kaikki@2026-10-03,False,,synonym of lagar (“vat in which olives and grapes are pressed”),2.03,,,íz,unknown,,7.0301361083984375,6.336687088012695,-0.3559650331735611,-1.8559650778770447,,0.9636650247564897,1.5000000447034836,True,4, j|ara|í|z,right,right,known,True,6.683411598205566,m,True,True,m,True
es,grisú,m,firedamp,stratum,wiktionary:kaikki@2026-10-03,False,,firedamp,2.03,,,sú,unknown,,0.9257793426513672,1.9973220825195312,-0.0757993757724762,-3.325799345970154,,0.9629662749908767,3.2499999701976776,True,2, gris|ú,unsure,right,unsure,False,1.4615507125854492,m,True,True,m,True
es,buscaminas,m,synonym of barreminas,stratum,wiktionary:kaikki@2026-10-03,False,,synonym of barreminas (“minesweeper”),2.02,,,as,unknown,,1.630772590637207,0.9945926666259766,-0.05830581672489643,-3.558305859565735,,0.972719915012336,3.5000000428408384,True,3, busc|amin|as,right,unsure,unsure,False,1.3126826286315918,m,True,True,m,True
es,trole,m,trolley bus,stratum,wiktionary:kaikki@2026-10-03,False,,trolley bus,2.02,,,le,unknown,,2.2447738647460938,-0.6272640228271484,-0.2953530624508858,-1.5453530550003052,,0.9627035720365674,1.2499999925494194,True,2, t|role,right,unsure,unsure,False,0.8087549209594727,m,True,False,m,True
es,carcaj,m,quiver,stratum,wiktionary:kaikki@2026-10-03,False,,quiver,2.02,,,aj,native,,5.170328140258789,3.38916015625,-0.08522091805934906,-2.7102209329605103,,0.9853170662185823,2.625000014901161,True,3, car|ca|j,right,right,known,True,4.2797441482543945,m,True,True,m,True
es,malpaís,m,akin to badlands,stratum,wiktionary:kaikki@2026-10-03,False,,"akin to badlands, but of volcaniclastic origin",2.02,,,ís,unknown,,2.2701148986816406,0.12552261352539062,-0.025294584222137928,-6.337794542312622,,0.9767945032920721,6.312499958090484,True,3, mal|pa|ís,right,unsure,unsure,False,1.1978187561035156,m,True,True,m,True
es,nocedal,m,walnut grove or plantation,stratum,wiktionary:kaikki@2026-10-03,False,,walnut grove or plantation,2.02,,,al,unknown,,2.4642601013183594,2.3832168579101562,-0.21092962473630905,-2.0859296321868896,,0.9416524374882308,1.8750000074505806,True,3, noc|ed|al,right,right,known,True,2.423738479614258,m,True,True,m,True
es,mejunje,m,concoction,stratum,wiktionary:kaikki@2026-10-03,False,,concoction; brew,2.02,,,je,loan,,5.547983169555664,8.123392105102539,-0.06767855398356915,-3.442678451538086,,0.9687491435580481,3.374999897554517,True,3, mej|un|je,right,right,known,True,6.835687637329102,m,True,True,m,True
es,qualy,f,qualifying round,stratum,wiktionary:kaikki@2026-10-03,False,,qualifying round,2.01,,,ly,unknown,,-0.4147186279296875,-1.1972465515136719,-1.3115906119346619,-0.5615906268358231,,0.8628293754580373,-0.7499999850988388,True,2, qu|aly,unsure,right,unsure,False,-0.8059825897216797,f,True,True,f,True
es,íleon,m,ileum,stratum,wiktionary:kaikki@2026-10-03,False,,ileum,2.01,,,on,unknown,,2.510984420776367,2.715099334716797,-0.03184949979186058,-4.40684962272644,,0.9809438387853096,4.37500012293458,True,2, í|leon,right,right,known,True,2.613041877746582,m,True,True,m,True
es,velamen,m,set of sails of a boat,stratum,wiktionary:kaikki@2026-10-03,False,,set of sails of a boat,2.01,,,-men,unknown,,4.622764587402344,3.2188377380371094,-0.10206742957234383,-2.727067470550537,,0.9806192092336244,2.6250000409781933,True,2, vel|amen,right,right,known,True,3.9208011627197266,m,True,True,m,True
es,berenjenal,m,aubergine field or plantation,stratum,wiktionary:kaikki@2026-10-03,False,,aubergine field or plantation,2.01,,,al,unknown,,8.547744750976562,4.7284088134765625,-1.811641663312912,-0.4366416297852993,,0.9426379857908602,-1.3750000335276127,True,4, ber|en|jen|al,right,right,known,True,6.6380767822265625,m,True,True,f,False
es,martinete,m,hammer,stratum,wiktionary:kaikki@2026-10-03,False,,hammer (of a piano),2.0,,,-ete,unknown,,2.479185104370117,2.43206787109375,-0.05434645898640156,-3.429346442222595,,0.9817388123080031,3.3749999832361937,True,2, martin|ete,right,right,known,True,2.4556264877319336,m,True,True,m,True
es,sóftbol,m,softball,stratum,wiktionary:kaikki@2026-10-03,False,,softball,2.0,,,ol,unknown,,4.970363616943359,4.037899017333984,-0.026551582850515842,-4.5265514850616455,,0.9849519677979848,4.49999990221113,True,3, só|ft|bol,right,right,known,True,4.504131317138672,m,True,True,m,True
es,mitote,m,indigenous dance of mexico,stratum,wiktionary:kaikki@2026-10-03,False,,indigenous dance of Mexico,2.0,,,-ote,unknown,,1.3174400329589844,2.7166709899902344,-0.3917886093258858,-2.51678866147995,,0.962620019558118,2.125000052154064,False,2, mit|ote,right,right,known,True,2.0170555114746094,m,True,True,m,True
es,curri,m,curry,stratum,wiktionary:kaikki@2026-10-03,False,,curry (spice),2.0,,,ri,unknown,,3.8434829711914062,0.9072456359863281,-0.15546640381217003,-2.2804664373397827,,0.9647277365949216,2.1250000335276127,True,2, cur|ri,right,unsure,unsure,False,2.375364303588867,m,True,True,m,True
es,serbal,m,sorb,stratum,wiktionary:kaikki@2026-10-03,False,,sorb (tree),2.0,,,al,native,,0.17100143432617188,0.14863204956054688,-0.07801679708063602,-3.453016757965088,,0.9690140757293131,3.374999960884452,True,2, ser|bal,unsure,unsure,unsure,False,0.15981674194335938,m,True,True,m,True
es,repelús,m,shiver,stratum,wiktionary:kaikki@2026-10-03,False,,"shiver, heeby-jeebies",2.0,,,ús,unknown,,-2.2431602478027344,-1.0745220184326172,-0.05253601633012295,-4.1775360107421875,,0.9652296179869098,4.1249999944120646,True,3, rep|el|ús,wrong,wrong,wrong,False,-1.6588411331176758,f,False,True,m,True
es,muladar,m,trash heap. rubbish heap,stratum,wiktionary:kaikki@2026-10-03,False,,trash heap. rubbish heap,2.0,,,ar,unknown,,4.487871170043945,4.426902770996094,-0.6273732930421829,-1.1273732781410217,,0.9611471455132934,0.4999999850988388,False,2, mul|adar,right,right,known,True,4.4573869705200195,m,True,True,m,True
es,hiperenlace,m,link,stratum,wiktionary:kaikki@2026-10-03,False,,"link, hyperlink",2.0,,,ce,unknown,,2.1486053466796875,2.714214324951172,-0.047763800248503685,-4.297763824462891,,0.9669611431912934,4.250000024214387,True,4, h|iper|en|lace,right,right,known,True,2.4314098358154297,m,True,True,m,True
es,ensalada,f,salad,regular,wiktionary:kaikki@2026-10-03,False,,salad,3.91,,,,loan,,-5.111751556396484,-2.8220157623291016,-5.391671895980835,-0.016671977005898952,,0.9883434019230589,-5.374999918974936,True,3, ens|al|ada,right,right,known,True,-3.966883659362793,f,True,True,f,True
es,concurrencia,f,concurrence,regular,wiktionary:kaikki@2026-10-03,False,,concurrence,3.53,,,,native,,-5.371270179748535,-2.968778610229492,-4.166261434555054,-0.041261328384280205,,0.9781820982921755,-4.1250001061707735,True,3, conc|urrenc|ia,right,right,known,True,-4.170024394989014,f,True,True,f,True
es,cuantía,f,quantity,regular,wiktionary:kaikki@2026-10-03,False,,quantity,3.48,,,,unknown,,-8.103559494018555,-7.012447357177734,-4.28113317489624,-0.031133153475821018,,0.9836031162090182,-4.250000021420419,True,3, cu|ant|ía,right,right,known,True,-7.5580034255981445,f,True,True,f,True
es,ponencia,f,report,regular,wiktionary:kaikki@2026-10-03,False,,"report, presentation, address, speech",3.49,,,,unknown,,-3.2205123901367188,-2.4120540618896484,-5.398849248886108,-0.023849167861044407,,0.9818709767255205,-5.375000081025064,True,2, pon|encia,right,right,known,True,-2.8162832260131836,f,True,True,f,True
es,selva,f,jungle,regular,wiktionary:kaikki@2026-10-03,False,,jungle,4.25,,,,native,,-7.39210319519043,-3.143890380859375,-5.643466234207153,-0.018466179724782705,,0.9854984417240858,-5.625000054482371,True,2, sel|va,right,right,known,True,-5.267996788024902,f,True,True,f,True
es,consecuencia,f,consequence,regular,wiktionary:kaikki@2026-10-03,False,,consequence,4.71,,,,unknown,,-4.042108535766602,-4.561619758605957,-4.168980836868286,-0.04398080613464117,,0.9755110139389422,-4.125000030733645,True,2, consec|uencia,right,right,known,True,-4.301864147186279,f,True,True,f,True
es,historiografía,f,historiography,regular,wiktionary:kaikki@2026-10-03,False,,historiography,3.32,,,,unknown,,-6.739156723022461,0.9465007781982422,-4.777024745941162,-0.02702466305345297,,0.9828236672439667,-4.750000082887709,True,3, histor|i|ografía,right,unsure,unsure,False,-2.8963279724121094,f,True,False,f,True
es,sonrisa,f,smile,regular,wiktionary:kaikki@2026-10-03,False,,smile,4.5,,,,native,,-6.635013580322266,-6.595259666442871,-6.768649578094482,-0.018649667035788298,,0.9830277893957409,-6.749999911058694,True,3, son|ris|a,right,right,known,True,-6.615136623382568,f,True,True,f,True
es,economía,f,economy,regular,wiktionary:kaikki@2026-10-03,False,,economy,5.14,,,,loan,,-7.9235005378723145,-5.73146915435791,-4.783020734786987,-0.0330208670347929,,0.9761510386235934,-4.749999867752194,True,1, economía,right,right,known,True,-6.827484846115112,f,True,True,f,True
es,trascendencia,f,importance,regular,wiktionary:kaikki@2026-10-03,False,,importance,3.61,,,,unknown,,-4.8090410232543945,-6.744638442993164,-5.035971403121948,-0.03597140312194824,,0.9720000708788763,-5.0,True,4, tr|asc|end|encia,right,right,known,True,-5.776839733123779,f,True,True,f,True
es,metáfora,f,metaphor,regular,wiktionary:kaikki@2026-10-03,False,,metaphor (the use of a word or phrase to refer to something other than its literal meaning),3.71,,,,loan,,-5.060168266296387,-4.996072769165039,-4.980531930923462,-0.043032146990299225,,0.9654195968216677,-4.937499783933163,True,4, met|á|for|a,right,right,known,True,-5.028120517730713,f,True,True,f,True
es,súplica,f,plea,regular,wiktionary:kaikki@2026-10-03,False,,"plea, supplication (appeal, petition, entreaty)",3.0,,,,unknown,,-5.858247756958008,-6.271554946899414,-4.291085600852966,-0.041085521690547466,,0.9751729113296821,-4.250000079162419,True,4, s|ú|p|lica,right,right,known,True,-6.064901351928711,f,True,True,f,True
es,osadía,f,boldness,regular,wiktionary:kaikki@2026-10-03,False,,"boldness, nerve, guts",3.21,,,,unknown,,-7.5527143478393555,-7.5877685546875,-4.775384187698364,-0.02538405917584896,,0.983633686188822,-4.750000128522515,True,3, os|ad|ía,right,right,known,True,-7.570241451263428,f,True,True,f,True
es,delincuencia,f,crime,regular,wiktionary:kaikki@2026-10-03,False,,"crime, delinquency",4.05,,,,loan,,-5.317605018615723,-4.408107757568359,-4.4143853187561035,-0.03938546031713486,,0.9758910647102783,-4.374999858438969,True,3, del|inc|uencia,right,right,known,True,-4.862856388092041,f,True,True,f,True
es,sugerencia,f,suggestion,regular,wiktionary:kaikki@2026-10-03,False,,suggestion,3.94,,,,unknown,,-8.060419082641602,-5.424520492553711,-4.336807608604431,-0.08680763095617294,,0.9319696303093361,-4.249999977648258,True,2, suger|encia,right,right,known,True,-6.742469787597656,f,True,True,f,True
es,pasarela,f,catwalk,regular,wiktionary:kaikki@2026-10-03,False,,catwalk,3.43,,,,unknown,,-3.428863525390625,-5.377547264099121,-5.641373157501221,-0.016373335849493742,,0.9880213364391677,-5.624999821651727,True,3, pas|are|la,right,right,known,True,-4.403205394744873,f,True,True,f,True
es,pulsera,f,bracelet,regular,wiktionary:kaikki@2026-10-03,False,,bracelet,3.49,,,,unknown,,-4.154521942138672,-0.5546646118164062,-5.392330646514893,-0.017330720089375973,,0.9874066971883708,-5.374999926425517,True,3, pul|ser|a,right,unsure,unsure,False,-2.354593276977539,f,True,True,f,True
es,docencia,f,teaching,regular,wiktionary:kaikki@2026-10-03,False,,teaching,3.72,,,,unknown,,-6.678889274597168,-1.2973747253417969,-4.165192127227783,-0.040192246437072754,,0.977222588211765,-4.1249998807907104,True,2, doc|encia,right,right,known,True,-3.9881319999694824,f,True,True,f,True
es,glándula,f,gland,regular,wiktionary:kaikki@2026-10-03,False,,gland,3.25,,,,unknown,,-4.405406951904297,-2.627016067504883,-5.51734471321106,-0.01734486036002636,,0.9869471268323077,-5.499999852851033,True,3, gl|ánd|ula,right,right,known,True,-3.51621150970459,f,True,True,f,True
es,venta,f,sale,regular,wiktionary:kaikki@2026-10-03,False,,sale,4.91,,,,native,,-5.396091461181641,-4.531990051269531,-5.150265693664551,-0.025265722535550594,,0.9812657235981003,-5.124999971129,True,1, venta,right,right,known,True,-4.964040756225586,f,True,True,f,True
es,dureza,f,hardness,regular,wiktionary:kaikki@2026-10-03,False,,hardness,3.69,,,,native,,-6.40891170501709,-5.600715637207031,-2.7324331998825073,-0.10743320733308792,,0.9675118033440442,-2.6249999925494194,True,3, d|ure|za,right,right,known,True,-6.0048136711120605,f,True,True,f,True
es,fábrica,f,factory,regular,wiktionary:kaikki@2026-10-03,False,,factory,4.47,,,,unknown,,-5.396537780761719,-7.247610092163086,-5.834781646728516,-0.022281776182353497,,0.9813623370592675,-5.812499870546162,True,4, f|á|br|ica,right,right,known,True,-6.322073936462402,f,True,True,f,True
es,intendencia,f,management,regular,wiktionary:kaikki@2026-10-03,False,,"management, administration, government",3.65,,,,unknown,,-5.613191604614258,-1.4281997680664062,-4.778870344161987,-0.028870487585663795,,0.9810112562755636,-4.7499998565763235,True,2, intend|encia,right,right,known,True,-3.520695686340332,f,True,True,f,True
es,tarta,f,pie,regular,wiktionary:kaikki@2026-10-03,False,,"pie, tart",3.79,,,,loan,,-4.326560974121094,-6.600812911987305,-5.513753890991211,-0.013753906823694706,,0.9904977493664023,-5.499999984167516,True,2, t|arta,right,right,known,True,-5.463686943054199,f,True,True,f,True
es,desconfianza,f,mistrust,regular,wiktionary:kaikki@2026-10-03,False,,"mistrust, distrust",3.91,,,,unknown,,-6.436365127563477,-2.602325439453125,-5.149174690246582,-0.02417462319135666,,0.9830883808450672,-5.125000067055225,True,4, des|conf|ian|za,right,right,known,True,-4.519345283508301,f,True,True,f,True
es,colmena,f,beehive,regular,wiktionary:kaikki@2026-10-03,False,,beehive,3.26,,,,native,,-5.149942398071289,-5.8142242431640625,-6.6406800746917725,-0.01567993313074112,,0.985841485669757,-6.625000141561031,True,3, col|men|a,right,right,known,True,-5.482083320617676,f,True,True,f,True
es,miseria,f,misery,regular,wiktionary:kaikki@2026-10-03,False,,misery,4.23,,,,unknown,,-7.837935447692871,-3.1026878356933594,-4.9026923179626465,-0.02769239991903305,,0.9806481162284513,-4.874999918043613,True,2, mis|eria,right,right,known,True,-5.470311641693115,f,True,True,f,True
es,pascua,f,easter,regular,wiktionary:kaikki@2026-10-03,False,,Easter,3.93,,,,native,,-3.9809322357177734,-2.405466079711914,-3.811893939971924,-0.061893951147794724,,0.973753091574957,-3.749999988824129,True,3, p|asc|ua,right,right,known,True,-3.1931991577148438,f,True,True,f,True
es,pretemporada,f,preseason,regular,wiktionary:kaikki@2026-10-03,False,,preseason,3.42,,,,unknown,,-3.4337806701660156,-5.710004806518555,-5.774551868438721,-0.024551945738494396,,0.9797657987961845,-5.749999922700226,True,4, pre|temp|or|ada,right,right,known,True,-4.571892738342285,f,True,True,f,True
es,psicología,f,psychology,regular,wiktionary:kaikki@2026-10-03,False,,psychology,4.25,,,,loan,,-6.261439323425293,-3.676362991333008,-5.032720565795898,-0.0327207138761878,,0.9762447421824523,-4.999999851919711,True,3, ps|ic|ología,right,right,known,True,-4.96890115737915,f,True,True,f,True
es,tena,f,type of pepper,regular,wiktionary:kaikki@2026-10-03,False,,a type of pepper.,3.14,,,,unknown,,-1.8252735137939453,0.4098167419433594,-1.990005612373352,-0.24000553041696548,,0.95709714844078,-1.7500000819563866,True,2, ten|a,right,unsure,unsure,False,-0.707728385925293,f,True,False,f,True
es,parrilla,f,grill,regular,wiktionary:kaikki@2026-10-03,False,,grill,3.78,,,,unknown,,-3.3030357360839844,-2.194448471069336,-5.640155076980591,-0.015154906082898378,,0.9887635386206656,-5.625000170897692,True,3, p|arr|illa,right,right,known,True,-2.74874210357666,f,True,True,f,True
es,refinería,f,refinery,regular,wiktionary:kaikki@2026-10-03,False,,refinery,3.47,,,,unknown,,-5.067869186401367,-4.219512939453125,-5.277320384979248,-0.027320520021021366,,0.9796595355324305,-5.249999864958227,True,3, ref|iner|ía,right,right,known,True,-4.643691062927246,f,True,True,f,True
es,taberna,f,pub,regular,wiktionary:kaikki@2026-10-03,False,,"pub, tavern",3.43,,,,loan,,-5.199520111083984,-7.575283050537109,-4.162489175796509,-0.03748910129070282,,0.9788967033653739,-4.125000074505806,True,2, tab|erna,right,right,known,True,-6.387401580810547,f,True,True,f,True
es,desobediencia,f,disobedience,regular,wiktionary:kaikki@2026-10-03,False,,disobedience,3.5,,,,unknown,,-6.428735733032227,-4.086965560913086,-5.271704435348511,-0.02170440461486578,,0.9843183946789436,-5.250000030733645,True,4, des|ob|edi|encia,right,right,known,True,-5.257850646972656,f,True,True,f,True
es,pastelería,f,pastry shop,regular,wiktionary:kaikki@2026-10-03,False,,"pastry shop, cake shop",3.14,,,,unknown,,-3.448244094848633,-2.415189743041992,-4.164895296096802,-0.03989536128938198,,0.9775108832019461,-4.12499993480742,True,3, past|eler|ía,right,right,known,True,-2.9317169189453125,f,True,True,f,True
es,carita,f,smiley,regular,wiktionary:kaikki@2026-10-03,False,,"smiley, emoticon, emoji",3.36,,,,unknown,,-3.2942638397216797,-6.477926254272461,-5.397927284240723,-0.02292739972472191,,0.9837120373073054,-5.374999884516001,True,2, car|ita,right,right,known,True,-4.88609504699707,f,True,True,f,True
es,camarilla,f,secret,regular,wiktionary:kaikki@2026-10-03,False,,"a secret, usually sinister, group of conspiring advisors close to the leadership; a cabal",3.12,,,,unknown,,-3.7421207427978516,-4.455373764038086,-4.16581928730011,-0.04081924073398113,,0.978598414166509,-4.125000046566129,True,2, camar|illa,right,right,known,True,-4.098747253417969,f,True,True,f,True
es,manzanilla,f,camomile,regular,wiktionary:kaikki@2026-10-03,False,,camomile,3.2,,,,unknown,,-3.7698593139648438,-2.4699840545654297,-5.962090730667114,-0.024590754881501198,,0.9785336062052647,-5.937499975785613,True,3, man|zan|illa,right,right,known,True,-3.1199216842651367,f,True,True,f,True
es,insistencia,f,insistence,regular,wiktionary:kaikki@2026-10-03,False,,insistence,3.61,,,,unknown,,-9.93850326538086,-5.67457389831543,-4.532524347305298,-0.03252439294010401,,0.9801207830813963,-4.499999954365194,True,2, insist|encia,right,right,known,True,-7.8065385818481445,f,True,True,f,True
es,conveniencia,f,convenience,regular,wiktionary:kaikki@2026-10-03,False,,convenience,3.81,,,,unknown,,-9.245408058166504,-5.865566253662109,-4.296777844429016,-0.046777788549661636,,0.9696415060635863,-4.2500000558793545,True,3, conven|i|encia,right,right,known,True,-7.555487155914307,f,True,True,f,True
es,esencia,f,essence,regular,wiktionary:kaikki@2026-10-03,False,,essence,4.26,,,,unknown,,-5.364316940307617,-6.134662628173828,-5.028998851776123,-0.02899877168238163,,0.9781696543058136,-5.000000080093741,True,2, es|encia,right,right,known,True,-5.749489784240723,f,True,True,f,True
es,farmacia,f,drugstore,regular,wiktionary:kaikki@2026-10-03,False,,"drugstore, pharmacy",3.98,,,,loan,,-8.968565940856934,-5.272347450256348,-5.710296154022217,-0.022796140983700752,,0.9810945561365223,-5.687500013038516,True,2, farm|acia,right,right,known,True,-7.120456695556641,f,True,True,f,True
es,milla,f,english or american mile,regular,wiktionary:kaikki@2026-10-03,False,,English or American mile (a unit of distance equivalent to about 1.6 km),3.64,,,,loan,,-3.0360984802246094,-3.40087890625,-4.900726556777954,-0.02572654467076063,,0.9821025993683201,-4.8750000121071935,True,2, mill|a,right,right,known,True,-3.2184886932373047,f,True,True,f,True
es,contaduría,f,bookkeeping,regular,wiktionary:kaikki@2026-10-03,False,,bookkeeping,3.09,,,,unknown,,-1.8270149230957031,-3.4708023071289062,-4.904589653015137,-0.02958974987268448,,0.9797421990715797,-4.874999903142452,True,4, cont|ad|ur|ía,right,right,known,True,-2.6489086151123047,f,True,True,f,True
es,biotecnología,f,biotechnology,regular,wiktionary:kaikki@2026-10-03,False,,biotechnology,3.29,,,,unknown,,-7.181777000427246,-6.192378997802734,-5.031028985977173,-0.03102913685142994,,0.9768085950178986,-4.999999849125743,True,4, bi|ot|ecn|ología,right,right,known,True,-6.68707799911499,f,True,True,f,True
es,floresta,f,woodland,regular,wiktionary:kaikki@2026-10-03,False,,"woodland, greenwood, dell, forest (dense collection of trees)",3.08,,,,loan,,-3.937328338623047,-3.0200271606445312,-2.9620689153671265,-0.08706893399357796,,0.9718098909798683,-2.8749999813735485,True,3, flo|rest|a,right,right,known,True,-3.478677749633789,f,True,True,f,True
es,discrepancia,f,discrepancy,regular,wiktionary:kaikki@2026-10-03,False,,discrepancy,3.39,,,,unknown,,-4.657587051391602,-4.697580337524414,-5.529369354248047,-0.029369200579822063,,0.9762294725082598,-5.500000153668225,True,2, discrepan|cia,right,right,known,True,-4.677583694458008,f,True,True,f,True
es,tijera,f,scissors,regular,wiktionary:kaikki@2026-10-03,False,,scissors,3.29,,,,native,,-4.797962188720703,-3.855447769165039,-5.5839269161224365,-0.021426974795758724,,0.9827436621105647,-5.562499941326678,True,3, t|ij|era,right,right,known,True,-4.326704978942871,f,True,True,f,True
es,pana,f,velour,regular,wiktionary:kaikki@2026-10-03,False,,"velour, corduroy",3.81,,,,loan,,-1.0370826721191406,-0.3894386291503906,-0.27018482983112335,-1.770184874534607,,0.9379605465391724,1.5000000447034836,True,2, p|ana,right,unsure,unsure,False,-0.7132606506347656,f,True,True,m,False
es,proa,f,bow,regular,wiktionary:kaikki@2026-10-03,False,,"bow, prow (front of a boat or ship)",3.48,,,,native,,-1.621561050415039,-1.0382347106933594,-3.6660501956939697,-0.04105021432042122,,0.9855532112808921,-3.6249999813735485,True,2, pro|a,right,right,known,True,-1.3298978805541992,f,True,True,f,True
es,geología,f,geology,regular,wiktionary:kaikki@2026-10-03,False,,geology (the study of earth and land),3.48,,,,unknown,,-6.091207504272461,-2.7966346740722656,-5.274347543716431,-0.024347604252398014,,0.9817179421313607,-5.249999939464033,True,2, ge|ología,right,right,known,True,-4.443921089172363,f,True,True,f,True
es,mercadotecnia,f,marketing,regular,wiktionary:kaikki@2026-10-03,False,,"marketing (the promotion, distribution and selling of a product or service)",3.23,,,,unknown,,-2.007863998413086,0.6893196105957031,-3.683156371116638,-0.05815627612173557,,0.9703871196941531,-3.6250000949949026,True,4, merc|ad|otec|nia,right,unsure,unsure,False,-0.6592721939086914,f,True,False,f,True
es,librería,f,bookshop,regular,wiktionary:kaikki@2026-10-03,False,,"bookshop, bookstore",3.88,,,,unknown,,-4.590972900390625,-5.22003173828125,-5.958126783370972,-0.020626818761229515,,0.982423324080551,-5.937499964609742,True,3, lib|rer|ía,right,right,known,True,-4.9055023193359375,f,True,True,f,True
es,pesadilla,f,nightmare,regular,wiktionary:kaikki@2026-10-03,False,,nightmare,3.98,,,,unknown,,-8.295408248901367,-7.025643348693848,-6.4702534675598145,-0.03275339491665363,,0.9697440836371398,-6.437500072643161,True,3, pes|ad|illa,right,right,known,True,-7.660525798797607,f,True,True,f,True
es,deuda,f,debt,regular,wiktionary:kaikki@2026-10-03,False,,debt (an obligation to perform for another),4.67,,,,native,,-6.0568037033081055,-5.678321838378906,-5.517554044723511,-0.017553952522575855,,0.9867431079462994,-5.500000092200935,True,2, de|uda,right,right,known,True,-5.867562770843506,f,True,True,f,True
es,capilla,f,chapel,regular,wiktionary:kaikki@2026-10-03,False,,chapel,4.1,,,,native,,-3.7118263244628906,-6.173715591430664,-6.824777364730835,-0.012277178466320038,,0.9890610281383525,-6.812500186264515,True,2, cap|illa,right,right,known,True,-4.942770957946777,f,True,True,f,True
es,cosita,f,diminutive of cosa,regular,wiktionary:kaikki@2026-10-03,False,,diminutive of cosa,3.48,,,,unknown,,-5.936956405639648,-7.725223541259766,-5.1103515625,-0.047851528972387314,,0.9593221197425451,-5.062500033527613,True,2, cos|ita,right,right,known,True,-6.831089973449707,f,True,True,f,True
es,gentileza,f,kindness,regular,wiktionary:kaikki@2026-10-03,False,,kindness,3.21,,,,unknown,,-7.4525346755981445,-2.025419235229492,-4.055773973464966,-0.055773934349417686,,0.9681899916783621,-4.000000039115548,True,3, gent|ile|za,right,right,known,True,-4.738976955413818,f,True,True,f,True
es,sigla,f,initial,regular,wiktionary:kaikki@2026-10-03,False,,initial,3.22,,,,loan,,-3.715463638305664,-6.100252151489258,-3.9253883361816406,-0.05038835294544697,,0.9719748506519134,-3.8749999832361937,True,2, sig|la,right,right,known,True,-4.907857894897461,f,True,True,f,True
es,etapa,f,stage,regular,wiktionary:kaikki@2026-10-03,False,,"stage, phase",4.69,,,,loan,,-6.773096084594727,-4.087105751037598,-5.652650594711304,-0.027650549076497555,,0.9762792439941943,-5.625000045634806,True,2, et|apa,right,right,known,True,-5.430100917816162,f,True,True,f,True
es,rada,f,bay,regular,wiktionary:kaikki@2026-10-03,False,,"bay, creek, cove",3.28,,,,loan,,-4.787073135375977,-3.6026782989501953,-3.083740472793579,-0.08374050632119179,,0.9710162018103148,-2.9999999664723873,True,2, r|ada,right,right,known,True,-4.194875717163086,f,True,True,f,True
es,manija,f,handle,regular,wiktionary:kaikki@2026-10-03,False,,handle (part of an object that is held),3.39,,,,native,,-4.819026947021484,-3.441030502319336,-5.524795770645142,-0.02479571383446455,,0.9800100935588567,-5.500000056810677,True,2, man|ija,right,right,known,True,-4.13002872467041,f,True,True,f,True
es,euforia,f,euphoria,regular,wiktionary:kaikki@2026-10-03,False,,euphoria,3.4,,,,loan,,-5.086648941040039,-3.279308319091797,-4.167741894721985,-0.04274187237024307,,0.9747390131821261,-4.125000022351742,True,2, e|uforia,right,right,known,True,-4.182978630065918,f,True,True,f,True
es,secuela,f,consequence,regular,wiktionary:kaikki@2026-10-03,False,,"consequence, result",3.53,,,,unknown,,-7.592530250549316,-6.604778289794922,-5.405512571334839,-0.03051242232322693,,0.9762818862142262,-5.375000149011612,True,2, sec|uela,right,right,known,True,-7.098654270172119,f,True,True,f,True
es,pradera,f,pasture,regular,wiktionary:kaikki@2026-10-03,False,,pasture,3.35,,,,native,,-7.108243942260742,-8.255903244018555,-5.764348983764648,-0.014348916243761778,,0.9889893025114348,-5.750000067520887,True,2, pr|adera,right,right,known,True,-7.682073593139648,f,True,True,f,True
es,pornografía,f,pornography,regular,wiktionary:kaikki@2026-10-03,False,,pornography,3.72,,,,unknown,,-4.824969291687012,-3.6366539001464844,-3.6765501499176025,-0.05155004560947418,,0.9768217470118721,-3.6250001043081284,True,2, porn|ografía,right,right,known,True,-4.230811595916748,f,True,True,f,True
es,bandeja,f,tray,regular,wiktionary:kaikki@2026-10-03,False,,"tray, platter (small, typically rectangular or round, flat, and rigid object upon which things are carried)",3.74,,,,loan,,-4.508349418640137,-3.1985397338867188,-5.517879486083984,-0.017879366874694824,,0.987472631252621,-5.5000001192092896,True,2, bande|ja,right,right,known,True,-3.8534445762634277,f,True,True,f,True
es,joyería,f,jewelry shop / store,regular,wiktionary:kaikki@2026-10-03,False,,jewelry shop / store,3.43,,,,unknown,,-4.8589677810668945,-3.6054115295410156,-4.281716823577881,-0.03171679005026817,,0.98302895516242,-4.250000033527613,True,2, joy|ería,right,right,known,True,-4.232189655303955,f,True,True,f,True
es,injerencia,f,interference,regular,wiktionary:kaikki@2026-10-03,False,,"interference, meddling",3.42,,,,unknown,,-6.685102462768555,-2.194793701171875,-5.028875350952148,-0.028875271789729595,,0.9782880414928368,-5.000000079162419,True,3, inj|er|encia,right,right,known,True,-4.439948081970215,f,True,True,f,True
es,misoginia,f,misogyny,regular,wiktionary:kaikki@2026-10-03,False,,misogyny,3.08,,,,unknown,,-4.332895278930664,-5.743095397949219,-2.8431015014648438,-0.09310150891542435,,0.9693491348351692,-2.7499999925494194,True,2, misog|inia,right,right,known,True,-5.037995338439941,f,True,True,f,True
es,banqueta,f,footstool,regular,wiktionary:kaikki@2026-10-03,False,,footstool,3.0,,,,native,,-3.6810121536254883,-5.284868240356445,-3.0665799379348755,-0.066579919308424,,0.9821695562775958,-3.0000000186264515,True,3, ban|qu|eta,right,right,known,True,-4.482940196990967,f,True,True,f,True
es,valija,f,valise,regular,wiktionary:kaikki@2026-10-03,False,,valise,3.18,,,,loan,,-4.8724212646484375,-6.486946105957031,-6.1394875049591064,-0.014487477019429207,,0.9882077320527329,-6.125000027939677,True,2, val|ija,right,right,known,True,-5.679683685302734,f,True,True,f,True
es,sacristía,f,sacristy,regular,wiktionary:kaikki@2026-10-03,False,,sacristy (room in a church),3.06,,,,native,,-6.618743896484375,-2.6984386444091797,-5.519248962402344,-0.01924899872392416,,0.9850695584427434,-5.49999996367842,True,3, sac|rist|ía,right,right,known,True,-4.658591270446777,f,True,True,f,True
es,prevalencia,f,prevalence,regular,wiktionary:kaikki@2026-10-03,False,,prevalence,3.37,,,,unknown,,-7.678945541381836,-5.619728088378906,-3.922943592071533,-0.04794356785714626,,0.9743490358369826,-3.875000024214387,True,2, preval|encia,right,right,known,True,-6.649336814880371,f,True,True,f,True
es,resiliencia,f,resilience,regular,wiktionary:kaikki@2026-10-03,False,,resilience,3.1,,,,unknown,,-6.341757774353027,-3.6167049407958984,-4.42767333984375,-0.05267341248691082,,0.963040541971082,-4.374999927356839,True,3, res|ili|encia,right,right,known,True,-4.979231357574463,f,True,True,f,True
es,quilla,f,keel,regular,wiktionary:kaikki@2026-10-03,False,,keel,3.04,,,,unknown,,-4.236970901489258,-4.946588516235352,-3.1890110969543457,-0.064011100679636,,0.9795166873063308,-3.1249999962747097,True,2, qu|illa,right,right,known,True,-4.591779708862305,f,True,True,f,True
es,pulpa,f,soft part of an animal's body,regular,wiktionary:kaikki@2026-10-03,False,,the soft part of an animal's body; flesh,3.35,,,,native,,-4.089425086975098,-0.2421417236328125,-3.793898105621338,-0.043898141011595726,,0.9802515616510408,-3.749999964609742,True,2, pul|pa,right,unsure,unsure,False,-2.165783405303955,f,True,True,f,True
es,psicoterapia,f,psychotherapy,regular,wiktionary:kaikki@2026-10-03,False,,psychotherapy,3.05,,,,unknown,,-7.3849382400512695,-6.189325332641602,-5.029917001724243,-0.029917133040726185,,0.9789810923635467,-4.999999868683517,True,4, ps|ic|oter|apia,right,right,known,True,-6.7871317863464355,f,True,True,f,True
es,pertenencia,f,belonging,regular,wiktionary:kaikki@2026-10-03,False,,belonging,3.74,,,,loan,,-8.714363098144531,-4.756776809692383,-2.8327945470809937,-0.20779456198215485,,0.8753624884670954,-2.624999985098839,True,3, pert|en|encia,right,right,known,True,-6.735569953918457,f,True,True,f,True
es,lavadora,f,washing machine,regular,wiktionary:kaikki@2026-10-03,False,,"washing machine, washer, wash",3.36,,,,unknown,,-8.090656280517578,-6.738958358764648,-6.205368757247925,-0.017868828028440475,,0.9845049678431905,-6.187499929219484,True,2, lav|adora,right,right,known,True,-7.414807319641113,f,True,True,f,True
es,cama,f,bed,regular,wiktionary:kaikki@2026-10-03,False,,bed,4.89,,,,unknown,,-4.660663604736328,-5.003576278686523,-6.51215124130249,-0.012151386588811874,,0.9895980166023458,-6.499999854713678,True,2, c|ama,right,right,known,True,-4.832119941711426,f,True,True,f,True
es,correa,f,belt,regular,wiktionary:kaikki@2026-10-03,False,,"belt, band",4.26,,,,native,,-2.5853004455566406,-3.599374771118164,-4.155982971191406,-0.030982930213212967,,0.9862624712421937,-4.125000040978193,True,2, cor|rea,right,right,known,True,-3.0923376083374023,f,True,True,f,True
es,ineficacia,f,ineffectiveness,regular,wiktionary:kaikki@2026-10-03,False,,ineffectiveness,3.12,,,,unknown,,-8.716876983642578,-6.115285873413086,-4.535429835319519,-0.03542975056916475,,0.9790380816658368,-4.500000084750354,True,4, in|ef|ic|acia,right,right,known,True,-7.416081428527832,f,True,True,f,True
es,herejía,f,heresy,regular,wiktionary:kaikki@2026-10-03,False,,heresy,3.23,,,,loan,,-2.395768165588379,-5.733068466186523,-5.3991076946258545,-0.0241076722741127,,0.9810254107137457,-5.375000022351742,True,3, here|j|ía,right,right,known,True,-4.064418315887451,f,True,True,f,True
es,lotería,f,lottery,regular,wiktionary:kaikki@2026-10-03,False,,lottery,3.83,,,,loan,,-5.968454360961914,-5.976445198059082,-4.900206089019775,-0.025205890648066998,,0.9840461702902874,-4.875000198371708,True,2, lot|ería,right,right,known,True,-5.972449779510498,f,True,True,f,True
es,pulgada,f,english or american inch,regular,wiktionary:kaikki@2026-10-03,False,,English or American inch (a unit of length equal to 2.54 cm),3.24,,,,native,,-6.588245391845703,-1.538930892944336,-5.394564390182495,-0.019564571790397167,,0.9852021350512419,-5.374999818392098,True,3, pul|g|ada,right,right,known,True,-4.0635881423950195,f,True,True,f,True
es,etnia,f,ethnic group,regular,wiktionary:kaikki@2026-10-03,False,,"ethnic group, ethnicity",3.67,,,,loan,,-8.213529586791992,-5.118511199951172,-5.275591135025024,-0.025591055862605572,,0.9798486910931572,-5.250000079162419,True,2, et|nia,right,right,known,True,-6.666020393371582,f,True,True,f,True
es,tecnología,f,technology,regular,wiktionary:kaikki@2026-10-03,False,,technology,4.94,,,,unknown,,-7.67179012298584,-5.29847526550293,-4.7798871994018555,-0.029887287877500057,,0.980014077477485,-4.749999911524355,True,1, tecnología,right,right,known,True,-6.485132694244385,f,True,True,f,True
es,epidemia,f,epidemic,regular,wiktionary:kaikki@2026-10-03,False,,an epidemic,3.82,,,,loan,,-5.490221977233887,-5.96668815612793,-4.781500577926636,-0.03150049224495888,,0.9784391080741723,-4.750000085681677,True,2, epid|emia,right,right,known,True,-5.728455066680908,f,True,True,f,True
es,lengua,f,tongue,regular,wiktionary:kaikki@2026-10-03,False,,tongue (organ),4.92,,,,unknown,,-6.331907272338867,-2.830442428588867,-3.548383355140686,-0.04838339053094387,,0.9815396319984069,-3.499999964609742,True,2, leng|ua,right,right,known,True,-4.581174850463867,f,True,True,f,True
es,mueca,f,exaggerated facial expression,regular,wiktionary:kaikki@2026-10-03,False,,an exaggerated facial expression,3.12,,,,native,,-5.364670753479004,-8.316665649414062,-4.774447917938232,-0.024447965435683727,,0.985360349275658,-4.749999952502549,True,2, mue|ca,right,right,known,True,-6.840668201446533,f,True,True,f,True
es,decencia,f,decency,regular,wiktionary:kaikki@2026-10-03,False,,decency,3.61,,,,native,,-9.353571891784668,-6.122739791870117,-3.919570565223694,-0.0445704348385334,,0.9776429322473416,-3.8750001303851604,True,2, dec|encia,right,right,known,True,-7.738155841827393,f,True,True,f,True
es,reliquia,f,relic,regular,wiktionary:kaikki@2026-10-03,False,,"relic, heirloom",3.35,,,,native,,-3.7997798919677734,-5.316293716430664,-5.0250914096832275,-0.025091380812227726,,0.9820000884233095,-5.000000028871,True,2, reli|quia,right,right,known,True,-4.558036804199219,f,True,True,f,True
es,santamaría,f,roller shutter,regular,wiktionary:kaikki@2026-10-03,False,,roller shutter (to protect shops),3.3,,,,unknown,,-7.474935531616211,-6.450115203857422,-1.2195183336734772,-0.7195183783769608,,0.876572716067757,-0.4999999552965164,False,3, sant|amar|ía,right,right,known,True,-6.962525367736816,f,True,True,f,True
es,maleza,f,underbrush,regular,wiktionary:kaikki@2026-10-03,False,,underbrush,3.12,,,,unknown,,-5.998634338378906,-4.695688247680664,-3.791643738746643,-0.04164369963109493,,0.9824659761848761,-3.750000039115548,True,2, male|za,right,right,known,True,-5.347161293029785,f,True,True,f,True
es,coraza,f,cuirass,regular,wiktionary:kaikki@2026-10-03,False,,cuirass,3.02,,,,loan,,-4.301699638366699,-3.827606201171875,-3.801457405090332,-0.051457385532557964,,0.9839740300183375,-3.750000019557774,True,2, cor|aza,right,right,known,True,-4.064652919769287,f,True,True,f,True
es,sociología,f,sociology,regular,wiktionary:kaikki@2026-10-03,False,,sociology,3.87,,,,unknown,,-6.197625160217285,-9.704166412353516,-5.835836887359619,-0.023336793296039104,,0.9803277417256157,-5.81250009406358,True,2, soci|ología,right,right,known,True,-7.9508957862854,f,True,True,f,True
es,pedagogía,f,pedagogy,regular,wiktionary:kaikki@2026-10-03,False,,pedagogy,3.74,,,,unknown,,-6.459123611450195,-7.851718902587891,-4.781022548675537,-0.031022725626826286,,0.9802950445927534,-4.749999823048711,True,3, ped|agog|ía,right,right,known,True,-7.155421257019043,f,True,True,f,True
es,bombilla,f,light bulb,regular,wiktionary:kaikki@2026-10-03,False,,light bulb,3.32,,,,unknown,,-6.205386161804199,-5.568595886230469,-6.138248443603516,-0.013248431961983442,,0.9891515453761163,-6.125000011641532,True,2, bomb|illa,right,right,known,True,-5.886991024017334,f,True,True,f,True
es,gaceta,f,gazette,regular,wiktionary:kaikki@2026-10-03,False,,gazette; newspaper,3.6,,,,unknown,,-3.2671031951904297,-3.8573684692382812,-3.2046416997909546,-0.07964166440069675,,0.9797515823533296,-3.125000035390258,True,3, g|ac|eta,right,right,known,True,-3.5622358322143555,f,True,True,f,True
es,patología,f,pathology,regular,wiktionary:kaikki@2026-10-03,False,,pathology,3.57,,,,unknown,,-7.4479217529296875,-11.011919021606445,-5.394570350646973,-0.01957037951797247,,0.9854835769414341,-5.374999971129,True,2, pat|ología,right,right,known,True,-9.229920387268066,f,True,True,f,True
es,soja,f,soya,regular,wiktionary:kaikki@2026-10-03,False,,"soya, soybean",3.76,,,,loan,,-2.5780391693115234,-5.232978820800781,-4.652178049087524,-0.027178104035556316,,0.9834017209812523,-4.624999945051968,True,2, so|ja,right,right,known,True,-3.9055089950561523,f,True,True,f,True
es,demagogia,f,demagogy,regular,wiktionary:kaikki@2026-10-03,False,,demagogy,3.28,,,,loan,,-8.949594497680664,-6.94700813293457,-4.1672117710113525,-0.042211638763546944,,0.9752540931008677,-4.125000132247806,True,3, dem|agog|ia,right,right,known,True,-7.948301315307617,f,True,True,f,True
es,ofensa,f,offense,regular,wiktionary:kaikki@2026-10-03,False,,offense,3.65,,,,native,,-6.733310699462891,-4.556346893310547,-3.8000335693359375,-0.05003350879997015,,0.9763969930666698,-3.7500000605359674,True,2, of|ensa,right,right,known,True,-5.644828796386719,f,True,True,f,True
es,ermita,f,hermitage,regular,wiktionary:kaikki@2026-10-03,False,,hermitage,3.52,,,,loan,,-4.884296417236328,-4.4586944580078125,-6.018369436264038,-0.018369256518781185,,0.9843092856146178,-6.000000179745257,True,3, er|mit|a,right,right,known,True,-4.67149543762207,f,True,True,f,True
es,fábula,f,fable,regular,wiktionary:kaikki@2026-10-03,False,,"fable, myth, tale",3.26,,,,loan,,-4.797946929931641,-5.019710540771484,-5.663110256195068,-0.03811020962893963,,0.9667888827881719,-5.625000046566129,True,3, f|áb|ula,right,right,known,True,-4.9088287353515625,f,True,True,f,True
es,creta,f,chalk,regular,wiktionary:kaikki@2026-10-03,False,,chalk (rock),3.07,,,,unknown,,-5.070158004760742,-5.856315612792969,-5.391571283340454,-0.016571239568293095,,0.9881579712692198,-5.375000043772161,True,2, cre|ta,right,right,known,True,-5.4632368087768555,f,True,True,f,True
es,borrachera,f,drunkenness,regular,wiktionary:kaikki@2026-10-03,False,,drunkenness,3.21,,,,unknown,,-5.166086196899414,-2.3799610137939453,-4.046964049339294,-0.046964144334197044,,0.976653372041582,-3.9999999050050974,True,3, borr|ach|era,right,right,known,True,-3.7730236053466797,f,True,True,f,True
es,poza,f,puddle,regular,wiktionary:kaikki@2026-10-03,False,,"puddle, pool",3.08,,,,native,,-1.4253864288330078,-1.2446346282958984,-4.4073604345321655,-0.03236038889735937,,0.9827725183180043,-4.375000045634806,True,2, po|za,right,right,known,True,-1.3350105285644531,f,True,True,f,True
es,estancia,f,stay,regular,wiktionary:kaikki@2026-10-03,False,,"stay, residence, sojourn",4.2,,,,unknown,,-4.470773696899414,-6.571027755737305,-5.39359188079834,-0.018591705709695816,,0.9861613652186604,-5.375000175088644,True,2, est|ancia,right,right,known,True,-5.520900726318359,f,True,True,f,True
es,tubería,f,tubing,regular,wiktionary:kaikki@2026-10-03,False,,"tubing, piping",3.52,,,,unknown,,-8.719375610351562,-6.684549331665039,-4.033040165901184,-0.03304014261811972,,0.9874401939517241,-4.000000023283064,True,2, tub|ería,right,right,known,True,-7.701962471008301,f,True,True,f,True
es,cordura,f,sanity,regular,wiktionary:kaikki@2026-10-03,False,,sanity,3.52,,,,native,,-6.242606163024902,-5.110750198364258,-4.9053754806518555,-0.030375519767403603,,0.9775455101724442,-4.874999960884452,True,2, cord|ura,right,right,known,True,-5.67667818069458,f,True,True,f,True
es,pestaña,f,eyelash,regular,wiktionary:kaikki@2026-10-03,False,,eyelash,3.25,,,,native,,-5.25660514831543,-4.333522796630859,-6.019311189651489,-0.01931105414405465,,0.9840400100529105,-6.000000135507435,True,3, p|esta|ña,right,right,known,True,-4.7950639724731445,f,True,True,f,True
es,infraestructura,f,infrastructure,regular,wiktionary:kaikki@2026-10-03,False,,infrastructure,4.49,,,,unknown,,-5.800563812255859,-4.98420524597168,-5.034966230392456,-0.03496639337390661,,0.9729691990267525,-4.999999837018549,True,3, infra|estruct|ura,right,right,known,True,-5.3923845291137695,f,True,True,f,True
es,toalla,f,towel,regular,wiktionary:kaikki@2026-10-03,False,,towel,3.83,,,,loan,,-5.526627540588379,-6.932891845703125,-6.514457702636719,-0.01445780135691166,,0.9872335858930228,-6.499999901279807,True,2, to|alla,right,right,known,True,-6.229759693145752,f,True,True,f,True
es,ortografía,f,orthography,regular,wiktionary:kaikki@2026-10-03,False,,orthography,3.88,,,,native,,-5.392758369445801,-1.9085121154785156,-5.028497219085693,-0.02849714457988739,,0.9792851129990292,-5.000000074505806,True,2, ort|ografía,right,right,known,True,-3.650635242462158,f,True,True,f,True
es,cortina,f,curtain,regular,wiktionary:kaikki@2026-10-03,False,,curtain,3.84,,,,native,,-6.703354835510254,-6.902915954589844,-6.701724290847778,-0.014224317390471697,,0.9872252341400249,-6.687499973457307,True,2, cort|ina,right,right,known,True,-6.803135395050049,f,True,True,f,True
es,bombonera,f,sweet jar,regular,wiktionary:kaikki@2026-10-03,False,,sweet jar,3.1,,,,unknown,,-4.601123809814453,-4.709920883178711,-4.908264756202698,-0.03326467890292406,,0.979804574164081,-4.875000077299774,True,3, bomb|on|era,right,right,known,True,-4.655522346496582,f,True,True,f,True
es,puñalada,f,stab,regular,wiktionary:kaikki@2026-10-03,False,,stab (act of stabbing),3.22,,,,unknown,,-6.021221160888672,-9.782039642333984,-5.349499940872192,-0.03699985984712839,,0.9684879301527235,-5.312500081025064,True,4, pu|ñ|al|ada,right,right,known,True,-7.901630401611328,f,True,True,f,True
es,consistencia,f,consistency,regular,wiktionary:kaikki@2026-10-03,False,,consistency,3.63,,,,unknown,,-7.619992256164551,-6.006572723388672,-4.666625022888184,-0.041625008918344975,,0.9705297173608046,-4.625000013969839,True,2, consist|encia,right,right,known,True,-6.813282489776611,f,True,True,f,True
es,cuaresma,f,lent,regular,wiktionary:kaikki@2026-10-03,False,,Lent,3.44,,,,unknown,,-4.425445556640625,0.054279327392578125,-4.413474798202515,-0.03847482427954674,,0.9744673394014598,-4.374999973922968,True,4, c|ua|res|ma,right,unsure,unsure,False,-2.1855831146240234,f,True,False,f,True
es,cucharada,f,spoonful,regular,wiktionary:kaikki@2026-10-03,False,,"a spoonful, tablespoon: the quantity held in a tablespoon",3.28,,,,unknown,,-8.256778717041016,-8.572830200195312,-6.391027212142944,-0.01602728059515357,,0.985833122989334,-6.374999931547791,True,3, c|uchar|ada,right,right,known,True,-8.414804458618164,f,True,True,f,True
es,papelería,f,stationery shop / store,regular,wiktionary:kaikki@2026-10-03,False,,"stationery shop / store, stationer's",3.03,,,,unknown,,-4.454300880432129,-2.1011810302734375,-4.786105632781982,-0.03610561601817608,,0.9753365796250207,-4.750000016763806,True,3, pap|eler|ía,right,right,known,True,-3.277740955352783,f,True,True,f,True
es,comparecencia,f,appearance,regular,wiktionary:kaikki@2026-10-03,False,,appearance (in court),3.24,,,,unknown,,-2.3401622772216797,-4.803773880004883,-6.015915393829346,-0.015915333293378353,,0.9869628704240141,-6.000000060535967,True,3, compare|c|encia,right,right,known,True,-3.5719680786132812,f,True,True,f,True
es,tierra,f,earth,regular,wiktionary:kaikki@2026-10-03,False,,Earth (planet of the Solar System in which all of humanity resides),5.36,,,,native,,-7.201784133911133,-4.545581817626953,-4.900079965591431,-0.025079960003495216,,0.9832069684824406,-4.8750000055879354,True,2, ti|erra,right,right,known,True,-5.873682975769043,f,True,True,f,True
es,prosa,f,prose,regular,wiktionary:kaikki@2026-10-03,False,,prose,3.71,,,,native,,-4.838005065917969,-3.2722291946411133,-5.9535651206970215,-0.016064985655248165,,0.9867059177692287,-5.937500135041773,True,2, pros|a,right,right,known,True,-4.055117130279541,f,True,True,f,True
es,cabellera,f,hair,regular,wiktionary:kaikki@2026-10-03,False,,"hair, head of hair",3.19,,,,unknown,,-2.1005516052246094,-2.874835968017578,-3.310610771179199,-0.060610752552747726,,0.9821653817811233,-3.2500000186264515,True,3, cab|ell|era,right,right,known,True,-2.4876937866210938,f,True,True,f,True
es,solana,f,strong sunshine,regular,wiktionary:kaikki@2026-10-03,False,,strong sunshine,3.27,,,,unknown,,-5.194911956787109,-6.168001174926758,-3.1954874992370605,-0.07048754766583443,,0.9731931437827804,-3.124999951571226,True,2, sol|ana,right,right,known,True,-5.681456565856934,f,True,True,f,True
es,crianza,f,upbringing,regular,wiktionary:kaikki@2026-10-03,False,,upbringing,3.7,,,,native,,-5.421077728271484,-3.166248321533203,-4.281234264373779,-0.03123410139232874,,0.9835023705439139,-4.250000162981451,True,2, crian|za,right,right,known,True,-4.293663024902344,f,True,True,f,True
es,semilla,f,seed,regular,wiktionary:kaikki@2026-10-03,False,,seed (of a plant),3.9,,,,native,,-6.418485641479492,-5.906301498413086,-6.770035028457642,-0.020035015419125557,,0.9816594099590319,-6.750000013038516,True,2, sem|illa,right,right,known,True,-6.162393569946289,f,True,True,f,True
es,moraleja,f,moral,regular,wiktionary:kaikki@2026-10-03,False,,moral,3.31,,,,unknown,,-4.827393531799316,-4.945282936096191,-6.084594249725342,-0.022094400599598885,,0.9812192260597714,-6.062499849125743,True,2, morale|ja,right,right,known,True,-4.886338233947754,f,True,True,f,True
es,cornisa,f,cornice,regular,wiktionary:kaikki@2026-10-03,False,,cornice,3.12,,,,loan,,-4.991277694702148,-6.885732650756836,-5.517220735549927,-0.01722091669216752,,0.9874584846534239,-5.499999818857759,True,2, corn|isa,right,right,known,True,-5.938505172729492,f,True,True,f,True
es,terminología,f,terminology,regular,wiktionary:kaikki@2026-10-03,False,,terminology,3.58,,,,unknown,,-9.757063865661621,-6.56785774230957,-3.9426991939544678,-0.06769911199808121,,0.9540990407906829,-3.8750000819563866,True,2, termin|ología,right,right,known,True,-8.162460803985596,f,True,True,f,True
es,batista,f,batiste,regular,wiktionary:kaikki@2026-10-03,False,,batiste,3.43,,,,unknown,,0.668731689453125,0.08358955383300781,-2.985693097114563,-0.11069319769740105,,0.9787236813165892,-2.874999899417162,True,2, bat|ista,unsure,unsure,unsure,False,0.3761606216430664,m,False,True,f,True
es,vaina,f,scabbard,regular,wiktionary:kaikki@2026-10-03,False,,"scabbard, sheath",3.88,,,,native,,-4.725517272949219,-5.212678909301758,-4.647883415222168,-0.022883557714521885,,0.9876339832504588,-4.624999857507646,True,2, vain|a,right,right,known,True,-4.969098091125488,f,True,True,f,True
es,incompetencia,f,incompetence,regular,wiktionary:kaikki@2026-10-03,False,,incompetence,3.56,,,,unknown,,-7.2926435470581055,-3.719635009765625,-4.406236410140991,-0.031236461363732815,,0.9823047750071463,-4.374999948777258,True,2, incompet|encia,right,right,known,True,-5.506139278411865,f,True,True,f,True
es,hoguera,f,campfire,regular,wiktionary:kaikki@2026-10-03,False,,"campfire, bonfire",3.56,,,,unknown,,-6.675806045532227,-4.946262359619141,-3.909691095352173,-0.03469106927514076,,0.9861052933468039,-3.875000026077032,True,3, hog|u|era,right,right,known,True,-5.811034202575684,f,True,True,f,True
es,flujo,m,flow,regular,wiktionary:kaikki@2026-10-03,False,,flow,4.33,,,,loan,,5.380863189697266,3.9907093048095703,-0.06864499300718307,-3.0686450004577637,,0.9801442835379323,3.0000000074505806,True,2, flu|jo,right,right,known,True,4.685786247253418,m,True,True,m,True
es,establecimiento,m,establishment,regular,wiktionary:kaikki@2026-10-03,False,,establishment,4.37,,,,unknown,,5.439469337463379,2.9143943786621094,-0.0442730113863945,-3.9192731380462646,,0.9767020827942023,3.87500012665987,True,2, estable|cimiento,right,right,known,True,4.176931858062744,m,True,True,m,True
es,siglo,m,century,regular,wiktionary:kaikki@2026-10-03,False,,century,5.15,,,,native,,6.442845344543457,7.997542381286621,-0.020599301904439926,-6.958099365234375,,0.9806567455770305,6.937500063329935,True,2, sig|lo,right,right,known,True,7.220193862915039,m,True,True,m,True
es,palito,m,stick,regular,wiktionary:kaikki@2026-10-03,False,,"stick (of a lollipop, ice pop, popsicle)",3.24,,,,unknown,,7.259843826293945,7.709081649780273,-0.013187095522880554,-5.6381871700286865,,0.9904891482671829,5.625000074505806,True,2, pal|ito,right,right,known,True,7.484462738037109,m,True,True,m,True
es,periodismo,m,journalism,regular,wiktionary:kaikki@2026-10-03,False,,journalism,4.42,,,,unknown,,5.207734107971191,3.0203609466552734,-0.03236694447696209,-4.282366991043091,,0.9823888251867585,4.250000046566129,True,2, period|ismo,right,right,known,True,4.114047527313232,m,True,True,m,True
es,aislamiento,m,isolation,regular,wiktionary:kaikki@2026-10-03,False,,isolation,4.06,,,,unknown,,6.751733779907227,4.6732025146484375,-0.047695526853203773,-3.672695517539978,,0.9790274648629192,3.6249999906867743,True,3, a|isl|amiento,right,right,known,True,5.712468147277832,m,True,True,m,True
es,hato,m,bundle of things,regular,wiktionary:kaikki@2026-10-03,False,,"bundle of things, especially one containing clothes",3.08,,,,native,,4.843788146972656,3.1087570190429688,-0.025510315783321857,-5.025510311126709,,0.9813821019245446,4.999999995343387,True,2, h|ato,right,right,known,True,3.9762725830078125,m,True,True,m,True
es,aguacero,m,downpour,regular,wiktionary:kaikki@2026-10-03,False,,downpour,3.01,,,,native,,4.079530715942383,2.6087875366210938,-0.02718808874487877,-5.402188062667847,,0.9780043258994702,5.374999973922968,True,4, ag|u|ac|ero,right,right,known,True,3.3441591262817383,m,True,True,m,True
es,podio,m,podium,regular,wiktionary:kaikki@2026-10-03,False,,podium,3.62,,,,loan,,7.7485151290893555,4.701372146606445,-0.02931313030421734,-4.279313087463379,,0.9849646393203823,4.249999957159162,True,2, pod|io,right,right,known,True,6.2249436378479,m,True,True,m,True
es,género,m,kind,regular,wiktionary:kaikki@2026-10-03,False,,kind,4.93,,,,loan,,5.164811134338379,4.671233177185059,-0.22782525420188904,-3.2903252840042114,,0.8347237704158402,3.0625000298023224,True,1, género,right,right,known,True,4.918022155761719,m,True,True,m,True
es,naranjo,m,orange tree,regular,wiktionary:kaikki@2026-10-03,False,,orange tree,3.44,,,,unknown,,5.038618087768555,5.724937438964844,-0.04540820885449648,-4.420408248901367,,0.9759523320503288,4.375000040046871,True,3, n|aran|jo,right,right,known,True,5.381777763366699,m,True,True,m,True
es,protagonismo,m,importance,regular,wiktionary:kaikki@2026-10-03,False,,"importance, prominence",3.77,,,,unknown,,6.316070556640625,4.09031867980957,-0.03131118416786194,-5.40631103515625,,0.9737031431563223,5.374999850988388,True,2, protagon|ismo,right,right,known,True,5.203194618225098,m,True,True,m,True
es,epílogo,m,epilogue,regular,wiktionary:kaikki@2026-10-03,False,,epilogue,3.17,,,,loan,,5.460758209228516,6.665220260620117,-0.028803320601582527,-5.02880334854126,,0.9783647764307308,5.000000027939677,True,3, ep|í|logo,right,right,known,True,6.062989234924316,m,True,True,m,True
es,descrédito,m,discredit,regular,wiktionary:kaikki@2026-10-03,False,,discredit (a degree of dishonour or disesteem),3.03,,,,unknown,,2.631214141845703,4.861894607543945,-0.025383030995726585,-5.025382995605469,,0.9817104341229451,4.999999964609742,True,3, descr|éd|ito,right,right,known,True,3.746554374694824,m,True,True,m,True
es,antídoto,m,antidote,regular,wiktionary:kaikki@2026-10-03,False,,antidote,3.21,,,,unknown,,6.799506187438965,8.478294372558594,-0.027240687049925327,-4.527240753173828,,0.9839375377760506,4.500000066123903,True,3, ant|íd|oto,right,right,known,True,7.638900279998779,m,True,True,m,True
es,encubrimiento,m,cover-up,regular,wiktionary:kaikki@2026-10-03,False,,"cover-up, concealment, whitewash",3.3,,,,unknown,,5.239789009094238,5.462026596069336,-0.058479150757193565,-3.4334791898727417,,0.9757340223334606,3.375000039115548,True,4, enc|ub|rim|iento,right,right,known,True,5.350907802581787,m,True,True,m,True
es,delito,m,crime,regular,wiktionary:kaikki@2026-10-03,False,,crime; offense,4.69,,,,loan,,5.982285499572754,7.044988632202148,-0.022689820267260075,-5.8976898193359375,,0.9803386933889187,5.874999999068677,True,2, del|ito,right,right,known,True,6.513637065887451,m,True,True,m,True
es,arbusto,m,bush,regular,wiktionary:kaikki@2026-10-03,False,,"bush, shrub",3.31,,,,unknown,,5.031270980834961,7.136075973510742,-0.015861185267567635,-5.3908610343933105,,0.9888588076490787,5.374999849125743,True,2, arb|usto,right,right,known,True,6.083673477172852,m,True,True,m,True
es,nervio,m,nerve,regular,wiktionary:kaikki@2026-10-03,False,,nerve,3.59,,,,native,,8.692197799682617,5.594150543212891,-0.013820757158100605,-5.6388208866119385,,0.9898593211907729,5.625000129453838,True,2, nerv|io,right,right,known,True,7.143174171447754,m,True,True,m,True
es,labio,m,lip,regular,wiktionary:kaikki@2026-10-03,False,,lip (fleshy protrusion around the opening of the mouth),3.68,,,,loan,,8.211775779724121,8.860462188720703,-0.04375721327960491,-3.7937570810317993,,0.9825021873115829,3.7499998677521944,True,2, lab|io,right,right,known,True,8.536118984222412,m,True,True,m,True
es,eufemismo,m,euphemism,regular,wiktionary:kaikki@2026-10-03,False,,euphemism,3.15,,,,loan,,3.4131813049316406,4.498554229736328,-0.09571352042257786,-4.095713496208191,,0.9279628270086198,3.999999975785613,True,4, e|uf|em|ismo,right,right,known,True,3.9558677673339844,m,True,True,m,True
es,semáforo,m,traffic light,regular,wiktionary:kaikki@2026-10-03,False,,traffic light,3.56,,,,loan,,7.304874420166016,6.682024002075195,-0.014529953245073557,-5.5145299434661865,,0.9897300286105881,5.499999990221113,True,4, sem|á|for|o,right,right,known,True,6.9934492111206055,m,True,True,m,True
es,orificio,m,orifice,regular,wiktionary:kaikki@2026-10-03,False,,orifice,3.23,,,,unknown,,4.3998870849609375,6.855684280395508,-0.03193347156047821,-4.156933546066284,,0.9843522241992725,4.125000074505806,True,2, or|ificio,right,right,known,True,5.627785682678223,m,True,True,m,True
es,orgullo,m,pride,regular,wiktionary:kaikki@2026-10-03,False,,"pride (arrogance, haughtiness)",4.55,,,,loan,,4.344052314758301,5.632665634155273,-0.02158368844538927,-5.959083795547485,,0.9812358773957235,5.937500107102096,True,2, org|ullo,right,right,known,True,4.988358974456787,m,True,True,m,True
es,fideicomiso,m,trust,regular,wiktionary:kaikki@2026-10-03,False,,"trust, escrow, fideicommissum",3.37,,,,unknown,,1.8552055358886719,2.3762245178222656,-0.03301022294908762,-4.533010244369507,,0.9782821934583883,4.500000021420419,True,4, f|ide|icom|iso,right,right,known,True,2.1157150268554688,m,True,True,m,True
es,erario,m,treasury,regular,wiktionary:kaikki@2026-10-03,False,,treasury (public finance),3.36,,,,native,,7.351644515991211,8.47067642211914,-0.06138596870005131,-3.436385989189148,,0.9728903934364337,3.3750000204890966,True,2, er|ario,right,right,known,True,7.911160469055176,m,True,True,m,True
es,bizcocho,m,sponge cake,regular,wiktionary:kaikki@2026-10-03,False,,sponge cake,3.21,,,,native,,5.7891082763671875,5.139101028442383,-0.023749281652271748,-4.773749113082886,,0.9849819155024353,4.749999831430614,True,3, biz|co|cho,right,right,known,True,5.464104652404785,m,True,True,m,True
es,crucifijo,m,crucifix,regular,wiktionary:kaikki@2026-10-03,False,,crucifix,3.13,,,,native,,5.695573806762695,3.4428043365478516,-0.02922875341027975,-4.1542288064956665,,0.9879908508015112,4.125000053085387,True,3, cruc|if|ijo,right,right,known,True,4.569189071655273,m,True,True,m,True
es,lienzo,m,canvas,regular,wiktionary:kaikki@2026-10-03,False,,canvas,3.69,,,,native,,3.8316612243652344,6.514693260192871,-0.023018360137939453,-4.3980183601379395,,0.9896423512914165,4.375,True,2, lien|zo,right,right,known,True,5.173177242279053,m,True,True,m,True
es,consultorio,m,consulting room,regular,wiktionary:kaikki@2026-10-03,False,,consulting room,3.55,,,,unknown,,4.182249069213867,2.3610591888427734,-0.017838679254055023,-5.642838478088379,,0.9861136730523372,5.624999798834324,True,2, consult|orio,right,right,known,True,3.2716541290283203,m,True,True,m,True
es,glosario,m,glossary,regular,wiktionary:kaikki@2026-10-03,False,,glossary,3.13,,,,native,,4.67247200012207,2.7341442108154297,-0.09749642014503479,-3.3474963903427124,,0.9606141205243224,3.2499999701976776,True,3, g|los|ario,right,right,known,True,3.70330810546875,m,True,True,m,True
es,comino,m,cumin,regular,wiktionary:kaikki@2026-10-03,False,,"cumin (plant, spice)",3.15,,,,native,,3.264495849609375,3.0900516510009766,-0.14435975253582,-2.2693597078323364,,0.9696814093569757,2.1249999552965164,True,2, com|ino,right,right,known,True,3.177273750305176,m,True,True,m,True
es,adoctrinamiento,m,indoctrination,regular,wiktionary:kaikki@2026-10-03,False,,indoctrination (act of indoctrinating),3.08,,,,unknown,,5.273548126220703,5.122596740722656,-0.04083182476460934,-4.415831804275513,,0.972171997853615,4.374999979510903,True,4, ado|ctr|in|amiento,right,right,known,True,5.19807243347168,m,True,True,m,True
es,contrapunto,m,counterpoint,regular,wiktionary:kaikki@2026-10-03,False,,counterpoint,3.19,,,,unknown,,4.510327339172363,5.043691635131836,-0.030392682179808617,-4.530392646789551,,0.9811760365020759,4.499999964609742,True,3, contr|ap|unto,right,right,known,True,4.7770094871521,m,True,True,m,True
es,barrio,m,neighbourhood,regular,wiktionary:kaikki@2026-10-03,False,,neighbourhood,4.85,,,,loan,,8.776041030883789,7.301115036010742,-0.014603810850530863,-6.389603853225708,,0.9871954385543544,6.375000042375177,True,2, bar|rio,right,right,known,True,8.038578033447266,m,True,True,m,True
es,huerto,m,orchard,regular,wiktionary:kaikki@2026-10-03,False,,orchard,3.62,,,,native,,6.837393760681152,7.498032569885254,-0.01577595015987754,-5.76577615737915,,0.9875801081955486,5.750000207219273,True,2, hu|erto,right,right,known,True,7.167713165283203,m,True,True,m,True
es,patrocinio,m,sponsorship,regular,wiktionary:kaikki@2026-10-03,False,,sponsorship,3.61,,,,native,,3.758763313293457,3.156728744506836,-0.03828848246484995,-4.288288474082947,,0.9778992317379203,4.249999991618097,True,4, pat|ro|cin|io,right,right,known,True,3.4577460289001465,m,True,True,m,True
es,perímetro,m,perimeter,regular,wiktionary:kaikki@2026-10-03,False,,perimeter (the length of the outline of an object),3.61,,,,unknown,,5.467006683349609,7.786228179931641,-0.023929075337946415,-4.648928880691528,,0.9860037722795155,4.624999805353582,True,2, perí|metro,right,right,known,True,6.626617431640625,m,True,True,m,True
es,servicio,m,service,regular,wiktionary:kaikki@2026-10-03,False,,service,5.34,,,,loan,,5.615215301513672,5.779018402099609,-0.019603348337113857,-5.519603252410889,,0.9847237597540948,5.499999904073775,True,1, servicio,right,right,known,True,5.697116851806641,m,True,True,m,True
es,consentimiento,m,consent,regular,wiktionary:kaikki@2026-10-03,False,,consent (voluntary agreement or permission),4.2,,,,unknown,,4.054364204406738,4.131353378295898,-0.031880781054496765,-4.406880855560303,,0.9809163296637213,4.375000074505806,True,2, consent|imiento,right,right,known,True,4.092858791351318,m,True,True,m,True
es,aplauso,m,applause,regular,wiktionary:kaikki@2026-10-03,False,,applause (act of applauding),3.79,,,,loan,,5.5367584228515625,5.911510467529297,-0.02915852889418602,-4.529158592224121,,0.9823909278115331,4.500000063329935,True,3, apl|aus|o,right,right,known,True,5.72413444519043,m,True,True,m,True
es,virreinato,m,viceroyalty,regular,wiktionary:kaikki@2026-10-03,False,,viceroyalty,3.41,,,,unknown,,2.2164859771728516,2.3627872467041016,-0.024384227581322193,-5.024384260177612,,0.9826929398410855,5.00000003259629,True,4, vir|re|in|ato,right,right,known,True,2.2896366119384766,m,True,True,m,True
es,susto,m,fright,regular,wiktionary:kaikki@2026-10-03,False,,fright,3.84,,,,native,,4.485525131225586,8.109025001525879,-0.021322534419596195,-5.64632248878479,,0.9824639035904188,5.624999954365194,True,2, sust|o,right,right,known,True,6.297275066375732,m,True,True,m,True
es,califato,m,caliphate,regular,wiktionary:kaikki@2026-10-03,False,,caliphate,3.05,,,,unknown,,7.182779312133789,16.49416160583496,-0.11757390201091766,-3.117573916912079,,0.9700947645983404,3.000000014901161,True,3, cal|if|ato,right,right,known,True,11.838470458984375,m,True,True,m,True
es,pimiento,m,pepper,regular,wiktionary:kaikki@2026-10-03,False,,pepper (fruit of the capsicum),3.25,,,,native,,5.694877624511719,4.765010833740234,-0.030907929874956608,-4.030907988548279,,0.9878711892872052,4.000000058673322,True,2, p|imiento,right,right,known,True,5.229944229125977,m,True,True,m,True
es,diccionario,m,dictionary,regular,wiktionary:kaikki@2026-10-03,False,,"dictionary, wordbook",4.22,,,,unknown,,4.956487655639648,4.816336631774902,-0.02660516370087862,-4.4016053676605225,,0.9868695213739638,4.375000203959644,True,3, dic|cion|ario,right,right,known,True,4.886412143707275,m,True,True,m,True
es,ateísmo,m,atheism,regular,wiktionary:kaikki@2026-10-03,False,,atheism,3.24,,,,unknown,,3.7055864334106445,2.5863418579101562,-0.03288209065794945,-4.657882213592529,,0.97780922542645,4.62500012293458,True,4, ate|í|sm|o,right,right,known,True,3.1459641456604004,m,True,True,m,True
es,trapo,m,rag,regular,wiktionary:kaikki@2026-10-03,False,,"rag, piece of cloth used for cleaning, washing or drying (tea towel, dish towel, dish cloth, dust cloth, paper towel)",3.62,,,,native,,7.063943862915039,5.88780403137207,-0.016194600611925125,-5.266194581985474,,0.9891023974062063,5.2499999813735485,True,2, trap|o,right,right,known,True,6.475873947143555,m,True,True,m,True
es,olfato,m,smell,regular,wiktionary:kaikki@2026-10-03,False,,"smell, olfaction, sense of smell (sense that detects smells)",3.43,,,,native,,5.629190444946289,4.486459732055664,-0.024139036424458027,-4.524139165878296,,0.9883622199640447,4.500000129453838,True,3, ol|f|ato,right,right,known,True,5.057825088500977,m,True,True,m,True
es,ruido,m,noise,regular,wiktionary:kaikki@2026-10-03,False,,"noise, racket, rattle, clatter, sound (various sounds, usually unwanted)",4.57,,,,native,,7.091562271118164,8.268183708190918,-0.017043701373040676,-5.892043590545654,,0.985887735001715,5.874999889172614,True,2, r|uido,right,right,known,True,7.679872989654541,m,True,True,m,True
es,año,m,year,regular,wiktionary:kaikki@2026-10-03,False,,year,5.88,,,,native,,5.561304092407227,3.796937942504883,-0.03729490749537945,-5.787294864654541,,0.966469074579513,5.749999957159162,True,1, año,right,right,known,True,4.679121017456055,m,True,True,m,True
es,agotamiento,m,exhaustion,regular,wiktionary:kaikki@2026-10-03,False,,"exhaustion, depletion",3.48,,,,unknown,,6.006817817687988,5.964570999145508,-0.044811032712459564,-3.9198111295700073,,0.976179382701299,3.8750000968575478,True,3, ag|ot|amiento,right,right,known,True,5.985694408416748,m,True,True,m,True
es,paño,m,cloth,regular,wiktionary:kaikki@2026-10-03,False,,cloth,3.43,,,,native,,3.725627899169922,4.612205505371094,-0.02378510544076562,-4.6487849950790405,,0.9899280288764442,4.624999889638275,True,2, pa|ño,right,right,known,True,4.168916702270508,m,True,True,m,True
es,bolso,m,purse,regular,wiktionary:kaikki@2026-10-03,False,,purse,4.01,,,,unknown,,6.839691162109375,5.944070816040039,-0.047611845657229424,-3.2976118326187134,,0.9904767164804,3.249999986961484,True,2, bol|so,right,right,known,True,6.391880989074707,m,True,True,m,True
es,horóscopo,m,horoscope,regular,wiktionary:kaikki@2026-10-03,False,,horoscope (astrological forecast),3.13,,,,loan,,5.78617000579834,3.169300079345703,-0.024396435357630253,-4.8993964195251465,,0.9834129799441855,4.874999984167516,True,4, hor|ó|sc|opo,right,right,known,True,4.4777350425720215,m,True,True,m,True
es,apetito,m,appetite,regular,wiktionary:kaikki@2026-10-03,False,,appetite,3.74,,,,unknown,,10.706090927124023,3.7925453186035156,-0.013653473928570747,-6.20115327835083,,0.9885038745858341,6.187499804422259,True,3, ap|et|ito,right,right,known,True,7.2493181228637695,m,True,True,m,True
es,perjuicio,m,detriment,regular,wiktionary:kaikki@2026-10-03,False,,detriment (the opposite of a benefit),3.91,,,,loan,,5.737871170043945,1.659830093383789,-0.014293296728283167,-6.451793193817139,,0.9873929911250682,6.4374998970888555,True,3, per|ju|icio,right,right,known,True,3.698850631713867,m,True,True,m,True
es,llanto,m,crying,regular,wiktionary:kaikki@2026-10-03,False,,crying,3.81,,,,unknown,,8.75930404663086,4.190858840942383,-0.02896473929286003,-5.0289647579193115,,0.9782007722737216,5.0000000186264515,True,2, ll|anto,right,right,known,True,6.475081443786621,m,True,True,m,True
es,santuario,m,sanctuary,regular,wiktionary:kaikki@2026-10-03,False,,sanctuary,3.95,,,,unknown,,6.665874481201172,5.286365509033203,-0.036090449430048466,-4.0360904932022095,,0.9827648047885608,4.000000043772161,True,2, sant|uario,right,right,known,True,5.9761199951171875,m,True,True,m,True
es,diámetro,m,diameter,regular,wiktionary:kaikki@2026-10-03,False,,diameter,4.0,,,,native,,6.065556526184082,7.432760238647461,-0.01905885897576809,-4.7690589427948,,0.9896107218452592,4.750000083819032,True,2, diá|metro,right,right,known,True,6.7491583824157715,m,True,True,m,True
es,algoritmo,m,algorithm,regular,wiktionary:kaikki@2026-10-03,False,,algorithm,3.61,,,,loan,,6.889853477478027,6.45249080657959,-0.02619293611496687,-5.651192903518677,,0.9779141124263651,5.62499996740371,True,3, al|gorit|mo,right,right,known,True,6.671172142028809,m,True,True,m,True
es,obelisco,m,obelisk,regular,wiktionary:kaikki@2026-10-03,False,,obelisk,3.32,,,,loan,,4.097491264343262,5.684404373168945,-0.017564406618475914,-6.267564296722412,,0.9844859630591385,6.249999890103936,True,3, ob|el|isco,right,right,known,True,4.8909478187561035,m,True,True,m,True
es,aeródromo,m,airfield,regular,wiktionary:kaikki@2026-10-03,False,,"airfield, aerodrome, airdrome, landing field (place where airplanes can take off and land)",3.06,,,,native,,7.292139053344727,3.0145397186279297,-0.018743651919066906,-5.8937437534332275,,0.9842095714013128,5.875000101514161,True,3, aer|ód|romo,right,right,known,True,5.153339385986328,m,True,True,m,True
es,conservadurismo,m,conservatism,regular,wiktionary:kaikki@2026-10-03,False,,conservatism,3.18,,,,native,,8.213156700134277,1.8031005859375,-0.04662670940160751,-4.546626806259155,,0.9650493021282077,4.500000096857548,True,4, conserv|ad|ur|ismo,right,right,known,True,5.008128643035889,m,True,True,m,True
es,sésamo,m,sesame,regular,wiktionary:kaikki@2026-10-03,False,,sesame (tropical Asian plant Sesamum indicum),3.12,,,,loan,,1.9764900207519531,0.7782135009765625,-0.028382183983922005,-4.653382301330566,,0.9822172727855881,4.625000117346644,True,3, s|és|amo,right,unsure,unsure,False,1.3773517608642578,m,True,True,m,True
es,pepino,m,cucumber,regular,wiktionary:kaikki@2026-10-03,False,,cucumber,3.42,,,,native,,6.825071334838867,7.793666839599609,-0.02540741115808487,-4.400407314300537,,0.987286402544505,4.374999903142452,True,2, pep|ino,right,right,known,True,7.309369087219238,m,True,True,m,True
es,instinto,m,instinct,regular,wiktionary:kaikki@2026-10-03,False,,instinct,3.89,,,,native,,7.402477264404297,8.41104507446289,-0.020369218662381172,-5.520369291305542,,0.9839684573116727,5.500000072643161,True,2, inst|into,right,right,known,True,7.906761169433594,m,True,True,m,True
es,fanatismo,m,fanaticism,regular,wiktionary:kaikki@2026-10-03,False,,fanaticism,3.61,,,,unknown,,5.890310287475586,3.184223175048828,-0.02013940829783678,-5.520139455795288,,0.9840690177783313,5.500000047497451,True,3, fan|at|ismo,right,right,known,True,4.537266731262207,m,True,True,m,True
es,solano,m,nightshade,regular,wiktionary:kaikki@2026-10-03,False,,nightshade,3.55,,,,native,,2.3637008666992188,3.049854278564453,-0.14074661955237389,-2.765746593475342,,0.9321487438467024,2.624999973922968,True,2, sol|ano,right,right,known,True,2.706777572631836,m,True,True,m,True
es,tobillo,m,ankle,regular,wiktionary:kaikki@2026-10-03,False,,ankle,3.6,,,,native,,4.913895606994629,0.9408740997314453,-0.016072883270680904,-4.891072750091553,,0.9921005036651028,4.874999866820872,True,2, tob|illo,right,unsure,unsure,False,2.927384853363037,m,True,True,m,True
es,fango,m,mud,regular,wiktionary:kaikki@2026-10-03,False,,mud (soil and water),3.28,,,,unknown,,7.738063812255859,5.395105361938477,-0.022968188859522343,-4.647968053817749,,0.9869490783450476,4.624999864958227,True,2, f|ango,right,right,known,True,6.566584587097168,m,True,True,m,True
es,vocablo,m,word,regular,wiktionary:kaikki@2026-10-03,False,,"word, term",3.24,,,,unknown,,7.830260276794434,6.1416015625,-0.060545215383172035,-3.6855452060699463,,0.9665272252284534,3.6249999906867743,True,2, vocab|lo,right,right,known,True,6.985930919647217,m,True,True,m,True
es,terremoto,m,earthquake,regular,wiktionary:kaikki@2026-10-03,False,,earthquake,4.19,,,,loan,,4.564618110656738,5.035506248474121,-0.01858046744018793,-6.706080436706543,,0.9828416788145407,6.687499969266355,True,3, ter|rem|oto,right,right,known,True,4.80006217956543,m,True,True,m,True
es,procedimiento,m,procedure,regular,wiktionary:kaikki@2026-10-03,False,,procedure,4.53,,,,unknown,,7.412652015686035,4.978447914123535,-0.03961152117699385,-4.664611577987671,,0.9712644190019699,4.625000056810677,True,2, proced|imiento,right,right,known,True,6.195549964904785,m,True,True,m,True
es,enfrentamiento,m,showdown,regular,wiktionary:kaikki@2026-10-03,False,,"showdown, face-off, matchup, match-up, encounter",4.11,,,,unknown,,3.6436452865600586,4.174193382263184,-0.037783920764923096,-4.662783861160278,,0.9724453935251969,4.624999940395355,True,2, enfrent|amiento,right,right,known,True,3.908919334411621,m,True,True,m,True
es,beneplácito,m,consent,regular,wiktionary:kaikki@2026-10-03,False,,"consent, approval, permission",3.14,,,,loan,,5.056079864501953,1.8254146575927734,-0.019429360516369343,-6.2069292068481445,,0.9827775195635358,6.187499846331775,True,4, bene|pl|ác|ito,right,right,known,True,3.4407472610473633,m,True,True,m,True
es,hospicio,m,hospice,regular,wiktionary:kaikki@2026-10-03,False,,hospice,3.2,,,,loan,,8.134197235107422,6.455915451049805,-0.017589502967894077,-5.767589330673218,,0.9856918350104762,5.749999827705324,True,2, hosp|icio,right,right,known,True,7.295056343078613,m,True,True,m,True
es,sótano,m,cellar,regular,wiktionary:kaikki@2026-10-03,False,,cellar,3.66,,,,native,,9.836592674255371,4.938024520874023,-0.012855529319494963,-5.512855529785156,,0.9912626446079662,5.500000000465661,True,3, só|t|ano,right,right,known,True,7.387308597564697,m,True,True,m,True
es,éxito,m,success,regular,wiktionary:kaikki@2026-10-03,False,,success,5.08,,,,loan,,6.357444763183594,3.6467838287353516,-0.025551280938088894,-5.4005513191223145,,0.9793255798029157,5.375000038184226,True,1, éxito,right,right,known,True,5.002114295959473,m,True,True,m,True
es,anteproyecto,m,preliminary plan,regular,wiktionary:kaikki@2026-10-03,False,,a preliminary plan,3.42,,,,unknown,,4.854562759399414,5.5365142822265625,-0.029650448821485043,-5.779650449752808,,0.9738974173776815,5.750000000931323,True,5, ant|ep|roy|ect|o,right,right,known,True,5.195538520812988,m,True,True,m,True
es,revestimiento,m,coating,regular,wiktionary:kaikki@2026-10-03,False,,"coating, cladding",3.21,,,,unknown,,5.198285102844238,1.442678451538086,-0.09846755862236023,-2.7234675884246826,,0.9762168783343106,2.6250000298023224,True,3, rev|est|imiento,right,right,known,True,3.320481777191162,m,True,True,m,True
es,condominio,m,apartment building,regular,wiktionary:kaikki@2026-10-03,False,,"apartment building, condominium, condo",3.21,,,,unknown,,4.20070743560791,3.199338912963867,-0.03169113211333752,-4.531691074371338,,0.9799031232410491,4.499999942258,True,3, condom|in|io,right,right,known,True,3.7000231742858887,m,True,True,m,True
es,homicidio,m,homicide,regular,wiktionary:kaikki@2026-10-03,False,,homicide; manslaughter,4.1,,,,native,,2.622446060180664,4.259502410888672,-0.030821495689451694,-5.1558215618133545,,0.9754703360283781,5.125000066123903,True,3, homic|id|io,right,right,known,True,3.440974235534668,m,True,True,m,True
es,lavabo,m,bathroom sink,regular,wiktionary:kaikki@2026-10-03,False,,"bathroom sink, washbasin",3.18,,,,loan,,2.513164520263672,4.540952682495117,-0.029179208911955357,-4.029179096221924,,0.989032800570427,3.9999998873099685,True,2, lav|abo,right,right,known,True,3.5270586013793945,m,True,True,m,True
es,asesinato,m,assassination,regular,wiktionary:kaikki@2026-10-03,False,,assassination,4.71,,,,unknown,,3.2958126068115234,3.1634159088134766,-0.026303606107831,-5.15130352973938,,0.9798831421909416,5.124999923631549,True,4, as|es|in|ato,right,right,known,True,3.2296142578125,m,True,True,m,True
es,pino,m,pine,regular,wiktionary:kaikki@2026-10-03,False,,pine,3.93,,,,native,,6.767827987670898,5.1477508544921875,-0.01454564230516553,-6.889545679092407,,0.9865926291620597,6.875000036787242,True,2, p|ino,right,right,known,True,5.957789421081543,m,True,True,m,True
es,atributo,m,attribute,regular,wiktionary:kaikki@2026-10-03,False,,attribute,3.28,,,,unknown,,7.276330947875977,8.515647888183594,-0.11807600036263466,-2.993075966835022,,0.9391347377545005,2.8749999664723873,True,2, atrib|uto,right,right,known,True,7.895989418029785,m,True,True,m,True
es,icono,m,icon,regular,wiktionary:kaikki@2026-10-03,False,,"icon (a representation, especially as an object of religious devotion)",3.68,,,,loan,,4.728894233703613,4.450567245483398,-0.03014426864683628,-4.280144214630127,,0.9845830887613469,4.249999945983291,True,2, icon|o,right,right,known,True,4.589730739593506,m,True,True,m,True
es,término,m,end,regular,wiktionary:kaikki@2026-10-03,False,,"end, terminus (the terminal point of something in space or time)",4.87,,,,loan,,6.081104278564453,5.236949920654297,-0.10045547410845757,-2.850455403327942,,0.9691559571993158,2.7499999292194843,True,1, término,right,right,known,True,5.659027099609375,m,True,True,m,True
es,yacimiento,m,deposit,regular,wiktionary:kaikki@2026-10-03,False,,deposit; field or formation,3.51,,,,unknown,,3.5259323120117188,4.702329635620117,-0.041526736691594124,-4.166526794433594,,0.9749529190099521,4.125000057742,True,2, y|acimiento,right,right,known,True,4.114130973815918,m,True,True,m,True
es,consenso,m,consensus,regular,wiktionary:kaikki@2026-10-03,False,,consensus,4.15,,,,unknown,,5.640491485595703,8.186378479003906,-0.01882738107815385,-5.893827438354492,,0.9843061271976741,5.875000057276338,True,2, cons|enso,right,right,known,True,6.913434982299805,m,True,True,m,True
es,entretenimiento,m,amusement,regular,wiktionary:kaikki@2026-10-03,False,,amusement,4.17,,,,unknown,,3.0532188415527344,4.483877182006836,-0.03903139941394329,-4.664031505584717,,0.9712267385825268,4.6250001061707735,True,3, entre|ten|imiento,right,right,known,True,3.768548011779785,m,True,True,m,True
es,marzo,m,march,regular,wiktionary:kaikki@2026-10-03,False,,March,5.22,,,,native,,0.5544052124023438,-0.32736968994140625,-0.04470108821988106,-6.857201099395752,,0.957363866613058,6.812500011175871,True,1, marzo,unsure,unsure,unsure,False,0.11351776123046875,m,True,False,m,True
es,comunismo,m,communism,regular,wiktionary:kaikki@2026-10-03,False,,communism,4.03,,,,unknown,,6.985289573669434,7.849557876586914,-0.026355788111686707,-5.401355743408203,,0.9785347178435368,5.374999955296516,True,2, comun|ismo,right,right,known,True,7.417423725128174,m,True,True,m,True
es,lino,m,linen,regular,wiktionary:kaikki@2026-10-03,False,,linen,3.58,,,,native,,6.217321395874023,1.0218963623046875,-0.037067221477627754,-3.9120672941207886,,0.9837643906894569,3.875000072643161,True,2, l|ino,right,right,known,True,3.6196088790893555,m,True,True,m,True
es,inventario,m,inventory,regular,wiktionary:kaikki@2026-10-03,False,,inventory,3.84,,,,unknown,,8.14715576171875,5.659759521484375,-0.033513499423861504,-4.03351354598999,,0.9853011322687804,4.000000046566129,True,2, invent|ario,right,right,known,True,6.9034576416015625,m,True,True,m,True
es,flanco,m,flank,regular,wiktionary:kaikki@2026-10-03,False,,flank,3.41,,,,loan,,5.579822540283203,8.698949813842773,-0.051084890961647034,-3.301084876060486,,0.9870430634359995,3.249999985098839,True,2, fl|anco,right,right,known,True,7.139386177062988,m,True,True,m,True
es,grupo,m,group,regular,wiktionary:kaikki@2026-10-03,False,,group,5.58,,,,loan,,6.438014984130859,7.873516082763672,-0.03156932070851326,-4.781569242477417,,0.9773084137145349,4.749999921768904,True,1, grupo,right,right,known,True,7.155765533447266,m,True,True,m,True
es,arquetipo,m,archetype,regular,wiktionary:kaikki@2026-10-03,False,,archetype,3.01,,,,loan,,4.83917236328125,4.313131332397461,-0.03340853005647659,-4.7834084033966064,,0.9755115294996143,4.74999987334013,True,3, ar|quet|ipo,right,right,known,True,4.5761518478393555,m,True,True,m,True
es,transcurso,m,course,regular,wiktionary:kaikki@2026-10-03,False,,"course, passing",3.95,,,,unknown,,5.497547149658203,7.753217697143555,-0.02998045366257429,-4.654980421066284,,0.980054161614204,4.62499996740371,True,2, trans|curso,right,right,known,True,6.625382423400879,m,True,True,m,True
es,versículo,m,verse,regular,wiktionary:kaikki@2026-10-03,False,,verse (in the Bible),3.1,,,,unknown,,5.644100189208984,5.992458343505859,-0.05506342835724354,-3.5550633668899536,,0.9785534870423387,3.49999993853271,True,2, vers|ículo,right,right,known,True,5.818279266357422,m,True,True,m,True
es,periplo,m,round trip,regular,wiktionary:kaikki@2026-10-03,False,,"round trip, journey",3.06,,,,loan,,4.692018508911133,2.2248573303222656,-0.021478991024196148,-6.02147912979126,,0.9812639082531409,6.000000138767064,True,3, per|ip|lo,right,right,known,True,3.458437919616699,m,True,True,m,True
es,oporto,m,port wine,regular,wiktionary:kaikki@2026-10-03,False,,port wine,3.49,,,,unknown,,5.352739334106445,2.3761062622070312,-0.05285511165857315,-4.802855014801025,,0.9567245304869207,4.749999903142452,True,2, o|porto,right,right,known,True,3.8644227981567383,m,True,True,m,True
es,albedrío,m,will,regular,wiktionary:kaikki@2026-10-03,False,,will (intent),3.27,,,,native,,2.6194753646850586,2.5992507934570312,-0.013475232757627964,-6.70097541809082,,0.9878665325546883,6.687500185333192,True,4, al|bed|r|ío,right,right,known,True,2.609363079071045,m,True,True,m,True
es,ombligo,m,navel,regular,wiktionary:kaikki@2026-10-03,False,,"navel, belly button (remnant of umbilical cord)",3.51,,,,unknown,,6.891035079956055,5.661521911621094,-0.019433305598795414,-4.769433259963989,,0.9895037166080891,4.749999954365194,True,3, om|bl|igo,right,right,known,True,6.276278495788574,m,True,True,m,True
es,hallazgo,m,discovery,regular,wiktionary:kaikki@2026-10-03,False,,discovery,3.82,,,,native,,3.7831649780273438,0.8602285385131836,-0.03506119176745415,-4.2850611209869385,,0.9793192920560126,4.249999929219484,True,3, hall|az|go,right,unsure,unsure,False,2.3216967582702637,m,True,True,m,True
es,bazo,m,spleen,regular,wiktionary:kaikki@2026-10-03,False,,spleen,3.07,,,,native,,4.045433044433594,1.6194782257080078,-0.03119503427296877,-4.156195163726807,,0.9850777507469248,4.125000129453838,True,2, b|azo,right,right,known,True,2.832455635070801,m,True,True,m,True
es,razonamiento,m,reasoning,regular,wiktionary:kaikki@2026-10-03,False,,reasoning,3.83,,,,unknown,,5.810766220092773,4.971149444580078,-0.26528631895780563,-1.6402863264083862,,0.9718632606050708,1.3750000074505806,True,3, r|azon|amiento,right,right,known,True,5.390957832336426,m,True,True,m,True
es,narcotráfico,m,drug trafficking,regular,wiktionary:kaikki@2026-10-03,False,,drug trafficking,4.02,,,,unknown,,5.070732116699219,3.023653030395508,-0.02663648407906294,-5.276636600494385,,0.9788247270104132,5.250000116415322,True,4, narc|ot|ráf|ico,right,right,known,True,4.047192573547363,m,True,True,m,True
es,renacimiento,m,rebirth,regular,wiktionary:kaikki@2026-10-03,False,,rebirth,3.89,,,,unknown,,5.452272415161133,4.887639999389648,-0.029597473330795765,-4.779597520828247,,0.980301311089071,4.750000047497451,True,2, ren|acimiento,right,right,known,True,5.169956207275391,m,True,True,m,True
es,bocado,m,mouthful,regular,wiktionary:kaikki@2026-10-03,False,,mouthful,3.33,,,,unknown,,4.600494384765625,7.1439361572265625,-0.036009847186505795,-3.9110097885131836,,0.9848102433562561,3.874999941326678,True,2, b|ocado,right,right,known,True,5.872215270996094,m,True,True,m,True
es,heno,m,hay,regular,wiktionary:kaikki@2026-10-03,False,,hay,3.09,,,,native,,8.18028450012207,3.0752830505371094,-0.02312208153307438,-4.648122072219849,,0.9867981390697504,4.624999990686774,True,2, h|eno,right,right,known,True,5.62778377532959,m,True,True,m,True
es,residuo,m,residue,regular,wiktionary:kaikki@2026-10-03,False,,"residue, remainder",3.29,,,,unknown,,8.060219764709473,10.943765640258789,-0.045114412903785706,-3.795114278793335,,0.9790670965064983,3.7499998658895493,True,2, resid|uo,right,right,known,True,9.50199270248413,m,True,True,m,True
es,adiestramiento,m,practice,regular,wiktionary:kaikki@2026-10-03,False,,"practice, training",3.19,,,,unknown,,4.3872222900390625,3.270172119140625,-0.036946309730410576,-4.2869462966918945,,0.9774846402423806,4.249999986961484,True,4, ad|iest|ram|iento,right,right,known,True,3.8286972045898438,m,True,True,m,True
es,morbo,m,disease,regular,wiktionary:kaikki@2026-10-03,False,,disease,3.39,,,,unknown,,7.358074188232422,6.398584365844727,-0.050763821229338646,-4.050763845443726,,0.9684525622328555,4.000000024214387,True,2, mor|bo,right,right,known,True,6.878329277038574,m,True,True,m,True
es,tráfico,m,traffic,regular,wiktionary:kaikki@2026-10-03,False,,traffic,4.6,,,,unknown,,8.7716064453125,6.476057052612305,-0.021958603523671627,-4.646958589553833,,0.9879457808993053,4.624999986030161,True,2, tr|áfico,right,right,known,True,7.623831748962402,m,True,True,m,True
es,aeropuerto,m,airport,regular,wiktionary:kaikki@2026-10-03,False,,airport,4.75,,,,unknown,,5.287802696228027,1.9943866729736328,-0.023117417469620705,-6.585617303848267,,0.9785975625336567,6.562499886378646,True,4, aer|op|u|erto,right,right,known,True,3.64109468460083,m,True,True,m,True
es,yeso,m,plaster,regular,wiktionary:kaikki@2026-10-03,False,,"plaster, gesso",3.62,,,,native,,6.373133659362793,3.294130325317383,-0.019523036666214466,-5.0195229053497314,,0.9872748819186739,4.999999868683517,True,2, yes|o,right,right,known,True,4.833631992340088,m,True,True,m,True
es,cántico,m,chant,regular,wiktionary:kaikki@2026-10-03,False,,"chant, canticle",3.01,,,,loan,,5.230266571044922,2.627948760986328,-0.029470078647136688,-4.654470205307007,,0.9811494098045637,4.62500012665987,True,3, cá|nt|ico,right,right,known,True,3.929107666015625,m,True,True,m,True
es,sobrepeso,m,overweight,regular,wiktionary:kaikki@2026-10-03,False,,overweight,3.38,,,,unknown,,6.3069610595703125,6.948202133178711,-0.030727108009159565,-4.53072714805603,,0.9818727602371431,4.500000040046871,True,3, sob|rep|eso,right,right,known,True,6.627581596374512,m,True,True,m,True
es,plazo,m,period,regular,wiktionary:kaikki@2026-10-03,False,,"period, phase",4.87,,,,native,,6.041389465332031,6.724857330322266,-0.01784002734348178,-5.267840147018433,,0.9876347326652667,5.250000119674951,True,2, pl|azo,right,right,known,True,6.383123397827148,m,True,True,m,True
es,armisticio,m,armistice,regular,wiktionary:kaikki@2026-10-03,False,,armistice,3.1,,,,loan,,3.8911514282226562,3.570720672607422,-0.024028196930885315,-5.836528062820435,,0.9793303381762691,5.812499865889549,True,3, arm|istic|io,right,right,known,True,3.730936050415039,m,True,True,m,True
es,propósito,m,purpose,regular,wiktionary:kaikki@2026-10-03,False,,purpose,4.76,,,,unknown,,5.385709762573242,3.7148075103759766,-0.03531997837126255,-4.285320043563843,,0.9794954511030682,4.25000006519258,True,1, propósito,right,right,known,True,4.550258636474609,m,True,True,m,True
es,ángulo,m,angle,regular,wiktionary:kaikki@2026-10-03,False,,angle,4.09,,,,unknown,,8.592337608337402,6.635481834411621,-0.018570331390947104,-5.393570184707642,,0.9861863553167113,5.3749998533166945,True,3, á|ng|ulo,right,right,known,True,7.613909721374512,m,True,True,m,True
es,surgimiento,m,emergence,regular,wiktionary:kaikki@2026-10-03,False,,"emergence, rise",3.71,,,,unknown,,7.068731307983398,3.2624053955078125,-0.03939287178218365,-4.164392948150635,,0.977040948676949,4.125000076368451,True,2, surg|imiento,right,right,known,True,5.1655683517456055,m,True,True,m,True
es,prólogo,m,prologue,regular,wiktionary:kaikki@2026-10-03,False,,prologue,3.76,,,,unknown,,7.655452728271484,5.122248649597168,-0.025404970161616802,-4.525404930114746,,0.9857467846059695,4.499999959953129,True,2, pró|logo,right,right,known,True,6.388850688934326,m,True,True,m,True
es,prado,m,meadow,regular,wiktionary:kaikki@2026-10-03,False,,meadow,3.98,,,,native,,4.370256423950195,2.641315460205078,-0.011984727811068296,-6.761984825134277,,0.9892450689505787,6.750000097323209,True,2, pr|ado,right,right,known,True,3.5057859420776367,m,True,True,m,True
es,cerezo,m,cherry tree,regular,wiktionary:kaikki@2026-10-03,False,,cherry tree,3.25,,,,native,,5.826511383056641,9.25932502746582,-0.01534184580668807,-6.452841758728027,,0.9863557426130122,6.437499912921339,True,2, cere|zo,right,right,known,True,7.5429182052612305,m,True,True,m,True
es,patrimonio,m,estate,regular,wiktionary:kaikki@2026-10-03,False,,estate; property,4.57,,,,native,,8.341137886047363,3.3317298889160156,-0.026581660844385624,-4.901581764221191,,0.9817303071117204,4.875000103376806,True,3, pat|rimon|io,right,right,known,True,5.8364338874816895,m,True,True,m,True
es,cerebro,m,brain,regular,wiktionary:kaikki@2026-10-03,False,,brain,4.64,,,,native,,8.200723648071289,9.346721649169922,-0.026385830715298653,-4.27638578414917,,0.9882841956529181,4.249999953433871,True,2, cere|bro,right,right,known,True,8.773722648620605,m,True,True,m,True
es,kiosco,m,kiosk,regular,wiktionary:kaikki@2026-10-03,False,,kiosk,3.2,,,,loan,,5.34577751159668,3.3580245971679688,-0.01922460738569498,-6.019224643707275,,0.9833906958141292,6.00000003632158,True,3, k|ios|co,right,right,known,True,4.351901054382324,m,True,True,m,True
es,hongo,m,fungus,regular,wiktionary:kaikki@2026-10-03,False,,fungus,3.47,,,,unknown,,5.015020370483398,4.9454851150512695,-0.023960926569998264,-4.773960828781128,,0.9850376309598141,4.74999990221113,True,2, h|ongo,right,right,known,True,4.980252742767334,m,True,True,m,True
es,sepulcro,m,sepulchre,regular,wiktionary:kaikki@2026-10-03,False,,sepulchre,3.48,,,,native,,5.947122573852539,6.941463470458984,-0.029533694498240948,-4.529533624649048,,0.9820194115072418,4.499999930150807,True,3, sep|ul|cro,right,right,known,True,6.444293022155762,m,True,True,m,True
es,lava,f,lava,homograph,wiktionary:kaikki@2026-10-03,True,,lava,3.87,lavar,siempre {w},,loan,,-5.4302978515625,-1.2354278564453125,-1.2107366025447845,-0.46073658764362335,,0.9542839599217939,-0.7500000149011612,True,1, lava,right,right,known,True,-3.3328628540039062,f,True,True,f,True
es,manda,f,vow,homograph,wiktionary:kaikki@2026-10-03,False,,vow,4.44,mandar,siempre {w},,unknown,,-0.9146156311035156,-1.9513740539550781,-1.2620719373226166,-0.6370719522237778,,0.8489019523336805,-0.6249999850988388,True,2, m|anda,unsure,right,unsure,False,-1.4329948425292969,f,True,True,f,True
es,figura,f,figure,homograph,wiktionary:kaikki@2026-10-03,False,,figure,4.77,figurar,siempre {w},,unknown,,-5.7195587158203125,-7.474438667297363,-3.6739591360092163,-0.048959145322442055,,0.9777939679829211,-3.6249999906867743,True,1, figura,right,right,known,True,-6.596998691558838,f,True,True,f,True
es,grita,f,shouting match,homograph,wiktionary:kaikki@2026-10-03,False,,shouting match,3.98,gritar,siempre {w},,unknown,,-0.4450225830078125,-1.1963119506835938,-2.4799948930740356,-0.4799948111176491,,0.7771378880977331,-2.0000000819563866,True,2, grit|a,unsure,right,unsure,False,-0.8206672668457031,f,True,True,f,True
es,obra,f,work,homograph,wiktionary:kaikki@2026-10-03,False,,work (usually literary or artistic),5.27,obrar,siempre {w},,native,,-6.0734100341796875,-5.418577194213867,-4.53241229057312,-0.03241237159818411,,0.9788627651330897,-4.499999918974936,True,1, obra,right,right,known,True,-5.745993614196777,f,True,True,f,True
es,pila,f,small battery,homograph,wiktionary:kaikki@2026-10-03,False,,small battery,4.04,pilar,siempre {w},,native,,-4.199362754821777,-5.4679718017578125,-5.767422199249268,-0.017422055825591087,,0.9859557697149217,-5.7500001434236765,True,2, p|ila,right,right,known,True,-4.833667278289795,f,True,True,f,True
es,cocina,f,kitchen,homograph,wiktionary:kaikki@2026-10-03,False,,kitchen,4.71,cocinar,siempre {w},,native,,-7.605379104614258,-5.208406448364258,-5.641138792037964,-0.016138742212206125,,0.9877911434948761,-5.625000049825758,True,1, cocina,right,right,known,True,-6.406892776489258,f,True,True,f,True
es,captura,f,capture,homograph,wiktionary:kaikki@2026-10-03,False,,capture,4.25,capturar,siempre {w},,unknown,,-2.9013748168945312,-0.2249755859375,-2.965798020362854,-0.09079802595078945,,0.974518371029629,-2.8749999944120646,True,2, capt|ura,right,unsure,unsure,False,-1.5631752014160156,f,True,True,f,True
es,pesca,f,fishing,homograph,wiktionary:kaikki@2026-10-03,False,,fishing,4.32,pescar,siempre {w},,unknown,,-6.1959991455078125,-6.240812301635742,-2.7608206272125244,-0.1358206681907177,,0.9768002685320796,-2.6249999590218067,True,2, pes|ca,right,right,known,True,-6.218405723571777,f,True,True,f,True
es,charla,f,talk,homograph,wiktionary:kaikki@2026-10-03,False,,"talk, chat",4.35,charlar,siempre {w},,unknown,,-3.38067626953125,-3.4867162704467773,-6.2139647006988525,-0.026464546099305153,,0.9760172635633165,-6.187500154599547,True,2, char|la,right,right,known,True,-3.4336962699890137,f,True,True,f,True
es,cancela,f,lattice gate,homograph,wiktionary:kaikki@2026-10-03,False,,lattice gate,3.49,cancelar,siempre {w},,unknown,,-4.411806106567383,-6.2662811279296875,-4.89841628074646,-0.02341616339981556,,0.9873303045315317,-4.875000117346644,True,2, cancel|a,right,right,known,True,-5.339043617248535,f,True,True,f,True
es,fotografía,f,photograph,homograph,wiktionary:kaikki@2026-10-03,False,,photograph,4.58,fotografiar,siempre {w},,native,,-9.128137588500977,-7.3637285232543945,-5.89128565788269,-0.016285724006593227,,0.9871668179114786,-5.874999933876097,True,2, fotograf|ía,right,right,known,True,-8.245933055877686,f,True,True,f,True
es,lanza,f,lance,homograph,wiktionary:kaikki@2026-10-03,False,,"lance, spear, glaive",4.34,lanzar,siempre {w},,native,,-5.432107925415039,-7.583477973937988,-2.703998565673828,-0.4539985293522477,,0.9642047299573175,-2.2500000363215804,False,2, l|anza,right,right,known,True,-6.507792949676514,f,True,True,f,True
es,paga,f,payment,homograph,wiktionary:kaikki@2026-10-03,False,,payment,4.55,pagar,siempre {w},,unknown,,-5.450919151306152,-5.3363494873046875,-3.915815830230713,-0.04081592708826065,,0.9813247026582101,-3.8749999031424522,True,2, p|aga,right,right,known,True,-5.39363431930542,f,True,True,f,True
es,mejora,f,improvement,homograph,wiktionary:kaikki@2026-10-03,False,,"improvement, improving, amelioration, betterment, refinement",4.43,mejorar,siempre {w},,unknown,,-3.667490005493164,-3.863377571105957,-3.813375949859619,-0.06337590329349041,,0.9634725535019961,-3.7500000465661287,True,2, mej|ora,right,right,known,True,-3.7654337882995605,f,True,True,f,True
es,falla,f,flaw,homograph,wiktionary:kaikki@2026-10-03,False,,flaw,4.31,fallar,siempre {w},,loan,,-3.8590240478515625,-2.5970535278320312,-4.047251582145691,-0.04725158400833607,,0.9735118092538286,-3.999999998137355,True,2, fall|a,right,right,known,True,-3.228038787841797,f,True,True,f,True
es,etiqueta,f,label,homograph,wiktionary:kaikki@2026-10-03,False,,"label, tag",4.18,etiquetar,siempre {w},,unknown,,-8.97215461730957,-5.1689252853393555,-4.657895088195801,-0.0328951645642519,,0.9777985977542772,-4.624999923631549,True,2, etiqu|eta,right,right,known,True,-7.070539951324463,f,True,True,f,True
es,evidencia,f,evidence,homograph,wiktionary:kaikki@2026-10-03,False,,evidence,4.66,evidenciar,siempre {w},,unknown,,-10.599387168884277,-4.437946319580078,-4.657353162765503,-0.032353210262954235,,0.977762790060319,-4.624999952502549,True,2, evid|encia,right,right,known,True,-7.518666744232178,f,True,True,f,True
es,nota,f,note,homograph,wiktionary:kaikki@2026-10-03,False,,"note, memo",5.09,notar,siempre {w},,unknown,,-4.87141227722168,-5.933952331542969,-5.398055553436279,-0.023055583238601685,,0.9817855380130731,-5.374999970197678,True,1, nota,right,right,known,True,-5.402682304382324,f,True,True,f,True
es,muda,f,change,homograph,wiktionary:kaikki@2026-10-03,False,,"a change (of clothes, especially underpants)",3.71,mudar,siempre {w},,unknown,,-2.2653045654296875,-2.9249114990234375,-3.6916369199752808,-0.0666370540857315,,0.9621949388320216,-3.6249998658895493,True,2, m|uda,right,right,known,True,-2.5951080322265625,f,True,True,f,True
es,renuncia,f,resignation,homograph,wiktionary:kaikki@2026-10-03,False,,resignation,4.39,renunciar,siempre {w},,unknown,,-5.56691837310791,-5.407021522521973,-4.541606426239014,-0.04160634055733681,,0.9730536761741094,-4.500000085681677,True,2, ren|uncia,right,right,known,True,-5.486969947814941,f,True,True,f,True
es,marcha,f,march,homograph,wiktionary:kaikki@2026-10-03,True,,march,4.94,marchar,siempre {w},,unknown,,-7.417380332946777,-4.93864631652832,-4.411924839019775,-0.036924936808645725,,0.9807753546799161,-4.37499990221113,True,2, march|a,right,right,known,True,-6.178013324737549,f,True,True,f,True
es,cuelga,f,hanging,homograph,wiktionary:kaikki@2026-10-03,False,,hanging (especially of dried fruit),3.63,colgar,siempre {w},,unknown,,-2.8031864166259766,-4.309442520141602,-0.4372197836637497,-1.6872197389602661,,0.8490206984430115,1.2499999552965164,True,3, c|uel|ga,right,right,known,True,-3.556314468383789,f,True,True,m,False
es,toma,f,conquest,homograph,wiktionary:kaikki@2026-10-03,False,,"conquest, capture, taking, takeover",5.01,tomar,siempre {w},,unknown,,-2.4901552200317383,-4.089975357055664,-4.049299836158752,-0.049299897626042366,,0.969887520307555,-3.99999993853271,True,2, to|ma,right,right,known,True,-3.290065288543701,f,True,True,f,True
es,firma,f,signature,homograph,wiktionary:kaikki@2026-10-03,False,,signature,4.66,firmar,siempre {w},,unknown,,-5.262117385864258,-4.943580627441406,-3.912163019180298,-0.03716314025223255,,0.9836717890502342,-3.8749998789280653,True,1, firma,right,right,known,True,-5.102849006652832,f,True,True,f,True
es,quema,f,fire,homograph,wiktionary:kaikki@2026-10-03,False,,fire; flame,4.07,quemar,siempre {w},,unknown,,-2.923922538757324,-4.587039947509766,-1.3977850675582886,-0.5227850750088692,,0.9547273169400492,-0.8749999925494194,False,2, qu|ema,right,right,known,True,-3.755481243133545,f,True,True,f,True
es,tortura,f,torture,homograph,wiktionary:kaikki@2026-10-03,False,,torture (intentional causing of somebody experiencing agony),4.13,torturar,siempre {w},,loan,,-7.563144683837891,-6.604387283325195,-4.037993669509888,-0.03799361456185579,,0.9808995021167463,-4.000000054948032,True,2, tort|ura,right,right,known,True,-7.083765983581543,f,True,True,f,True
es,reforma,f,reform,homograph,wiktionary:kaikki@2026-10-03,True,,"reform (the change of something that is defective, broken, inefficient or otherwise negative)",4.89,reformar,siempre {w},,unknown,,-9.50003433227539,-7.4543914794921875,-5.1478729248046875,-0.022872895002365112,,0.9836136118663461,-5.125000029802322,True,2, reform|a,right,right,known,True,-8.477212905883789,f,True,True,f,True
es,recarga,f,charge,homograph,wiktionary:kaikki@2026-10-03,False,,charge,3.45,recargar,siempre {w},,unknown,,-4.20286750793457,-6.32841682434082,-4.037249684333801,-0.037249574437737465,,0.9833002891001525,-4.000000109896064,True,2, rec|arga,right,right,known,True,-5.265642166137695,f,True,True,f,True
es,mancha,f,spot,homograph,wiktionary:kaikki@2026-10-03,False,,spot; stain,4.25,manchar,siempre {w},,unknown,,-6.269775390625,-2.8896303176879883,-5.775708913803101,-0.025708742439746857,,0.9781541719225155,-5.750000171363354,True,2, man|cha,right,right,known,True,-4.579702854156494,f,True,True,f,True
es,entrevista,f,interview,homograph,wiktionary:kaikki@2026-10-03,False,,interview,4.83,entrevistar,siempre {w},,native,,-3.651620864868164,-4.270665168762207,-5.963270425796509,-0.0257705245167017,,0.9773856192687743,-5.937499901279807,True,2, entrev|ista,right,right,known,True,-3.9611430168151855,f,True,True,f,True
es,estrena,f,gift,homograph,wiktionary:kaikki@2026-10-03,False,,"gift, present given as a token of some pleasure, happiness, or benefit received",3.62,estrenar,siempre {w},,unknown,,0.7886028289794922,0.09200668334960938,-0.4850943833589554,-1.2350943684577942,,0.9067921610602314,0.7499999850988388,True,2, est|rena,unsure,unsure,unsure,False,0.4403047561645508,m,False,True,m,False
es,rebaja,f,sale,homograph,wiktionary:kaikki@2026-10-03,False,,sale (a selling of goods at reduced prices),3.53,rebajar,siempre {w},,unknown,,-4.591745376586914,-3.3706531524658203,-4.286285400390625,-0.03628527466207743,,0.9785541034202889,-4.250000125728548,True,2, reb|aja,right,right,known,True,-3.981199264526367,f,True,True,f,True
es,potencia,f,power,homograph,wiktionary:kaikki@2026-10-03,False,,"power, potency",4.48,potenciar,siempre {w},,native,,-4.979126930236816,-5.723440170288086,-3.7905560731887817,-0.040556060150265694,,0.9828383849071219,-3.750000013038516,True,2, pot|encia,right,right,known,True,-5.351283550262451,f,True,True,f,True
es,diferencia,f,difference,homograph,wiktionary:kaikki@2026-10-03,False,,difference,5.07,diferenciar,siempre {w},,native,,-5.325193405151367,-6.276153564453125,-5.155508041381836,-0.030508081428706646,,0.9761510359950025,-5.124999959953129,True,1, diferencia,right,right,known,True,-5.800673484802246,f,True,True,f,True
es,censura,f,censure,homograph,wiktionary:kaikki@2026-10-03,False,,censure,4.27,censurar,siempre {w},,unknown,,-6.6186113357543945,-2.846567153930664,-3.666326880455017,-0.041326943784952164,,0.9868593255730893,-3.624999936670065,True,3, c|ens|ura,right,right,known,True,-4.732589244842529,f,True,True,f,True
es,gira,f,tour,homograph,wiktionary:kaikki@2026-10-03,False,,tour (a journey through a list of places),4.46,girar,siempre {w},,unknown,,-2.8000659942626953,-4.547700881958008,-4.296924114227295,-0.04692419245839119,,0.9717710705887315,-4.249999921768904,True,2, g|ira,right,right,known,True,-3.6738834381103516,f,True,True,f,True
es,tapa,f,lid,homograph,wiktionary:kaikki@2026-10-03,False,,"lid, cap (the top or cover of a container)",4.13,tapar,siempre {w},,unknown,,-2.7381162643432617,-1.5242424011230469,-5.394477844238281,-0.01947774365544319,,0.9852894066748927,-5.375000100582838,True,2, tap|a,right,right,known,True,-2.1311793327331543,f,True,True,f,True
es,relato,m,story,homograph,wiktionary:kaikki@2026-10-03,False,,story,4.38,relatar,siempre {w},,unknown,,4.282357215881348,3.241434097290039,-0.03748346120119095,-4.03748345375061,,0.9808633181808037,3.9999999925494194,True,2, rel|ato,right,right,known,True,3.7618956565856934,m,True,True,m,True
es,envío,m,shipment,homograph,wiktionary:kaikki@2026-10-03,False,,"shipment, sending",4.26,enviar,siempre {w},,unknown,,7.294251441955566,6.412479400634766,-0.03226087894290686,-4.032260894775391,,0.986536398706686,4.000000015832484,True,2, env|ío,right,right,known,True,6.853365421295166,m,True,True,m,True
es,progreso,m,progress,homograph,wiktionary:kaikki@2026-10-03,False,,"progress, headway, advancement",4.49,progresar,siempre {w},,loan,,7.924505233764648,6.39943790435791,-0.016495756804943085,-5.641495704650879,,0.9872197291796565,5.624999947845936,True,2, pro|greso,right,right,known,True,7.161971569061279,m,True,True,m,True
es,desafío,m,challenge,homograph,wiktionary:kaikki@2026-10-03,False,,challenge,4.24,desafiar,siempre {w},,unknown,,9.6489896774292,8.393001079559326,-0.029134505428373814,-5.154134511947632,,0.9774890847075115,5.125000006519258,True,3, des|af|ío,right,right,known,True,9.020995378494263,m,True,True,m,True
es,paro,m,stop,homograph,wiktionary:kaikki@2026-10-03,False,,"stop, stagnation (action of stopping)",4.5,parar,siempre {w},,unknown,,6.891790390014648,6.619813919067383,-0.15483995527029037,-2.904839873313904,,0.956259601135351,2.7499999180436134,True,2, par|o,right,right,known,True,6.755802154541016,m,True,True,m,True
es,secuestro,m,kidnapping,homograph,wiktionary:kaikki@2026-10-03,False,,kidnapping,4.15,secuestrar,siempre {w},,loan,,5.195756912231445,5.391075134277344,-0.025002924725413322,-5.150002956390381,,0.9811530907654809,5.1250000316649675,True,3, sec|uest|ro,right,right,known,True,5.2934160232543945,m,True,True,m,True
es,estreno,m,premiere,homograph,wiktionary:kaikki@2026-10-03,False,,premiere,4.28,estrenar,siempre {w},,unknown,,4.335752487182617,7.052669525146484,-0.023017757572233677,-5.023017883300781,,0.9838309229087783,5.000000125728548,True,2, est|reno,right,right,known,True,5.694211006164551,m,True,True,m,True
es,arresto,m,arrest,homograph,wiktionary:kaikki@2026-10-03,True,,arrest,4.09,arrestar,siempre {w},,unknown,,3.2961483001708984,1.2711181640625,-0.03374091349542141,-4.033740997314453,,0.9850764129759447,4.000000083819032,True,2, arrest|o,right,right,known,True,2.283633232116699,m,True,True,m,True
es,aprecio,m,appreciation,homograph,wiktionary:kaikki@2026-10-03,False,,appreciation,3.96,apreciar,siempre {w},,unknown,,5.488969802856445,5.063322067260742,-0.529288075864315,-2.2792880833148956,,0.8533719559253106,1.7500000074505806,False,2, ap|recio,right,right,known,True,5.276145935058594,m,True,True,m,True
es,corro,m,ring,homograph,wiktionary:kaikki@2026-10-03,False,,"ring, circle (of people, held hand to hand)",3.51,correr,siempre {w},,native,,4.785686492919922,5.266971588134766,-1.0246739089488983,-2.837173819541931,,0.47791739198155153,1.8124999105930328,True,1, corro,right,right,known,True,5.026329040527344,m,True,True,m,True
es,espino,m,hawthorn,homograph,wiktionary:kaikki@2026-10-03,False,,"hawthorn, buckthorn",3.16,espinar,siempre {w},,native,,7.57963752746582,5.424446105957031,-0.028467025607824326,-4.653467178344727,,0.9821352109636993,4.625000152736902,True,2, esp|ino,right,right,known,True,6.502041816711426,m,True,True,m,True
es,noto,m,southerly,homograph,wiktionary:kaikki@2026-10-03,False,,southerly,3.67,notar,siempre {w},,loan,,2.606679916381836,0.4394512176513672,-1.0960086584091187,-1.5960086584091187,,0.553628194583925,0.5,True,2, not|o,right,unsure,unsure,False,1.5230655670166016,m,True,True,m,True
es,retrato,m,portrait,homograph,wiktionary:kaikki@2026-10-03,False,,portrait,4.17,retratar,siempre {w},,unknown,,8.035686492919922,7.110090255737305,-0.027559018693864346,-4.27755880355835,,0.9871276801920212,4.249999784864485,True,2, retr|ato,right,right,known,True,7.572888374328613,m,True,True,m,True
es,pelo,m,hair,homograph,wiktionary:kaikki@2026-10-03,False,,hair (a single hair),4.82,pelar,siempre {w},,native,,6.423199653625488,1.8084697723388672,-0.015138576738536358,-5.390138626098633,,0.989572801021938,5.3750000493600965,True,1, pelo,right,right,known,True,4.115834712982178,m,True,True,m,True
es,veto,m,veto,homograph,wiktionary:kaikki@2026-10-03,True,,veto,3.5,vetar,siempre {w},,native,,3.3791379928588867,3.4372196197509766,-0.14627929031848907,-2.396279215812683,,0.9549827688740818,2.249999925494194,True,1, veto,right,right,known,True,3.4081788063049316,m,True,True,m,True
es,desalojo,m,eviction,homograph,wiktionary:kaikki@2026-10-03,False,,eviction,3.53,desalojar,siempre {w},,unknown,,4.429006576538086,4.926782608032227,-0.02990239206701517,-4.654902458190918,,0.9801343019325713,4.625000066123903,True,3, des|alo|jo,right,right,known,True,4.677894592285156,m,True,True,m,True
es,reparo,m,qualm,homograph,wiktionary:kaikki@2026-10-03,False,,"qualm, objection, cavil, demur, compunction",3.12,reparar,siempre {w},,unknown,,2.4725475311279297,5.944913864135742,-0.2370433323085308,-2.4870433807373047,,0.9138274232687156,2.250000048428774,True,2, repar|o,right,right,known,True,4.208730697631836,m,True,True,m,True
es,daño,m,damage,homograph,wiktionary:kaikki@2026-10-03,False,,damage,4.88,dañar,siempre {w},,native,,4.438392639160156,3.8225269317626953,-0.028087378479540348,-4.653087377548218,,0.9819120500809143,4.624999999068677,True,2, da|ño,right,right,known,True,4.130459785461426,m,True,True,m,True
es,saludo,m,greeting,homograph,wiktionary:kaikki@2026-10-03,False,,"greeting, greetings",4.48,saludar,siempre {w},,unknown,,6.840961456298828,8.817896842956543,-0.029068414121866226,-4.904068470001221,,0.9788239545405393,4.8750000558793545,True,2, sal|udo,right,right,known,True,7.8294291496276855,m,True,True,m,True
es,tiro,m,throw,homograph,wiktionary:kaikki@2026-10-03,False,,throw (the act of throwing something),4.62,tirar,siempre {w},,unknown,,4.011509895324707,5.768638610839844,-0.10439322516322136,-2.604393243789673,,0.9769782854855964,2.5000000186264515,True,2, t|iro,right,right,known,True,4.890074253082275,m,True,True,m,True
es,repaso,m,review,homograph,wiktionary:kaikki@2026-10-03,False,,"review, revision",3.56,repasar,siempre {w},,unknown,,4.322793960571289,5.493014335632324,-0.028747396543622017,-4.65374755859375,,0.9812716754559465,4.625000162050128,True,2, rep|aso,right,right,known,True,4.907904148101807,m,True,True,m,True
es,invento,m,invention,homograph,wiktionary:kaikki@2026-10-03,False,,invention,3.9,inventar,siempre {w},,unknown,,8.131669998168945,3.7295780181884766,-0.030859400518238544,-4.655859470367432,,0.9791947625761268,4.625000069849193,True,2, invent|o,right,right,known,True,5.930624008178711,m,True,True,m,True
es,inicio,m,start,homograph,wiktionary:kaikki@2026-10-03,False,,"start, initiation",4.83,iniciar,siempre {w},,unknown,,7.510266304016113,6.782313346862793,-0.112569659948349,-2.737569570541382,,0.9587370129026265,2.624999910593033,True,1, inicio,right,right,known,True,7.146289825439453,m,True,True,m,True
es,apuro,m,difficulty,homograph,wiktionary:kaikki@2026-10-03,False,,"difficulty, predicament",3.56,apurar,siempre {w},,unknown,,5.947624206542969,7.303525924682617,-0.03283430449664593,-4.90783429145813,,0.9765687094284329,4.874999986961484,True,2, ap|uro,right,right,known,True,6.625575065612793,m,True,True,m,True
es,grito,m,cry,homograph,wiktionary:kaikki@2026-10-03,False,,"a cry, a yell, a scream, a growl",4.28,gritar,siempre {w},,unknown,,6.0301971435546875,6.183385848999023,-0.02601712942123413,-5.276017189025879,,0.9794437952127324,5.250000059604645,True,2, g|rito,right,right,known,True,6.1067914962768555,m,True,True,m,True
es,desecho,m,waste,homograph,wiktionary:kaikki@2026-10-03,False,,"waste, trash",3.16,desechar,siempre {w},,unknown,,3.3313827514648438,5.0750274658203125,-0.05980314500629902,-3.8098032474517822,,0.9647947369696004,3.750000102445483,True,2, des|echo,right,right,known,True,4.203205108642578,m,True,True,m,True
es,uso,m,use,homograph,wiktionary:kaikki@2026-10-03,False,,use,5.38,usar,siempre {w},,unknown,,6.9637556076049805,5.9675750732421875,-0.14531434327363968,-2.770314335823059,,0.9315561013079837,2.6249999925494194,True,1, uso,right,right,known,True,6.465665340423584,m,True,True,m,True
es,retraso,m,delay,homograph,wiktionary:kaikki@2026-10-03,False,,delay,4.09,retrasar,siempre {w},,unknown,,6.658290863037109,6.828729629516602,-0.0146011458709836,-5.764600992202759,,0.9886471142258925,5.749999846331775,True,3, re|tras|o,right,right,known,True,6.7435102462768555,m,True,True,m,True
es,canto,m,singing,homograph,wiktionary:kaikki@2026-10-03,False,,singing,4.36,cantar,siempre {w},,native,,5.72914981842041,6.033956527709961,-0.029508681036531925,-4.154508590698242,,0.9867367662949718,4.12499990966171,True,2, c|anto,right,right,known,True,5.8815531730651855,m,True,True,m,True
es,descargo,m,unloading,homograph,wiktionary:kaikki@2026-10-03,False,,unloading,3.33,descargar,siempre {w},,unknown,,4.651144027709961,5.631326675415039,-0.13367754966020584,-2.50867760181427,,0.956861291115082,2.375000052154064,True,2, desc|argo,right,right,known,True,5.1412353515625,m,True,True,m,True
es,velo,m,veil,homograph,wiktionary:kaikki@2026-10-03,False,wordnet:garment.n.01,"veil (something hung up or spread out to hide or protect the face, or hide an object from view; usually of a diaphanous material)",3.85,velar,siempre {w},,native,,5.642426490783691,4.159887313842773,-0.025066030211746693,-4.400065898895264,,0.9876201903149453,4.374999868683517,True,2, vel|o,right,right,known,True,4.901156902313232,m,True,True,m,True
es,centro,m,center,homograph,wiktionary:kaikki@2026-10-03,True,,center,5.44,centrar,siempre {w},,loan,,6.5101728439331055,5.292531967163086,-0.02263122145086527,-4.897631406784058,,0.9856154327041369,4.875000185333192,True,1, centro,right,right,known,True,5.901352405548096,m,True,True,m,True
es,respeto,m,respect,homograph,wiktionary:kaikki@2026-10-03,False,,respect,4.97,respetar,siempre {w},,loan,,8.73523235321045,4.373132705688477,-0.01806742511689663,-5.893067359924316,,0.9848765013319272,5.87499993480742,True,3, res|pet|o,right,right,known,True,6.554182529449463,m,True,True,m,True
es,almuerzo,m,lunch,homograph,wiktionary:kaikki@2026-10-03,False,,lunch,4.16,almorzar,siempre {w},,native,,6.201016426086426,5.351476669311523,-0.028780882246792316,-4.153780698776245,,0.9874562655573251,4.124999816529453,True,3, alm|uer|zo,right,right,known,True,5.776246547698975,m,True,True,m,True
es,camino,m,way,homograph,wiktionary:kaikki@2026-10-03,False,,"way, route",5.28,caminar,siempre {w},,native,,7.660013198852539,5.8842010498046875,-0.009639293886721134,-6.259639263153076,,0.9923791638174456,6.249999969266355,True,1, camino,right,right,known,True,6.772107124328613,m,True,True,m,True
es,mojo,m,type of sauce from the canary islands made from oil and vinegar,homograph,wiktionary:kaikki@2026-10-03,True,,"a type of sauce from the Canary Islands made from oil and vinegar, to which various herbs and spices are added",3.21,mojar,siempre {w},,unknown,,3.8673477172851562,2.855785369873047,-0.12155193835496902,-2.6215518712997437,,0.9582368056079357,2.4999999329447746,True,1, mojo,right,right,known,True,3.3615665435791016,m,True,True,m,True
es,reclamo,m,complaint,homograph,wiktionary:kaikki@2026-10-03,False,,complaint,4.05,reclamar,siempre {w},,unknown,,5.580069541931152,5.00843620300293,-0.022454285994172096,-4.772454261779785,,0.9865225547329983,4.749999975785613,True,2, recl|amo,right,right,known,True,5.294252872467041,m,True,True,m,True
es,acierto,m,correct answer,homograph,wiktionary:kaikki@2026-10-03,False,,correct answer,3.69,acertar,siempre {w},,unknown,,6.189266204833984,4.52012825012207,-0.026109974831342697,-5.276109933853149,,0.9795021525193579,5.249999959021807,True,3, ac|i|erto,right,right,known,True,5.354697227478027,m,True,True,m,True
es,sistema,m,system,exception_ma,wiktionary:kaikki@2026-10-03,False,,system,5.56,,,,loan,,7.911533355712891,6.545461654663086,-0.02553747594356537,-4.400537490844727,,0.9879192016807032,4.375000014901161,True,1, sistema,right,right,known,True,7.228497505187988,m,True,True,m,True
es,problema,m,problem,exception_ma,wiktionary:kaikki@2026-10-03,True,,"problem, issue, challenge (a difficulty or obstacle that has to be dealt with)",5.5,,,,loan,,7.05259895324707,6.108935356140137,-0.024822667241096497,-4.64982271194458,,0.9857215363499796,4.625000044703484,True,1, problema,right,right,known,True,6.5807671546936035,m,True,True,m,True
es,idioma,m,language,exception_ma,wiktionary:kaikki@2026-10-03,False,,language,4.74,,,,loan,,4.55976676940918,3.17185115814209,-0.03300183452665806,-4.408001899719238,,0.980571688858947,4.37500006519258,True,2, idi|oma,right,right,known,True,3.8658089637756348,m,True,True,m,True
es,clima,m,climate,exception_ma,wiktionary:kaikki@2026-10-03,False,,"climate, weather",4.64,,,,loan,,6.847594261169434,5.927999496459961,-0.0507136108353734,-4.050713539123535,,0.983032724440916,3.9999999282881618,True,2, cl|ima,right,right,known,True,6.387796878814697,m,True,True,m,True
es,poema,m,poem,exception_ma,wiktionary:kaikki@2026-10-03,False,,poem (literary piece written in verse),4.31,,,,loan,,4.698793411254883,7.639348030090332,-0.021719028241932392,-5.396718978881836,,0.983370408140787,5.3749999506399035,True,2, po|ema,right,right,known,True,6.169070720672607,m,True,True,m,True
es,esquema,m,outline,exception_ma,wiktionary:kaikki@2026-10-03,False,,"outline (a general description, a summarizing statement)",4.17,,,,loan,,8.072212219238281,4.713848114013672,-0.037891448475420475,-4.912891387939453,,0.9716840358270145,4.874999939464033,True,3, es|qu|ema,right,right,known,True,6.393030166625977,m,True,True,m,True
es,lema,m,motto,exception_ma,wiktionary:kaikki@2026-10-03,False,,motto,4.08,,,,loan,,3.828131675720215,5.907987594604492,-0.101632509380579,-2.8516324758529663,,0.9628177175934451,2.7499999664723873,True,2, le|ma,right,right,known,True,4.8680596351623535,m,True,True,m,True
es,dilema,m,dilemma,exception_ma,wiktionary:kaikki@2026-10-03,True,,"dilemma, quandary",3.79,,,,native,,4.475783348083496,6.6618757247924805,-0.032274008728563786,-4.907274007797241,,0.97569330005587,4.874999999068677,True,2, dile|ma,right,right,known,True,5.568829536437988,m,True,True,m,True
es,paradigma,m,paradigm,exception_ma,wiktionary:kaikki@2026-10-03,True,,paradigm,3.75,,,,loan,,7.62835693359375,8.215340614318848,-0.0311248442158103,-4.906124830245972,,0.9772880296606403,4.874999986030161,True,2, parad|igma,right,right,known,True,7.921848773956299,m,True,True,m,True
es,síntoma,m,symptom,exception_ma,wiktionary:kaikki@2026-10-03,False,,symptom (indicators and characteristics of the presence of something else),3.73,,,,loan,,5.441492080688477,4.585329055786133,-0.026679369620978832,-4.401679277420044,,0.9860258597598613,4.374999907799065,True,3, sí|nt|oma,right,right,known,True,5.013410568237305,m,True,True,m,True
es,telegrama,m,telegram,exception_ma,wiktionary:kaikki@2026-10-03,True,,telegram,3.61,,,,unknown,,2.672379493713379,4.347682952880859,-0.017681513912975788,-5.017681360244751,,0.9890938787369087,4.999999846331775,True,2, telegram|a,right,right,known,True,3.510031223297119,m,True,True,m,True
es,carisma,m,charisma,exception_ma,wiktionary:kaikki@2026-10-03,True,,charisma,3.54,,,,loan,,4.037014961242676,1.8561019897460938,-0.03281307592988014,-4.2828129529953,,0.9832588584897748,4.24999987706542,True,2, car|isma,right,right,known,True,2.9465584754943848,m,True,True,m,True
es,enigma,m,enigma,exception_ma,wiktionary:kaikki@2026-10-03,True,,"enigma, conundrum (something that is puzzling)",3.51,,,,native,,5.147819519042969,5.177933692932129,-0.03099711798131466,-5.030997276306152,,0.9760276802605279,5.000000158324838,True,2, en|igma,right,right,known,True,5.162876605987549,m,True,True,m,True
es,emblema,m,emblem,exception_ma,wiktionary:kaikki@2026-10-03,True,,emblem,3.5,,,,loan,,7.177341461181641,9.163812637329102,-0.04931294731795788,-3.424312949180603,,0.984703107063277,3.375000001862645,True,3, em|ble|ma,right,right,known,True,8.170577049255371,m,True,True,m,True
es,estigma,m,stigma,exception_ma,wiktionary:kaikki@2026-10-03,True,,stigma,3.45,,,,loan,,6.191017150878906,6.155340194702148,-0.04216734319925308,-3.7921674251556396,,0.9819491366068385,3.7500000819563866,True,2, est|igma,right,right,known,True,6.173178672790527,m,True,True,m,True
es,dogma,m,dogma,exception_ma,wiktionary:kaikki@2026-10-03,True,,dogma,3.38,,,,native,,7.700692176818848,2.8538761138916016,-0.040258124470710754,-4.290258169174194,,0.9746671890650467,4.250000044703484,True,2, dog|ma,right,right,known,True,5.277284145355225,m,True,True,m,True
es,prisma,m,prism,exception_ma,wiktionary:kaikki@2026-10-03,True,,prism (a polyhedron with parallel ends of the same size and shape),3.32,,,,loan,,3.94716739654541,3.781111717224121,-0.049798826687037945,-3.674798846244812,,0.9867971382719919,3.625000019557774,True,2, pr|isma,right,right,known,True,3.8641395568847656,m,True,True,m,True
es,teorema,m,theorem,exception_ma,wiktionary:kaikki@2026-10-03,False,,theorem,3.27,,,,unknown,,5.147148132324219,9.124524116516113,-0.01505961874499917,-6.01505970954895,,0.987496447633273,6.000000090803951,True,3, te|ore|ma,right,right,known,True,7.135836124420166,m,True,True,m,True
es,genoma,m,genome,exception_ma,wiktionary:kaikki@2026-10-03,False,,genome (complete genetic information of an organism),3.14,,,,unknown,,6.302724838256836,5.631380081176758,-0.03238469269126654,-4.282384872436523,,0.9819458937171701,4.250000179745257,True,2, gen|oma,right,right,known,True,5.967052459716797,m,True,True,m,True
es,cromosoma,m,chromosome,exception_ma,wiktionary:kaikki@2026-10-03,False,,chromosome,3.01,,,,loan,,0.5199508666992188,2.9362010955810547,-0.02796642854809761,-4.402966499328613,,0.9847574379489318,4.375000070780516,True,4, c|rom|os|oma,unsure,right,unsure,False,1.7280759811401367,m,True,True,m,True
es,panorama,m,scenery,exception_ma,wiktionary:kaikki@2026-10-03,True,,scenery,4.29,,,,unknown,,4.710625648498535,3.5776472091674805,-0.03836382180452347,-3.7883639335632324,,0.9856982218261929,3.750000111758709,True,1, panorama,right,right,known,True,4.144136428833008,m,True,True,m,True
es,crucigrama,m,crossword,exception_ma,wiktionary:kaikki@2026-10-03,False,,crossword,2.64,,,,unknown,,3.6093063354492188,4.254150390625,-0.020551668480038643,-5.520551681518555,,0.9837894420151951,5.500000013038516,True,3, cruc|ig|rama,right,right,known,True,3.9317283630371094,m,True,True,m,True
es,hematoma,m,bruise,exception_ma,wiktionary:kaikki@2026-10-03,False,,bruise,2.72,,,,unknown,,2.903374671936035,3.941669464111328,-0.03868839330971241,-4.16368842124939,,0.9786897246664705,4.125000027939677,True,2, hemat|oma,right,right,known,True,3.4225220680236816,m,True,True,m,True
es,ecosistema,m,ecosystem,exception_ma,wiktionary:kaikki@2026-10-03,False,,ecosystem,3.75,,,,unknown,,6.273797988891602,5.800031661987305,-0.036642104387283325,-5.286642074584961,,0.9692453660557105,5.249999970197678,True,3, e|cos|istema,right,right,known,True,6.036914825439453,m,True,True,m,True
es,drama,m,drama,exception_ma,wiktionary:kaikki@2026-10-03,True,,"drama (genre in art, film, theatre and literature or a work of said genre)",4.45,,,,loan,,4.079059600830078,3.717987060546875,-0.06545104086399078,-3.1904510259628296,,0.9781142398053684,3.124999985098839,True,1, drama,right,right,known,True,3.8985233306884766,m,True,True,m,True
es,foto,f,photo,exception_clipping,wiktionary:kaikki@2026-10-03,False,,"photo, photograph",5.34,,,,unknown,,-5.641210556030273,-6.18310546875,-6.145274639129639,-0.020274595357477665,,0.9822408075290997,-6.125000043772161,True,1, foto,right,right,known,True,-5.912158012390137,f,True,True,f,True
es,moto,f,motorcycle,exception_clipping,wiktionary:kaikki@2026-10-03,True,,motorcycle,4.32,,,,unknown,clipping sense is tagged abbreviation so the lexicon skipped it; only other sense is rare masculine 'milestone',-2.9368114471435547,-2.5823802947998047,-5.7018327713012695,-0.014332755003124475,,0.9899296187229099,-5.687500016298145,True,1, moto,right,right,known,True,-2.7595958709716797,f,True,True,f,True
es,día,m,day,exception_true,wiktionary:kaikki@2026-10-03,False,,day (any period of 24 hours),5.96,,,,native,,6.553266525268555,3.675395965576172,-0.024953334592282772,-5.399953365325928,,0.9799074115280759,5.375000030733645,True,1, día,right,right,known,True,5.114331245422363,m,True,True,m,True
es,mapa,m,map,exception_true,wiktionary:kaikki@2026-10-03,False,,map (sheet with geographical information on it),4.63,,,,native,,5.911930084228516,5.64349365234375,-0.01630889344960451,-5.016308784484863,,0.9904535341096681,4.999999891035259,True,1, mapa,right,right,known,True,5.777711868286133,m,True,True,m,True
es,planeta,m,planet,exception_true,wiktionary:kaikki@2026-10-03,True,,planet,4.74,,,,native,,6.331692695617676,4.856060981750488,-0.032415278255939484,-4.032415390014648,,0.9858382218583788,4.000000111758709,True,2, plan|eta,right,right,known,True,5.593876838684082,m,True,True,m,True
es,tranvía,m,tram,exception_true,wiktionary:kaikki@2026-10-03,False,,tram,3.49,,,,unknown,,6.084835052490234,3.3588085174560547,-0.012523309327661991,-5.762523174285889,,0.990797280608427,5.749999864958227,True,3, tran|v|ía,right,right,known,True,4.7218217849731445,m,True,True,m,True
es,mediodía,m,noon,exception_true,wiktionary:kaikki@2026-10-03,False,,"noon, midday",4.13,,,,unknown,,5.548532485961914,3.8663368225097656,-0.04798378609120846,-3.9229838848114014,,0.9743219640586718,3.875000098720193,True,3, med|iod|ía,right,right,known,True,4.70743465423584,m,True,True,m,True
es,sofá,m,sofa,exception_true,wiktionary:kaikki@2026-10-03,True,,"sofa, couch",3.96,,,,loan,,7.164231300354004,6.202583312988281,-0.02179636899381876,-4.521796464920044,,0.9906818087048705,4.500000095926225,True,2, sof|á,right,right,known,True,6.683407306671143,m,True,True,m,True
es,mano,f,hand,exception_true,wiktionary:kaikki@2026-10-03,False,,hand,5.38,,,,native,masculine is regional slang ('bro'); verb manar 'to flow' is rare; every ordinary sense is feminine,-7.6762542724609375,-5.362736701965332,-5.831571102142334,-0.019071181304752827,,0.98451898255303,-5.812499920837581,True,1, mano,right,right,known,True,-6.519495487213135,f,True,True,f,True
