lang,lemma,gender,concept_en,set,source,freq_bin,zipf,gloss,cited_in,check,de_suffix,es_ending,es_regular,es_exception,ctx1_margin,ctx2_margin,meta_lp_m,meta_lp_f,meta_lp_other,meta_mass,meta_margin,meta_order_agree,n_tokens,tokens,ctx1_verdict,ctx2_verdict,status,passed,ctx_margin,ctx_pred,ctx_correct,frames_agree,meta_pred,meta_correct
de,Apfel,m,apple,classic,wiktionary:kaikki@2026-10-03,mid,4.03,apple (fruit),K;M,,,,,,8.626969337463379,4.112705230712891,-0.08447917550802231,-2.8344792127609253,-4.771979093551636,0.9874241467502036,2.750000037252903,True,2, Ap|fel,right,right,known,True,6.369837284088135,m,True,True,m,True
es,manzana,f,apple,classic,wiktionary:kaikki@2026-10-03,mid,4.15,apple,K;M,,,,,,-2.876898765563965,-2.4709243774414062,-4.611683368682861,-0.04918332397937775,,0.9624270840421906,-4.562500044703484,True,3, man|z|ana,right,right,known,True,-2.6739115715026855,f,True,True,f,True
de,Pfeil,m,arrow,classic,wiktionary:kaikki@2026-10-03,mid,3.85,arrow (missile),K;M,,,,,,7.1518707275390625,3.7428150177001953,-0.23490571975708008,-1.73490571975708,-3.92240571975708,0.9880548582850133,1.5,True,3, P|fe|il,right,right,known,True,5.447342872619629,m,True,True,m,True
es,flecha,f,arrow,classic,wiktionary:kaikki@2026-10-03,mid,3.84,"arrow (projectile, symbol)",K;M,,,,,,-5.815794944763184,-6.878580093383789,-2.665537714958191,-0.10303764790296555,,0.9748359421039985,-2.5625000670552254,True,2, fle|cha,right,right,known,True,-6.347187519073486,f,True,True,f,True
de,Stiefel,m,boot,classic,wiktionary:kaikki@2026-10-03,mid,3.94,boot (shoe),K,,,,,,6.727187156677246,2.039653778076172,-1.1119914203882217,-0.6744914203882217,-5.4244914054870605,0.9902387639141474,-0.4375,False,3, St|ief|el,right,right,known,True,4.383420467376709,m,True,True,f,False
es,bota,f,boot,classic,wiktionary:kaikki@2026-10-03,mid,3.56,boot,K,,,,,,-3.793886184692383,-4.37437629699707,-0.995203286409378,-0.49520328640937805,,0.9808936431259485,-0.5,True,2, b|ota,right,right,known,True,-4.084131240844727,f,True,True,f,True
de,Besen,m,broom,classic,wiktionary:kaikki@2026-10-03,low,3.49,broom,K,,,,,,7.542510986328125,2.5935792922973633,-0.06736511923372746,-3.0673651695251465,-5.1923651695251465,0.9904616610870219,3.000000050291419,True,2, Bes|en,right,right,known,True,5.068045139312744,m,True,True,m,True
es,escoba,f,broom,classic,wiktionary:kaikki@2026-10-03,low,3.43,broom (domestic utensil),K,,,,,,-3.053783416748047,-5.039638519287109,-2.48235821723938,-0.10735825449228287,,0.9823500885361369,-2.374999962747097,True,2, esc|oba,right,right,known,True,-4.046710968017578,f,True,True,f,True
de,Mond,m,moon,classic,wiktionary:kaikki@2026-10-03,mid,4.35,moon (a natural satellite that is orbiting its corresponding planet),K;M;D,es:also_given-name,,,,,11.667372703552246,2.786102294921875,-0.03414694219827652,-4.409146785736084,-5.534146785736084,0.9836734287400436,4.3749998435378075,True,1, Mond,right,right,known,True,7.2267374992370605,m,True,True,m,True
es,luna,f,moon,classic,wiktionary:kaikki@2026-10-03,high,4.79,moon,K;M;D,es:also_given-name,,,,,-7.820674896240234,-4.828381538391113,-5.525288343429565,-0.02528844214975834,,0.9790133673518597,-5.499999901279807,True,2, l|una,right,right,known,True,-6.324528217315674,f,True,True,f,True
de,Löffel,m,spoon,classic,wiktionary:kaikki@2026-10-03,mid,3.8,spoon,K,,,,,,6.909732818603516,3.5991878509521484,-1.2801345586776733,-1.5301345847547054,-5.280134677886963,0.9878256106921343,0.2500000260770321,False,3, L|öff|el,right,right,known,True,5.254460334777832,m,True,True,m,True
es,cuchara,f,spoon,classic,wiktionary:kaikki@2026-10-03,mid,3.67,spoon,K,,,,,,-4.624246597290039,-5.223297119140625,-2.672013521194458,-0.1095135398209095,,0.9716029500461116,-2.5624999813735485,True,3, c|uch|ara,right,right,known,True,-4.923771858215332,f,True,True,f,True
de,Stern,m,star,classic,wiktionary:kaikki@2026-10-03,high,4.5,a star; a small luminous dot that can be seen on the night sky,K,de:uncertain(wordnet-animate-share:0.27); es:uncertain(wordnet-animate-share:0.27); es:also_given-name,,,,,5.251071929931641,5.06336784362793,-0.06928214244544506,-3.2567821741104126,-4.194282054901123,0.9888974367211105,3.1875000316649675,True,1, Stern,right,right,known,True,5.157219886779785,m,True,True,m,True
es,estrella,f,star,classic,wiktionary:kaikki@2026-10-03,high,4.66,star (celestial body),K,de:uncertain(wordnet-animate-share:0.27); es:uncertain(wordnet-animate-share:0.27); es:also_given-name,,,,,-3.6702041625976562,-4.694823265075684,-4.350410223007202,-0.037910399958491325,,0.9759278977331005,-4.312499823048711,True,2, est|rella,right,right,known,True,-4.18251371383667,f,True,True,f,True
de,Kürbis,m,pumpkin,classic,wiktionary:kaikki@2026-10-03,low,3.47,"pumpkin, gourd, squash (any plant of the genus Cucurbita or its fruit)",K;M,,,,,,10.306257247924805,8.020644187927246,-0.057530201971530914,-3.2450302839279175,-5.245030164718628,0.988503062728886,3.1875000819563866,True,3, K|ür|bis,right,right,known,True,9.163450717926025,m,True,True,m,True
es,calabaza,f,pumpkin,classic,wiktionary:kaikki@2026-10-03,mid,3.55,pumpkin (Cucurbita pepo; typical pumpkin used for Halloween and autumn seasonal decoration),K;M,,,,,,-5.589635848999023,-4.193122863769531,-4.161328554153442,-0.03632858581840992,,0.9800316281289005,-4.1249999683350325,True,3, cal|ab|aza,right,right,known,True,-4.891379356384277,f,True,True,f,True
de,Bank,f,bench,classic,wiktionary:kaikki@2026-10-03,high,4.91,bench (which people sit on); pew,K,,,,,,-7.339092254638672,-4.273685455322266,-4.586944341659546,-0.024444318376481533,-6.024444341659546,0.9894525570367692,-4.562500023283064,True,1, Bank,right,right,known,True,-5.806388854980469,f,True,True,f,True
es,banco,m,bench,classic,wiktionary:kaikki@2026-10-03,high,5.04,bank (financial institution),K,,,,,,6.507134437561035,6.995754241943359,-0.034091804176568985,-4.034091830253601,,0.9847386584514857,4.000000026077032,True,1, banco,right,right,known,True,6.751444339752197,m,True,True,m,True
de,Bürste,f,brush,classic,wiktionary:kaikki@2026-10-03,low,3.2,brush,K,,,,,,-7.183108329772949,-2.734811782836914,-5.0812413692474365,-0.01874149776995182,-6.2687413692474365,0.9917465837271764,-5.062499871477485,True,3, B|ür|ste,right,right,known,True,-4.958960056304932,f,True,True,f,True
es,cepillo,m,brush,classic,wiktionary:kaikki@2026-10-03,mid,3.56,brush,K,,,,,,4.778801918029785,3.9270286560058594,-0.03070309106260538,-4.280703067779541,,0.9891459669966074,4.249999976716936,True,2, cep|illo,right,right,known,True,4.352915287017822,m,True,True,m,True
de,Uhr,f,clock,classic,wiktionary:kaikki@2026-10-03,high,5.67,"hours, o'clock (indicates the time within a twelve- or twenty-four-hour period)",K;M,,,,,,-10.287128448486328,-6.818513870239258,-5.770061254501343,-0.020061307586729527,-5.770061254501343,0.9864996637734498,-5.749999946914613,True,1, Uhr,right,right,known,True,-8.552821159362793,f,True,True,f,True
es,reloj,m,clock,classic,wiktionary:kaikki@2026-10-03,mid,4.38,clock,K;M,,,,,,6.521778106689453,7.785977363586426,-0.020828661508858204,-5.083328485488892,,0.986590117900852,5.062499823980033,True,3, re|lo|j,right,right,known,True,7.1538777351379395,m,True,True,m,True
de,Scheibe,f,disk,classic,wiktionary:kaikki@2026-10-03,mid,4.16,flat piece or surface,K,de:also_intj; es:genders=f|m,,,,,-7.0531110763549805,-4.508827209472656,-4.834876775741577,-0.02237673755735159,-5.709876775741577,0.9904176288084099,-4.812500038184226,True,2, Sche|ibe,right,right,known,True,-5.780969142913818,f,True,True,f,True
es,disco,m,disk,classic,wiktionary:kaikki@2026-10-03,high,4.69,"club, discotheque",K,de:also_intj; es:genders=f|m,,,,,2.603120803833008,3.685617446899414,-0.037602899596095085,-3.91260302066803,,0.9844848750401227,3.8750001210719347,True,1, disco,right,right,known,True,3.144369125366211,m,True,True,m,True
de,Trommel,f,drum,classic,wiktionary:kaikki@2026-10-03,mid,3.55,drum (musical instrument),K,,,,,,-7.33882999420166,-3.7847671508789062,-3.974977135658264,-0.03747722692787647,-5.599977016448975,0.9887392421102488,-3.9374999087303877,True,2, Trom|mel,right,right,known,True,-5.561798572540283,f,True,True,f,True
es,tambor,m,drum,classic,wiktionary:kaikki@2026-10-03,mid,3.65,drum,K,,,,,,7.231105804443359,6.225484848022461,-0.05173272266983986,-3.4267327785491943,,0.9830690386512357,3.3750000558793545,True,2, tamb|or,right,right,known,True,6.72829532623291,m,True,True,m,True
de,Gabel,f,fork,classic,wiktionary:kaikki@2026-10-03,mid,3.64,fork,K;M,es:animate(gendered-counterpart),,,,,-10.120463371276855,-7.397687911987305,-5.331725120544434,-0.01922530774027109,-6.206725120544434,0.989089360239154,-5.3124998128041625,True,2, G|abel,right,right,known,True,-8.75907564163208,f,True,True,f,True
es,tenedor,m,fork,classic,wiktionary:kaikki@2026-10-03,mid,3.56,fork,K;M,es:animate(gendered-counterpart),,,,,7.6347808837890625,6.9708051681518555,-0.04817262291908264,-3.8606725931167603,,0.9791066825785673,3.8124999701976776,True,2, ten|edor,right,right,known,True,7.302793025970459,m,True,True,m,True
de,Sonne,f,sun,classic,wiktionary:kaikki@2026-10-03,high,4.85,"a sun (a star, especially when being the center of a solar system)",K;M;D,de:also_pron,,,,,-5.065492630004883,-4.2661590576171875,-5.46091103553772,-0.023410899564623833,-5.77341103553772,0.9843207350307099,-5.437500135973096,True,2, Son|ne,right,right,known,True,-4.665825843811035,f,True,True,f,True
es,sol,m,sun,classic,wiktionary:kaikki@2026-10-03,high,5.09,sun,K;M;D,de:also_pron,,,,,4.543386459350586,3.283933639526367,-0.2095333393663168,-3.1470333337783813,,0.9685560733388826,2.9374999944120646,True,1, sol,right,right,known,True,3.9136600494384766,m,True,True,m,True
de,Toilette,f,toilet,classic,wiktionary:kaikki@2026-10-03,mid,4.13,toilet,K,es:also_adj,,,,,-9.58059024810791,-8.217784881591797,-4.0343509912490845,-0.034351008012890816,-5.846850872039795,0.9873707366074005,-3.9999999832361937,True,2, Toilet|te,right,right,known,True,-8.899187564849854,f,True,True,f,True
es,inodoro,m,toilet,classic,wiktionary:kaikki@2026-10-03,mid,3.58,toilet bowl,K,es:also_adj,,,,,3.6585922241210938,3.306743621826172,-0.03904139716178179,-3.91404128074646,,0.982290454779288,3.874999883584678,True,3, in|od|oro,right,right,known,True,3.482667922973633,m,True,True,m,True
de,Geige,f,violin,classic,wiktionary:kaikki@2026-10-03,mid,3.56,"violin, fiddle",K;M,,,,,,-0.3013429641723633,-1.8828067779541016,-4.1634427309036255,-0.038442714139819145,-5.038442850112915,0.98745054592831,-4.125000016763806,True,2, Ge|ige,unsure,right,unsure,False,-1.0920748710632324,f,True,True,f,True
es,violín,m,violin,classic,wiktionary:kaikki@2026-10-03,mid,3.67,violin (string instrument),K;M,,,,,,6.882713317871094,4.827541351318359,-0.046763474121689796,-3.9217634201049805,,0.9766116679525376,3.8749999459832907,True,2, viol|ín,right,right,known,True,5.855127334594727,m,True,True,m,True
de,Schlüssel,m,key,classic,wiktionary:kaikki@2026-10-03,mid,4.42,a key,D,,,,,,7.408700942993164,4.073060989379883,-0.15386193990707397,-2.1538619995117188,-4.278861999511719,0.9881666842258381,2.0000000596046448,True,3, Schl|üss|el,right,right,known,True,5.740880966186523,m,True,True,m,True
es,llave,f,key,classic,wiktionary:kaikki@2026-10-03,mid,4.26,key (to open doors),D,,,,,,-5.348153114318848,-7.861668586730957,-2.671692728996277,-0.10919274017214775,,0.9760631974245971,-2.562499988824129,True,2, ll|ave,right,right,known,True,-6.604910850524902,f,True,True,f,True
de,Brücke,f,bridge,classic,wiktionary:kaikki@2026-10-03,high,4.61,bridge,D,,,,,,-8.470296859741211,-4.161411285400391,-4.280215501785278,-0.03021549992263317,-6.030215501785278,0.9892462477681173,-4.250000001862645,True,3, Br|ück|e,right,right,known,True,-6.315854072570801,f,True,True,f,True
es,puente,m,bridge,classic,wiktionary:kaikki@2026-10-03,high,4.71,"bridge (construction spanning a waterway, ravine, or valley from an elevated height)",D,,,,,,4.485718727111816,4.341254234313965,-0.041833738796412945,-3.604333758354187,,0.988805803520758,3.562500019557774,True,2, pu|ente,right,right,known,True,4.413486480712891,m,True,True,m,True
de,Stein,m,stone,flipped,wiktionary:kaikki@2026-10-03,high,4.66,"stone, rock",,,,,,,6.832287788391113,4.212800979614258,-0.06197167560458183,-3.499471664428711,-4.186971664428711,0.9872628462205602,3.437499988824129,True,1, Stein,right,right,known,True,5.5225443840026855,m,True,True,m,True
es,piedra,f,stone,flipped,wiktionary:kaikki@2026-10-03,high,4.76,stone (hard earthen substance that can form large rocks),,,,a,yes,,-5.199794769287109,-5.446636199951172,-4.096615552902222,-0.03411552309989929,,0.984677820217009,-4.062500029802322,True,2, pied|ra,right,right,known,True,-5.323215484619141,f,True,True,f,True
de,Berg,m,mountain,flipped,wiktionary:kaikki@2026-10-03,high,4.62,"a mountain, hill",,,,,,,7.850303649902344,5.496051788330078,-0.0501453448086977,-3.550145387649536,-6.425145387649536,0.9854409484097844,3.5000000428408384,True,1, Berg,right,right,known,True,6.673177719116211,m,True,True,m,True
es,montaña,f,mountain,flipped,wiktionary:kaikki@2026-10-03,high,4.55,mountain,,,,a,yes,,-7.286619186401367,-7.959409713745117,-3.8029940128326416,-0.05299397185444832,,0.972263609356371,-3.7500000409781933,True,2, mont|aña,right,right,known,True,-7.623014450073242,f,True,True,f,True
de,Burg,f,castle,flipped,wiktionary:kaikki@2026-10-03,mid,4.38,"castle, fortification",,,,,,,-7.208993911743164,-4.039268493652344,-3.9774580001831055,-0.039957933127880096,-5.1024580001831055,0.9865598968463114,-3.9375000670552254,True,1, Burg,right,right,known,True,-5.624131202697754,f,True,True,f,True
es,castillo,m,castle,flipped,wiktionary:kaikki@2026-10-03,high,4.58,castle (a large building that is fortified and contains many defences),,,,o,yes,,9.139321327209473,7.1602630615234375,-0.03496404550969601,-4.284964084625244,,0.9794183747556638,4.250000039115548,True,2, cast|illo,right,right,known,True,8.149792194366455,m,True,True,m,True
de,Belastung,f,load,flipped,wiktionary:kaikki@2026-10-03,mid,4.25,"load, weight, pressure, strain",,,-ung,,,,-8.27274227142334,-4.564800262451172,-2.291517123579979,-0.9790170770138502,-5.916517019271851,0.9866939753929094,-1.3125000465661287,False,3, Bel|ast|ung,right,right,known,True,-6.418771266937256,f,True,True,f,True
es,cargamento,m,load,flipped,wiktionary:kaikki@2026-10-03,low,3.39,"load, freight, cargo",,,,o,yes,,4.906551361083984,7.373634338378906,-0.07092461362481117,-3.2584246397018433,,0.9700648323013856,3.187500026077032,True,2, carg|amento,right,right,known,True,6.140092849731445,m,True,True,m,True
de,Topf,m,pot,flipped,wiktionary:kaikki@2026-10-03,mid,4.06,"pot, jar (any flat-bottomed, usually open-topped vessel)",,,,,,,8.342530250549316,2.4797887802124023,-0.055022869259119034,-3.2425228357315063,-5.555022954940796,0.9903210465455754,3.1874999664723873,True,2, Top|f,right,right,known,True,5.411159515380859,m,True,True,m,True
es,olla,f,pot,flipped,wiktionary:kaikki@2026-10-03,mid,3.85,"pot, pan; kettle (vessel used for cooking food)",,,,a,yes,,-5.423315048217773,-5.468748092651367,-3.78985857963562,-0.039858561009168625,,0.9842180224588708,-3.7500000186264515,True,2, o|lla,right,right,known,True,-5.44603157043457,f,True,True,f,True
de,Leber,f,liver,flipped,wiktionary:kaikki@2026-10-03,mid,3.95,liver,,,,,,,-7.435556411743164,-4.434345245361328,-4.098877549171448,-0.03637744579464197,-5.598877668380737,0.9873867027149013,-4.062500103376806,True,2, Le|ber,right,right,known,True,-5.934950828552246,f,True,True,f,True
es,hígado,m,liver,flipped,wiktionary:kaikki@2026-10-03,mid,3.97,liver,,,,o,yes,,4.836824417114258,5.278072357177734,-0.02481688652187586,-4.899816989898682,,0.9830041642145285,4.875000103376806,True,3, h|íg|ado,right,right,known,True,5.057448387145996,m,True,True,m,True
de,Tastatur,f,keyboard,flipped,wiktionary:kaikki@2026-10-03,mid,3.95,"keyboard (on a computer, typewriter, etc.)",,,-ur,,,,-5.103696823120117,-0.9843406677246094,-4.96052360534668,-0.02302365191280842,-6.08552360534668,0.9876924185592446,-4.937499953433871,True,3, T|ast|atur,right,unsure,unsure,False,-3.0440187454223633,f,True,True,f,True
es,teclado,m,keyboard,flipped,wiktionary:kaikki@2026-10-03,mid,4.11,"keyboard (of a typewriter, piano, computer, etc.)",,,,o,yes,,4.849347114562988,8.527742385864258,-0.03126717917621136,-3.9687671661376953,,0.9899156446845516,3.937499986961484,True,2, te|clado,right,right,known,True,6.688544750213623,m,True,True,m,True
de,Lippe,f,lip,flipped,wiktionary:kaikki@2026-10-03,mid,3.91,lip,,,,,,,-2.7698259353637695,-2.8284549713134766,-3.382872700691223,-0.0703726802021265,-4.695372819900513,0.9833806603120969,-3.3125000204890966,True,2, Lip|pe,right,right,known,True,-2.799140453338623,f,True,True,f,True
es,labio,m,lip,flipped,wiktionary:kaikki@2026-10-03,mid,3.68,lip (fleshy protrusion around the opening of the mouth),,,,o,yes,,7.574741363525391,5.495874404907227,-0.10797084867954254,-2.6079708337783813,,0.9761701091976526,2.499999985098839,True,2, lab|io,right,right,known,True,6.535307884216309,m,True,True,m,True
de,Schrott,m,scrap,flipped,wiktionary:kaikki@2026-10-03,mid,3.86,"scrap; junk (discarded material, especially metal)",,,,,,,5.673253059387207,2.3826332092285156,-0.3809238225221634,-3.0059237480163574,-1.7559237778186798,0.9773631856711236,2.624999925494194,True,2, Sch|rott,right,right,known,True,4.027943134307861,m,True,True,m,True
es,chatarra,f,scrap,flipped,wiktionary:kaikki@2026-10-03,mid,3.57,scrap (metal),,,,a,yes,,-2.6548919677734375,-9.53773307800293,-2.8450852632522583,-0.09508527629077435,,0.9743911444115301,-2.749999986961484,True,2, chat|arra,right,right,known,True,-6.096312522888184,f,True,True,f,True
de,Fahrbahn,f,lane,flipped,wiktionary:kaikki@2026-10-03,mid,3.84,lane (of traffic in a road),,,,,,,-10.40489387512207,-5.218198776245117,-3.5473159551620483,-0.04731599614024162,-5.484816074371338,0.9869629417186976,-3.4999999590218067,True,3, Fah|rb|ahn,right,right,known,True,-7.811546325683594,f,True,True,f,True
es,carril,m,lane,flipped,wiktionary:kaikki@2026-10-03,mid,3.85,lane (a lengthwise division of roadway intended for a single line of vehicles),,,,other,,,3.546663284301758,5.305683135986328,-0.21919461712241173,-1.9066946506500244,,0.9820843825445296,1.6875000335276127,True,2, carr|il,right,right,known,True,4.426173210144043,m,True,True,m,True
de,Lunge,f,lung,flipped,wiktionary:kaikki@2026-10-03,mid,3.83,"lung, lungs",,,,,,,-5.0759992599487305,-7.144804000854492,-3.6193020343780518,-0.056801965460181236,-5.431802034378052,0.9823444469053664,-3.5625000689178705,True,2, L|unge,right,right,known,True,-6.110401630401611,f,True,True,f,True
es,pulmón,m,lung,flipped,wiktionary:kaikki@2026-10-03,mid,3.8,lung,,,,other,,,5.346820831298828,6.645561218261719,-0.08081525657325983,-4.330815315246582,,0.9374901773774331,4.250000058673322,True,3, pul|m|ón,right,right,known,True,5.996191024780273,m,True,True,m,True
de,Bauernhof,m,farm,flipped,wiktionary:kaikki@2026-10-03,mid,3.77,A farm.,,,,,,,7.696767807006836,4.953307151794434,-0.08422433584928513,-2.8342243432998657,-4.834224462509155,0.986190985587811,2.7500000074505806,True,3, Bau|ern|hof,right,right,known,True,6.325037479400635,m,True,True,m,True
es,granja,f,farm,flipped,wiktionary:kaikki@2026-10-03,mid,4.07,"farm, grange",,,,a,yes,,-6.011484146118164,-3.155132293701172,-4.776945352554321,-0.026945333927869797,,0.9819073043141274,-4.7500000186264515,True,2, gran|ja,right,right,known,True,-4.583308219909668,f,True,True,f,True
de,Matratze,f,mattress,flipped,wiktionary:kaikki@2026-10-03,mid,3.65,mattress (a pad often of soft cushiony material for sleeping on),,,,,,,-7.534452438354492,-6.488407135009766,-4.529882073402405,-0.029882226139307022,-6.279882192611694,0.9863653431142738,-4.499999847263098,True,3, Mat|rat|ze,right,right,known,True,-7.011429786682129,f,True,True,f,True
es,colchón,m,mattress,flipped,wiktionary:kaikki@2026-10-03,mid,3.7,mattress (pad on which a person can recline and sleep),,,,other,,,4.5345563888549805,2.9754257202148438,-0.045319924131035805,-3.48281991481781,,0.9864729474399379,3.4374999906867743,True,3, col|ch|ón,right,right,known,True,3.754991054534912,m,True,True,m,True
de,Baumwolle,f,cotton,flipped,wiktionary:kaikki@2026-10-03,mid,3.65,cotton (plant),,,,,,,-5.753711700439453,-8.098127365112305,-3.4706069231033325,-0.08682381920516491,-4.5868237018585205,0.9904911599451683,-3.3837831038981676,True,3, Baum|w|olle,right,right,known,True,-6.925919532775879,f,True,True,f,True
es,algodón,m,cotton,flipped,wiktionary:kaikki@2026-10-03,mid,4.09,"cotton (plant, textile fiber)",,,,other,,,2.766852378845215,3.35516357421875,-0.026722583919763565,-4.964222431182861,,0.9809561844526717,4.937499847263098,True,3, alg|od|ón,right,right,known,True,3.0610079765319824,m,True,True,m,True
de,Kompass,m,compass,flipped,wiktionary:kaikki@2026-10-03,mid,3.52,compass (navigational instrument),,,,,,,12.468689918518066,4.936626434326172,-0.07867773622274399,-2.8911776542663574,-5.0161778926849365,0.9865921303943523,2.8124999180436134,True,2, Kom|pass,right,right,known,True,8.70265817642212,m,True,True,m,True
es,brújula,f,compass,flipped,wiktionary:kaikki@2026-10-03,low,3.35,compass (device used to determine the cardinal directions),,,,a,yes,,-3.1715660095214844,-3.766836166381836,-3.070544481277466,-0.07054454274475574,,0.9786300467317961,-2.99999993853271,True,4, br|ú|j|ula,right,right,known,True,-3.46920108795166,f,True,True,f,True
de,Haube,f,bonnet,flipped,wiktionary:kaikki@2026-10-03,mid,3.51,"bonnet, cap",,,,,,,-7.856732368469238,-2.52581787109375,-4.160995125770569,-0.03599509038031101,-5.660995244979858,0.9869074845752528,-4.125000035390258,True,2, Ha|ube,right,right,known,True,-5.191275119781494,f,True,True,f,True
es,gorrito,m,bonnet,flipped,wiktionary:kaikki@2026-10-03,low,2.74,"bonnet, baby's bonnet",,,,o,yes,,4.686529159545898,3.996946334838867,-0.08078125678002834,-3.0182812213897705,,0.9826273265253509,2.937499964609742,True,2, gor|rito,right,right,known,True,4.341737747192383,m,True,True,m,True
de,Strang,m,thread,flipped,wiktionary:kaikki@2026-10-03,mid,3.5,thread,,,,,,,4.622285842895508,4.340524673461914,-0.11029025167226791,-2.860290288925171,-3.547790288925171,0.9848163275597412,2.750000037252903,True,2, Str|ang,right,right,known,True,4.481405258178711,m,True,True,m,True
es,hebra,f,thread,flipped,wiktionary:kaikki@2026-10-03,low,2.73,"thread, strand, filament",,,,a,yes,,-7.867434501647949,-3.0358238220214844,-2.7208480834960938,-0.09584805741906166,,0.9787906164565079,-2.625000026077032,True,2, he|bra,right,right,known,True,-5.451629161834717,f,True,True,f,True
de,Schaltung,f,circuit,flipped,wiktionary:kaikki@2026-10-03,low,3.44,circuit (electrical),,,-ung,,,,-9.230964660644531,-5.769460678100586,-3.6892848014831543,-0.06428467854857445,-4.876784801483154,0.9778196863534951,-3.62500012293458,True,2, Sch|altung,right,right,known,True,-7.500212669372559,f,True,True,f,True
es,circuito,m,circuit,flipped,wiktionary:kaikki@2026-10-03,mid,4.26,circuit,,,,o,yes,,6.661852836608887,6.7085981369018555,-0.02983375359326601,-4.217333793640137,,0.9856059100158533,4.187500040046871,True,2, circuit|o,right,right,known,True,6.685225486755371,m,True,True,m,True
de,Kutsche,f,carriage,flipped,wiktionary:kaikki@2026-10-03,low,3.43,"carriage, coach (a wagon, usually upholstered, pulled by horses)",,,,,,,-9.549696922302246,-5.0547027587890625,-4.34702742099762,-0.03452750016003847,-5.347027540206909,0.9886512827099727,-4.312499920837581,True,2, K|utsche,right,right,known,True,-7.302199840545654,f,True,True,f,True
es,carruaje,m,carriage,flipped,wiktionary:kaikki@2026-10-03,low,3.22,carriage,,,,other,,,-0.7169685363769531,-0.5557804107666016,-0.04783795680850744,-3.6103380918502808,,0.9846079330851094,3.5625001350417733,True,3, carr|u|aje,unsure,unsure,unsure,False,-0.6363744735717773,f,False,True,m,True
de,Spinat,m,spinach,flipped,wiktionary:kaikki@2026-10-03,low,3.41,spinach,,,,,,,2.145090103149414,3.739816665649414,-0.15164708346128464,-2.3391470909118652,-3.7141470909118652,0.9806952325595153,2.1875000074505806,True,2, Spin|at,right,right,known,True,2.942453384399414,m,True,True,m,True
es,espinaca,f,spinach,flipped,wiktionary:kaikki@2026-10-03,low,2.87,spinach,,,,a,yes,,-0.6908760070800781,-5.27825927734375,-2.9431567192077637,-0.1306566633284092,,0.9313523266107175,-2.8125000558793545,True,3, es|pin|aca,unsure,right,unsure,False,-2.984567642211914,f,True,True,f,True
de,Socke,f,sock,flipped,wiktionary:kaikki@2026-10-03,low,3.38,sock,,,,,,,-5.071922302246094,-3.585616111755371,-4.958806991577148,-0.021306845359504223,-6.208806991577148,0.9890866237436294,-4.937500146217644,True,3, S|ock|e,right,right,known,True,-4.328769207000732,f,True,True,f,True
es,calcetín,m,sock,flipped,wiktionary:kaikki@2026-10-03,low,3.0,sock,,,,other,,,5.0865373611450195,-0.00809478759765625,-0.27828430384397507,-4.090784311294556,,0.7794696345099889,3.8125000074505806,True,3, calc|et|ín,right,unsure,unsure,False,2.5392212867736816,m,True,False,m,True
de,Pranger,m,pillory,flipped,wiktionary:kaikki@2026-10-03,low,3.31,pillory; any construction to hold someone for public humiliation,,,,,,,6.49146842956543,4.787115097045898,-0.09707507491111755,-2.78457510471344,-4.2220752239227295,0.9841446896249382,2.6875000298023224,True,2, Pr|anger,right,right,known,True,5.639291763305664,m,True,True,m,True
es,picota,f,pillory,flipped,wiktionary:kaikki@2026-10-03,low,2.83,pillory,,,,a,yes,,-4.872611999511719,-4.078760147094727,-1.0314580649137497,-0.7189580798149109,,0.9628969098866678,-0.3124999850988388,False,2, pic|ota,right,right,known,True,-4.475686073303223,f,True,True,f,True
de,Veranda,f,veranda,flipped,wiktionary:kaikki@2026-10-03,low,3.31,veranda,,,,,,,-5.8470306396484375,-4.078112602233887,-3.435500979423523,-0.06050094962120056,-5.060500860214233,0.9822370539519064,-3.3750000298023224,True,2, Ver|anda,right,right,known,True,-4.962571620941162,f,True,True,f,True
es,porche,m,veranda,flipped,wiktionary:kaikki@2026-10-03,low,3.23,"veranda, verandah; stoop; porch",,,,other,,,1.6776514053344727,2.1931190490722656,-0.07185683771967888,-3.0718568563461304,,0.98016061320334,3.0000000186264515,True,2, por|che,right,right,known,True,1.9353852272033691,m,True,True,m,True
de,Schornstein,m,chimney,flipped,wiktionary:kaikki@2026-10-03,low,3.29,chimney,,,,,,,3.934234619140625,4.432186126708984,-0.06415059603750706,-3.12665057182312,-5.626650810241699,0.986403700552333,3.062499975785613,True,3, Sch|orn|stein,right,right,known,True,4.183210372924805,m,True,True,m,True
es,chimenea,f,chimney,flipped,wiktionary:kaikki@2026-10-03,mid,3.69,chimney,,,,a,yes,,-4.2161359786987305,-3.9787750244140625,-4.280290126800537,-0.03029010072350502,,0.9844333212302898,-4.250000026077032,True,3, chim|ene|a,right,right,known,True,-4.0974555015563965,f,True,True,f,True
de,Tanne,f,fir,flipped,wiktionary:kaikki@2026-10-03,low,3.26,fir (genus Abies),,,,,,,-6.420539855957031,-2.624776840209961,-4.095751404762268,-0.033251455053687096,-6.345751523971558,0.9897329511754338,-4.062499949708581,True,2, T|anne,right,right,known,True,-4.522658348083496,f,True,True,f,True
es,abeto,m,fir,flipped,wiktionary:kaikki@2026-10-03,low,2.79,fir,,,,o,yes,,6.325153350830078,6.752723693847656,-0.11518054269254208,-3.0526806116104126,,0.9658630204544848,2.9375000689178705,True,2, ab|eto,right,right,known,True,6.538938522338867,m,True,True,m,True
de,Vorrichtung,f,device,flipped,wiktionary:kaikki@2026-10-03,low,3.24,"device, rig, contrivance, facility",,,-ung,,,,-5.365232467651367,-1.7179927825927734,-4.598726749420166,-0.03622680064290762,-4.911226749420166,0.9843453610221473,-4.562499948777258,True,3, Vor|richt|ung,right,right,known,True,-3.5416126251220703,f,True,True,f,True
es,artefacto,m,device,flipped,wiktionary:kaikki@2026-10-03,low,3.45,"device, contraption",,,,o,yes,,4.754665374755859,3.8724746704101562,-0.10953463986515999,-2.7970346212387085,,0.9600906289450104,2.6874999813735485,True,3, arte|fact|o,right,right,known,True,4.313570022583008,m,True,True,m,True
de,Anhöhe,f,knoll,flipped,wiktionary:kaikki@2026-10-03,low,3.22,"knoll, hill, elevation, height",,,,,,,-7.421979904174805,-4.168134689331055,-3.019679069519043,-0.08217902854084969,-4.457178831100464,0.9838668331481231,-2.9375000409781933,True,4, An|h|ö|he,right,right,known,True,-5.79505729675293,f,True,True,f,True
es,otero,m,knoll,flipped,wiktionary:kaikki@2026-10-03,mid,3.51,knoll,,,,o,yes,,4.332502365112305,4.448333740234375,-0.15045779943466187,-2.900457739830017,,0.9162972009565582,2.7499999403953552,True,2, o|tero,right,right,known,True,4.39041805267334,m,True,True,m,True
de,Rosengarten,m,rose garden,flipped,wiktionary:kaikki@2026-10-03,low,3.21,rose garden,,,,,,,7.636064529418945,4.673393249511719,-0.09005630388855934,-3.215056300163269,-4.3400561809539795,0.967496410684539,3.1249999962747097,True,3, Ros|eng|arten,right,right,known,True,6.154728889465332,m,True,True,m,True
es,rosaleda,f,rose garden,flipped,wiktionary:kaikki@2026-10-03,low,2.6,rose garden,,,,a,yes,,-4.084980010986328,-2.593029022216797,-4.105463027954102,-0.04296307452023029,,0.9744715673931807,-4.062499953433871,True,3, ros|aled|a,right,right,known,True,-3.3390045166015625,f,True,True,f,True
de,Birke,f,birch,flipped,wiktionary:kaikki@2026-10-03,low,3.18,birch (tree),,,,,,,-10.877296447753906,-3.330738067626953,-3.3675020933151245,-0.05500209890305996,-5.805001974105835,0.9872203850512292,-3.3124999944120646,True,2, Bir|ke,right,right,known,True,-7.10401725769043,f,True,True,f,True
es,abedul,m,birch,flipped,wiktionary:kaikki@2026-10-03,low,2.58,birch,,,,other,,,0.0214996337890625,-0.07218742370605469,-0.027317285537719727,-5.52731728553772,,0.9782005111803267,5.5,True,3, ab|ed|ul,unsure,unsure,unsure,False,-0.025343894958496094,f,False,False,m,True
de,Milz,f,spleen,flipped,wiktionary:kaikki@2026-10-03,low,3.17,spleen,,,,,,,-4.9186296463012695,-3.222522735595703,-3.98406183719635,-0.046561725437641144,-5.23406195640564,0.9803078202562443,-3.937500111758709,True,2, Mil|z,right,right,known,True,-4.070576190948486,f,True,True,f,True
es,bazo,m,spleen,flipped,wiktionary:kaikki@2026-10-03,low,3.07,spleen,,,,o,yes,,5.130800247192383,1.859231948852539,-0.10038180090487003,-2.9753817319869995,,0.9652916772650568,2.8749999310821295,True,2, b|azo,right,right,known,True,3.495016098022461,m,True,True,m,True
de,Windel,f,diaper,flipped,wiktionary:kaikki@2026-10-03,low,3.17,"diaper, nappy",,,,,,,-7.741123199462891,-3.185861587524414,-4.223426461219788,-0.03592641279101372,-5.348426580429077,0.9865322555876314,-4.187500048428774,True,2, Wind|el,right,right,known,True,-5.463492393493652,f,True,True,f,True
es,pañal,m,diaper,flipped,wiktionary:kaikki@2026-10-03,low,3.2,"diaper, nappy",,,,other,,,4.790143966674805,6.148750305175781,-0.05853302218019962,-3.496032953262329,,0.9782307766907918,3.4374999310821295,True,3, pa|ñ|al,right,right,known,True,5.469447135925293,m,True,True,m,True
de,Petersilie,f,parsley,flipped,wiktionary:kaikki@2026-10-03,low,3.15,"parsley, Petroselinum crispum",,,,,,,-6.06037712097168,-5.900318145751953,-4.474695444107056,-0.03719548601657152,-5.724695444107056,0.9799789903236207,-4.437499958090484,True,3, Peters|il|ie,right,right,known,True,-5.980347633361816,f,True,True,f,True
es,perejil,m,parsley,flipped,wiktionary:kaikki@2026-10-03,low,3.29,parsley,,,,other,,,1.7839174270629883,0.4013519287109375,-0.03640896547585726,-4.1614089012146,,0.980932885092984,4.124999935738742,True,4, p|ere|j|il,right,unsure,unsure,False,1.092634677886963,m,True,True,m,True
de,Klitoris,f,clitoris,flipped,wiktionary:kaikki@2026-10-03,low,3.15,clitoris,,,,,,,0.6271152496337891,1.7786026000976562,-3.9341498613357544,-0.05914974771440029,-5.434149742126465,0.9704925144809022,-3.875000113621354,True,2, Kl|itoris,unsure,wrong,wrong,False,1.2028589248657227,m,False,True,f,True
es,clítoris,m,clitoris,flipped,wiktionary:kaikki@2026-10-03,low,3.13,clitoris,,,,other,,,1.1455059051513672,5.647130966186523,-0.084343820810318,-3.084343910217285,,0.9662466429242843,3.000000089406967,True,4, cl|í|tor|is,right,right,known,True,3.3963184356689453,m,True,True,m,True
de,Fährte,f,trail,flipped,wiktionary:kaikki@2026-10-03,low,3.1,trail; track,,,,,,,-10.779403686523438,-4.733085632324219,-3.3282922506332397,-0.07829222455620766,-4.70329213142395,0.9883743854914155,-3.250000026077032,True,3, F|ähr|te,right,right,known,True,-7.756244659423828,f,True,True,f,True
es,sendero,m,trail,flipped,wiktionary:kaikki@2026-10-03,mid,3.89,"trail, path, track (a route for travel over land)",,,,o,yes,,7.983939170837402,4.025365829467773,-0.03712670225650072,-3.849626660346985,,0.9858713936619266,3.812499958090484,True,2, sender|o,right,right,known,True,6.004652500152588,m,True,True,m,True
de,Waschlappen,m,flannel,flipped,wiktionary:kaikki@2026-10-03,low,3.06,"flannel, washcloth",,,,,,,8.678863525390625,3.3673152923583984,-0.11208100616931915,-2.5495810508728027,-4.424580931663513,0.9853291448774659,2.4375000447034836,True,3, Was|chl|appen,right,right,known,True,6.023089408874512,m,True,True,m,True
es,franela,f,flannel,flipped,wiktionary:kaikki@2026-10-03,low,2.91,"flannel (a soft cloth material originally woven from wool, today often combined with cotton or synthetic fibers)",,,,a,yes,,-3.456392288208008,-4.300128936767578,-2.043869912624359,-0.16886986792087555,,0.9750256634728729,-1.8750000447034836,True,2, fr|anela,right,right,known,True,-3.878260612487793,f,True,True,f,True
de,Stoßstange,f,bumper,flipped,wiktionary:kaikki@2026-10-03,low,3.05,bumper (of vehicle),,,,,,,-3.3078203201293945,-4.277830123901367,-3.0839970111846924,-0.0839969627559185,-4.958997011184692,0.985151906310346,-3.000000048428774,True,4, Sto|ß|st|ange,right,right,known,True,-3.792825222015381,f,True,True,f,True
es,parachoques,m,bumper,flipped,wiktionary:kaikki@2026-10-03,low,2.84,bumper,,,,other,,,6.795413970947266,4.873071670532227,-0.11656129360198975,-3.3665612936019897,,0.9267159990295128,3.25,True,3, par|acho|ques,right,right,known,True,5.834242820739746,m,True,True,m,True
de,Speiseröhre,f,oesophagus,flipped,wiktionary:kaikki@2026-10-03,low,3.0,oesophagus (tube that carries food from the pharynx to the stomach),,,,,,,-5.138064384460449,-6.18602180480957,-3.921595573425293,-0.04659556970000267,-6.109095573425293,0.9790808589436797,-3.8750000037252903,True,4, Spe|iser|öh|re,right,right,known,True,-5.66204309463501,f,True,True,f,True
es,esófago,m,oesophagus,flipped,wiktionary:kaikki@2026-10-03,low,3.02,"oesophagus, esophagus, gullet",,,,o,yes,,3.378176689147949,0.11753082275390625,-0.044724563136696815,-3.9197245836257935,,0.9761078260421663,3.8750000204890966,True,4, es|ó|f|ago,right,unsure,unsure,False,1.7478537559509277,m,True,True,m,True
de,Laufsteg,m,catwalk,flipped,wiktionary:kaikki@2026-10-03,low,3.0,"catwalk, runway (elevated stage on which models parade)",,,,,,,10.416180610656738,4.556770324707031,-0.14161791279911995,-2.2666178941726685,-4.516618013381958,0.9866785144986157,2.1249999813735485,True,4, La|uf|st|eg,right,right,known,True,7.486475467681885,m,True,True,m,True
es,pasarela,f,catwalk,flipped,wiktionary:kaikki@2026-10-03,low,3.43,catwalk,,,,a,yes,,-4.4838409423828125,-5.595905303955078,-3.908848285675049,-0.03384825214743614,,0.9867833395037371,-3.8750000335276127,True,3, pas|are|la,right,right,known,True,-5.039873123168945,f,True,True,f,True
de,Schlagstock,m,baton,flipped,wiktionary:kaikki@2026-10-03,low,2.95,"baton, truncheon, nightstick, bat, club, truncheon",,,,,,,9.174928665161133,4.471967697143555,-0.08622358739376068,-2.898723602294922,-4.586223602294922,0.9858790645193773,2.812500014901161,True,3, Sch|lag|stock,right,right,known,True,6.823448181152344,m,True,True,m,True
es,batuta,f,baton,flipped,wiktionary:kaikki@2026-10-03,low,3.07,baton (stick used by conductors),,,,a,yes,,-5.527935028076172,-4.645782470703125,-1.4065825939178467,-0.3440825715661049,,0.9829759113032563,-1.0625000223517418,True,2, bat|uta,right,right,known,True,-5.086858749389648,f,True,True,f,True
de,Bauchspeicheldrüse,f,pancreas,flipped,wiktionary:kaikki@2026-10-03,low,2.89,pancreas,,,,,,,-1.538839340209961,-3.412637710571289,-4.360146760940552,-0.04764682985842228,-6.297646760940552,0.9693717937254814,-4.3124999310821295,True,7, Ba|uch|spe|ich|eld|rü|se,right,right,known,True,-2.475738525390625,f,True,True,f,True
es,páncreas,m,pancreas,flipped,wiktionary:kaikki@2026-10-03,low,3.21,pancreas,,,,other,,,2.7388248443603516,2.0188045501708984,-0.02503297757357359,-5.025032997131348,,0.982058065900034,5.000000019557774,True,4, p|án|cre|as,right,right,known,True,2.378814697265625,m,True,True,m,True
de,Bohrmaschine,f,drill,flipped,wiktionary:kaikki@2026-10-03,low,2.87,drill (tool),,,,,,,-6.08113956451416,-4.722474098205566,-4.781169652938843,-0.03116948064416647,-5.656169652938843,0.9817866618980893,-4.750000172294676,True,4, Boh|r|mas|chine,right,right,known,True,-5.401806831359863,f,True,True,f,True
es,simulacro,m,drill,flipped,wiktionary:kaikki@2026-10-03,low,3.43,"drill, fire drill",,,,o,yes,,3.953890800476074,4.480537414550781,-0.05953081138432026,-3.4345308542251587,,0.9747104387590851,3.3750000428408384,True,2, simul|acro,right,right,known,True,4.217214107513428,m,True,True,m,True
de,Vogelscheuche,f,scarecrow,flipped,wiktionary:kaikki@2026-10-03,low,2.87,scarecrow,,,,,,,-3.815092086791992,-3.7431983947753906,-3.68873131275177,-0.0637314710766077,-4.81373143196106,0.9763261155131155,-3.6249998416751623,True,4, Vog|els|che|uche,right,right,known,True,-3.7791452407836914,f,True,True,f,True
es,espantapájaros,m,scarecrow,flipped,wiktionary:kaikki@2026-10-03,low,2.85,scarecrow,,,,other,,,4.876218795776367,1.8692989349365234,-0.04947143420577049,-4.174471378326416,,0.9690914925846166,4.1249999441206455,True,6, esp|ant|ap|á|jar|os,right,right,known,True,3.3727588653564453,m,True,True,m,True
de,Überbau,m,superstructure,flipped,wiktionary:kaikki@2026-10-03,low,2.87,superstructure (any material structure or edifice built on something else),,,,,,,7.143110275268555,3.5779037475585938,-0.8711706399917603,-0.6836706101894379,-3.1836706399917603,0.9760837172240113,-0.1875000298023224,False,2, Über|bau,right,right,known,True,5.360507011413574,m,True,True,f,False
es,superestructura,f,superstructure,flipped,wiktionary:kaikki@2026-10-03,low,2.72,superstructure (any structure built above the top full deck),,,,a,yes,,-4.722774505615234,-2.2402420043945312,-3.207408905029297,-0.08240896090865135,,0.9616606836725479,-3.1249999441206455,True,3, super|estruct|ura,right,right,known,True,-3.481508255004883,f,True,True,f,True
de,Aminosäure,f,amino acid,flipped,wiktionary:kaikki@2026-10-03,low,2.86,amino acid,,,,,,,0.8496456146240234,-5.3369140625,-4.96974515914917,-0.03224514331668615,-5.15724515914917,0.9816867014891644,-4.937500015832484,True,5, A|min|os|ä|ure,unsure,right,unsure,False,-2.2436342239379883,f,True,False,f,True
es,aminoácido,m,amino acid,flipped,wiktionary:kaikki@2026-10-03,low,2.66,amino acid,,,,o,yes,,4.176421165466309,3.3856067657470703,-0.0539602879434824,-4.17896032333374,,0.9633055701419468,4.125000035390258,True,3, amino|ác|ido,right,right,known,True,3.7810139656066895,m,True,True,m,True
de,Elektrode,f,electrode,flipped,wiktionary:kaikki@2026-10-03,low,2.83,electrode,,,,,,,-7.048627853393555,-3.401935577392578,-4.59114146232605,-0.02864139899611473,-5.59114146232605,0.9873270691104405,-4.562500063329935,True,4, Ele|kt|ro|de,right,right,known,True,-5.225281715393066,f,True,True,f,True
es,electrodo,m,electrode,flipped,wiktionary:kaikki@2026-10-03,low,2.83,electrode,,,,o,yes,,1.8188552856445312,1.37799072265625,-0.03515314310789108,-4.035153150558472,,0.9836875836726577,4.000000007450581,True,2, electro|do,right,right,known,True,1.5984230041503906,m,True,True,m,True
de,Minirock,m,miniskirt,flipped,wiktionary:kaikki@2026-10-03,low,2.82,miniskirt,,,,,,,6.104454040527344,0.5365180969238281,-0.16540852189064026,-2.102908492088318,-4.852908372879028,0.9837771796236569,1.9374999701976776,True,3, Min|iro|ck,right,unsure,unsure,False,3.320486068725586,m,True,True,m,True
es,minifalda,f,miniskirt,flipped,wiktionary:kaikki@2026-10-03,low,2.92,miniskirt,,,,a,yes,,-5.844097137451172,-3.5014572143554688,-3.736311674118042,-0.04881160892546177,,0.9773483014734351,-3.6875000651925802,True,4, min|if|al|da,right,right,known,True,-4.67277717590332,f,True,True,f,True
de,Kresse,f,cress,flipped,wiktionary:kaikki@2026-10-03,low,2.81,cress,,,,,,,-7.8497114181518555,-3.9632568359375,-4.2274534702301025,-0.039953398518264294,-5.0399534702301025,0.9856125864953229,-4.187500071711838,True,2, K|resse,right,right,known,True,-5.906484127044678,f,True,True,f,True
es,berro,m,cress,flipped,wiktionary:kaikki@2026-10-03,low,2.6,cress,,,,o,yes,,3.649911880493164,3.785860061645508,-0.06368434056639671,-3.5636844635009766,,0.9701786492814398,3.50000012293458,True,2, ber|ro,right,right,known,True,3.717885971069336,m,True,True,m,True
de,Kehlkopf,m,larynx,flipped,wiktionary:kaikki@2026-10-03,low,2.8,larynx,,,,,,,9.207290649414062,3.887969970703125,-0.1124124638736248,-2.612412452697754,-4.865196943283081,0.9797496780715221,2.499999988824129,True,5, K|eh|lk|op|f,right,right,known,True,6.547630310058594,m,True,True,m,True
es,laringe,f,larynx,flipped,wiktionary:kaikki@2026-10-03,low,2.81,larynx,,,,other,,,-4.750629425048828,-5.734508514404297,-3.367621898651123,-0.055121924728155136,,0.9814280283359349,-3.312499973922968,True,3, l|aring|e,right,right,known,True,-5.2425689697265625,f,True,True,f,True
de,Apfelwein,m,cider,flipped,wiktionary:kaikki@2026-10-03,low,2.79,"cider, apple cider",,,,,,,5.667463302612305,2.0511131286621094,-0.1139058955013752,-2.738905906677246,-3.738905906677246,0.9812366938225243,2.625000011175871,True,4, Ap|fel|we|in,right,right,known,True,3.859288215637207,m,True,True,m,True
es,sidra,f,cider,flipped,wiktionary:kaikki@2026-10-03,low,3.27,cider,,,,a,yes,,-2.3618478775024414,-2.008871078491211,-1.9408342838287354,-0.19083429127931595,,0.9708100700749818,-1.7499999925494194,True,2, sid|ra,right,right,known,True,-2.185359477996826,f,True,True,f,True
de,Tulpe,f,tulip,flipped,wiktionary:kaikki@2026-10-03,low,2.77,tulip,,,,,,,-5.07691764831543,-2.9152183532714844,-4.52384090423584,-0.02384092938154936,-6.33634090423584,0.9898254473234056,-4.4999999748542905,True,2, Tul|pe,right,right,known,True,-3.996068000793457,f,True,True,f,True
es,tulipán,m,tulip,flipped,wiktionary:kaikki@2026-10-03,low,2.58,tulip,,,,other,,,5.008855819702148,1.7399415969848633,-0.05119393952190876,-3.926193952560425,,0.9737249222042735,3.875000013038516,True,3, tul|ip|án,right,right,known,True,3.374398708343506,m,True,True,m,True
de,Schützengraben,m,trench,flipped,wiktionary:kaikki@2026-10-03,low,2.74,trench,,,,,,,9.88722038269043,6.504785537719727,-0.1099027544260025,-2.7349027395248413,-4.172402739524841,0.9769545136580158,2.624999985098839,True,6, Sch|üt|z|eng|r|aben,right,right,known,True,8.196002960205078,m,True,True,m,True
es,trinchera,f,trench,flipped,wiktionary:kaikki@2026-10-03,low,3.33,"trench, ditch",,,,a,yes,,-5.868547439575195,-7.766347885131836,-2.0082114934921265,-0.19571151584386826,,0.9621554079482881,-1.8124999776482582,True,3, tr|inch|era,right,right,known,True,-6.817447662353516,f,True,True,f,True
de,Apsis,f,apse,flipped,wiktionary:kaikki@2026-10-03,low,2.72,apse (a semicircular projection from a building),,,,,,,-1.2061767578125,-2.420614242553711,-2.743407964706421,-0.1184079758822918,-4.805907964706421,0.9731894004860961,-2.624999988824129,True,3, A|ps|is,right,right,known,True,-1.8133955001831055,f,True,True,f,True
es,ábside,m,apse,flipped,wiktionary:kaikki@2026-10-03,low,2.69,apse,,,,other,,,6.774747848510742,6.862178802490234,-1.0571160167455673,-1.0571160316467285,,0.9783475533728453,1.4901161193847656e-08,False,3, á|bs|ide,right,right,known,True,6.818463325500488,m,True,True,m,True
de,Baldrian,m,valerian,flipped,wiktionary:kaikki@2026-10-03,low,2.72,valerian (Valeriana officinalis),,,,,,,8.032964706420898,2.4063587188720703,-0.43411239981651306,-1.8716124296188354,-1.7466123700141907,0.9789731744621784,1.4375000298023224,True,2, Bald|rian,right,right,known,True,5.219661712646484,m,True,True,m,True
es,valeriana,f,valerian,flipped,wiktionary:kaikki@2026-10-03,low,2.62,valerian,,,,a,yes,,-6.347782135009766,-0.9008407592773438,-2.899118185043335,-0.08661824464797974,,0.9730164232114461,-2.8124999403953552,True,3, val|er|iana,right,unsure,unsure,False,-3.6243114471435547,f,True,True,f,True
de,Fingernagel,m,fingernail,flipped,wiktionary:kaikki@2026-10-03,low,2.7,fingernail,,,,,,,9.962371826171875,5.913816452026367,-0.11132195964455605,-2.5488219261169434,-4.486321926116943,0.9843215501457331,2.4374999664723873,True,5, F|ing|ern|ag|el,right,right,known,True,7.938094139099121,m,True,True,m,True
es,uña,f,fingernail,flipped,wiktionary:kaikki@2026-10-03,mid,3.51,"fingernail, toenail, nail",,,,a,yes,,-3.874500274658203,-3.6661109924316406,-3.2615017890930176,-0.07400174252688885,,0.9760232275356614,-3.1875000465661287,True,2, u|ña,right,right,known,True,-3.770305633544922,f,True,True,f,True
de,Anrichte,f,sideboard,flipped,wiktionary:kaikki@2026-10-03,low,2.66,sideboard,,,,,,,-5.628564834594727,-6.874950408935547,-3.557159900665283,-0.057159824296832085,-4.869659900665283,0.9841747408236597,-3.500000076368451,True,3, An|richt|e,right,right,known,True,-6.251757621765137,f,True,True,f,True
es,aparador,m,sideboard,flipped,wiktionary:kaikki@2026-10-03,low,2.62,sideboard,,,,other,,,3.5356884002685547,5.974605560302734,-0.04447729606181383,-3.669477343559265,,0.9851584125624648,3.6250000474974513,True,2, apar|ador,right,right,known,True,4.7551469802856445,m,True,True,m,True
de,Staffelei,f,easel,flipped,wiktionary:kaikki@2026-10-03,low,2.62,easel,,,-ei,,,,-4.921566009521484,-4.262882232666016,-4.35226845741272,-0.03976830095052719,-5.03976845741272,0.9824269611573586,-4.3125001564621925,True,3, Staff|ele|i,right,right,known,True,-4.59222412109375,f,True,True,f,True
es,caballete,m,easel,flipped,wiktionary:kaikki@2026-10-03,low,2.74,easel,,,,other,,,5.42994499206543,3.7637157440185547,-0.06691484525799751,-3.1294147968292236,,0.9791143335843033,3.062499951571226,True,3, cab|al|lete,right,right,known,True,4.596830368041992,m,True,True,m,True
de,Heilanstalt,f,sanatorium,flipped,wiktionary:kaikki@2026-10-03,low,2.57,sanatorium,,,,,,,-11.117856979370117,-6.257144927978516,-4.471083164215088,-0.03358324337750673,-5.283583164215088,0.9836827958302319,-4.437499920837581,True,4, He|il|anst|alt,right,right,known,True,-8.687500953674316,f,True,True,f,True
es,sanatorio,m,sanatorium,flipped,wiktionary:kaikki@2026-10-03,low,3.35,sanatorium,,,,o,yes,,8.021781921386719,7.751241683959961,-0.03149671945720911,-4.65649676322937,,0.9787922524525057,4.625000043772161,True,2, san|atorio,right,right,known,True,7.88651180267334,m,True,True,m,True
de,Pantoffel,m,slipper,flipped,wiktionary:kaikki@2026-10-03,low,2.56,slipper (indoor shoe),,,,,,,2.750080108642578,0.5336723327636719,-2.193915992975235,-0.4439159519970417,-5.693916082382202,0.9864670049284598,-1.7500000409781933,False,3, Pant|off|el,right,unsure,unsure,False,1.641876220703125,m,True,True,f,False
es,chancla,f,slipper,flipped,wiktionary:kaikki@2026-10-03,low,2.65,slipper,,,,a,yes,,-0.5011024475097656,-1.3292484283447266,-2.2169083952903748,-0.15440840646624565,,0.9706364945958359,-2.062499988824129,True,2, chan|cla,unsure,right,unsure,False,-0.9151754379272461,f,True,True,f,True
de,Ulme,f,elm,flipped,wiktionary:kaikki@2026-10-03,low,2.53,elm (tree),,,,,,,-4.83489990234375,-4.471015930175781,-3.136632561683655,-0.07413258031010628,-5.261632680892944,0.9839467692922633,-3.0624999813735485,True,2, Ul|me,right,right,known,True,-4.652957916259766,f,True,True,f,True
es,olmo,m,elm,flipped,wiktionary:kaikki@2026-10-03,low,3.27,elm,,,,o,yes,,6.45758056640625,6.804971694946289,-0.020385597832500935,-6.0203857421875,,0.9829673718748217,6.000000144354999,True,2, ol|mo,right,right,known,True,6.6312761306762695,m,True,True,m,True
de,Hals,m,neck,control,wiktionary:kaikki@2026-10-03,mid,4.46,neck,,,,,,,10.751029014587402,1.3957595825195312,-0.07441689074039459,-2.8869168758392334,-5.261916875839233,0.9902255687469717,2.812499985098839,True,2, H|als,right,right,known,True,6.073394298553467,m,True,True,m,True
es,cuello,m,neck,control,wiktionary:kaikki@2026-10-03,high,4.62,neck (part of body connecting the head and the torso),,,,o,yes,,7.241521835327148,4.024757385253906,-0.05700796656310558,-3.244507908821106,,0.9872140534178504,3.1874999422580004,True,3, c|uel|lo,right,right,known,True,5.633139610290527,m,True,True,m,True
de,Magen,m,stomach,control,wiktionary:kaikki@2026-10-03,mid,4.23,"stomach, maw",,,,,,,16.963294982910156,3.273181915283203,-0.04930546693503857,-3.611805558204651,-5.42430567741394,0.9880830639779195,3.5625000912696123,True,2, Mag|en,right,right,known,True,10.11823844909668,m,True,True,m,True
es,estómago,m,stomach,control,wiktionary:kaikki@2026-10-03,mid,4.13,stomach (an organ in animals that stores food in the process of digestion),,,,o,yes,,4.8749494552612305,4.889381408691406,-0.038253260776400566,-3.8507531881332397,,0.9841005389476406,3.812499927356839,True,3, est|óm|ago,right,right,known,True,4.882165431976318,m,True,True,m,True
de,Treppe,f,stairs,control,wiktionary:kaikki@2026-10-03,mid,4.19,stairs,,,,,,,-3.1436567306518555,-0.4260063171386719,-4.343604326248169,-0.031104426831007004,-6.781104326248169,0.9879581854606406,-4.312499899417162,True,3, T|rep|pe,right,unsure,unsure,False,-1.7848315238952637,f,True,True,f,True
es,escalera,f,stairs,control,wiktionary:kaikki@2026-10-03,mid,4.14,stairs,,,,a,yes,,-6.901126861572266,-2.86484432220459,-3.4999661445617676,-0.06246611475944519,,0.9710952564323622,-3.4375000298023224,True,2, escal|era,right,right,known,True,-4.882985591888428,f,True,True,f,True
de,Supermarkt,m,supermarket,control,wiktionary:kaikki@2026-10-03,mid,4.17,supermarket,,,,,,,9.415383338928223,6.782400131225586,-0.07261140272021294,-2.947611451148987,-5.885111331939697,0.987026530639491,2.875000048428774,True,2, Super|markt,right,right,known,True,8.098891735076904,m,True,True,m,True
es,supermercado,m,supermarket,control,wiktionary:kaikki@2026-10-03,mid,3.91,supermarket,,,,o,yes,,5.888692855834961,6.011058807373047,-0.03817511722445488,-4.100675106048584,,0.9791378004175193,4.062499988824129,True,3, super|merc|ado,right,right,known,True,5.949875831604004,m,True,True,m,True
de,Schrank,m,cabinet,control,wiktionary:kaikki@2026-10-03,mid,4.14,"cabinet (storage closet either separate from, or built into, a wall), or (specifically):",,,,,,,10.39937686920166,4.140247344970703,-0.05002240277826786,-3.3625223636627197,-6.17502236366272,0.9887838637176474,3.312499960884452,True,2, Sch|rank,right,right,known,True,7.269812107086182,m,True,True,m,True
es,gabinete,m,cabinet,control,wiktionary:kaikki@2026-10-03,mid,4.34,cabinet (all senses),,,,other,,,4.046566009521484,4.500398635864258,-0.05140585079789162,-3.4264057874679565,,0.9846386034897197,3.374999936670065,True,3, g|abin|ete,right,right,known,True,4.273482322692871,m,True,True,m,True
de,Kapelle,f,chapel,control,wiktionary:kaikki@2026-10-03,mid,4.07,chapel,,,,,,,-7.572539329528809,-5.502277374267578,-3.979592204093933,-0.04209222085773945,-5.2295920848846436,0.9858882200587648,-3.9374999832361937,True,2, Kap|elle,right,right,known,True,-6.537408351898193,f,True,True,f,True
es,capilla,f,chapel,control,wiktionary:kaikki@2026-10-03,mid,4.1,chapel,,,,a,yes,,-4.607733726501465,-3.451295852661133,-4.156234979629517,-0.03123500570654869,,0.9854001912999748,-4.124999973922968,True,2, cap|illa,right,right,known,True,-4.029514789581299,f,True,True,f,True
de,Palast,m,palace,control,wiktionary:kaikki@2026-10-03,mid,4.02,palace,,,,,,,7.891510963439941,2.0035266876220703,-0.05773654952645302,-3.30773663520813,-4.68273663520813,0.9903049262751469,3.250000085681677,True,2, Pal|ast,right,right,known,True,4.947518825531006,m,True,True,m,True
es,palacio,m,palace,control,wiktionary:kaikki@2026-10-03,high,4.67,palace,,,,o,yes,,4.540244102478027,5.752352714538574,-0.024598823860287666,-4.462098836898804,,0.9874423587187076,4.437500013038516,True,2, pal|acio,right,right,known,True,5.146298408508301,m,True,True,m,True
de,Schädel,m,skull,control,wiktionary:kaikki@2026-10-03,mid,4.01,skull,,,,,,,8.278735160827637,4.337672233581543,-0.05479838885366917,-3.4297983646392822,-4.742298364639282,0.9878063272480364,3.374999975785613,True,3, Sch|ä|del,right,right,known,True,6.30820369720459,m,True,True,m,True
es,cráneo,m,skull,control,wiktionary:kaikki@2026-10-03,mid,3.86,"skull, cranium",,,,o,yes,,7.856016159057617,7.278564453125,-0.046303339302539825,-3.6088032722473145,,0.9823050087269751,3.5624999329447746,True,3, cr|á|neo,right,right,known,True,7.567290306091309,m,True,True,m,True
de,Rückstand,m,residue,control,wiktionary:kaikki@2026-10-03,mid,3.95,residue,,,,,,,7.7677001953125,4.2204742431640625,-0.06019205041229725,-3.3726919889450073,-4.560192108154297,0.9872326728977817,3.31249993853271,True,2, Rück|stand,right,right,known,True,5.994087219238281,m,True,True,m,True
es,residuo,m,residue,control,wiktionary:kaikki@2026-10-03,low,3.29,"residue, remainder",,,,o,yes,,6.229549407958984,8.21604061126709,-0.04385862499475479,-3.731358766555786,,0.9822081139236409,3.6875001415610313,True,2, resid|uo,right,right,known,True,7.222795009613037,m,True,True,m,True
de,Laufbahn,f,track,control,wiktionary:kaikki@2026-10-03,mid,3.85,track,,,,,,,-6.912822723388672,-5.374967575073242,-2.7273324728012085,-0.10233249887824059,-4.414832592010498,0.9845558969722583,-2.624999973922968,True,4, La|uf|b|ahn,right,right,known,True,-6.143895149230957,f,True,True,f,True
es,pista,f,track,control,wiktionary:kaikki@2026-10-03,high,4.55,"track, course, trail",,,,a,yes,,-4.681169509887695,-7.8107099533081055,-3.852140188217163,-0.03964031860232353,,0.9857406932449599,-3.8124998696148396,True,2, p|ista,right,right,known,True,-6.2459397315979,f,True,True,f,True
de,Kneipe,f,pub,control,wiktionary:kaikki@2026-10-03,mid,3.83,"pub, bar",,,,,,,-5.8791961669921875,-3.2285308837890625,-4.531264066696167,-0.03126393910497427,-5.906264066696167,0.9841504094472104,-4.500000127591193,True,3, K|ne|ipe,right,right,known,True,-4.553863525390625,f,True,True,f,True
es,taberna,f,pub,control,wiktionary:kaikki@2026-10-03,low,3.43,"pub, tavern",,,,a,yes,,-5.485589981079102,-6.325787544250488,-3.1908798217773438,-0.06587984599173069,,0.9776872527153233,-3.124999975785613,True,2, tab|erna,right,right,known,True,-5.905688762664795,f,True,True,f,True
de,Wasserstoff,m,hydrogen,control,wiktionary:kaikki@2026-10-03,mid,3.77,hydrogen; the lightest and most common element in the universe with the atomic number 1,,,,,,,7.85527229309082,1.3831806182861328,-0.20526618137955666,-4.205266237258911,-2.0802661180496216,0.975909887545285,4.0000000558793545,True,2, Wasser|stoff,right,right,known,True,4.619226455688477,m,True,True,m,True
es,hidrógeno,m,hydrogen,control,wiktionary:kaikki@2026-10-03,mid,3.61,hydrogen,,,,o,yes,,6.913819313049316,5.478939056396484,-0.026166330091655254,-6.588666200637817,,0.9756989767742414,6.562499870546162,True,4, hid|ró|gen|o,right,right,known,True,6.1963791847229,m,True,True,m,True
de,Weizen,m,wheat,control,wiktionary:kaikki@2026-10-03,mid,3.76,wheat,,,,,,,10.27033805847168,5.705661773681641,-0.20293980836868286,-2.265439748764038,-2.827939748764038,0.9839919111194011,2.0624999403953552,True,2, We|izen,right,right,known,True,7.98799991607666,m,True,True,m,True
es,trigo,m,wheat,control,wiktionary:kaikki@2026-10-03,mid,4.05,wheat,,,,o,yes,,5.692066192626953,5.016326904296875,-0.039069841615855694,-4.289069890975952,,0.9758538187948713,4.2500000493600965,True,2, tr|igo,right,right,known,True,5.354196548461914,m,True,True,m,True
de,Speck,m,bacon,control,wiktionary:kaikki@2026-10-03,mid,3.73,"bacon, fatty cellular tissue under the porkrind",,,,,,,7.253718376159668,1.1615924835205078,-0.1700172983109951,-2.79501736164093,-2.67001736164093,0.9823602218560312,2.625000063329935,True,2, Spe|ck,right,right,known,True,4.207655429840088,m,True,True,m,True
es,tocino,m,bacon,control,wiktionary:kaikki@2026-10-03,low,3.32,bacon,,,,o,yes,,4.9874114990234375,4.766460418701172,-0.04278777167201042,-3.9177879095077515,,0.9786138567960161,3.875000137835741,True,2, toc|ino,right,right,known,True,4.876935958862305,m,True,True,m,True
de,Konsole,f,console,control,wiktionary:kaikki@2026-10-03,mid,3.73,console,,,,,,,-5.000602722167969,-4.029117584228516,-3.910865902900696,-0.035865990445017815,-5.598366022109985,0.9910552512572499,-3.874999912455678,True,2, Kon|sole,right,right,known,True,-4.514860153198242,f,True,True,f,True
es,consola,f,console,control,wiktionary:kaikki@2026-10-03,mid,3.91,console,,,,a,yes,,-6.648602485656738,-5.3696393966674805,-2.1969704627990723,-0.13447042927145958,,0.9870563700595656,-2.0625000335276127,True,2, cons|ola,right,right,known,True,-6.009120941162109,f,True,True,f,True
de,Oberschenkel,m,thigh,control,wiktionary:kaikki@2026-10-03,mid,3.67,thigh (upper leg),,,,,,,3.9724273681640625,4.427635192871094,-1.490223191678524,-1.1777231879532337,-5.052723407745361,0.9810195284471892,-0.3125000037252903,False,4, O|bers|chen|kel,right,right,known,True,4.200031280517578,m,True,True,f,False
es,muslo,m,thigh,control,wiktionary:kaikki@2026-10-03,low,3.35,"thigh (upper leg of a human, between the hip and the knee)",,,,o,yes,,7.229745864868164,5.169185638427734,-0.052345093339681625,-3.364845037460327,,0.9836396655506093,3.3124999441206455,True,2, mus|lo,right,right,known,True,6.199465751647949,m,True,True,m,True
de,Birne,f,pear,control,wiktionary:kaikki@2026-10-03,mid,3.6,pear,,,,,,,-7.208553314208984,-3.6986255645751953,-4.712341547012329,-0.024841487407684326,-6.149841547012329,0.9874637552482008,-4.687500059604645,True,2, Bir|ne,right,right,known,True,-5.45358943939209,f,True,True,f,True
es,pera,f,pear,control,wiktionary:kaikki@2026-10-03,mid,3.61,pear,,,,a,yes,,-2.5880966186523438,-5.57701301574707,-4.006752967834473,-0.06925290822982788,,0.9521684679184649,-3.9375000596046448,True,2, per|a,right,right,known,True,-4.082554817199707,f,True,True,f,True
de,Gletscher,m,glacier,control,wiktionary:kaikki@2026-10-03,mid,3.58,glacier,,,,,,,4.066289901733398,2.3076610565185547,-1.0034569948911667,-1.5659570321440697,-5.753457069396973,0.9832388205724305,0.562500037252903,False,3, G|lets|cher,right,right,known,True,3.1869754791259766,m,True,True,m,True
es,glaciar,m,glacier,control,wiktionary:kaikki@2026-10-03,low,3.27,glacier,,,,other,,,1.1866559982299805,3.606332778930664,-0.06389625184237957,-3.438896417617798,,0.9793212718558679,3.3750001657754183,True,2, glac|iar,right,right,known,True,2.3964943885803223,m,True,True,m,True
de,Schlucht,f,canyon,control,wiktionary:kaikki@2026-10-03,mid,3.57,"canyon, chasm, gorge, ravine",,,,,,,-9.839400291442871,-3.4382476806640625,-3.0848742723464966,-0.08487423695623875,-4.522374153137207,0.9844047017087039,-3.000000035390258,True,2, Schl|ucht,right,right,known,True,-6.638823986053467,f,True,True,f,True
es,barranca,f,canyon,control,wiktionary:kaikki@2026-10-03,low,3.17,"canyon, ravine, barranca",,,,a,yes,,-6.032320022583008,-6.5720672607421875,-2.218059778213501,-0.15555983036756516,,0.9740987154338556,-2.062499947845936,True,2, barr|anca,right,right,known,True,-6.302193641662598,f,True,True,f,True
de,Leuchtturm,m,lighthouse,control,wiktionary:kaikki@2026-10-03,mid,3.56,lighthouse,,,,,,,8.228906631469727,7.821890830993652,-0.0813005231320858,-2.8938006162643433,-4.768800497055054,0.9867161601603769,2.8125000931322575,True,4, Le|uch|tt|urm,right,right,known,True,8.02539873123169,m,True,True,m,True
es,faro,m,lighthouse,control,wiktionary:kaikki@2026-10-03,mid,3.74,lighthouse,,,,o,yes,,2.3155746459960938,4.236543655395508,-0.06496548652648926,-3.1274654865264893,,0.9829998473342538,3.0625,True,2, far|o,right,right,known,True,3.276059150695801,m,True,True,m,True
de,Schachtel,f,small,control,wiktionary:kaikki@2026-10-03,mid,3.51,"a small, usually square box, package or case",,,,,,,-10.687250137329102,-5.029151916503906,-4.896737813949585,-0.02173786237835884,-6.084237813949585,0.9892305521388611,-4.874999951571226,True,3, Sch|acht|el,right,right,known,True,-7.858201026916504,f,True,True,f,True
es,fonda,f,small,control,wiktionary:kaikki@2026-10-03,low,3.25,"small, inexpensive restaurant",,,,a,yes,,-1.5092792510986328,-3.5670642852783203,-1.7901919484138489,-0.22769196331501007,,0.9657277197940446,-1.5624999850988388,True,2, f|onda,right,right,known,True,-2.5381717681884766,f,True,True,f,True
de,Urne,f,urn,control,wiktionary:kaikki@2026-10-03,low,3.46,urn,,,,,,,-6.543954849243164,-6.26685905456543,-4.712334871292114,-0.02483501937240362,-5.712334871292114,0.9892590905612485,-4.687499851919711,True,2, Ur|ne,right,right,known,True,-6.405406951904297,f,True,True,f,True
es,urna,f,urn,control,wiktionary:kaikki@2026-10-03,mid,3.56,urn,,,,a,yes,,-2.6075830459594727,-4.695369720458984,-3.3678961992263794,-0.05539628490805626,,0.9806394215962516,-3.312499914318323,True,2, urn|a,right,right,known,True,-3.6514763832092285,f,True,True,f,True
de,Kugelschreiber,m,ballpoint pen,control,wiktionary:kaikki@2026-10-03,low,3.41,"ballpoint pen, biro",,,,,,,6.604316711425781,2.999055862426758,-0.1469706930220127,-2.209470748901367,-5.021970748901367,0.9818000887330479,2.0625000558793545,True,6, K|ug|els|ch|re|iber,right,right,known,True,4.8016862869262695,m,True,True,m,True
es,bolígrafo,m,ballpoint pen,control,wiktionary:kaikki@2026-10-03,low,3.14,ballpoint pen,,,,o,yes,,5.434625625610352,4.275665283203125,-0.03346165455877781,-4.345961570739746,,0.983194076105767,4.312499916180968,True,4, bol|í|gra|fo,right,right,known,True,4.855145454406738,m,True,True,m,True
de,Ingwer,m,ginger,control,wiktionary:kaikki@2026-10-03,low,3.37,ginger,,,,,,,7.777750015258789,3.4339828491210938,-0.15589894354343414,-2.468398928642273,-3.280898928642273,0.9826089362196629,2.312499985098839,True,2, Ing|wer,right,right,known,True,5.605866432189941,m,True,True,m,True
es,jengibre,m,ginger,control,wiktionary:kaikki@2026-10-03,low,3.23,ginger,,,,other,,,2.434556007385254,2.896862030029297,-0.0772841852158308,-3.0772842168807983,,0.9731128375941109,3.0000000316649675,True,3, j|eng|ibre,right,right,known,True,2.6657090187072754,m,True,True,m,True
de,Schlachthof,m,slaughterhouse,control,wiktionary:kaikki@2026-10-03,low,3.26,slaughterhouse,,,,,,,9.925421714782715,3.231485366821289,-0.10845816135406494,-2.608458161354065,-4.6709582805633545,0.9827687439675579,2.5,True,4, Schl|ach|th|of,right,right,known,True,6.578453540802002,m,True,True,m,True
es,matadero,m,slaughterhouse,control,wiktionary:kaikki@2026-10-03,low,3.41,"slaughterhouse, abattoir",,,,o,yes,,5.056524276733398,6.47325325012207,-0.03728347830474377,-4.162283420562744,,0.9789769818215601,4.124999942258,True,2, mat|adero,right,right,known,True,5.764888763427734,m,True,True,m,True
de,Traube,f,grape,control,wiktionary:kaikki@2026-10-03,low,3.25,grape,,,,,,,-9.062891960144043,-5.085931777954102,-4.712489008903503,-0.024988954421132803,-6.087488889694214,0.9897784679936454,-4.687500054482371,True,2, Tra|ube,right,right,known,True,-7.074411869049072,f,True,True,f,True
es,uva,f,grape,control,wiktionary:kaikki@2026-10-03,mid,3.81,grape,,,,a,yes,,-3.7917556762695312,-4.843420028686523,-3.6437764167785645,-0.08127648010849953,,0.9493438999117024,-3.562499936670065,True,2, u|va,right,right,known,True,-4.317587852478027,f,True,True,f,True
de,Kontrabass,m,double bass,control,wiktionary:kaikki@2026-10-03,low,3.19,double bass (a large stringed instrument),,,,,,,3.0215797424316406,5.710054397583008,-0.10577516257762909,-2.6057751178741455,-4.4807751178741455,0.9860889753303503,2.4999999552965164,True,4, Kon|tr|ab|ass,right,right,known,True,4.365817070007324,m,True,True,m,True
es,contrabajo,m,double bass,control,wiktionary:kaikki@2026-10-03,low,2.77,double bass,,,,o,yes,,4.905101776123047,5.831460952758789,-0.06139529496431351,-3.311395287513733,,0.9780387801428251,3.2499999925494194,True,2, contr|abajo,right,right,known,True,5.368281364440918,m,True,True,m,True
de,Brokkoli,m,broccoli,control,wiktionary:kaikki@2026-10-03,low,3.17,broccoli,,,,,,,0.7395639419555664,2.476034164428711,-0.1602490320801735,-2.3477489948272705,-3.53524911403656,0.9805343025071143,2.187499962747097,True,3, Bro|kk|oli,unsure,right,unsure,False,1.6077990531921387,m,True,True,m,True
es,brócoli,m,broccoli,control,wiktionary:kaikki@2026-10-03,low,2.95,broccoli,,,,other,,,4.254631042480469,2.363330841064453,-0.040463097393512726,-4.227962970733643,,0.9763275999129712,4.18749987334013,True,3, br|ó|coli,right,right,known,True,3.308980941772461,m,True,True,m,True
de,Sud,m,broth,control,wiktionary:kaikki@2026-10-03,low,3.14,"broth, stock, brew (liquid that remains after cooking, boiling)",,,,,,,5.505260467529297,3.007923126220703,-0.2604766860604286,-3.0104767084121704,-2.0729766488075256,0.9859733245907139,2.750000022351742,True,1, Sud,right,right,known,True,4.256591796875,m,True,True,m,True
es,bodrio,m,broth,control,wiktionary:kaikki@2026-10-03,low,2.58,broth,,,,o,yes,,5.695215225219727,5.434476852416992,-0.21602754294872284,-1.903527557849884,,0.9550133070667061,1.6875000149011612,True,2, bod|rio,right,right,known,True,5.564846038818359,m,True,True,m,True
de,Rippe,f,rib,control,wiktionary:kaikki@2026-10-03,low,3.13,rib,,,,,,,-5.96939754486084,-2.129087448120117,-4.038946747779846,-0.038946764543652534,-5.351446866989136,0.9877168657066019,-3.9999999832361937,True,2, Rip|pe,right,right,known,True,-4.0492424964904785,f,True,True,f,True
es,costilla,f,rib,control,wiktionary:kaikki@2026-10-03,low,3.34,rib,,,,a,yes,,-5.234273910522461,-3.4206161499023438,-3.016861319541931,-0.0793613400310278,,0.9771875499219034,-2.9374999795109034,True,2, cost|illa,right,right,known,True,-4.327445030212402,f,True,True,f,True
de,Stausee,m,reservoir,control,wiktionary:kaikki@2026-10-03,low,3.12,reservoir,,,,,,,2.035593032836914,1.4310684204101562,-0.06382458470761776,-3.1263246536254883,-5.063824415206909,0.9893194219850203,3.0625000689178705,True,3, St|ause|e,right,right,known,True,1.7333307266235352,m,True,True,m,True
es,reservorio,m,reservoir,control,wiktionary:kaikki@2026-10-03,low,2.83,reservoir,,,,o,yes,,6.404016494750977,7.138187408447266,-0.04434535652399063,-3.731845259666443,,0.9817302460954702,3.6874999031424522,True,2, reserv|orio,right,right,known,True,6.771101951599121,m,True,True,m,True
de,Pflaume,f,plum,control,wiktionary:kaikki@2026-10-03,low,3.09,plum,,,,,,,-3.1944656372070312,-3.3797245025634766,-3.916632294654846,-0.04163221176713705,-5.541632413864136,0.9855624679958128,-3.875000082887709,True,4, P|fl|a|ume,right,right,known,True,-3.287095069885254,f,True,True,f,True
es,ciruela,f,plum,control,wiktionary:kaikki@2026-10-03,low,2.91,plum,,,,a,yes,,-5.112207412719727,-8.04287052154541,-4.106881141662598,-0.044381171464920044,,0.9730799122694507,-4.062499970197678,True,2, cir|uela,right,right,known,True,-6.577538967132568,f,True,True,f,True
de,Gondel,f,gondola,control,wiktionary:kaikki@2026-10-03,low,3.08,gondola,,,,,,,-6.420742988586426,-4.890190124511719,-4.224408149719238,-0.03690808732062578,-5.474408149719238,0.9849982035682394,-4.1875000623986125,True,3, G|ond|el,right,right,known,True,-5.655466556549072,f,True,True,f,True
es,góndola,f,gondola,control,wiktionary:kaikki@2026-10-03,low,2.8,gondola (boat),,,,a,yes,,-1.4734783172607422,-1.3594856262207031,-3.7303314208984375,-0.04283149540424347,,0.9821083609708716,-3.687499925494194,True,3, gó|nd|ola,right,right,known,True,-1.4164819717407227,f,True,True,f,True
de,Vervielfältigung,f,duplication,control,wiktionary:kaikki@2026-10-03,low,3.07,duplication,,,-ung,,,,-7.982610702514648,-6.068149566650391,-2.8657281398773193,-0.17822810262441635,-3.1782281398773193,0.9462116791563175,-2.687500037252903,True,6, V|erv|i|elf|ält|igung,right,right,known,True,-7.0253801345825195,f,True,True,f,True
es,duplicación,f,duplication,control,wiktionary:kaikki@2026-10-03,low,2.94,duplication,,,,other,,,-7.564874649047852,-5.617379188537598,-2.5533666610717773,-0.24086664617061615,,0.8978963759539353,-2.312500014901161,True,2, duplic|ación,right,right,known,True,-6.591126918792725,f,True,True,f,True
de,Diskothek,f,discotheque,control,wiktionary:kaikki@2026-10-03,low,3.07,"discotheque, nightclub",,,,,,,-9.109262466430664,-7.249518394470215,-4.474573373794556,-0.03707330487668514,-5.974573373794556,0.9781413866961952,-4.4375000689178705,True,3, Disk|oth|ek,right,right,known,True,-8.17939043045044,f,True,True,f,True
es,discoteca,f,discotheque,control,wiktionary:kaikki@2026-10-03,mid,3.71,"discotheque, club",,,,a,yes,,-5.588481903076172,-5.831878662109375,-3.3098747730255127,-0.05987478047609329,,0.9786791172836347,-3.2499999925494194,True,2, disc|oteca,right,right,known,True,-5.710180282592773,f,True,True,f,True
de,Ringstraße,f,ring road,control,wiktionary:kaikki@2026-10-03,low,3.05,"ring road, ringway, beltway, boulevard (a circular or semi-circular road surrounding a city center or urban area)",,,,,,,-9.14341926574707,-5.56953239440918,-3.4349021911621094,-0.05990214832127094,-5.872402191162109,0.9778892639752375,-3.3750000428408384,True,2, Ring|straße,right,right,known,True,-7.356475830078125,f,True,True,f,True
es,circunvalación,f,ring road,control,wiktionary:kaikki@2026-10-03,low,2.98,"ring road, beltway",,,,other,,,-4.243707656860352,-3.8651256561279297,-3.4969714879989624,-0.05947144702076912,,0.973068752033666,-3.4375000409781933,True,4, circ|un|val|ación,right,right,known,True,-4.054416656494141,f,True,True,f,True
de,Raffinerie,f,refinery,control,wiktionary:kaikki@2026-10-03,low,3.04,refinery,,,,,,,-10.75240707397461,-5.293590545654297,-3.8611220121383667,-0.0486220046877861,-5.111121892929077,0.9832248750080628,-3.8125000074505806,True,4, R|aff|iner|ie,right,right,known,True,-8.022998809814453,f,True,True,f,True
es,refinería,f,refinery,control,wiktionary:kaikki@2026-10-03,low,3.47,refinery,,,,a,yes,,-3.5357418060302734,-3.9438228607177734,-4.962358236312866,-0.024858196265995502,,0.9824587325805181,-4.937500040046871,True,3, ref|iner|ía,right,right,known,True,-3.7397823333740234,f,True,True,f,True
de,Projektor,m,projector,control,wiktionary:kaikki@2026-10-03,low,3.03,projector,,,,,,,2.6955699920654297,4.643634796142578,-0.07645250484347343,-2.888952612876892,-5.2639524936676025,0.9873961983024797,2.8125001080334187,True,3, Proj|ek|tor,right,right,known,True,3.669602394104004,m,True,True,m,True
es,proyector,m,projector,control,wiktionary:kaikki@2026-10-03,low,3.18,"projector, video projector",,,,other,,,6.014059066772461,5.659612655639648,-0.07120307348668575,-3.0712029933929443,,0.9832756125197771,2.9999999199062586,True,3, pro|y|ector,right,right,known,True,5.836835861206055,m,True,True,m,True
de,Likör,m,liqueur,control,wiktionary:kaikki@2026-10-03,low,3.02,liqueur,,,,,,,6.594449996948242,2.732715606689453,-0.08354460820555687,-2.958544611930847,-4.083544492721558,0.9891123902535641,2.8750000037252903,True,2, Lik|ör,right,right,known,True,4.663582801818848,m,True,True,m,True
es,licor,m,liqueur,control,wiktionary:kaikki@2026-10-03,mid,3.66,liqueur,,,,other,,,3.9311962127685547,4.467214584350586,-0.047621309757232666,-3.547621250152588,,0.9825076700164644,3.4999999403953552,True,2, lic|or,right,right,known,True,4.19920539855957,m,True,True,m,True
de,Scheibenwischer,m,windshield wiper,control,wiktionary:kaikki@2026-10-03,low,3.02,"windshield wiper, windscreen wiper (UK)",,,,,,,5.274396896362305,2.5116806030273438,-0.1983523815870285,-1.8858524560928345,-4.698352336883545,0.9834997263798604,1.687500074505806,True,4, Sche|iben|w|ischer,right,right,known,True,3.893038749694824,m,True,True,m,True
es,limpiaparabrisas,m,windshield wiper,control,wiktionary:kaikki@2026-10-03,low,2.72,windshield wiper; windscreen wiper,,,,other,,,4.905790328979492,2.4365768432617188,-0.07423814758658409,-3.1992381811141968,,0.9742562104631088,3.1250000335276127,True,7, lim|pi|ap|ar|ab|ris|as,right,right,known,True,3.6711835861206055,m,True,True,m,True
de,Vergaser,m,carburetor,control,wiktionary:kaikki@2026-10-03,low,2.99,"carburetor, carburettor",,,,,,,3.0196151733398438,-0.18368911743164062,-0.10318245366215706,-2.6031824350357056,-4.790682315826416,0.9847121466621634,2.4999999813735485,True,2, Verg|aser,right,unsure,unsure,False,1.4179630279541016,m,True,False,m,True
es,carburador,m,carburetor,control,wiktionary:kaikki@2026-10-03,low,2.81,carburetor (a device in an internal combustion engine),,,,other,,,5.465969085693359,0.7808799743652344,-0.03516364097595215,-4.035163640975952,,0.9843707536251007,4.0,True,3, car|bur|ador,right,unsure,unsure,False,3.123424530029297,m,True,True,m,True
de,Birnbaum,m,pear tree,control,wiktionary:kaikki@2026-10-03,low,2.96,pear tree,,,,,,,6.071405410766602,4.162879943847656,-0.09956440329551697,-2.6620644330978394,-5.53706431388855,0.9822162809841709,2.5625000298023224,True,3, Bir|n|baum,right,right,known,True,5.117142677307129,m,True,True,m,True
es,peral,m,pear tree,control,wiktionary:kaikki@2026-10-03,low,2.84,pear tree,,,,other,,,1.4127540588378906,1.574737548828125,-0.22268748749047518,-2.785187542438507,,0.9772916136103611,2.562500054948032,True,2, per|al,right,right,known,True,1.4937458038330078,m,True,True,m,True
de,Thymian,m,thyme,control,wiktionary:kaikki@2026-10-03,low,2.96,thyme,,,,,,,2.277172088623047,4.208517074584961,-0.20527224242687225,-2.0177722573280334,-3.3302723169326782,0.9836188317132175,1.8125000149011612,True,3, Th|ym|ian,right,right,known,True,3.242844581604004,m,True,True,m,True
es,tomillo,m,thyme,control,wiktionary:kaikki@2026-10-03,low,2.95,thyme,,,,o,yes,,6.03105354309082,4.204584121704102,-0.06968472339212894,-3.319684624671936,,0.975863861758696,3.249999901279807,True,2, tom|illo,right,right,known,True,5.117818832397461,m,True,True,m,True
de,Cabriolet,m,convertible,control,wiktionary:kaikki@2026-10-03,low,2.94,convertible,,,,,,,1.9964523315429688,0.17486572265625,-3.364307999610901,-2.364307999610901,-0.17680803686380386,0.976741469235668,-1.0,True,3, Cab|rio|let,right,unsure,unsure,False,1.0856590270996094,m,True,True,f,False
es,descapotable,m,convertible,control,wiktionary:kaikki@2026-10-03,low,2.74,convertible,,,,other,,,4.884838104248047,4.603242874145508,-0.20358045026659966,-2.2035804390907288,,0.9651100860663155,1.999999988824129,True,3, desc|apot|able,right,right,known,True,4.744040489196777,m,True,True,m,True
de,Katheter,m,catheter,control,wiktionary:kaikki@2026-10-03,low,2.93,catheter (small tube inserted into a body cavity),,,,,,,5.636606216430664,3.987100601196289,-0.06636072136461735,-3.1288607120513916,-5.253860712051392,0.9857701850277671,3.0624999906867743,True,2, Kath|eter,right,right,known,True,4.811853408813477,m,True,True,m,True
es,catéter,m,catheter,control,wiktionary:kaikki@2026-10-03,low,2.86,catheter (a small tube inserted into a body cavity),,,,other,,,2.9352455139160156,-0.6992130279541016,-0.05397188104689121,-3.6164718866348267,,0.9756427321346001,3.5625000055879354,True,3, cat|é|ter,right,unsure,unsure,False,1.118016242980957,m,True,False,m,True
de,Baldachin,m,canopy,control,wiktionary:kaikki@2026-10-03,low,2.84,"canopy, dais, baldaquin (ornamental roof over an altar, throne, bed etc.)",,,,,,,1.4205703735351562,0.9212913513183594,-0.08177736215293407,-2.956777334213257,-5.019277334213257,0.9845550927142961,2.8749999720603228,True,3, Bald|ach|in,right,unsure,unsure,False,1.1709308624267578,m,True,True,m,True
es,dosel,m,canopy,control,wiktionary:kaikki@2026-10-03,low,2.8,canopy,,,,other,,,5.114114761352539,4.152315139770508,-0.21904049813747406,-1.8440405130386353,,0.9625819247561449,1.6250000149011612,True,2, dos|el,right,right,known,True,4.633214950561523,m,True,True,m,True
de,Rebe,f,vine,control,wiktionary:kaikki@2026-10-03,low,2.78,"vine, grape",,,,,,,-7.843315124511719,-5.855234146118164,-3.974129557609558,-0.036629621870815754,-5.724129676818848,0.9878921314787725,-3.9374999357387424,True,2, Re|be,right,right,known,True,-6.849274635314941,f,True,True,f,True
es,vid,f,vine,control,wiktionary:kaikki@2026-10-03,mid,3.51,"vine, grapevine",,,,other,,,-3.8246898651123047,-0.3443470001220703,-0.4975447431206703,-1.3725447952747345,,0.9537386963658947,0.8750000521540642,False,1, vid,right,unsure,unsure,False,-2.0845184326171875,f,True,True,m,False
de,Harnröhre,f,urethra,control,wiktionary:kaikki@2026-10-03,low,2.77,urethra,,,,,,,-7.308233261108398,-8.808809280395508,-3.560575246810913,-0.06057525612413883,-5.123075246810913,0.9816791882039186,-3.4999999906867743,True,5, H|arn|r|öh|re,right,right,known,True,-8.058521270751953,f,True,True,f,True
es,uretra,f,urethra,control,wiktionary:kaikki@2026-10-03,low,2.71,urethra,,,,a,yes,,-1.6884536743164062,-0.1437835693359375,-0.9527891576290131,-0.7027891874313354,,0.9652543142674526,-0.2499999701976776,False,2, ure|tra,right,unsure,unsure,False,-0.9161186218261719,f,True,True,f,True
de,Verdünnung,f,dilution,control,wiktionary:kaikki@2026-10-03,low,2.76,"dilution, thinning, rarefaction",,,-ung,,,,-8.716206550598145,-7.115520477294922,-3.6333024501800537,-0.07080240361392498,-4.258302450180054,0.978529780417061,-3.5625000465661287,True,4, Verd|ü|nn|ung,right,right,known,True,-7.915863513946533,f,True,True,f,True
es,dilución,f,dilution,control,wiktionary:kaikki@2026-10-03,low,2.64,dilution,,,,other,,,-4.774544715881348,-5.132659912109375,-3.5857688188552856,-0.08576885983347893,,0.94575349268937,-3.4999999590218067,True,2, dil|ución,right,right,known,True,-4.953602313995361,f,True,True,f,True
de,Parfümerie,f,perfumery,control,wiktionary:kaikki@2026-10-03,low,2.76,perfumery,,,,,,,-7.075075149536133,-4.619327545166016,-2.8550071716308594,-0.10500715672969818,-4.605007171630859,0.9747594699291784,-2.750000014901161,True,4, Par|fü|mer|ie,right,right,known,True,-5.847201347351074,f,True,True,f,True
es,perfumería,f,perfumery,control,wiktionary:kaikki@2026-10-03,low,2.84,"perfumery, perfume shop",,,,a,yes,,-4.570014953613281,-5.675777435302734,-3.3733540773391724,-0.060854146257042885,,0.9768622338515205,-3.3124999310821295,True,3, perf|umer|ía,right,right,known,True,-5.122896194458008,f,True,True,f,True
de,Nerz,m,mink,control,wiktionary:kaikki@2026-10-03,low,2.65,mink,,,,,,,6.970998764038086,3.145793914794922,-0.1833190843462944,-2.370819091796875,-2.933319091796875,0.9829885530519582,2.1875000074505806,True,2, Ner|z,right,right,known,True,5.058396339416504,m,True,True,m,True
es,visón,m,mink,control,wiktionary:kaikki@2026-10-03,low,2.52,mink,,,,other,,,1.3810176849365234,1.5250415802001953,-0.27446627616882324,-1.9619662761688232,,0.9713204050609787,1.6875,True,2, vis|ón,right,right,known,True,1.4530296325683594,m,True,True,m,True
de,Reizwäsche,f,lingerie,control,wiktionary:kaikki@2026-10-03,low,2.64,lingerie,,,,,,,0.5324211120605469,-6.033136367797852,-3.5103567838668823,-0.07285670004785061,-4.447856903076172,0.9760180394069051,-3.4375000838190317,True,5, Re|iz|w|äs|che,unsure,right,unsure,False,-2.7503576278686523,f,True,False,f,True
es,lencería,f,lingerie,control,wiktionary:kaikki@2026-10-03,low,3.18,lingerie,,,,a,yes,,-4.730573654174805,-4.738393783569336,-2.564414381980896,-0.12691433727741241,,0.9590261876032045,-2.4375000447034836,True,3, l|encer|ía,right,right,known,True,-4.73448371887207,f,True,True,f,True
de,Barrikade,f,barricade,control,wiktionary:kaikki@2026-10-03,low,2.64,barricade,,,,,,,-9.22524356842041,-3.7720260620117188,-3.9867430925369263,-0.04924315959215164,-5.236742973327637,0.980529350944342,-3.9374999329447746,True,3, Bar|rik|ade,right,right,known,True,-6.4986348152160645,f,True,True,f,True
es,barricada,f,barricade,control,wiktionary:kaikki@2026-10-03,low,3.15,"barricade (a barrier constructed across a road, especially as a military defence)",,,,a,yes,,-4.182262420654297,-3.2898521423339844,-4.22705340385437,-0.0395533312112093,,0.976070522857296,-4.187500072643161,True,2, barric|ada,right,right,known,True,-3.7360572814941406,f,True,True,f,True
de,Irrgarten,m,maze,control,wiktionary:kaikki@2026-10-03,low,2.61,maze,,,,,,,2.7650585174560547,5.867542266845703,-0.1108691394329071,-2.7983691692352295,-4.2983691692352295,0.9696947198728857,2.6875000298023224,True,3, Irr|g|arten,right,right,known,True,4.316300392150879,m,True,True,m,True
es,dédalo,m,maze,control,wiktionary:kaikki@2026-10-03,low,2.58,"maze, labyrinth (puzzle to get through)",,,,o,yes,,7.3179931640625,4.732128143310547,-0.11351211741566658,-3.1760120391845703,,0.9444686326509566,3.0624999217689037,True,3, dé|d|alo,right,right,known,True,6.025060653686523,m,True,True,m,True
de,Kamille,f,camomile,control,wiktionary:kaikki@2026-10-03,low,2.61,"camomile (plant of the genus Matricaria, particularly Matricaria recutita, German chamomile)",,,,,,,-0.3589630126953125,-4.560779571533203,-4.042070746421814,-0.04207058344036341,-5.229570627212524,0.983930880205802,-4.000000162981451,True,2, Kam|ille,unsure,right,unsure,False,-2.459871292114258,f,True,True,f,True
es,manzanilla,f,camomile,control,wiktionary:kaikki@2026-10-03,low,3.2,camomile,,,,a,yes,,-3.9784603118896484,-2.3765602111816406,-3.0770034790039062,-0.07700354233384132,,0.9719926392106203,-2.999999936670065,True,3, man|zan|illa,right,right,known,True,-3.1775102615356445,f,True,True,f,True
de,Webstuhl,m,loom,control,wiktionary:kaikki@2026-10-03,low,2.59,loom (for weaving),,,,,,,5.248464584350586,3.3351612091064453,-0.12066822499036789,-2.4956681728363037,-4.370668172836304,0.9815105066771578,2.374999947845936,True,3, Web|st|uhl,right,right,known,True,4.291812896728516,m,True,True,m,True
es,telar,m,loom,control,wiktionary:kaikki@2026-10-03,low,2.92,loom,,,,other,,,2.850417137145996,2.1705188751220703,-0.05254450812935829,-3.3650444746017456,,0.9839620176845685,3.3124999664723873,True,2, tel|ar,right,right,known,True,2.510468006134033,m,True,True,m,True
de,Vegetarismus,m,vegetarianism,control,wiktionary:kaikki@2026-10-03,low,2.52,vegetarianism,,,-ismus,,,,7.45062255859375,0.07824897766113281,-0.23384684324264526,-2.29634690284729,-2.60884690284729,0.9709143541124934,2.0625000596046448,True,4, Veget|ar|ism|us,right,unsure,unsure,False,3.7644357681274414,m,True,True,m,True
es,vegetarianismo,m,vegetarianism,control,wiktionary:kaikki@2026-10-03,low,2.51,vegetarianism,,,,o,yes,,2.5943565368652344,4.4819183349609375,-0.06153264828026295,-3.5615326166152954,,0.9687238902073076,3.4999999683350325,True,2, vegetarian|ismo,right,right,known,True,3.538137435913086,m,True,True,m,True
de,Tüll,m,tulle,control,wiktionary:kaikki@2026-10-03,low,2.52,tulle (fabric),,,,,,,1.2545661926269531,2.297992706298828,-0.6133792847394943,-2.2383793592453003,-1.1758792996406555,0.990066203727068,1.625000074505806,True,3, T|ü|ll,right,right,known,True,1.7762794494628906,m,True,True,m,True
es,tul,m,tulle,control,wiktionary:kaikki@2026-10-03,low,2.78,tulle (material),,,,other,,,4.232383728027344,3.415586471557617,-0.2066618576645851,-1.831661880016327,,0.9744933719869373,1.6250000223517418,True,1, tul,right,right,known,True,3.8239850997924805,m,True,True,m,True
de,Eukalyptus,m,eucalyptus,control,wiktionary:kaikki@2026-10-03,low,2.52,eucalyptus (any of many trees of genus Eucalyptus),,,,,,,0.9079113006591797,1.1299762725830078,-0.4312281161546707,-1.243728131055832,-4.618727922439575,0.980055038788369,0.8125000149011612,True,5, E|uk|aly|pt|us,unsure,right,unsure,False,1.0189437866210938,m,True,True,m,True
es,eucalipto,m,eucalyptus,control,wiktionary:kaikki@2026-10-03,low,2.91,eucalyptus,,,,o,yes,,0.30549144744873047,1.805816650390625,-0.03380397520959377,-4.2838040590286255,,0.9832981638759877,4.250000083819032,True,4, e|uc|ali|pto,unsure,right,unsure,False,1.0556540489196777,m,True,True,m,True
de,Gegenwind,m,headwind,single,wiktionary:kaikki@2026-10-03,low,3.44,headwind,,,,,,,7.87470817565918,3.547910690307617,-0.056359365582466125,-3.61885929107666,-5.118859529495239,0.9780578270858179,3.562499925494194,True,3, G|egen|wind,right,right,known,True,5.711309432983398,m,True,True,m,True
de,Kodex,m,code,single,wiktionary:kaikki@2026-10-03,low,3.28,code (compilation of written law),,,,,,,6.9391632080078125,3.4100399017333984,-0.08632391318678856,-2.9613239765167236,-4.211323976516724,0.9858252096288782,2.875000063329935,True,2, Kod|ex,right,right,known,True,5.1746015548706055,m,True,True,m,True
de,Speisesaal,m,dining hall,single,wiktionary:kaikki@2026-10-03,low,3.2,dining hall,,,,,,,7.158246994018555,2.9051361083984375,-0.05822283960878849,-3.370722770690918,-5.058222770690918,0.9842261230825037,3.3124999310821295,True,3, Spe|ises|aal,right,right,known,True,5.031691551208496,m,True,True,m,True
de,Sonderfall,m,special case,single,wiktionary:kaikki@2026-10-03,low,3.2,special case,,,,,,,10.930011749267578,6.804959297180176,-1.9348642230033875,-1.8723642230033875,-1.8098642230033875,0.4643850318582535,-0.0625,True,3, Son|der|fall,right,right,known,True,8.867485523223877,m,True,True,f,False
de,Kurzurlaub,m,short vacation,single,wiktionary:kaikki@2026-10-03,low,3.09,short vacation,,,,,,,9.689387321472168,3.2830734252929688,-0.08253025636076927,-3.3325302600860596,-4.33253026008606,0.9707864280278646,3.2500000037252903,True,4, Kur|z|url|aub,right,right,known,True,6.486230373382568,m,True,True,m,True
de,Zauberstab,m,magic wand,single,wiktionary:kaikki@2026-10-03,low,3.05,magic wand,,,,,,,8.182273864746094,5.791871070861816,-0.08046506717801094,-2.8304649591445923,-4.955465078353882,0.9896289245832974,2.7499998919665813,True,3, Za|uber|stab,right,right,known,True,6.987072467803955,m,True,True,m,True
de,Leichtsinn,m,carelessness,single,wiktionary:kaikki@2026-10-03,low,3.0,"carelessness, recklessness",,,,,,,5.653815269470215,5.42848014831543,-0.27720025181770325,-2.589700222015381,-1.9647002220153809,0.9755231900512229,2.3124999701976776,True,4, Le|icht|s|inn,right,right,known,True,5.541147708892822,m,True,True,m,True
de,Familienname,m,surname,single,wiktionary:kaikki@2026-10-03,low,2.96,"surname, family name, last name",,,,,,,3.954427719116211,1.9075145721435547,-0.21423965692520142,-2.6517395973205566,-2.7142395973205566,0.9475483942322043,2.4374999403953552,True,3, Famil|ien|name,right,right,known,True,2.930971145629883,m,True,True,m,True
de,Stöpsel,m,plug,single,wiktionary:kaikki@2026-10-03,low,2.92,plug (something intended to plug),,,,,,,4.931962966918945,4.928640365600586,-0.3599844016134739,-1.7349844574928284,-3.922484517097473,0.9880835666886301,1.3750000558793545,True,4, St|ö|ps|el,right,right,known,True,4.930301666259766,m,True,True,m,True
de,Interessent,m,interested party,single,wiktionary:kaikki@2026-10-03,low,2.91,"interested party, prospective buyer",,,,,,,2.5389766693115234,5.266181945800781,-0.1447732038795948,-2.3947731256484985,-4.832273244857788,0.9671462042189582,2.2499999217689037,True,3, Inter|ess|ent,right,right,known,True,3.9025793075561523,m,True,True,m,True
de,Mikrokosmos,m,microcosm,single,wiktionary:kaikki@2026-10-03,low,2.83,microcosm,,,,,,,4.611743927001953,2.234598159790039,-0.7156372666358948,-3.77813720703125,-0.9031372368335724,0.9701246635421559,3.0624999403953552,True,4, Mik|rok|os|mos,right,right,known,True,3.423171043395996,m,True,True,m,True
de,Scheideweg,m,crossroads,single,wiktionary:kaikki@2026-10-03,low,2.82,crossroads (decisive turning point),,,,,,,9.536910057067871,4.900302886962891,-0.16586404293775558,-2.103364109992981,-4.665863990783691,0.9807362469348081,1.9375000670552254,True,4, Sche|id|ew|eg,right,right,known,True,7.218606472015381,m,True,True,m,True
de,Zahnstocher,m,toothpick,single,wiktionary:kaikki@2026-10-03,low,2.82,toothpick,,,,,,,7.37874698638916,2.6536388397216797,-0.37037862837314606,-1.5578786134719849,-4.620378732681274,0.984241819447883,1.1874999850988388,True,5, Z|ahn|st|och|er,right,right,known,True,5.01619291305542,m,True,True,m,True
de,Banküberfall,m,bank raid,single,wiktionary:kaikki@2026-10-03,low,2.79,"bank raid, bank robbery, bank heist",,,,,,,6.957637786865234,3.8010635375976562,-0.12592418119311333,-3.000924229621887,-3.625924229621887,0.9586659702279692,2.875000048428774,True,3, Bank|über|fall,right,right,known,True,5.379350662231445,m,True,True,m,True
de,Napf,m,small bowl,single,wiktionary:kaikki@2026-10-03,low,2.76,small bowl; cup; now chiefly to hold fodder for animals,,,,,,,6.586300849914551,1.0418224334716797,-0.06633193418383598,-2.9413318634033203,-5.69133186340332,0.9926123450125615,2.8749999292194843,True,2, Nap|f,right,right,known,True,3.8140616416931152,m,True,True,m,True
de,Hustensaft,m,cough syrup,single,wiktionary:kaikki@2026-10-03,low,2.7,cough syrup,,,,,,,4.378486633300781,3.395191192626953,-0.12441232055425644,-2.5619122982025146,-3.6869122982025146,0.9854162609978119,2.437499977648258,True,3, Hust|ensa|ft,right,right,known,True,3.886838912963867,m,True,True,m,True
de,Barhocker,m,bar stool,single,wiktionary:kaikki@2026-10-03,low,2.69,"bar stool (a tall stool-like seat usually having a foot rest, commonly placed in bars)",,,,,,,6.168701171875,2.890796661376953,-1.798440381884575,-1.0484403651207685,-6.548440456390381,0.9801983197205026,-0.7500000167638063,False,3, Bar|h|ocker,right,right,known,True,4.529748916625977,m,True,True,f,False
de,Mittelbau,m,in-between part of a building or other construction,single,wiktionary:kaikki@2026-10-03,low,2.65,in-between part of a building or other construction,,,,,,,5.199953079223633,3.7802906036376953,-0.3010839894413948,-2.301084041595459,-2.113584041595459,0.9711908566507954,2.000000052154064,True,3, Mitt|el|bau,right,right,known,True,4.490121841430664,m,True,True,m,True
de,Moschus,m,musk,single,wiktionary:kaikki@2026-10-03,low,2.6,musk,,,,,,,5.628649711608887,3.683513641357422,-1.1236980259418488,-3.248698115348816,-0.56119804084301,0.9845913325690856,2.125000089406967,True,3, Mos|ch|us,right,right,known,True,4.656081676483154,m,True,True,m,True
de,Firmenname,m,company name,single,wiktionary:kaikki@2026-10-03,low,2.6,company name,,,,,,,7.249178886413574,4.405298233032227,-0.5235264599323273,-1.6485264897346497,-1.8985264897346497,0.9452522647409038,1.1250000298023224,True,3, Firm|en|name,right,right,known,True,5.8272385597229,m,True,True,m,True
de,Zwangsarbeit,f,forced labor,single,wiktionary:kaikki@2026-10-03,low,3.45,forced labor,,,,,,,-9.433941841125488,-4.520465850830078,-3.3974419832229614,-0.08494190871715546,-4.647442102432251,0.9814087526619302,-3.312500074505806,True,3, Zw|angs|arbeit,right,right,known,True,-6.977203845977783,f,True,True,f,True
de,Aktualität,f,relevance to the current time,single,wiktionary:kaikki@2026-10-03,low,3.43,"relevance to the current time, up-to-dateness, currentness",,,-tät,,,,-12.063789367675781,-5.372711181640625,-2.8872838020324707,-0.1997837796807289,-2.8872838020324707,0.9330358421064711,-2.687500022351742,True,3, Akt|ual|ität,right,right,known,True,-8.718250274658203,f,True,True,f,True
de,Bestandsaufnahme,f,stocktaking,single,wiktionary:kaikki@2026-10-03,low,3.41,stocktaking,,,,,,,-7.937677383422852,-3.779939651489258,-4.137677907943726,-0.0751778669655323,-5.075177907943726,0.9515104090932277,-4.062500040978193,True,4, Best|ands|auf|nahme,right,right,known,True,-5.858808517456055,f,True,True,f,True
de,Löschung,f,deletion,single,wiktionary:kaikki@2026-10-03,low,3.38,deletion,,,-ung,,,,-4.9156494140625,-4.977748870849609,-3.3330745697021484,-0.08307447470724583,-4.145574569702148,0.9820646287220329,-3.2500000949949026,True,3, Lö|sch|ung,right,right,known,True,-4.946699142456055,f,True,True,f,True
de,Rezession,f,recession,single,wiktionary:kaikki@2026-10-03,low,3.34,recession,,,-ion,,,,-5.865406036376953,-6.118677139282227,-3.334580183029175,-0.08458023145794868,-4.584580183029175,0.9697688594419616,-3.249999951571226,True,3, Re|z|ession,right,right,known,True,-5.99204158782959,f,True,True,f,True
de,Grundsicherung,f,basic income benefit,single,wiktionary:kaikki@2026-10-03,low,3.31,basic income benefit,,,-ung,,,,-12.61367416381836,-7.950397491455078,-3.928261876106262,-0.05326184444129467,-5.053261995315552,0.9756122489242252,-3.8750000316649675,True,4, Gr|unds|icher|ung,right,right,known,True,-10.282035827636719,f,True,True,f,True
de,Präsidentschaftswahl,f,presidential election,single,wiktionary:kaikki@2026-10-03,low,3.28,"presidential election, presidential race",,,,,,,-2.988335609436035,-2.809825897216797,-3.7471896409988403,-0.059689583256840706,-4.559689521789551,0.9765164787696261,-3.6875000577419996,True,6, Pr|äs|idents|chaft|sw|ahl,right,right,known,True,-2.899080753326416,f,True,True,f,True
de,Farbgebung,f,colouring,single,wiktionary:kaikki@2026-10-03,low,3.19,colouring,,,-ung,,,,-6.897493362426758,-6.612495422363281,-3.5928399562835693,-0.09283991903066635,-4.030339956283569,0.9647008884968442,-3.500000037252903,True,3, Far|b|gebung,right,right,known,True,-6.7549943923950195,f,True,True,f,True
de,Verschleppung,f,abduction,single,wiktionary:kaikki@2026-10-03,low,2.85,abduction,,,-ung,,,,-9.542520523071289,-6.0348358154296875,-3.119624972343445,-0.11962495744228363,-3.807124972343445,0.9662024750912219,-3.000000014901161,True,5, Vers|ch|le|pp|ung,right,right,known,True,-7.788678169250488,f,True,True,f,True
de,Hauptwache,f,main guardhouse at the entry to a camp or other facility,single,wiktionary:kaikki@2026-10-03,low,2.82,main guardhouse at the entry to a camp or other facility,,,,,,,-5.07640266418457,-6.55394172668457,-2.6507766246795654,-0.15077662467956543,-3.5882766246795654,0.9632504864584439,-2.5,True,3, Haupt|w|ache,right,right,known,True,-5.81517219543457,f,True,True,f,True
de,Redundanz,f,redundancy,single,wiktionary:kaikki@2026-10-03,low,2.8,redundancy,,,-anz,,,,-5.871835708618164,-5.440027236938477,-2.4955538511276245,-0.4330538660287857,-2.6830538511276245,0.8145577354324138,-2.062499985098839,True,3, Red|und|anz,right,right,known,True,-5.65593147277832,f,True,True,f,True
de,Schattenseite,f,dark side,single,wiktionary:kaikki@2026-10-03,low,2.77,dark side; underbelly,,,,,,,-7.315116882324219,-4.698982238769531,-3.2122162580490112,-0.08721628226339817,-4.712216377258301,0.973712230870235,-3.124999975785613,True,4, Sch|att|ense|ite,right,right,known,True,-6.007049560546875,f,True,True,f,True
de,Überschneidung,f,overlap,single,wiktionary:kaikki@2026-10-03,low,2.73,"overlap, intersection",,,-ung,,,,-6.393362045288086,-7.197847366333008,-2.797454595565796,-0.1724545881152153,-4.0474547147750854,0.9511588115197385,-2.6250000074505806,True,6, Ü|bers|ch|ne|id|ung,right,right,known,True,-6.795604705810547,f,True,True,f,True
de,Verletzlichkeit,f,vulnerability,single,wiktionary:kaikki@2026-10-03,low,2.72,vulnerability,,,-keit,,,,-6.274784088134766,-5.648193359375,-3.3535232543945312,-0.10352324694395065,-3.4160232543945312,0.9718884270387824,-3.2500000074505806,True,4, Ver|let|z|lichkeit,right,right,known,True,-5.961488723754883,f,True,True,f,True
de,Mittäterschaft,f,complicity,single,wiktionary:kaikki@2026-10-03,low,2.64,complicity,,,-schaft,,,,-15.117481231689453,-9.190271377563477,-2.664624571800232,-0.16462455317378044,-3.602124571800232,0.957998322141829,-2.5000000186264515,True,4, Mitt|ä|ters|chaft,right,right,known,True,-12.153876304626465,f,True,True,f,True
de,Stirnseite,f,front,single,wiktionary:kaikki@2026-10-03,low,2.62,front (of a structure),,,,,,,-0.08576393127441406,-5.054595947265625,-3.2127633094787598,-0.08776326104998589,-4.71276330947876,0.9679950455307248,-3.125000048428774,True,3, Stir|n|seite,unsure,right,unsure,False,-2.5701799392700195,f,True,True,f,True
de,Reinform,f,pure form,single,wiktionary:kaikki@2026-10-03,low,2.62,pure form,,,,,,,2.5291709899902344,-3.7546920776367188,-1.1412273943424225,-1.2662273645401,-1.2662273645401,0.90888134121081,0.12499997019767761,False,2, Re|inform,wrong,right,conflict,False,-0.6127605438232422,f,True,False,m,False
de,Theaterbühne,f,theater stage,single,wiktionary:kaikki@2026-10-03,low,2.58,theater stage,,,,,,,-7.965160369873047,-5.774927139282227,-3.9853562116622925,-0.04785631597042084,-5.047856092453003,0.9792218743791652,-3.9374998956918716,True,4, Theater|b|üh|ne,right,right,known,True,-6.870043754577637,f,True,True,f,True
de,Überlappung,f,overlap,single,wiktionary:kaikki@2026-10-03,low,2.53,"overlap, overlapping",,,-ung,,,,-6.552398681640625,-6.685177803039551,-2.8904048204421997,-0.1408391110599041,-3.8283392190933228,0.9641138192009848,-2.7495657093822956,True,4, Über|l|app|ung,right,right,known,True,-6.618788242340088,f,True,True,f,True
de,Taxonomie,f,taxonomy,single,wiktionary:kaikki@2026-10-03,low,2.51,"taxonomy (science of finding, describing, classifying and naming organisms)",,,,,,,-5.315191268920898,-2.957742691040039,-3.2049033641815186,-0.26740340888500214,-3.8924033641815186,0.8351832104073283,-2.9374999552965164,True,3, Tax|onom|ie,right,right,known,True,-4.136466979980469,f,True,True,f,True
de,Absatz,m,verbal noun of absetzen,single,wiktionary:kaikki@2026-10-03,mid,4.4,"verbal noun of absetzen (“to interrupt, put down, sit down”)",,,,,,,9.700223922729492,4.2202043533325195,-0.07852894254028797,-3.016028881072998,-4.578528881072998,0.9872422536016137,2.93749993853271,True,2, Abs|atz,right,right,known,True,6.960214138031006,m,True,True,m,True
de,Konflikt,m,conflict,single,wiktionary:kaikki@2026-10-03,mid,4.4,conflict,,,,,,,5.105045318603516,5.582588195800781,-0.05495887249708176,-3.3674588203430176,-5.117458820343018,0.9876356113345108,3.312499947845936,True,4, Kon|f|li|kt,right,right,known,True,5.343816757202148,m,True,True,m,True
de,Haufen,m,heap,single,wiktionary:kaikki@2026-10-03,mid,4.35,"heap, hive, pile",,,,,,,6.339029312133789,5.9466705322265625,-0.07325555942952633,-3.0107555389404297,-4.88575553894043,0.9884941472209257,2.9374999795109034,True,2, Ha|ufen,right,right,known,True,6.142849922180176,m,True,True,m,True
de,Pokal,m,goblet,single,wiktionary:kaikki@2026-10-03,mid,4.28,"goblet, chalice",,,,,,,10.685347557067871,5.351615905761719,-0.04948624223470688,-3.3619861602783203,-5.54948616027832,0.9904639055161581,3.3124999180436134,True,2, Pok|al,right,right,known,True,8.018481731414795,m,True,True,m,True
de,Turm,m,tower,single,wiktionary:kaikki@2026-10-03,mid,4.19,"tower, spire (very tall building or structure, especially with a tapering top)",,,,,,,6.266214370727539,4.457304000854492,-0.038688067346811295,-3.726188063621521,-5.7886879444122314,0.9892670298014392,3.6874999962747097,True,2, Tur|m,right,right,known,True,5.361759185791016,m,True,True,m,True
de,Kalender,m,calendar,single,wiktionary:kaikki@2026-10-03,mid,4.16,"calendar (means for determining dates, including documents containing date and other time information)",,,,,,,9.217575073242188,4.387226104736328,-0.06664211861789227,-3.1916420459747314,-4.6916420459747314,0.9863873961910598,3.124999927356839,True,2, Kal|ender,right,right,known,True,6.802400588989258,m,True,True,m,True
de,Panzer,m,armour,single,wiktionary:kaikki@2026-10-03,mid,4.14,"armour, armour plating, shield",,,,,,,5.898708343505859,4.423282623291016,-0.10797317326068878,-2.545473098754883,-4.545473098754883,0.9868676528541396,2.437499925494194,True,2, Pan|zer,right,right,known,True,5.1609954833984375,m,True,True,m,True
de,Genuss,m,enjoyment,single,wiktionary:kaikki@2026-10-03,mid,4.14,"enjoyment, pleasure",,,,,,,7.86867618560791,6.0566253662109375,-0.08897999301552773,-3.026479959487915,-4.026479959487915,0.9822781446649274,2.9374999664723873,True,2, Gen|uss,right,right,known,True,6.962650775909424,m,True,True,m,True
de,Holocaust,m,holocaust,single,wiktionary:kaikki@2026-10-03,mid,4.03,a holocaust,,,,,,,10.165048599243164,1.3668289184570312,-0.2565905973315239,-3.0065906047821045,-2.0065905451774597,0.9730612229379876,2.7500000074505806,True,1, Holocaust,right,right,known,True,5.765938758850098,m,True,True,m,True
de,Saft,m,juice,single,wiktionary:kaikki@2026-10-03,mid,4.02,juice,,,,,,,6.565035820007324,5.231693267822266,-0.12080961838364601,-2.9958096742630005,-2.9958096742630005,0.9865666137565599,2.8750000558793545,True,2, Sa|ft,right,right,known,True,5.898364543914795,m,True,True,m,True
de,Selbstmord,m,suicide,single,wiktionary:kaikki@2026-10-03,mid,4.01,suicide,,,,,,,7.39872932434082,2.946226119995117,-0.201620914041996,-2.4516208171844482,-2.8266208171844482,0.9695837294035299,2.2499999031424522,True,3, Selbst|m|ord,right,right,known,True,5.172477722167969,m,True,True,m,True
de,Umstand,m,circumstance,single,wiktionary:kaikki@2026-10-03,mid,3.99,circumstance (an event; a fact; a particular incident),,,,,,,5.14340877532959,1.6455078125,-0.060750046744942665,-3.4982500076293945,-4.935750246047974,0.9790104835940296,3.437499960884452,True,2, Um|stand,right,right,known,True,3.394458293914795,m,True,True,m,True
de,Wiederaufbau,m,reconstruction,single,wiktionary:kaikki@2026-10-03,mid,3.77,"reconstruction, rebuilding",,,,,,,6.4327239990234375,7.579401016235352,-0.15851201862096786,-2.346011996269226,-4.0335118770599365,0.9670437949978681,2.187499977648258,True,5, W|ied|era|uf|bau,right,right,known,True,7.0060625076293945,m,True,True,m,True
de,Zeitplan,m,timetable,single,wiktionary:kaikki@2026-10-03,mid,3.74,"timetable, schedule",,,,,,,10.726116180419922,7.647692680358887,-0.14729756489396095,-2.272297501564026,-4.209797501564026,0.9844504536641581,2.124999936670065,True,2, Zeit|plan,right,right,known,True,9.186904430389404,m,True,True,m,True
de,Nerv,m,nerve,single,wiktionary:kaikki@2026-10-03,mid,3.71,nerve,,,,,,,5.508359909057617,3.094472885131836,-0.06689281202852726,-3.3168928623199463,-4.316892862319946,0.9901883176476717,3.250000050291419,True,2, N|erv,right,right,known,True,4.301416397094727,m,True,True,m,True
de,Oldtimer,m,vintage car,single,wiktionary:kaikki@2026-10-03,mid,3.65,vintage car; antique aircraft,,,,,,,7.443788528442383,1.870387077331543,-0.11409560963511467,-2.676595687866211,-3.9265955686569214,0.9817875145138547,2.5625000782310963,True,2, Old|timer,right,right,known,True,4.657087802886963,m,True,True,m,True
de,Scheinwerfer,m,spotlight,single,wiktionary:kaikki@2026-10-03,mid,3.59,spotlight,,,,,,,2.4415435791015625,3.1025390625,-1.8213352374732494,-1.3213351555168629,-6.446335077285767,0.9857757357238195,-0.5000000819563866,False,4, Sche|in|wer|fer,right,right,known,True,2.7720413208007812,m,True,True,f,False
de,Einwand,m,objection,single,wiktionary:kaikki@2026-10-03,mid,3.57,objection (statement expressing opposition),,,,,,,8.5823335647583,4.171533584594727,-0.0983409434556961,-2.84834086894989,-4.03584098815918,0.9826624625489121,2.749999925494194,True,2, Ein|wand,right,right,known,True,6.376933574676514,m,True,True,m,True
de,Ableger,m,layer,single,wiktionary:kaikki@2026-10-03,mid,3.54,"layer, shoot of a plant",,,,,,,3.020893096923828,5.520212173461914,-0.2009025439620018,-1.9509025812149048,-4.013402462005615,0.9822069595868346,1.750000037252903,True,2, Able|ger,right,right,known,True,4.270552635192871,m,True,True,m,True
de,Befund,m,findings,single,wiktionary:kaikki@2026-10-03,mid,3.51,"findings, results",,,,,,,8.878931045532227,3.4951372146606445,-0.14661580324172974,-2.7716158628463745,-3.0841158628463745,0.9779074197445459,2.6250000596046448,True,3, B|ef|und,right,right,known,True,6.1870341300964355,m,True,True,m,True
de,Aussicht,f,scenery,single,wiktionary:kaikki@2026-10-03,mid,4.37,"scenery, view, outlook (also figuratively)",,,,,,,-11.07744026184082,-7.4593610763549805,-4.404252886772156,-0.0292527312412858,-5.654252767562866,0.9885435098572308,-4.37500015553087,True,2, Auss|icht,right,right,known,True,-9.2684006690979,f,True,True,f,True
de,Provinz,f,province,single,wiktionary:kaikki@2026-10-03,mid,4.3,province (administrative subdivision),,,,,,,-7.16874885559082,-2.9525699615478516,-3.7959134578704834,-0.04591343365609646,-4.983413457870483,0.9851377812256672,-3.750000024214387,True,3, Pro|vin|z,right,right,known,True,-5.060659408569336,f,True,True,f,True
de,Fähigkeit,f,ability,single,wiktionary:kaikki@2026-10-03,mid,4.26,"ability, capability",,,-keit,,,,-9.7433500289917,-6.628034591674805,-3.5347604751586914,-0.09726044535636902,-3.9722604751586914,0.9830002162054792,-3.4375000298023224,True,3, F|äh|igkeit,right,right,known,True,-8.185692310333252,f,True,True,f,True
de,Katastrophe,f,catastrophe,single,wiktionary:kaikki@2026-10-03,mid,4.26,"catastrophe, disaster, calamity",,,,,,,-10.643372535705566,-8.524837493896484,-3.0985546708106995,-0.47355455439537764,-5.723554611206055,0.9808830237840154,-2.625000116415322,False,3, Kata|st|rophe,right,right,known,True,-9.584105014801025,f,True,True,f,True
de,Maßnahme,f,measure,single,wiktionary:kaikki@2026-10-03,mid,4.19,measure (tactic or strategy),,,,,,,-7.951627731323242,-5.958139419555664,-4.961501836776733,-0.024001731537282467,-5.211501836776733,0.9899609089131585,-4.937500105239451,True,3, Ma|ß|nahme,right,right,known,True,-6.954883575439453,f,True,True,f,True
de,Reichweite,f,range,single,wiktionary:kaikki@2026-10-03,mid,4.19,"range (The maximum distance of a weapon, radio station, sensor, vehicle without refueling, etc.)",,,,,,,-3.7533884048461914,-9.76854133605957,-3.636981725692749,-0.07448176853358746,-5.199481725692749,0.964885459696849,-3.5624999571591616,True,3, Reich|we|ite,right,right,known,True,-6.760964870452881,f,True,True,f,True
de,Formulierung,f,wording,single,wiktionary:kaikki@2026-10-03,mid,4.02,"wording, phrasing",,,-ung,,,,-9.36310863494873,-8.529048919677734,-3.518531084060669,-0.20603106915950775,-4.018531084060669,0.8715767314673188,-3.312500014901161,True,3, Form|ul|ierung,right,right,known,True,-8.946078777313232,f,True,True,f,True
de,Lampe,f,lamp,single,wiktionary:kaikki@2026-10-03,mid,3.99,"lamp, light (piece of furniture, or fixture mounted on a wall or ceiling, holding one or more electric light sockets)",,,,,,,-7.237201690673828,-5.422540664672852,-4.899838447570801,-0.024838581681251526,-5.712338447570801,0.9872202001463757,-4.874999865889549,True,2, Lam|pe,right,right,known,True,-6.32987117767334,f,True,True,f,True
de,Abbildung,f,depiction,single,wiktionary:kaikki@2026-10-03,mid,3.96,"depiction, image, figure, picture, illustration",,,-ung,,,,-7.318371772766113,-5.166351318359375,-4.486356735229492,-0.04885687306523323,-4.361356735229492,0.9774454430660551,-4.437499862164259,True,3, Abb|ild|ung,right,right,known,True,-6.242361545562744,f,True,True,f,True
de,Soziologie,f,sociology,single,wiktionary:kaikki@2026-10-03,mid,3.9,sociology,,,,,,,-6.152466773986816,-5.75074577331543,-4.074016690254211,-0.07401663810014725,-4.449016571044922,0.9579946644895843,-4.000000052154064,True,3, So|zi|ologie,right,right,known,True,-5.951606273651123,f,True,True,f,True
de,Erleichterung,f,relief,single,wiktionary:kaikki@2026-10-03,mid,3.84,relief,,,-ung,,,,-11.120850563049316,-5.35224723815918,-3.687233328819275,-0.0622332077473402,-4.187233209609985,0.9848039728638678,-3.6250001210719347,True,5, Er|le|icht|er|ung,right,right,known,True,-8.236548900604248,f,True,True,f,True
de,Schöpfung,f,creation,single,wiktionary:kaikki@2026-10-03,mid,3.78,creation,,,-ung,,,,-13.183103561401367,-2.9239139556884766,-3.34430730342865,-0.09430729225277901,-4.46930718421936,0.9750245005070208,-3.250000011175871,True,4, Sch|ö|pf|ung,right,right,known,True,-8.053508758544922,f,True,True,f,True
de,Hauptrolle,f,lead,single,wiktionary:kaikki@2026-10-03,mid,3.77,lead (starring role in a drama),,,,,,,-2.87033748626709,-4.373588562011719,-4.171160340309143,-0.046160487458109856,-5.046160459518433,0.9780286612036979,-4.124999852851033,True,3, Haupt|rol|le,right,right,known,True,-3.6219630241394043,f,True,True,f,True
de,Beerdigung,f,burial,single,wiktionary:kaikki@2026-10-03,mid,3.73,burial,,,-ung,,,,-8.825851440429688,-7.26667594909668,-3.7372093200683594,-0.04970935359597206,-5.362209320068359,0.9838543813231727,-3.6874999664723873,True,3, Be|erd|igung,right,right,known,True,-8.046263694763184,f,True,True,f,True
de,Flüchtlingspolitik,f,politics of refugee policies,single,wiktionary:kaikki@2026-10-03,mid,3.69,politics of refugee policies,,,-ik,,,,-5.159873008728027,-4.762472152709961,-2.192760795354843,-1.380260856822133,-6.005260705947876,0.9825621194940308,-0.8124999385327101,False,7, Fl|ü|ch|tl|ings|polit|ik,right,right,known,True,-4.961172580718994,f,True,True,f,True
de,Tournee,f,tour,single,wiktionary:kaikki@2026-10-03,mid,3.66,tour,,,,,,,-4.621210098266602,-7.544525146484375,-4.10641872882843,-0.04391866736114025,-5.35641884803772,0.9798660580620308,-4.06250006146729,True,2, Tour|nee,right,right,known,True,-6.082867622375488,f,True,True,f,True
de,Fauna,f,fauna,single,wiktionary:kaikki@2026-10-03,mid,3.65,fauna,,,,,,,-9.859147071838379,-4.580997467041016,-2.8121453523635864,-0.12464533001184464,-3.4996453523635864,0.9786844315593821,-2.687500022351742,True,2, Fa|una,right,right,known,True,-7.220072269439697,f,True,True,f,True
de,Hypothese,f,hypothesis,single,wiktionary:kaikki@2026-10-03,mid,3.62,hypothesis,,,,,,,-7.934082984924316,-2.4525671005249023,-4.930427551269531,-0.05542764812707901,-4.805427551269531,0.9617911402628501,-4.874999903142452,True,3, Hyp|oth|ese,right,right,known,True,-5.193325042724609,f,True,True,f,True
de,Dämmerung,f,twilight at the beginning or end of a day,single,wiktionary:kaikki@2026-10-03,mid,3.54,"twilight at the beginning or end of a day, dawn and dusk",,,-ung,,,,-6.006186485290527,-4.362031936645508,-2.0673672556877136,-0.5048672184348106,-4.317367196083069,0.9758519855741745,-1.562500037252903,False,4, D|äm|mer|ung,right,right,known,True,-5.184109210968018,f,True,True,f,True
de,Sohle,f,sole,single,wiktionary:kaikki@2026-10-03,mid,3.52,sole (of the foot/shoe),,,,,,,-3.4325199127197266,-3.7787742614746094,-3.790343165397644,-0.040343090891838074,-5.3528430461883545,0.9893580471134655,-3.750000074505806,True,3, So|h|le,right,right,known,True,-3.605647087097168,f,True,True,f,True
de,Tod,m,death,single,wiktionary:kaikki@2026-10-03,high,5.16,death,,,,,,,13.651885986328125,4.614414215087891,-0.049926333129405975,-4.362426280975342,-4.112426280975342,0.9819041348339128,4.312499947845936,True,1, Tod,right,right,known,True,9.133150100708008,m,True,True,m,True
de,Januar,m,january,single,wiktionary:kaikki@2026-10-03,high,5.03,"January (the first month of the Gregorian calendar, following the December of the previous year and preceding February)",,,,,,,9.243691444396973,4.21867561340332,-0.2062576487660408,-3.7062575817108154,-2.6437575817108154,0.9202941627980552,3.4999999329447746,True,2, Jan|uar,right,right,known,True,6.7311835289001465,m,True,True,m,True
de,Körper,m,body,single,wiktionary:kaikki@2026-10-03,high,5.0,"body (of a person, animal, etc.)",,,,,,,9.699410438537598,3.8860225677490234,-0.26974520832300186,-1.8322452306747437,-4.457245111465454,0.9803043101032396,1.5625000223517418,True,1, Körper,right,right,known,True,6.7927165031433105,m,True,True,m,True
de,Kreis,m,circle,single,wiktionary:kaikki@2026-10-03,high,5.0,circle,,,,,,,10.808332443237305,4.018755912780762,-0.16708721965551376,-2.167087197303772,-4.6045873165130615,0.9847019322362576,1.9999999776482582,True,2, Kre|is,right,right,known,True,7.413544178009033,m,True,True,m,True
de,Punkt,m,dot,single,wiktionary:kaikki@2026-10-03,high,5.0,dot (marking an abbreviation),,,,,,,17.65931987762451,7.791887283325195,-0.18475691974163055,-2.1847569346427917,-3.434756875038147,0.9810262608487343,2.000000014901161,True,2, P|unkt,right,right,known,True,12.725603580474854,m,True,True,m,True
de,Sport,m,sport,single,wiktionary:kaikki@2026-10-03,high,4.97,sport (athletic activity that uses physical skills competitively under a set of rules),,,,,,,8.431342124938965,3.475039482116699,-0.17592430114746094,-2.425924301147461,-3.175924301147461,0.979795607767969,2.25,True,1, Sport,right,right,known,True,5.953190803527832,m,True,True,m,True
de,Beitrag,m,contribution,single,wiktionary:kaikki@2026-10-03,high,4.91,contribution (something given or offered that adds to a larger whole),,,,,,,8.831356048583984,3.9583139419555664,-0.07791308127343655,-3.0779130458831787,-4.452913045883179,0.9848912171046394,2.999999964609742,True,1, Beitrag,right,right,known,True,6.394834995269775,m,True,True,m,True
de,Urlaub,m,holiday,single,wiktionary:kaikki@2026-10-03,high,4.83,"holiday, vacation",,,,,,,10.446112632751465,2.5342559814453125,-0.05494499020278454,-3.4924449920654297,-4.42994499206543,0.9890262621362895,3.437500001862645,True,2, Url|aub,right,right,known,True,6.490184307098389,m,True,True,m,True
de,Verlag,m,publishing house,single,wiktionary:kaikki@2026-10-03,high,4.75,"publishing house, publisher (a company that produces and sells books, booklets, magazines)",,,,,,,11.776314735412598,2.7729005813598633,-0.08886317163705826,-2.776363253593445,-4.901363134384155,0.9851396011617395,2.6875000819563866,True,2, Ver|lag,right,right,known,True,7.2746076583862305,m,True,True,m,True
de,Brief,m,letter,single,wiktionary:kaikki@2026-10-03,high,4.71,letter (written message),,,,,,,7.485357284545898,3.8876171112060547,-0.06576856039464474,-3.3782684803009033,-4.003268480300903,0.9906081564404212,3.3124999199062586,True,1, Brief,right,right,known,True,5.686487197875977,m,True,True,m,True
de,Mittwoch,m,wednesday,single,wiktionary:kaikki@2026-10-03,high,4.69,Wednesday,,,,,,,9.485649108886719,5.411211967468262,-0.031737806275486946,-5.094237804412842,-4.469237804412842,0.9865622136168977,5.062499998137355,True,3, Mitt|wo|ch,right,right,known,True,7.44843053817749,m,True,True,m,True
de,Norden,m,north,single,wiktionary:kaikki@2026-10-03,high,4.65,north (direction),,,,,,,13.066027641296387,4.033418655395508,-0.25070566684007645,-2.375705659389496,-2.438205599784851,0.9749243101101914,2.1249999925494194,True,2, N|orden,right,right,known,True,8.549723148345947,m,True,True,m,True
de,Antrag,m,application,single,wiktionary:kaikki@2026-10-03,high,4.62,"application, request",,,,,,,6.561663627624512,3.156475067138672,-0.0545651912689209,-3.304565191268921,-5.054565191268921,0.9907095632152997,3.25,True,2, An|trag,right,right,known,True,4.859069347381592,m,True,True,m,True
de,Abstand,m,distance,single,wiktionary:kaikki@2026-10-03,high,4.62,"distance, interspace, spacing, interval, gap",,,,,,,9.756078720092773,7.693635940551758,-0.05326518230140209,-3.4907652139663696,-5.490765333175659,0.9834485257517529,3.4375000316649675,True,2, Ab|stand,right,right,known,True,8.724857330322266,m,True,True,m,True
de,Umgang,m,dealings,single,wiktionary:kaikki@2026-10-03,high,4.61,"dealings, (social) intercourse",,,,,,,11.611942291259766,7.345956802368164,-0.07996051013469696,-3.0799604654312134,-4.267460584640503,0.9833765604504744,2.9999999552965164,True,3, U|mg|ang,right,right,known,True,9.478949546813965,m,True,True,m,True
de,Anlass,m,cause,single,wiktionary:kaikki@2026-10-03,high,4.57,"cause, starting, motive, occasion",,,,,,,7.558784484863281,2.9500904083251953,-0.05443945713341236,-3.366939425468445,-4.991939306259155,0.9905670269089482,3.3124999683350325,True,2, An|lass,right,right,known,True,5.254437446594238,m,True,True,m,True
de,Unterricht,m,lesson,single,wiktionary:kaikki@2026-10-03,high,4.57,"lesson, class, instruction, education",,,,,,,9.459333419799805,4.731895446777344,-0.06533713825047016,-3.1278371810913086,-5.377837181091309,0.985275323456748,3.0625000428408384,True,3, Unt|err|icht,right,right,known,True,7.095614433288574,m,True,True,m,True
de,Ausdruck,m,expression,single,wiktionary:kaikki@2026-10-03,high,4.53,"expression, term",,,,,,,10.172937393188477,-0.18982505798339844,-0.15781588479876518,-2.7203158140182495,-3.0328158140182495,0.9828074143414133,2.5624999292194843,True,3, Aus|dr|uck,right,unsure,unsure,False,4.991556167602539,m,True,False,m,True
de,Standort,m,location,single,wiktionary:kaikki@2026-10-03,high,4.53,"location, place, site",,,,,,,10.742270469665527,3.4914140701293945,-0.10086856782436371,-2.663368582725525,-4.7883687019348145,0.9839920178485853,2.562500014901161,True,2, Stand|ort,right,right,known,True,7.116842269897461,m,True,True,m,True
de,Hass,m,hatred,single,wiktionary:kaikki@2026-10-03,high,4.5,"hatred, hate",,,,,,,6.440456390380859,6.078472137451172,-0.33804453164339066,-2.90054452419281,-1.65054452419281,0.9852287585341037,2.5624999925494194,True,1, Hass,right,right,known,True,6.259464263916016,m,True,True,m,True
de,Art,f,kind,single,wiktionary:kaikki@2026-10-03,high,5.51,"kind, sort, type",,,,,,,-5.156841278076172,-2.109996795654297,-1.9355404376983643,-0.31054046005010605,-2.6855404376983643,0.9663809018511658,-1.6249999776482582,True,1, Art,right,right,known,True,-3.6334190368652344,f,True,True,f,True
de,Gesellschaft,f,company,single,wiktionary:kaikki@2026-10-03,high,5.28,company (presence of other people in general),,,-schaft,,,,-11.154352188110352,-7.799318313598633,-2.937214493751526,-0.12471446208655834,-4.812214612960815,0.9827377708034485,-2.8125000316649675,True,2, Ges|ellschaft,right,right,known,True,-9.476835250854492,f,True,True,f,True
de,Entwicklung,f,evolution,single,wiktionary:kaikki@2026-10-03,high,5.18,evolution,,,-ung,,,,-8.218639373779297,-6.770052909851074,-2.991749405860901,-0.11674940958619118,-3.804249405860901,0.968607644567185,-2.8749999962747097,True,1, Entwicklung,right,right,known,True,-7.4943461418151855,f,True,True,f,True
de,Kultur,f,culture,single,wiktionary:kaikki@2026-10-03,high,5.02,culture,,,-ur,,,,-10.517724990844727,-5.414874076843262,-3.318981170654297,-0.0689811185002327,-4.193981051445007,0.9894532802757117,-3.250000052154064,True,2, K|ultur,right,right,known,True,-7.966299533843994,f,True,True,f,True
de,Gewalt,f,strong or violent force,single,wiktionary:kaikki@2026-10-03,high,4.9,strong or violent force,,,,,,,-7.692070960998535,-3.7898521423339844,-4.170585989952087,-0.0455859424546361,-4.358085870742798,0.9869447661360321,-4.125000047497451,True,2, Gew|alt,right,right,known,True,-5.74096155166626,f,True,True,f,True
de,Energie,f,energy,single,wiktionary:kaikki@2026-10-03,high,4.81,energy,,,,,,,-8.445096969604492,-4.126964569091797,-4.284693241119385,-0.03469328489154577,-4.784693241119385,0.9890616051543437,-4.249999956227839,True,2, E|nergie,right,right,known,True,-6.2860307693481445,f,True,True,f,True
de,Vergangenheit,f,past,single,wiktionary:kaikki@2026-10-03,high,4.79,the past (time),,,-heit,,,,-6.524364471435547,-7.334347724914551,-2.1176742911338806,-0.3676743432879448,-4.430174350738525,0.9802215019510552,-1.7499999478459358,True,3, Verg|angen|heit,right,right,known,True,-6.929356098175049,f,True,True,f,True
de,Umgebung,f,environment,single,wiktionary:kaikki@2026-10-03,high,4.78,"environment (area around something), vicinity, surroundings",,,-ung,,,,-12.866931915283203,-9.955344200134277,-3.496442437171936,-0.05894244834780693,-4.8089423179626465,0.9841239566097,-3.437499988824129,True,2, Um|gebung,right,right,known,True,-11.41113805770874,f,True,True,f,True
de,Behandlung,f,treatment,single,wiktionary:kaikki@2026-10-03,high,4.74,treatment,,,-ung,,,,-8.044346809387207,-6.272656440734863,-3.8125864267349243,-0.06258637458086014,-4.125086307525635,0.9819482095974537,-3.750000052154064,True,3, Beh|and|lung,right,right,known,True,-7.158501625061035,f,True,True,f,True
de,Mehrheit,f,majority,single,wiktionary:kaikki@2026-10-03,high,4.73,majority; bulk,,,-heit,,,,-11.302215576171875,-3.1639862060546875,-2.9538551568984985,-0.07885516062378883,-5.141355037689209,0.982266091021025,-2.8749999962747097,True,2, Mehr|heit,right,right,known,True,-7.233100891113281,f,True,True,f,True
de,Öffentlichkeit,f,public,single,wiktionary:kaikki@2026-10-03,high,4.69,public,,,-keit,,,,-9.275999069213867,-5.148870468139648,-2.2310645133256912,-0.7310645822435617,-5.731064558029175,0.9846198588547198,-1.4999999310821295,False,4, Ö|ff|entlich|keit,right,right,known,True,-7.212434768676758,f,True,True,f,True
de,Produktion,f,production,single,wiktionary:kaikki@2026-10-03,high,4.68,production,,,-ion,,,,-8.010557174682617,-3.704540252685547,-1.901382714509964,-0.4638827554881573,-4.338882684707642,0.9858205340578312,-1.4374999590218067,False,2, Produ|ktion,right,right,known,True,-5.857548713684082,f,True,True,f,True
de,Länge,f,length,single,wiktionary:kaikki@2026-10-03,high,4.64,length,,,,,,,-17.146491050720215,-4.922876358032227,-2.382149361073971,-1.1946494290605187,-7.0071492195129395,0.9871229593293547,-1.187499932013452,False,2, L|änge,right,right,known,True,-11.03468370437622,f,True,True,f,True
de,Vorstellung,f,idea,single,wiktionary:kaikki@2026-10-03,high,4.63,"idea, image, representation (the transcript, image, or picture of a visible object that is formed by the mind)",,,-ung,,,,-11.055130958557129,-7.490596771240234,-4.594237327575684,-0.03173734713345766,-5.344237327575684,0.9846986256651571,-4.562499980442226,True,2, Vor|stellung,right,right,known,True,-9.272863864898682,f,True,True,f,True
de,Bühne,f,stage,single,wiktionary:kaikki@2026-10-03,high,4.62,"stage (typically elevated space in front of a room for concerts, theater and other performances)",,,,,,,-10.628217697143555,-6.838326454162598,-3.4920190572738647,-0.054519155994057655,-5.929519176483154,0.9902690182160627,-3.437499901279807,True,3, B|üh|ne,right,right,known,True,-8.733272075653076,f,True,True,f,True
de,Medizin,f,medicine,single,wiktionary:kaikki@2026-10-03,high,4.56,medicine (the study of disease and treatment; the profession based thereon),,,,,,,-9.543420791625977,-3.01483154296875,-2.8492705821990967,-0.09927064552903175,-4.474270820617676,0.9859507542809405,-2.749999936670065,True,2, Med|izin,right,right,known,True,-6.279126167297363,f,True,True,f,True
de,Ausnahme,f,exception,single,wiktionary:kaikki@2026-10-03,high,4.56,exception,,,,,,,-5.178461074829102,-9.38966178894043,-2.040358304977417,-1.602858304977417,-1.790358304977417,0.4992007396484539,-0.4375,True,2, Aus|nahme,right,right,known,True,-7.284061431884766,f,True,True,f,True
de,Kommunikation,f,communication,single,wiktionary:kaikki@2026-10-03,high,4.55,"communication, exchange of signs",,,-ion,,,,-8.18609619140625,-4.754365921020508,-3.563170075416565,-0.06317011639475822,-4.563169956207275,0.9813606489614793,-3.4999999590218067,True,3, Komm|unik|ation,right,right,known,True,-6.470231056213379,f,True,True,f,True
de,Einstellung,f,attitude,single,wiktionary:kaikki@2026-10-03,high,4.54,"attitude, mindset, disposition",,,-ung,,,,-6.605524063110352,-9.276861190795898,-4.2269779443740845,-0.03939629904925823,-5.101896286010742,0.9855870076529535,-4.187581645324826,True,3, E|inst|ellung,right,right,known,True,-7.941192626953125,f,True,True,f,True
de,Krise,f,crisis,single,wiktionary:kaikki@2026-10-03,high,4.51,crisis (unstable situation),,,,,,,-7.537832260131836,-5.241016387939453,-4.83939266204834,-0.02689275238662958,-5.40189266204834,0.9883725917024759,-4.81249990966171,True,2, Kr|ise,right,right,known,True,-6.3894243240356445,f,True,True,f,True
es,cloruro,m,chloride,single,wiktionary:kaikki@2026-10-03,low,3.27,chloride,,,,o,yes,,1.8155107498168945,1.748422622680664,-0.02295813336968422,-4.960458040237427,,0.9846604383595239,4.9374999068677425,True,3, cl|or|uro,right,right,known,True,1.7819666862487793,m,True,True,m,True
es,pluralismo,m,pluralism,single,wiktionary:kaikki@2026-10-03,low,3.27,pluralism,,,,o,yes,,4.225488662719727,3.6187496185302734,-0.2644420862197876,-2.6394420862197876,,0.8413843750547956,2.375,True,2, plural|ismo,right,right,known,True,3.922119140625,m,True,True,m,True
es,anzuelo,m,hook,single,wiktionary:kaikki@2026-10-03,low,3.12,"hook, fishhook",,,,o,yes,,3.6544618606567383,5.429803848266602,-0.04962748195976019,-3.987127423286438,,0.9746268203477797,3.937499941326678,True,3, anz|uel|o,right,right,known,True,4.54213285446167,m,True,True,m,True
es,tapiz,m,tapestry,single,wiktionary:kaikki@2026-10-03,low,3.06,tapestry,,,,other,,,5.861276626586914,4.922948837280273,-0.042551152408123016,-3.7300511598587036,,0.9834938438112588,3.6875000074505806,True,2, tap|iz,right,right,known,True,5.392112731933594,m,True,True,m,True
es,espécimen,m,specimen,single,wiktionary:kaikki@2026-10-03,low,3.05,specimen,,,,other,,,5.921142578125,9.64126205444336,-0.13834499567747116,-2.7633450031280518,,0.9357247076072495,2.6250000074505806,True,3, esp|éc|imen,right,right,known,True,7.78120231628418,m,True,True,m,True
es,talco,m,talc,single,wiktionary:kaikki@2026-10-03,low,3.02,talc,,,,o,yes,,7.141373634338379,3.501697540283203,-0.06770960800349712,-3.0052095651626587,,0.9848914307811931,2.9374999571591616,True,2, tal|co,right,right,known,True,5.321535587310791,m,True,True,m,True
es,reflujo,m,ebb,single,wiktionary:kaikki@2026-10-03,low,2.96,ebb,,,,o,yes,,2.0216903686523438,3.1882495880126953,-0.11464471742510796,-2.739644765853882,,0.9562846616576897,2.625000048428774,True,3, re|flu|jo,right,right,known,True,2.6049699783325195,m,True,True,m,True
es,prostíbulo,m,brothel,single,wiktionary:kaikki@2026-10-03,low,2.95,"brothel, whorehouse",,,,o,yes,,3.880321502685547,8.688282012939453,-0.0845126174390316,-3.0220125913619995,,0.9677556774746026,2.937499973922968,True,4, prost|í|b|ulo,right,right,known,True,6.2843017578125,m,True,True,m,True
es,gulag,m,gulag,single,wiktionary:kaikki@2026-10-03,low,2.92,gulag,,,,other,,,1.7801513671875,2.5707550048828125,-0.12648123130202293,-2.751481294631958,,0.9526505647877219,2.625000063329935,True,2, gul|ag,right,right,known,True,2.1754531860351562,m,True,True,m,True
es,racionalismo,m,rationalism,single,wiktionary:kaikki@2026-10-03,low,2.89,rationalism (theory that the basis of knowledge is reason),,,,o,yes,,9.575563430786133,2.232759475708008,-0.05260378494858742,-3.615103840827942,,0.9761460785558285,3.5625000558793545,True,3, rac|ional|ismo,right,right,known,True,5.90416145324707,m,True,True,m,True
es,ciberespacio,m,cyberspace,single,wiktionary:kaikki@2026-10-03,low,2.82,cyberspace,,,,o,yes,,8.850075721740723,5.012725830078125,-0.07083545625209808,-3.5083354711532593,,0.9616535023910353,3.437500014901161,True,4, c|iber|esp|acio,right,right,known,True,6.931400775909424,m,True,True,m,True
es,sarro,m,tartar,single,wiktionary:kaikki@2026-10-03,low,2.74,tartar,,,,o,yes,,3.845224380493164,4.462182998657227,-0.14076413214206696,-2.3907642364501953,,0.9661389415521218,2.2500001043081284,True,2, sar|ro,right,right,known,True,4.153703689575195,m,True,True,m,True
es,tilo,m,basswood,single,wiktionary:kaikki@2026-10-03,low,2.69,"basswood, limewood, linden wood",,,,o,yes,,3.407642364501953,1.5585155487060547,-0.10533910989761353,-2.7928391695022583,,0.9705428550205628,2.6875000596046448,True,2, til|o,right,right,known,True,2.483078956604004,m,True,True,m,True
es,varadero,m,dry dock,single,wiktionary:kaikki@2026-10-03,low,2.67,dry dock,,,,o,yes,,3.948577880859375,4.522613525390625,-0.21038030087947845,-2.1478803157806396,,0.9320699876917256,1.9375000149011612,True,2, var|adero,right,right,known,True,4.235595703125,m,True,True,m,True
es,acatamiento,m,observance,single,wiktionary:kaikki@2026-10-03,low,2.66,"observance, compliance",,,,o,yes,,2.760364532470703,2.248250961303711,-0.08736639842391014,-2.962366461753845,,0.9680724409524115,2.875000063329935,True,3, ac|at|amiento,right,right,known,True,2.504307746887207,m,True,True,m,True
es,lirismo,m,lyricism,single,wiktionary:kaikki@2026-10-03,low,2.65,lyricism,,,,o,yes,,6.032283782958984,3.4877071380615234,-0.09570952132344246,-3.095709443092346,,0.9543174329196309,2.9999999217689037,True,3, l|ir|ismo,right,right,known,True,4.759995460510254,m,True,True,m,True
es,lesbianismo,m,lesbianism,single,wiktionary:kaikki@2026-10-03,low,2.61,lesbianism,,,,o,yes,,2.52713680267334,0.9686450958251953,-0.10154259204864502,-2.914042592048645,,0.9578142338730271,2.8125,True,2, lesbian|ismo,right,unsure,unsure,False,1.7478909492492676,m,True,True,m,True
es,gamonal,m,white asphodel plantation or wood,single,wiktionary:kaikki@2026-10-03,low,2.55,white asphodel plantation or wood,,,,other,,,4.150413513183594,4.501132965087891,-0.6194693446159363,-0.9944693744182587,,0.9513754683382323,0.3750000298023224,False,2, gam|onal,right,right,known,True,4.325773239135742,m,True,True,m,True
es,escorbuto,m,scurvy,single,wiktionary:kaikki@2026-10-03,low,2.52,scurvy,,,,o,yes,,3.398935317993164,3.333505630493164,-0.0638467688113451,-3.5638468265533447,,0.9667128178594812,3.5000000577419996,True,3, esc|orb|uto,right,right,known,True,3.366220474243164,m,True,True,m,True
es,asidero,m,handle,single,wiktionary:kaikki@2026-10-03,low,2.51,handle; hold (something to grab),,,,o,yes,,6.786588668823242,6.839006423950195,-0.17321139574050903,-2.110711455345154,,0.9623794919228703,1.9375000596046448,True,3, as|ider|o,right,right,known,True,6.812797546386719,m,True,True,m,True
es,comprobación,f,check,single,wiktionary:kaikki@2026-10-03,low,3.49,"check, checking, verification, ascertainment, crosscheck (act of inspecting or verifying)",,,,other,,,-6.310760498046875,-5.380629539489746,-2.98538875579834,-0.11038868874311447,,0.9521903093500712,-2.8750000670552254,True,3, com|prob|ación,right,right,known,True,-5.8456950187683105,f,True,True,f,True
es,seducción,f,seduction,single,wiktionary:kaikki@2026-10-03,low,3.38,seduction,,,,other,,,-6.883733749389648,-5.943088531494141,-4.291431665420532,-0.04143165238201618,,0.9735241441605573,-4.250000013038516,True,2, sed|ucción,right,right,known,True,-6.4134111404418945,f,True,True,f,True
es,cisterna,f,cistern,single,wiktionary:kaikki@2026-10-03,low,3.29,cistern,,,,a,yes,,-0.9656181335449219,-3.8724098205566406,-2.6066073179244995,-0.10660722479224205,,0.97750213775632,-2.5000000931322575,True,3, c|ist|erna,unsure,right,unsure,False,-2.4190139770507812,f,True,True,f,True
es,sustentabilidad,f,sustainability,single,wiktionary:kaikki@2026-10-03,low,3.26,sustainability,,,,other,,,-5.1262407302856445,-3.124082565307617,-3.7880390882492065,-0.10053914785385132,,0.9272597687854851,-3.6874999403953552,True,3, sust|ent|abilidad,right,right,known,True,-4.125161647796631,f,True,True,f,True
es,herejía,f,heresy,single,wiktionary:kaikki@2026-10-03,low,3.23,heresy,,,,a,yes,,-9.048444747924805,-7.317350387573242,-4.654131889343262,-0.029131827875971794,,0.9811112267057099,-4.62500006146729,True,3, here|j|ía,right,right,known,True,-8.182897567749023,f,True,True,f,True
es,legitimación,f,authentication,single,wiktionary:kaikki@2026-10-03,low,3.21,"authentication, legitimation",,,,other,,,-6.716459274291992,-5.237712860107422,-3.49310564994812,-0.05560566112399101,,0.9777821671437917,-3.437499988824129,True,2, legitim|ación,right,right,known,True,-5.977086067199707,f,True,True,f,True
es,hipnosis,f,hypnosis,single,wiktionary:kaikki@2026-10-03,low,3.09,hypnosis,,,,other,,,-3.8901710510253906,-1.9519500732421875,-3.0745513439178467,-0.07455131225287914,,0.9799734717814509,-3.0000000316649675,True,2, hip|nosis,right,right,known,True,-2.921060562133789,f,True,True,f,True
es,picadura,f,sting,single,wiktionary:kaikki@2026-10-03,low,3.05,"sting, bite e.g. from a snake or insect",,,,a,yes,,-6.056707382202148,-4.535408020019531,-4.529052257537842,-0.02905215322971344,,0.9824947846076932,-4.500000104308128,True,3, pic|ad|ura,right,right,known,True,-5.29605770111084,f,True,True,f,True
es,reedición,f,reprint,single,wiktionary:kaikki@2026-10-03,low,3.0,reprint,,,,other,,,-3.757986068725586,-1.622976303100586,-2.6210790872573853,-0.18357902765274048,,0.9215114352774776,-2.4375000596046448,True,3, re|ed|ición,right,right,known,True,-2.690481185913086,f,True,True,f,True
es,incautación,f,confiscation,single,wiktionary:kaikki@2026-10-03,low,2.96,"confiscation, seizure, seizing, impoundment, impounding",,,,other,,,-3.9510650634765625,-5.543231964111328,-3.9197373390197754,-0.04473749361932278,,0.976246908293646,-3.8749998454004526,True,4, in|ca|ut|ación,right,right,known,True,-4.747148513793945,f,True,True,f,True
es,intercepción,f,interception,single,wiktionary:kaikki@2026-10-03,low,2.84,interception,,,,other,,,-5.762241363525391,-6.292657852172852,-3.446311116218567,-0.0713110901415348,,0.9630471937923544,-3.375000026077032,True,3, inter|ce|pción,right,right,known,True,-6.027449607849121,f,True,True,f,True
es,facilitación,f,facilitation,single,wiktionary:kaikki@2026-10-03,low,2.82,facilitation,,,,other,,,-6.405393600463867,-5.248823165893555,-3.6272393465042114,-0.06473932601511478,,0.9651828800850167,-3.5625000204890966,True,2, facilit|ación,right,right,known,True,-5.827108383178711,f,True,True,f,True
es,urticaria,f,urticaria,single,wiktionary:kaikki@2026-10-03,low,2.78,urticaria,,,,a,yes,,-4.939303398132324,-2.5405044555664062,-3.7396517992019653,-0.05215186066925526,,0.9730003870612156,-3.68749993853271,True,3, ur|tic|aria,right,right,known,True,-3.7399039268493652,f,True,True,f,True
es,perplejidad,f,perplexity,single,wiktionary:kaikki@2026-10-03,low,2.76,perplexity,,,,other,,,-8.188899993896484,-8.512454986572266,-3.256120800971985,-0.06862078048288822,,0.9728723732874849,-3.1875000204890966,True,4, per|ple|j|idad,right,right,known,True,-8.350677490234375,f,True,True,f,True
es,carnada,f,bait,single,wiktionary:kaikki@2026-10-03,low,2.74,bait,,,,a,yes,,-4.438631057739258,-4.320489883422852,-1.6205480098724365,-0.3080480024218559,,0.9576485034201505,-1.3125000074505806,True,2, carn|ada,right,right,known,True,-4.379560470581055,f,True,True,f,True
es,liana,f,liana,single,wiktionary:kaikki@2026-10-03,low,2.72,"liana (a climbing woody vine, usually tropical)",,,,a,yes,,-3.483795166015625,-6.7513275146484375,-1.695823848247528,-0.2583238407969475,,0.9630635934968412,-1.4375000074505806,True,2, li|ana,right,right,known,True,-5.117561340332031,f,True,True,f,True
es,botica,f,drugstore,single,wiktionary:kaikki@2026-10-03,low,2.71,"drugstore, pharmacy",,,,a,yes,,-5.6599016189575195,-3.353424072265625,-4.157378435134888,-0.03237842209637165,,0.9837895963873333,-4.125000013038516,True,2, bot|ica,right,right,known,True,-4.506662845611572,f,True,True,f,True
es,bisexualidad,f,bisexuality,single,wiktionary:kaikki@2026-10-03,low,2.59,bisexuality,,,,other,,,-5.347131729125977,-5.835475921630859,-2.9640525579452515,-0.08905258402228355,,0.9667907743908404,-2.874999973922968,True,2, bisexual|idad,right,right,known,True,-5.591303825378418,f,True,True,f,True
es,carambola,f,star fruit,single,wiktionary:kaikki@2026-10-03,low,2.54,star fruit,,,,a,yes,,-4.155401229858398,-6.201911926269531,-2.17548930644989,-0.17548932135105133,,0.955749092606516,-1.9999999850988388,True,4, c|aram|b|ola,right,right,known,True,-5.178656578063965,f,True,True,f,True
es,discontinuidad,f,discontinuity,single,wiktionary:kaikki@2026-10-03,low,2.54,discontinuity,,,,other,,,-4.600844383239746,-3.3445072174072266,-4.041695952415466,-0.10419593006372452,,0.9194645931713757,-3.937500022351742,True,3, discontin|uid|ad,right,right,known,True,-3.9726758003234863,f,True,True,f,True
es,rol,m,role,single,wiktionary:kaikki@2026-10-03,mid,4.49,role,,,,other,,,3.2553939819335938,4.845497131347656,-0.31175844371318817,-1.5617583990097046,,0.9473246789782497,1.2499999552965164,True,1, rol,right,right,known,True,4.050445556640625,m,True,True,m,True
es,episodio,m,episode,single,wiktionary:kaikki@2026-10-03,mid,4.4,episode (installment of a drama told in parts),,,,o,yes,,3.6875953674316406,5.942415237426758,-0.051923349499702454,-3.5519232749938965,,0.9780801162799573,3.499999925494194,True,3, epis|od|io,right,right,known,True,4.815005302429199,m,True,True,m,True
es,asco,m,disgust,single,wiktionary:kaikki@2026-10-03,mid,4.37,disgust,,,,o,yes,,4.732830047607422,5.572307586669922,-0.07972140237689018,-3.2047213315963745,,0.9639588619951363,3.1249999292194843,True,2, as|co,right,right,known,True,5.152568817138672,m,True,True,m,True
es,órgano,m,organ,single,wiktionary:kaikki@2026-10-03,mid,4.35,organ (a larger part of an organism),,,,o,yes,,4.0160980224609375,5.352817535400391,-0.07079712674021721,-3.0082972049713135,,0.9811281283808708,2.9375000782310963,True,2, órg|ano,right,right,known,True,4.684457778930664,m,True,True,m,True
es,paisaje,m,landscape,single,wiktionary:kaikki@2026-10-03,mid,4.3,landscape (the view of an area of land),,,,other,,,4.841174125671387,5.769615173339844,-0.037512676790356636,-4.537512540817261,,0.973986871059423,4.499999864026904,True,2, pais|aje,right,right,known,True,5.305394649505615,m,True,True,m,True
es,acento,m,accent,single,wiktionary:kaikki@2026-10-03,mid,4.1,accent (typographical line),,,,o,yes,,6.996667861938477,5.962009429931641,-0.09650260210037231,-3.034002661705017,,0.9583853411362679,2.9375000596046448,True,3, a|cent|o,right,right,known,True,6.479338645935059,m,True,True,m,True
es,énfasis,m,emphasis,single,wiktionary:kaikki@2026-10-03,mid,4.08,emphasis,,,,other,,,3.4166107177734375,0.9781570434570312,-1.1898515820503235,-1.9398515820503235,,0.4602876857191209,0.75,True,3, é|nf|asis,right,unsure,unsure,False,2.1973838806152344,m,True,True,m,True
es,batallón,m,battalion,single,wiktionary:kaikki@2026-10-03,mid,3.88,battalion,,,,other,,,4.731678009033203,2.783498764038086,-0.06821906194090843,-3.5057190656661987,,0.9656127844586642,3.4375000037252903,True,3, bat|all|ón,right,right,known,True,3.7575883865356445,m,True,True,m,True
es,llanto,m,crying,single,wiktionary:kaikki@2026-10-03,mid,3.81,crying,,,,o,yes,,6.137984275817871,3.0739612579345703,-0.03844901733100414,-3.8509490489959717,,0.9839097653568967,3.8125000316649675,True,2, ll|anto,right,right,known,True,4.605972766876221,m,True,True,m,True
es,aplauso,m,applause,single,wiktionary:kaikki@2026-10-03,mid,3.79,applause (act of applauding),,,,o,yes,,3.909208297729492,2.3330440521240234,-0.07623815536499023,-3.5137381553649902,,0.9564723197663393,3.4375,True,3, apl|aus|o,right,right,known,True,3.121126174926758,m,True,True,m,True
es,hábitat,m,habitat,single,wiktionary:kaikki@2026-10-03,mid,3.7,habitat (natural conditions in which a plant or animal lives),,,,other,,,2.508127212524414,5.060724258422852,-0.15210779756307602,-2.277107834815979,,0.9644432189612193,2.125000037252903,True,3, há|bit|at,right,right,known,True,3.784425735473633,m,True,True,m,True
es,caño,m,tube or pipe,single,wiktionary:kaikki@2026-10-03,mid,3.67,tube or pipe,,,,o,yes,,6.209194183349609,3.7425270080566406,-0.05364515073597431,-3.366145133972168,,0.9828820706792092,3.3124999832361937,True,2, ca|ño,right,right,known,True,4.975860595703125,m,True,True,m,True
es,vencimiento,m,defeat,single,wiktionary:kaikki@2026-10-03,mid,3.63,"defeat, collapse",,,,o,yes,,3.2578468322753906,4.735347747802734,-0.1243978962302208,-2.374397873878479,,0.976121831283832,2.249999977648258,True,3, v|enc|imiento,right,right,known,True,3.9965972900390625,m,True,True,m,True
es,lodo,m,mud,single,wiktionary:kaikki@2026-10-03,mid,3.63,mud; muck; mire,,,,o,yes,,2.981414794921875,0.8549442291259766,-0.11898613348603249,-2.743986129760742,,0.9540596804022801,2.6249999962747097,True,2, l|odo,right,unsure,unsure,False,1.9181795120239258,m,True,True,m,True
es,vinagre,m,vinegar,single,wiktionary:kaikki@2026-10-03,mid,3.61,vinegar (a sour liquid formed by the fermentation of alcohol used as a condiment or preservative),,,,other,,,4.288985252380371,5.1719512939453125,-0.024494357407093048,-4.649494409561157,,0.9865822569236338,4.625000052154064,True,3, vin|ag|re,right,right,known,True,4.730468273162842,m,True,True,m,True
es,empoderamiento,m,empowerment,single,wiktionary:kaikki@2026-10-03,mid,3.58,"empowerment, empowering",,,,o,yes,,5.191411972045898,7.513694763183594,-0.09423995763063431,-3.1567399501800537,,0.9534747731893611,3.0624999925494194,True,3, emp|oder|amiento,right,right,known,True,6.352553367614746,m,True,True,m,True
es,telón,m,curtain,single,wiktionary:kaikki@2026-10-03,mid,3.58,curtain,,,,other,,,6.80042839050293,9.118664741516113,-0.04365895874798298,-3.481158971786499,,0.9881115638178449,3.437500013038516,True,2, tel|ón,right,right,known,True,7.9595465660095215,m,True,True,m,True
es,nitrógeno,m,nitrogen,single,wiktionary:kaikki@2026-10-03,mid,3.55,nitrogen,,,,o,yes,,3.3322811126708984,2.819049835205078,-0.0232097115367651,-7.023209571838379,,0.9780683133083827,6.999999860301614,True,5, n|itr|ó|gen|o,right,right,known,True,3.0756654739379883,m,True,True,m,True
es,escalón,m,step,single,wiktionary:kaikki@2026-10-03,mid,3.51,"step (of a ladder, staircase)",,,,other,,,5.501302719116211,8.804302215576172,-0.046861039474606514,-3.671860933303833,,0.9814333674325586,3.6249998938292265,True,2, escal|ón,right,right,known,True,7.152802467346191,m,True,True,m,True
es,aval,m,endorsement,single,wiktionary:kaikki@2026-10-03,mid,3.51,endorsement,,,,other,,,7.483856201171875,6.410186767578125,-0.3132403492927551,-1.4382402896881104,,0.9698752285171185,1.1249999403953552,True,1, aval,right,right,known,True,6.947021484375,m,True,True,m,True
es,cooperación,f,cooperation,single,wiktionary:kaikki@2026-10-03,mid,4.49,cooperation,,,,other,,,-7.504474639892578,-5.804714202880859,-4.1163225173950195,-0.05382252857089043,,0.9641918804923433,-4.062499988824129,True,2, cooper|ación,right,right,known,True,-6.654594421386719,f,True,True,f,True
es,raíz,f,root,single,wiktionary:kaikki@2026-10-03,mid,4.46,root; root vegetable,,,,other,,,-3.8869800567626953,-4.549687385559082,-3.194917678833008,-0.0699177198112011,,0.9784382813011885,-3.1249999590218067,True,3, ra|í|z,right,right,known,True,-4.218333721160889,f,True,True,f,True
es,identificación,f,identification,single,wiktionary:kaikki@2026-10-03,mid,4.39,identification,,,,other,,,-6.827217102050781,-6.097420692443848,-1.5817062854766846,-0.26920628547668457,,0.9724942993043939,-1.3125,True,2, ident|ificación,right,right,known,True,-6.4623188972473145,f,True,True,f,True
es,depresión,f,depression,single,wiktionary:kaikki@2026-10-03,mid,4.33,depression,,,,other,,,-8.097906112670898,-5.096710205078125,-4.9670281410217285,-0.029528279788792133,,0.9779942341378555,-4.937499861232936,True,3, dep|res|ión,right,right,known,True,-6.597308158874512,f,True,True,f,True
es,finalidad,f,purpose,single,wiktionary:kaikki@2026-10-03,mid,4.27,"purpose, objective, aim",,,,other,,,-4.726187705993652,-5.042291641235352,-2.34371280670166,-0.34371277689933777,,0.8051367905657592,-2.0000000298023224,True,2, final|idad,right,right,known,True,-4.884239673614502,f,True,True,f,True
es,grabación,f,recording,single,wiktionary:kaikki@2026-10-03,mid,4.21,recording (an activity or result),,,,other,,,-7.645482063293457,-9.965747833251953,-4.348803281784058,-0.03630336094647646,,0.9785153046267917,-4.312499920837581,True,2, grab|ación,right,right,known,True,-8.805614948272705,f,True,True,f,True
es,integridad,f,integrity,single,wiktionary:kaikki@2026-10-03,mid,4.16,integrity,,,,other,,,-5.636246681213379,-4.861787796020508,-4.226205468177795,-0.038705495186150074,,0.978048107750136,-4.187499972991645,True,3, integ|rid|ad,right,right,known,True,-5.249017238616943,f,True,True,f,True
es,coincidencia,f,coincidence,single,wiktionary:kaikki@2026-10-03,mid,4.04,coincidence,,,,a,yes,,-5.438920974731445,-7.084955215454102,-4.493392467498779,-0.05589245446026325,,0.9579392439486942,-4.437500013038516,True,3, coinc|id|encia,right,right,known,True,-6.261938095092773,f,True,True,f,True
es,comarca,f,district,single,wiktionary:kaikki@2026-10-03,mid,3.95,district,,,,a,yes,,-7.104732513427734,-2.303131103515625,-3.791771173477173,-0.04177120886743069,,0.9823392735803467,-3.749999964609742,True,3, com|ar|ca,right,right,known,True,-4.70393180847168,f,True,True,f,True
es,validez,f,validity,single,wiktionary:kaikki@2026-10-03,mid,3.93,validity,,,,other,,,-5.99716854095459,-3.318399429321289,-2.499469518661499,-0.12446947768330574,,0.9704272950424346,-2.3750000409781933,True,2, valide|z,right,right,known,True,-4.6577839851379395,f,True,True,f,True
es,pascua,f,easter,single,wiktionary:kaikki@2026-10-03,mid,3.93,Easter,,,,a,yes,,-4.741424560546875,-4.022731781005859,-4.288075566291809,-0.03807569481432438,,0.9773453248350988,-4.249999871477485,True,3, p|asc|ua,right,right,known,True,-4.382078170776367,f,True,True,f,True
es,procesión,f,procession,single,wiktionary:kaikki@2026-10-03,mid,3.8,procession (act of progressing or proceeding),,,,other,,,-7.233564376831055,-7.192033767700195,-4.5288026332855225,-0.02880262676626444,,0.9831679868900087,-4.500000006519258,True,2, proces|ión,right,right,known,True,-7.212799072265625,f,True,True,f,True
es,dominación,f,domination,single,wiktionary:kaikki@2026-10-03,mid,3.73,domination,,,,other,,,-6.853121757507324,-3.652639389038086,-3.8667885065078735,-0.05428852699697018,,0.9684922306503971,-3.8124999795109034,True,2, domin|ación,right,right,known,True,-5.252880573272705,f,True,True,f,True
es,brisa,f,breeze,single,wiktionary:kaikki@2026-10-03,mid,3.69,breeze,,,,a,yes,,-3.7232608795166016,-6.37030029296875,-3.616583466529846,-0.0540834479033947,,0.9755165907185007,-3.5625000186264515,True,2, br|isa,right,right,known,True,-5.046780586242676,f,True,True,f,True
es,convergencia,f,convergence,single,wiktionary:kaikki@2026-10-03,mid,3.65,"convergence, convergency",,,,a,yes,,-6.39919376373291,-4.9519853591918945,-3.749546766281128,-0.062046732753515244,,0.9644967055086093,-3.6875000335276127,True,3, conver|g|encia,right,right,known,True,-5.675589561462402,f,True,True,f,True
es,obediencia,f,obedience,single,wiktionary:kaikki@2026-10-03,mid,3.58,obedience,,,,a,yes,,-5.024686813354492,-5.056606292724609,-4.2254319190979,-0.03793193958699703,,0.977425656915278,-4.187499979510903,True,3, ob|edi|encia,right,right,known,True,-5.040646553039551,f,True,True,f,True
es,guarnición,f,garrison,single,wiktionary:kaikki@2026-10-03,mid,3.58,garrison,,,,other,,,-6.715442657470703,-1.97808837890625,-2.225495457649231,-0.16299547255039215,,0.962378089518256,-2.062499985098839,True,3, gu|arn|ición,right,right,known,True,-4.346765518188477,f,True,True,f,True
es,descomposición,f,decomposition,single,wiktionary:kaikki@2026-10-03,mid,3.58,decomposition,,,,other,,,-6.287389755249023,-3.4855709075927734,-3.9615564346313477,-0.08655643090605736,,0.9374502534456222,-3.8750000037252903,True,3, des|com|posición,right,right,known,True,-4.886480331420898,f,True,True,f,True
es,parálisis,f,paralysis,single,wiktionary:kaikki@2026-10-03,mid,3.57,paralysis,,,,other,,,-0.4994163513183594,0.6107711791992188,-4.409734487533569,-0.03473461791872978,,0.9781256754949428,-4.3749998696148396,True,3, par|ál|isis,unsure,unsure,unsure,False,0.05567741394042969,m,False,False,f,True
es,cavidad,f,cavity,single,wiktionary:kaikki@2026-10-03,mid,3.54,cavity,,,,other,,,-5.765132904052734,-8.858659744262695,-4.531870603561401,-0.03187073953449726,,0.9807511156647842,-4.499999864026904,True,2, cav|idad,right,right,known,True,-7.311896324157715,f,True,True,f,True
es,tiempo,m,time,single,wiktionary:kaikki@2026-10-03,high,5.97,time,,,,o,yes,,7.963593006134033,4.693920135498047,-0.03610816318541765,-4.3486082553863525,,0.9774952726419636,4.312500092200935,True,1, tiempo,right,right,known,True,6.32875657081604,m,True,True,m,True
es,año,m,year,single,wiktionary:kaikki@2026-10-03,high,5.88,year,,,,o,yes,,5.76324462890625,4.764473915100098,-0.0227564238011837,-6.022756338119507,,0.9800144533053496,5.999999914318323,True,1, año,right,right,known,True,5.263859272003174,m,True,True,m,True
es,país,m,country,single,wiktionary:kaikki@2026-10-03,high,5.78,country (the territory of a nation),,,,other,,,5.498435020446777,5.888201713562012,-0.04569459520280361,-4.045694589614868,,0.9728329257701838,3.9999999944120646,True,1, país,right,right,known,True,5.6933183670043945,m,True,True,m,True
es,marzo,m,march,single,wiktionary:kaikki@2026-10-03,high,5.22,March,,,,o,yes,,1.279043197631836,0.9943981170654297,-0.11631593853235245,-3.9288158416748047,,0.9105224709150124,3.8124999031424522,True,1, marzo,right,unsure,unsure,False,1.1367206573486328,m,True,True,m,True
es,modo,m,way,single,wiktionary:kaikki@2026-10-03,high,5.19,"way, manner",,,,o,yes,,5.475543975830078,4.3394060134887695,-0.11806889623403549,-2.8055689334869385,,0.9519106449086551,2.687500037252903,True,1, modo,right,right,known,True,4.907474994659424,m,True,True,m,True
es,movimiento,m,movement,single,wiktionary:kaikki@2026-10-03,high,5.16,movement (physical motion between points in space),,,,o,yes,,7.0932464599609375,6.322064399719238,-0.05223105289041996,-3.6147310733795166,,0.9760986411073207,3.5625000204890966,True,1, movimiento,right,right,known,True,6.707655429840088,m,True,True,m,True
es,sector,m,section,single,wiktionary:kaikki@2026-10-03,high,5.04,section,,,,other,,,6.100079536437988,2.428009033203125,-0.04644009657204151,-3.546440005302429,,0.9834500335892651,3.4999999087303877,True,1, sector,right,right,known,True,4.264044284820557,m,True,True,m,True
es,brasil,m,brazil,single,wiktionary:kaikki@2026-10-03,high,5.0,"brazil, brazilwood",,,,other,,,3.4402236938476562,1.4000301361083984,-0.24747496843338013,-2.3099749088287354,,0.8817373574453815,2.0624999403953552,True,2, br|asil,right,right,known,True,2.4201269149780273,m,True,True,m,True
es,texto,m,text,single,wiktionary:kaikki@2026-10-03,high,4.98,text,,,,o,yes,,5.644924163818359,7.357213973999023,-0.03791483025997877,-4.350414752960205,,0.9763507108471283,4.312499922700226,True,1, texto,right,right,known,True,6.501069068908691,m,True,True,m,True
es,riesgo,m,risk,single,wiktionary:kaikki@2026-10-03,high,4.89,risk; the possibility of harm or an unfavorable outcome from random chance,,,,o,yes,,5.925942420959473,5.32088565826416,-0.04290897957980633,-3.9804089069366455,,0.9775890129258165,3.937499927356839,True,2, ries|go,right,right,known,True,5.623414039611816,m,True,True,m,True
es,producto,m,product,single,wiktionary:kaikki@2026-10-03,high,4.88,"product, commodity, item",,,,o,yes,,5.997730255126953,4.7667436599731445,-0.06527246348559856,-3.815272331237793,,0.9616383611454873,3.7499998677521944,True,1, producto,right,right,known,True,5.382236957550049,m,True,True,m,True
es,parque,m,park,single,wiktionary:kaikki@2026-10-03,high,4.85,park,,,,other,,,7.6273345947265625,8.520317077636719,-0.027349142357707024,-4.714849233627319,,0.9820072510148998,4.687500091269612,True,2, par|que,right,right,known,True,8.07382583618164,m,True,True,m,True
es,periodo,m,period,single,wiktionary:kaikki@2026-10-03,high,4.73,"period, menstrual cycle",,,,o,yes,,4.70736026763916,4.800785064697266,-0.0438692569732666,-3.7938692569732666,,0.9797669375719826,3.75,True,1, periodo,right,right,known,True,4.754072666168213,m,True,True,m,True
es,foro,m,forum,single,wiktionary:kaikki@2026-10-03,high,4.67,forum (a place for discussion),,,,o,yes,,6.496672630310059,3.836186408996582,-0.11326871812343597,-2.550768733024597,,0.9710749224276247,2.437500014901161,True,2, for|o,right,right,known,True,5.16642951965332,m,True,True,m,True
es,turismo,m,tourism,single,wiktionary:kaikki@2026-10-03,high,4.63,tourism,,,,o,yes,,5.289876937866211,5.714408874511719,-0.044390879571437836,-3.9193907976150513,,0.9765980062215336,3.8749999180436134,True,2, tur|ismo,right,right,known,True,5.502142906188965,m,True,True,m,True
es,desastre,m,disaster,single,wiktionary:kaikki@2026-10-03,high,4.56,"disaster, catastrophe, calamity",,,,other,,,8.638246536254883,6.5419464111328125,-0.06572782248258591,-4.0032278299331665,,0.9552609572059901,3.9375000074505806,True,3, des|ast|re,right,right,known,True,7.590096473693848,m,True,True,m,True
es,jardín,m,garden,single,wiktionary:kaikki@2026-10-03,high,4.56,garden,,,,other,,,7.853355407714844,5.066057205200195,-0.02553869877010584,-5.275538682937622,,0.980084617778629,5.249999984167516,True,3, j|ard|ín,right,right,known,True,6.4597063064575195,m,True,True,m,True
es,cabello,m,hair,single,wiktionary:kaikki@2026-10-03,high,4.54,hair (mass of hairs),,,,o,yes,,5.898781776428223,5.329961776733398,-0.0240846099331975,-4.961584568023682,,0.9833444267718199,4.937499958090484,True,2, cabel|lo,right,right,known,True,5.6143717765808105,m,True,True,m,True
es,barco,m,boat,single,wiktionary:kaikki@2026-10-03,high,4.52,boat (usually with a concave hull),,,,o,yes,,6.105878829956055,5.727526664733887,-0.026393229607492685,-4.526393294334412,,0.9869352465910337,4.500000064726919,True,2, bar|co,right,right,known,True,5.916702747344971,m,True,True,m,True
es,entrenamiento,m,training,single,wiktionary:kaikki@2026-10-03,high,4.5,"training, workout",,,,o,yes,,5.351820945739746,4.074497222900391,-0.041004303842782974,-3.8535043001174927,,0.9810784113993847,3.8124999962747097,True,2, entren|amiento,right,right,known,True,4.713159084320068,m,True,True,m,True
es,ley,f,law,single,wiktionary:kaikki@2026-10-03,high,5.6,law (a well-established characteristic of nature),,,,other,,,-6.816405296325684,-9.336874008178711,-1.8517666459083557,-0.22676664218306541,,0.9801723972177689,-1.6250000037252903,True,1, ley,right,right,known,True,-8.076639652252197,f,True,True,f,True
es,muerte,f,death,single,wiktionary:kaikki@2026-10-03,high,5.43,death (the cessation of life),,,,other,,,-5.783995628356934,-4.622100830078125,-4.8415751457214355,-0.029075096361339092,,0.9796242511198068,-4.8125000493600965,True,2, mu|erte,right,right,known,True,-5.203048229217529,f,True,True,f,True
es,imagen,f,image,single,wiktionary:kaikki@2026-10-03,high,5.2,image,,,,other,,,-7.612338066101074,-5.234164237976074,-2.8640730381011963,-0.11407300643622875,,0.9600580548329263,-2.7500000316649675,True,1, imagen,right,right,known,True,-6.423251152038574,f,True,True,f,True
es,investigación,f,investigation,single,wiktionary:kaikki@2026-10-03,high,5.17,investigation,,,,other,,,-5.959573745727539,-4.771283149719238,-4.170390248298645,-0.04539019428193569,,0.9730262218575387,-4.125000054016709,True,1, investigación,right,right,known,True,-5.365428447723389,f,True,True,f,True
es,producción,f,production,single,wiktionary:kaikki@2026-10-03,high,5.15,production,,,,other,,,-5.513859748840332,-4.108057022094727,-4.040038347244263,-0.040038442239165306,,0.980573915769821,-3.9999999050050974,True,1, producción,right,right,known,True,-4.810958385467529,f,True,True,f,True
es,crisis,f,crisis,single,wiktionary:kaikki@2026-10-03,high,5.02,crisis,,,,other,,,-5.882781028747559,-3.9875354766845703,-4.923198699951172,-0.048198603093624115,,0.9607436416483983,-4.875000096857548,True,1, crisis,right,right,known,True,-4.9351582527160645,f,True,True,f,True
es,fiesta,f,party,single,wiktionary:kaikki@2026-10-03,high,4.99,party,,,,a,yes,,-6.477383613586426,-5.791818618774414,-4.595656156539917,-0.03315616212785244,,0.9784549228320445,-4.5624999944120646,True,2, fi|esta,right,right,known,True,-6.13460111618042,f,True,True,f,True
es,democracia,f,democracy,single,wiktionary:kaikki@2026-10-03,high,4.93,democracy (rule by the people),,,,a,yes,,-6.455710411071777,-5.099205017089844,-6.0181639194488525,-0.018163965083658695,,0.9846075489012832,-5.999999954365194,True,2, democr|acia,right,right,known,True,-5.7774577140808105,f,True,True,f,True
es,caja,f,box,single,wiktionary:kaikki@2026-10-03,high,4.82,"box, case",,,,a,yes,,-4.727041244506836,-8.205848693847656,-2.6558611392974854,-0.09336112439632416,,0.9843097343478089,-2.562500014901161,True,2, c|aja,right,right,known,True,-6.466444969177246,f,True,True,f,True
es,intención,f,intention,single,wiktionary:kaikki@2026-10-03,high,4.76,intention,,,,other,,,-6.40397834777832,-7.2583513259887695,-3.982404589653015,-0.04490445367991924,,0.9765190744031482,-3.937500135973096,True,2, int|ención,right,right,known,True,-6.831164836883545,f,True,True,f,True
es,biblioteca,f,library,single,wiktionary:kaikki@2026-10-03,high,4.69,library,,,,a,yes,,-5.007328033447266,-5.880061149597168,-4.344402551651001,-0.03190257307142019,,0.9816052512340248,-4.312499978579581,True,2, bibli|oteca,right,right,known,True,-5.443694591522217,f,True,True,f,True
es,frase,f,phrase,single,wiktionary:kaikki@2026-10-03,high,4.68,phrase,,,,other,,,-5.375934600830078,-7.284784317016602,-3.7537401914596558,-0.06624029390513897,,0.9673443932586723,-3.687499897554517,True,1, frase,right,right,known,True,-6.33035945892334,f,True,True,f,True
es,presidencia,f,presidency,single,wiktionary:kaikki@2026-10-03,high,4.68,presidency,,,,a,yes,,-5.077948570251465,-3.784526824951172,-4.402575254440308,-0.027575270272791386,,0.9854302447539822,-4.374999984167516,True,3, pres|id|encia,right,right,known,True,-4.431237697601318,f,True,True,f,True
es,vivienda,f,housing,single,wiktionary:kaikki@2026-10-03,high,4.61,"housing, dwelling",,,,a,yes,,-6.010580062866211,-4.633689880371094,-3.66931414604187,-0.04431409761309624,,0.9839137544624119,-3.625000048428774,True,2, viv|ienda,right,right,known,True,-5.322134971618652,f,True,True,f,True
es,disposición,f,disposal,single,wiktionary:kaikki@2026-10-03,high,4.61,disposal,,,,other,,,-5.381504058837891,-6.466960906982422,-3.9526007175445557,-0.077600859105587,,0.948434816927515,-3.8749998584389687,True,2, dispos|ición,right,right,known,True,-5.924232482910156,f,True,True,f,True
es,filosofía,f,philosophy,single,wiktionary:kaikki@2026-10-03,high,4.59,philosophy,,,,a,yes,,-6.312714576721191,-7.861031532287598,-3.8606061935424805,-0.04810617305338383,,0.9744529687765866,-3.8125000204890966,True,4, fil|os|of|ía,right,right,known,True,-7.0868730545043945,f,True,True,f,True
es,peña,f,rock,single,wiktionary:kaikki@2026-10-03,high,4.56,"a rock, stone, cliff or outcropping",,,,a,yes,,-3.7866506576538086,-3.266786575317383,-1.898364543914795,-0.27336452901363373,,0.9762458802037425,-1.6250000149011612,True,2, pe|ña,right,right,known,True,-3.5267186164855957,f,True,True,f,True
es,temperatura,f,temperature,single,wiktionary:kaikki@2026-10-03,high,4.55,temperature,,,,a,yes,,-6.102581977844238,-6.151010513305664,-4.9646265506744385,-0.02712639421224594,,0.9819234848720371,-4.9375001564621925,True,1, temperatura,right,right,known,True,-6.126796245574951,f,True,True,f,True
es,variedad,f,variety,single,wiktionary:kaikki@2026-10-03,high,4.55,variety,,,,other,,,-6.456296920776367,-8.729381561279297,-3.9692784547805786,-0.09427841380238533,,0.9302748405692933,-3.8750000409781933,True,2, varied|ad,right,right,known,True,-7.592839241027832,f,True,True,f,True
es,ventaja,f,advantage,single,wiktionary:kaikki@2026-10-03,high,4.51,"advantage, upper hand, edge",,,,a,yes,,-6.999164581298828,-6.555941581726074,-4.220667362213135,-0.033167481422424316,,0.9834728981549741,-4.1874998807907104,True,2, vent|aja,right,right,known,True,-6.777553081512451,f,True,True,f,True
